time,price_A,price_B
2024-04-15 09:00:00,3249.32,2.345e-05
2024-04-15 09:00:12,3248.65,2.343e-05
2024-04-15 09:00:24,3250.21,2.342e-05
2024-04-15 09:00:36,3249.49,2.34e-05
2024-04-15 09:00:48,3250.7,2.342e-05
2024-04-15 09:01:00,3249.6,2.34e-05
2024-04-15 09:01:12,3248.45,2.338e-05
2024-04-15 09:01:24,3246.6,2.335e-05
2024-04-15 09:01:36,3246.29,2.332e-05
2024-04-15 09:01:48,3247.04,2.33e-05
2024-04-15 09:02:00,3246.51,2.329e-05
2024-04-15 09:02:12,3243.39,2.322e-05
2024-04-15 09:02:24,3241.75,2.324e-05
2024-04-15 09:02:36,3241.33,2.324e-05
2024-04-15 09:02:48,3240.79,2.319e-05
2024-04-15 09:03:00,3241.2,2.32e-05
2024-04-15 09:03:12,3240.5,2.32e-05
2024-04-15 09:03:24,3241.36,2.321e-05
2024-04-15 09:03:36,3240.88,2.322e-05
2024-04-15 09:03:48,3240.58,2.32e-05
2024-04-15 09:04:00,3239.9,2.321e-05
2024-04-15 09:04:12,3239.66,2.32e-05
2024-04-15 09:04:24,3238.8,2.319e-05
2024-04-15 09:04:36,3238.22,2.32e-05
2024-04-15 09:04:48,3239.14,2.321e-05
2024-04-15 09:05:00,3239.11,2.321e-05
2024-04-15 09:05:12,3238.44,2.322e-05
2024-04-15 09:05:24,3238.44,2.322e-05
2024-04-15 09:05:36,3238.75,2.323e-05
2024-04-15 09:05:48,3240.45,2.326e-05
2024-04-15 09:06:00,3238.96,2.325e-05
2024-04-15 09:06:12,3236.83,2.32e-05
2024-04-15 09:06:24,3236.52,2.32e-05
2024-04-15 09:06:36,3237.45,2.322e-05
2024-04-15 09:06:48,3236.4,2.32e-05
2024-04-15 09:07:00,3236.94,2.32e-05
2024-04-15 09:07:12,3236.66,2.317e-05
2024-04-15 09:07:24,3237.35,2.32e-05
2024-04-15 09:07:36,3237.68,2.323e-05
2024-04-15 09:07:48,3236.95,2.323e-05
2024-04-15 09:08:00,3237.28,2.322e-05
2024-04-15 09:08:12,3236.39,2.321e-05
2024-04-15 09:08:24,3234.94,2.32e-05
2024-04-15 09:08:36,3238.06,2.326e-05
2024-04-15 09:08:48,3238.06,2.326e-05
2024-04-15 09:09:00,3238.47,2.327e-05
2024-04-15 09:09:12,3237.1,2.326e-05
2024-04-15 09:09:24,3238.1,2.326e-05
2024-04-15 09:09:36,3238.94,2.328e-05
2024-04-15 09:09:48,3240.1,2.329e-05
2024-04-15 09:10:00,3240.25,2.329e-05
2024-04-15 09:10:12,3240.18,2.328e-05
2024-04-15 09:10:24,3241.74,2.332e-05
2024-04-15 09:10:36,3241.95,2.334e-05
2024-04-15 09:10:48,3245.53,2.337e-05
2024-04-15 09:11:00,3244.46,2.334e-05
2024-04-15 09:11:12,3244.75,2.334e-05
2024-04-15 09:11:24,3245.49,2.334e-05
2024-04-15 09:11:36,3243.78,2.333e-05
2024-04-15 09:11:48,3243.87,2.334e-05
2024-04-15 09:12:00,3242.22,2.334e-05
2024-04-15 09:12:12,3242.46,2.334e-05
2024-04-15 09:12:24,3241.85,2.334e-05
2024-04-15 09:12:36,3241.22,2.332e-05
2024-04-15 09:12:48,3242.22,2.334e-05
2024-04-15 09:13:00,3243.04,2.334e-05
2024-04-15 09:13:12,3243.35,2.335e-05
2024-04-15 09:13:24,3243.1,2.334e-05
2024-04-15 09:13:36,3243.35,2.337e-05
2024-04-15 09:13:48,3245.0,2.338e-05
2024-04-15 09:14:00,3245.1,2.339e-05
2024-04-15 09:14:12,3245.38,2.339e-05
2024-04-15 09:14:24,3243.61,2.335e-05
2024-04-15 09:14:36,3243.24,2.336e-05
2024-04-15 09:14:48,3244.49,2.337e-05
2024-04-15 09:15:00,3244.1,2.335e-05
2024-04-15 09:15:12,3244.19,2.335e-05
2024-04-15 09:15:24,3243.2,2.332e-05
2024-04-15 09:15:36,3242.9,2.331e-05
2024-04-15 09:15:48,3243.84,2.334e-05
2024-04-15 09:16:00,3244.74,2.334e-05
2024-04-15 09:16:12,3247.24,2.336e-05
2024-04-15 09:16:24,3246.2,2.336e-05
2024-04-15 09:16:36,3247.43,2.339e-05
2024-04-15 09:16:48,3247.21,2.337e-05
2024-04-15 09:17:00,3246.26,2.336e-05
2024-04-15 09:17:12,3245.71,2.335e-05
2024-04-15 09:17:24,3246.28,2.336e-05
2024-04-15 09:17:36,3245.15,2.335e-05
2024-04-15 09:17:48,3244.37,2.334e-05
2024-04-15 09:18:00,3243.61,2.334e-05
2024-04-15 09:18:12,3244.44,2.336e-05
2024-04-15 09:18:24,3246.18,2.338e-05
2024-04-15 09:18:36,3246.29,2.339e-05
2024-04-15 09:18:48,3246.29,2.34e-05
2024-04-15 09:19:00,3245.23,2.34e-05
2024-04-15 09:19:12,3245.46,2.341e-05
2024-04-15 09:19:24,3247.6,2.345e-05
2024-04-15 09:19:36,3247.23,2.345e-05
2024-04-15 09:19:48,3247.24,2.344e-05
2024-04-15 09:20:00,3247.06,2.345e-05
2024-04-15 09:20:12,3247.37,2.345e-05
2024-04-15 09:20:24,3249.1,2.347e-05
2024-04-15 09:20:36,3250.99,2.349e-05
2024-04-15 09:20:48,3250.99,2.348e-05
2024-04-15 09:21:00,3250.16,2.347e-05
2024-04-15 09:21:12,3250.64,2.35e-05
2024-04-15 09:21:24,3251.52,2.348e-05
2024-04-15 09:21:36,3250.72,2.348e-05
2024-04-15 09:21:48,3250.59,2.35e-05
2024-04-15 09:22:00,3251.59,2.351e-05
2024-04-15 09:22:12,3257.31,2.358e-05
2024-04-15 09:22:24,3255.86,2.358e-05
2024-04-15 09:22:36,3256.62,2.36e-05
2024-04-15 09:22:48,3256.65,2.359e-05
2024-04-15 09:23:00,3256.38,2.358e-05
2024-04-15 09:23:12,3258.46,2.358e-05
2024-04-15 09:23:24,3256.54,2.354e-05
2024-04-15 09:23:36,3254.66,2.353e-05
2024-04-15 09:23:48,3254.23,2.353e-05
2024-04-15 09:24:00,3254.16,2.352e-05
2024-04-15 09:24:12,3252.68,2.348e-05
2024-04-15 09:24:24,3251.96,2.347e-05
2024-04-15 09:24:36,3252.05,2.348e-05
2024-04-15 09:24:48,3248.77,2.345e-05
2024-04-15 09:25:00,3249.06,2.345e-05
2024-04-15 09:25:12,3249.84,2.347e-05
2024-04-15 09:25:24,3252.25,2.35e-05
2024-04-15 09:25:36,3252.47,2.349e-05
2024-04-15 09:25:48,3250.8,2.345e-05
2024-04-15 09:26:00,3251.44,2.348e-05
2024-04-15 09:26:12,3252.88,2.349e-05
2024-04-15 09:26:24,3252.71,2.35e-05
2024-04-15 09:26:36,3252.72,2.352e-05
2024-04-15 09:26:48,3252.16,2.352e-05
2024-04-15 09:27:00,3252.59,2.352e-05
2024-04-15 09:27:12,3253.36,2.354e-05
2024-04-15 09:27:24,3253.2,2.354e-05
2024-04-15 09:27:36,3253.34,2.354e-05
2024-04-15 09:27:48,3253.85,2.354e-05
2024-04-15 09:28:00,3253.65,2.354e-05
2024-04-15 09:28:12,3254.05,2.353e-05
2024-04-15 09:28:24,3254.17,2.354e-05
2024-04-15 09:28:36,3251.17,2.35e-05
2024-04-15 09:28:48,3250.5,2.35e-05
2024-04-15 09:29:00,3251.04,2.35e-05
2024-04-15 09:29:12,3249.65,2.347e-05
2024-04-15 09:29:24,3249.26,2.347e-05
2024-04-15 09:29:36,3249.21,2.348e-05
2024-04-15 09:29:48,3248.49,2.348e-05
2024-04-15 09:30:00,3250.06,2.35e-05
2024-04-15 09:30:12,3249.37,2.347e-05
2024-04-15 09:30:24,3247.74,2.346e-05
2024-04-15 09:30:36,3247.44,2.345e-05
2024-04-15 09:30:48,3246.68,2.345e-05
2024-04-15 09:31:00,3247.59,2.346e-05
2024-04-15 09:31:12,3246.01,2.344e-05
2024-04-15 09:31:24,3245.13,2.342e-05
2024-04-15 09:31:36,3245.84,2.342e-05
2024-04-15 09:31:48,3244.76,2.341e-05
2024-04-15 09:32:00,3246.34,2.341e-05
2024-04-15 09:32:12,3246.69,2.341e-05
2024-04-15 09:32:24,3248.96,2.345e-05
2024-04-15 09:32:36,3249.55,2.345e-05
2024-04-15 09:32:48,3250.6,2.346e-05
2024-04-15 09:33:00,3249.99,2.345e-05
2024-04-15 09:33:12,3248.87,2.345e-05
2024-04-15 09:33:24,3250.0,2.347e-05
2024-04-15 09:33:36,3248.77,2.346e-05
2024-04-15 09:33:48,3247.03,2.345e-05
2024-04-15 09:34:00,3246.7,2.345e-05
2024-04-15 09:34:12,3246.57,2.343e-05
2024-04-15 09:34:24,3247.15,2.346e-05
2024-04-15 09:34:36,3247.46,2.345e-05
2024-04-15 09:34:48,3247.3,2.345e-05
2024-04-15 09:35:00,3247.99,2.345e-05
2024-04-15 09:35:12,3249.3,2.347e-05
2024-04-15 09:35:24,3250.35,2.349e-05
2024-04-15 09:35:36,3250.11,2.348e-05
2024-04-15 09:35:48,3248.1,2.346e-05
2024-04-15 09:36:00,3247.23,2.346e-05
2024-04-15 09:36:12,3247.14,2.344e-05
2024-04-15 09:36:24,3248.49,2.348e-05
2024-04-15 09:36:36,3249.8,2.348e-05
2024-04-15 09:36:48,3249.35,2.348e-05
2024-04-15 09:37:00,3249.36,2.349e-05
2024-04-15 09:37:12,3251.2,2.352e-05
2024-04-15 09:37:24,3251.79,2.353e-05
2024-04-15 09:37:36,3250.06,2.351e-05
2024-04-15 09:37:48,3250.03,2.35e-05
2024-04-15 09:38:00,3250.34,2.351e-05
2024-04-15 09:38:12,3249.6,2.348e-05
2024-04-15 09:38:24,3249.48,2.348e-05
2024-04-15 09:38:36,3251.82,2.35e-05
2024-04-15 09:38:48,3252.42,2.352e-05
2024-04-15 09:39:00,3251.95,2.351e-05
2024-04-15 09:39:12,3251.35,2.349e-05
2024-04-15 09:39:24,3251.69,2.349e-05
2024-04-15 09:39:36,3250.6,2.349e-05
2024-04-15 09:39:48,3251.7,2.35e-05
2024-04-15 09:40:00,3251.74,2.349e-05
2024-04-15 09:40:12,3252.37,2.349e-05
2024-04-15 09:40:24,3252.74,2.35e-05
2024-04-15 09:40:36,3253.65,2.352e-05
2024-04-15 09:40:48,3254.47,2.353e-05
2024-04-15 09:41:00,3254.21,2.353e-05
2024-04-15 09:41:12,3253.36,2.351e-05
2024-04-15 09:41:24,3254.96,2.354e-05
2024-04-15 09:41:36,3254.59,2.355e-05
2024-04-15 09:41:48,3254.37,2.355e-05
2024-04-15 09:42:00,3252.84,2.354e-05
2024-04-15 09:42:12,3253.78,2.354e-05
2024-04-15 09:42:24,3254.37,2.356e-05
2024-04-15 09:42:36,3254.37,2.355e-05
2024-04-15 09:42:48,3256.79,2.357e-05
2024-04-15 09:43:00,3257.0,2.359e-05
2024-04-15 09:43:12,3256.36,2.357e-05
2024-04-15 09:43:24,3255.41,2.358e-05
2024-04-15 09:43:36,3257.05,2.359e-05
2024-04-15 09:43:48,3258.21,2.359e-05
2024-04-15 09:44:00,3257.83,2.359e-05
2024-04-15 09:44:12,3257.52,2.36e-05
2024-04-15 09:44:24,3258.2,2.36e-05
2024-04-15 09:44:36,3258.0,2.359e-05
2024-04-15 09:44:48,3255.55,2.357e-05
2024-04-15 09:45:00,3255.14,2.358e-05
2024-04-15 09:45:12,3257.61,2.36e-05
2024-04-15 09:45:24,3258.66,2.362e-05
2024-04-15 09:45:36,3257.97,2.362e-05
2024-04-15 09:45:48,3258.02,2.362e-05
2024-04-15 09:46:00,3257.01,2.362e-05
2024-04-15 09:46:12,3256.49,2.362e-05
2024-04-15 09:46:24,3256.42,2.363e-05
2024-04-15 09:46:36,3256.91,2.364e-05
2024-04-15 09:46:48,3257.9,2.365e-05
2024-04-15 09:47:00,3256.21,2.364e-05
2024-04-15 09:47:12,3255.96,2.363e-05
2024-04-15 09:47:24,3255.29,2.36e-05
2024-04-15 09:47:36,3256.65,2.362e-05
2024-04-15 09:47:48,3255.93,2.36e-05
2024-04-15 09:48:00,3255.46,2.358e-05
2024-04-15 09:48:12,3258.13,2.361e-05
2024-04-15 09:48:24,3258.04,2.361e-05
2024-04-15 09:48:36,3258.44,2.36e-05
2024-04-15 09:48:48,3257.36,2.361e-05
2024-04-15 09:49:00,3257.25,2.36e-05
2024-04-15 09:49:12,3259.87,2.363e-05
2024-04-15 09:49:24,3261.95,2.363e-05
2024-04-15 09:49:36,3261.0,2.363e-05
2024-04-15 09:49:48,3260.49,2.361e-05
2024-04-15 09:50:00,3260.95,2.361e-05
2024-04-15 09:50:12,3262.26,2.361e-05
2024-04-15 09:50:24,3261.29,2.36e-05
2024-04-15 09:50:36,3259.48,2.359e-05
2024-04-15 09:50:48,3258.85,2.359e-05
2024-04-15 09:51:00,3258.9,2.358e-05
2024-04-15 09:51:12,3258.01,2.357e-05
2024-04-15 09:51:24,3259.09,2.357e-05
2024-04-15 09:51:36,3258.62,2.357e-05
2024-04-15 09:51:48,3258.15,2.357e-05
2024-04-15 09:52:00,3257.25,2.357e-05
2024-04-15 09:52:12,3258.19,2.357e-05
2024-04-15 09:52:24,3258.14,2.356e-05
2024-04-15 09:52:36,3257.37,2.355e-05
2024-04-15 09:52:48,3257.49,2.354e-05
2024-04-15 09:53:00,3257.41,2.355e-05
2024-04-15 09:53:12,3257.73,2.354e-05
2024-04-15 09:53:24,3255.99,2.353e-05
2024-04-15 09:53:36,3255.89,2.353e-05
2024-04-15 09:53:48,3256.56,2.352e-05
2024-04-15 09:54:00,3257.06,2.353e-05
2024-04-15 09:54:12,3257.9,2.354e-05
2024-04-15 09:54:24,3258.52,2.355e-05
2024-04-15 09:54:36,3258.85,2.353e-05
2024-04-15 09:54:48,3259.2,2.355e-05
2024-04-15 09:55:00,3259.58,2.355e-05
2024-04-15 09:55:12,3259.01,2.354e-05
2024-04-15 09:55:24,3258.22,2.352e-05
2024-04-15 09:55:36,3259.19,2.354e-05
2024-04-15 09:55:48,3258.47,2.352e-05
2024-04-15 09:56:00,3258.56,2.352e-05
2024-04-15 09:56:12,3259.07,2.353e-05
2024-04-15 09:56:24,3258.25,2.352e-05
2024-04-15 09:56:36,3255.56,2.352e-05
2024-04-15 09:56:48,3255.4,2.351e-05
2024-04-15 09:57:00,3256.3,2.353e-05
2024-04-15 09:57:12,3255.25,2.351e-05
2024-04-15 09:57:24,3253.15,2.35e-05
2024-04-15 09:57:36,3253.05,2.35e-05
2024-04-15 09:57:48,3253.05,2.35e-05
2024-04-15 09:58:00,3253.05,2.35e-05
2024-04-15 09:58:12,3254.06,2.351e-05
2024-04-15 09:58:24,3254.31,2.352e-05
2024-04-15 09:58:36,3254.49,2.351e-05
2024-04-15 09:58:48,3254.32,2.351e-05
2024-04-15 09:59:00,3253.71,2.351e-05
2024-04-15 09:59:12,3253.99,2.351e-05
2024-04-15 09:59:24,3254.41,2.351e-05
2024-04-15 09:59:36,3253.8,2.35e-05
2024-04-15 09:59:48,3254.47,2.35e-05
2024-04-15 10:00:00,3254.47,2.35e-05
2024-04-15 10:00:12,3256.31,2.352e-05
2024-04-15 10:00:24,3253.85,2.349e-05
2024-04-15 10:00:36,3252.84,2.348e-05
2024-04-15 10:00:48,3251.7,2.346e-05
2024-04-15 10:01:00,3250.92,2.347e-05
2024-04-15 10:01:12,3251.81,2.347e-05
2024-04-15 10:01:24,3252.18,2.347e-05
2024-04-15 10:01:36,3251.3,2.345e-05
2024-04-15 10:01:48,3251.14,2.344e-05
2024-04-15 10:02:00,3252.71,2.346e-05
2024-04-15 10:02:12,3252.6,2.346e-05
2024-04-15 10:02:24,3253.01,2.348e-05
2024-04-15 10:02:36,3253.3,2.35e-05
2024-04-15 10:02:48,3253.31,2.351e-05
2024-04-15 10:03:00,3253.46,2.351e-05
2024-04-15 10:03:12,3252.01,2.35e-05
2024-04-15 10:03:24,3251.76,2.349e-05
2024-04-15 10:03:36,3252.01,2.351e-05
2024-04-15 10:03:48,3251.16,2.353e-05
2024-04-15 10:04:00,3251.8,2.355e-05
2024-04-15 10:04:12,3252.69,2.357e-05
2024-04-15 10:04:24,3252.96,2.357e-05
2024-04-15 10:04:36,3253.22,2.358e-05
2024-04-15 10:04:48,3253.94,2.36e-05
2024-04-15 10:05:00,3254.51,2.36e-05
2024-04-15 10:05:12,3253.36,2.358e-05
2024-04-15 10:05:24,3253.52,2.357e-05
2024-04-15 10:05:36,3253.87,2.357e-05
2024-04-15 10:05:48,3254.14,2.357e-05
2024-04-15 10:06:00,3254.14,2.357e-05
2024-04-15 10:06:12,3255.62,2.359e-05
2024-04-15 10:06:24,3256.15,2.359e-05
2024-04-15 10:06:36,3254.81,2.357e-05
2024-04-15 10:06:48,3253.8,2.354e-05
2024-04-15 10:07:00,3254.09,2.356e-05
2024-04-15 10:07:12,3256.03,2.357e-05
2024-04-15 10:07:24,3257.56,2.358e-05
2024-04-15 10:07:36,3257.2,2.358e-05
2024-04-15 10:07:48,3257.3,2.358e-05
2024-04-15 10:08:00,3257.51,2.358e-05
2024-04-15 10:08:12,3257.33,2.36e-05
2024-04-15 10:08:24,3257.34,2.36e-05
2024-04-15 10:08:36,3256.21,2.357e-05
2024-04-15 10:08:48,3256.65,2.359e-05
2024-04-15 10:09:00,3256.99,2.359e-05
2024-04-15 10:09:12,3258.74,2.361e-05
2024-04-15 10:09:24,3257.21,2.36e-05
2024-04-15 10:09:36,3257.5,2.359e-05
2024-04-15 10:09:48,3258.0,2.359e-05
2024-04-15 10:10:00,3258.74,2.359e-05
2024-04-15 10:10:12,3259.15,2.359e-05
2024-04-15 10:10:24,3259.69,2.36e-05
2024-04-15 10:10:36,3259.94,2.361e-05
2024-04-15 10:10:48,3259.69,2.361e-05
2024-04-15 10:11:00,3260.11,2.361e-05
2024-04-15 10:11:12,3260.52,2.359e-05
2024-04-15 10:11:24,3259.18,2.358e-05
2024-04-15 10:11:36,3260.51,2.36e-05
2024-04-15 10:11:48,3257.2,2.357e-05
2024-04-15 10:12:00,3255.75,2.355e-05
2024-04-15 10:12:12,3256.4,2.355e-05
2024-04-15 10:12:24,3255.42,2.355e-05
2024-04-15 10:12:36,3255.41,2.356e-05
2024-04-15 10:12:48,3255.64,2.356e-05
2024-04-15 10:13:00,3256.08,2.356e-05
2024-04-15 10:13:12,3255.66,2.356e-05
2024-04-15 10:13:24,3256.18,2.357e-05
2024-04-15 10:13:36,3255.65,2.357e-05
2024-04-15 10:13:48,3255.8,2.357e-05
2024-04-15 10:14:00,3255.99,2.359e-05
2024-04-15 10:14:12,3256.0,2.359e-05
2024-04-15 10:14:24,3256.07,2.36e-05
2024-04-15 10:14:36,3256.42,2.361e-05
2024-04-15 10:14:48,3258.59,2.361e-05
2024-04-15 10:15:00,3258.54,2.362e-05
2024-04-15 10:15:12,3260.59,2.362e-05
2024-04-15 10:15:24,3259.25,2.362e-05
2024-04-15 10:15:36,3259.27,2.359e-05
2024-04-15 10:15:48,3258.67,2.357e-05
2024-04-15 10:16:00,3258.0,2.355e-05
2024-04-15 10:16:12,3256.6,2.353e-05
2024-04-15 10:16:24,3256.01,2.352e-05
2024-04-15 10:16:36,3255.25,2.351e-05
2024-04-15 10:16:48,3256.42,2.352e-05
2024-04-15 10:17:00,3257.95,2.355e-05
2024-04-15 10:17:12,3258.68,2.357e-05
2024-04-15 10:17:24,3257.23,2.355e-05
2024-04-15 10:17:36,3256.85,2.356e-05
2024-04-15 10:17:48,3257.99,2.358e-05
2024-04-15 10:18:00,3257.17,2.357e-05
2024-04-15 10:18:12,3257.15,2.357e-05
2024-04-15 10:18:24,3255.05,2.354e-05
2024-04-15 10:18:36,3254.96,2.354e-05
2024-04-15 10:18:48,3254.12,2.354e-05
2024-04-15 10:19:00,3252.45,2.352e-05
2024-04-15 10:19:12,3250.95,2.35e-05
2024-04-15 10:19:24,3250.51,2.349e-05
2024-04-15 10:19:36,3251.99,2.35e-05
2024-04-15 10:19:48,3252.69,2.354e-05
2024-04-15 10:20:00,3253.94,2.353e-05
2024-04-15 10:20:12,3253.06,2.354e-05
2024-04-15 10:20:24,3254.6,2.357e-05
2024-04-15 10:20:36,3253.6,2.357e-05
2024-04-15 10:20:48,3253.7,2.35e-05
2024-04-15 10:21:00,3255.21,2.347e-05
2024-04-15 10:21:12,3255.31,2.348e-05
2024-04-15 10:21:24,3254.6,2.345e-05
2024-04-15 10:21:36,3254.16,2.345e-05
2024-04-15 10:21:48,3254.95,2.348e-05
2024-04-15 10:22:00,3253.99,2.348e-05
2024-04-15 10:22:12,3254.39,2.35e-05
2024-04-15 10:22:24,3256.1,2.352e-05
2024-04-15 10:22:36,3254.99,2.352e-05
2024-04-15 10:22:48,3254.4,2.35e-05
2024-04-15 10:23:00,3255.24,2.352e-05
2024-04-15 10:23:12,3256.78,2.354e-05
2024-04-15 10:23:24,3257.16,2.354e-05
2024-04-15 10:23:36,3256.21,2.353e-05
2024-04-15 10:23:48,3255.76,2.353e-05
2024-04-15 10:24:00,3255.75,2.354e-05
2024-04-15 10:24:12,3255.35,2.352e-05
2024-04-15 10:24:24,3254.31,2.353e-05
2024-04-15 10:24:36,3254.31,2.353e-05
2024-04-15 10:24:48,3254.96,2.354e-05
2024-04-15 10:25:00,3255.0,2.356e-05
2024-04-15 10:25:12,3254.51,2.353e-05
2024-04-15 10:25:24,3254.5,2.354e-05
2024-04-15 10:25:36,3254.78,2.354e-05
2024-04-15 10:25:48,3254.93,2.353e-05
2024-04-15 10:26:00,3254.56,2.355e-05
2024-04-15 10:26:12,3253.6,2.354e-05
2024-04-15 10:26:24,3253.61,2.354e-05
2024-04-15 10:26:36,3254.31,2.355e-05
2024-04-15 10:26:48,3253.66,2.355e-05
2024-04-15 10:27:00,3253.59,2.355e-05
2024-04-15 10:27:12,3253.46,2.354e-05
2024-04-15 10:27:24,3253.46,2.354e-05
2024-04-15 10:27:36,3254.7,2.356e-05
2024-04-15 10:27:48,3255.45,2.357e-05
2024-04-15 10:28:00,3256.1,2.358e-05
2024-04-15 10:28:12,3256.94,2.358e-05
2024-04-15 10:28:24,3256.74,2.357e-05
2024-04-15 10:28:36,3255.71,2.355e-05
2024-04-15 10:28:48,3256.01,2.355e-05
2024-04-15 10:29:00,3257.18,2.357e-05
2024-04-15 10:29:12,3255.57,2.356e-05
2024-04-15 10:29:24,3254.31,2.353e-05
2024-04-15 10:29:36,3252.85,2.353e-05
2024-04-15 10:29:48,3252.85,2.353e-05
2024-04-15 10:30:00,3252.85,2.353e-05
2024-04-15 10:30:12,3252.6,2.354e-05
2024-04-15 10:30:24,3252.82,2.352e-05
2024-04-15 10:30:36,3252.79,2.353e-05
2024-04-15 10:30:48,3254.99,2.355e-05
2024-04-15 10:31:00,3253.36,2.357e-05
2024-04-15 10:31:12,3255.09,2.358e-05
2024-04-15 10:31:24,3255.15,2.359e-05
2024-04-15 10:31:36,3253.8,2.357e-05
2024-04-15 10:31:48,3252.89,2.357e-05
2024-04-15 10:32:00,3252.36,2.357e-05
2024-04-15 10:32:12,3252.17,2.356e-05
2024-04-15 10:32:24,3251.85,2.356e-05
2024-04-15 10:32:36,3251.77,2.355e-05
2024-04-15 10:32:48,3253.05,2.356e-05
2024-04-15 10:33:00,3253.0,2.357e-05
2024-04-15 10:33:12,3254.05,2.36e-05
2024-04-15 10:33:24,3252.6,2.357e-05
2024-04-15 10:33:36,3252.59,2.356e-05
2024-04-15 10:33:48,3253.29,2.358e-05
2024-04-15 10:34:00,3253.36,2.359e-05
2024-04-15 10:34:12,3253.02,2.359e-05
2024-04-15 10:34:24,3252.69,2.359e-05
2024-04-15 10:34:36,3251.87,2.357e-05
2024-04-15 10:34:48,3251.83,2.357e-05
2024-04-15 10:35:00,3252.79,2.357e-05
2024-04-15 10:35:12,3253.77,2.358e-05
2024-04-15 10:35:24,3255.72,2.36e-05
2024-04-15 10:35:36,3255.21,2.358e-05
2024-04-15 10:35:48,3256.41,2.358e-05
2024-04-15 10:36:00,3255.7,2.358e-05
2024-04-15 10:36:12,3254.58,2.359e-05
2024-04-15 10:36:24,3255.7,2.36e-05
2024-04-15 10:36:36,3253.9,2.358e-05
2024-04-15 10:36:48,3253.35,2.358e-05
2024-04-15 10:37:00,3252.93,2.357e-05
2024-04-15 10:37:12,3252.87,2.356e-05
2024-04-15 10:37:24,3252.29,2.356e-05
2024-04-15 10:37:36,3252.1,2.356e-05
2024-04-15 10:37:48,3253.35,2.358e-05
2024-04-15 10:38:00,3254.0,2.359e-05
2024-04-15 10:38:12,3253.95,2.359e-05
2024-04-15 10:38:24,3253.99,2.361e-05
2024-04-15 10:38:36,3253.9,2.361e-05
2024-04-15 10:38:48,3254.15,2.36e-05
2024-04-15 10:39:00,3253.91,2.362e-05
2024-04-15 10:39:12,3253.06,2.359e-05
2024-04-15 10:39:24,3252.85,2.358e-05
2024-04-15 10:39:36,3252.25,2.357e-05
2024-04-15 10:39:48,3253.3,2.357e-05
2024-04-15 10:40:00,3253.9,2.358e-05
2024-04-15 10:40:12,3254.89,2.359e-05
2024-04-15 10:40:24,3254.44,2.359e-05
2024-04-15 10:40:36,3254.69,2.358e-05
2024-04-15 10:40:48,3252.51,2.357e-05
2024-04-15 10:41:00,3252.56,2.357e-05
2024-04-15 10:41:12,3251.83,2.355e-05
2024-04-15 10:41:24,3251.31,2.355e-05
2024-04-15 10:41:36,3250.73,2.355e-05
2024-04-15 10:41:48,3251.77,2.354e-05
2024-04-15 10:42:00,3250.8,2.355e-05
2024-04-15 10:42:12,3251.93,2.355e-05
2024-04-15 10:42:24,3251.96,2.357e-05
2024-04-15 10:42:36,3252.03,2.357e-05
2024-04-15 10:42:48,3252.03,2.357e-05
2024-04-15 10:43:00,3252.02,2.358e-05
2024-04-15 10:43:12,3252.0,2.357e-05
2024-04-15 10:43:24,3252.01,2.358e-05
2024-04-15 10:43:36,3252.0,2.358e-05
2024-04-15 10:43:48,3251.5,2.355e-05
2024-04-15 10:44:00,3252.55,2.357e-05
2024-04-15 10:44:12,3254.55,2.359e-05
2024-04-15 10:44:24,3254.2,2.36e-05
2024-04-15 10:44:36,3253.47,2.359e-05
2024-04-15 10:44:48,3253.95,2.359e-05
2024-04-15 10:45:00,3253.95,2.358e-05
2024-04-15 10:45:12,3254.07,2.36e-05
2024-04-15 10:45:24,3255.91,2.362e-05
2024-04-15 10:45:36,3255.51,2.363e-05
2024-04-15 10:45:48,3254.08,2.361e-05
2024-04-15 10:46:00,3253.46,2.36e-05
2024-04-15 10:46:12,3253.46,2.359e-05
2024-04-15 10:46:24,3253.06,2.358e-05
2024-04-15 10:46:36,3252.72,2.356e-05
2024-04-15 10:46:48,3252.66,2.356e-05
2024-04-15 10:47:00,3252.64,2.358e-05
2024-04-15 10:47:12,3254.88,2.359e-05
2024-04-15 10:47:24,3255.08,2.359e-05
2024-04-15 10:47:36,3255.9,2.36e-05
2024-04-15 10:47:48,3257.0,2.361e-05
2024-04-15 10:48:00,3256.99,2.361e-05
2024-04-15 10:48:12,3256.86,2.363e-05
2024-04-15 10:48:24,3256.95,2.361e-05
2024-04-15 10:48:36,3256.59,2.36e-05
2024-04-15 10:48:48,3256.26,2.36e-05
2024-04-15 10:49:00,3256.69,2.359e-05
2024-04-15 10:49:12,3256.2,2.357e-05
2024-04-15 10:49:24,3255.79,2.357e-05
2024-04-15 10:49:36,3256.65,2.357e-05
2024-04-15 10:49:48,3256.82,2.359e-05
2024-04-15 10:50:00,3257.59,2.36e-05
2024-04-15 10:50:12,3256.66,2.359e-05
2024-04-15 10:50:24,3257.0,2.359e-05
2024-04-15 10:50:36,3257.8,2.359e-05
2024-04-15 10:50:48,3258.84,2.361e-05
2024-04-15 10:51:00,3258.47,2.36e-05
2024-04-15 10:51:12,3260.75,2.362e-05
2024-04-15 10:51:24,3260.21,2.361e-05
2024-04-15 10:51:36,3261.5,2.363e-05
2024-04-15 10:51:48,3261.17,2.363e-05
2024-04-15 10:52:00,3261.17,2.362e-05
2024-04-15 10:52:12,3260.86,2.362e-05
2024-04-15 10:52:24,3260.76,2.362e-05
2024-04-15 10:52:36,3260.77,2.362e-05
2024-04-15 10:52:48,3260.79,2.362e-05
2024-04-15 10:53:00,3261.7,2.361e-05
2024-04-15 10:53:12,3261.36,2.359e-05
2024-04-15 10:53:24,3261.59,2.359e-05
2024-04-15 10:53:36,3261.56,2.358e-05
2024-04-15 10:53:48,3261.56,2.357e-05
2024-04-15 10:54:00,3261.0,2.356e-05
2024-04-15 10:54:12,3260.89,2.357e-05
2024-04-15 10:54:24,3260.32,2.357e-05
2024-04-15 10:54:36,3261.04,2.358e-05
2024-04-15 10:54:48,3261.71,2.359e-05
2024-04-15 10:55:00,3261.7,2.36e-05
2024-04-15 10:55:12,3263.23,2.36e-05
2024-04-15 10:55:24,3263.25,2.36e-05
2024-04-15 10:55:36,3263.76,2.361e-05
2024-04-15 10:55:48,3263.65,2.361e-05
2024-04-15 10:56:00,3264.25,2.361e-05
2024-04-15 10:56:12,3266.81,2.363e-05
2024-04-15 10:56:24,3266.9,2.363e-05
2024-04-15 10:56:36,3266.75,2.361e-05
2024-04-15 10:56:48,3266.16,2.361e-05
2024-04-15 10:57:00,3266.54,2.361e-05
2024-04-15 10:57:12,3264.25,2.36e-05
2024-04-15 10:57:24,3264.85,2.36e-05
2024-04-15 10:57:36,3263.9,2.36e-05
2024-04-15 10:57:48,3261.92,2.359e-05
2024-04-15 10:58:00,3261.83,2.358e-05
2024-04-15 10:58:12,3260.91,2.357e-05
2024-04-15 10:58:24,3260.99,2.357e-05
2024-04-15 10:58:36,3260.92,2.357e-05
2024-04-15 10:58:48,3260.99,2.357e-05
2024-04-15 10:59:00,3260.99,2.357e-05
2024-04-15 10:59:12,3260.98,2.357e-05
2024-04-15 10:59:24,3261.55,2.358e-05
2024-04-15 10:59:36,3261.54,2.359e-05
2024-04-15 10:59:48,3261.25,2.357e-05
2024-04-15 11:00:00,3260.64,2.357e-05
2024-04-15 11:00:12,3263.49,2.36e-05
2024-04-15 11:00:24,3264.32,2.362e-05
2024-04-15 11:00:36,3263.16,2.361e-05
2024-04-15 11:00:48,3262.51,2.36e-05
2024-04-15 11:01:00,3262.01,2.36e-05
2024-04-15 11:01:12,3260.34,2.358e-05
2024-04-15 11:01:24,3262.44,2.36e-05
2024-04-15 11:01:36,3265.85,2.364e-05
2024-04-15 11:01:48,3266.61,2.364e-05
2024-04-15 11:02:00,3266.67,2.365e-05
2024-04-15 11:02:12,3266.0,2.363e-05
2024-04-15 11:02:24,3268.29,2.365e-05
2024-04-15 11:02:36,3268.04,2.365e-05
2024-04-15 11:02:48,3266.82,2.364e-05
2024-04-15 11:03:00,3267.15,2.364e-05
2024-04-15 11:03:12,3267.16,2.365e-05
2024-04-15 11:03:24,3267.62,2.367e-05
2024-04-15 11:03:36,3267.12,2.367e-05
2024-04-15 11:03:48,3266.89,2.367e-05
2024-04-15 11:04:00,3266.85,2.366e-05
2024-04-15 11:04:12,3268.59,2.366e-05
2024-04-15 11:04:24,3272.4,2.368e-05
2024-04-15 11:04:36,3272.46,2.368e-05
2024-04-15 11:04:48,3271.66,2.369e-05
2024-04-15 11:05:00,3271.67,2.369e-05
2024-04-15 11:05:12,3276.37,2.373e-05
2024-04-15 11:05:24,3272.47,2.371e-05
2024-04-15 11:05:36,3270.05,2.37e-05
2024-04-15 11:05:48,3268.41,2.37e-05
2024-04-15 11:06:00,3269.29,2.37e-05
2024-04-15 11:06:12,3266.81,2.367e-05
2024-04-15 11:06:24,3267.2,2.366e-05
2024-04-15 11:06:36,3266.16,2.366e-05
2024-04-15 11:06:48,3264.71,2.366e-05
2024-04-15 11:07:00,3262.91,2.363e-05
2024-04-15 11:07:12,3257.94,2.36e-05
2024-04-15 11:07:24,3257.85,2.359e-05
2024-04-15 11:07:36,3259.89,2.36e-05
2024-04-15 11:07:48,3257.46,2.36e-05
2024-04-15 11:08:00,3255.42,2.358e-05
2024-04-15 11:08:12,3255.83,2.357e-05
2024-04-15 11:08:24,3255.94,2.358e-05
2024-04-15 11:08:36,3256.31,2.358e-05
2024-04-15 11:08:48,3255.65,2.356e-05
2024-04-15 11:09:00,3256.34,2.357e-05
2024-04-15 11:09:12,3254.32,2.355e-05
2024-04-15 11:09:24,3256.07,2.355e-05
2024-04-15 11:09:36,3256.46,2.356e-05
2024-04-15 11:09:48,3254.51,2.355e-05
2024-04-15 11:10:00,3252.96,2.353e-05
2024-04-15 11:10:12,3251.01,2.349e-05
2024-04-15 11:10:24,3250.5,2.347e-05
2024-04-15 11:10:36,3251.03,2.348e-05
2024-04-15 11:10:48,3252.28,2.348e-05
2024-04-15 11:11:00,3251.79,2.348e-05
2024-04-15 11:11:12,3249.86,2.346e-05
2024-04-15 11:11:24,3249.85,2.346e-05
2024-04-15 11:11:36,3251.51,2.348e-05
2024-04-15 11:11:48,3250.36,2.347e-05
2024-04-15 11:12:00,3251.12,2.348e-05
2024-04-15 11:12:12,3249.22,2.347e-05
2024-04-15 11:12:24,3250.32,2.348e-05
2024-04-15 11:12:36,3249.68,2.348e-05
2024-04-15 11:12:48,3248.17,2.348e-05
2024-04-15 11:13:00,3247.49,2.348e-05
2024-04-15 11:13:12,3247.92,2.348e-05
2024-04-15 11:13:24,3246.87,2.346e-05
2024-04-15 11:13:36,3247.26,2.347e-05
2024-04-15 11:13:48,3248.23,2.347e-05
2024-04-15 11:14:00,3247.03,2.344e-05
2024-04-15 11:14:12,3246.02,2.346e-05
2024-04-15 11:14:24,3245.01,2.346e-05
2024-04-15 11:14:36,3244.69,2.346e-05
2024-04-15 11:14:48,3244.95,2.347e-05
2024-04-15 11:15:00,3245.58,2.347e-05
2024-04-15 11:15:12,3245.7,2.348e-05
2024-04-15 11:15:24,3245.1,2.348e-05
2024-04-15 11:15:36,3244.79,2.346e-05
2024-04-15 11:15:48,3243.01,2.343e-05
2024-04-15 11:16:00,3241.13,2.343e-05
2024-04-15 11:16:12,3240.5,2.339e-05
2024-04-15 11:16:24,3244.18,2.346e-05
2024-04-15 11:16:36,3244.89,2.346e-05
2024-04-15 11:16:48,3245.58,2.349e-05
2024-04-15 11:17:00,3245.71,2.348e-05
2024-04-15 11:17:12,3247.56,2.349e-05
2024-04-15 11:17:24,3246.71,2.347e-05
2024-04-15 11:17:36,3246.73,2.347e-05
2024-04-15 11:17:48,3247.84,2.349e-05
2024-04-15 11:18:00,3246.72,2.348e-05
2024-04-15 11:18:12,3248.62,2.349e-05
2024-04-15 11:18:24,3248.11,2.348e-05
2024-04-15 11:18:36,3249.94,2.351e-05
2024-04-15 11:18:48,3252.58,2.353e-05
2024-04-15 11:19:00,3255.0,2.354e-05
2024-04-15 11:19:12,3253.94,2.353e-05
2024-04-15 11:19:24,3253.5,2.351e-05
2024-04-15 11:19:36,3253.66,2.351e-05
2024-04-15 11:19:48,3256.09,2.352e-05
2024-04-15 11:20:00,3255.45,2.352e-05
2024-04-15 11:20:12,3256.8,2.353e-05
2024-04-15 11:20:24,3256.19,2.353e-05
2024-04-15 11:20:36,3255.19,2.353e-05
2024-04-15 11:20:48,3253.91,2.353e-05
2024-04-15 11:21:00,3252.9,2.351e-05
2024-04-15 11:21:12,3250.31,2.348e-05
2024-04-15 11:21:24,3251.6,2.35e-05
2024-04-15 11:21:36,3251.9,2.352e-05
2024-04-15 11:21:48,3252.16,2.353e-05
2024-04-15 11:22:00,3251.97,2.353e-05
2024-04-15 11:22:12,3250.45,2.353e-05
2024-04-15 11:22:24,3251.32,2.353e-05
2024-04-15 11:22:36,3250.51,2.351e-05
2024-04-15 11:22:48,3251.14,2.352e-05
2024-04-15 11:23:00,3249.94,2.351e-05
2024-04-15 11:23:12,3250.65,2.352e-05
2024-04-15 11:23:24,3250.34,2.353e-05
2024-04-15 11:23:36,3250.33,2.351e-05
2024-04-15 11:23:48,3250.45,2.352e-05
2024-04-15 11:24:00,3250.5,2.353e-05
2024-04-15 11:24:12,3249.72,2.351e-05
2024-04-15 11:24:24,3248.77,2.35e-05
2024-04-15 11:24:36,3249.3,2.351e-05
2024-04-15 11:24:48,3249.71,2.351e-05
2024-04-15 11:25:00,3249.71,2.351e-05
2024-04-15 11:25:12,3249.7,2.351e-05
2024-04-15 11:25:24,3249.51,2.352e-05
2024-04-15 11:25:36,3250.63,2.354e-05
2024-04-15 11:25:48,3249.65,2.353e-05
2024-04-15 11:26:00,3248.76,2.352e-05
2024-04-15 11:26:12,3249.77,2.354e-05
2024-04-15 11:26:24,3249.77,2.353e-05
2024-04-15 11:26:36,3248.36,2.352e-05
2024-04-15 11:26:48,3249.66,2.354e-05
2024-04-15 11:27:00,3249.77,2.354e-05
2024-04-15 11:27:12,3249.99,2.355e-05
2024-04-15 11:27:24,3249.76,2.352e-05
2024-04-15 11:27:36,3248.62,2.351e-05
2024-04-15 11:27:48,3248.62,2.351e-05
2024-04-15 11:28:00,3249.45,2.352e-05
2024-04-15 11:28:12,3249.45,2.352e-05
2024-04-15 11:28:24,3248.53,2.35e-05
2024-04-15 11:28:36,3248.06,2.351e-05
2024-04-15 11:28:48,3248.0,2.352e-05
2024-04-15 11:29:00,3247.05,2.352e-05
2024-04-15 11:29:12,3246.87,2.351e-05
2024-04-15 11:29:24,3245.43,2.35e-05
2024-04-15 11:29:36,3244.99,2.351e-05
2024-04-15 11:29:48,3245.63,2.35e-05
2024-04-15 11:30:00,3246.15,2.35e-05
2024-04-15 11:30:12,3245.71,2.349e-05
2024-04-15 11:30:24,3245.09,2.349e-05
2024-04-15 11:30:36,3244.99,2.348e-05
2024-04-15 11:30:48,3244.32,2.348e-05
2024-04-15 11:31:00,3243.7,2.347e-05
2024-04-15 11:31:12,3242.74,2.346e-05
2024-04-15 11:31:24,3242.3,2.346e-05
2024-04-15 11:31:36,3244.45,2.349e-05
2024-04-15 11:31:48,3242.96,2.347e-05
2024-04-15 11:32:00,3242.86,2.346e-05
2024-04-15 11:32:12,3243.55,2.348e-05
2024-04-15 11:32:24,3244.04,2.348e-05
2024-04-15 11:32:36,3244.05,2.348e-05
2024-04-15 11:32:48,3242.78,2.347e-05
2024-04-15 11:33:00,3243.75,2.348e-05
2024-04-15 11:33:12,3242.01,2.344e-05
2024-04-15 11:33:24,3239.42,2.343e-05
2024-04-15 11:33:36,3240.01,2.343e-05
2024-04-15 11:33:48,3241.24,2.343e-05
2024-04-15 11:34:00,3241.99,2.343e-05
2024-04-15 11:34:12,3241.54,2.343e-05
2024-04-15 11:34:24,3239.94,2.342e-05
2024-04-15 11:34:36,3239.27,2.34e-05
2024-04-15 11:34:48,3239.17,2.341e-05
2024-04-15 11:35:00,3241.54,2.343e-05
2024-04-15 11:35:12,3242.68,2.346e-05
2024-04-15 11:35:24,3242.99,2.346e-05
2024-04-15 11:35:36,3243.09,2.346e-05
2024-04-15 11:35:48,3242.85,2.345e-05
2024-04-15 11:36:00,3241.76,2.344e-05
2024-04-15 11:36:12,3241.55,2.343e-05
2024-04-15 11:36:24,3241.4,2.341e-05
2024-04-15 11:36:36,3241.55,2.342e-05
2024-04-15 11:36:48,3242.02,2.343e-05
2024-04-15 11:37:00,3242.65,2.343e-05
2024-04-15 11:37:12,3240.96,2.34e-05
2024-04-15 11:37:24,3241.2,2.34e-05
2024-04-15 11:37:36,3241.36,2.342e-05
2024-04-15 11:37:48,3241.1,2.339e-05
2024-04-15 11:38:00,3240.46,2.337e-05
2024-04-15 11:38:12,3240.23,2.337e-05
2024-04-15 11:38:24,3240.69,2.337e-05
2024-04-15 11:38:36,3241.5,2.339e-05
2024-04-15 11:38:48,3240.31,2.337e-05
2024-04-15 11:39:00,3239.21,2.335e-05
2024-04-15 11:39:12,3238.82,2.335e-05
2024-04-15 11:39:24,3238.83,2.335e-05
2024-04-15 11:39:36,3238.55,2.334e-05
2024-04-15 11:39:48,3238.64,2.335e-05
2024-04-15 11:40:00,3238.82,2.335e-05
2024-04-15 11:40:12,3238.25,2.333e-05
2024-04-15 11:40:24,3236.89,2.332e-05
2024-04-15 11:40:36,3237.75,2.332e-05
2024-04-15 11:40:48,3238.69,2.332e-05
2024-04-15 11:41:00,3237.9,2.33e-05
2024-04-15 11:41:12,3236.62,2.329e-05
2024-04-15 11:41:24,3236.12,2.329e-05
2024-04-15 11:41:36,3237.1,2.33e-05
2024-04-15 11:41:48,3235.97,2.329e-05
2024-04-15 11:42:00,3235.79,2.33e-05
2024-04-15 11:42:12,3228.19,2.325e-05
2024-04-15 11:42:24,3229.4,2.323e-05
2024-04-15 11:42:36,3228.61,2.322e-05
2024-04-15 11:42:48,3230.72,2.322e-05
2024-04-15 11:43:00,3231.1,2.322e-05
2024-04-15 11:43:12,3231.43,2.322e-05
2024-04-15 11:43:24,3230.3,2.32e-05
2024-04-15 11:43:36,3234.2,2.324e-05
2024-04-15 11:43:48,3233.44,2.326e-05
2024-04-15 11:44:00,3233.0,2.326e-05
2024-04-15 11:44:12,3233.5,2.328e-05
2024-04-15 11:44:24,3236.65,2.33e-05
2024-04-15 11:44:36,3236.13,2.327e-05
2024-04-15 11:44:48,3235.85,2.328e-05
2024-04-15 11:45:00,3236.46,2.33e-05
2024-04-15 11:45:12,3235.64,2.331e-05
2024-04-15 11:45:24,3232.98,2.33e-05
2024-04-15 11:45:36,3232.17,2.328e-05
2024-04-15 11:45:48,3234.32,2.327e-05
2024-04-15 11:46:00,3235.0,2.328e-05
2024-04-15 11:46:12,3235.86,2.329e-05
2024-04-15 11:46:24,3236.35,2.334e-05
2024-04-15 11:46:36,3237.1,2.337e-05
2024-04-15 11:46:48,3240.13,2.338e-05
2024-04-15 11:47:00,3239.65,2.338e-05
2024-04-15 11:47:12,3238.4,2.336e-05
2024-04-15 11:47:24,3239.27,2.337e-05
2024-04-15 11:47:36,3239.12,2.336e-05
2024-04-15 11:47:48,3239.13,2.337e-05
2024-04-15 11:48:00,3239.0,2.338e-05
2024-04-15 11:48:12,3239.27,2.337e-05
2024-04-15 11:48:24,3240.4,2.338e-05
2024-04-15 11:48:36,3240.82,2.34e-05
2024-04-15 11:48:48,3242.01,2.342e-05
2024-04-15 11:49:00,3240.46,2.339e-05
2024-04-15 11:49:12,3239.59,2.339e-05
2024-04-15 11:49:24,3239.19,2.338e-05
2024-04-15 11:49:36,3239.13,2.337e-05
2024-04-15 11:49:48,3239.8,2.337e-05
2024-04-15 11:50:00,3239.8,2.337e-05
2024-04-15 11:50:12,3239.13,2.336e-05
2024-04-15 11:50:24,3239.13,2.335e-05
2024-04-15 11:50:36,3239.29,2.336e-05
2024-04-15 11:50:48,3240.0,2.338e-05
2024-04-15 11:51:00,3238.9,2.334e-05
2024-04-15 11:51:12,3238.84,2.333e-05
2024-04-15 11:51:24,3238.54,2.331e-05
2024-04-15 11:51:36,3239.58,2.331e-05
2024-04-15 11:51:48,3238.66,2.33e-05
2024-04-15 11:52:00,3240.19,2.333e-05
2024-04-15 11:52:12,3238.95,2.331e-05
2024-04-15 11:52:24,3238.35,2.331e-05
2024-04-15 11:52:36,3239.13,2.332e-05
2024-04-15 11:52:48,3239.13,2.331e-05
2024-04-15 11:53:00,3238.36,2.332e-05
2024-04-15 11:53:12,3239.45,2.332e-05
2024-04-15 11:53:24,3238.38,2.33e-05
2024-04-15 11:53:36,3238.37,2.331e-05
2024-04-15 11:53:48,3237.65,2.33e-05
2024-04-15 11:54:00,3238.27,2.331e-05
2024-04-15 11:54:12,3239.3,2.333e-05
2024-04-15 11:54:24,3239.6,2.331e-05
2024-04-15 11:54:36,3239.6,2.331e-05
2024-04-15 11:54:48,3239.77,2.331e-05
2024-04-15 11:55:00,3238.2,2.328e-05
2024-04-15 11:55:12,3238.0,2.329e-05
2024-04-15 11:55:24,3237.16,2.328e-05
2024-04-15 11:55:36,3237.19,2.326e-05
2024-04-15 11:55:48,3237.16,2.327e-05
2024-04-15 11:56:00,3237.01,2.324e-05
2024-04-15 11:56:12,3236.58,2.324e-05
2024-04-15 11:56:24,3235.99,2.324e-05
2024-04-15 11:56:36,3235.4,2.323e-05
2024-04-15 11:56:48,3234.61,2.322e-05
2024-04-15 11:57:00,3234.95,2.324e-05
2024-04-15 11:57:12,3235.69,2.324e-05
2024-04-15 11:57:24,3234.3,2.325e-05
2024-04-15 11:57:36,3233.91,2.325e-05
2024-04-15 11:57:48,3231.66,2.324e-05
2024-04-15 11:58:00,3230.61,2.322e-05
2024-04-15 11:58:12,3231.25,2.323e-05
2024-04-15 11:58:24,3231.64,2.322e-05
2024-04-15 11:58:36,3232.43,2.324e-05
2024-04-15 11:58:48,3232.3,2.324e-05
2024-04-15 11:59:00,3230.07,2.322e-05
2024-04-15 11:59:12,3228.64,2.322e-05
2024-04-15 11:59:24,3229.3,2.322e-05
2024-04-15 11:59:36,3227.99,2.321e-05
2024-04-15 11:59:48,3229.65,2.322e-05
2024-04-15 12:00:00,3229.64,2.32e-05
2024-04-15 12:00:12,3229.93,2.322e-05
2024-04-15 12:00:24,3230.74,2.323e-05
2024-04-15 12:00:36,3230.29,2.322e-05
2024-04-15 12:00:48,3230.66,2.322e-05
2024-04-15 12:01:00,3231.05,2.324e-05
2024-04-15 12:01:12,3231.86,2.327e-05
2024-04-15 12:01:24,3232.33,2.325e-05
2024-04-15 12:01:36,3233.8,2.327e-05
2024-04-15 12:01:48,3233.54,2.327e-05
2024-04-15 12:02:00,3233.79,2.326e-05
2024-04-15 12:02:12,3234.79,2.327e-05
2024-04-15 12:02:24,3234.42,2.326e-05
2024-04-15 12:02:36,3235.8,2.326e-05
2024-04-15 12:02:48,3235.29,2.325e-05
2024-04-15 12:03:00,3235.43,2.326e-05
2024-04-15 12:03:12,3235.94,2.326e-05
2024-04-15 12:03:24,3236.45,2.327e-05
2024-04-15 12:03:36,3238.24,2.329e-05
2024-04-15 12:03:48,3239.43,2.329e-05
2024-04-15 12:04:00,3239.25,2.328e-05
2024-04-15 12:04:12,3239.75,2.329e-05
2024-04-15 12:04:24,3239.99,2.329e-05
2024-04-15 12:04:36,3240.59,2.331e-05
2024-04-15 12:04:48,3241.63,2.334e-05
2024-04-15 12:05:00,3241.23,2.331e-05
2024-04-15 12:05:12,3242.49,2.334e-05
2024-04-15 12:05:24,3240.46,2.331e-05
2024-04-15 12:05:36,3238.93,2.329e-05
2024-04-15 12:05:48,3237.26,2.328e-05
2024-04-15 12:06:00,3238.1,2.329e-05
2024-04-15 12:06:12,3238.1,2.329e-05
2024-04-15 12:06:24,3239.4,2.331e-05
2024-04-15 12:06:36,3239.76,2.332e-05
2024-04-15 12:06:48,3240.16,2.334e-05
2024-04-15 12:07:00,3240.06,2.334e-05
2024-04-15 12:07:12,3240.77,2.333e-05
2024-04-15 12:07:24,3241.04,2.332e-05
2024-04-15 12:07:36,3241.05,2.334e-05
2024-04-15 12:07:48,3241.95,2.335e-05
2024-04-15 12:08:00,3241.45,2.335e-05
2024-04-15 12:08:12,3241.86,2.336e-05
2024-04-15 12:08:24,3240.66,2.335e-05
2024-04-15 12:08:36,3238.5,2.332e-05
2024-04-15 12:08:48,3238.79,2.33e-05
2024-04-15 12:09:00,3238.79,2.331e-05
2024-04-15 12:09:12,3238.66,2.332e-05
2024-04-15 12:09:24,3237.72,2.33e-05
2024-04-15 12:09:36,3237.56,2.328e-05
2024-04-15 12:09:48,3234.55,2.324e-05
2024-04-15 12:10:00,3235.87,2.326e-05
2024-04-15 12:10:12,3235.74,2.325e-05
2024-04-15 12:10:24,3236.69,2.325e-05
2024-04-15 12:10:36,3235.31,2.323e-05
2024-04-15 12:10:48,3235.0,2.323e-05
2024-04-15 12:11:00,3234.0,2.324e-05
2024-04-15 12:11:12,3234.63,2.325e-05
2024-04-15 12:11:24,3233.48,2.323e-05
2024-04-15 12:11:36,3233.64,2.324e-05
2024-04-15 12:11:48,3233.24,2.325e-05
2024-04-15 12:12:00,3234.94,2.328e-05
2024-04-15 12:12:12,3234.21,2.328e-05
2024-04-15 12:12:24,3234.6,2.329e-05
2024-04-15 12:12:36,3233.82,2.327e-05
2024-04-15 12:12:48,3233.07,2.325e-05
2024-04-15 12:13:00,3232.21,2.325e-05
2024-04-15 12:13:12,3232.37,2.325e-05
2024-04-15 12:13:24,3234.53,2.326e-05
2024-04-15 12:13:36,3234.11,2.327e-05
2024-04-15 12:13:48,3235.77,2.33e-05
2024-04-15 12:14:00,3234.42,2.329e-05
2024-04-15 12:14:12,3234.73,2.33e-05
2024-04-15 12:14:24,3235.8,2.33e-05
2024-04-15 12:14:36,3239.14,2.334e-05
2024-04-15 12:14:48,3238.01,2.333e-05
2024-04-15 12:15:00,3237.69,2.332e-05
2024-04-15 12:15:12,3238.38,2.334e-05
2024-04-15 12:15:24,3239.25,2.336e-05
2024-04-15 12:15:36,3238.31,2.333e-05
2024-04-15 12:15:48,3239.34,2.334e-05
2024-04-15 12:16:00,3238.94,2.333e-05
2024-04-15 12:16:12,3239.76,2.332e-05
2024-04-15 12:16:24,3240.46,2.331e-05
2024-04-15 12:16:36,3238.65,2.33e-05
2024-04-15 12:16:48,3237.05,2.328e-05
2024-04-15 12:17:00,3237.08,2.328e-05
2024-04-15 12:17:12,3236.26,2.326e-05
2024-04-15 12:17:24,3236.1,2.327e-05
2024-04-15 12:17:36,3235.6,2.326e-05
2024-04-15 12:17:48,3235.95,2.327e-05
2024-04-15 12:18:00,3236.59,2.329e-05
2024-04-15 12:18:12,3235.96,2.327e-05
2024-04-15 12:18:24,3237.98,2.329e-05
2024-04-15 12:18:36,3238.01,2.33e-05
2024-04-15 12:18:48,3238.14,2.33e-05
2024-04-15 12:19:00,3238.19,2.329e-05
2024-04-15 12:19:12,3236.79,2.327e-05
2024-04-15 12:19:24,3235.51,2.326e-05
2024-04-15 12:19:36,3235.72,2.326e-05
2024-04-15 12:19:48,3235.76,2.326e-05
2024-04-15 12:20:00,3235.51,2.325e-05
2024-04-15 12:20:12,3235.0,2.324e-05
2024-04-15 12:20:24,3235.75,2.326e-05
2024-04-15 12:20:36,3236.0,2.325e-05
2024-04-15 12:20:48,3236.01,2.325e-05
2024-04-15 12:21:00,3235.9,2.326e-05
2024-04-15 12:21:12,3236.09,2.326e-05
2024-04-15 12:21:24,3236.25,2.325e-05
2024-04-15 12:21:36,3235.01,2.325e-05
2024-04-15 12:21:48,3235.66,2.326e-05
2024-04-15 12:22:00,3235.41,2.326e-05
2024-04-15 12:22:12,3234.55,2.324e-05
2024-04-15 12:22:24,3234.09,2.324e-05
2024-04-15 12:22:36,3232.79,2.322e-05
2024-04-15 12:22:48,3232.36,2.323e-05
2024-04-15 12:23:00,3231.68,2.321e-05
2024-04-15 12:23:12,3229.8,2.317e-05
2024-04-15 12:23:24,3228.63,2.315e-05
2024-04-15 12:23:36,3227.65,2.314e-05
2024-04-15 12:23:48,3227.72,2.314e-05
2024-04-15 12:24:00,3228.17,2.313e-05
2024-04-15 12:24:12,3226.85,2.313e-05
2024-04-15 12:24:24,3229.01,2.315e-05
2024-04-15 12:24:36,3227.8,2.313e-05
2024-04-15 12:24:48,3231.03,2.317e-05
2024-04-15 12:25:00,3232.05,2.318e-05
2024-04-15 12:25:12,3230.66,2.315e-05
2024-04-15 12:25:24,3229.59,2.315e-05
2024-04-15 12:25:36,3228.01,2.311e-05
2024-04-15 12:25:48,3227.38,2.312e-05
2024-04-15 12:26:00,3227.01,2.312e-05
2024-04-15 12:26:12,3228.55,2.315e-05
2024-04-15 12:26:24,3229.51,2.315e-05
2024-04-15 12:26:36,3229.6,2.312e-05
2024-04-15 12:26:48,3229.6,2.313e-05
2024-04-15 12:27:00,3230.89,2.313e-05
2024-04-15 12:27:12,3229.61,2.312e-05
2024-04-15 12:27:24,3230.7,2.313e-05
2024-04-15 12:27:36,3230.79,2.314e-05
2024-04-15 12:27:48,3230.94,2.314e-05
2024-04-15 12:28:00,3231.29,2.313e-05
2024-04-15 12:28:12,3232.54,2.313e-05
2024-04-15 12:28:24,3232.31,2.313e-05
2024-04-15 12:28:36,3230.96,2.312e-05
2024-04-15 12:28:48,3230.41,2.313e-05
2024-04-15 12:29:00,3231.34,2.313e-05
2024-04-15 12:29:12,3231.49,2.313e-05
2024-04-15 12:29:24,3230.05,2.312e-05
2024-04-15 12:29:36,3231.35,2.313e-05
2024-04-15 12:29:48,3232.6,2.316e-05
2024-04-15 12:30:00,3233.24,2.316e-05
2024-04-15 12:30:12,3228.18,2.31e-05
2024-04-15 12:30:24,3232.73,2.316e-05
2024-04-15 12:30:36,3232.24,2.316e-05
2024-04-15 12:30:48,3231.23,2.316e-05
2024-04-15 12:31:00,3229.05,2.314e-05
2024-04-15 12:31:12,3228.3,2.312e-05
2024-04-15 12:31:24,3230.42,2.315e-05
2024-04-15 12:31:36,3231.71,2.316e-05
2024-04-15 12:31:48,3229.75,2.314e-05
2024-04-15 12:32:00,3230.29,2.315e-05
2024-04-15 12:32:12,3230.36,2.315e-05
2024-04-15 12:32:24,3230.43,2.316e-05
2024-04-15 12:32:36,3234.19,2.319e-05
2024-04-15 12:32:48,3237.66,2.323e-05
2024-04-15 12:33:00,3234.85,2.32e-05
2024-04-15 12:33:12,3237.81,2.323e-05
2024-04-15 12:33:24,3235.87,2.321e-05
2024-04-15 12:33:36,3234.99,2.32e-05
2024-04-15 12:33:48,3232.8,2.317e-05
2024-04-15 12:34:00,3231.06,2.316e-05
2024-04-15 12:34:12,3231.28,2.316e-05
2024-04-15 12:34:24,3233.09,2.318e-05
2024-04-15 12:34:36,3232.39,2.317e-05
2024-04-15 12:34:48,3233.47,2.319e-05
2024-04-15 12:35:00,3233.48,2.319e-05
2024-04-15 12:35:12,3234.36,2.32e-05
2024-04-15 12:35:24,3236.69,2.324e-05
2024-04-15 12:35:36,3238.22,2.325e-05
2024-04-15 12:35:48,3239.71,2.326e-05
2024-04-15 12:36:00,3239.47,2.325e-05
2024-04-15 12:36:12,3238.48,2.327e-05
2024-04-15 12:36:24,3237.87,2.326e-05
2024-04-15 12:36:36,3238.29,2.327e-05
2024-04-15 12:36:48,3236.22,2.325e-05
2024-04-15 12:37:00,3236.0,2.325e-05
2024-04-15 12:37:12,3234.57,2.323e-05
2024-04-15 12:37:24,3235.95,2.323e-05
2024-04-15 12:37:36,3237.25,2.325e-05
2024-04-15 12:37:48,3237.69,2.326e-05
2024-04-15 12:38:00,3236.49,2.326e-05
2024-04-15 12:38:12,3237.2,2.327e-05
2024-04-15 12:38:24,3237.89,2.329e-05
2024-04-15 12:38:36,3237.8,2.328e-05
2024-04-15 12:38:48,3237.7,2.329e-05
2024-04-15 12:39:00,3237.85,2.327e-05
2024-04-15 12:39:12,3237.37,2.326e-05
2024-04-15 12:39:24,3237.45,2.327e-05
2024-04-15 12:39:36,3235.05,2.325e-05
2024-04-15 12:39:48,3236.06,2.327e-05
2024-04-15 12:40:00,3237.4,2.329e-05
2024-04-15 12:40:12,3238.26,2.329e-05
2024-04-15 12:40:24,3238.77,2.331e-05
2024-04-15 12:40:36,3239.19,2.332e-05
2024-04-15 12:40:48,3238.61,2.33e-05
2024-04-15 12:41:00,3238.59,2.331e-05
2024-04-15 12:41:12,3239.77,2.332e-05
2024-04-15 12:41:24,3240.76,2.334e-05
2024-04-15 12:41:36,3242.55,2.334e-05
2024-04-15 12:41:48,3240.98,2.334e-05
2024-04-15 12:42:00,3242.44,2.335e-05
2024-04-15 12:42:12,3242.64,2.335e-05
2024-04-15 12:42:24,3244.79,2.334e-05
2024-04-15 12:42:36,3241.58,2.333e-05
2024-04-15 12:42:48,3241.28,2.332e-05
2024-04-15 12:43:00,3241.69,2.332e-05
2024-04-15 12:43:12,3242.4,2.332e-05
2024-04-15 12:43:24,3242.4,2.332e-05
2024-04-15 12:43:36,3241.16,2.332e-05
2024-04-15 12:43:48,3240.22,2.332e-05
2024-04-15 12:44:00,3240.01,2.331e-05
2024-04-15 12:44:12,3240.0,2.33e-05
2024-04-15 12:44:24,3239.4,2.33e-05
2024-04-15 12:44:36,3239.8,2.33e-05
2024-04-15 12:44:48,3239.29,2.331e-05
2024-04-15 12:45:00,3238.35,2.331e-05
2024-04-15 12:45:12,3240.0,2.332e-05
2024-04-15 12:45:24,3241.11,2.332e-05
2024-04-15 12:45:36,3239.5,2.331e-05
2024-04-15 12:45:48,3238.94,2.331e-05
2024-04-15 12:46:00,3236.8,2.329e-05
2024-04-15 12:46:12,3238.25,2.33e-05
2024-04-15 12:46:24,3238.11,2.33e-05
2024-04-15 12:46:36,3236.6,2.33e-05
2024-04-15 12:46:48,3237.01,2.33e-05
2024-04-15 12:47:00,3236.53,2.33e-05
2024-04-15 12:47:12,3235.6,2.328e-05
2024-04-15 12:47:24,3236.0,2.329e-05
2024-04-15 12:47:36,3236.0,2.329e-05
2024-04-15 12:47:48,3236.0,2.328e-05
2024-04-15 12:48:00,3237.29,2.327e-05
2024-04-15 12:48:12,3239.08,2.331e-05
2024-04-15 12:48:24,3238.16,2.331e-05
2024-04-15 12:48:36,3237.0,2.33e-05
2024-04-15 12:48:48,3237.3,2.329e-05
2024-04-15 12:49:00,3236.15,2.327e-05
2024-04-15 12:49:12,3236.35,2.328e-05
2024-04-15 12:49:24,3237.69,2.33e-05
2024-04-15 12:49:36,3237.03,2.329e-05
2024-04-15 12:49:48,3236.74,2.329e-05
2024-04-15 12:50:00,3236.25,2.33e-05
2024-04-15 12:50:12,3233.85,2.327e-05
2024-04-15 12:50:24,3232.9,2.326e-05
2024-04-15 12:50:36,3233.2,2.326e-05
2024-04-15 12:50:48,3229.86,2.323e-05
2024-04-15 12:51:00,3230.92,2.324e-05
2024-04-15 12:51:12,3230.35,2.322e-05
2024-04-15 12:51:24,3230.2,2.321e-05
2024-04-15 12:51:36,3231.26,2.324e-05
2024-04-15 12:51:48,3231.44,2.325e-05
2024-04-15 12:52:00,3231.01,2.325e-05
2024-04-15 12:52:12,3231.22,2.325e-05
2024-04-15 12:52:24,3231.79,2.323e-05
2024-04-15 12:52:36,3230.51,2.322e-05
2024-04-15 12:52:48,3231.49,2.323e-05
2024-04-15 12:53:00,3232.79,2.325e-05
2024-04-15 12:53:12,3233.76,2.327e-05
2024-04-15 12:53:24,3231.82,2.325e-05
2024-04-15 12:53:36,3232.85,2.326e-05
2024-04-15 12:53:48,3233.4,2.327e-05
2024-04-15 12:54:00,3233.48,2.326e-05
2024-04-15 12:54:12,3232.45,2.326e-05
2024-04-15 12:54:24,3232.25,2.324e-05
2024-04-15 12:54:36,3230.91,2.323e-05
2024-04-15 12:54:48,3231.55,2.323e-05
2024-04-15 12:55:00,3231.54,2.324e-05
2024-04-15 12:55:12,3231.71,2.324e-05
2024-04-15 12:55:24,3232.86,2.326e-05
2024-04-15 12:55:36,3232.7,2.326e-05
2024-04-15 12:55:48,3231.84,2.327e-05
2024-04-15 12:56:00,3232.69,2.327e-05
2024-04-15 12:56:12,3233.48,2.33e-05
2024-04-15 12:56:24,3232.35,2.33e-05
2024-04-15 12:56:36,3231.12,2.329e-05
2024-04-15 12:56:48,3230.65,2.327e-05
2024-04-15 12:57:00,3230.79,2.326e-05
2024-04-15 12:57:12,3232.5,2.328e-05
2024-04-15 12:57:24,3233.13,2.331e-05
2024-04-15 12:57:36,3233.13,2.331e-05
2024-04-15 12:57:48,3233.13,2.33e-05
2024-04-15 12:58:00,3231.8,2.329e-05
2024-04-15 12:58:12,3231.74,2.328e-05
2024-04-15 12:58:24,3231.07,2.328e-05
2024-04-15 12:58:36,3231.07,2.328e-05
2024-04-15 12:58:48,3232.4,2.328e-05
2024-04-15 12:59:00,3232.67,2.328e-05
2024-04-15 12:59:12,3231.95,2.327e-05
2024-04-15 12:59:24,3231.07,2.326e-05
2024-04-15 12:59:36,3231.61,2.327e-05
2024-04-15 12:59:48,3231.61,2.327e-05
2024-04-15 13:00:00,3231.61,2.327e-05
2024-04-15 13:00:12,3233.45,2.331e-05
2024-04-15 13:00:24,3231.8,2.329e-05
2024-04-15 13:00:36,3233.47,2.331e-05
2024-04-15 13:00:48,3231.86,2.33e-05
2024-04-15 13:01:00,3231.15,2.33e-05
2024-04-15 13:01:12,3233.15,2.333e-05
2024-04-15 13:01:24,3231.74,2.332e-05
2024-04-15 13:01:36,3231.37,2.33e-05
2024-04-15 13:01:48,3230.69,2.328e-05
2024-04-15 13:02:00,3231.37,2.33e-05
2024-04-15 13:02:12,3230.06,2.328e-05
2024-04-15 13:02:24,3229.59,2.328e-05
2024-04-15 13:02:36,3231.94,2.332e-05
2024-04-15 13:02:48,3230.5,2.33e-05
2024-04-15 13:03:00,3230.25,2.33e-05
2024-04-15 13:03:12,3230.19,2.331e-05
2024-04-15 13:03:24,3229.61,2.33e-05
2024-04-15 13:03:36,3230.82,2.334e-05
2024-04-15 13:03:48,3230.63,2.332e-05
2024-04-15 13:04:00,3230.01,2.33e-05
2024-04-15 13:04:12,3229.07,2.329e-05
2024-04-15 13:04:24,3229.08,2.328e-05
2024-04-15 13:04:36,3229.41,2.328e-05
2024-04-15 13:04:48,3229.42,2.329e-05
2024-04-15 13:05:00,3228.18,2.327e-05
2024-04-15 13:05:12,3227.35,2.326e-05
2024-04-15 13:05:24,3224.39,2.325e-05
2024-04-15 13:05:36,3223.42,2.324e-05
2024-04-15 13:05:48,3225.08,2.324e-05
2024-04-15 13:06:00,3223.93,2.324e-05
2024-04-15 13:06:12,3224.29,2.325e-05
2024-04-15 13:06:24,3222.25,2.323e-05
2024-04-15 13:06:36,3224.4,2.326e-05
2024-04-15 13:06:48,3224.39,2.325e-05
2024-04-15 13:07:00,3226.86,2.328e-05
2024-04-15 13:07:12,3229.34,2.329e-05
2024-04-15 13:07:24,3229.08,2.328e-05
2024-04-15 13:07:36,3229.0,2.327e-05
2024-04-15 13:07:48,3229.72,2.328e-05
2024-04-15 13:08:00,3232.8,2.331e-05
2024-04-15 13:08:12,3233.89,2.333e-05
2024-04-15 13:08:24,3233.55,2.334e-05
2024-04-15 13:08:36,3233.94,2.332e-05
2024-04-15 13:08:48,3233.03,2.331e-05
2024-04-15 13:09:00,3233.76,2.332e-05
2024-04-15 13:09:12,3232.95,2.331e-05
2024-04-15 13:09:24,3236.05,2.334e-05
2024-04-15 13:09:36,3234.81,2.333e-05
2024-04-15 13:09:48,3232.35,2.332e-05
2024-04-15 13:10:00,3232.66,2.334e-05
2024-04-15 13:10:12,3234.86,2.337e-05
2024-04-15 13:10:24,3236.22,2.336e-05
2024-04-15 13:10:36,3236.18,2.337e-05
2024-04-15 13:10:48,3236.44,2.337e-05
2024-04-15 13:11:00,3236.09,2.336e-05
2024-04-15 13:11:12,3235.3,2.337e-05
2024-04-15 13:11:24,3236.35,2.339e-05
2024-04-15 13:11:36,3238.15,2.339e-05
2024-04-15 13:11:48,3237.82,2.34e-05
2024-04-15 13:12:00,3237.01,2.339e-05
2024-04-15 13:12:12,3234.8,2.339e-05
2024-04-15 13:12:24,3234.32,2.337e-05
2024-04-15 13:12:36,3234.19,2.337e-05
2024-04-15 13:12:48,3235.19,2.338e-05
2024-04-15 13:13:00,3236.53,2.339e-05
2024-04-15 13:13:12,3236.35,2.339e-05
2024-04-15 13:13:24,3236.09,2.339e-05
2024-04-15 13:13:36,3235.87,2.34e-05
2024-04-15 13:13:48,3236.53,2.34e-05
2024-04-15 13:14:00,3235.26,2.34e-05
2024-04-15 13:14:12,3236.64,2.339e-05
2024-04-15 13:14:24,3235.56,2.338e-05
2024-04-15 13:14:36,3235.06,2.338e-05
2024-04-15 13:14:48,3235.1,2.338e-05
2024-04-15 13:15:00,3235.09,2.339e-05
2024-04-15 13:15:12,3235.13,2.338e-05
2024-04-15 13:15:24,3236.0,2.339e-05
2024-04-15 13:15:36,3235.62,2.339e-05
2024-04-15 13:15:48,3236.58,2.339e-05
2024-04-15 13:16:00,3237.3,2.341e-05
2024-04-15 13:16:12,3238.05,2.341e-05
2024-04-15 13:16:24,3236.95,2.341e-05
2024-04-15 13:16:36,3237.29,2.343e-05
2024-04-15 13:16:48,3237.28,2.342e-05
2024-04-15 13:17:00,3237.22,2.343e-05
2024-04-15 13:17:12,3237.54,2.343e-05
2024-04-15 13:17:24,3237.82,2.344e-05
2024-04-15 13:17:36,3237.32,2.344e-05
2024-04-15 13:17:48,3238.31,2.344e-05
2024-04-15 13:18:00,3237.24,2.344e-05
2024-04-15 13:18:12,3236.97,2.343e-05
2024-04-15 13:18:24,3237.84,2.343e-05
2024-04-15 13:18:36,3235.4,2.34e-05
2024-04-15 13:18:48,3235.35,2.34e-05
2024-04-15 13:19:00,3235.41,2.34e-05
2024-04-15 13:19:12,3234.86,2.34e-05
2024-04-15 13:19:24,3233.64,2.34e-05
2024-04-15 13:19:36,3233.47,2.34e-05
2024-04-15 13:19:48,3232.5,2.34e-05
2024-04-15 13:20:00,3232.5,2.339e-05
2024-04-15 13:20:12,3231.91,2.338e-05
2024-04-15 13:20:24,3231.17,2.337e-05
2024-04-15 13:20:36,3230.46,2.336e-05
2024-04-15 13:20:48,3231.35,2.336e-05
2024-04-15 13:21:00,3230.93,2.338e-05
2024-04-15 13:21:12,3230.65,2.336e-05
2024-04-15 13:21:24,3230.99,2.337e-05
2024-04-15 13:21:36,3228.88,2.334e-05
2024-04-15 13:21:48,3228.95,2.335e-05
2024-04-15 13:22:00,3229.28,2.335e-05
2024-04-15 13:22:12,3228.8,2.335e-05
2024-04-15 13:22:24,3228.64,2.334e-05
2024-04-15 13:22:36,3226.96,2.335e-05
2024-04-15 13:22:48,3225.05,2.333e-05
2024-04-15 13:23:00,3225.0,2.333e-05
2024-04-15 13:23:12,3223.6,2.331e-05
2024-04-15 13:23:24,3225.23,2.332e-05
2024-04-15 13:23:36,3225.4,2.333e-05
2024-04-15 13:23:48,3224.99,2.33e-05
2024-04-15 13:24:00,3224.01,2.329e-05
2024-04-15 13:24:12,3224.17,2.329e-05
2024-04-15 13:24:24,3224.52,2.33e-05
2024-04-15 13:24:36,3226.65,2.332e-05
2024-04-15 13:24:48,3226.65,2.332e-05
2024-04-15 13:25:00,3226.85,2.332e-05
2024-04-15 13:25:12,3228.08,2.336e-05
2024-04-15 13:25:24,3227.97,2.336e-05
2024-04-15 13:25:36,3227.97,2.336e-05
2024-04-15 13:25:48,3228.88,2.336e-05
2024-04-15 13:26:00,3227.29,2.334e-05
2024-04-15 13:26:12,3228.07,2.334e-05
2024-04-15 13:26:24,3228.23,2.334e-05
2024-04-15 13:26:36,3228.07,2.337e-05
2024-04-15 13:26:48,3228.38,2.337e-05
2024-04-15 13:27:00,3228.26,2.336e-05
2024-04-15 13:27:12,3229.73,2.338e-05
2024-04-15 13:27:24,3230.79,2.339e-05
2024-04-15 13:27:36,3231.75,2.339e-05
2024-04-15 13:27:48,3229.96,2.337e-05
2024-04-15 13:28:00,3230.49,2.339e-05
2024-04-15 13:28:12,3231.75,2.338e-05
2024-04-15 13:28:24,3231.5,2.339e-05
2024-04-15 13:28:36,3231.28,2.338e-05
2024-04-15 13:28:48,3228.41,2.335e-05
2024-04-15 13:29:00,3225.89,2.334e-05
2024-04-15 13:29:12,3226.83,2.335e-05
2024-04-15 13:29:24,3227.0,2.336e-05
2024-04-15 13:29:36,3227.46,2.336e-05
2024-04-15 13:29:48,3227.8,2.335e-05
2024-04-15 13:30:00,3227.52,2.336e-05
2024-04-15 13:30:12,3227.06,2.335e-05
2024-04-15 13:30:24,3224.29,2.331e-05
2024-04-15 13:30:36,3222.04,2.327e-05
2024-04-15 13:30:48,3219.93,2.327e-05
2024-04-15 13:31:00,3222.84,2.328e-05
2024-04-15 13:31:12,3223.1,2.328e-05
2024-04-15 13:31:24,3220.2,2.325e-05
2024-04-15 13:31:36,3222.84,2.329e-05
2024-04-15 13:31:48,3226.06,2.331e-05
2024-04-15 13:32:00,3226.79,2.333e-05
2024-04-15 13:32:12,3227.8,2.335e-05
2024-04-15 13:32:24,3225.83,2.332e-05
2024-04-15 13:32:36,3225.7,2.33e-05
2024-04-15 13:32:48,3227.99,2.331e-05
2024-04-15 13:33:00,3226.6,2.33e-05
2024-04-15 13:33:12,3226.47,2.331e-05
2024-04-15 13:33:24,3225.14,2.329e-05
2024-04-15 13:33:36,3222.04,2.325e-05
2024-04-15 13:33:48,3221.14,2.325e-05
2024-04-15 13:34:00,3220.58,2.324e-05
2024-04-15 13:34:12,3213.88,2.319e-05
2024-04-15 13:34:24,3216.52,2.321e-05
2024-04-15 13:34:36,3217.79,2.318e-05
2024-04-15 13:34:48,3219.14,2.318e-05
2024-04-15 13:35:00,3219.84,2.319e-05
2024-04-15 13:35:12,3219.01,2.318e-05
2024-04-15 13:35:24,3216.91,2.316e-05
2024-04-15 13:35:36,3215.36,2.315e-05
2024-04-15 13:35:48,3218.12,2.317e-05
2024-04-15 13:36:00,3217.82,2.316e-05
2024-04-15 13:36:12,3215.12,2.312e-05
2024-04-15 13:36:24,3214.37,2.313e-05
2024-04-15 13:36:36,3215.63,2.315e-05
2024-04-15 13:36:48,3208.03,2.308e-05
2024-04-15 13:37:00,3209.99,2.31e-05
2024-04-15 13:37:12,3207.48,2.306e-05
2024-04-15 13:37:24,3210.95,2.309e-05
2024-04-15 13:37:36,3207.8,2.306e-05
2024-04-15 13:37:48,3209.34,2.305e-05
2024-04-15 13:38:00,3209.56,2.305e-05
2024-04-15 13:38:12,3208.11,2.305e-05
2024-04-15 13:38:24,3204.05,2.3e-05
2024-04-15 13:38:36,3205.94,2.302e-05
2024-04-15 13:38:48,3203.74,2.302e-05
2024-04-15 13:39:00,3206.71,2.302e-05
2024-04-15 13:39:12,3207.58,2.306e-05
2024-04-15 13:39:24,3208.01,2.306e-05
2024-04-15 13:39:36,3207.88,2.306e-05
2024-04-15 13:39:48,3207.75,2.303e-05
2024-04-15 13:40:00,3207.0,2.306e-05
2024-04-15 13:40:12,3207.75,2.305e-05
2024-04-15 13:40:24,3207.98,2.306e-05
2024-04-15 13:40:36,3208.62,2.309e-05
2024-04-15 13:40:48,3208.0,2.307e-05
2024-04-15 13:41:00,3213.6,2.313e-05
2024-04-15 13:41:12,3215.45,2.316e-05
2024-04-15 13:41:24,3218.46,2.319e-05
2024-04-15 13:41:36,3217.97,2.317e-05
2024-04-15 13:41:48,3216.9,2.316e-05
2024-04-15 13:42:00,3217.11,2.318e-05
2024-04-15 13:42:12,3218.18,2.318e-05
2024-04-15 13:42:24,3221.3,2.322e-05
2024-04-15 13:42:36,3220.51,2.321e-05
2024-04-15 13:42:48,3219.9,2.321e-05
2024-04-15 13:43:00,3218.15,2.32e-05
2024-04-15 13:43:12,3219.99,2.321e-05
2024-04-15 13:43:24,3219.42,2.32e-05
2024-04-15 13:43:36,3219.99,2.32e-05
2024-04-15 13:43:48,3219.8,2.319e-05
2024-04-15 13:44:00,3219.2,2.319e-05
2024-04-15 13:44:12,3218.41,2.319e-05
2024-04-15 13:44:24,3219.11,2.32e-05
2024-04-15 13:44:36,3219.36,2.32e-05
2024-04-15 13:44:48,3219.13,2.32e-05
2024-04-15 13:45:00,3218.76,2.32e-05
2024-04-15 13:45:12,3218.99,2.32e-05
2024-04-15 13:45:24,3215.12,2.316e-05
2024-04-15 13:45:36,3212.7,2.315e-05
2024-04-15 13:45:48,3211.86,2.314e-05
2024-04-15 13:46:00,3214.37,2.316e-05
2024-04-15 13:46:12,3211.64,2.315e-05
2024-04-15 13:46:24,3215.99,2.32e-05
2024-04-15 13:46:36,3216.54,2.32e-05
2024-04-15 13:46:48,3215.9,2.32e-05
2024-04-15 13:47:00,3217.23,2.321e-05
2024-04-15 13:47:12,3218.21,2.322e-05
2024-04-15 13:47:24,3218.17,2.323e-05
2024-04-15 13:47:36,3218.17,2.324e-05
2024-04-15 13:47:48,3218.78,2.325e-05
2024-04-15 13:48:00,3220.82,2.327e-05
2024-04-15 13:48:12,3224.58,2.33e-05
2024-04-15 13:48:24,3223.64,2.331e-05
2024-04-15 13:48:36,3221.9,2.33e-05
2024-04-15 13:48:48,3219.73,2.329e-05
2024-04-15 13:49:00,3220.8,2.329e-05
2024-04-15 13:49:12,3220.74,2.33e-05
2024-04-15 13:49:24,3220.0,2.329e-05
2024-04-15 13:49:36,3219.54,2.328e-05
2024-04-15 13:49:48,3220.05,2.329e-05
2024-04-15 13:50:00,3219.56,2.328e-05
2024-04-15 13:50:12,3220.38,2.33e-05
2024-04-15 13:50:24,3223.66,2.333e-05
2024-04-15 13:50:36,3222.38,2.332e-05
2024-04-15 13:50:48,3222.29,2.332e-05
2024-04-15 13:51:00,3222.94,2.334e-05
2024-04-15 13:51:12,3223.19,2.333e-05
2024-04-15 13:51:24,3221.67,2.333e-05
2024-04-15 13:51:36,3219.07,2.328e-05
2024-04-15 13:51:48,3217.13,2.327e-05
2024-04-15 13:52:00,3216.65,2.326e-05
2024-04-15 13:52:12,3215.55,2.323e-05
2024-04-15 13:52:24,3212.45,2.32e-05
2024-04-15 13:52:36,3208.95,2.318e-05
2024-04-15 13:52:48,3203.76,2.314e-05
2024-04-15 13:53:00,3205.15,2.314e-05
2024-04-15 13:53:12,3204.34,2.312e-05
2024-04-15 13:53:24,3208.1,2.317e-05
2024-04-15 13:53:36,3211.3,2.318e-05
2024-04-15 13:53:48,3212.54,2.32e-05
2024-04-15 13:54:00,3210.01,2.318e-05
2024-04-15 13:54:12,3205.64,2.314e-05
2024-04-15 13:54:24,3205.05,2.312e-05
2024-04-15 13:54:36,3204.43,2.312e-05
2024-04-15 13:54:48,3205.13,2.314e-05
2024-04-15 13:55:00,3203.79,2.312e-05
2024-04-15 13:55:12,3202.54,2.31e-05
2024-04-15 13:55:24,3198.7,2.308e-05
2024-04-15 13:55:36,3199.1,2.306e-05
2024-04-15 13:55:48,3199.35,2.306e-05
2024-04-15 13:56:00,3198.55,2.305e-05
2024-04-15 13:56:12,3192.5,2.301e-05
2024-04-15 13:56:24,3194.47,2.301e-05
2024-04-15 13:56:36,3193.79,2.298e-05
2024-04-15 13:56:48,3191.08,2.297e-05
2024-04-15 13:57:00,3190.01,2.294e-05
2024-04-15 13:57:12,3191.56,2.297e-05
2024-04-15 13:57:24,3190.55,2.295e-05
2024-04-15 13:57:36,3191.17,2.297e-05
2024-04-15 13:57:48,3187.92,2.293e-05
2024-04-15 13:58:00,3188.11,2.294e-05
2024-04-15 13:58:12,3186.14,2.292e-05
2024-04-15 13:58:24,3185.24,2.29e-05
2024-04-15 13:58:36,3190.13,2.295e-05
2024-04-15 13:58:48,3189.25,2.293e-05
2024-04-15 13:59:00,3190.0,2.295e-05
2024-04-15 13:59:12,3193.31,2.298e-05
2024-04-15 13:59:24,3191.81,2.294e-05
2024-04-15 13:59:36,3192.96,2.296e-05
2024-04-15 13:59:48,3192.64,2.296e-05
2024-04-15 14:00:00,3193.63,2.297e-05
2024-04-15 14:00:12,3192.91,2.297e-05
2024-04-15 14:00:24,3191.86,2.297e-05
2024-04-15 14:00:36,3192.86,2.295e-05
2024-04-15 14:00:48,3192.66,2.296e-05
2024-04-15 14:01:00,3194.6,2.297e-05
2024-04-15 14:01:12,3191.35,2.292e-05
2024-04-15 14:01:24,3188.35,2.289e-05
2024-04-15 14:01:36,3190.25,2.291e-05
2024-04-15 14:01:48,3190.85,2.294e-05
2024-04-15 14:02:00,3191.96,2.294e-05
2024-04-15 14:02:12,3188.9,2.291e-05
2024-04-15 14:02:24,3192.76,2.294e-05
2024-04-15 14:02:36,3190.32,2.293e-05
2024-04-15 14:02:48,3193.96,2.296e-05
2024-04-15 14:03:00,3194.74,2.298e-05
2024-04-15 14:03:12,3201.25,2.304e-05
2024-04-15 14:03:24,3200.93,2.305e-05
2024-04-15 14:03:36,3201.2,2.305e-05
2024-04-15 14:03:48,3199.99,2.305e-05
2024-04-15 14:04:00,3200.03,2.308e-05
2024-04-15 14:04:12,3201.65,2.309e-05
2024-04-15 14:04:24,3200.95,2.307e-05
2024-04-15 14:04:36,3201.6,2.308e-05
2024-04-15 14:04:48,3202.56,2.307e-05
2024-04-15 14:05:00,3200.18,2.304e-05
2024-04-15 14:05:12,3197.68,2.3e-05
2024-04-15 14:05:24,3199.65,2.303e-05
2024-04-15 14:05:36,3202.69,2.308e-05
2024-04-15 14:05:48,3203.45,2.309e-05
2024-04-15 14:06:00,3207.28,2.314e-05
2024-04-15 14:06:12,3207.92,2.314e-05
2024-04-15 14:06:24,3208.24,2.315e-05
2024-04-15 14:06:36,3206.9,2.314e-05
2024-04-15 14:06:48,3206.75,2.312e-05
2024-04-15 14:07:00,3206.45,2.311e-05
2024-04-15 14:07:12,3206.99,2.312e-05
2024-04-15 14:07:24,3205.25,2.308e-05
2024-04-15 14:07:36,3203.75,2.306e-05
2024-04-15 14:07:48,3201.79,2.306e-05
2024-04-15 14:08:00,3200.59,2.304e-05
2024-04-15 14:08:12,3196.51,2.3e-05
2024-04-15 14:08:24,3189.49,2.292e-05
2024-04-15 14:08:36,3187.76,2.293e-05
2024-04-15 14:08:48,3187.61,2.292e-05
2024-04-15 14:09:00,3191.99,2.296e-05
2024-04-15 14:09:12,3188.64,2.295e-05
2024-04-15 14:09:24,3188.05,2.295e-05
2024-04-15 14:09:36,3189.7,2.295e-05
2024-04-15 14:09:48,3189.64,2.294e-05
2024-04-15 14:10:00,3190.92,2.295e-05
2024-04-15 14:10:12,3191.89,2.296e-05
2024-04-15 14:10:24,3194.19,2.298e-05
2024-04-15 14:10:36,3189.95,2.293e-05
2024-04-15 14:10:48,3188.89,2.292e-05
2024-04-15 14:11:00,3185.67,2.287e-05
2024-04-15 14:11:12,3187.35,2.288e-05
2024-04-15 14:11:24,3188.95,2.287e-05
2024-04-15 14:11:36,3190.64,2.289e-05
2024-04-15 14:11:48,3187.3,2.285e-05
2024-04-15 14:12:00,3186.49,2.284e-05
2024-04-15 14:12:12,3185.13,2.283e-05
2024-04-15 14:12:24,3185.84,2.285e-05
2024-04-15 14:12:36,3189.42,2.288e-05
2024-04-15 14:12:48,3186.32,2.284e-05
2024-04-15 14:13:00,3188.5,2.286e-05
2024-04-15 14:13:12,3185.54,2.283e-05
2024-04-15 14:13:24,3186.32,2.284e-05
2024-04-15 14:13:36,3188.45,2.285e-05
2024-04-15 14:13:48,3188.28,2.283e-05
2024-04-15 14:14:00,3186.33,2.281e-05
2024-04-15 14:14:12,3184.7,2.277e-05
2024-04-15 14:14:24,3180.65,2.275e-05
2024-04-15 14:14:36,3177.54,2.272e-05
2024-04-15 14:14:48,3176.63,2.271e-05
2024-04-15 14:15:00,3173.52,2.27e-05
2024-04-15 14:15:12,3177.4,2.275e-05
2024-04-15 14:15:24,3181.83,2.279e-05
2024-04-15 14:15:36,3185.12,2.283e-05
2024-04-15 14:15:48,3185.96,2.28e-05
2024-04-15 14:16:00,3186.68,2.281e-05
2024-04-15 14:16:12,3190.89,2.285e-05
2024-04-15 14:16:24,3188.9,2.283e-05
2024-04-15 14:16:36,3188.05,2.283e-05
2024-04-15 14:16:48,3186.85,2.284e-05
2024-04-15 14:17:00,3189.7,2.286e-05
2024-04-15 14:17:12,3191.09,2.287e-05
2024-04-15 14:17:24,3190.64,2.285e-05
2024-04-15 14:17:36,3192.51,2.287e-05
2024-04-15 14:17:48,3189.9,2.286e-05
2024-04-15 14:18:00,3190.65,2.286e-05
2024-04-15 14:18:12,3192.55,2.289e-05
2024-04-15 14:18:24,3192.35,2.288e-05
2024-04-15 14:18:36,3194.38,2.289e-05
2024-04-15 14:18:48,3194.08,2.289e-05
2024-04-15 14:19:00,3192.34,2.288e-05
2024-04-15 14:19:12,3190.01,2.285e-05
2024-04-15 14:19:24,3187.91,2.285e-05
2024-04-15 14:19:36,3190.36,2.285e-05
2024-04-15 14:19:48,3191.73,2.288e-05
2024-04-15 14:20:00,3191.9,2.287e-05
2024-04-15 14:20:12,3190.5,2.285e-05
2024-04-15 14:20:24,3190.3,2.284e-05
2024-04-15 14:20:36,3188.8,2.282e-05
2024-04-15 14:20:48,3189.74,2.283e-05
2024-04-15 14:21:00,3189.87,2.284e-05
2024-04-15 14:21:12,3185.0,2.277e-05
2024-04-15 14:21:24,3186.76,2.28e-05
2024-04-15 14:21:36,3187.59,2.28e-05
2024-04-15 14:21:48,3187.24,2.28e-05
2024-04-15 14:22:00,3186.18,2.277e-05
2024-04-15 14:22:12,3187.15,2.28e-05
2024-04-15 14:22:24,3188.0,2.28e-05
2024-04-15 14:22:36,3187.27,2.281e-05
2024-04-15 14:22:48,3190.13,2.282e-05
2024-04-15 14:23:00,3190.39,2.283e-05
2024-04-15 14:23:12,3190.81,2.284e-05
2024-04-15 14:23:24,3190.52,2.282e-05
2024-04-15 14:23:36,3191.75,2.283e-05
2024-04-15 14:23:48,3192.14,2.283e-05
2024-04-15 14:24:00,3192.34,2.282e-05
2024-04-15 14:24:12,3191.95,2.282e-05
2024-04-15 14:24:24,3188.06,2.277e-05
2024-04-15 14:24:36,3188.55,2.277e-05
2024-04-15 14:24:48,3188.15,2.277e-05
2024-04-15 14:25:00,3187.32,2.276e-05
2024-04-15 14:25:12,3186.63,2.277e-05
2024-04-15 14:25:24,3190.4,2.281e-05
2024-04-15 14:25:36,3187.67,2.276e-05
2024-04-15 14:25:48,3186.95,2.275e-05
2024-04-15 14:26:00,3186.04,2.277e-05
2024-04-15 14:26:12,3185.21,2.274e-05
2024-04-15 14:26:24,3185.6,2.276e-05
2024-04-15 14:26:36,3184.58,2.275e-05
2024-04-15 14:26:48,3187.44,2.278e-05
2024-04-15 14:27:00,3186.68,2.278e-05
2024-04-15 14:27:12,3184.33,2.273e-05
2024-04-15 14:27:24,3185.0,2.275e-05
2024-04-15 14:27:36,3184.26,2.274e-05
2024-04-15 14:27:48,3180.0,2.27e-05
2024-04-15 14:28:00,3180.55,2.271e-05
2024-04-15 14:28:12,3180.44,2.271e-05
2024-04-15 14:28:24,3179.69,2.276e-05
2024-04-15 14:28:36,3180.67,2.276e-05
2024-04-15 14:28:48,3183.3,2.278e-05
2024-04-15 14:29:00,3182.81,2.278e-05
2024-04-15 14:29:12,3181.59,2.277e-05
2024-04-15 14:29:24,3182.58,2.278e-05
2024-04-15 14:29:36,3184.06,2.278e-05
2024-04-15 14:29:48,3185.45,2.28e-05
2024-04-15 14:30:00,3184.8,2.28e-05
2024-04-15 14:30:12,3185.78,2.281e-05
2024-04-15 14:30:24,3187.93,2.284e-05
2024-04-15 14:30:36,3190.35,2.285e-05
2024-04-15 14:30:48,3190.3,2.285e-05
2024-04-15 14:31:00,3191.15,2.286e-05
2024-04-15 14:31:12,3192.17,2.288e-05
2024-04-15 14:31:24,3191.45,2.287e-05
2024-04-15 14:31:36,3194.69,2.289e-05
2024-04-15 14:31:48,3193.65,2.29e-05
2024-04-15 14:32:00,3192.56,2.287e-05
2024-04-15 14:32:12,3192.12,2.286e-05
2024-04-15 14:32:24,3191.13,2.285e-05
2024-04-15 14:32:36,3189.6,2.283e-05
2024-04-15 14:32:48,3192.1,2.285e-05
2024-04-15 14:33:00,3192.37,2.287e-05
2024-04-15 14:33:12,3192.39,2.287e-05
2024-04-15 14:33:24,3192.41,2.287e-05
2024-04-15 14:33:36,3191.57,2.285e-05
2024-04-15 14:33:48,3189.65,2.283e-05
2024-04-15 14:34:00,3189.4,2.283e-05
2024-04-15 14:34:12,3187.26,2.282e-05
2024-04-15 14:34:24,3185.23,2.28e-05
2024-04-15 14:34:36,3188.39,2.283e-05
2024-04-15 14:34:48,3190.12,2.284e-05
2024-04-15 14:35:00,3190.4,2.284e-05
2024-04-15 14:35:12,3190.25,2.285e-05
2024-04-15 14:35:24,3187.01,2.281e-05
2024-04-15 14:35:36,3186.5,2.28e-05
2024-04-15 14:35:48,3187.29,2.279e-05
2024-04-15 14:36:00,3186.44,2.278e-05
2024-04-15 14:36:12,3185.45,2.277e-05
2024-04-15 14:36:24,3186.74,2.279e-05
2024-04-15 14:36:36,3189.83,2.281e-05
2024-04-15 14:36:48,3191.09,2.281e-05
2024-04-15 14:37:00,3191.69,2.283e-05
2024-04-15 14:37:12,3192.71,2.284e-05
2024-04-15 14:37:24,3189.65,2.28e-05
2024-04-15 14:37:36,3188.36,2.279e-05
2024-04-15 14:37:48,3186.75,2.276e-05
2024-04-15 14:38:00,3185.21,2.275e-05
2024-04-15 14:38:12,3178.44,2.271e-05
2024-04-15 14:38:24,3179.55,2.273e-05
2024-04-15 14:38:36,3181.8,2.274e-05
2024-04-15 14:38:48,3183.19,2.275e-05
2024-04-15 14:39:00,3179.84,2.274e-05
2024-04-15 14:39:12,3177.0,2.271e-05
2024-04-15 14:39:24,3177.05,2.27e-05
2024-04-15 14:39:36,3174.48,2.267e-05
2024-04-15 14:39:48,3174.0,2.266e-05
2024-04-15 14:40:00,3170.27,2.265e-05
2024-04-15 14:40:12,3170.28,2.265e-05
2024-04-15 14:40:24,3168.11,2.262e-05
2024-04-15 14:40:36,3169.2,2.265e-05
2024-04-15 14:40:48,3169.88,2.264e-05
2024-04-15 14:41:00,3173.7,2.267e-05
2024-04-15 14:41:12,3170.61,2.262e-05
2024-04-15 14:41:24,3166.2,2.259e-05
2024-04-15 14:41:36,3167.15,2.259e-05
2024-04-15 14:41:48,3171.51,2.263e-05
2024-04-15 14:42:00,3172.19,2.263e-05
2024-04-15 14:42:12,3169.68,2.26e-05
2024-04-15 14:42:24,3169.7,2.261e-05
2024-04-15 14:42:36,3167.37,2.257e-05
2024-04-15 14:42:48,3167.64,2.258e-05
2024-04-15 14:43:00,3164.02,2.255e-05
2024-04-15 14:43:12,3165.57,2.257e-05
2024-04-15 14:43:24,3162.41,2.253e-05
2024-04-15 14:43:36,3158.5,2.25e-05
2024-04-15 14:43:48,3161.7,2.252e-05
2024-04-15 14:44:00,3161.28,2.25e-05
2024-04-15 14:44:12,3160.52,2.251e-05
2024-04-15 14:44:24,3157.7,2.248e-05
2024-04-15 14:44:36,3160.99,2.252e-05
2024-04-15 14:44:48,3159.53,2.25e-05
2024-04-15 14:45:00,3161.69,2.252e-05
2024-04-15 14:45:12,3158.5,2.249e-05
2024-04-15 14:45:24,3164.18,2.258e-05
2024-04-15 14:45:36,3162.9,2.254e-05
2024-04-15 14:45:48,3162.04,2.253e-05
2024-04-15 14:46:00,3162.64,2.254e-05
2024-04-15 14:46:12,3160.49,2.252e-05
2024-04-15 14:46:24,3159.97,2.251e-05
2024-04-15 14:46:36,3153.9,2.246e-05
2024-04-15 14:46:48,3155.19,2.247e-05
2024-04-15 14:47:00,3151.66,2.245e-05
2024-04-15 14:47:12,3150.99,2.246e-05
2024-04-15 14:47:24,3156.43,2.253e-05
2024-04-15 14:47:36,3156.5,2.252e-05
2024-04-15 14:47:48,3153.62,2.247e-05
2024-04-15 14:48:00,3149.03,2.245e-05
2024-04-15 14:48:12,3146.9,2.243e-05
2024-04-15 14:48:24,3147.35,2.245e-05
2024-04-15 14:48:36,3143.79,2.242e-05
2024-04-15 14:48:48,3142.02,2.24e-05
2024-04-15 14:49:00,3141.75,2.237e-05
2024-04-15 14:49:12,3142.85,2.238e-05
2024-04-15 14:49:24,3138.91,2.234e-05
2024-04-15 14:49:36,3142.87,2.237e-05
2024-04-15 14:49:48,3145.75,2.242e-05
2024-04-15 14:50:00,3144.18,2.24e-05
2024-04-15 14:50:12,3147.44,2.243e-05
2024-04-15 14:50:24,3139.2,2.233e-05
2024-04-15 14:50:36,3138.65,2.234e-05
2024-04-15 14:50:48,3142.09,2.235e-05
2024-04-15 14:51:00,3142.24,2.235e-05
2024-04-15 14:51:12,3140.17,2.233e-05
2024-04-15 14:51:24,3136.58,2.23e-05
2024-04-15 14:51:36,3138.71,2.231e-05
2024-04-15 14:51:48,3137.38,2.229e-05
2024-04-15 14:52:00,3145.69,2.237e-05
2024-04-15 14:52:12,3140.23,2.231e-05
2024-04-15 14:52:24,3141.84,2.233e-05
2024-04-15 14:52:36,3144.22,2.237e-05
2024-04-15 14:52:48,3147.04,2.24e-05
2024-04-15 14:53:00,3150.25,2.244e-05
2024-04-15 14:53:12,3151.73,2.245e-05
2024-04-15 14:53:24,3144.25,2.237e-05
2024-04-15 14:53:36,3148.38,2.24e-05
2024-04-15 14:53:48,3146.06,2.237e-05
2024-04-15 14:54:00,3148.2,2.236e-05
2024-04-15 14:54:12,3142.66,2.23e-05
2024-04-15 14:54:24,3139.8,2.228e-05
2024-04-15 14:54:36,3142.4,2.23e-05
2024-04-15 14:54:48,3142.45,2.231e-05
2024-04-15 14:55:00,3143.9,2.232e-05
2024-04-15 14:55:12,3143.24,2.231e-05
2024-04-15 14:55:24,3141.2,2.231e-05
2024-04-15 14:55:36,3141.49,2.232e-05
2024-04-15 14:55:48,3138.17,2.228e-05
2024-04-15 14:56:00,3136.71,2.229e-05
2024-04-15 14:56:12,3141.12,2.233e-05
2024-04-15 14:56:24,3137.29,2.227e-05
2024-04-15 14:56:36,3139.93,2.23e-05
2024-04-15 14:56:48,3143.32,2.232e-05
2024-04-15 14:57:00,3142.86,2.233e-05
2024-04-15 14:57:12,3145.47,2.237e-05
2024-04-15 14:57:24,3140.33,2.231e-05
2024-04-15 14:57:36,3137.86,2.229e-05
2024-04-15 14:57:48,3140.3,2.232e-05
2024-04-15 14:58:00,3137.0,2.228e-05
2024-04-15 14:58:12,3134.07,2.227e-05
2024-04-15 14:58:24,3129.03,2.222e-05
2024-04-15 14:58:36,3127.92,2.22e-05
2024-04-15 14:58:48,3127.52,2.219e-05
2024-04-15 14:59:00,3126.25,2.217e-05
2024-04-15 14:59:12,3131.63,2.222e-05
2024-04-15 14:59:24,3129.48,2.219e-05
2024-04-15 14:59:36,3132.25,2.224e-05
2024-04-15 14:59:48,3131.95,2.223e-05
2024-04-15 15:00:00,3128.82,2.22e-05
2024-04-15 15:00:12,3131.5,2.222e-05
2024-04-15 15:00:24,3127.01,2.216e-05
2024-04-15 15:00:36,3124.45,2.212e-05
2024-04-15 15:00:48,3120.21,2.205e-05
2024-04-15 15:01:00,3118.4,2.203e-05
2024-04-15 15:01:12,3115.4,2.199e-05
2024-04-15 15:01:24,3117.23,2.196e-05
2024-04-15 15:01:36,3113.94,2.195e-05
2024-04-15 15:01:48,3107.97,2.192e-05
2024-04-15 15:02:00,3106.96,2.19e-05
2024-04-15 15:02:12,3107.96,2.19e-05
2024-04-15 15:02:24,3114.52,2.199e-05
2024-04-15 15:02:36,3120.45,2.203e-05
2024-04-15 15:02:48,3120.01,2.202e-05
2024-04-15 15:03:00,3121.74,2.206e-05
2024-04-15 15:03:12,3127.5,2.214e-05
2024-04-15 15:03:24,3127.74,2.215e-05
2024-04-15 15:03:36,3128.47,2.217e-05
2024-04-15 15:03:48,3129.13,2.217e-05
2024-04-15 15:04:00,3128.39,2.215e-05
2024-04-15 15:04:12,3131.22,2.222e-05
2024-04-15 15:04:24,3134.57,2.223e-05
2024-04-15 15:04:36,3130.24,2.219e-05
2024-04-15 15:04:48,3127.28,2.215e-05
2024-04-15 15:05:00,3126.61,2.215e-05
2024-04-15 15:05:12,3129.66,2.218e-05
2024-04-15 15:05:24,3130.35,2.217e-05
2024-04-15 15:05:36,3135.11,2.222e-05
2024-04-15 15:05:48,3132.59,2.218e-05
2024-04-15 15:06:00,3132.03,2.216e-05
2024-04-15 15:06:12,3135.77,2.223e-05
2024-04-15 15:06:24,3140.11,2.227e-05
2024-04-15 15:06:36,3136.58,2.225e-05
2024-04-15 15:06:48,3134.59,2.222e-05
2024-04-15 15:07:00,3136.99,2.225e-05
2024-04-15 15:07:12,3133.45,2.221e-05
2024-04-15 15:07:24,3132.61,2.22e-05
2024-04-15 15:07:36,3134.1,2.223e-05
2024-04-15 15:07:48,3134.35,2.222e-05
2024-04-15 15:08:00,3134.48,2.22e-05
2024-04-15 15:08:12,3131.4,2.215e-05
2024-04-15 15:08:24,3131.5,2.216e-05
2024-04-15 15:08:36,3128.81,2.212e-05
2024-04-15 15:08:48,3124.92,2.208e-05
2024-04-15 15:09:00,3124.05,2.207e-05
2024-04-15 15:09:12,3124.9,2.206e-05
2024-04-15 15:09:24,3129.75,2.211e-05
2024-04-15 15:09:36,3130.54,2.211e-05
2024-04-15 15:09:48,3128.1,2.208e-05
2024-04-15 15:10:00,3130.05,2.21e-05
2024-04-15 15:10:12,3129.59,2.211e-05
2024-04-15 15:10:24,3133.44,2.215e-05
2024-04-15 15:10:36,3134.76,2.218e-05
2024-04-15 15:10:48,3132.25,2.214e-05
2024-04-15 15:11:00,3131.18,2.212e-05
2024-04-15 15:11:12,3131.5,2.213e-05
2024-04-15 15:11:24,3129.13,2.209e-05
2024-04-15 15:11:36,3131.7,2.211e-05
2024-04-15 15:11:48,3131.5,2.212e-05
2024-04-15 15:12:00,3131.56,2.214e-05
2024-04-15 15:12:12,3130.38,2.212e-05
2024-04-15 15:12:24,3132.31,2.213e-05
2024-04-15 15:12:36,3135.11,2.219e-05
2024-04-15 15:12:48,3139.81,2.222e-05
2024-04-15 15:13:00,3137.94,2.221e-05
2024-04-15 15:13:12,3136.3,2.221e-05
2024-04-15 15:13:24,3134.06,2.218e-05
2024-04-15 15:13:36,3134.06,2.219e-05
2024-04-15 15:13:48,3136.38,2.221e-05
2024-04-15 15:14:00,3136.6,2.221e-05
2024-04-15 15:14:12,3135.11,2.218e-05
2024-04-15 15:14:24,3133.95,2.218e-05
2024-04-15 15:14:36,3134.87,2.219e-05
2024-04-15 15:14:48,3134.74,2.219e-05
2024-04-15 15:15:00,3135.59,2.22e-05
2024-04-15 15:15:12,3134.24,2.218e-05
2024-04-15 15:15:24,3131.16,2.215e-05
2024-04-15 15:15:36,3130.16,2.212e-05
2024-04-15 15:15:48,3133.0,2.214e-05
2024-04-15 15:16:00,3134.85,2.217e-05
2024-04-15 15:16:12,3131.16,2.212e-05
2024-04-15 15:16:24,3137.92,2.218e-05
2024-04-15 15:16:36,3139.23,2.22e-05
2024-04-15 15:16:48,3139.51,2.22e-05
2024-04-15 15:17:00,3138.91,2.218e-05
2024-04-15 15:17:12,3141.95,2.221e-05
2024-04-15 15:17:24,3147.16,2.228e-05
2024-04-15 15:17:36,3151.85,2.233e-05
2024-04-15 15:17:48,3150.11,2.231e-05
2024-04-15 15:18:00,3151.03,2.231e-05
2024-04-15 15:18:12,3150.19,2.229e-05
2024-04-15 15:18:24,3146.48,2.229e-05
2024-04-15 15:18:36,3144.06,2.227e-05
2024-04-15 15:18:48,3144.25,2.228e-05
2024-04-15 15:19:00,3144.36,2.229e-05
2024-04-15 15:19:12,3145.32,2.23e-05
2024-04-15 15:19:24,3146.59,2.232e-05
2024-04-15 15:19:36,3147.49,2.235e-05
2024-04-15 15:19:48,3151.46,2.24e-05
2024-04-15 15:20:00,3151.47,2.239e-05
2024-04-15 15:20:12,3150.26,2.237e-05
2024-04-15 15:20:24,3146.48,2.233e-05
2024-04-15 15:20:36,3148.12,2.233e-05
2024-04-15 15:20:48,3147.65,2.234e-05
2024-04-15 15:21:00,3147.97,2.236e-05
2024-04-15 15:21:12,3149.42,2.236e-05
2024-04-15 15:21:24,3148.57,2.236e-05
2024-04-15 15:21:36,3149.55,2.236e-05
2024-04-15 15:21:48,3150.63,2.237e-05
2024-04-15 15:22:00,3150.39,2.237e-05
2024-04-15 15:22:12,3150.38,2.238e-05
2024-04-15 15:22:24,3150.04,2.236e-05
2024-04-15 15:22:36,3150.85,2.24e-05
2024-04-15 15:22:48,3148.39,2.238e-05
2024-04-15 15:23:00,3147.16,2.235e-05
2024-04-15 15:23:12,3144.7,2.234e-05
2024-04-15 15:23:24,3142.9,2.231e-05
2024-04-15 15:23:36,3144.64,2.232e-05
2024-04-15 15:23:48,3142.86,2.227e-05
2024-04-15 15:24:00,3144.6,2.229e-05
2024-04-15 15:24:12,3142.39,2.229e-05
2024-04-15 15:24:24,3143.28,2.23e-05
2024-04-15 15:24:36,3143.16,2.23e-05
2024-04-15 15:24:48,3142.56,2.231e-05
2024-04-15 15:25:00,3145.59,2.232e-05
2024-04-15 15:25:12,3144.51,2.232e-05
2024-04-15 15:25:24,3146.61,2.236e-05
2024-04-15 15:25:36,3148.49,2.237e-05
2024-04-15 15:25:48,3146.3,2.235e-05
2024-04-15 15:26:00,3144.77,2.231e-05
2024-04-15 15:26:12,3143.13,2.227e-05
2024-04-15 15:26:24,3141.91,2.225e-05
2024-04-15 15:26:36,3142.24,2.226e-05
2024-04-15 15:26:48,3140.71,2.224e-05
2024-04-15 15:27:00,3141.52,2.225e-05
2024-04-15 15:27:12,3139.75,2.224e-05
2024-04-15 15:27:24,3141.5,2.227e-05
2024-04-15 15:27:36,3142.65,2.229e-05
2024-04-15 15:27:48,3144.1,2.231e-05
2024-04-15 15:28:00,3145.71,2.231e-05
2024-04-15 15:28:12,3143.5,2.228e-05
2024-04-15 15:28:24,3142.71,2.228e-05
2024-04-15 15:28:36,3142.68,2.226e-05
2024-04-15 15:28:48,3141.71,2.226e-05
2024-04-15 15:29:00,3141.94,2.226e-05
2024-04-15 15:29:12,3142.9,2.227e-05
2024-04-15 15:29:24,3145.75,2.231e-05
2024-04-15 15:29:36,3148.71,2.236e-05
2024-04-15 15:29:48,3147.11,2.235e-05
2024-04-15 15:30:00,3148.2,2.231e-05
2024-04-15 15:30:12,3149.93,2.233e-05
2024-04-15 15:30:24,3151.11,2.235e-05
2024-04-15 15:30:36,3151.5,2.234e-05
2024-04-15 15:30:48,3149.92,2.231e-05
2024-04-15 15:31:00,3149.9,2.23e-05
2024-04-15 15:31:12,3151.93,2.234e-05
2024-04-15 15:31:24,3148.42,2.229e-05
2024-04-15 15:31:36,3149.93,2.231e-05
2024-04-15 15:31:48,3150.34,2.234e-05
2024-04-15 15:32:00,3153.2,2.236e-05
2024-04-15 15:32:12,3149.91,2.231e-05
2024-04-15 15:32:24,3152.31,2.232e-05
2024-04-15 15:32:36,3150.0,2.229e-05
2024-04-15 15:32:48,3149.39,2.228e-05
2024-04-15 15:33:00,3145.95,2.225e-05
2024-04-15 15:33:12,3144.51,2.222e-05
2024-04-15 15:33:24,3142.03,2.221e-05
2024-04-15 15:33:36,3141.24,2.22e-05
2024-04-15 15:33:48,3143.3,2.222e-05
2024-04-15 15:34:00,3145.07,2.223e-05
2024-04-15 15:34:12,3148.95,2.228e-05
2024-04-15 15:34:24,3147.88,2.227e-05
2024-04-15 15:34:36,3144.76,2.223e-05
2024-04-15 15:34:48,3146.24,2.224e-05
2024-04-15 15:35:00,3147.29,2.225e-05
2024-04-15 15:35:12,3148.26,2.228e-05
2024-04-15 15:35:24,3144.92,2.223e-05
2024-04-15 15:35:36,3137.69,2.216e-05
2024-04-15 15:35:48,3140.65,2.218e-05
2024-04-15 15:36:00,3143.23,2.222e-05
2024-04-15 15:36:12,3141.39,2.219e-05
2024-04-15 15:36:24,3140.87,2.218e-05
2024-04-15 15:36:36,3140.04,2.216e-05
2024-04-15 15:36:48,3140.18,2.216e-05
2024-04-15 15:37:00,3141.38,2.217e-05
2024-04-15 15:37:12,3145.31,2.222e-05
2024-04-15 15:37:24,3148.42,2.224e-05
2024-04-15 15:37:36,3151.14,2.228e-05
2024-04-15 15:37:48,3152.5,2.229e-05
2024-04-15 15:38:00,3149.01,2.226e-05
2024-04-15 15:38:12,3150.06,2.223e-05
2024-04-15 15:38:24,3146.3,2.218e-05
2024-04-15 15:38:36,3146.48,2.217e-05
2024-04-15 15:38:48,3147.25,2.216e-05
2024-04-15 15:39:00,3146.41,2.216e-05
2024-04-15 15:39:12,3147.35,2.216e-05
2024-04-15 15:39:24,3149.66,2.22e-05
2024-04-15 15:39:36,3146.86,2.217e-05
2024-04-15 15:39:48,3148.95,2.218e-05
2024-04-15 15:40:00,3148.31,2.219e-05
2024-04-15 15:40:12,3149.26,2.219e-05
2024-04-15 15:40:24,3150.65,2.219e-05
2024-04-15 15:40:36,3153.01,2.223e-05
2024-04-15 15:40:48,3151.45,2.222e-05
2024-04-15 15:41:00,3154.08,2.225e-05
2024-04-15 15:41:12,3152.25,2.223e-05
2024-04-15 15:41:24,3148.09,2.219e-05
2024-04-15 15:41:36,3145.8,2.214e-05
2024-04-15 15:41:48,3145.14,2.213e-05
2024-04-15 15:42:00,3146.47,2.215e-05
2024-04-15 15:42:12,3148.51,2.218e-05
2024-04-15 15:42:24,3145.33,2.212e-05
2024-04-15 15:42:36,3143.24,2.211e-05
2024-04-15 15:42:48,3140.88,2.211e-05
2024-04-15 15:43:00,3141.53,2.21e-05
2024-04-15 15:43:12,3138.58,2.207e-05
2024-04-15 15:43:24,3140.75,2.209e-05
2024-04-15 15:43:36,3138.29,2.204e-05
2024-04-15 15:43:48,3140.3,2.207e-05
2024-04-15 15:44:00,3139.81,2.207e-05
2024-04-15 15:44:12,3139.44,2.206e-05
2024-04-15 15:44:24,3141.7,2.208e-05
2024-04-15 15:44:36,3140.21,2.205e-05
2024-04-15 15:44:48,3140.66,2.205e-05
2024-04-15 15:45:00,3140.25,2.205e-05
2024-04-15 15:45:12,3143.54,2.21e-05
2024-04-15 15:45:24,3140.76,2.207e-05
2024-04-15 15:45:36,3139.97,2.206e-05
2024-04-15 15:45:48,3143.04,2.209e-05
2024-04-15 15:46:00,3142.54,2.211e-05
2024-04-15 15:46:12,3147.04,2.214e-05
2024-04-15 15:46:24,3149.66,2.217e-05
2024-04-15 15:46:36,3149.18,2.215e-05
2024-04-15 15:46:48,3146.65,2.214e-05
2024-04-15 15:47:00,3146.5,2.213e-05
2024-04-15 15:47:12,3147.73,2.216e-05
2024-04-15 15:47:24,3149.65,2.221e-05
2024-04-15 15:47:36,3146.31,2.214e-05
2024-04-15 15:47:48,3150.5,2.22e-05
2024-04-15 15:48:00,3148.48,2.217e-05
2024-04-15 15:48:12,3145.99,2.215e-05
2024-04-15 15:48:24,3147.6,2.217e-05
2024-04-15 15:48:36,3150.5,2.221e-05
2024-04-15 15:48:48,3151.45,2.222e-05
2024-04-15 15:49:00,3149.92,2.221e-05
2024-04-15 15:49:12,3149.75,2.22e-05
2024-04-15 15:49:24,3149.21,2.219e-05
2024-04-15 15:49:36,3147.84,2.216e-05
2024-04-15 15:49:48,3150.89,2.222e-05
2024-04-15 15:50:00,3150.93,2.222e-05
2024-04-15 15:50:12,3151.95,2.225e-05
2024-04-15 15:50:24,3149.77,2.221e-05
2024-04-15 15:50:36,3152.79,2.224e-05
2024-04-15 15:50:48,3152.1,2.224e-05
2024-04-15 15:51:00,3154.49,2.227e-05
2024-04-15 15:51:12,3160.47,2.229e-05
2024-04-15 15:51:24,3161.36,2.231e-05
2024-04-15 15:51:36,3163.23,2.232e-05
2024-04-15 15:51:48,3159.35,2.23e-05
2024-04-15 15:52:00,3160.6,2.23e-05
2024-04-15 15:52:12,3158.77,2.229e-05
2024-04-15 15:52:24,3158.88,2.229e-05
2024-04-15 15:52:36,3159.2,2.232e-05
2024-04-15 15:52:48,3160.41,2.232e-05
2024-04-15 15:53:00,3157.5,2.229e-05
2024-04-15 15:53:12,3158.36,2.23e-05
2024-04-15 15:53:24,3156.46,2.226e-05
2024-04-15 15:53:36,3159.01,2.23e-05
2024-04-15 15:53:48,3161.2,2.232e-05
2024-04-15 15:54:00,3161.85,2.232e-05
2024-04-15 15:54:12,3159.36,2.23e-05
2024-04-15 15:54:24,3158.37,2.228e-05
2024-04-15 15:54:36,3157.7,2.226e-05
2024-04-15 15:54:48,3159.13,2.227e-05
2024-04-15 15:55:00,3157.54,2.226e-05
2024-04-15 15:55:12,3156.08,2.223e-05
2024-04-15 15:55:24,3154.8,2.222e-05
2024-04-15 15:55:36,3156.0,2.223e-05
2024-04-15 15:55:48,3155.75,2.223e-05
2024-04-15 15:56:00,3155.05,2.223e-05
2024-04-15 15:56:12,3156.19,2.225e-05
2024-04-15 15:56:24,3155.87,2.224e-05
2024-04-15 15:56:36,3156.6,2.224e-05
2024-04-15 15:56:48,3157.81,2.226e-05
2024-04-15 15:57:00,3157.54,2.225e-05
2024-04-15 15:57:12,3158.53,2.226e-05
2024-04-15 15:57:24,3157.62,2.224e-05
2024-04-15 15:57:36,3159.05,2.227e-05
2024-04-15 15:57:48,3161.63,2.229e-05
2024-04-15 15:58:00,3157.69,2.225e-05
2024-04-15 15:58:12,3156.06,2.223e-05
2024-04-15 15:58:24,3158.05,2.225e-05
2024-04-15 15:58:36,3157.05,2.223e-05
2024-04-15 15:58:48,3158.29,2.225e-05
2024-04-15 15:59:00,3160.42,2.226e-05
2024-04-15 15:59:12,3159.71,2.225e-05
2024-04-15 15:59:24,3160.47,2.226e-05
2024-04-15 15:59:36,3164.18,2.228e-05
2024-04-15 15:59:48,3163.87,2.229e-05
2024-04-15 16:00:00,3163.2,2.23e-05
2024-04-15 16:00:12,3162.0,2.227e-05
2024-04-15 16:00:24,3159.95,2.224e-05
2024-04-15 16:00:36,3164.16,2.229e-05
2024-04-15 16:00:48,3166.17,2.229e-05
2024-04-15 16:01:00,3164.16,2.229e-05
2024-04-15 16:01:12,3162.36,2.225e-05
2024-04-15 16:01:24,3160.1,2.222e-05
2024-04-15 16:01:36,3160.25,2.222e-05
2024-04-15 16:01:48,3162.88,2.224e-05
2024-04-15 16:02:00,3166.57,2.23e-05
2024-04-15 16:02:12,3166.69,2.23e-05
2024-04-15 16:02:24,3167.71,2.231e-05
2024-04-15 16:02:36,3169.88,2.234e-05
2024-04-15 16:02:48,3172.69,2.237e-05
2024-04-15 16:03:00,3172.66,2.238e-05
2024-04-15 16:03:12,3173.27,2.238e-05
2024-04-15 16:03:24,3177.71,2.241e-05
2024-04-15 16:03:36,3177.07,2.244e-05
2024-04-15 16:03:48,3176.9,2.244e-05
2024-04-15 16:04:00,3175.35,2.242e-05
2024-04-15 16:04:12,3172.69,2.239e-05
2024-04-15 16:04:24,3171.61,2.236e-05
2024-04-15 16:04:36,3171.36,2.236e-05
2024-04-15 16:04:48,3171.65,2.236e-05
2024-04-15 16:05:00,3171.8,2.236e-05
2024-04-15 16:05:12,3171.27,2.235e-05
2024-04-15 16:05:24,3169.66,2.234e-05
2024-04-15 16:05:36,3169.92,2.234e-05
2024-04-15 16:05:48,3171.19,2.234e-05
2024-04-15 16:06:00,3171.9,2.234e-05
2024-04-15 16:06:12,3172.4,2.235e-05
2024-04-15 16:06:24,3171.83,2.236e-05
2024-04-15 16:06:36,3171.5,2.235e-05
2024-04-15 16:06:48,3171.8,2.236e-05
2024-04-15 16:07:00,3171.6,2.235e-05
2024-04-15 16:07:12,3172.59,2.237e-05
2024-04-15 16:07:24,3171.48,2.235e-05
2024-04-15 16:07:36,3172.3,2.236e-05
2024-04-15 16:07:48,3170.07,2.232e-05
2024-04-15 16:08:00,3169.45,2.231e-05
2024-04-15 16:08:12,3163.37,2.227e-05
2024-04-15 16:08:24,3164.96,2.228e-05
2024-04-15 16:08:36,3165.45,2.228e-05
2024-04-15 16:08:48,3168.68,2.232e-05
2024-04-15 16:09:00,3166.88,2.229e-05
2024-04-15 16:09:12,3163.2,2.227e-05
2024-04-15 16:09:24,3163.68,2.226e-05
2024-04-15 16:09:36,3166.99,2.231e-05
2024-04-15 16:09:48,3167.1,2.231e-05
2024-04-15 16:10:00,3168.25,2.231e-05
2024-04-15 16:10:12,3167.3,2.226e-05
2024-04-15 16:10:24,3167.95,2.225e-05
2024-04-15 16:10:36,3165.86,2.224e-05
2024-04-15 16:10:48,3165.46,2.221e-05
2024-04-15 16:11:00,3162.19,2.217e-05
2024-04-15 16:11:12,3162.51,2.217e-05
2024-04-15 16:11:24,3159.82,2.216e-05
2024-04-15 16:11:36,3159.99,2.217e-05
2024-04-15 16:11:48,3160.17,2.217e-05
2024-04-15 16:12:00,3159.85,2.217e-05
2024-04-15 16:12:12,3159.79,2.216e-05
2024-04-15 16:12:24,3160.65,2.218e-05
2024-04-15 16:12:36,3160.41,2.214e-05
2024-04-15 16:12:48,3160.27,2.214e-05
2024-04-15 16:13:00,3160.7,2.213e-05
2024-04-15 16:13:12,3159.83,2.214e-05
2024-04-15 16:13:24,3159.64,2.214e-05
2024-04-15 16:13:36,3161.9,2.218e-05
2024-04-15 16:13:48,3162.64,2.217e-05
2024-04-15 16:14:00,3162.74,2.217e-05
2024-04-15 16:14:12,3165.1,2.218e-05
2024-04-15 16:14:24,3166.0,2.22e-05
2024-04-15 16:14:36,3164.32,2.216e-05
2024-04-15 16:14:48,3165.39,2.217e-05
2024-04-15 16:15:00,3165.54,2.216e-05
2024-04-15 16:15:12,3168.24,2.221e-05
2024-04-15 16:15:24,3167.7,2.218e-05
2024-04-15 16:15:36,3164.73,2.214e-05
2024-04-15 16:15:48,3162.62,2.213e-05
2024-04-15 16:16:00,3162.04,2.213e-05
2024-04-15 16:16:12,3160.92,2.213e-05
2024-04-15 16:16:24,3158.82,2.21e-05
2024-04-15 16:16:36,3158.53,2.208e-05
2024-04-15 16:16:48,3158.1,2.207e-05
2024-04-15 16:17:00,3157.9,2.206e-05
2024-04-15 16:17:12,3157.63,2.206e-05
2024-04-15 16:17:24,3153.54,2.203e-05
2024-04-15 16:17:36,3150.07,2.2e-05
2024-04-15 16:17:48,3147.39,2.195e-05
2024-04-15 16:18:00,3152.74,2.197e-05
2024-04-15 16:18:12,3151.14,2.197e-05
2024-04-15 16:18:24,3148.39,2.193e-05
2024-04-15 16:18:36,3148.53,2.194e-05
2024-04-15 16:18:48,3148.72,2.194e-05
2024-04-15 16:19:00,3148.9,2.196e-05
2024-04-15 16:19:12,3150.7,2.199e-05
2024-04-15 16:19:24,3147.59,2.193e-05
2024-04-15 16:19:36,3150.59,2.197e-05
2024-04-15 16:19:48,3149.93,2.196e-05
2024-04-15 16:20:00,3151.1,2.195e-05
2024-04-15 16:20:12,3154.86,2.201e-05
2024-04-15 16:20:24,3155.12,2.202e-05
2024-04-15 16:20:36,3155.2,2.201e-05
2024-04-15 16:20:48,3155.05,2.199e-05
2024-04-15 16:21:00,3155.7,2.202e-05
2024-04-15 16:21:12,3156.05,2.202e-05
2024-04-15 16:21:24,3153.36,2.198e-05
2024-04-15 16:21:36,3151.71,2.197e-05
2024-04-15 16:21:48,3151.56,2.197e-05
2024-04-15 16:22:00,3151.21,2.195e-05
2024-04-15 16:22:12,3150.4,2.193e-05
2024-04-15 16:22:24,3146.86,2.189e-05
2024-04-15 16:22:36,3146.81,2.187e-05
2024-04-15 16:22:48,3145.58,2.188e-05
2024-04-15 16:23:00,3147.49,2.191e-05
2024-04-15 16:23:12,3148.63,2.192e-05
2024-04-15 16:23:24,3151.21,2.194e-05
2024-04-15 16:23:36,3152.57,2.196e-05
2024-04-15 16:23:48,3153.14,2.196e-05
2024-04-15 16:24:00,3153.91,2.195e-05
2024-04-15 16:24:12,3152.64,2.193e-05
2024-04-15 16:24:24,3148.47,2.188e-05
2024-04-15 16:24:36,3149.9,2.19e-05
2024-04-15 16:24:48,3151.96,2.192e-05
2024-04-15 16:25:00,3151.99,2.191e-05
2024-04-15 16:25:12,3150.2,2.187e-05
2024-04-15 16:25:24,3151.68,2.19e-05
2024-04-15 16:25:36,3151.46,2.189e-05
2024-04-15 16:25:48,3153.89,2.192e-05
2024-04-15 16:26:00,3151.56,2.189e-05
2024-04-15 16:26:12,3147.98,2.186e-05
2024-04-15 16:26:24,3148.38,2.185e-05
2024-04-15 16:26:36,3147.48,2.184e-05
2024-04-15 16:26:48,3150.88,2.189e-05
2024-04-15 16:27:00,3152.32,2.188e-05
2024-04-15 16:27:12,3148.56,2.183e-05
2024-04-15 16:27:24,3149.0,2.184e-05
2024-04-15 16:27:36,3154.39,2.193e-05
2024-04-15 16:27:48,3155.9,2.195e-05
2024-04-15 16:28:00,3154.11,2.193e-05
2024-04-15 16:28:12,3155.12,2.194e-05
2024-04-15 16:28:24,3155.14,2.193e-05
2024-04-15 16:28:36,3159.17,2.198e-05
2024-04-15 16:28:48,3157.0,2.194e-05
2024-04-15 16:29:00,3156.22,2.195e-05
2024-04-15 16:29:12,3155.46,2.193e-05
2024-04-15 16:29:24,3154.26,2.191e-05
2024-04-15 16:29:36,3156.29,2.195e-05
2024-04-15 16:29:48,3154.7,2.192e-05
2024-04-15 16:30:00,3154.69,2.193e-05
2024-04-15 16:30:12,3151.23,2.188e-05
2024-04-15 16:30:24,3149.1,2.185e-05
2024-04-15 16:30:36,3146.94,2.186e-05
2024-04-15 16:30:48,3147.27,2.187e-05
2024-04-15 16:31:00,3147.45,2.189e-05
2024-04-15 16:31:12,3146.7,2.186e-05
2024-04-15 16:31:24,3142.31,2.181e-05
2024-04-15 16:31:36,3140.7,2.18e-05
2024-04-15 16:31:48,3141.4,2.181e-05
2024-04-15 16:32:00,3144.05,2.183e-05
2024-04-15 16:32:12,3144.1,2.183e-05
2024-04-15 16:32:24,3140.99,2.181e-05
2024-04-15 16:32:36,3141.14,2.181e-05
2024-04-15 16:32:48,3141.04,2.182e-05
2024-04-15 16:33:00,3142.77,2.184e-05
2024-04-15 16:33:12,3140.71,2.183e-05
2024-04-15 16:33:24,3145.7,2.188e-05
2024-04-15 16:33:36,3147.56,2.189e-05
2024-04-15 16:33:48,3148.39,2.19e-05
2024-04-15 16:34:00,3148.21,2.19e-05
2024-04-15 16:34:12,3152.1,2.196e-05
2024-04-15 16:34:24,3156.06,2.2e-05
2024-04-15 16:34:36,3158.07,2.199e-05
2024-04-15 16:34:48,3159.56,2.203e-05
2024-04-15 16:35:00,3157.31,2.198e-05
2024-04-15 16:35:12,3160.62,2.203e-05
2024-04-15 16:35:24,3160.1,2.204e-05
2024-04-15 16:35:36,3160.62,2.205e-05
2024-04-15 16:35:48,3162.2,2.205e-05
2024-04-15 16:36:00,3161.45,2.204e-05
2024-04-15 16:36:12,3160.34,2.202e-05
2024-04-15 16:36:24,3161.88,2.204e-05
2024-04-15 16:36:36,3161.41,2.202e-05
2024-04-15 16:36:48,3160.85,2.203e-05
2024-04-15 16:37:00,3162.69,2.204e-05
2024-04-15 16:37:12,3162.26,2.203e-05
2024-04-15 16:37:24,3162.4,2.203e-05
2024-04-15 16:37:36,3162.11,2.202e-05
2024-04-15 16:37:48,3160.11,2.2e-05
2024-04-15 16:38:00,3158.46,2.199e-05
2024-04-15 16:38:12,3153.04,2.194e-05
2024-04-15 16:38:24,3149.45,2.19e-05
2024-04-15 16:38:36,3147.05,2.19e-05
2024-04-15 16:38:48,3145.31,2.189e-05
2024-04-15 16:39:00,3146.63,2.188e-05
2024-04-15 16:39:12,3147.73,2.189e-05
2024-04-15 16:39:24,3147.33,2.191e-05
2024-04-15 16:39:36,3149.34,2.192e-05
2024-04-15 16:39:48,3147.46,2.191e-05
2024-04-15 16:40:00,3146.84,2.189e-05
2024-04-15 16:40:12,3145.85,2.188e-05
2024-04-15 16:40:24,3141.18,2.184e-05
2024-04-15 16:40:36,3144.57,2.184e-05
2024-04-15 16:40:48,3143.55,2.183e-05
2024-04-15 16:41:00,3144.41,2.185e-05
2024-04-15 16:41:12,3144.81,2.186e-05
2024-04-15 16:41:24,3147.35,2.189e-05
2024-04-15 16:41:36,3148.79,2.189e-05
2024-04-15 16:41:48,3148.88,2.189e-05
2024-04-15 16:42:00,3146.39,2.187e-05
2024-04-15 16:42:12,3147.57,2.188e-05
2024-04-15 16:42:24,3149.84,2.19e-05
2024-04-15 16:42:36,3146.15,2.189e-05
2024-04-15 16:42:48,3141.51,2.187e-05
2024-04-15 16:43:00,3145.32,2.189e-05
2024-04-15 16:43:12,3144.52,2.187e-05
2024-04-15 16:43:24,3144.7,2.187e-05
2024-04-15 16:43:36,3146.13,2.189e-05
2024-04-15 16:43:48,3147.5,2.19e-05
2024-04-15 16:44:00,3149.15,2.191e-05
2024-04-15 16:44:12,3147.03,2.188e-05
2024-04-15 16:44:24,3145.19,2.187e-05
2024-04-15 16:44:36,3148.75,2.19e-05
2024-04-15 16:44:48,3149.17,2.189e-05
2024-04-15 16:45:00,3148.77,2.189e-05
2024-04-15 16:45:12,3150.36,2.19e-05
2024-04-15 16:45:24,3151.04,2.191e-05
2024-04-15 16:45:36,3148.38,2.188e-05
2024-04-15 16:45:48,3151.34,2.19e-05
2024-04-15 16:46:00,3151.5,2.192e-05
2024-04-15 16:46:12,3156.13,2.197e-05
2024-04-15 16:46:24,3150.88,2.192e-05
2024-04-15 16:46:36,3148.76,2.19e-05
2024-04-15 16:46:48,3146.66,2.188e-05
2024-04-15 16:47:00,3149.35,2.19e-05
2024-04-15 16:47:12,3152.09,2.193e-05
2024-04-15 16:47:24,3151.49,2.195e-05
2024-04-15 16:47:36,3149.65,2.194e-05
2024-04-15 16:47:48,3147.15,2.191e-05
2024-04-15 16:48:00,3146.73,2.19e-05
2024-04-15 16:48:12,3148.55,2.192e-05
2024-04-15 16:48:24,3149.71,2.194e-05
2024-04-15 16:48:36,3152.41,2.198e-05
2024-04-15 16:48:48,3151.99,2.197e-05
2024-04-15 16:49:00,3152.41,2.198e-05
2024-04-15 16:49:12,3149.32,2.197e-05
2024-04-15 16:49:24,3145.8,2.194e-05
2024-04-15 16:49:36,3144.66,2.194e-05
2024-04-15 16:49:48,3146.48,2.194e-05
2024-04-15 16:50:00,3146.24,2.194e-05
2024-04-15 16:50:12,3149.2,2.197e-05
2024-04-15 16:50:24,3148.6,2.197e-05
2024-04-15 16:50:36,3144.35,2.193e-05
2024-04-15 16:50:48,3144.86,2.192e-05
2024-04-15 16:51:00,3145.9,2.193e-05
2024-04-15 16:51:12,3142.66,2.188e-05
2024-04-15 16:51:24,3138.02,2.185e-05
2024-04-15 16:51:36,3136.38,2.183e-05
2024-04-15 16:51:48,3135.72,2.185e-05
2024-04-15 16:52:00,3136.73,2.186e-05
2024-04-15 16:52:12,3132.86,2.184e-05
2024-04-15 16:52:24,3136.91,2.187e-05
2024-04-15 16:52:36,3133.99,2.184e-05
2024-04-15 16:52:48,3137.04,2.188e-05
2024-04-15 16:53:00,3136.36,2.187e-05
2024-04-15 16:53:12,3131.96,2.182e-05
2024-04-15 16:53:24,3136.16,2.186e-05
2024-04-15 16:53:36,3136.82,2.188e-05
2024-04-15 16:53:48,3140.18,2.197e-05
2024-04-15 16:54:00,3139.06,2.193e-05
2024-04-15 16:54:12,3140.88,2.195e-05
2024-04-15 16:54:24,3139.05,2.191e-05
2024-04-15 16:54:36,3141.45,2.196e-05
2024-04-15 16:54:48,3143.59,2.201e-05
2024-04-15 16:55:00,3146.75,2.204e-05
2024-04-15 16:55:12,3149.36,2.206e-05
2024-04-15 16:55:24,3149.89,2.204e-05
2024-04-15 16:55:36,3148.19,2.2e-05
2024-04-15 16:55:48,3145.8,2.201e-05
2024-04-15 16:56:00,3143.96,2.198e-05
2024-04-15 16:56:12,3146.75,2.202e-05
2024-04-15 16:56:24,3144.05,2.199e-05
2024-04-15 16:56:36,3142.16,2.198e-05
2024-04-15 16:56:48,3144.07,2.2e-05
2024-04-15 16:57:00,3142.39,2.199e-05
2024-04-15 16:57:12,3141.1,2.198e-05
2024-04-15 16:57:24,3143.55,2.199e-05
2024-04-15 16:57:36,3137.26,2.194e-05
2024-04-15 16:57:48,3137.4,2.193e-05
2024-04-15 16:58:00,3136.95,2.193e-05
2024-04-15 16:58:12,3137.65,2.194e-05
2024-04-15 16:58:24,3136.85,2.193e-05
2024-04-15 16:58:36,3137.3,2.194e-05
2024-04-15 16:58:48,3138.62,2.195e-05
2024-04-15 16:59:00,3137.37,2.193e-05
2024-04-15 16:59:12,3136.56,2.193e-05
2024-04-15 16:59:24,3137.85,2.194e-05
2024-04-15 16:59:36,3135.91,2.191e-05
2024-04-15 16:59:48,3134.05,2.187e-05
2024-04-15 17:00:00,3136.7,2.19e-05
2024-04-15 17:00:12,3134.91,2.188e-05
2024-04-15 17:00:24,3132.62,2.188e-05
2024-04-15 17:00:36,3134.76,2.191e-05
2024-04-15 17:00:48,3133.82,2.19e-05
2024-04-15 17:01:00,3135.53,2.191e-05
2024-04-15 17:01:12,3139.0,2.197e-05
2024-04-15 17:01:24,3137.3,2.196e-05
2024-04-15 17:01:36,3134.7,2.194e-05
2024-04-15 17:01:48,3140.63,2.2e-05
2024-04-15 17:02:00,3141.44,2.202e-05
2024-04-15 17:02:12,3143.0,2.203e-05
2024-04-15 17:02:24,3143.83,2.203e-05
2024-04-15 17:02:36,3140.05,2.201e-05
2024-04-15 17:02:48,3138.7,2.2e-05
2024-04-15 17:03:00,3137.12,2.196e-05
2024-04-15 17:03:12,3141.38,2.201e-05
2024-04-15 17:03:24,3144.08,2.204e-05
2024-04-15 17:03:36,3141.85,2.202e-05
2024-04-15 17:03:48,3144.62,2.205e-05
2024-04-15 17:04:00,3143.39,2.204e-05
2024-04-15 17:04:12,3148.6,2.21e-05
2024-04-15 17:04:24,3147.04,2.208e-05
2024-04-15 17:04:36,3144.86,2.206e-05
2024-04-15 17:04:48,3143.51,2.204e-05
2024-04-15 17:05:00,3141.34,2.203e-05
2024-04-15 17:05:12,3144.85,2.206e-05
2024-04-15 17:05:24,3147.47,2.209e-05
2024-04-15 17:05:36,3150.23,2.21e-05
2024-04-15 17:05:48,3148.33,2.209e-05
2024-04-15 17:06:00,3147.0,2.208e-05
2024-04-15 17:06:12,3149.92,2.211e-05
2024-04-15 17:06:24,3151.35,2.213e-05
2024-04-15 17:06:36,3150.25,2.21e-05
2024-04-15 17:06:48,3150.84,2.212e-05
2024-04-15 17:07:00,3152.25,2.211e-05
2024-04-15 17:07:12,3153.03,2.212e-05
2024-04-15 17:07:24,3157.33,2.215e-05
2024-04-15 17:07:36,3154.02,2.212e-05
2024-04-15 17:07:48,3154.5,2.212e-05
2024-04-15 17:08:00,3153.15,2.21e-05
2024-04-15 17:08:12,3153.61,2.211e-05
2024-04-15 17:08:24,3153.8,2.213e-05
2024-04-15 17:08:36,3155.16,2.214e-05
2024-04-15 17:08:48,3158.3,2.22e-05
2024-04-15 17:09:00,3164.07,2.222e-05
2024-04-15 17:09:12,3162.84,2.22e-05
2024-04-15 17:09:24,3160.67,2.216e-05
2024-04-15 17:09:36,3163.19,2.216e-05
2024-04-15 17:09:48,3163.23,2.216e-05
2024-04-15 17:10:00,3162.19,2.214e-05
2024-04-15 17:10:12,3163.04,2.216e-05
2024-04-15 17:10:24,3166.62,2.219e-05
2024-04-15 17:10:36,3167.03,2.22e-05
2024-04-15 17:10:48,3165.08,2.219e-05
2024-04-15 17:11:00,3165.26,2.217e-05
2024-04-15 17:11:12,3170.35,2.221e-05
2024-04-15 17:11:24,3170.01,2.222e-05
2024-04-15 17:11:36,3170.18,2.223e-05
2024-04-15 17:11:48,3170.51,2.225e-05
2024-04-15 17:12:00,3171.12,2.225e-05
2024-04-15 17:12:12,3173.12,2.226e-05
2024-04-15 17:12:24,3168.81,2.219e-05
2024-04-15 17:12:36,3166.17,2.217e-05
2024-04-15 17:12:48,3166.0,2.219e-05
2024-04-15 17:13:00,3164.57,2.216e-05
2024-04-15 17:13:12,3164.56,2.218e-05
2024-04-15 17:13:24,3161.64,2.215e-05
2024-04-15 17:13:36,3160.63,2.215e-05
2024-04-15 17:13:48,3160.62,2.215e-05
2024-04-15 17:14:00,3159.12,2.215e-05
2024-04-15 17:14:12,3157.65,2.212e-05
2024-04-15 17:14:24,3156.06,2.211e-05
2024-04-15 17:14:36,3157.1,2.212e-05
2024-04-15 17:14:48,3157.44,2.213e-05
2024-04-15 17:15:00,3156.46,2.211e-05
2024-04-15 17:15:12,3154.5,2.21e-05
2024-04-15 17:15:24,3156.58,2.211e-05
2024-04-15 17:15:36,3154.2,2.207e-05
2024-04-15 17:15:48,3155.94,2.209e-05
2024-04-15 17:16:00,3154.16,2.206e-05
2024-04-15 17:16:12,3152.42,2.204e-05
2024-04-15 17:16:24,3148.9,2.201e-05
2024-04-15 17:16:36,3148.2,2.201e-05
2024-04-15 17:16:48,3148.4,2.2e-05
2024-04-15 17:17:00,3146.12,2.199e-05
2024-04-15 17:17:12,3147.35,2.201e-05
2024-04-15 17:17:24,3150.0,2.201e-05
2024-04-15 17:17:36,3149.68,2.203e-05
2024-04-15 17:17:48,3150.95,2.203e-05
2024-04-15 17:18:00,3149.09,2.202e-05
2024-04-15 17:18:12,3146.29,2.2e-05
2024-04-15 17:18:24,3143.69,2.198e-05
2024-04-15 17:18:36,3143.44,2.198e-05
2024-04-15 17:18:48,3140.41,2.194e-05
2024-04-15 17:19:00,3140.54,2.195e-05
2024-04-15 17:19:12,3140.1,2.194e-05
2024-04-15 17:19:24,3139.86,2.195e-05
2024-04-15 17:19:36,3138.45,2.193e-05
2024-04-15 17:19:48,3139.92,2.192e-05
2024-04-15 17:20:00,3135.56,2.191e-05
2024-04-15 17:20:12,3135.3,2.192e-05
2024-04-15 17:20:24,3132.7,2.189e-05
2024-04-15 17:20:36,3127.97,2.185e-05
2024-04-15 17:20:48,3123.25,2.183e-05
2024-04-15 17:21:00,3121.43,2.181e-05
2024-04-15 17:21:12,3124.16,2.184e-05
2024-04-15 17:21:24,3123.28,2.183e-05
2024-04-15 17:21:36,3124.01,2.183e-05
2024-04-15 17:21:48,3123.02,2.183e-05
2024-04-15 17:22:00,3124.27,2.184e-05
2024-04-15 17:22:12,3124.92,2.188e-05
2024-04-15 17:22:24,3126.09,2.188e-05
2024-04-15 17:22:36,3123.61,2.186e-05
2024-04-15 17:22:48,3122.89,2.186e-05
2024-04-15 17:23:00,3123.12,2.185e-05
2024-04-15 17:23:12,3122.71,2.184e-05
2024-04-15 17:23:24,3120.67,2.183e-05
2024-04-15 17:23:36,3117.07,2.18e-05
2024-04-15 17:23:48,3120.58,2.185e-05
2024-04-15 17:24:00,3120.73,2.184e-05
2024-04-15 17:24:12,3118.7,2.182e-05
2024-04-15 17:24:24,3123.48,2.186e-05
2024-04-15 17:24:36,3121.83,2.185e-05
2024-04-15 17:24:48,3120.75,2.183e-05
2024-04-15 17:25:00,3118.91,2.182e-05
2024-04-15 17:25:12,3120.21,2.182e-05
2024-04-15 17:25:24,3113.89,2.177e-05
2024-04-15 17:25:36,3107.02,2.17e-05
2024-04-15 17:25:48,3100.08,2.165e-05
2024-04-15 17:26:00,3099.25,2.163e-05
2024-04-15 17:26:12,3096.8,2.162e-05
2024-04-15 17:26:24,3096.86,2.163e-05
2024-04-15 17:26:36,3101.93,2.166e-05
2024-04-15 17:26:48,3106.96,2.17e-05
2024-04-15 17:27:00,3103.48,2.167e-05
2024-04-15 17:27:12,3103.54,2.167e-05
2024-04-15 17:27:24,3100.18,2.162e-05
2024-04-15 17:27:36,3104.63,2.166e-05
2024-04-15 17:27:48,3106.96,2.166e-05
2024-04-15 17:28:00,3112.79,2.173e-05
2024-04-15 17:28:12,3108.65,2.167e-05
2024-04-15 17:28:24,3108.25,2.168e-05
2024-04-15 17:28:36,3104.53,2.163e-05
2024-04-15 17:28:48,3104.5,2.164e-05
2024-04-15 17:29:00,3103.95,2.163e-05
2024-04-15 17:29:12,3104.15,2.162e-05
2024-04-15 17:29:24,3105.96,2.164e-05
2024-04-15 17:29:36,3103.57,2.16e-05
2024-04-15 17:29:48,3104.77,2.16e-05
2024-04-15 17:30:00,3102.4,2.155e-05
2024-04-15 17:30:12,3106.47,2.162e-05
2024-04-15 17:30:24,3105.2,2.161e-05
2024-04-15 17:30:36,3102.62,2.157e-05
2024-04-15 17:30:48,3102.87,2.159e-05
2024-04-15 17:31:00,3103.6,2.161e-05
2024-04-15 17:31:12,3102.47,2.159e-05
2024-04-15 17:31:24,3108.65,2.166e-05
2024-04-15 17:31:36,3108.18,2.164e-05
2024-04-15 17:31:48,3109.34,2.166e-05
2024-04-15 17:32:00,3112.36,2.171e-05
2024-04-15 17:32:12,3111.3,2.171e-05
2024-04-15 17:32:24,3110.01,2.167e-05
2024-04-15 17:32:36,3111.47,2.17e-05
2024-04-15 17:32:48,3111.13,2.169e-05
2024-04-15 17:33:00,3109.14,2.169e-05
2024-04-15 17:33:12,3110.01,2.171e-05
2024-04-15 17:33:24,3110.77,2.172e-05
2024-04-15 17:33:36,3114.17,2.176e-05
2024-04-15 17:33:48,3113.65,2.175e-05
2024-04-15 17:34:00,3110.82,2.171e-05
2024-04-15 17:34:12,3111.56,2.172e-05
2024-04-15 17:34:24,3112.9,2.175e-05
2024-04-15 17:34:36,3115.0,2.178e-05
2024-04-15 17:34:48,3115.71,2.176e-05
2024-04-15 17:35:00,3112.63,2.173e-05
2024-04-15 17:35:12,3115.86,2.176e-05
2024-04-15 17:35:24,3116.13,2.177e-05
2024-04-15 17:35:36,3114.36,2.175e-05
2024-04-15 17:35:48,3118.77,2.18e-05
2024-04-15 17:36:00,3118.51,2.179e-05
2024-04-15 17:36:12,3118.01,2.177e-05
2024-04-15 17:36:24,3115.31,2.175e-05
2024-04-15 17:36:36,3114.18,2.174e-05
2024-04-15 17:36:48,3111.42,2.171e-05
2024-04-15 17:37:00,3110.04,2.171e-05
2024-04-15 17:37:12,3104.59,2.166e-05
2024-04-15 17:37:24,3103.64,2.165e-05
2024-04-15 17:37:36,3108.06,2.169e-05
2024-04-15 17:37:48,3105.9,2.169e-05
2024-04-15 17:38:00,3107.83,2.171e-05
2024-04-15 17:38:12,3104.81,2.168e-05
2024-04-15 17:38:24,3105.28,2.169e-05
2024-04-15 17:38:36,3101.65,2.165e-05
2024-04-15 17:38:48,3101.55,2.166e-05
2024-04-15 17:39:00,3104.25,2.169e-05
2024-04-15 17:39:12,3101.03,2.165e-05
2024-04-15 17:39:24,3099.27,2.162e-05
2024-04-15 17:39:36,3099.86,2.163e-05
2024-04-15 17:39:48,3102.04,2.165e-05
2024-04-15 17:40:00,3101.13,2.164e-05
2024-04-15 17:40:12,3097.21,2.161e-05
2024-04-15 17:40:24,3095.24,2.16e-05
2024-04-15 17:40:36,3097.04,2.159e-05
2024-04-15 17:40:48,3100.99,2.165e-05
2024-04-15 17:41:00,3102.99,2.166e-05
2024-04-15 17:41:12,3098.88,2.162e-05
2024-04-15 17:41:24,3098.45,2.16e-05
2024-04-15 17:41:36,3096.79,2.159e-05
2024-04-15 17:41:48,3094.69,2.156e-05
2024-04-15 17:42:00,3095.23,2.155e-05
2024-04-15 17:42:12,3100.82,2.159e-05
2024-04-15 17:42:24,3098.77,2.155e-05
2024-04-15 17:42:36,3103.75,2.16e-05
2024-04-15 17:42:48,3098.46,2.156e-05
2024-04-15 17:43:00,3099.91,2.157e-05
2024-04-15 17:43:12,3098.83,2.153e-05
2024-04-15 17:43:24,3098.92,2.153e-05
2024-04-15 17:43:36,3101.01,2.157e-05
2024-04-15 17:43:48,3099.41,2.155e-05
2024-04-15 17:44:00,3099.96,2.154e-05
2024-04-15 17:44:12,3096.52,2.148e-05
2024-04-15 17:44:24,3099.25,2.15e-05
2024-04-15 17:44:36,3099.98,2.153e-05
2024-04-15 17:44:48,3099.28,2.151e-05
2024-04-15 17:45:00,3098.45,2.151e-05
2024-04-15 17:45:12,3101.27,2.153e-05
2024-04-15 17:45:24,3104.5,2.158e-05
2024-04-15 17:45:36,3103.93,2.161e-05
2024-04-15 17:45:48,3103.85,2.157e-05
2024-04-15 17:46:00,3107.39,2.161e-05
2024-04-15 17:46:12,3107.07,2.161e-05
2024-04-15 17:46:24,3111.81,2.166e-05
2024-04-15 17:46:36,3107.5,2.158e-05
2024-04-15 17:46:48,3108.86,2.159e-05
2024-04-15 17:47:00,3108.79,2.158e-05
2024-04-15 17:47:12,3107.19,2.156e-05
2024-04-15 17:47:24,3104.91,2.154e-05
2024-04-15 17:47:36,3102.17,2.153e-05
2024-04-15 17:47:48,3101.56,2.151e-05
2024-04-15 17:48:00,3099.15,2.151e-05
2024-04-15 17:48:12,3100.38,2.149e-05
2024-04-15 17:48:24,3098.36,2.147e-05
2024-04-15 17:48:36,3099.98,2.15e-05
2024-04-15 17:48:48,3101.36,2.15e-05
2024-04-15 17:49:00,3099.23,2.151e-05
2024-04-15 17:49:12,3099.59,2.15e-05
2024-04-15 17:49:24,3099.82,2.151e-05
2024-04-15 17:49:36,3101.96,2.155e-05
2024-04-15 17:49:48,3101.96,2.154e-05
2024-04-15 17:50:00,3103.11,2.152e-05
2024-04-15 17:50:12,3098.14,2.148e-05
2024-04-15 17:50:24,3098.32,2.152e-05
2024-04-15 17:50:36,3098.35,2.151e-05
2024-04-15 17:50:48,3102.43,2.157e-05
2024-04-15 17:51:00,3106.34,2.161e-05
2024-04-15 17:51:12,3112.2,2.18e-05
2024-04-15 17:51:24,3111.11,2.181e-05
2024-04-15 17:51:36,3109.0,2.174e-05
2024-04-15 17:51:48,3109.21,2.174e-05
2024-04-15 17:52:00,3108.85,2.172e-05
2024-04-15 17:52:12,3108.89,2.172e-05
2024-04-15 17:52:24,3107.52,2.169e-05
2024-04-15 17:52:36,3109.76,2.175e-05
2024-04-15 17:52:48,3112.57,2.179e-05
2024-04-15 17:53:00,3115.28,2.181e-05
2024-04-15 17:53:12,3118.57,2.184e-05
2024-04-15 17:53:24,3120.54,2.189e-05
2024-04-15 17:53:36,3120.09,2.188e-05
2024-04-15 17:53:48,3116.86,2.185e-05
2024-04-15 17:54:00,3118.21,2.182e-05
2024-04-15 17:54:12,3118.2,2.183e-05
2024-04-15 17:54:24,3118.66,2.185e-05
2024-04-15 17:54:36,3116.95,2.182e-05
2024-04-15 17:54:48,3118.05,2.184e-05
2024-04-15 17:55:00,3118.45,2.184e-05
2024-04-15 17:55:12,3115.5,2.179e-05
2024-04-15 17:55:24,3113.64,2.169e-05
2024-04-15 17:55:36,3113.58,2.169e-05
2024-04-15 17:55:48,3113.7,2.17e-05
2024-04-15 17:56:00,3114.17,2.171e-05
2024-04-15 17:56:12,3112.35,2.169e-05
2024-04-15 17:56:24,3118.22,2.176e-05
2024-04-15 17:56:36,3116.22,2.172e-05
2024-04-15 17:56:48,3112.1,2.169e-05
2024-04-15 17:57:00,3115.46,2.174e-05
2024-04-15 17:57:12,3113.55,2.174e-05
2024-04-15 17:57:24,3116.79,2.176e-05
2024-04-15 17:57:36,3117.21,2.177e-05
2024-04-15 17:57:48,3113.31,2.175e-05
2024-04-15 17:58:00,3114.93,2.178e-05
2024-04-15 17:58:12,3116.04,2.182e-05
2024-04-15 17:58:24,3119.84,2.183e-05
2024-04-15 17:58:36,3119.53,2.181e-05
2024-04-15 17:58:48,3117.69,2.179e-05
2024-04-15 17:59:00,3114.71,2.176e-05
2024-04-15 17:59:12,3113.1,2.174e-05
2024-04-15 17:59:24,3112.75,2.172e-05
2024-04-15 17:59:36,3113.85,2.172e-05
2024-04-15 17:59:48,3113.4,2.172e-05
2024-04-15 18:00:00,3115.61,2.173e-05
2024-04-15 18:00:12,3113.9,2.171e-05
2024-04-15 18:00:24,3118.76,2.176e-05
2024-04-15 18:00:36,3119.56,2.179e-05
2024-04-15 18:00:48,3122.65,2.184e-05
2024-04-15 18:01:00,3122.2,2.183e-05
2024-04-15 18:01:12,3120.96,2.18e-05
2024-04-15 18:01:24,3119.19,2.178e-05
2024-04-15 18:01:36,3116.52,2.174e-05
2024-04-15 18:01:48,3115.82,2.175e-05
2024-04-15 18:02:00,3115.67,2.174e-05
2024-04-15 18:02:12,3115.37,2.173e-05
2024-04-15 18:02:24,3115.55,2.176e-05
2024-04-15 18:02:36,3118.0,2.181e-05
2024-04-15 18:02:48,3117.25,2.18e-05
2024-04-15 18:03:00,3116.01,2.177e-05
2024-04-15 18:03:12,3114.17,2.172e-05
2024-04-15 18:03:24,3113.46,2.17e-05
2024-04-15 18:03:36,3112.78,2.171e-05
2024-04-15 18:03:48,3113.11,2.171e-05
2024-04-15 18:04:00,3114.76,2.172e-05
2024-04-15 18:04:12,3117.99,2.177e-05
2024-04-15 18:04:24,3120.74,2.181e-05
2024-04-15 18:04:36,3121.62,2.18e-05
2024-04-15 18:04:48,3121.66,2.18e-05
2024-04-15 18:05:00,3119.86,2.179e-05
2024-04-15 18:05:12,3118.37,2.177e-05
2024-04-15 18:05:24,3119.45,2.176e-05
2024-04-15 18:05:36,3121.59,2.18e-05
2024-04-15 18:05:48,3122.1,2.181e-05
2024-04-15 18:06:00,3120.37,2.177e-05
2024-04-15 18:06:12,3116.55,2.17e-05
2024-04-15 18:06:24,3118.8,2.171e-05
2024-04-15 18:06:36,3121.35,2.175e-05
2024-04-15 18:06:48,3123.64,2.18e-05
2024-04-15 18:07:00,3120.07,2.176e-05
2024-04-15 18:07:12,3117.75,2.172e-05
2024-04-15 18:07:24,3118.24,2.173e-05
2024-04-15 18:07:36,3118.51,2.176e-05
2024-04-15 18:07:48,3118.12,2.175e-05
2024-04-15 18:08:00,3117.04,2.175e-05
2024-04-15 18:08:12,3118.58,2.18e-05
2024-04-15 18:08:24,3121.79,2.188e-05
2024-04-15 18:08:36,3119.95,2.19e-05
2024-04-15 18:08:48,3121.53,2.2e-05
2024-04-15 18:09:00,3119.23,2.192e-05
2024-04-15 18:09:12,3118.34,2.187e-05
2024-04-15 18:09:24,3118.74,2.185e-05
2024-04-15 18:09:36,3118.77,2.184e-05
2024-04-15 18:09:48,3118.85,2.182e-05
2024-04-15 18:10:00,3117.87,2.18e-05
2024-04-15 18:10:12,3114.7,2.179e-05
2024-04-15 18:10:24,3114.7,2.18e-05
2024-04-15 18:10:36,3112.22,2.179e-05
2024-04-15 18:10:48,3114.07,2.181e-05
2024-04-15 18:11:00,3113.35,2.178e-05
2024-04-15 18:11:12,3118.11,2.189e-05
2024-04-15 18:11:24,3116.45,2.187e-05
2024-04-15 18:11:36,3114.3,2.184e-05
2024-04-15 18:11:48,3114.29,2.185e-05
2024-04-15 18:12:00,3114.5,2.185e-05
2024-04-15 18:12:12,3112.49,2.18e-05
2024-04-15 18:12:24,3112.94,2.185e-05
2024-04-15 18:12:36,3112.8,2.186e-05
2024-04-15 18:12:48,3112.7,2.186e-05
2024-04-15 18:13:00,3113.7,2.186e-05
2024-04-15 18:13:12,3110.6,2.18e-05
2024-04-15 18:13:24,3110.39,2.178e-05
2024-04-15 18:13:36,3113.0,2.181e-05
2024-04-15 18:13:48,3112.88,2.178e-05
2024-04-15 18:14:00,3112.8,2.177e-05
2024-04-15 18:14:12,3112.85,2.179e-05
2024-04-15 18:14:24,3112.9,2.178e-05
2024-04-15 18:14:36,3111.31,2.174e-05
2024-04-15 18:14:48,3111.91,2.174e-05
2024-04-15 18:15:00,3112.35,2.174e-05
2024-04-15 18:15:12,3107.71,2.167e-05
2024-04-15 18:15:24,3104.72,2.163e-05
2024-04-15 18:15:36,3106.45,2.165e-05
2024-04-15 18:15:48,3104.1,2.162e-05
2024-04-15 18:16:00,3103.32,2.162e-05
2024-04-15 18:16:12,3104.22,2.164e-05
2024-04-15 18:16:24,3100.38,2.16e-05
2024-04-15 18:16:36,3100.11,2.16e-05
2024-04-15 18:16:48,3097.75,2.157e-05
2024-04-15 18:17:00,3095.67,2.157e-05
2024-04-15 18:17:12,3095.05,2.157e-05
2024-04-15 18:17:24,3079.52,2.152e-05
2024-04-15 18:17:36,3080.45,2.151e-05
2024-04-15 18:17:48,3068.82,2.143e-05
2024-04-15 18:18:00,3060.29,2.141e-05
2024-04-15 18:18:12,3064.44,2.141e-05
2024-04-15 18:18:24,3066.27,2.143e-05
2024-04-15 18:18:36,3064.0,2.143e-05
2024-04-15 18:18:48,3064.91,2.142e-05
2024-04-15 18:19:00,3074.33,2.15e-05
2024-04-15 18:19:12,3078.62,2.152e-05
2024-04-15 18:19:24,3080.25,2.152e-05
2024-04-15 18:19:36,3080.24,2.151e-05
2024-04-15 18:19:48,3080.82,2.148e-05
2024-04-15 18:20:00,3086.83,2.153e-05
2024-04-15 18:20:12,3087.94,2.154e-05
2024-04-15 18:20:24,3084.6,2.148e-05
2024-04-15 18:20:36,3086.5,2.154e-05
2024-04-15 18:20:48,3087.5,2.156e-05
2024-04-15 18:21:00,3089.5,2.156e-05
2024-04-15 18:21:12,3084.49,2.151e-05
2024-04-15 18:21:24,3081.73,2.148e-05
2024-04-15 18:21:36,3078.68,2.145e-05
2024-04-15 18:21:48,3080.4,2.145e-05
2024-04-15 18:22:00,3080.92,2.145e-05
2024-04-15 18:22:12,3075.13,2.139e-05
2024-04-15 18:22:24,3079.03,2.145e-05
2024-04-15 18:22:36,3080.08,2.147e-05
2024-04-15 18:22:48,3082.1,2.147e-05
2024-04-15 18:23:00,3079.68,2.144e-05
2024-04-15 18:23:12,3076.97,2.142e-05
2024-04-15 18:23:24,3073.76,2.138e-05
2024-04-15 18:23:36,3074.66,2.137e-05
2024-04-15 18:23:48,3076.77,2.139e-05
2024-04-15 18:24:00,3076.93,2.14e-05
2024-04-15 18:24:12,3076.62,2.14e-05
2024-04-15 18:24:24,3080.06,2.145e-05
2024-04-15 18:24:36,3079.75,2.143e-05
2024-04-15 18:24:48,3077.4,2.138e-05
2024-04-15 18:25:00,3077.15,2.137e-05
2024-04-15 18:25:12,3074.64,2.135e-05
2024-04-15 18:25:24,3072.22,2.133e-05
2024-04-15 18:25:36,3066.52,2.128e-05
2024-04-15 18:25:48,3067.7,2.129e-05
2024-04-15 18:26:00,3073.32,2.135e-05
2024-04-15 18:26:12,3066.67,2.126e-05
2024-04-15 18:26:24,3070.68,2.131e-05
2024-04-15 18:26:36,3073.32,2.133e-05
2024-04-15 18:26:48,3079.88,2.14e-05
2024-04-15 18:27:00,3078.43,2.138e-05
2024-04-15 18:27:12,3083.9,2.143e-05
2024-04-15 18:27:24,3086.02,2.146e-05
2024-04-15 18:27:36,3084.35,2.143e-05
2024-04-15 18:27:48,3084.55,2.143e-05
2024-04-15 18:28:00,3083.19,2.143e-05
2024-04-15 18:28:12,3085.8,2.155e-05
2024-04-15 18:28:24,3082.29,2.149e-05
2024-04-15 18:28:36,3082.09,2.15e-05
2024-04-15 18:28:48,3082.39,2.149e-05
2024-04-15 18:29:00,3082.02,2.149e-05
2024-04-15 18:29:12,3080.34,2.146e-05
2024-04-15 18:29:24,3082.4,2.146e-05
2024-04-15 18:29:36,3082.95,2.146e-05
2024-04-15 18:29:48,3082.4,2.145e-05
2024-04-15 18:30:00,3086.2,2.152e-05
2024-04-15 18:30:12,3085.4,2.151e-05
2024-04-15 18:30:24,3088.44,2.154e-05
2024-04-15 18:30:36,3090.0,2.156e-05
2024-04-15 18:30:48,3086.63,2.153e-05
2024-04-15 18:31:00,3087.02,2.154e-05
2024-04-15 18:31:12,3083.7,2.151e-05
2024-04-15 18:31:24,3082.2,2.148e-05
2024-04-15 18:31:36,3082.73,2.15e-05
2024-04-15 18:31:48,3080.15,2.143e-05
2024-04-15 18:32:00,3080.89,2.144e-05
2024-04-15 18:32:12,3077.52,2.139e-05
2024-04-15 18:32:24,3079.88,2.143e-05
2024-04-15 18:32:36,3081.43,2.145e-05
2024-04-15 18:32:48,3083.9,2.148e-05
2024-04-15 18:33:00,3086.35,2.151e-05
2024-04-15 18:33:12,3090.46,2.155e-05
2024-04-15 18:33:24,3091.24,2.156e-05
2024-04-15 18:33:36,3091.85,2.156e-05
2024-04-15 18:33:48,3089.2,2.153e-05
2024-04-15 18:34:00,3089.39,2.155e-05
2024-04-15 18:34:12,3089.28,2.154e-05
2024-04-15 18:34:24,3087.65,2.151e-05
2024-04-15 18:34:36,3090.7,2.155e-05
2024-04-15 18:34:48,3090.99,2.156e-05
2024-04-15 18:35:00,3088.53,2.153e-05
2024-04-15 18:35:12,3092.25,2.156e-05
2024-04-15 18:35:24,3092.43,2.156e-05
2024-04-15 18:35:36,3093.45,2.157e-05
2024-04-15 18:35:48,3093.45,2.16e-05
2024-04-15 18:36:00,3092.62,2.159e-05
2024-04-15 18:36:12,3093.3,2.159e-05
2024-04-15 18:36:24,3090.06,2.155e-05
2024-04-15 18:36:36,3090.41,2.158e-05
2024-04-15 18:36:48,3089.39,2.156e-05
2024-04-15 18:37:00,3091.2,2.154e-05
2024-04-15 18:37:12,3088.01,2.151e-05
2024-04-15 18:37:24,3088.45,2.152e-05
2024-04-15 18:37:36,3090.62,2.156e-05
2024-04-15 18:37:48,3092.67,2.16e-05
2024-04-15 18:38:00,3090.49,2.156e-05
2024-04-15 18:38:12,3090.84,2.155e-05
2024-04-15 18:38:24,3092.64,2.158e-05
2024-04-15 18:38:36,3089.99,2.154e-05
2024-04-15 18:38:48,3089.0,2.153e-05
2024-04-15 18:39:00,3087.46,2.15e-05
2024-04-15 18:39:12,3084.51,2.147e-05
2024-04-15 18:39:24,3084.24,2.144e-05
2024-04-15 18:39:36,3083.26,2.143e-05
2024-04-15 18:39:48,3082.18,2.141e-05
2024-04-15 18:40:00,3084.14,2.145e-05
2024-04-15 18:40:12,3085.41,2.147e-05
2024-04-15 18:40:24,3082.2,2.144e-05
2024-04-15 18:40:36,3081.09,2.141e-05
2024-04-15 18:40:48,3080.06,2.14e-05
2024-04-15 18:41:00,3079.21,2.138e-05
2024-04-15 18:41:12,3079.97,2.141e-05
2024-04-15 18:41:24,3079.94,2.141e-05
2024-04-15 18:41:36,3079.6,2.14e-05
2024-04-15 18:41:48,3080.28,2.139e-05
2024-04-15 18:42:00,3082.05,2.142e-05
2024-04-15 18:42:12,3079.89,2.138e-05
2024-04-15 18:42:24,3081.34,2.142e-05
2024-04-15 18:42:36,3084.79,2.146e-05
2024-04-15 18:42:48,3084.51,2.146e-05
2024-04-15 18:43:00,3085.11,2.147e-05
2024-04-15 18:43:12,3084.81,2.148e-05
2024-04-15 18:43:24,3084.82,2.149e-05
2024-04-15 18:43:36,3085.37,2.149e-05
2024-04-15 18:43:48,3084.88,2.149e-05
2024-04-15 18:44:00,3085.06,2.148e-05
2024-04-15 18:44:12,3081.86,2.143e-05
2024-04-15 18:44:24,3081.64,2.143e-05
2024-04-15 18:44:36,3086.15,2.146e-05
2024-04-15 18:44:48,3088.54,2.152e-05
2024-04-15 18:45:00,3094.43,2.164e-05
2024-04-15 18:45:12,3093.6,2.164e-05
2024-04-15 18:45:24,3090.83,2.157e-05
2024-04-15 18:45:36,3093.5,2.162e-05
2024-04-15 18:45:48,3093.27,2.164e-05
2024-04-15 18:46:00,3092.56,2.161e-05
2024-04-15 18:46:12,3090.29,2.157e-05
2024-04-15 18:46:24,3092.46,2.159e-05
2024-04-15 18:46:36,3092.61,2.167e-05
2024-04-15 18:46:48,3091.0,2.168e-05
2024-04-15 18:47:00,3088.35,2.162e-05
2024-04-15 18:47:12,3088.77,2.158e-05
2024-04-15 18:47:24,3089.79,2.158e-05
2024-04-15 18:47:36,3085.53,2.15e-05
2024-04-15 18:47:48,3085.72,2.148e-05
2024-04-15 18:48:00,3085.49,2.149e-05
2024-04-15 18:48:12,3083.81,2.145e-05
2024-04-15 18:48:24,3086.75,2.151e-05
2024-04-15 18:48:36,3087.26,2.15e-05
2024-04-15 18:48:48,3087.34,2.152e-05
2024-04-15 18:49:00,3087.55,2.152e-05
2024-04-15 18:49:12,3086.08,2.147e-05
2024-04-15 18:49:24,3085.26,2.147e-05
2024-04-15 18:49:36,3085.8,2.146e-05
2024-04-15 18:49:48,3085.72,2.145e-05
2024-04-15 18:50:00,3084.78,2.145e-05
2024-04-15 18:50:12,3082.89,2.142e-05
2024-04-15 18:50:24,3082.92,2.142e-05
2024-04-15 18:50:36,3081.7,2.141e-05
2024-04-15 18:50:48,3082.05,2.14e-05
2024-04-15 18:51:00,3082.71,2.144e-05
2024-04-15 18:51:12,3081.2,2.139e-05
2024-04-15 18:51:24,3079.8,2.137e-05
2024-04-15 18:51:36,3080.07,2.139e-05
2024-04-15 18:51:48,3080.37,2.137e-05
2024-04-15 18:52:00,3080.1,2.138e-05
2024-04-15 18:52:12,3080.4,2.14e-05
2024-04-15 18:52:24,3079.92,2.14e-05
2024-04-15 18:52:36,3080.6,2.144e-05
2024-04-15 18:52:48,3077.01,2.139e-05
2024-04-15 18:53:00,3074.84,2.136e-05
2024-04-15 18:53:12,3073.83,2.135e-05
2024-04-15 18:53:24,3071.92,2.135e-05
2024-04-15 18:53:36,3074.47,2.139e-05
2024-04-15 18:53:48,3074.02,2.139e-05
2024-04-15 18:54:00,3076.15,2.141e-05
2024-04-15 18:54:12,3072.0,2.137e-05
2024-04-15 18:54:24,3070.56,2.136e-05
2024-04-15 18:54:36,3069.41,2.136e-05
2024-04-15 18:54:48,3071.16,2.139e-05
2024-04-15 18:55:00,3071.0,2.14e-05
2024-04-15 18:55:12,3072.4,2.142e-05
2024-04-15 18:55:24,3069.71,2.141e-05
2024-04-15 18:55:36,3068.76,2.139e-05
2024-04-15 18:55:48,3069.79,2.142e-05
2024-04-15 18:56:00,3066.6,2.138e-05
2024-04-15 18:56:12,3069.99,2.143e-05
2024-04-15 18:56:24,3069.21,2.14e-05
2024-04-15 18:56:36,3065.25,2.136e-05
2024-04-15 18:56:48,3063.89,2.137e-05
2024-04-15 18:57:00,3062.3,2.138e-05
2024-04-15 18:57:12,3063.81,2.135e-05
2024-04-15 18:57:24,3059.85,2.134e-05
2024-04-15 18:57:36,3055.48,2.13e-05
2024-04-15 18:57:48,3052.6,2.129e-05
2024-04-15 18:58:00,3056.56,2.132e-05
2024-04-15 18:58:12,3059.18,2.135e-05
2024-04-15 18:58:24,3058.08,2.132e-05
2024-04-15 18:58:36,3055.8,2.131e-05
2024-04-15 18:58:48,3053.54,2.129e-05
2024-04-15 18:59:00,3057.27,2.13e-05
2024-04-15 18:59:12,3057.54,2.129e-05
2024-04-15 18:59:24,3056.35,2.126e-05
2024-04-15 18:59:36,3055.88,2.127e-05
2024-04-15 18:59:48,3054.58,2.125e-05
2024-04-15 19:00:00,3055.8,2.129e-05
2024-04-15 19:00:12,3052.17,2.124e-05
2024-04-15 19:00:24,3042.04,2.118e-05
2024-04-15 19:00:36,3040.48,2.117e-05
2024-04-15 19:00:48,3044.64,2.12e-05
2024-04-15 19:01:00,3042.83,2.118e-05
2024-04-15 19:01:12,3043.4,2.117e-05
2024-04-15 19:01:24,3045.36,2.12e-05
2024-04-15 19:01:36,3045.25,2.119e-05
2024-04-15 19:01:48,3042.59,2.116e-05
2024-04-15 19:02:00,3042.02,2.115e-05
2024-04-15 19:02:12,3042.84,2.115e-05
2024-04-15 19:02:24,3043.5,2.115e-05
2024-04-15 19:02:36,3037.77,2.112e-05
2024-04-15 19:02:48,3037.82,2.111e-05
2024-04-15 19:03:00,3041.31,2.115e-05
2024-04-15 19:03:12,3036.12,2.108e-05
2024-04-15 19:03:24,3035.4,2.104e-05
2024-04-15 19:03:36,3040.6,2.109e-05
2024-04-15 19:03:48,3035.05,2.104e-05
2024-04-15 19:04:00,3034.53,2.105e-05
2024-04-15 19:04:12,3032.15,2.102e-05
2024-04-15 19:04:24,3034.64,2.107e-05
2024-04-15 19:04:36,3036.05,2.109e-05
2024-04-15 19:04:48,3038.08,2.109e-05
2024-04-15 19:05:00,3042.0,2.117e-05
2024-04-15 19:05:12,3041.28,2.118e-05
2024-04-15 19:05:24,3036.9,2.112e-05
2024-04-15 19:05:36,3038.38,2.114e-05
2024-04-15 19:05:48,3040.86,2.117e-05
2024-04-15 19:06:00,3039.95,2.118e-05
2024-04-15 19:06:12,3035.51,2.111e-05
2024-04-15 19:06:24,3031.25,2.106e-05
2024-04-15 19:06:36,3030.06,2.105e-05
2024-04-15 19:06:48,3030.04,2.107e-05
2024-04-15 19:07:00,3027.86,2.104e-05
2024-04-15 19:07:12,3027.85,2.108e-05
2024-04-15 19:07:24,3034.33,2.113e-05
2024-04-15 19:07:36,3039.82,2.119e-05
2024-04-15 19:07:48,3039.78,2.12e-05
2024-04-15 19:08:00,3040.16,2.122e-05
2024-04-15 19:08:12,3043.24,2.125e-05
2024-04-15 19:08:24,3050.41,2.129e-05
2024-04-15 19:08:36,3055.01,2.133e-05
2024-04-15 19:08:48,3050.94,2.128e-05
2024-04-15 19:09:00,3054.82,2.132e-05
2024-04-15 19:09:12,3056.85,2.138e-05
2024-04-15 19:09:24,3049.56,2.128e-05
2024-04-15 19:09:36,3049.3,2.127e-05
2024-04-15 19:09:48,3055.0,2.133e-05
2024-04-15 19:10:00,3055.57,2.136e-05
2024-04-15 19:10:12,3057.65,2.14e-05
2024-04-15 19:10:24,3055.8,2.137e-05
2024-04-15 19:10:36,3055.9,2.136e-05
2024-04-15 19:10:48,3060.13,2.141e-05
2024-04-15 19:11:00,3058.1,2.138e-05
2024-04-15 19:11:12,3063.43,2.144e-05
2024-04-15 19:11:24,3062.03,2.145e-05
2024-04-15 19:11:36,3060.55,2.145e-05
2024-04-15 19:11:48,3057.36,2.144e-05
2024-04-15 19:12:00,3059.15,2.143e-05
2024-04-15 19:12:12,3060.95,2.143e-05
2024-04-15 19:12:24,3064.59,2.146e-05
2024-04-15 19:12:36,3065.98,2.144e-05
2024-04-15 19:12:48,3066.21,2.145e-05
2024-04-15 19:13:00,3065.2,2.141e-05
2024-04-15 19:13:12,3066.58,2.142e-05
2024-04-15 19:13:24,3071.18,2.148e-05
2024-04-15 19:13:36,3071.7,2.149e-05
2024-04-15 19:13:48,3071.55,2.149e-05
2024-04-15 19:14:00,3070.95,2.149e-05
2024-04-15 19:14:12,3071.92,2.149e-05
2024-04-15 19:14:24,3069.72,2.148e-05
2024-04-15 19:14:36,3071.91,2.15e-05
2024-04-15 19:14:48,3070.05,2.152e-05
2024-04-15 19:15:00,3070.6,2.152e-05
2024-04-15 19:15:12,3067.53,2.147e-05
2024-04-15 19:15:24,3064.76,2.143e-05
2024-04-15 19:15:36,3067.1,2.144e-05
2024-04-15 19:15:48,3068.58,2.147e-05
2024-04-15 19:16:00,3067.95,2.147e-05
2024-04-15 19:16:12,3071.62,2.154e-05
2024-04-15 19:16:24,3075.37,2.158e-05
2024-04-15 19:16:36,3073.92,2.158e-05
2024-04-15 19:16:48,3071.25,2.159e-05
2024-04-15 19:17:00,3069.17,2.155e-05
2024-04-15 19:17:12,3064.74,2.148e-05
2024-04-15 19:17:24,3063.59,2.145e-05
2024-04-15 19:17:36,3065.62,2.149e-05
2024-04-15 19:17:48,3062.81,2.146e-05
2024-04-15 19:18:00,3065.25,2.149e-05
2024-04-15 19:18:12,3063.99,2.15e-05
2024-04-15 19:18:24,3062.75,2.147e-05
2024-04-15 19:18:36,3060.07,2.145e-05
2024-04-15 19:18:48,3061.34,2.145e-05
2024-04-15 19:19:00,3064.5,2.147e-05
2024-04-15 19:19:12,3058.99,2.143e-05
2024-04-15 19:19:24,3057.35,2.141e-05
2024-04-15 19:19:36,3056.37,2.141e-05
2024-04-15 19:19:48,3057.0,2.144e-05
2024-04-15 19:20:00,3060.29,2.146e-05
2024-04-15 19:20:12,3062.93,2.148e-05
2024-04-15 19:20:24,3063.58,2.147e-05
2024-04-15 19:20:36,3065.14,2.151e-05
2024-04-15 19:20:48,3066.07,2.156e-05
2024-04-15 19:21:00,3067.33,2.156e-05
2024-04-15 19:21:12,3068.81,2.159e-05
2024-04-15 19:21:24,3068.55,2.156e-05
2024-04-15 19:21:36,3068.85,2.155e-05
2024-04-15 19:21:48,3067.95,2.155e-05
2024-04-15 19:22:00,3070.84,2.159e-05
2024-04-15 19:22:12,3075.96,2.163e-05
2024-04-15 19:22:24,3076.09,2.165e-05
2024-04-15 19:22:36,3077.16,2.165e-05
2024-04-15 19:22:48,3076.59,2.164e-05
2024-04-15 19:23:00,3077.86,2.165e-05
2024-04-15 19:23:12,3078.39,2.167e-05
2024-04-15 19:23:24,3082.01,2.173e-05
2024-04-15 19:23:36,3083.73,2.176e-05
2024-04-15 19:23:48,3083.39,2.18e-05
2024-04-15 19:24:00,3085.1,2.183e-05
2024-04-15 19:24:12,3081.94,2.176e-05
2024-04-15 19:24:24,3083.59,2.179e-05
2024-04-15 19:24:36,3083.99,2.177e-05
2024-04-15 19:24:48,3083.35,2.178e-05
2024-04-15 19:25:00,3084.0,2.178e-05
2024-04-15 19:25:12,3085.2,2.176e-05
2024-04-15 19:25:24,3086.15,2.181e-05
2024-04-15 19:25:36,3088.04,2.179e-05
2024-04-15 19:25:48,3087.22,2.182e-05
2024-04-15 19:26:00,3087.84,2.185e-05
2024-04-15 19:26:12,3087.53,2.186e-05
2024-04-15 19:26:24,3087.96,2.185e-05
2024-04-15 19:26:36,3088.51,2.188e-05
2024-04-15 19:26:48,3086.65,2.185e-05
2024-04-15 19:27:00,3087.64,2.187e-05
2024-04-15 19:27:12,3092.25,2.194e-05
2024-04-15 19:27:24,3093.06,2.188e-05
2024-04-15 19:27:36,3087.07,2.185e-05
2024-04-15 19:27:48,3087.6,2.187e-05
2024-04-15 19:28:00,3087.71,2.186e-05
2024-04-15 19:28:12,3088.29,2.185e-05
2024-04-15 19:28:24,3086.72,2.181e-05
2024-04-15 19:28:36,3083.75,2.179e-05
2024-04-15 19:28:48,3084.02,2.177e-05
2024-04-15 19:29:00,3084.99,2.176e-05
2024-04-15 19:29:12,3083.65,2.176e-05
2024-04-15 19:29:24,3085.41,2.178e-05
2024-04-15 19:29:36,3084.98,2.179e-05
2024-04-15 19:29:48,3082.87,2.174e-05
2024-04-15 19:30:00,3084.26,2.177e-05
2024-04-15 19:30:12,3082.39,2.173e-05
2024-04-15 19:30:24,3086.2,2.177e-05
2024-04-15 19:30:36,3087.38,2.179e-05
2024-04-15 19:30:48,3088.17,2.179e-05
2024-04-15 19:31:00,3088.6,2.182e-05
2024-04-15 19:31:12,3088.66,2.181e-05
2024-04-15 19:31:24,3091.49,2.185e-05
2024-04-15 19:31:36,3091.45,2.183e-05
2024-04-15 19:31:48,3092.02,2.184e-05
2024-04-15 19:32:00,3092.45,2.185e-05
2024-04-15 19:32:12,3093.32,2.183e-05
2024-04-15 19:32:24,3095.0,2.185e-05
2024-04-15 19:32:36,3104.03,2.191e-05
2024-04-15 19:32:48,3108.95,2.196e-05
2024-04-15 19:33:00,3102.85,2.191e-05
2024-04-15 19:33:12,3103.37,2.188e-05
2024-04-15 19:33:24,3101.74,2.185e-05
2024-04-15 19:33:36,3099.27,2.184e-05
2024-04-15 19:33:48,3098.36,2.18e-05
2024-04-15 19:34:00,3098.21,2.18e-05
2024-04-15 19:34:12,3097.65,2.18e-05
2024-04-15 19:34:24,3096.96,2.179e-05
2024-04-15 19:34:36,3097.85,2.178e-05
2024-04-15 19:34:48,3100.81,2.179e-05
2024-04-15 19:35:00,3100.01,2.176e-05
2024-04-15 19:35:12,3102.82,2.181e-05
2024-04-15 19:35:24,3100.95,2.18e-05
2024-04-15 19:35:36,3101.47,2.181e-05
2024-04-15 19:35:48,3100.24,2.181e-05
2024-04-15 19:36:00,3098.78,2.178e-05
2024-04-15 19:36:12,3100.11,2.179e-05
2024-04-15 19:36:24,3097.74,2.176e-05
2024-04-15 19:36:36,3096.68,2.174e-05
2024-04-15 19:36:48,3098.06,2.174e-05
2024-04-15 19:37:00,3097.05,2.174e-05
2024-04-15 19:37:12,3094.59,2.17e-05
2024-04-15 19:37:24,3096.28,2.17e-05
2024-04-15 19:37:36,3098.65,2.174e-05
2024-04-15 19:37:48,3097.35,2.174e-05
2024-04-15 19:38:00,3095.65,2.172e-05
2024-04-15 19:38:12,3099.28,2.175e-05
2024-04-15 19:38:24,3094.9,2.169e-05
2024-04-15 19:38:36,3097.32,2.173e-05
2024-04-15 19:38:48,3097.74,2.17e-05
2024-04-15 19:39:00,3097.15,2.17e-05
2024-04-15 19:39:12,3100.81,2.174e-05
2024-04-15 19:39:24,3103.45,2.176e-05
2024-04-15 19:39:36,3105.18,2.177e-05
2024-04-15 19:39:48,3103.95,2.176e-05
2024-04-15 19:40:00,3105.18,2.179e-05
2024-04-15 19:40:12,3104.61,2.18e-05
2024-04-15 19:40:24,3105.41,2.18e-05
2024-04-15 19:40:36,3102.25,2.176e-05
2024-04-15 19:40:48,3100.01,2.174e-05
2024-04-15 19:41:00,3098.77,2.171e-05
2024-04-15 19:41:12,3098.75,2.173e-05
2024-04-15 19:41:24,3097.69,2.17e-05
2024-04-15 19:41:36,3098.17,2.169e-05
2024-04-15 19:41:48,3100.82,2.173e-05
2024-04-15 19:42:00,3101.21,2.172e-05
2024-04-15 19:42:12,3098.77,2.171e-05
2024-04-15 19:42:24,3101.05,2.175e-05
2024-04-15 19:42:36,3101.26,2.175e-05
2024-04-15 19:42:48,3100.28,2.177e-05
2024-04-15 19:43:00,3100.82,2.176e-05
2024-04-15 19:43:12,3102.58,2.179e-05
2024-04-15 19:43:24,3106.05,2.183e-05
2024-04-15 19:43:36,3107.85,2.182e-05
2024-04-15 19:43:48,3105.41,2.18e-05
2024-04-15 19:44:00,3102.75,2.177e-05
2024-04-15 19:44:12,3101.75,2.173e-05
2024-04-15 19:44:24,3101.9,2.173e-05
2024-04-15 19:44:36,3102.25,2.173e-05
2024-04-15 19:44:48,3103.4,2.177e-05
2024-04-15 19:45:00,3104.34,2.177e-05
2024-04-15 19:45:12,3105.95,2.179e-05
2024-04-15 19:45:24,3109.88,2.185e-05
2024-04-15 19:45:36,3108.27,2.182e-05
2024-04-15 19:45:48,3109.01,2.182e-05
2024-04-15 19:46:00,3110.32,2.182e-05
2024-04-15 19:46:12,3106.53,2.179e-05
2024-04-15 19:46:24,3104.66,2.177e-05
2024-04-15 19:46:36,3103.38,2.177e-05
2024-04-15 19:46:48,3103.01,2.176e-05
2024-04-15 19:47:00,3104.01,2.177e-05
2024-04-15 19:47:12,3103.38,2.177e-05
2024-04-15 19:47:24,3103.06,2.176e-05
2024-04-15 19:47:36,3103.66,2.179e-05
2024-04-15 19:47:48,3104.86,2.179e-05
2024-04-15 19:48:00,3104.91,2.178e-05
2024-04-15 19:48:12,3108.29,2.182e-05
2024-04-15 19:48:24,3108.08,2.181e-05
2024-04-15 19:48:36,3111.49,2.186e-05
2024-04-15 19:48:48,3113.88,2.187e-05
2024-04-15 19:49:00,3112.29,2.186e-05
2024-04-15 19:49:12,3114.62,2.19e-05
2024-04-15 19:49:24,3115.12,2.19e-05
2024-04-15 19:49:36,3114.15,2.19e-05
2024-04-15 19:49:48,3113.0,2.194e-05
2024-04-15 19:50:00,3111.11,2.191e-05
2024-04-15 19:50:12,3109.18,2.19e-05
2024-04-15 19:50:24,3110.95,2.192e-05
2024-04-15 19:50:36,3110.19,2.193e-05
2024-04-15 19:50:48,3111.8,2.195e-05
2024-04-15 19:51:00,3110.06,2.191e-05
2024-04-15 19:51:12,3113.07,2.194e-05
2024-04-15 19:51:24,3110.46,2.191e-05
2024-04-15 19:51:36,3112.86,2.192e-05
2024-04-15 19:51:48,3109.85,2.189e-05
2024-04-15 19:52:00,3110.31,2.19e-05
2024-04-15 19:52:12,3108.11,2.188e-05
2024-04-15 19:52:24,3109.32,2.192e-05
2024-04-15 19:52:36,3108.25,2.19e-05
2024-04-15 19:52:48,3106.7,2.187e-05
2024-04-15 19:53:00,3106.54,2.188e-05
2024-04-15 19:53:12,3104.6,2.187e-05
2024-04-15 19:53:24,3103.67,2.185e-05
2024-04-15 19:53:36,3104.6,2.184e-05
2024-04-15 19:53:48,3104.16,2.184e-05
2024-04-15 19:54:00,3106.52,2.186e-05
2024-04-15 19:54:12,3105.4,2.183e-05
2024-04-15 19:54:24,3104.68,2.183e-05
2024-04-15 19:54:36,3104.89,2.183e-05
2024-04-15 19:54:48,3107.55,2.188e-05
2024-04-15 19:55:00,3107.16,2.186e-05
2024-04-15 19:55:12,3105.45,2.186e-05
2024-04-15 19:55:24,3104.8,2.185e-05
2024-04-15 19:55:36,3105.15,2.186e-05
2024-04-15 19:55:48,3104.47,2.185e-05
2024-04-15 19:56:00,3111.25,2.193e-05
2024-04-15 19:56:12,3108.17,2.189e-05
2024-04-15 19:56:24,3105.92,2.187e-05
2024-04-15 19:56:36,3106.16,2.186e-05
2024-04-15 19:56:48,3106.0,2.189e-05
2024-04-15 19:57:00,3106.05,2.189e-05
2024-04-15 19:57:12,3101.79,2.188e-05
2024-04-15 19:57:24,3103.54,2.191e-05
2024-04-15 19:57:36,3101.95,2.188e-05
2024-04-15 19:57:48,3101.49,2.188e-05
2024-04-15 19:58:00,3102.2,2.188e-05
2024-04-15 19:58:12,3102.84,2.187e-05
2024-04-15 19:58:24,3104.25,2.187e-05
2024-04-15 19:58:36,3106.05,2.191e-05
2024-04-15 19:58:48,3101.99,2.189e-05
2024-04-15 19:59:00,3100.01,2.186e-05
2024-04-15 19:59:12,3101.67,2.185e-05
2024-04-15 19:59:24,3101.73,2.185e-05
2024-04-15 19:59:36,3102.57,2.184e-05
2024-04-15 19:59:48,3100.42,2.181e-05
2024-04-15 20:00:00,3100.09,2.18e-05
2024-04-15 20:00:12,3099.13,2.177e-05
2024-04-15 20:00:24,3099.99,2.18e-05
2024-04-15 20:00:36,3102.02,2.183e-05
2024-04-15 20:00:48,3102.75,2.182e-05
2024-04-15 20:01:00,3104.92,2.187e-05
2024-04-15 20:01:12,3103.52,2.186e-05
2024-04-15 20:01:24,3107.14,2.189e-05
2024-04-15 20:01:36,3109.2,2.19e-05
2024-04-15 20:01:48,3107.71,2.189e-05
2024-04-15 20:02:00,3108.79,2.189e-05
2024-04-15 20:02:12,3110.11,2.191e-05
2024-04-15 20:02:24,3109.68,2.19e-05
2024-04-15 20:02:36,3108.91,2.19e-05
2024-04-15 20:02:48,3108.23,2.188e-05
2024-04-15 20:03:00,3107.43,2.186e-05
2024-04-15 20:03:12,3106.21,2.185e-05
2024-04-15 20:03:24,3105.86,2.185e-05
2024-04-15 20:03:36,3108.8,2.189e-05
2024-04-15 20:03:48,3109.56,2.189e-05
2024-04-15 20:04:00,3111.63,2.193e-05
2024-04-15 20:04:12,3113.47,2.194e-05
2024-04-15 20:04:24,3110.16,2.191e-05
2024-04-15 20:04:36,3109.64,2.19e-05
2024-04-15 20:04:48,3110.25,2.189e-05
2024-04-15 20:05:00,3110.14,2.189e-05
2024-04-15 20:05:12,3109.58,2.188e-05
2024-04-15 20:05:24,3110.0,2.188e-05
2024-04-15 20:05:36,3113.03,2.192e-05
2024-04-15 20:05:48,3113.97,2.194e-05
2024-04-15 20:06:00,3113.1,2.193e-05
2024-04-15 20:06:12,3113.3,2.193e-05
2024-04-15 20:06:24,3115.99,2.194e-05
2024-04-15 20:06:36,3114.81,2.193e-05
2024-04-15 20:06:48,3115.13,2.194e-05
2024-04-15 20:07:00,3114.17,2.192e-05
2024-04-15 20:07:12,3113.79,2.194e-05
2024-04-15 20:07:24,3113.31,2.192e-05
2024-04-15 20:07:36,3112.75,2.193e-05
2024-04-15 20:07:48,3112.89,2.194e-05
2024-04-15 20:08:00,3112.43,2.193e-05
2024-04-15 20:08:12,3109.41,2.19e-05
2024-04-15 20:08:24,3110.52,2.192e-05
2024-04-15 20:08:36,3110.57,2.193e-05
2024-04-15 20:08:48,3111.28,2.194e-05
2024-04-15 20:09:00,3111.78,2.192e-05
2024-04-15 20:09:12,3109.65,2.19e-05
2024-04-15 20:09:24,3111.1,2.192e-05
2024-04-15 20:09:36,3111.11,2.192e-05
2024-04-15 20:09:48,3110.85,2.192e-05
2024-04-15 20:10:00,3110.6,2.192e-05
2024-04-15 20:10:12,3110.02,2.194e-05
2024-04-15 20:10:24,3109.59,2.192e-05
2024-04-15 20:10:36,3108.96,2.191e-05
2024-04-15 20:10:48,3110.99,2.194e-05
2024-04-15 20:11:00,3110.8,2.195e-05
2024-04-15 20:11:12,3108.73,2.193e-05
2024-04-15 20:11:24,3107.95,2.193e-05
2024-04-15 20:11:36,3109.51,2.195e-05
2024-04-15 20:11:48,3110.46,2.196e-05
2024-04-15 20:12:00,3110.39,2.195e-05
2024-04-15 20:12:12,3109.48,2.193e-05
2024-04-15 20:12:24,3107.34,2.193e-05
2024-04-15 20:12:36,3106.45,2.192e-05
2024-04-15 20:12:48,3107.23,2.194e-05
2024-04-15 20:13:00,3107.27,2.195e-05
2024-04-15 20:13:12,3105.57,2.192e-05
2024-04-15 20:13:24,3106.74,2.194e-05
2024-04-15 20:13:36,3107.63,2.196e-05
2024-04-15 20:13:48,3107.84,2.195e-05
2024-04-15 20:14:00,3106.81,2.195e-05
2024-04-15 20:14:12,3106.16,2.194e-05
2024-04-15 20:14:24,3108.29,2.197e-05
2024-04-15 20:14:36,3109.03,2.196e-05
2024-04-15 20:14:48,3106.6,2.194e-05
2024-04-15 20:15:00,3105.01,2.193e-05
2024-04-15 20:15:12,3103.58,2.192e-05
2024-04-15 20:15:24,3102.64,2.193e-05
2024-04-15 20:15:36,3104.2,2.195e-05
2024-04-15 20:15:48,3105.37,2.197e-05
2024-04-15 20:16:00,3106.36,2.2e-05
2024-04-15 20:16:12,3106.53,2.197e-05
2024-04-15 20:16:24,3105.11,2.196e-05
2024-04-15 20:16:36,3105.23,2.198e-05
2024-04-15 20:16:48,3103.71,2.197e-05
2024-04-15 20:17:00,3104.88,2.2e-05
2024-04-15 20:17:12,3102.8,2.197e-05
2024-04-15 20:17:24,3102.7,2.193e-05
2024-04-15 20:17:36,3102.26,2.191e-05
2024-04-15 20:17:48,3103.03,2.191e-05
2024-04-15 20:18:00,3104.0,2.193e-05
2024-04-15 20:18:12,3101.3,2.19e-05
2024-04-15 20:18:24,3100.41,2.187e-05
2024-04-15 20:18:36,3099.52,2.186e-05
2024-04-15 20:18:48,3099.7,2.187e-05
2024-04-15 20:19:00,3099.7,2.187e-05
2024-04-15 20:19:12,3100.55,2.19e-05
2024-04-15 20:19:24,3102.72,2.191e-05
2024-04-15 20:19:36,3103.85,2.192e-05
2024-04-15 20:19:48,3102.83,2.193e-05
2024-04-15 20:20:00,3102.34,2.192e-05
2024-04-15 20:20:12,3101.14,2.19e-05
2024-04-15 20:20:24,3099.31,2.187e-05
2024-04-15 20:20:36,3098.62,2.186e-05
2024-04-15 20:20:48,3097.9,2.185e-05
2024-04-15 20:21:00,3098.84,2.185e-05
2024-04-15 20:21:12,3098.2,2.183e-05
2024-04-15 20:21:24,3099.65,2.185e-05
2024-04-15 20:21:36,3098.66,2.184e-05
2024-04-15 20:21:48,3099.85,2.187e-05
2024-04-15 20:22:00,3100.0,2.186e-05
2024-04-15 20:22:12,3095.45,2.182e-05
2024-04-15 20:22:24,3094.67,2.181e-05
2024-04-15 20:22:36,3089.04,2.178e-05
2024-04-15 20:22:48,3090.84,2.178e-05
2024-04-15 20:23:00,3090.82,2.178e-05
2024-04-15 20:23:12,3085.81,2.173e-05
2024-04-15 20:23:24,3082.89,2.172e-05
2024-04-15 20:23:36,3076.83,2.168e-05
2024-04-15 20:23:48,3079.07,2.169e-05
2024-04-15 20:24:00,3080.14,2.168e-05
2024-04-15 20:24:12,3080.37,2.171e-05
2024-04-15 20:24:24,3079.06,2.169e-05
2024-04-15 20:24:36,3077.38,2.169e-05
2024-04-15 20:24:48,3082.8,2.173e-05
2024-04-15 20:25:00,3081.63,2.171e-05
2024-04-15 20:25:12,3081.52,2.171e-05
2024-04-15 20:25:24,3083.74,2.174e-05
2024-04-15 20:25:36,3083.25,2.175e-05
2024-04-15 20:25:48,3085.25,2.176e-05
2024-04-15 20:26:00,3084.25,2.174e-05
2024-04-15 20:26:12,3087.97,2.18e-05
2024-04-15 20:26:24,3089.62,2.181e-05
2024-04-15 20:26:36,3089.0,2.179e-05
2024-04-15 20:26:48,3087.74,2.179e-05
2024-04-15 20:27:00,3089.46,2.179e-05
2024-04-15 20:27:12,3089.25,2.18e-05
2024-04-15 20:27:24,3090.88,2.184e-05
2024-04-15 20:27:36,3089.48,2.18e-05
2024-04-15 20:27:48,3088.83,2.181e-05
2024-04-15 20:28:00,3089.34,2.182e-05
2024-04-15 20:28:12,3091.23,2.182e-05
2024-04-15 20:28:24,3090.56,2.182e-05
2024-04-15 20:28:36,3090.56,2.18e-05
2024-04-15 20:28:48,3092.0,2.183e-05
2024-04-15 20:29:00,3093.53,2.184e-05
2024-04-15 20:29:12,3093.15,2.181e-05
2024-04-15 20:29:24,3095.17,2.182e-05
2024-04-15 20:29:36,3095.17,2.185e-05
2024-04-15 20:29:48,3095.85,2.186e-05
2024-04-15 20:30:00,3093.77,2.183e-05
2024-04-15 20:30:12,3091.73,2.18e-05
2024-04-15 20:30:24,3090.32,2.178e-05
2024-04-15 20:30:36,3092.4,2.182e-05
2024-04-15 20:30:48,3089.77,2.18e-05
2024-04-15 20:31:00,3089.5,2.18e-05
2024-04-15 20:31:12,3087.83,2.177e-05
2024-04-15 20:31:24,3088.0,2.178e-05
2024-04-15 20:31:36,3092.77,2.182e-05
2024-04-15 20:31:48,3094.08,2.183e-05
2024-04-15 20:32:00,3093.64,2.184e-05
2024-04-15 20:32:12,3097.4,2.188e-05
2024-04-15 20:32:24,3096.15,2.185e-05
2024-04-15 20:32:36,3095.26,2.183e-05
2024-04-15 20:32:48,3095.14,2.182e-05
2024-04-15 20:33:00,3095.13,2.182e-05
2024-04-15 20:33:12,3095.89,2.182e-05
2024-04-15 20:33:24,3094.87,2.181e-05
2024-04-15 20:33:36,3093.37,2.178e-05
2024-04-15 20:33:48,3094.25,2.179e-05
2024-04-15 20:34:00,3093.01,2.178e-05
2024-04-15 20:34:12,3092.25,2.176e-05
2024-04-15 20:34:24,3091.91,2.174e-05
2024-04-15 20:34:36,3092.0,2.175e-05
2024-04-15 20:34:48,3092.15,2.175e-05
2024-04-15 20:35:00,3092.55,2.176e-05
2024-04-15 20:35:12,3089.06,2.173e-05
2024-04-15 20:35:24,3089.54,2.173e-05
2024-04-15 20:35:36,3089.2,2.175e-05
2024-04-15 20:35:48,3088.9,2.174e-05
2024-04-15 20:36:00,3089.83,2.178e-05
2024-04-15 20:36:12,3088.1,2.174e-05
2024-04-15 20:36:24,3087.54,2.174e-05
2024-04-15 20:36:36,3085.06,2.17e-05
2024-04-15 20:36:48,3084.45,2.17e-05
2024-04-15 20:37:00,3084.65,2.173e-05
2024-04-15 20:37:12,3084.05,2.169e-05
2024-04-15 20:37:24,3083.55,2.169e-05
2024-04-15 20:37:36,3083.01,2.168e-05
2024-04-15 20:37:48,3083.49,2.169e-05
2024-04-15 20:38:00,3083.65,2.169e-05
2024-04-15 20:38:12,3084.68,2.169e-05
2024-04-15 20:38:24,3086.46,2.172e-05
2024-04-15 20:38:36,3085.7,2.17e-05
2024-04-15 20:38:48,3086.4,2.173e-05
2024-04-15 20:39:00,3086.78,2.173e-05
2024-04-15 20:39:12,3086.92,2.172e-05
2024-04-15 20:39:24,3089.06,2.175e-05
2024-04-15 20:39:36,3091.09,2.176e-05
2024-04-15 20:39:48,3090.79,2.174e-05
2024-04-15 20:40:00,3088.31,2.172e-05
2024-04-15 20:40:12,3088.44,2.171e-05
2024-04-15 20:40:24,3087.3,2.172e-05
2024-04-15 20:40:36,3086.67,2.171e-05
2024-04-15 20:40:48,3086.0,2.172e-05
2024-04-15 20:41:00,3085.31,2.171e-05
2024-04-15 20:41:12,3085.6,2.17e-05
2024-04-15 20:41:24,3086.88,2.174e-05
2024-04-15 20:41:36,3088.25,2.173e-05
2024-04-15 20:41:48,3088.85,2.175e-05
2024-04-15 20:42:00,3088.15,2.175e-05
2024-04-15 20:42:12,3085.45,2.171e-05
2024-04-15 20:42:24,3087.68,2.174e-05
2024-04-15 20:42:36,3088.12,2.176e-05
2024-04-15 20:42:48,3088.98,2.175e-05
2024-04-15 20:43:00,3088.34,2.176e-05
2024-04-15 20:43:12,3085.13,2.172e-05
2024-04-15 20:43:24,3085.12,2.171e-05
2024-04-15 20:43:36,3088.39,2.174e-05
2024-04-15 20:43:48,3089.32,2.173e-05
2024-04-15 20:44:00,3089.8,2.173e-05
2024-04-15 20:44:12,3089.42,2.171e-05
2024-04-15 20:44:24,3089.73,2.173e-05
2024-04-15 20:44:36,3091.73,2.177e-05
2024-04-15 20:44:48,3092.98,2.179e-05
2024-04-15 20:45:00,3093.25,2.178e-05
2024-04-15 20:45:12,3091.4,2.176e-05
2024-04-15 20:45:24,3091.74,2.176e-05
2024-04-15 20:45:36,3089.4,2.174e-05
2024-04-15 20:45:48,3090.14,2.173e-05
2024-04-15 20:46:00,3090.0,2.174e-05
2024-04-15 20:46:12,3086.98,2.17e-05
2024-04-15 20:46:24,3087.2,2.169e-05
2024-04-15 20:46:36,3083.86,2.166e-05
2024-04-15 20:46:48,3083.9,2.165e-05
2024-04-15 20:47:00,3087.0,2.169e-05
2024-04-15 20:47:12,3083.6,2.165e-05
2024-04-15 20:47:24,3084.54,2.166e-05
2024-04-15 20:47:36,3086.1,2.169e-05
2024-04-15 20:47:48,3087.78,2.169e-05
2024-04-15 20:48:00,3087.96,2.171e-05
2024-04-15 20:48:12,3089.05,2.172e-05
2024-04-15 20:48:24,3087.16,2.17e-05
2024-04-15 20:48:36,3085.6,2.168e-05
2024-04-15 20:48:48,3085.64,2.167e-05
2024-04-15 20:49:00,3084.8,2.167e-05
2024-04-15 20:49:12,3084.15,2.166e-05
2024-04-15 20:49:24,3084.1,2.167e-05
2024-04-15 20:49:36,3084.01,2.168e-05
2024-04-15 20:49:48,3084.85,2.167e-05
2024-04-15 20:50:00,3083.46,2.167e-05
2024-04-15 20:50:12,3082.57,2.164e-05
2024-04-15 20:50:24,3080.65,2.164e-05
2024-04-15 20:50:36,3082.26,2.165e-05
2024-04-15 20:50:48,3080.0,2.164e-05
2024-04-15 20:51:00,3077.0,2.163e-05
2024-04-15 20:51:12,3077.45,2.16e-05
2024-04-15 20:51:24,3077.71,2.16e-05
2024-04-15 20:51:36,3075.52,2.157e-05
2024-04-15 20:51:48,3075.29,2.155e-05
2024-04-15 20:52:00,3076.68,2.156e-05
2024-04-15 20:52:12,3074.92,2.156e-05
2024-04-15 20:52:24,3074.7,2.157e-05
2024-04-15 20:52:36,3074.26,2.156e-05
2024-04-15 20:52:48,3075.95,2.159e-05
2024-04-15 20:53:00,3077.52,2.159e-05
2024-04-15 20:53:12,3077.24,2.16e-05
2024-04-15 20:53:24,3081.08,2.163e-05
2024-04-15 20:53:36,3081.08,2.162e-05
2024-04-15 20:53:48,3082.15,2.163e-05
2024-04-15 20:54:00,3082.36,2.163e-05
2024-04-15 20:54:12,3082.0,2.164e-05
2024-04-15 20:54:24,3083.55,2.165e-05
2024-04-15 20:54:36,3083.58,2.164e-05
2024-04-15 20:54:48,3083.05,2.166e-05
2024-04-15 20:55:00,3082.81,2.165e-05
2024-04-15 20:55:12,3082.34,2.164e-05
2024-04-15 20:55:24,3079.0,2.162e-05
2024-04-15 20:55:36,3078.12,2.162e-05
2024-04-15 20:55:48,3078.37,2.162e-05
2024-04-15 20:56:00,3077.93,2.162e-05
2024-04-15 20:56:12,3079.55,2.164e-05
2024-04-15 20:56:24,3078.11,2.162e-05
2024-04-15 20:56:36,3078.69,2.163e-05
2024-04-15 20:56:48,3078.82,2.163e-05
2024-04-15 20:57:00,3080.52,2.165e-05
2024-04-15 20:57:12,3080.5,2.164e-05
2024-04-15 20:57:24,3081.09,2.164e-05
2024-04-15 20:57:36,3082.37,2.165e-05
2024-04-15 20:57:48,3079.96,2.163e-05
2024-04-15 20:58:00,3080.22,2.164e-05
2024-04-15 20:58:12,3080.35,2.164e-05
2024-04-15 20:58:24,3082.0,2.164e-05
2024-04-15 20:58:36,3082.95,2.166e-05
2024-04-15 20:58:48,3082.74,2.167e-05
2024-04-15 20:59:00,3083.49,2.167e-05
2024-04-15 20:59:12,3082.25,2.165e-05
2024-04-15 20:59:24,3081.88,2.165e-05
2024-04-15 20:59:36,3081.29,2.165e-05
2024-04-15 20:59:48,3081.34,2.164e-05
2024-04-15 21:00:00,3081.6,2.165e-05
2024-04-15 21:00:12,3081.56,2.163e-05
2024-04-15 21:00:24,3082.64,2.164e-05
2024-04-15 21:00:36,3085.47,2.169e-05
2024-04-15 21:00:48,3085.69,2.169e-05
2024-04-15 21:01:00,3085.7,2.169e-05
2024-04-15 21:01:12,3087.9,2.171e-05
2024-04-15 21:01:24,3086.86,2.169e-05
2024-04-15 21:01:36,3085.11,2.167e-05
2024-04-15 21:01:48,3086.65,2.168e-05
2024-04-15 21:02:00,3086.74,2.169e-05
2024-04-15 21:02:12,3086.94,2.169e-05
2024-04-15 21:02:24,3089.44,2.172e-05
2024-04-15 21:02:36,3089.8,2.173e-05
2024-04-15 21:02:48,3089.6,2.174e-05
2024-04-15 21:03:00,3088.39,2.175e-05
2024-04-15 21:03:12,3092.18,2.179e-05
2024-04-15 21:03:24,3094.16,2.18e-05
2024-04-15 21:03:36,3092.29,2.181e-05
2024-04-15 21:03:48,3092.49,2.179e-05
2024-04-15 21:04:00,3091.28,2.178e-05
2024-04-15 21:04:12,3092.55,2.179e-05
2024-04-15 21:04:24,3090.59,2.178e-05
2024-04-15 21:04:36,3090.51,2.177e-05
2024-04-15 21:04:48,3090.38,2.175e-05
2024-04-15 21:05:00,3090.3,2.175e-05
2024-04-15 21:05:12,3088.81,2.171e-05
2024-04-15 21:05:24,3091.15,2.174e-05
2024-04-15 21:05:36,3092.7,2.175e-05
2024-04-15 21:05:48,3092.97,2.176e-05
2024-04-15 21:06:00,3092.46,2.176e-05
2024-04-15 21:06:12,3090.06,2.172e-05
2024-04-15 21:06:24,3089.72,2.172e-05
2024-04-15 21:06:36,3089.18,2.172e-05
2024-04-15 21:06:48,3088.64,2.17e-05
2024-04-15 21:07:00,3089.25,2.171e-05
2024-04-15 21:07:12,3087.56,2.168e-05
2024-04-15 21:07:24,3088.49,2.167e-05
2024-04-15 21:07:36,3091.1,2.17e-05
2024-04-15 21:07:48,3091.69,2.172e-05
2024-04-15 21:08:00,3091.86,2.171e-05
2024-04-15 21:08:12,3092.94,2.172e-05
2024-04-15 21:08:24,3093.36,2.173e-05
2024-04-15 21:08:36,3093.92,2.174e-05
2024-04-15 21:08:48,3093.67,2.174e-05
2024-04-15 21:09:00,3092.05,2.172e-05
2024-04-15 21:09:12,3094.68,2.174e-05
2024-04-15 21:09:24,3097.07,2.177e-05
2024-04-15 21:09:36,3097.31,2.178e-05
2024-04-15 21:09:48,3098.51,2.178e-05
2024-04-15 21:10:00,3097.74,2.176e-05
2024-04-15 21:10:12,3100.82,2.182e-05
2024-04-15 21:10:24,3098.2,2.18e-05
2024-04-15 21:10:36,3097.26,2.178e-05
2024-04-15 21:10:48,3095.16,2.176e-05
2024-04-15 21:11:00,3095.15,2.176e-05
2024-04-15 21:11:12,3096.93,2.176e-05
2024-04-15 21:11:24,3097.15,2.176e-05
2024-04-15 21:11:36,3095.32,2.175e-05
2024-04-15 21:11:48,3095.05,2.175e-05
2024-04-15 21:12:00,3094.29,2.174e-05
2024-04-15 21:12:12,3094.01,2.173e-05
2024-04-15 21:12:24,3096.27,2.174e-05
2024-04-15 21:12:36,3095.1,2.172e-05
2024-04-15 21:12:48,3094.51,2.171e-05
2024-04-15 21:13:00,3093.95,2.172e-05
2024-04-15 21:13:12,3094.25,2.171e-05
2024-04-15 21:13:24,3093.31,2.17e-05
2024-04-15 21:13:36,3093.0,2.168e-05
2024-04-15 21:13:48,3093.72,2.169e-05
2024-04-15 21:14:00,3094.29,2.169e-05
2024-04-15 21:14:12,3092.94,2.169e-05
2024-04-15 21:14:24,3094.42,2.172e-05
2024-04-15 21:14:36,3095.54,2.173e-05
2024-04-15 21:14:48,3095.29,2.173e-05
2024-04-15 21:15:00,3094.86,2.173e-05
2024-04-15 21:15:12,3092.77,2.171e-05
2024-04-15 21:15:24,3092.83,2.171e-05
2024-04-15 21:15:36,3092.84,2.17e-05
2024-04-15 21:15:48,3092.69,2.172e-05
2024-04-15 21:16:00,3092.7,2.171e-05
2024-04-15 21:16:12,3092.47,2.17e-05
2024-04-15 21:16:24,3093.25,2.17e-05
2024-04-15 21:16:36,3092.09,2.168e-05
2024-04-15 21:16:48,3090.99,2.169e-05
2024-04-15 21:17:00,3091.54,2.167e-05
2024-04-15 21:17:12,3090.22,2.166e-05
2024-04-15 21:17:24,3090.65,2.166e-05
2024-04-15 21:17:36,3089.71,2.165e-05
2024-04-15 21:17:48,3090.57,2.168e-05
2024-04-15 21:18:00,3090.57,2.167e-05
2024-04-15 21:18:12,3090.2,2.166e-05
2024-04-15 21:18:24,3089.9,2.167e-05
2024-04-15 21:18:36,3089.25,2.165e-05
2024-04-15 21:18:48,3089.89,2.165e-05
2024-04-15 21:19:00,3089.73,2.164e-05
2024-04-15 21:19:12,3089.45,2.163e-05
2024-04-15 21:19:24,3089.58,2.163e-05
2024-04-15 21:19:36,3089.83,2.164e-05
2024-04-15 21:19:48,3090.08,2.164e-05
2024-04-15 21:20:00,3089.78,2.163e-05
2024-04-15 21:20:12,3089.8,2.163e-05
2024-04-15 21:20:24,3090.08,2.163e-05
2024-04-15 21:20:36,3090.39,2.162e-05
2024-04-15 21:20:48,3089.39,2.163e-05
2024-04-15 21:21:00,3089.39,2.162e-05
2024-04-15 21:21:12,3089.06,2.161e-05
2024-04-15 21:21:24,3090.54,2.164e-05
2024-04-15 21:21:36,3092.1,2.165e-05
2024-04-15 21:21:48,3092.77,2.165e-05
2024-04-15 21:22:00,3093.45,2.165e-05
2024-04-15 21:22:12,3093.45,2.164e-05
2024-04-15 21:22:24,3092.67,2.164e-05
2024-04-15 21:22:36,3090.81,2.163e-05
2024-04-15 21:22:48,3090.24,2.162e-05
2024-04-15 21:23:00,3090.06,2.161e-05
2024-04-15 21:23:12,3088.53,2.159e-05
2024-04-15 21:23:24,3086.11,2.157e-05
2024-04-15 21:23:36,3084.24,2.155e-05
2024-04-15 21:23:48,3084.51,2.155e-05
2024-04-15 21:24:00,3080.31,2.152e-05
2024-04-15 21:24:12,3078.68,2.151e-05
2024-04-15 21:24:24,3079.53,2.152e-05
2024-04-15 21:24:36,3080.15,2.153e-05
2024-04-15 21:24:48,3076.79,2.15e-05
2024-04-15 21:25:00,3076.65,2.15e-05
2024-04-15 21:25:12,3072.0,2.147e-05
2024-04-15 21:25:24,3059.99,2.143e-05
2024-04-15 21:25:36,3062.74,2.142e-05
2024-04-15 21:25:48,3065.08,2.143e-05
2024-04-15 21:26:00,3067.45,2.146e-05
2024-04-15 21:26:12,3066.96,2.144e-05
2024-04-15 21:26:24,3069.33,2.145e-05
2024-04-15 21:26:36,3073.58,2.149e-05
2024-04-15 21:26:48,3074.33,2.15e-05
2024-04-15 21:27:00,3074.85,2.15e-05
2024-04-15 21:27:12,3079.38,2.153e-05
2024-04-15 21:27:24,3080.08,2.154e-05
2024-04-15 21:27:36,3082.35,2.158e-05
2024-04-15 21:27:48,3082.89,2.158e-05
2024-04-15 21:28:00,3081.33,2.159e-05
2024-04-15 21:28:12,3084.44,2.16e-05
2024-04-15 21:28:24,3085.79,2.161e-05
2024-04-15 21:28:36,3082.16,2.158e-05
2024-04-15 21:28:48,3084.2,2.157e-05
2024-04-15 21:29:00,3084.85,2.157e-05
2024-04-15 21:29:12,3088.18,2.161e-05
2024-04-15 21:29:24,3088.42,2.162e-05
2024-04-15 21:29:36,3087.96,2.162e-05
2024-04-15 21:29:48,3086.25,2.16e-05
2024-04-15 21:30:00,3085.82,2.159e-05
2024-04-15 21:30:12,3083.59,2.158e-05
2024-04-15 21:30:24,3082.99,2.158e-05
2024-04-15 21:30:36,3082.57,2.159e-05
2024-04-15 21:30:48,3082.15,2.159e-05
2024-04-15 21:31:00,3079.55,2.155e-05
2024-04-15 21:31:12,3080.02,2.155e-05
2024-04-15 21:31:24,3083.9,2.157e-05
2024-04-15 21:31:36,3084.7,2.158e-05
2024-04-15 21:31:48,3081.85,2.155e-05
2024-04-15 21:32:00,3080.46,2.156e-05
2024-04-15 21:32:12,3078.45,2.156e-05
2024-04-15 21:32:24,3079.21,2.154e-05
2024-04-15 21:32:36,3079.22,2.155e-05
2024-04-15 21:32:48,3079.34,2.153e-05
2024-04-15 21:33:00,3077.98,2.152e-05
2024-04-15 21:33:12,3077.41,2.149e-05
2024-04-15 21:33:24,3076.06,2.148e-05
2024-04-15 21:33:36,3076.74,2.149e-05
2024-04-15 21:33:48,3080.6,2.151e-05
2024-04-15 21:34:00,3079.11,2.151e-05
2024-04-15 21:34:12,3078.6,2.151e-05
2024-04-15 21:34:24,3078.84,2.151e-05
2024-04-15 21:34:36,3079.1,2.15e-05
2024-04-15 21:34:48,3081.29,2.151e-05
2024-04-15 21:35:00,3081.63,2.151e-05
2024-04-15 21:35:12,3082.38,2.151e-05
2024-04-15 21:35:24,3082.54,2.151e-05
2024-04-15 21:35:36,3082.54,2.151e-05
2024-04-15 21:35:48,3084.9,2.154e-05
2024-04-15 21:36:00,3086.61,2.153e-05
2024-04-15 21:36:12,3088.17,2.156e-05
2024-04-15 21:36:24,3084.88,2.155e-05
2024-04-15 21:36:36,3083.55,2.155e-05
2024-04-15 21:36:48,3083.36,2.154e-05
2024-04-15 21:37:00,3082.27,2.154e-05
2024-04-15 21:37:12,3080.33,2.153e-05
2024-04-15 21:37:24,3077.56,2.153e-05
2024-04-15 21:37:36,3075.75,2.152e-05
2024-04-15 21:37:48,3074.92,2.152e-05
2024-04-15 21:38:00,3077.92,2.153e-05
2024-04-15 21:38:12,3074.75,2.154e-05
2024-04-15 21:38:24,3073.49,2.153e-05
2024-04-15 21:38:36,3074.06,2.152e-05
2024-04-15 21:38:48,3075.55,2.154e-05
2024-04-15 21:39:00,3077.38,2.155e-05
2024-04-15 21:39:12,3078.5,2.156e-05
2024-04-15 21:39:24,3081.45,2.156e-05
2024-04-15 21:39:36,3079.15,2.158e-05
2024-04-15 21:39:48,3079.15,2.158e-05
2024-04-15 21:40:00,3079.55,2.159e-05
2024-04-15 21:40:12,3080.8,2.161e-05
2024-04-15 21:40:24,3080.8,2.16e-05
2024-04-15 21:40:36,3080.79,2.16e-05
2024-04-15 21:40:48,3080.79,2.161e-05
2024-04-15 21:41:00,3080.79,2.161e-05
2024-04-15 21:41:12,3080.8,2.16e-05
2024-04-15 21:41:24,3082.0,2.161e-05
2024-04-15 21:41:36,3083.46,2.161e-05
2024-04-15 21:41:48,3083.76,2.161e-05
2024-04-15 21:42:00,3085.55,2.16e-05
2024-04-15 21:42:12,3086.08,2.162e-05
2024-04-15 21:42:24,3087.89,2.163e-05
2024-04-15 21:42:36,3088.53,2.164e-05
2024-04-15 21:42:48,3088.64,2.163e-05
2024-04-15 21:43:00,3089.14,2.164e-05
2024-04-15 21:43:12,3089.43,2.164e-05
2024-04-15 21:43:24,3090.33,2.165e-05
2024-04-15 21:43:36,3090.92,2.165e-05
2024-04-15 21:43:48,3091.57,2.167e-05
2024-04-15 21:44:00,3092.4,2.166e-05
2024-04-15 21:44:12,3092.98,2.168e-05
2024-04-15 21:44:24,3089.72,2.168e-05
2024-04-15 21:44:36,3089.73,2.167e-05
2024-04-15 21:44:48,3089.85,2.168e-05
2024-04-15 21:45:00,3089.74,2.167e-05
2024-04-15 21:45:12,3089.73,2.168e-05
2024-04-15 21:45:24,3090.06,2.167e-05
2024-04-15 21:45:36,3088.27,2.168e-05
2024-04-15 21:45:48,3088.19,2.169e-05
2024-04-15 21:46:00,3089.51,2.168e-05
2024-04-15 21:46:12,3091.52,2.17e-05
2024-04-15 21:46:24,3092.77,2.17e-05
2024-04-15 21:46:36,3092.99,2.169e-05
2024-04-15 21:46:48,3093.14,2.169e-05
2024-04-15 21:47:00,3093.45,2.17e-05
2024-04-15 21:47:12,3093.64,2.17e-05
2024-04-15 21:47:24,3095.46,2.167e-05
2024-04-15 21:47:36,3094.07,2.168e-05
2024-04-15 21:47:48,3094.35,2.167e-05
2024-04-15 21:48:00,3093.31,2.168e-05
2024-04-15 21:48:12,3092.8,2.167e-05
2024-04-15 21:48:24,3092.01,2.167e-05
2024-04-15 21:48:36,3091.31,2.164e-05
2024-04-15 21:48:48,3091.4,2.165e-05
2024-04-15 21:49:00,3091.59,2.167e-05
2024-04-15 21:49:12,3091.85,2.166e-05
2024-04-15 21:49:24,3092.42,2.167e-05
2024-04-15 21:49:36,3093.49,2.166e-05
2024-04-15 21:49:48,3094.29,2.167e-05
2024-04-15 21:50:00,3094.67,2.167e-05
2024-04-15 21:50:12,3095.89,2.167e-05
2024-04-15 21:50:24,3096.09,2.167e-05
2024-04-15 21:50:36,3096.94,2.167e-05
2024-04-15 21:50:48,3098.35,2.168e-05
2024-04-15 21:51:00,3096.33,2.168e-05
2024-04-15 21:51:12,3096.76,2.168e-05
2024-04-15 21:51:24,3096.61,2.168e-05
2024-04-15 21:51:36,3096.35,2.168e-05
2024-04-15 21:51:48,3096.35,2.168e-05
2024-04-15 21:52:00,3096.35,2.167e-05
2024-04-15 21:52:12,3096.35,2.167e-05
2024-04-15 21:52:24,3096.35,2.168e-05
2024-04-15 21:52:36,3096.11,2.168e-05
2024-04-15 21:52:48,3096.05,2.169e-05
2024-04-15 21:53:00,3096.07,2.169e-05
2024-04-15 21:53:12,3096.33,2.17e-05
2024-04-15 21:53:24,3096.34,2.17e-05
2024-04-15 21:53:36,3096.27,2.169e-05
2024-04-15 21:53:48,3096.27,2.169e-05
2024-04-15 21:54:00,3095.61,2.17e-05
2024-04-15 21:54:12,3094.85,2.17e-05
2024-04-15 21:54:24,3094.86,2.171e-05
2024-04-15 21:54:36,3095.0,2.171e-05
2024-04-15 21:54:48,3095.0,2.17e-05
2024-04-15 21:55:00,3095.56,2.171e-05
2024-04-15 21:55:12,3096.3,2.173e-05
2024-04-15 21:55:24,3097.33,2.173e-05
2024-04-15 21:55:36,3097.86,2.174e-05
2024-04-15 21:55:48,3098.61,2.177e-05
2024-04-15 21:56:00,3098.6,2.18e-05
2024-04-15 21:56:12,3098.99,2.18e-05
2024-04-15 21:56:24,3104.54,2.181e-05
2024-04-15 21:56:36,3107.47,2.183e-05
2024-04-15 21:56:48,3111.38,2.188e-05
2024-04-15 21:57:00,3108.95,2.186e-05
2024-04-15 21:57:12,3109.49,2.193e-05
2024-04-15 21:57:24,3107.98,2.192e-05
2024-04-15 21:57:36,3108.99,2.193e-05
2024-04-15 21:57:48,3111.55,2.197e-05
2024-04-15 21:58:00,3114.0,2.197e-05
2024-04-15 21:58:12,3110.59,2.193e-05
2024-04-15 21:58:24,3112.37,2.193e-05
2024-04-15 21:58:36,3111.53,2.193e-05
2024-04-15 21:58:48,3110.4,2.19e-05
2024-04-15 21:59:00,3110.0,2.19e-05
2024-04-15 21:59:12,3109.81,2.188e-05
2024-04-15 21:59:24,3109.0,2.187e-05
2024-04-15 21:59:36,3107.91,2.188e-05
2024-04-15 21:59:48,3107.5,2.188e-05
2024-04-15 22:00:00,3107.0,2.187e-05
2024-04-15 22:00:12,3106.2,2.185e-05
2024-04-15 22:00:24,3108.48,2.184e-05
2024-04-15 22:00:36,3108.0,2.182e-05
2024-04-15 22:00:48,3107.3,2.18e-05
2024-04-15 22:01:00,3104.42,2.179e-05
2024-04-15 22:01:12,3104.6,2.177e-05
2024-04-15 22:01:24,3105.8,2.179e-05
2024-04-15 22:01:36,3108.78,2.182e-05
2024-04-15 22:01:48,3105.21,2.175e-05
2024-04-15 22:02:00,3104.79,2.178e-05
2024-04-15 22:02:12,3102.95,2.175e-05
2024-04-15 22:02:24,3103.88,2.177e-05
2024-04-15 22:02:36,3104.39,2.176e-05
2024-04-15 22:02:48,3105.79,2.177e-05
2024-04-15 22:03:00,3103.47,2.176e-05
2024-04-15 22:03:12,3100.81,2.175e-05
2024-04-15 22:03:24,3100.01,2.175e-05
2024-04-15 22:03:36,3098.89,2.177e-05
2024-04-15 22:03:48,3098.13,2.175e-05
2024-04-15 22:04:00,3098.0,2.177e-05
2024-04-15 22:04:12,3099.28,2.177e-05
2024-04-15 22:04:24,3096.24,2.174e-05
2024-04-15 22:04:36,3097.2,2.173e-05
2024-04-15 22:04:48,3098.8,2.175e-05
2024-04-15 22:05:00,3100.8,2.178e-05
2024-04-15 22:05:12,3101.2,2.176e-05
2024-04-15 22:05:24,3100.4,2.174e-05
2024-04-15 22:05:36,3104.59,2.178e-05
2024-04-15 22:05:48,3103.2,2.176e-05
2024-04-15 22:06:00,3103.4,2.176e-05
2024-04-15 22:06:12,3101.7,2.177e-05
2024-04-15 22:06:24,3099.12,2.176e-05
2024-04-15 22:06:36,3098.89,2.175e-05
2024-04-15 22:06:48,3098.89,2.175e-05
2024-04-15 22:07:00,3098.18,2.174e-05
2024-04-15 22:07:12,3097.8,2.172e-05
2024-04-15 22:07:24,3099.8,2.175e-05
2024-04-15 22:07:36,3099.2,2.172e-05
2024-04-15 22:07:48,3100.2,2.173e-05
2024-04-15 22:08:00,3099.6,2.172e-05
2024-04-15 22:08:12,3098.3,2.171e-05
2024-04-15 22:08:24,3099.41,2.171e-05
2024-04-15 22:08:36,3097.75,2.169e-05
2024-04-15 22:08:48,3098.79,2.169e-05
2024-04-15 22:09:00,3101.31,2.171e-05
2024-04-15 22:09:12,3100.05,2.169e-05
2024-04-15 22:09:24,3099.27,2.168e-05
2024-04-15 22:09:36,3099.78,2.17e-05
2024-04-15 22:09:48,3099.41,2.171e-05
2024-04-15 22:10:00,3098.8,2.171e-05
2024-04-15 22:10:12,3097.75,2.169e-05
2024-04-15 22:10:24,3097.69,2.171e-05
2024-04-15 22:10:36,3099.6,2.172e-05
2024-04-15 22:10:48,3099.39,2.174e-05
2024-04-15 22:11:00,3101.0,2.174e-05
2024-04-15 22:11:12,3098.37,2.172e-05
2024-04-15 22:11:24,3099.0,2.174e-05
2024-04-15 22:11:36,3101.16,2.177e-05
2024-04-15 22:11:48,3100.81,2.175e-05
2024-04-15 22:12:00,3100.6,2.176e-05
2024-04-15 22:12:12,3100.21,2.178e-05
2024-04-15 22:12:24,3098.01,2.171e-05
2024-04-15 22:12:36,3095.64,2.169e-05
2024-04-15 22:12:48,3094.99,2.171e-05
2024-04-15 22:13:00,3093.6,2.17e-05
2024-04-15 22:13:12,3093.14,2.17e-05
2024-04-15 22:13:24,3095.0,2.17e-05
2024-04-15 22:13:36,3094.8,2.171e-05
2024-04-15 22:13:48,3096.8,2.171e-05
2024-04-15 22:14:00,3097.0,2.171e-05
2024-04-15 22:14:12,3096.79,2.171e-05
2024-04-15 22:14:24,3097.01,2.17e-05
2024-04-15 22:14:36,3096.81,2.171e-05
2024-04-15 22:14:48,3096.66,2.171e-05
2024-04-15 22:15:00,3097.19,2.171e-05
2024-04-15 22:15:12,3095.46,2.17e-05
2024-04-15 22:15:24,3094.6,2.169e-05
2024-04-15 22:15:36,3094.49,2.168e-05
2024-04-15 22:15:48,3092.65,2.167e-05
2024-04-15 22:16:00,3093.39,2.167e-05
2024-04-15 22:16:12,3092.38,2.166e-05
2024-04-15 22:16:24,3090.0,2.164e-05
2024-04-15 22:16:36,3092.15,2.166e-05
2024-04-15 22:16:48,3093.23,2.165e-05
2024-04-15 22:17:00,3092.76,2.167e-05
2024-04-15 22:17:12,3091.06,2.166e-05
2024-04-15 22:17:24,3090.8,2.164e-05
2024-04-15 22:17:36,3090.07,2.164e-05
2024-04-15 22:17:48,3089.98,2.163e-05
2024-04-15 22:18:00,3090.2,2.165e-05
2024-04-15 22:18:12,3089.72,2.167e-05
2024-04-15 22:18:24,3090.59,2.167e-05
2024-04-15 22:18:36,3090.4,2.166e-05
2024-04-15 22:18:48,3091.39,2.166e-05
2024-04-15 22:19:00,3091.29,2.167e-05
2024-04-15 22:19:12,3093.19,2.167e-05
2024-04-15 22:19:24,3090.93,2.166e-05
2024-04-15 22:19:36,3089.36,2.164e-05
2024-04-15 22:19:48,3090.2,2.166e-05
2024-04-15 22:20:00,3090.38,2.166e-05
2024-04-15 22:20:12,3089.12,2.165e-05
2024-04-15 22:20:24,3089.41,2.165e-05
2024-04-15 22:20:36,3087.85,2.164e-05
2024-04-15 22:20:48,3089.7,2.166e-05
2024-04-15 22:21:00,3089.45,2.166e-05
2024-04-15 22:21:12,3087.81,2.164e-05
2024-04-15 22:21:24,3085.52,2.164e-05
2024-04-15 22:21:36,3085.12,2.165e-05
2024-04-15 22:21:48,3085.21,2.163e-05
2024-04-15 22:22:00,3085.35,2.163e-05
2024-04-15 22:22:12,3086.16,2.165e-05
2024-04-15 22:22:24,3086.64,2.165e-05
2024-04-15 22:22:36,3087.2,2.163e-05
2024-04-15 22:22:48,3088.35,2.164e-05
2024-04-15 22:23:00,3087.81,2.164e-05
2024-04-15 22:23:12,3085.7,2.163e-05
2024-04-15 22:23:24,3086.0,2.162e-05
2024-04-15 22:23:36,3086.6,2.162e-05
2024-04-15 22:23:48,3086.59,2.161e-05
2024-04-15 22:24:00,3088.09,2.162e-05
2024-04-15 22:24:12,3088.97,2.162e-05
2024-04-15 22:24:24,3089.6,2.163e-05
2024-04-15 22:24:36,3091.0,2.163e-05
2024-04-15 22:24:48,3090.61,2.164e-05
2024-04-15 22:25:00,3092.6,2.167e-05
2024-04-15 22:25:12,3092.4,2.167e-05
2024-04-15 22:25:24,3094.46,2.169e-05
2024-04-15 22:25:36,3096.5,2.173e-05
2024-04-15 22:25:48,3096.4,2.173e-05
2024-04-15 22:26:00,3095.67,2.171e-05
2024-04-15 22:26:12,3097.39,2.173e-05
2024-04-15 22:26:24,3098.6,2.174e-05
2024-04-15 22:26:36,3098.23,2.174e-05
2024-04-15 22:26:48,3098.85,2.173e-05
2024-04-15 22:27:00,3097.91,2.173e-05
2024-04-15 22:27:12,3098.75,2.174e-05
2024-04-15 22:27:24,3100.15,2.174e-05
2024-04-15 22:27:36,3099.73,2.174e-05
2024-04-15 22:27:48,3101.1,2.173e-05
2024-04-15 22:28:00,3101.1,2.174e-05
2024-04-15 22:28:12,3099.75,2.172e-05
2024-04-15 22:28:24,3101.05,2.173e-05
2024-04-15 22:28:36,3100.8,2.173e-05
2024-04-15 22:28:48,3101.67,2.174e-05
2024-04-15 22:29:00,3102.08,2.174e-05
2024-04-15 22:29:12,3103.03,2.174e-05
2024-04-15 22:29:24,3101.81,2.173e-05
2024-04-15 22:29:36,3104.05,2.175e-05
2024-04-15 22:29:48,3104.8,2.176e-05
2024-04-15 22:30:00,3104.6,2.177e-05
2024-04-15 22:30:12,3106.96,2.179e-05
2024-04-15 22:30:24,3106.83,2.178e-05
2024-04-15 22:30:36,3106.51,2.177e-05
2024-04-15 22:30:48,3106.99,2.177e-05
2024-04-15 22:31:00,3106.81,2.177e-05
2024-04-15 22:31:12,3107.45,2.178e-05
2024-04-15 22:31:24,3108.95,2.18e-05
2024-04-15 22:31:36,3108.95,2.179e-05
2024-04-15 22:31:48,3110.97,2.181e-05
2024-04-15 22:32:00,3110.1,2.18e-05
2024-04-15 22:32:12,3109.99,2.18e-05
2024-04-15 22:32:24,3110.41,2.181e-05
2024-04-15 22:32:36,3111.38,2.181e-05
2024-04-15 22:32:48,3111.14,2.182e-05
2024-04-15 22:33:00,3111.01,2.181e-05
2024-04-15 22:33:12,3111.8,2.183e-05
2024-04-15 22:33:24,3116.15,2.185e-05
2024-04-15 22:33:36,3117.56,2.185e-05
2024-04-15 22:33:48,3117.07,2.186e-05
2024-04-15 22:34:00,3118.6,2.187e-05
2024-04-15 22:34:12,3117.41,2.186e-05
2024-04-15 22:34:24,3116.28,2.186e-05
2024-04-15 22:34:36,3114.63,2.185e-05
2024-04-15 22:34:48,3116.64,2.187e-05
2024-04-15 22:35:00,3118.14,2.188e-05
2024-04-15 22:35:12,3117.59,2.188e-05
2024-04-15 22:35:24,3116.61,2.186e-05
2024-04-15 22:35:36,3117.68,2.186e-05
2024-04-15 22:35:48,3118.99,2.187e-05
2024-04-15 22:36:00,3116.62,2.186e-05
2024-04-15 22:36:12,3113.72,2.184e-05
2024-04-15 22:36:24,3115.0,2.186e-05
2024-04-15 22:36:36,3116.23,2.185e-05
2024-04-15 22:36:48,3116.64,2.187e-05
2024-04-15 22:37:00,3117.05,2.188e-05
2024-04-15 22:37:12,3115.08,2.186e-05
2024-04-15 22:37:24,3114.63,2.185e-05
2024-04-15 22:37:36,3116.41,2.188e-05
2024-04-15 22:37:48,3116.28,2.189e-05
2024-04-15 22:38:00,3117.05,2.189e-05
2024-04-15 22:38:12,3116.6,2.189e-05
2024-04-15 22:38:24,3115.51,2.187e-05
2024-04-15 22:38:36,3115.75,2.185e-05
2024-04-15 22:38:48,3117.19,2.187e-05
2024-04-15 22:39:00,3117.38,2.187e-05
2024-04-15 22:39:12,3118.26,2.188e-05
2024-04-15 22:39:24,3118.39,2.187e-05
2024-04-15 22:39:36,3118.03,2.189e-05
2024-04-15 22:39:48,3118.0,2.188e-05
2024-04-15 22:40:00,3118.55,2.191e-05
2024-04-15 22:40:12,3120.18,2.191e-05
2024-04-15 22:40:24,3120.8,2.191e-05
2024-04-15 22:40:36,3118.1,2.189e-05
2024-04-15 22:40:48,3117.85,2.189e-05
2024-04-15 22:41:00,3117.95,2.189e-05
2024-04-15 22:41:12,3118.97,2.191e-05
2024-04-15 22:41:24,3120.11,2.192e-05
2024-04-15 22:41:36,3123.81,2.194e-05
2024-04-15 22:41:48,3123.94,2.194e-05
2024-04-15 22:42:00,3124.6,2.194e-05
2024-04-15 22:42:12,3123.8,2.193e-05
2024-04-15 22:42:24,3124.36,2.193e-05
2024-04-15 22:42:36,3125.0,2.193e-05
2024-04-15 22:42:48,3125.26,2.193e-05
2024-04-15 22:43:00,3127.86,2.196e-05
2024-04-15 22:43:12,3127.46,2.194e-05
2024-04-15 22:43:24,3127.5,2.195e-05
2024-04-15 22:43:36,3124.56,2.193e-05
2024-04-15 22:43:48,3123.61,2.193e-05
2024-04-15 22:44:00,3123.64,2.194e-05
2024-04-15 22:44:12,3122.1,2.193e-05
2024-04-15 22:44:24,3121.61,2.193e-05
2024-04-15 22:44:36,3121.26,2.193e-05
2024-04-15 22:44:48,3121.49,2.193e-05
2024-04-15 22:45:00,3121.81,2.193e-05
2024-04-15 22:45:12,3121.61,2.194e-05
2024-04-15 22:45:24,3123.36,2.194e-05
2024-04-15 22:45:36,3121.26,2.193e-05
2024-04-15 22:45:48,3121.2,2.192e-05
2024-04-15 22:46:00,3119.54,2.189e-05
2024-04-15 22:46:12,3118.4,2.188e-05
2024-04-15 22:46:24,3118.4,2.188e-05
2024-04-15 22:46:36,3117.74,2.187e-05
2024-04-15 22:46:48,3120.15,2.191e-05
2024-04-15 22:47:00,3119.38,2.191e-05
2024-04-15 22:47:12,3118.21,2.19e-05
2024-04-15 22:47:24,3118.36,2.19e-05
2024-04-15 22:47:36,3117.96,2.189e-05
2024-04-15 22:47:48,3117.95,2.19e-05
2024-04-15 22:48:00,3118.2,2.19e-05
2024-04-15 22:48:12,3118.11,2.189e-05
2024-04-15 22:48:24,3117.08,2.189e-05
2024-04-15 22:48:36,3117.3,2.189e-05
2024-04-15 22:48:48,3118.0,2.189e-05
2024-04-15 22:49:00,3117.81,2.189e-05
2024-04-15 22:49:12,3120.97,2.192e-05
2024-04-15 22:49:24,3121.45,2.193e-05
2024-04-15 22:49:36,3121.55,2.193e-05
2024-04-15 22:49:48,3122.19,2.194e-05
2024-04-15 22:50:00,3121.32,2.193e-05
2024-04-15 22:50:12,3121.4,2.193e-05
2024-04-15 22:50:24,3120.7,2.193e-05
2024-04-15 22:50:36,3119.98,2.19e-05
2024-04-15 22:50:48,3119.69,2.191e-05
2024-04-15 22:51:00,3119.9,2.191e-05
2024-04-15 22:51:12,3118.12,2.19e-05
2024-04-15 22:51:24,3117.95,2.189e-05
2024-04-15 22:51:36,3117.96,2.188e-05
2024-04-15 22:51:48,3117.01,2.188e-05
2024-04-15 22:52:00,3116.41,2.187e-05
2024-04-15 22:52:12,3115.81,2.188e-05
2024-04-15 22:52:24,3117.4,2.189e-05
2024-04-15 22:52:36,3117.0,2.188e-05
2024-04-15 22:52:48,3116.4,2.187e-05
2024-04-15 22:53:00,3116.55,2.19e-05
2024-04-15 22:53:12,3116.2,2.189e-05
2024-04-15 22:53:24,3117.59,2.191e-05
2024-04-15 22:53:36,3117.86,2.19e-05
2024-04-15 22:53:48,3117.86,2.191e-05
2024-04-15 22:54:00,3117.87,2.191e-05
2024-04-15 22:54:12,3118.0,2.189e-05
2024-04-15 22:54:24,3117.99,2.189e-05
2024-04-15 22:54:36,3119.19,2.19e-05
2024-04-15 22:54:48,3120.21,2.192e-05
2024-04-15 22:55:00,3120.01,2.191e-05
2024-04-15 22:55:12,3121.39,2.191e-05
2024-04-15 22:55:24,3120.81,2.191e-05
2024-04-15 22:55:36,3119.72,2.189e-05
2024-04-15 22:55:48,3120.57,2.19e-05
2024-04-15 22:56:00,3121.03,2.191e-05
2024-04-15 22:56:12,3121.99,2.191e-05
2024-04-15 22:56:24,3121.76,2.191e-05
2024-04-15 22:56:36,3121.41,2.192e-05
2024-04-15 22:56:48,3123.0,2.191e-05
2024-04-15 22:57:00,3123.01,2.192e-05
2024-04-15 22:57:12,3125.92,2.194e-05
2024-04-15 22:57:24,3124.61,2.194e-05
2024-04-15 22:57:36,3123.6,2.194e-05
2024-04-15 22:57:48,3123.35,2.195e-05
2024-04-15 22:58:00,3122.58,2.196e-05
2024-04-15 22:58:12,3123.61,2.197e-05
2024-04-15 22:58:24,3124.0,2.196e-05
2024-04-15 22:58:36,3124.2,2.197e-05
2024-04-15 22:58:48,3125.62,2.198e-05
2024-04-15 22:59:00,3125.68,2.199e-05
2024-04-15 22:59:12,3125.95,2.2e-05
2024-04-15 22:59:24,3126.15,2.199e-05
2024-04-15 22:59:36,3125.86,2.198e-05
2024-04-15 22:59:48,3126.59,2.199e-05
2024-04-15 23:00:00,3126.83,2.199e-05
2024-04-15 23:00:12,3125.8,2.198e-05
2024-04-15 23:00:24,3124.13,2.198e-05
2024-04-15 23:00:36,3122.62,2.197e-05
2024-04-15 23:00:48,3120.42,2.195e-05
2024-04-15 23:01:00,3119.79,2.194e-05
2024-04-15 23:01:12,3119.97,2.193e-05
2024-04-15 23:01:24,3120.5,2.194e-05
2024-04-15 23:01:36,3119.46,2.191e-05
2024-04-15 23:01:48,3119.36,2.192e-05
2024-04-15 23:02:00,3120.59,2.193e-05
2024-04-15 23:02:12,3118.81,2.191e-05
2024-04-15 23:02:24,3119.4,2.192e-05
2024-04-15 23:02:36,3120.2,2.192e-05
2024-04-15 23:02:48,3121.39,2.194e-05
2024-04-15 23:03:00,3121.4,2.193e-05
2024-04-15 23:03:12,3121.2,2.193e-05
2024-04-15 23:03:24,3121.2,2.191e-05
2024-04-15 23:03:36,3121.74,2.192e-05
2024-04-15 23:03:48,3123.04,2.193e-05
2024-04-15 23:04:00,3122.56,2.192e-05
2024-04-15 23:04:12,3122.39,2.193e-05
2024-04-15 23:04:24,3122.86,2.193e-05
2024-04-15 23:04:36,3123.35,2.195e-05
2024-04-15 23:04:48,3123.35,2.197e-05
2024-04-15 23:05:00,3123.49,2.198e-05
2024-04-15 23:05:12,3123.75,2.197e-05
2024-04-15 23:05:24,3123.87,2.2e-05
2024-04-15 23:05:36,3123.0,2.201e-05
2024-04-15 23:05:48,3122.8,2.201e-05
2024-04-15 23:06:00,3122.61,2.2e-05
2024-04-15 23:06:12,3123.39,2.202e-05
2024-04-15 23:06:24,3123.79,2.201e-05
2024-04-15 23:06:36,3123.79,2.203e-05
2024-04-15 23:06:48,3122.88,2.203e-05
2024-04-15 23:07:00,3121.82,2.199e-05
2024-04-15 23:07:12,3120.0,2.197e-05
2024-04-15 23:07:24,3118.51,2.196e-05
2024-04-15 23:07:36,3119.25,2.195e-05
2024-04-15 23:07:48,3118.81,2.194e-05
2024-04-15 23:08:00,3119.3,2.195e-05
2024-04-15 23:08:12,3118.95,2.193e-05
2024-04-15 23:08:24,3120.59,2.196e-05
2024-04-15 23:08:36,3120.58,2.196e-05
2024-04-15 23:08:48,3118.88,2.195e-05
2024-04-15 23:09:00,3118.74,2.194e-05
2024-04-15 23:09:12,3118.64,2.195e-05
2024-04-15 23:09:24,3121.04,2.196e-05
2024-04-15 23:09:36,3120.23,2.196e-05
2024-04-15 23:09:48,3119.71,2.195e-05
2024-04-15 23:10:00,3119.8,2.195e-05
2024-04-15 23:10:12,3119.86,2.193e-05
2024-04-15 23:10:24,3119.4,2.193e-05
2024-04-15 23:10:36,3119.59,2.193e-05
2024-04-15 23:10:48,3120.79,2.194e-05
2024-04-15 23:11:00,3120.02,2.193e-05
2024-04-15 23:11:12,3120.2,2.192e-05
2024-04-15 23:11:24,3121.39,2.194e-05
2024-04-15 23:11:36,3122.1,2.195e-05
2024-04-15 23:11:48,3122.1,2.196e-05
2024-04-15 23:12:00,3121.17,2.194e-05
2024-04-15 23:12:12,3121.4,2.194e-05
2024-04-15 23:12:24,3122.14,2.196e-05
2024-04-15 23:12:36,3121.6,2.195e-05
2024-04-15 23:12:48,3123.2,2.196e-05
2024-04-15 23:13:00,3123.2,2.196e-05
2024-04-15 23:13:12,3122.41,2.195e-05
2024-04-15 23:13:24,3122.99,2.197e-05
2024-04-15 23:13:36,3122.81,2.198e-05
2024-04-15 23:13:48,3123.19,2.198e-05
2024-04-15 23:14:00,3122.59,2.198e-05
2024-04-15 23:14:12,3121.61,2.199e-05
2024-04-15 23:14:24,3121.8,2.199e-05
2024-04-15 23:14:36,3121.75,2.2e-05
2024-04-15 23:14:48,3122.79,2.201e-05
2024-04-15 23:15:00,3123.0,2.2e-05
2024-04-15 23:15:12,3122.66,2.201e-05
2024-04-15 23:15:24,3122.59,2.201e-05
2024-04-15 23:15:36,3121.66,2.2e-05
2024-04-15 23:15:48,3120.15,2.198e-05
2024-04-15 23:16:00,3118.66,2.197e-05
2024-04-15 23:16:12,3115.14,2.193e-05
2024-04-15 23:16:24,3115.6,2.193e-05
2024-04-15 23:16:36,3114.48,2.193e-05
2024-04-15 23:16:48,3114.3,2.194e-05
2024-04-15 23:17:00,3114.19,2.194e-05
2024-04-15 23:17:12,3112.43,2.192e-05
2024-04-15 23:17:24,3111.62,2.19e-05
2024-04-15 23:17:36,3112.4,2.19e-05
2024-04-15 23:17:48,3112.21,2.189e-05
2024-04-15 23:18:00,3112.0,2.189e-05
2024-04-15 23:18:12,3110.18,2.187e-05
2024-04-15 23:18:24,3109.25,2.187e-05
2024-04-15 23:18:36,3110.33,2.188e-05
2024-04-15 23:18:48,3110.0,2.187e-05
2024-04-15 23:19:00,3111.12,2.188e-05
2024-04-15 23:19:12,3108.35,2.185e-05
2024-04-15 23:19:24,3110.19,2.188e-05
2024-04-15 23:19:36,3110.61,2.188e-05
2024-04-15 23:19:48,3110.4,2.188e-05
2024-04-15 23:20:00,3110.6,2.189e-05
2024-04-15 23:20:12,3110.58,2.189e-05
2024-04-15 23:20:24,3111.79,2.19e-05
2024-04-15 23:20:36,3112.3,2.19e-05
2024-04-15 23:20:48,3111.12,2.189e-05
2024-04-15 23:21:00,3112.2,2.19e-05
2024-04-15 23:21:12,3111.81,2.191e-05
2024-04-15 23:21:24,3111.8,2.191e-05
2024-04-15 23:21:36,3111.59,2.188e-05
2024-04-15 23:21:48,3111.2,2.188e-05
2024-04-15 23:22:00,3111.99,2.188e-05
2024-04-15 23:22:12,3110.6,2.186e-05
2024-04-15 23:22:24,3110.61,2.187e-05
2024-04-15 23:22:36,3110.6,2.186e-05
2024-04-15 23:22:48,3110.61,2.186e-05
2024-04-15 23:23:00,3110.99,2.188e-05
2024-04-15 23:23:12,3110.4,2.186e-05
2024-04-15 23:23:24,3110.26,2.187e-05
2024-04-15 23:23:36,3109.2,2.184e-05
2024-04-15 23:23:48,3109.2,2.186e-05
2024-04-15 23:24:00,3108.93,2.186e-05
2024-04-15 23:24:12,3108.61,2.186e-05
2024-04-15 23:24:24,3108.6,2.185e-05
2024-04-15 23:24:36,3107.03,2.184e-05
2024-04-15 23:24:48,3106.79,2.183e-05
2024-04-15 23:25:00,3108.2,2.185e-05
2024-04-15 23:25:12,3107.25,2.182e-05
2024-04-15 23:25:24,3106.45,2.182e-05
2024-04-15 23:25:36,3106.23,2.183e-05
2024-04-15 23:25:48,3104.47,2.182e-05
2024-04-15 23:26:00,3102.35,2.181e-05
2024-04-15 23:26:12,3102.41,2.18e-05
2024-04-15 23:26:24,3102.11,2.181e-05
2024-04-15 23:26:36,3100.92,2.179e-05
2024-04-15 23:26:48,3101.65,2.181e-05
2024-04-15 23:27:00,3102.8,2.181e-05
2024-04-15 23:27:12,3102.59,2.182e-05
2024-04-15 23:27:24,3101.29,2.181e-05
2024-04-15 23:27:36,3102.0,2.183e-05
2024-04-15 23:27:48,3100.81,2.181e-05
2024-04-15 23:28:00,3097.99,2.18e-05
2024-04-15 23:28:12,3100.15,2.181e-05
2024-04-15 23:28:24,3100.98,2.181e-05
2024-04-15 23:28:36,3101.4,2.181e-05
2024-04-15 23:28:48,3100.41,2.18e-05
2024-04-15 23:29:00,3100.4,2.18e-05
2024-04-15 23:29:12,3101.6,2.182e-05
2024-04-15 23:29:24,3102.82,2.182e-05
2024-04-15 23:29:36,3103.37,2.186e-05
2024-04-15 23:29:48,3103.38,2.187e-05
2024-04-15 23:30:00,3101.69,2.184e-05
2024-04-15 23:30:12,3100.01,2.184e-05
2024-04-15 23:30:24,3100.2,2.183e-05
2024-04-15 23:30:36,3102.29,2.185e-05
2024-04-15 23:30:48,3100.41,2.184e-05
2024-04-15 23:31:00,3098.77,2.182e-05
2024-04-15 23:31:12,3098.0,2.182e-05
2024-04-15 23:31:24,3098.4,2.182e-05
2024-04-15 23:31:36,3098.46,2.182e-05
2024-04-15 23:31:48,3098.8,2.183e-05
2024-04-15 23:32:00,3099.0,2.184e-05
2024-04-15 23:32:12,3098.05,2.182e-05
2024-04-15 23:32:24,3098.99,2.184e-05
2024-04-15 23:32:36,3099.1,2.184e-05
2024-04-15 23:32:48,3098.95,2.183e-05
2024-04-15 23:33:00,3098.55,2.183e-05
2024-04-15 23:33:12,3097.61,2.183e-05
2024-04-15 23:33:24,3097.81,2.184e-05
2024-04-15 23:33:36,3097.87,2.183e-05
2024-04-15 23:33:48,3098.33,2.184e-05
2024-04-15 23:34:00,3098.51,2.184e-05
2024-04-15 23:34:12,3098.8,2.186e-05
2024-04-15 23:34:24,3098.01,2.186e-05
2024-04-15 23:34:36,3098.74,2.186e-05
2024-04-15 23:34:48,3097.81,2.187e-05
2024-04-15 23:35:00,3094.6,2.185e-05
2024-04-15 23:35:12,3094.8,2.186e-05
2024-04-15 23:35:24,3092.51,2.185e-05
2024-04-15 23:35:36,3092.64,2.184e-05
2024-04-15 23:35:48,3091.9,2.183e-05
2024-04-15 23:36:00,3093.0,2.183e-05
2024-04-15 23:36:12,3090.86,2.182e-05
2024-04-15 23:36:24,3090.41,2.182e-05
2024-04-15 23:36:36,3090.45,2.181e-05
2024-04-15 23:36:48,3091.52,2.183e-05
2024-04-15 23:37:00,3091.0,2.183e-05
2024-04-15 23:37:12,3091.94,2.184e-05
2024-04-15 23:37:24,3092.45,2.184e-05
2024-04-15 23:37:36,3093.55,2.185e-05
2024-04-15 23:37:48,3094.42,2.185e-05
2024-04-15 23:38:00,3094.68,2.186e-05
2024-04-15 23:38:12,3095.81,2.187e-05
2024-04-15 23:38:24,3098.03,2.188e-05
2024-04-15 23:38:36,3098.6,2.187e-05
2024-04-15 23:38:48,3098.41,2.188e-05
2024-04-15 23:39:00,3097.81,2.187e-05
2024-04-15 23:39:12,3096.01,2.188e-05
2024-04-15 23:39:24,3096.2,2.187e-05
2024-04-15 23:39:36,3097.19,2.188e-05
2024-04-15 23:39:48,3098.1,2.189e-05
2024-04-15 23:40:00,3098.39,2.189e-05
2024-04-15 23:40:12,3099.0,2.19e-05
2024-04-15 23:40:24,3099.79,2.191e-05
2024-04-15 23:40:36,3100.2,2.192e-05
2024-04-15 23:40:48,3101.0,2.192e-05
2024-04-15 23:41:00,3100.05,2.19e-05
2024-04-15 23:41:12,3101.79,2.192e-05
2024-04-15 23:41:24,3102.2,2.192e-05
2024-04-15 23:41:36,3103.05,2.192e-05
2024-04-15 23:41:48,3103.01,2.192e-05
2024-04-15 23:42:00,3103.0,2.192e-05
2024-04-15 23:42:12,3103.0,2.191e-05
2024-04-15 23:42:24,3103.0,2.192e-05
2024-04-15 23:42:36,3102.76,2.191e-05
2024-04-15 23:42:48,3103.39,2.193e-05
2024-04-15 23:43:00,3103.21,2.193e-05
2024-04-15 23:43:12,3103.21,2.192e-05
2024-04-15 23:43:24,3103.48,2.192e-05
2024-04-15 23:43:36,3104.58,2.194e-05
2024-04-15 23:43:48,3105.8,2.194e-05
2024-04-15 23:44:00,3106.05,2.195e-05
2024-04-15 23:44:12,3106.0,2.195e-05
2024-04-15 23:44:24,3106.0,2.195e-05
2024-04-15 23:44:36,3105.01,2.195e-05
2024-04-15 23:44:48,3105.5,2.195e-05
2024-04-15 23:45:00,3106.8,2.195e-05
2024-04-15 23:45:12,3106.0,2.195e-05
2024-04-15 23:45:24,3104.6,2.194e-05
2024-04-15 23:45:36,3101.36,2.19e-05
2024-04-15 23:45:48,3101.21,2.189e-05
2024-04-15 23:46:00,3100.87,2.189e-05
2024-04-15 23:46:12,3098.5,2.186e-05
2024-04-15 23:46:24,3096.61,2.184e-05
2024-04-15 23:46:36,3095.82,2.183e-05
2024-04-15 23:46:48,3095.66,2.184e-05
2024-04-15 23:47:00,3096.19,2.184e-05
2024-04-15 23:47:12,3095.0,2.184e-05
2024-04-15 23:47:24,3098.55,2.187e-05
2024-04-15 23:47:36,3098.2,2.187e-05
2024-04-15 23:47:48,3097.5,2.187e-05
2024-04-15 23:48:00,3098.0,2.187e-05
2024-04-15 23:48:12,3097.21,2.187e-05
2024-04-15 23:48:24,3097.09,2.186e-05
2024-04-15 23:48:36,3098.0,2.187e-05
2024-04-15 23:48:48,3098.6,2.187e-05
2024-04-15 23:49:00,3099.28,2.186e-05
2024-04-15 23:49:12,3098.81,2.186e-05
2024-04-15 23:49:24,3100.2,2.188e-05
2024-04-15 23:49:36,3100.8,2.188e-05
2024-04-15 23:49:48,3100.79,2.188e-05
2024-04-15 23:50:00,3100.21,2.187e-05
2024-04-15 23:50:12,3099.41,2.187e-05
2024-04-15 23:50:24,3099.72,2.189e-05
2024-04-15 23:50:36,3099.59,2.188e-05
2024-04-15 23:50:48,3097.86,2.186e-05
2024-04-15 23:51:00,3097.8,2.186e-05
2024-04-15 23:51:12,3097.6,2.186e-05
2024-04-15 23:51:24,3100.24,2.188e-05
2024-04-15 23:51:36,3101.01,2.189e-05
2024-04-15 23:51:48,3099.75,2.188e-05
2024-04-15 23:52:00,3098.38,2.188e-05
2024-04-15 23:52:12,3097.41,2.187e-05
2024-04-15 23:52:24,3099.2,2.188e-05
2024-04-15 23:52:36,3098.45,2.188e-05
2024-04-15 23:52:48,3097.36,2.186e-05
2024-04-15 23:53:00,3098.19,2.187e-05
2024-04-15 23:53:12,3096.01,2.186e-05
2024-04-15 23:53:24,3096.41,2.185e-05
2024-04-15 23:53:36,3098.68,2.187e-05
2024-04-15 23:53:48,3100.6,2.19e-05
2024-04-15 23:54:00,3100.81,2.191e-05
2024-04-15 23:54:12,3103.34,2.196e-05
2024-04-15 23:54:24,3104.3,2.197e-05
2024-04-15 23:54:36,3102.41,2.195e-05
2024-04-15 23:54:48,3101.81,2.195e-05
2024-04-15 23:55:00,3101.41,2.193e-05
2024-04-15 23:55:12,3100.1,2.192e-05
2024-04-15 23:55:24,3100.2,2.193e-05
2024-04-15 23:55:36,3100.79,2.192e-05
2024-04-15 23:55:48,3100.79,2.192e-05
2024-04-15 23:56:00,3100.74,2.19e-05
2024-04-15 23:56:12,3101.81,2.192e-05
2024-04-15 23:56:24,3100.42,2.19e-05
2024-04-15 23:56:36,3100.81,2.191e-05
2024-04-15 23:56:48,3101.35,2.191e-05
2024-04-15 23:57:00,3101.55,2.191e-05
2024-04-15 23:57:12,3100.8,2.191e-05
2024-04-15 23:57:24,3100.6,2.191e-05
2024-04-15 23:57:36,3101.92,2.192e-05
2024-04-15 23:57:48,3100.42,2.194e-05
2024-04-15 23:58:00,3103.13,2.194e-05
2024-04-15 23:58:12,3102.55,2.194e-05
2024-04-15 23:58:24,3101.47,2.193e-05
2024-04-15 23:58:36,3100.11,2.193e-05
2024-04-15 23:58:48,3099.38,2.192e-05
2024-04-15 23:59:00,3099.28,2.192e-05
2024-04-15 23:59:12,3099.5,2.191e-05
2024-04-15 23:59:24,3099.59,2.192e-05
2024-04-15 23:59:36,3101.08,2.192e-05
2024-04-15 23:59:48,3101.32,2.192e-05
2024-04-16 00:00:00,3102.0,2.192e-05
2024-04-16 00:00:12,3100.35,2.191e-05
2024-04-16 00:00:24,3098.4,2.188e-05
2024-04-16 00:00:36,3096.62,2.185e-05
2024-04-16 00:00:48,3097.0,2.185e-05
2024-04-16 00:01:00,3095.8,2.184e-05
2024-04-16 00:01:12,3096.0,2.183e-05
2024-04-16 00:01:24,3097.6,2.183e-05
2024-04-16 00:01:36,3098.52,2.182e-05
2024-04-16 00:01:48,3096.81,2.18e-05
2024-04-16 00:02:00,3095.89,2.181e-05
2024-04-16 00:02:12,3098.01,2.181e-05
2024-04-16 00:02:24,3097.41,2.181e-05
2024-04-16 00:02:36,3100.82,2.186e-05
2024-04-16 00:02:48,3101.8,2.187e-05
2024-04-16 00:03:00,3100.3,2.185e-05
2024-04-16 00:03:12,3097.26,2.182e-05
2024-04-16 00:03:24,3097.59,2.183e-05
2024-04-16 00:03:36,3096.21,2.181e-05
2024-04-16 00:03:48,3095.88,2.182e-05
2024-04-16 00:04:00,3097.6,2.183e-05
2024-04-16 00:04:12,3099.2,2.185e-05
2024-04-16 00:04:24,3101.89,2.188e-05
2024-04-16 00:04:36,3102.05,2.188e-05
2024-04-16 00:04:48,3101.5,2.189e-05
2024-04-16 00:05:00,3102.34,2.189e-05
2024-04-16 00:05:12,3103.14,2.191e-05
2024-04-16 00:05:24,3103.02,2.192e-05
2024-04-16 00:05:36,3102.0,2.192e-05
2024-04-16 00:05:48,3102.95,2.192e-05
2024-04-16 00:06:00,3096.96,2.186e-05
2024-04-16 00:06:12,3095.89,2.184e-05
2024-04-16 00:06:24,3095.11,2.184e-05
2024-04-16 00:06:36,3096.41,2.184e-05
2024-04-16 00:06:48,3093.91,2.181e-05
2024-04-16 00:07:00,3095.44,2.183e-05
2024-04-16 00:07:12,3092.01,2.178e-05
2024-04-16 00:07:24,3093.9,2.177e-05
2024-04-16 00:07:36,3094.25,2.177e-05
2024-04-16 00:07:48,3094.41,2.177e-05
2024-04-16 00:08:00,3093.5,2.177e-05
2024-04-16 00:08:12,3092.3,2.176e-05
2024-04-16 00:08:24,3092.69,2.177e-05
2024-04-16 00:08:36,3091.55,2.175e-05
2024-04-16 00:08:48,3090.35,2.175e-05
2024-04-16 00:09:00,3090.33,2.173e-05
2024-04-16 00:09:12,3091.8,2.175e-05
2024-04-16 00:09:24,3091.59,2.175e-05
2024-04-16 00:09:36,3092.8,2.177e-05
2024-04-16 00:09:48,3091.6,2.175e-05
2024-04-16 00:10:00,3093.2,2.176e-05
2024-04-16 00:10:12,3092.83,2.177e-05
2024-04-16 00:10:24,3093.75,2.178e-05
2024-04-16 00:10:36,3092.99,2.176e-05
2024-04-16 00:10:48,3093.6,2.178e-05
2024-04-16 00:11:00,3094.79,2.179e-05
2024-04-16 00:11:12,3095.68,2.18e-05
2024-04-16 00:11:24,3098.41,2.183e-05
2024-04-16 00:11:36,3100.41,2.185e-05
2024-04-16 00:11:48,3101.39,2.186e-05
2024-04-16 00:12:00,3099.2,2.182e-05
2024-04-16 00:12:12,3098.67,2.181e-05
2024-04-16 00:12:24,3100.24,2.184e-05
2024-04-16 00:12:36,3102.6,2.186e-05
2024-04-16 00:12:48,3102.74,2.186e-05
2024-04-16 00:13:00,3102.97,2.185e-05
2024-04-16 00:13:12,3103.48,2.186e-05
2024-04-16 00:13:24,3103.21,2.187e-05
2024-04-16 00:13:36,3103.3,2.188e-05
2024-04-16 00:13:48,3103.89,2.19e-05
2024-04-16 00:14:00,3104.09,2.19e-05
2024-04-16 00:14:12,3104.01,2.189e-05
2024-04-16 00:14:24,3102.85,2.187e-05
2024-04-16 00:14:36,3103.74,2.188e-05
2024-04-16 00:14:48,3104.4,2.19e-05
2024-04-16 00:15:00,3104.59,2.191e-05
2024-04-16 00:15:12,3104.41,2.191e-05
2024-04-16 00:15:24,3102.99,2.192e-05
2024-04-16 00:15:36,3105.8,2.194e-05
2024-04-16 00:15:48,3105.61,2.194e-05
2024-04-16 00:16:00,3105.06,2.194e-05
2024-04-16 00:16:12,3103.99,2.192e-05
2024-04-16 00:16:24,3104.79,2.194e-05
2024-04-16 00:16:36,3103.08,2.191e-05
2024-04-16 00:16:48,3104.1,2.193e-05
2024-04-16 00:17:00,3105.81,2.194e-05
2024-04-16 00:17:12,3104.4,2.194e-05
2024-04-16 00:17:24,3106.19,2.196e-05
2024-04-16 00:17:36,3106.6,2.198e-05
2024-04-16 00:17:48,3103.4,2.195e-05
2024-04-16 00:18:00,3103.22,2.194e-05
2024-04-16 00:18:12,3101.8,2.192e-05
2024-04-16 00:18:24,3100.52,2.192e-05
2024-04-16 00:18:36,3098.6,2.187e-05
2024-04-16 00:18:48,3095.29,2.184e-05
2024-04-16 00:19:00,3094.79,2.184e-05
2024-04-16 00:19:12,3091.1,2.181e-05
2024-04-16 00:19:24,3089.4,2.18e-05
2024-04-16 00:19:36,3088.6,2.181e-05
2024-04-16 00:19:48,3085.2,2.179e-05
2024-04-16 00:20:00,3087.41,2.178e-05
2024-04-16 00:20:12,3086.81,2.179e-05
2024-04-16 00:20:24,3088.41,2.178e-05
2024-04-16 00:20:36,3090.04,2.178e-05
2024-04-16 00:20:48,3089.68,2.177e-05
2024-04-16 00:21:00,3092.0,2.179e-05
2024-04-16 00:21:12,3090.25,2.176e-05
2024-04-16 00:21:24,3088.59,2.175e-05
2024-04-16 00:21:36,3090.61,2.178e-05
2024-04-16 00:21:48,3088.54,2.174e-05
2024-04-16 00:22:00,3088.54,2.176e-05
2024-04-16 00:22:12,3088.4,2.174e-05
2024-04-16 00:22:24,3091.39,2.177e-05
2024-04-16 00:22:36,3091.95,2.178e-05
2024-04-16 00:22:48,3090.11,2.176e-05
2024-04-16 00:23:00,3090.0,2.175e-05
2024-04-16 00:23:12,3089.14,2.176e-05
2024-04-16 00:23:24,3090.99,2.178e-05
2024-04-16 00:23:36,3090.49,2.178e-05
2024-04-16 00:23:48,3091.19,2.179e-05
2024-04-16 00:24:00,3091.4,2.179e-05
2024-04-16 00:24:12,3087.62,2.175e-05
2024-04-16 00:24:24,3088.2,2.176e-05
2024-04-16 00:24:36,3087.5,2.175e-05
2024-04-16 00:24:48,3087.19,2.176e-05
2024-04-16 00:25:00,3087.58,2.176e-05
2024-04-16 00:25:12,3085.7,2.174e-05
2024-04-16 00:25:24,3080.6,2.172e-05
2024-04-16 00:25:36,3079.0,2.169e-05
2024-04-16 00:25:48,3079.98,2.169e-05
2024-04-16 00:26:00,3080.07,2.168e-05
2024-04-16 00:26:12,3078.89,2.167e-05
2024-04-16 00:26:24,3078.67,2.166e-05
2024-04-16 00:26:36,3075.8,2.165e-05
2024-04-16 00:26:48,3078.4,2.167e-05
2024-04-16 00:27:00,3078.0,2.166e-05
2024-04-16 00:27:12,3075.53,2.164e-05
2024-04-16 00:27:24,3074.84,2.164e-05
2024-04-16 00:27:36,3076.3,2.164e-05
2024-04-16 00:27:48,3074.9,2.163e-05
2024-04-16 00:28:00,3076.41,2.164e-05
2024-04-16 00:28:12,3076.8,2.164e-05
2024-04-16 00:28:24,3077.0,2.162e-05
2024-04-16 00:28:36,3075.0,2.16e-05
2024-04-16 00:28:48,3072.45,2.16e-05
2024-04-16 00:29:00,3072.2,2.162e-05
2024-04-16 00:29:12,3074.0,2.163e-05
2024-04-16 00:29:24,3076.79,2.165e-05
2024-04-16 00:29:36,3076.8,2.165e-05
2024-04-16 00:29:48,3079.19,2.167e-05
2024-04-16 00:30:00,3077.61,2.165e-05
2024-04-16 00:30:12,3076.12,2.163e-05
2024-04-16 00:30:24,3075.64,2.163e-05
2024-04-16 00:30:36,3076.67,2.165e-05
2024-04-16 00:30:48,3079.1,2.169e-05
2024-04-16 00:31:00,3077.0,2.166e-05
2024-04-16 00:31:12,3077.9,2.166e-05
2024-04-16 00:31:24,3076.56,2.166e-05
2024-04-16 00:31:36,3075.8,2.163e-05
2024-04-16 00:31:48,3077.84,2.166e-05
2024-04-16 00:32:00,3077.4,2.166e-05
2024-04-16 00:32:12,3075.53,2.164e-05
2024-04-16 00:32:24,3075.79,2.164e-05
2024-04-16 00:32:36,3078.0,2.167e-05
2024-04-16 00:32:48,3077.59,2.167e-05
2024-04-16 00:33:00,3076.22,2.166e-05
2024-04-16 00:33:12,3079.83,2.171e-05
2024-04-16 00:33:24,3082.3,2.174e-05
2024-04-16 00:33:36,3083.59,2.176e-05
2024-04-16 00:33:48,3081.65,2.172e-05
2024-04-16 00:34:00,3081.61,2.171e-05
2024-04-16 00:34:12,3083.76,2.175e-05
2024-04-16 00:34:24,3085.36,2.177e-05
2024-04-16 00:34:36,3081.4,2.173e-05
2024-04-16 00:34:48,3083.19,2.174e-05
2024-04-16 00:35:00,3082.81,2.174e-05
2024-04-16 00:35:12,3081.8,2.173e-05
2024-04-16 00:35:24,3085.59,2.176e-05
2024-04-16 00:35:36,3086.35,2.177e-05
2024-04-16 00:35:48,3086.01,2.177e-05
2024-04-16 00:36:00,3087.0,2.177e-05
2024-04-16 00:36:12,3084.83,2.172e-05
2024-04-16 00:36:24,3086.01,2.174e-05
2024-04-16 00:36:36,3083.19,2.171e-05
2024-04-16 00:36:48,3083.2,2.17e-05
2024-04-16 00:37:00,3083.19,2.17e-05
2024-04-16 00:37:12,3081.81,2.168e-05
2024-04-16 00:37:24,3077.39,2.164e-05
2024-04-16 00:37:36,3073.77,2.163e-05
2024-04-16 00:37:48,3074.95,2.163e-05
2024-04-16 00:38:00,3076.39,2.164e-05
2024-04-16 00:38:12,3073.95,2.161e-05
2024-04-16 00:38:24,3072.81,2.16e-05
2024-04-16 00:38:36,3072.4,2.159e-05
2024-04-16 00:38:48,3074.4,2.16e-05
2024-04-16 00:39:00,3073.57,2.159e-05
2024-04-16 00:39:12,3072.19,2.158e-05
2024-04-16 00:39:24,3072.47,2.159e-05
2024-04-16 00:39:36,3070.4,2.158e-05
2024-04-16 00:39:48,3071.2,2.159e-05
2024-04-16 00:40:00,3074.06,2.16e-05
2024-04-16 00:40:12,3072.17,2.158e-05
2024-04-16 00:40:24,3070.32,2.158e-05
2024-04-16 00:40:36,3069.54,2.158e-05
2024-04-16 00:40:48,3069.2,2.158e-05
2024-04-16 00:41:00,3068.99,2.158e-05
2024-04-16 00:41:12,3071.74,2.161e-05
2024-04-16 00:41:24,3072.8,2.162e-05
2024-04-16 00:41:36,3073.84,2.163e-05
2024-04-16 00:41:48,3071.8,2.161e-05
2024-04-16 00:42:00,3071.98,2.162e-05
2024-04-16 00:42:12,3070.41,2.161e-05
2024-04-16 00:42:24,3070.82,2.162e-05
2024-04-16 00:42:36,3071.72,2.162e-05
2024-04-16 00:42:48,3071.05,2.16e-05
2024-04-16 00:43:00,3072.6,2.162e-05
2024-04-16 00:43:12,3073.65,2.163e-05
2024-04-16 00:43:24,3074.3,2.165e-05
2024-04-16 00:43:36,3072.88,2.162e-05
2024-04-16 00:43:48,3074.02,2.164e-05
2024-04-16 00:44:00,3073.41,2.162e-05
2024-04-16 00:44:12,3074.75,2.162e-05
2024-04-16 00:44:24,3071.28,2.158e-05
2024-04-16 00:44:36,3069.7,2.159e-05
2024-04-16 00:44:48,3068.63,2.157e-05
2024-04-16 00:45:00,3068.99,2.158e-05
2024-04-16 00:45:12,3066.8,2.155e-05
2024-04-16 00:45:24,3064.71,2.155e-05
2024-04-16 00:45:36,3063.61,2.152e-05
2024-04-16 00:45:48,3064.19,2.152e-05
2024-04-16 00:46:00,3064.2,2.153e-05
2024-04-16 00:46:12,3062.4,2.148e-05
2024-04-16 00:46:24,3060.78,2.148e-05
2024-04-16 00:46:36,3065.31,2.152e-05
2024-04-16 00:46:48,3066.12,2.152e-05
2024-04-16 00:47:00,3069.48,2.155e-05
2024-04-16 00:47:12,3072.8,2.157e-05
2024-04-16 00:47:24,3073.94,2.16e-05
2024-04-16 00:47:36,3077.61,2.163e-05
2024-04-16 00:47:48,3076.31,2.159e-05
2024-04-16 00:48:00,3075.99,2.161e-05
2024-04-16 00:48:12,3080.33,2.164e-05
2024-04-16 00:48:24,3078.71,2.164e-05
2024-04-16 00:48:36,3078.4,2.164e-05
2024-04-16 00:48:48,3077.0,2.163e-05
2024-04-16 00:49:00,3077.79,2.162e-05
2024-04-16 00:49:12,3079.2,2.162e-05
2024-04-16 00:49:24,3080.43,2.164e-05
2024-04-16 00:49:36,3078.45,2.162e-05
2024-04-16 00:49:48,3079.0,2.161e-05
2024-04-16 00:50:00,3077.81,2.161e-05
2024-04-16 00:50:12,3078.4,2.161e-05
2024-04-16 00:50:24,3080.43,2.163e-05
2024-04-16 00:50:36,3081.62,2.165e-05
2024-04-16 00:50:48,3082.0,2.166e-05
2024-04-16 00:51:00,3080.2,2.164e-05
2024-04-16 00:51:12,3079.41,2.165e-05
2024-04-16 00:51:24,3079.0,2.165e-05
2024-04-16 00:51:36,3081.55,2.167e-05
2024-04-16 00:51:48,3082.2,2.167e-05
2024-04-16 00:52:00,3081.0,2.166e-05
2024-04-16 00:52:12,3079.63,2.165e-05
2024-04-16 00:52:24,3080.42,2.167e-05
2024-04-16 00:52:36,3081.8,2.167e-05
2024-04-16 00:52:48,3080.8,2.165e-05
2024-04-16 00:53:00,3080.41,2.166e-05
2024-04-16 00:53:12,3081.55,2.166e-05
2024-04-16 00:53:24,3082.4,2.167e-05
2024-04-16 00:53:36,3080.0,2.164e-05
2024-04-16 00:53:48,3079.0,2.163e-05
2024-04-16 00:54:00,3080.2,2.164e-05
2024-04-16 00:54:12,3080.2,2.162e-05
2024-04-16 00:54:24,3077.66,2.16e-05
2024-04-16 00:54:36,3078.03,2.161e-05
2024-04-16 00:54:48,3081.09,2.164e-05
2024-04-16 00:55:00,3080.0,2.164e-05
2024-04-16 00:55:12,3079.01,2.163e-05
2024-04-16 00:55:24,3078.16,2.162e-05
2024-04-16 00:55:36,3077.39,2.162e-05
2024-04-16 00:55:48,3078.79,2.164e-05
2024-04-16 00:56:00,3080.52,2.166e-05
2024-04-16 00:56:12,3082.04,2.168e-05
2024-04-16 00:56:24,3081.41,2.168e-05
2024-04-16 00:56:36,3082.8,2.169e-05
2024-04-16 00:56:48,3082.91,2.169e-05
2024-04-16 00:57:00,3083.24,2.169e-05
2024-04-16 00:57:12,3082.81,2.169e-05
2024-04-16 00:57:24,3081.68,2.167e-05
2024-04-16 00:57:36,3078.43,2.164e-05
2024-04-16 00:57:48,3078.8,2.163e-05
2024-04-16 00:58:00,3078.85,2.163e-05
2024-04-16 00:58:12,3079.6,2.162e-05
2024-04-16 00:58:24,3080.85,2.164e-05
2024-04-16 00:58:36,3081.07,2.163e-05
2024-04-16 00:58:48,3082.09,2.164e-05
2024-04-16 00:59:00,3081.85,2.166e-05
2024-04-16 00:59:12,3081.21,2.166e-05
2024-04-16 00:59:24,3081.9,2.167e-05
2024-04-16 00:59:36,3081.2,2.166e-05
2024-04-16 00:59:48,3081.64,2.166e-05
2024-04-16 01:00:00,3082.25,2.167e-05
2024-04-16 01:00:12,3081.34,2.166e-05
2024-04-16 01:00:24,3079.33,2.164e-05
2024-04-16 01:00:36,3080.69,2.165e-05
2024-04-16 01:00:48,3078.81,2.162e-05
2024-04-16 01:01:00,3079.19,2.162e-05
2024-04-16 01:01:12,3077.47,2.16e-05
2024-04-16 01:01:24,3081.79,2.164e-05
2024-04-16 01:01:36,3081.39,2.164e-05
2024-04-16 01:01:48,3082.0,2.165e-05
2024-04-16 01:02:00,3081.01,2.164e-05
2024-04-16 01:02:12,3077.26,2.16e-05
2024-04-16 01:02:24,3074.5,2.157e-05
2024-04-16 01:02:36,3075.39,2.158e-05
2024-04-16 01:02:48,3076.86,2.16e-05
2024-04-16 01:03:00,3077.21,2.161e-05
2024-04-16 01:03:12,3075.6,2.158e-05
2024-04-16 01:03:24,3073.76,2.157e-05
2024-04-16 01:03:36,3075.35,2.16e-05
2024-04-16 01:03:48,3076.8,2.16e-05
2024-04-16 01:04:00,3075.6,2.16e-05
2024-04-16 01:04:12,3074.2,2.158e-05
2024-04-16 01:04:24,3076.98,2.162e-05
2024-04-16 01:04:36,3076.59,2.159e-05
2024-04-16 01:04:48,3076.59,2.162e-05
2024-04-16 01:05:00,3077.19,2.162e-05
2024-04-16 01:05:12,3078.6,2.165e-05
2024-04-16 01:05:24,3080.36,2.166e-05
2024-04-16 01:05:36,3081.35,2.166e-05
2024-04-16 01:05:48,3082.1,2.167e-05
2024-04-16 01:06:00,3085.49,2.171e-05
2024-04-16 01:06:12,3088.77,2.176e-05
2024-04-16 01:06:24,3090.19,2.176e-05
2024-04-16 01:06:36,3088.0,2.174e-05
2024-04-16 01:06:48,3086.8,2.174e-05
2024-04-16 01:07:00,3087.92,2.175e-05
2024-04-16 01:07:12,3088.61,2.177e-05
2024-04-16 01:07:24,3091.6,2.18e-05
2024-04-16 01:07:36,3091.25,2.181e-05
2024-04-16 01:07:48,3090.01,2.181e-05
2024-04-16 01:08:00,3090.68,2.181e-05
2024-04-16 01:08:12,3089.2,2.179e-05
2024-04-16 01:08:24,3089.46,2.178e-05
2024-04-16 01:08:36,3089.38,2.178e-05
2024-04-16 01:08:48,3089.01,2.178e-05
2024-04-16 01:09:00,3088.2,2.176e-05
2024-04-16 01:09:12,3087.02,2.175e-05
2024-04-16 01:09:24,3088.0,2.176e-05
2024-04-16 01:09:36,3088.76,2.176e-05
2024-04-16 01:09:48,3091.45,2.18e-05
2024-04-16 01:10:00,3092.45,2.18e-05
2024-04-16 01:10:12,3093.13,2.181e-05
2024-04-16 01:10:24,3091.3,2.181e-05
2024-04-16 01:10:36,3091.0,2.18e-05
2024-04-16 01:10:48,3091.61,2.179e-05
2024-04-16 01:11:00,3093.08,2.181e-05
2024-04-16 01:11:12,3091.81,2.18e-05
2024-04-16 01:11:24,3093.09,2.182e-05
2024-04-16 01:11:36,3091.85,2.181e-05
2024-04-16 01:11:48,3091.01,2.18e-05
2024-04-16 01:12:00,3091.06,2.18e-05
2024-04-16 01:12:12,3093.36,2.182e-05
2024-04-16 01:12:24,3093.0,2.179e-05
2024-04-16 01:12:36,3094.75,2.181e-05
2024-04-16 01:12:48,3096.6,2.182e-05
2024-04-16 01:13:00,3096.54,2.184e-05
2024-04-16 01:13:12,3096.4,2.183e-05
2024-04-16 01:13:24,3096.2,2.183e-05
2024-04-16 01:13:36,3094.4,2.18e-05
2024-04-16 01:13:48,3093.2,2.179e-05
2024-04-16 01:14:00,3093.56,2.179e-05
2024-04-16 01:14:12,3093.25,2.177e-05
2024-04-16 01:14:24,3093.21,2.176e-05
2024-04-16 01:14:36,3094.38,2.18e-05
2024-04-16 01:14:48,3095.6,2.18e-05
2024-04-16 01:15:00,3095.82,2.182e-05
2024-04-16 01:15:12,3095.21,2.182e-05
2024-04-16 01:15:24,3094.67,2.181e-05
2024-04-16 01:15:36,3095.49,2.183e-05
2024-04-16 01:15:48,3093.9,2.18e-05
2024-04-16 01:16:00,3095.59,2.182e-05
2024-04-16 01:16:12,3093.01,2.178e-05
2024-04-16 01:16:24,3092.58,2.179e-05
2024-04-16 01:16:36,3094.0,2.179e-05
2024-04-16 01:16:48,3093.37,2.178e-05
2024-04-16 01:17:00,3096.59,2.182e-05
2024-04-16 01:17:12,3099.8,2.184e-05
2024-04-16 01:17:24,3100.21,2.186e-05
2024-04-16 01:17:36,3098.98,2.186e-05
2024-04-16 01:17:48,3101.2,2.188e-05
2024-04-16 01:18:00,3102.35,2.187e-05
2024-04-16 01:18:12,3102.34,2.188e-05
2024-04-16 01:18:24,3103.01,2.189e-05
2024-04-16 01:18:36,3102.56,2.189e-05
2024-04-16 01:18:48,3103.88,2.191e-05
2024-04-16 01:19:00,3103.2,2.193e-05
2024-04-16 01:19:12,3104.05,2.193e-05
2024-04-16 01:19:24,3105.85,2.195e-05
2024-04-16 01:19:36,3107.2,2.195e-05
2024-04-16 01:19:48,3107.8,2.196e-05
2024-04-16 01:20:00,3108.14,2.197e-05
2024-04-16 01:20:12,3107.61,2.197e-05
2024-04-16 01:20:24,3105.74,2.195e-05
2024-04-16 01:20:36,3105.6,2.194e-05
2024-04-16 01:20:48,3104.11,2.193e-05
2024-04-16 01:21:00,3103.32,2.191e-05
2024-04-16 01:21:12,3103.84,2.192e-05
2024-04-16 01:21:24,3107.2,2.196e-05
2024-04-16 01:21:36,3107.6,2.197e-05
2024-04-16 01:21:48,3107.45,2.198e-05
2024-04-16 01:22:00,3107.59,2.197e-05
2024-04-16 01:22:12,3109.55,2.199e-05
2024-04-16 01:22:24,3109.88,2.202e-05
2024-04-16 01:22:36,3109.39,2.201e-05
2024-04-16 01:22:48,3108.53,2.2e-05
2024-04-16 01:23:00,3107.83,2.201e-05
2024-04-16 01:23:12,3109.0,2.204e-05
2024-04-16 01:23:24,3109.99,2.204e-05
2024-04-16 01:23:36,3110.0,2.203e-05
2024-04-16 01:23:48,3112.08,2.204e-05
2024-04-16 01:24:00,3112.28,2.205e-05
2024-04-16 01:24:12,3110.21,2.203e-05
2024-04-16 01:24:24,3111.97,2.206e-05
2024-04-16 01:24:36,3111.2,2.205e-05
2024-04-16 01:24:48,3111.21,2.204e-05
2024-04-16 01:25:00,3112.0,2.204e-05
2024-04-16 01:25:12,3112.35,2.204e-05
2024-04-16 01:25:24,3111.4,2.201e-05
2024-04-16 01:25:36,3109.3,2.198e-05
2024-04-16 01:25:48,3109.2,2.198e-05
2024-04-16 01:26:00,3108.31,2.198e-05
2024-04-16 01:26:12,3109.4,2.199e-05
2024-04-16 01:26:24,3108.2,2.198e-05
2024-04-16 01:26:36,3108.81,2.199e-05
2024-04-16 01:26:48,3108.42,2.197e-05
2024-04-16 01:27:00,3111.56,2.202e-05
2024-04-16 01:27:12,3112.65,2.203e-05
2024-04-16 01:27:24,3110.06,2.201e-05
2024-04-16 01:27:36,3109.8,2.2e-05
2024-04-16 01:27:48,3108.4,2.2e-05
2024-04-16 01:28:00,3108.4,2.201e-05
2024-04-16 01:28:12,3108.8,2.201e-05
2024-04-16 01:28:24,3109.75,2.202e-05
2024-04-16 01:28:36,3110.19,2.202e-05
2024-04-16 01:28:48,3108.21,2.199e-05
2024-04-16 01:29:00,3108.05,2.199e-05
2024-04-16 01:29:12,3108.8,2.2e-05
2024-04-16 01:29:24,3108.94,2.201e-05
2024-04-16 01:29:36,3109.55,2.2e-05
2024-04-16 01:29:48,3110.41,2.202e-05
2024-04-16 01:30:00,3108.8,2.202e-05
2024-04-16 01:30:12,3109.99,2.201e-05
2024-04-16 01:30:24,3112.78,2.203e-05
2024-04-16 01:30:36,3114.57,2.206e-05
2024-04-16 01:30:48,3113.81,2.206e-05
2024-04-16 01:31:00,3117.16,2.209e-05
2024-04-16 01:31:12,3117.18,2.208e-05
2024-04-16 01:31:24,3115.81,2.205e-05
2024-04-16 01:31:36,3116.56,2.207e-05
2024-04-16 01:31:48,3116.41,2.207e-05
2024-04-16 01:32:00,3114.8,2.205e-05
2024-04-16 01:32:12,3115.4,2.208e-05
2024-04-16 01:32:24,3115.41,2.208e-05
2024-04-16 01:32:36,3115.79,2.21e-05
2024-04-16 01:32:48,3116.01,2.21e-05
2024-04-16 01:33:00,3115.02,2.207e-05
2024-04-16 01:33:12,3115.03,2.207e-05
2024-04-16 01:33:24,3115.06,2.207e-05
2024-04-16 01:33:36,3115.0,2.208e-05
2024-04-16 01:33:48,3114.81,2.208e-05
2024-04-16 01:34:00,3115.01,2.207e-05
2024-04-16 01:34:12,3116.4,2.208e-05
2024-04-16 01:34:24,3118.1,2.21e-05
2024-04-16 01:34:36,3117.6,2.209e-05
2024-04-16 01:34:48,3117.41,2.207e-05
2024-04-16 01:35:00,3117.45,2.207e-05
2024-04-16 01:35:12,3119.4,2.209e-05
2024-04-16 01:35:24,3118.2,2.21e-05
2024-04-16 01:35:36,3116.0,2.208e-05
2024-04-16 01:35:48,3114.9,2.206e-05
2024-04-16 01:36:00,3113.85,2.205e-05
2024-04-16 01:36:12,3116.8,2.207e-05
2024-04-16 01:36:24,3116.19,2.206e-05
2024-04-16 01:36:36,3118.99,2.209e-05
2024-04-16 01:36:48,3117.44,2.208e-05
2024-04-16 01:37:00,3115.8,2.207e-05
2024-04-16 01:37:12,3112.8,2.203e-05
2024-04-16 01:37:24,3112.9,2.203e-05
2024-04-16 01:37:36,3114.41,2.205e-05
2024-04-16 01:37:48,3113.79,2.205e-05
2024-04-16 01:38:00,3113.4,2.205e-05
2024-04-16 01:38:12,3111.13,2.203e-05
2024-04-16 01:38:24,3109.15,2.202e-05
2024-04-16 01:38:36,3110.01,2.202e-05
2024-04-16 01:38:48,3109.41,2.201e-05
2024-04-16 01:39:00,3108.2,2.201e-05
2024-04-16 01:39:12,3106.99,2.2e-05
2024-04-16 01:39:24,3107.0,2.2e-05
2024-04-16 01:39:36,3105.56,2.2e-05
2024-04-16 01:39:48,3106.15,2.2e-05
2024-04-16 01:40:00,3105.6,2.199e-05
2024-04-16 01:40:12,3105.21,2.198e-05
2024-04-16 01:40:24,3106.2,2.198e-05
2024-04-16 01:40:36,3106.4,2.198e-05
2024-04-16 01:40:48,3107.0,2.198e-05
2024-04-16 01:41:00,3106.41,2.197e-05
2024-04-16 01:41:12,3102.71,2.194e-05
2024-04-16 01:41:24,3101.4,2.195e-05
2024-04-16 01:41:36,3100.0,2.193e-05
2024-04-16 01:41:48,3099.8,2.195e-05
2024-04-16 01:42:00,3099.71,2.194e-05
2024-04-16 01:42:12,3098.8,2.192e-05
2024-04-16 01:42:24,3096.72,2.189e-05
2024-04-16 01:42:36,3097.4,2.191e-05
2024-04-16 01:42:48,3097.71,2.191e-05
2024-04-16 01:43:00,3095.31,2.189e-05
2024-04-16 01:43:12,3091.7,2.187e-05
2024-04-16 01:43:24,3089.99,2.186e-05
2024-04-16 01:43:36,3091.85,2.187e-05
2024-04-16 01:43:48,3092.41,2.187e-05
2024-04-16 01:44:00,3093.8,2.187e-05
2024-04-16 01:44:12,3092.41,2.187e-05
2024-04-16 01:44:24,3094.68,2.189e-05
2024-04-16 01:44:36,3096.93,2.19e-05
2024-04-16 01:44:48,3097.32,2.191e-05
2024-04-16 01:45:00,3098.2,2.192e-05
2024-04-16 01:45:12,3098.73,2.194e-05
2024-04-16 01:45:24,3098.1,2.192e-05
2024-04-16 01:45:36,3098.17,2.193e-05
2024-04-16 01:45:48,3097.61,2.192e-05
2024-04-16 01:46:00,3097.53,2.192e-05
2024-04-16 01:46:12,3093.21,2.187e-05
2024-04-16 01:46:24,3092.1,2.186e-05
2024-04-16 01:46:36,3091.0,2.185e-05
2024-04-16 01:46:48,3089.6,2.183e-05
2024-04-16 01:47:00,3089.6,2.184e-05
2024-04-16 01:47:12,3089.74,2.185e-05
2024-04-16 01:47:24,3090.7,2.185e-05
2024-04-16 01:47:36,3089.6,2.184e-05
2024-04-16 01:47:48,3091.24,2.185e-05
2024-04-16 01:48:00,3093.13,2.186e-05
2024-04-16 01:48:12,3090.2,2.183e-05
2024-04-16 01:48:24,3090.99,2.184e-05
2024-04-16 01:48:36,3093.14,2.186e-05
2024-04-16 01:48:48,3091.0,2.184e-05
2024-04-16 01:49:00,3090.35,2.183e-05
2024-04-16 01:49:12,3091.0,2.184e-05
2024-04-16 01:49:24,3088.98,2.181e-05
2024-04-16 01:49:36,3088.99,2.181e-05
2024-04-16 01:49:48,3089.2,2.181e-05
2024-04-16 01:50:00,3088.6,2.179e-05
2024-04-16 01:50:12,3086.72,2.178e-05
2024-04-16 01:50:24,3084.51,2.176e-05
2024-04-16 01:50:36,3083.47,2.175e-05
2024-04-16 01:50:48,3083.82,2.175e-05
2024-04-16 01:51:00,3083.94,2.174e-05
2024-04-16 01:51:12,3080.0,2.171e-05
2024-04-16 01:51:24,3080.62,2.171e-05
2024-04-16 01:51:36,3081.4,2.173e-05
2024-04-16 01:51:48,3081.46,2.172e-05
2024-04-16 01:52:00,3081.16,2.172e-05
2024-04-16 01:52:12,3077.51,2.17e-05
2024-04-16 01:52:24,3077.61,2.17e-05
2024-04-16 01:52:36,3081.15,2.172e-05
2024-04-16 01:52:48,3080.8,2.17e-05
2024-04-16 01:53:00,3078.15,2.169e-05
2024-04-16 01:53:12,3077.64,2.168e-05
2024-04-16 01:53:24,3076.59,2.168e-05
2024-04-16 01:53:36,3076.45,2.169e-05
2024-04-16 01:53:48,3075.31,2.168e-05
2024-04-16 01:54:00,3076.32,2.17e-05
2024-04-16 01:54:12,3073.65,2.167e-05
2024-04-16 01:54:24,3076.01,2.168e-05
2024-04-16 01:54:36,3076.99,2.168e-05
2024-04-16 01:54:48,3078.54,2.169e-05
2024-04-16 01:55:00,3076.9,2.168e-05
2024-04-16 01:55:12,3077.83,2.169e-05
2024-04-16 01:55:24,3081.45,2.172e-05
2024-04-16 01:55:36,3080.75,2.173e-05
2024-04-16 01:55:48,3080.26,2.172e-05
2024-04-16 01:56:00,3080.79,2.174e-05
2024-04-16 01:56:12,3077.61,2.171e-05
2024-04-16 01:56:24,3079.19,2.174e-05
2024-04-16 01:56:36,3077.81,2.173e-05
2024-04-16 01:56:48,3079.15,2.174e-05
2024-04-16 01:57:00,3078.2,2.174e-05
2024-04-16 01:57:12,3078.6,2.174e-05
2024-04-16 01:57:24,3080.6,2.175e-05
2024-04-16 01:57:36,3077.9,2.173e-05
2024-04-16 01:57:48,3076.66,2.172e-05
2024-04-16 01:58:00,3077.4,2.175e-05
2024-04-16 01:58:12,3077.43,2.174e-05
2024-04-16 01:58:24,3077.39,2.173e-05
2024-04-16 01:58:36,3078.81,2.174e-05
2024-04-16 01:58:48,3079.17,2.174e-05
2024-04-16 01:59:00,3082.19,2.175e-05
2024-04-16 01:59:12,3080.8,2.175e-05
2024-04-16 01:59:24,3080.6,2.175e-05
2024-04-16 01:59:36,3081.49,2.177e-05
2024-04-16 01:59:48,3081.04,2.175e-05
2024-04-16 02:00:00,3079.2,2.174e-05
2024-04-16 02:00:12,3079.13,2.173e-05
2024-04-16 02:00:24,3080.81,2.175e-05
2024-04-16 02:00:36,3081.66,2.177e-05
2024-04-16 02:00:48,3080.0,2.175e-05
2024-04-16 02:01:00,3080.4,2.175e-05
2024-04-16 02:01:12,3077.25,2.171e-05
2024-04-16 02:01:24,3075.8,2.17e-05
2024-04-16 02:01:36,3077.19,2.172e-05
2024-04-16 02:01:48,3079.47,2.174e-05
2024-04-16 02:02:00,3077.6,2.172e-05
2024-04-16 02:02:12,3074.8,2.169e-05
2024-04-16 02:02:24,3074.13,2.168e-05
2024-04-16 02:02:36,3073.01,2.167e-05
2024-04-16 02:02:48,3073.29,2.166e-05
2024-04-16 02:03:00,3074.37,2.166e-05
2024-04-16 02:03:12,3071.49,2.163e-05
2024-04-16 02:03:24,3074.05,2.165e-05
2024-04-16 02:03:36,3074.79,2.168e-05
2024-04-16 02:03:48,3073.11,2.165e-05
2024-04-16 02:04:00,3073.59,2.166e-05
2024-04-16 02:04:12,3073.1,2.164e-05
2024-04-16 02:04:24,3073.2,2.166e-05
2024-04-16 02:04:36,3074.78,2.168e-05
2024-04-16 02:04:48,3076.22,2.17e-05
2024-04-16 02:05:00,3076.02,2.169e-05
2024-04-16 02:05:12,3076.41,2.17e-05
2024-04-16 02:05:24,3075.8,2.169e-05
2024-04-16 02:05:36,3077.57,2.172e-05
2024-04-16 02:05:48,3077.49,2.172e-05
2024-04-16 02:06:00,3079.19,2.175e-05
2024-04-16 02:06:12,3080.62,2.177e-05
2024-04-16 02:06:24,3079.2,2.177e-05
2024-04-16 02:06:36,3078.43,2.176e-05
2024-04-16 02:06:48,3077.21,2.174e-05
2024-04-16 02:07:00,3078.15,2.175e-05
2024-04-16 02:07:12,3079.6,2.177e-05
2024-04-16 02:07:24,3080.79,2.178e-05
2024-04-16 02:07:36,3081.21,2.179e-05
2024-04-16 02:07:48,3081.2,2.18e-05
2024-04-16 02:08:00,3080.6,2.179e-05
2024-04-16 02:08:12,3079.5,2.175e-05
2024-04-16 02:08:24,3079.79,2.176e-05
2024-04-16 02:08:36,3080.2,2.177e-05
2024-04-16 02:08:48,3081.99,2.178e-05
2024-04-16 02:09:00,3081.6,2.176e-05
2024-04-16 02:09:12,3079.65,2.175e-05
2024-04-16 02:09:24,3079.9,2.174e-05
2024-04-16 02:09:36,3079.51,2.173e-05
2024-04-16 02:09:48,3079.55,2.173e-05
2024-04-16 02:10:00,3079.79,2.172e-05
2024-04-16 02:10:12,3078.6,2.169e-05
2024-04-16 02:10:24,3076.55,2.167e-05
2024-04-16 02:10:36,3073.94,2.164e-05
2024-04-16 02:10:48,3070.0,2.162e-05
2024-04-16 02:11:00,3070.2,2.162e-05
2024-04-16 02:11:12,3069.76,2.161e-05
2024-04-16 02:11:24,3067.5,2.16e-05
2024-04-16 02:11:36,3069.8,2.161e-05
2024-04-16 02:11:48,3070.87,2.163e-05
2024-04-16 02:12:00,3071.9,2.164e-05
2024-04-16 02:12:12,3071.8,2.164e-05
2024-04-16 02:12:24,3073.94,2.168e-05
2024-04-16 02:12:36,3074.3,2.168e-05
2024-04-16 02:12:48,3075.36,2.17e-05
2024-04-16 02:13:00,3074.64,2.169e-05
2024-04-16 02:13:12,3076.4,2.171e-05
2024-04-16 02:13:24,3076.79,2.171e-05
2024-04-16 02:13:36,3077.45,2.171e-05
2024-04-16 02:13:48,3077.59,2.172e-05
2024-04-16 02:14:00,3078.59,2.172e-05
2024-04-16 02:14:12,3075.65,2.17e-05
2024-04-16 02:14:24,3077.0,2.17e-05
2024-04-16 02:14:36,3077.07,2.17e-05
2024-04-16 02:14:48,3078.85,2.173e-05
2024-04-16 02:15:00,3077.61,2.172e-05
2024-04-16 02:15:12,3076.79,2.171e-05
2024-04-16 02:15:24,3077.07,2.172e-05
2024-04-16 02:15:36,3074.81,2.169e-05
2024-04-16 02:15:48,3077.32,2.171e-05
2024-04-16 02:16:00,3077.88,2.172e-05
2024-04-16 02:16:12,3079.39,2.174e-05
2024-04-16 02:16:24,3077.8,2.17e-05
2024-04-16 02:16:36,3077.19,2.17e-05
2024-04-16 02:16:48,3077.4,2.17e-05
2024-04-16 02:17:00,3075.7,2.167e-05
2024-04-16 02:17:12,3074.35,2.166e-05
2024-04-16 02:17:24,3073.32,2.163e-05
2024-04-16 02:17:36,3072.66,2.162e-05
2024-04-16 02:17:48,3071.59,2.16e-05
2024-04-16 02:18:00,3070.67,2.16e-05
2024-04-16 02:18:12,3070.36,2.161e-05
2024-04-16 02:18:24,3071.95,2.163e-05
2024-04-16 02:18:36,3072.59,2.163e-05
2024-04-16 02:18:48,3073.14,2.163e-05
2024-04-16 02:19:00,3073.14,2.164e-05
2024-04-16 02:19:12,3074.11,2.165e-05
2024-04-16 02:19:24,3073.0,2.165e-05
2024-04-16 02:19:36,3073.14,2.164e-05
2024-04-16 02:19:48,3073.13,2.164e-05
2024-04-16 02:20:00,3071.4,2.162e-05
2024-04-16 02:20:12,3070.26,2.16e-05
2024-04-16 02:20:24,3070.75,2.161e-05
2024-04-16 02:20:36,3071.39,2.162e-05
2024-04-16 02:20:48,3073.8,2.165e-05
2024-04-16 02:21:00,3071.0,2.162e-05
2024-04-16 02:21:12,3073.2,2.165e-05
2024-04-16 02:21:24,3075.93,2.169e-05
2024-04-16 02:21:36,3074.4,2.167e-05
2024-04-16 02:21:48,3074.2,2.166e-05
2024-04-16 02:22:00,3076.6,2.168e-05
2024-04-16 02:22:12,3074.59,2.167e-05
2024-04-16 02:22:24,3074.12,2.164e-05
2024-04-16 02:22:36,3072.45,2.163e-05
2024-04-16 02:22:48,3074.99,2.166e-05
2024-04-16 02:23:00,3072.21,2.163e-05
2024-04-16 02:23:12,3071.92,2.162e-05
2024-04-16 02:23:24,3074.79,2.167e-05
2024-04-16 02:23:36,3074.8,2.167e-05
2024-04-16 02:23:48,3074.0,2.167e-05
2024-04-16 02:24:00,3074.75,2.167e-05
2024-04-16 02:24:12,3073.1,2.166e-05
2024-04-16 02:24:24,3072.62,2.165e-05
2024-04-16 02:24:36,3071.79,2.165e-05
2024-04-16 02:24:48,3072.0,2.166e-05
2024-04-16 02:25:00,3070.16,2.165e-05
2024-04-16 02:25:12,3070.53,2.164e-05
2024-04-16 02:25:24,3069.8,2.164e-05
2024-04-16 02:25:36,3067.85,2.161e-05
2024-04-16 02:25:48,3068.19,2.162e-05
2024-04-16 02:26:00,3066.99,2.16e-05
2024-04-16 02:26:12,3066.0,2.159e-05
2024-04-16 02:26:24,3066.15,2.159e-05
2024-04-16 02:26:36,3066.15,2.157e-05
2024-04-16 02:26:48,3065.06,2.159e-05
2024-04-16 02:27:00,3062.79,2.158e-05
2024-04-16 02:27:12,3056.33,2.154e-05
2024-04-16 02:27:24,3058.11,2.155e-05
2024-04-16 02:27:36,3057.0,2.153e-05
2024-04-16 02:27:48,3054.19,2.152e-05
2024-04-16 02:28:00,3052.8,2.15e-05
2024-04-16 02:28:12,3056.2,2.151e-05
2024-04-16 02:28:24,3056.55,2.151e-05
2024-04-16 02:28:36,3059.14,2.153e-05
2024-04-16 02:28:48,3060.21,2.155e-05
2024-04-16 02:29:00,3060.2,2.153e-05
2024-04-16 02:29:12,3058.67,2.151e-05
2024-04-16 02:29:24,3059.6,2.152e-05
2024-04-16 02:29:36,3056.41,2.148e-05
2024-04-16 02:29:48,3057.18,2.149e-05
2024-04-16 02:30:00,3058.15,2.15e-05
2024-04-16 02:30:12,3059.01,2.151e-05
2024-04-16 02:30:24,3058.0,2.151e-05
2024-04-16 02:30:36,3061.45,2.151e-05
2024-04-16 02:30:48,3061.08,2.15e-05
2024-04-16 02:31:00,3063.01,2.153e-05
2024-04-16 02:31:12,3058.06,2.148e-05
2024-04-16 02:31:24,3058.31,2.149e-05
2024-04-16 02:31:36,3059.53,2.151e-05
2024-04-16 02:31:48,3059.59,2.15e-05
2024-04-16 02:32:00,3059.4,2.15e-05
2024-04-16 02:32:12,3058.89,2.149e-05
2024-04-16 02:32:24,3061.61,2.15e-05
2024-04-16 02:32:36,3062.65,2.15e-05
2024-04-16 02:32:48,3063.99,2.152e-05
2024-04-16 02:33:00,3064.4,2.152e-05
2024-04-16 02:33:12,3065.29,2.154e-05
2024-04-16 02:33:24,3066.25,2.156e-05
2024-04-16 02:33:36,3065.43,2.153e-05
2024-04-16 02:33:48,3069.74,2.158e-05
2024-04-16 02:34:00,3069.81,2.157e-05
2024-04-16 02:34:12,3069.4,2.156e-05
2024-04-16 02:34:24,3070.42,2.155e-05
2024-04-16 02:34:36,3070.48,2.156e-05
2024-04-16 02:34:48,3071.17,2.156e-05
2024-04-16 02:35:00,3071.51,2.159e-05
2024-04-16 02:35:12,3071.9,2.16e-05
2024-04-16 02:35:24,3073.0,2.161e-05
2024-04-16 02:35:36,3074.07,2.16e-05
2024-04-16 02:35:48,3072.5,2.161e-05
2024-04-16 02:36:00,3072.58,2.161e-05
2024-04-16 02:36:12,3073.45,2.163e-05
2024-04-16 02:36:24,3073.71,2.163e-05
2024-04-16 02:36:36,3076.58,2.165e-05
2024-04-16 02:36:48,3078.3,2.169e-05
2024-04-16 02:37:00,3078.0,2.167e-05
2024-04-16 02:37:12,3076.6,2.166e-05
2024-04-16 02:37:24,3075.26,2.163e-05
2024-04-16 02:37:36,3073.21,2.161e-05
2024-04-16 02:37:48,3073.38,2.161e-05
2024-04-16 02:38:00,3072.81,2.16e-05
2024-04-16 02:38:12,3071.41,2.157e-05
2024-04-16 02:38:24,3071.8,2.158e-05
2024-04-16 02:38:36,3071.2,2.158e-05
2024-04-16 02:38:48,3074.19,2.16e-05
2024-04-16 02:39:00,3075.14,2.161e-05
2024-04-16 02:39:12,3075.05,2.163e-05
2024-04-16 02:39:24,3076.3,2.165e-05
2024-04-16 02:39:36,3076.55,2.166e-05
2024-04-16 02:39:48,3077.4,2.165e-05
2024-04-16 02:40:00,3076.81,2.163e-05
2024-04-16 02:40:12,3077.92,2.166e-05
2024-04-16 02:40:24,3079.18,2.166e-05
2024-04-16 02:40:36,3079.81,2.167e-05
2024-04-16 02:40:48,3080.1,2.168e-05
2024-04-16 02:41:00,3079.85,2.168e-05
2024-04-16 02:41:12,3078.6,2.167e-05
2024-04-16 02:41:24,3079.05,2.166e-05
2024-04-16 02:41:36,3078.59,2.165e-05
2024-04-16 02:41:48,3077.55,2.165e-05
2024-04-16 02:42:00,3081.01,2.167e-05
2024-04-16 02:42:12,3084.81,2.169e-05
2024-04-16 02:42:24,3085.26,2.17e-05
2024-04-16 02:42:36,3084.15,2.169e-05
2024-04-16 02:42:48,3083.51,2.169e-05
2024-04-16 02:43:00,3083.42,2.167e-05
2024-04-16 02:43:12,3085.41,2.17e-05
2024-04-16 02:43:24,3085.71,2.171e-05
2024-04-16 02:43:36,3084.28,2.17e-05
2024-04-16 02:43:48,3084.97,2.17e-05
2024-04-16 02:44:00,3085.39,2.171e-05
2024-04-16 02:44:12,3083.45,2.169e-05
2024-04-16 02:44:24,3082.81,2.169e-05
2024-04-16 02:44:36,3082.99,2.167e-05
2024-04-16 02:44:48,3083.19,2.168e-05
2024-04-16 02:45:00,3083.41,2.167e-05
2024-04-16 02:45:12,3083.13,2.166e-05
2024-04-16 02:45:24,3082.26,2.164e-05
2024-04-16 02:45:36,3081.39,2.162e-05
2024-04-16 02:45:48,3081.1,2.163e-05
2024-04-16 02:46:00,3080.8,2.162e-05
2024-04-16 02:46:12,3080.4,2.161e-05
2024-04-16 02:46:24,3081.34,2.162e-05
2024-04-16 02:46:36,3082.59,2.164e-05
2024-04-16 02:46:48,3085.07,2.167e-05
2024-04-16 02:47:00,3084.99,2.167e-05
2024-04-16 02:47:12,3086.0,2.172e-05
2024-04-16 02:47:24,3091.16,2.175e-05
2024-04-16 02:47:36,3093.15,2.174e-05
2024-04-16 02:47:48,3089.8,2.174e-05
2024-04-16 02:48:00,3088.65,2.175e-05
2024-04-16 02:48:12,3088.13,2.174e-05
2024-04-16 02:48:24,3088.19,2.174e-05
2024-04-16 02:48:36,3088.4,2.175e-05
2024-04-16 02:48:48,3091.15,2.176e-05
2024-04-16 02:49:00,3093.3,2.178e-05
2024-04-16 02:49:12,3094.7,2.181e-05
2024-04-16 02:49:24,3093.21,2.181e-05
2024-04-16 02:49:36,3092.39,2.179e-05
2024-04-16 02:49:48,3091.6,2.178e-05
2024-04-16 02:50:00,3093.0,2.179e-05
2024-04-16 02:50:12,3094.88,2.182e-05
2024-04-16 02:50:24,3095.23,2.182e-05
2024-04-16 02:50:36,3094.67,2.181e-05
2024-04-16 02:50:48,3096.89,2.181e-05
2024-04-16 02:51:00,3094.71,2.181e-05
2024-04-16 02:51:12,3094.15,2.18e-05
2024-04-16 02:51:24,3094.0,2.18e-05
2024-04-16 02:51:36,3093.81,2.179e-05
2024-04-16 02:51:48,3096.21,2.182e-05
2024-04-16 02:52:00,3099.14,2.186e-05
2024-04-16 02:52:12,3098.8,2.187e-05
2024-04-16 02:52:24,3097.4,2.186e-05
2024-04-16 02:52:36,3096.86,2.184e-05
2024-04-16 02:52:48,3096.82,2.185e-05
2024-04-16 02:53:00,3096.45,2.185e-05
2024-04-16 02:53:12,3094.29,2.183e-05
2024-04-16 02:53:24,3094.8,2.183e-05
2024-04-16 02:53:36,3093.26,2.18e-05
2024-04-16 02:53:48,3093.15,2.181e-05
2024-04-16 02:54:00,3092.96,2.181e-05
2024-04-16 02:54:12,3094.58,2.183e-05
2024-04-16 02:54:24,3095.4,2.184e-05
2024-04-16 02:54:36,3095.7,2.184e-05
2024-04-16 02:54:48,3096.21,2.186e-05
2024-04-16 02:55:00,3095.71,2.186e-05
2024-04-16 02:55:12,3095.2,2.184e-05
2024-04-16 02:55:24,3093.45,2.182e-05
2024-04-16 02:55:36,3093.14,2.183e-05
2024-04-16 02:55:48,3093.4,2.184e-05
2024-04-16 02:56:00,3092.42,2.182e-05
2024-04-16 02:56:12,3091.2,2.179e-05
2024-04-16 02:56:24,3091.28,2.179e-05
2024-04-16 02:56:36,3091.61,2.18e-05
2024-04-16 02:56:48,3091.2,2.179e-05
2024-04-16 02:57:00,3092.52,2.182e-05
2024-04-16 02:57:12,3091.21,2.179e-05
2024-04-16 02:57:24,3093.13,2.181e-05
2024-04-16 02:57:36,3090.8,2.177e-05
2024-04-16 02:57:48,3092.39,2.18e-05
2024-04-16 02:58:00,3093.4,2.182e-05
2024-04-16 02:58:12,3093.99,2.181e-05
2024-04-16 02:58:24,3093.35,2.181e-05
2024-04-16 02:58:36,3093.99,2.183e-05
2024-04-16 02:58:48,3094.19,2.183e-05
2024-04-16 02:59:00,3094.67,2.183e-05
2024-04-16 02:59:12,3093.81,2.182e-05
2024-04-16 02:59:24,3094.4,2.183e-05
2024-04-16 02:59:36,3095.1,2.184e-05
2024-04-16 02:59:48,3094.3,2.184e-05
2024-04-16 03:00:00,3094.23,2.184e-05
2024-04-16 03:00:12,3092.79,2.182e-05
2024-04-16 03:00:24,3091.6,2.181e-05
2024-04-16 03:00:36,3091.61,2.182e-05
2024-04-16 03:00:48,3090.07,2.18e-05
2024-04-16 03:01:00,3093.66,2.184e-05
2024-04-16 03:01:12,3095.45,2.187e-05
2024-04-16 03:01:24,3101.16,2.192e-05
2024-04-16 03:01:36,3099.29,2.193e-05
2024-04-16 03:01:48,3100.05,2.194e-05
2024-04-16 03:02:00,3098.8,2.192e-05
2024-04-16 03:02:12,3097.61,2.191e-05
2024-04-16 03:02:24,3098.4,2.191e-05
2024-04-16 03:02:36,3098.4,2.19e-05
2024-04-16 03:02:48,3100.24,2.192e-05
2024-04-16 03:03:00,3100.8,2.192e-05
2024-04-16 03:03:12,3104.82,2.196e-05
2024-04-16 03:03:24,3105.0,2.195e-05
2024-04-16 03:03:36,3104.67,2.195e-05
2024-04-16 03:03:48,3104.42,2.196e-05
2024-04-16 03:04:00,3103.99,2.196e-05
2024-04-16 03:04:12,3102.6,2.194e-05
2024-04-16 03:04:24,3103.41,2.196e-05
2024-04-16 03:04:36,3102.41,2.194e-05
2024-04-16 03:04:48,3103.0,2.194e-05
2024-04-16 03:05:00,3103.2,2.194e-05
2024-04-16 03:05:12,3102.62,2.193e-05
2024-04-16 03:05:24,3104.71,2.195e-05
2024-04-16 03:05:36,3101.21,2.191e-05
2024-04-16 03:05:48,3104.23,2.193e-05
2024-04-16 03:06:00,3102.82,2.191e-05
2024-04-16 03:06:12,3104.48,2.192e-05
2024-04-16 03:06:24,3104.65,2.194e-05
2024-04-16 03:06:36,3105.2,2.193e-05
2024-04-16 03:06:48,3106.66,2.194e-05
2024-04-16 03:07:00,3106.01,2.194e-05
2024-04-16 03:07:12,3106.79,2.195e-05
2024-04-16 03:07:24,3107.0,2.196e-05
2024-04-16 03:07:36,3105.41,2.194e-05
2024-04-16 03:07:48,3102.31,2.192e-05
2024-04-16 03:08:00,3104.02,2.192e-05
2024-04-16 03:08:12,3103.81,2.192e-05
2024-04-16 03:08:24,3103.41,2.193e-05
2024-04-16 03:08:36,3103.01,2.194e-05
2024-04-16 03:08:48,3104.0,2.194e-05
2024-04-16 03:09:00,3104.0,2.194e-05
2024-04-16 03:09:12,3103.6,2.193e-05
2024-04-16 03:09:24,3102.62,2.191e-05
2024-04-16 03:09:36,3102.05,2.191e-05
2024-04-16 03:09:48,3102.4,2.191e-05
2024-04-16 03:10:00,3101.2,2.189e-05
2024-04-16 03:10:12,3100.19,2.189e-05
2024-04-16 03:10:24,3099.45,2.188e-05
2024-04-16 03:10:36,3099.79,2.188e-05
2024-04-16 03:10:48,3097.75,2.187e-05
2024-04-16 03:11:00,3096.22,2.185e-05
2024-04-16 03:11:12,3095.01,2.184e-05
2024-04-16 03:11:24,3096.8,2.185e-05
2024-04-16 03:11:36,3095.8,2.185e-05
2024-04-16 03:11:48,3095.01,2.184e-05
2024-04-16 03:12:00,3095.8,2.185e-05
2024-04-16 03:12:12,3094.56,2.183e-05
2024-04-16 03:12:24,3094.44,2.182e-05
2024-04-16 03:12:36,3094.05,2.181e-05
2024-04-16 03:12:48,3093.83,2.18e-05
2024-04-16 03:13:00,3094.2,2.181e-05
2024-04-16 03:13:12,3093.86,2.18e-05
2024-04-16 03:13:24,3095.15,2.182e-05
2024-04-16 03:13:36,3096.55,2.182e-05
2024-04-16 03:13:48,3098.11,2.184e-05
2024-04-16 03:14:00,3098.98,2.185e-05
2024-04-16 03:14:12,3100.69,2.187e-05
2024-04-16 03:14:24,3100.53,2.186e-05
2024-04-16 03:14:36,3098.41,2.185e-05
2024-04-16 03:14:48,3096.71,2.184e-05
2024-04-16 03:15:00,3095.6,2.183e-05
2024-04-16 03:15:12,3094.85,2.18e-05
2024-04-16 03:15:24,3094.41,2.179e-05
2024-04-16 03:15:36,3093.43,2.177e-05
2024-04-16 03:15:48,3092.96,2.176e-05
2024-04-16 03:16:00,3093.2,2.177e-05
2024-04-16 03:16:12,3092.59,2.176e-05
2024-04-16 03:16:24,3092.8,2.176e-05
2024-04-16 03:16:36,3094.66,2.177e-05
2024-04-16 03:16:48,3092.6,2.174e-05
2024-04-16 03:17:00,3093.01,2.175e-05
2024-04-16 03:17:12,3088.59,2.172e-05
2024-04-16 03:17:24,3089.01,2.171e-05
2024-04-16 03:17:36,3091.16,2.173e-05
2024-04-16 03:17:48,3090.74,2.171e-05
2024-04-16 03:18:00,3091.4,2.173e-05
2024-04-16 03:18:12,3090.81,2.171e-05
2024-04-16 03:18:24,3090.6,2.17e-05
2024-04-16 03:18:36,3091.94,2.173e-05
2024-04-16 03:18:48,3090.85,2.172e-05
2024-04-16 03:19:00,3089.66,2.172e-05
2024-04-16 03:19:12,3091.2,2.173e-05
2024-04-16 03:19:24,3091.8,2.174e-05
2024-04-16 03:19:36,3092.3,2.174e-05
2024-04-16 03:19:48,3091.6,2.173e-05
2024-04-16 03:20:00,3090.06,2.172e-05
2024-04-16 03:20:12,3090.24,2.17e-05
2024-04-16 03:20:24,3089.4,2.17e-05
2024-04-16 03:20:36,3089.9,2.172e-05
2024-04-16 03:20:48,3090.2,2.172e-05
2024-04-16 03:21:00,3092.18,2.175e-05
2024-04-16 03:21:12,3088.86,2.172e-05
2024-04-16 03:21:24,3092.98,2.175e-05
2024-04-16 03:21:36,3089.35,2.175e-05
2024-04-16 03:21:48,3090.99,2.176e-05
2024-04-16 03:22:00,3089.4,2.174e-05
2024-04-16 03:22:12,3090.37,2.174e-05
2024-04-16 03:22:24,3090.0,2.174e-05
2024-04-16 03:22:36,3089.6,2.173e-05
2024-04-16 03:22:48,3090.3,2.174e-05
2024-04-16 03:23:00,3090.44,2.174e-05
2024-04-16 03:23:12,3090.95,2.175e-05
2024-04-16 03:23:24,3089.99,2.176e-05
2024-04-16 03:23:36,3089.01,2.174e-05
2024-04-16 03:23:48,3089.6,2.174e-05
2024-04-16 03:24:00,3086.67,2.172e-05
2024-04-16 03:24:12,3086.25,2.171e-05
2024-04-16 03:24:24,3089.15,2.173e-05
2024-04-16 03:24:36,3090.94,2.175e-05
2024-04-16 03:24:48,3090.17,2.174e-05
2024-04-16 03:25:00,3089.12,2.173e-05
2024-04-16 03:25:12,3088.01,2.171e-05
2024-04-16 03:25:24,3088.74,2.171e-05
2024-04-16 03:25:36,3088.79,2.17e-05
2024-04-16 03:25:48,3088.61,2.169e-05
2024-04-16 03:26:00,3088.6,2.169e-05
2024-04-16 03:26:12,3086.77,2.165e-05
2024-04-16 03:26:24,3088.99,2.169e-05
2024-04-16 03:26:36,3089.7,2.169e-05
2024-04-16 03:26:48,3090.0,2.17e-05
2024-04-16 03:27:00,3090.92,2.17e-05
2024-04-16 03:27:12,3091.51,2.171e-05
2024-04-16 03:27:24,3091.0,2.169e-05
2024-04-16 03:27:36,3090.81,2.168e-05
2024-04-16 03:27:48,3087.78,2.166e-05
2024-04-16 03:28:00,3085.77,2.165e-05
2024-04-16 03:28:12,3082.98,2.162e-05
2024-04-16 03:28:24,3083.08,2.163e-05
2024-04-16 03:28:36,3082.24,2.163e-05
2024-04-16 03:28:48,3080.66,2.163e-05
2024-04-16 03:29:00,3079.8,2.162e-05
2024-04-16 03:29:12,3080.21,2.163e-05
2024-04-16 03:29:24,3079.61,2.163e-05
2024-04-16 03:29:36,3078.44,2.162e-05
2024-04-16 03:29:48,3076.16,2.161e-05
2024-04-16 03:30:00,3079.86,2.161e-05
2024-04-16 03:30:12,3078.99,2.161e-05
2024-04-16 03:30:24,3078.21,2.159e-05
2024-04-16 03:30:36,3077.61,2.161e-05
2024-04-16 03:30:48,3078.59,2.161e-05
2024-04-16 03:31:00,3080.06,2.161e-05
2024-04-16 03:31:12,3076.41,2.158e-05
2024-04-16 03:31:24,3076.99,2.158e-05
2024-04-16 03:31:36,3077.6,2.158e-05
2024-04-16 03:31:48,3078.0,2.159e-05
2024-04-16 03:32:00,3078.92,2.16e-05
2024-04-16 03:32:12,3079.0,2.161e-05
2024-04-16 03:32:24,3078.6,2.161e-05
2024-04-16 03:32:36,3076.51,2.16e-05
2024-04-16 03:32:48,3076.74,2.16e-05
2024-04-16 03:33:00,3075.61,2.159e-05
2024-04-16 03:33:12,3075.34,2.16e-05
2024-04-16 03:33:24,3073.4,2.158e-05
2024-04-16 03:33:36,3073.8,2.159e-05
2024-04-16 03:33:48,3074.05,2.159e-05
2024-04-16 03:34:00,3073.87,2.156e-05
2024-04-16 03:34:12,3072.61,2.154e-05
2024-04-16 03:34:24,3073.82,2.156e-05
2024-04-16 03:34:36,3073.6,2.156e-05
2024-04-16 03:34:48,3073.2,2.156e-05
2024-04-16 03:35:00,3073.38,2.157e-05
2024-04-16 03:35:12,3072.4,2.155e-05
2024-04-16 03:35:24,3071.59,2.155e-05
2024-04-16 03:35:36,3073.19,2.157e-05
2024-04-16 03:35:48,3071.25,2.155e-05
2024-04-16 03:36:00,3070.74,2.156e-05
2024-04-16 03:36:12,3071.35,2.156e-05
2024-04-16 03:36:24,3072.04,2.155e-05
2024-04-16 03:36:36,3070.84,2.154e-05
2024-04-16 03:36:48,3072.4,2.156e-05
2024-04-16 03:37:00,3073.65,2.157e-05
2024-04-16 03:37:12,3074.81,2.158e-05
2024-04-16 03:37:24,3074.21,2.157e-05
2024-04-16 03:37:36,3077.44,2.16e-05
2024-04-16 03:37:48,3078.5,2.16e-05
2024-04-16 03:38:00,3075.81,2.157e-05
2024-04-16 03:38:12,3074.59,2.157e-05
2024-04-16 03:38:24,3074.25,2.156e-05
2024-04-16 03:38:36,3074.0,2.157e-05
2024-04-16 03:38:48,3074.9,2.158e-05
2024-04-16 03:39:00,3074.6,2.157e-05
2024-04-16 03:39:12,3073.09,2.155e-05
2024-04-16 03:39:24,3071.8,2.153e-05
2024-04-16 03:39:36,3071.6,2.152e-05
2024-04-16 03:39:48,3071.79,2.152e-05
2024-04-16 03:40:00,3072.19,2.151e-05
2024-04-16 03:40:12,3069.03,2.147e-05
2024-04-16 03:40:24,3064.8,2.143e-05
2024-04-16 03:40:36,3064.59,2.142e-05
2024-04-16 03:40:48,3064.61,2.143e-05
2024-04-16 03:41:00,3065.8,2.142e-05
2024-04-16 03:41:12,3063.57,2.14e-05
2024-04-16 03:41:24,3063.43,2.141e-05
2024-04-16 03:41:36,3065.35,2.141e-05
2024-04-16 03:41:48,3066.97,2.141e-05
2024-04-16 03:42:00,3067.35,2.14e-05
2024-04-16 03:42:12,3069.2,2.141e-05
2024-04-16 03:42:24,3068.13,2.14e-05
2024-04-16 03:42:36,3064.16,2.135e-05
2024-04-16 03:42:48,3064.39,2.134e-05
2024-04-16 03:43:00,3061.85,2.133e-05
2024-04-16 03:43:12,3062.4,2.135e-05
2024-04-16 03:43:24,3063.57,2.137e-05
2024-04-16 03:43:36,3062.0,2.133e-05
2024-04-16 03:43:48,3061.48,2.132e-05
2024-04-16 03:44:00,3060.91,2.134e-05
2024-04-16 03:44:12,3060.39,2.133e-05
2024-04-16 03:44:24,3059.47,2.133e-05
2024-04-16 03:44:36,3059.89,2.135e-05
2024-04-16 03:44:48,3061.54,2.134e-05
2024-04-16 03:45:00,3057.81,2.133e-05
2024-04-16 03:45:12,3056.56,2.131e-05
2024-04-16 03:45:24,3059.34,2.134e-05
2024-04-16 03:45:36,3059.81,2.132e-05
2024-04-16 03:45:48,3062.04,2.135e-05
2024-04-16 03:46:00,3062.62,2.138e-05
2024-04-16 03:46:12,3061.28,2.136e-05
2024-04-16 03:46:24,3063.2,2.138e-05
2024-04-16 03:46:36,3062.0,2.139e-05
2024-04-16 03:46:48,3064.01,2.14e-05
2024-04-16 03:47:00,3063.21,2.138e-05
2024-04-16 03:47:12,3062.1,2.14e-05
2024-04-16 03:47:24,3064.21,2.141e-05
2024-04-16 03:47:36,3065.29,2.142e-05
2024-04-16 03:47:48,3067.19,2.145e-05
2024-04-16 03:48:00,3066.59,2.145e-05
2024-04-16 03:48:12,3068.01,2.147e-05
2024-04-16 03:48:24,3067.6,2.148e-05
2024-04-16 03:48:36,3067.39,2.147e-05
2024-04-16 03:48:48,3066.88,2.147e-05
2024-04-16 03:49:00,3065.2,2.146e-05
2024-04-16 03:49:12,3067.25,2.146e-05
2024-04-16 03:49:24,3066.01,2.147e-05
2024-04-16 03:49:36,3069.99,2.151e-05
2024-04-16 03:49:48,3069.31,2.15e-05
2024-04-16 03:50:00,3070.92,2.151e-05
2024-04-16 03:50:12,3071.23,2.15e-05
2024-04-16 03:50:24,3071.81,2.152e-05
2024-04-16 03:50:36,3071.17,2.15e-05
2024-04-16 03:50:48,3068.4,2.147e-05
2024-04-16 03:51:00,3067.4,2.146e-05
2024-04-16 03:51:12,3065.4,2.145e-05
2024-04-16 03:51:24,3067.87,2.147e-05
2024-04-16 03:51:36,3069.47,2.148e-05
2024-04-16 03:51:48,3066.27,2.145e-05
2024-04-16 03:52:00,3066.79,2.145e-05
2024-04-16 03:52:12,3068.55,2.144e-05
2024-04-16 03:52:24,3069.89,2.146e-05
2024-04-16 03:52:36,3070.98,2.147e-05
2024-04-16 03:52:48,3070.14,2.148e-05
2024-04-16 03:53:00,3068.99,2.148e-05
2024-04-16 03:53:12,3068.2,2.148e-05
2024-04-16 03:53:24,3067.3,2.145e-05
2024-04-16 03:53:36,3067.59,2.142e-05
2024-04-16 03:53:48,3068.1,2.143e-05
2024-04-16 03:54:00,3068.92,2.143e-05
2024-04-16 03:54:12,3067.81,2.141e-05
2024-04-16 03:54:24,3063.32,2.138e-05
2024-04-16 03:54:36,3065.35,2.14e-05
2024-04-16 03:54:48,3066.61,2.141e-05
2024-04-16 03:55:00,3066.0,2.141e-05
2024-04-16 03:55:12,3067.13,2.144e-05
2024-04-16 03:55:24,3067.12,2.143e-05
2024-04-16 03:55:36,3068.26,2.145e-05
2024-04-16 03:55:48,3069.4,2.146e-05
2024-04-16 03:56:00,3067.61,2.145e-05
2024-04-16 03:56:12,3071.1,2.149e-05
2024-04-16 03:56:24,3071.2,2.15e-05
2024-04-16 03:56:36,3070.75,2.149e-05
2024-04-16 03:56:48,3069.95,2.149e-05
2024-04-16 03:57:00,3070.29,2.149e-05
2024-04-16 03:57:12,3071.71,2.15e-05
2024-04-16 03:57:24,3072.25,2.149e-05
2024-04-16 03:57:36,3072.05,2.149e-05
2024-04-16 03:57:48,3072.27,2.148e-05
2024-04-16 03:58:00,3069.21,2.145e-05
2024-04-16 03:58:12,3070.0,2.147e-05
2024-04-16 03:58:24,3071.59,2.149e-05
2024-04-16 03:58:36,3071.99,2.149e-05
2024-04-16 03:58:48,3071.7,2.148e-05
2024-04-16 03:59:00,3071.6,2.147e-05
2024-04-16 03:59:12,3070.6,2.147e-05
2024-04-16 03:59:24,3070.99,2.146e-05
2024-04-16 03:59:36,3070.6,2.145e-05
2024-04-16 03:59:48,3071.8,2.146e-05
2024-04-16 04:00:00,3072.2,2.147e-05
2024-04-16 04:00:12,3072.6,2.148e-05
2024-04-16 04:00:24,3075.42,2.15e-05
2024-04-16 04:00:36,3074.8,2.15e-05
2024-04-16 04:00:48,3076.3,2.152e-05
2024-04-16 04:01:00,3075.41,2.15e-05
2024-04-16 04:01:12,3072.21,2.149e-05
2024-04-16 04:01:24,3070.8,2.146e-05
2024-04-16 04:01:36,3071.08,2.147e-05
2024-04-16 04:01:48,3071.33,2.146e-05
2024-04-16 04:02:00,3070.81,2.143e-05
2024-04-16 04:02:12,3073.59,2.146e-05
2024-04-16 04:02:24,3075.1,2.148e-05
2024-04-16 04:02:36,3073.39,2.146e-05
2024-04-16 04:02:48,3073.4,2.147e-05
2024-04-16 04:03:00,3073.26,2.146e-05
2024-04-16 04:03:12,3072.62,2.145e-05
2024-04-16 04:03:24,3072.01,2.143e-05
2024-04-16 04:03:36,3070.68,2.141e-05
2024-04-16 04:03:48,3072.0,2.143e-05
2024-04-16 04:04:00,3073.59,2.143e-05
2024-04-16 04:04:12,3074.31,2.146e-05
2024-04-16 04:04:24,3078.36,2.149e-05
2024-04-16 04:04:36,3075.76,2.149e-05
2024-04-16 04:04:48,3076.0,2.149e-05
2024-04-16 04:05:00,3075.53,2.148e-05
2024-04-16 04:05:12,3078.24,2.152e-05
2024-04-16 04:05:24,3079.15,2.152e-05
2024-04-16 04:05:36,3078.75,2.153e-05
2024-04-16 04:05:48,3077.61,2.152e-05
2024-04-16 04:06:00,3077.41,2.152e-05
2024-04-16 04:06:12,3076.97,2.153e-05
2024-04-16 04:06:24,3077.96,2.153e-05
2024-04-16 04:06:36,3076.6,2.153e-05
2024-04-16 04:06:48,3076.01,2.152e-05
2024-04-16 04:07:00,3076.5,2.153e-05
2024-04-16 04:07:12,3075.6,2.151e-05
2024-04-16 04:07:24,3073.85,2.149e-05
2024-04-16 04:07:36,3072.94,2.148e-05
2024-04-16 04:07:48,3070.79,2.146e-05
2024-04-16 04:08:00,3070.79,2.146e-05
2024-04-16 04:08:12,3070.41,2.144e-05
2024-04-16 04:08:24,3070.4,2.145e-05
2024-04-16 04:08:36,3070.78,2.145e-05
2024-04-16 04:08:48,3069.97,2.145e-05
2024-04-16 04:09:00,3069.81,2.145e-05
2024-04-16 04:09:12,3068.01,2.142e-05
2024-04-16 04:09:24,3067.0,2.14e-05
2024-04-16 04:09:36,3067.8,2.142e-05
2024-04-16 04:09:48,3067.81,2.143e-05
2024-04-16 04:10:00,3067.49,2.142e-05
2024-04-16 04:10:12,3068.2,2.144e-05
2024-04-16 04:10:24,3067.81,2.142e-05
2024-04-16 04:10:36,3067.81,2.143e-05
2024-04-16 04:10:48,3065.41,2.14e-05
2024-04-16 04:11:00,3063.4,2.137e-05
2024-04-16 04:11:12,3061.55,2.133e-05
2024-04-16 04:11:24,3056.33,2.13e-05
2024-04-16 04:11:36,3051.41,2.126e-05
2024-04-16 04:11:48,3048.28,2.126e-05
2024-04-16 04:12:00,3049.38,2.124e-05
2024-04-16 04:12:12,3046.76,2.122e-05
2024-04-16 04:12:24,3046.47,2.12e-05
2024-04-16 04:12:36,3045.0,2.122e-05
2024-04-16 04:12:48,3040.17,2.12e-05
2024-04-16 04:13:00,3040.61,2.12e-05
2024-04-16 04:13:12,3036.81,2.119e-05
2024-04-16 04:13:24,3035.0,2.115e-05
2024-04-16 04:13:36,3038.96,2.117e-05
2024-04-16 04:13:48,3041.62,2.119e-05
2024-04-16 04:14:00,3039.07,2.119e-05
2024-04-16 04:14:12,3039.6,2.117e-05
2024-04-16 04:14:24,3042.41,2.123e-05
2024-04-16 04:14:36,3045.4,2.126e-05
2024-04-16 04:14:48,3046.06,2.128e-05
2024-04-16 04:15:00,3047.31,2.129e-05
2024-04-16 04:15:12,3045.2,2.126e-05
2024-04-16 04:15:24,3047.31,2.127e-05
2024-04-16 04:15:36,3054.42,2.133e-05
2024-04-16 04:15:48,3054.14,2.134e-05
2024-04-16 04:16:00,3053.95,2.136e-05
2024-04-16 04:16:12,3055.0,2.138e-05
2024-04-16 04:16:24,3055.2,2.138e-05
2024-04-16 04:16:36,3057.1,2.14e-05
2024-04-16 04:16:48,3056.26,2.141e-05
2024-04-16 04:17:00,3055.45,2.14e-05
2024-04-16 04:17:12,3052.4,2.138e-05
2024-04-16 04:17:24,3050.82,2.14e-05
2024-04-16 04:17:36,3047.81,2.136e-05
2024-04-16 04:17:48,3048.51,2.135e-05
2024-04-16 04:18:00,3052.39,2.139e-05
2024-04-16 04:18:12,3049.87,2.137e-05
2024-04-16 04:18:24,3052.14,2.139e-05
2024-04-16 04:18:36,3055.53,2.143e-05
2024-04-16 04:18:48,3055.6,2.143e-05
2024-04-16 04:19:00,3053.81,2.141e-05
2024-04-16 04:19:12,3057.9,2.145e-05
2024-04-16 04:19:24,3054.93,2.142e-05
2024-04-16 04:19:36,3050.19,2.137e-05
2024-04-16 04:19:48,3051.73,2.138e-05
2024-04-16 04:20:00,3053.19,2.139e-05
2024-04-16 04:20:12,3053.03,2.139e-05
2024-04-16 04:20:24,3051.0,2.137e-05
2024-04-16 04:20:36,3050.6,2.136e-05
2024-04-16 04:20:48,3052.5,2.138e-05
2024-04-16 04:21:00,3052.0,2.137e-05
2024-04-16 04:21:12,3050.06,2.134e-05
2024-04-16 04:21:24,3050.29,2.134e-05
2024-04-16 04:21:36,3049.01,2.132e-05
2024-04-16 04:21:48,3048.26,2.132e-05
2024-04-16 04:22:00,3050.81,2.135e-05
2024-04-16 04:22:12,3052.87,2.137e-05
2024-04-16 04:22:24,3048.31,2.133e-05
2024-04-16 04:22:36,3047.61,2.131e-05
2024-04-16 04:22:48,3049.52,2.132e-05
2024-04-16 04:23:00,3048.6,2.131e-05
2024-04-16 04:23:12,3046.2,2.127e-05
2024-04-16 04:23:24,3046.8,2.128e-05
2024-04-16 04:23:36,3038.71,2.124e-05
2024-04-16 04:23:48,3037.8,2.123e-05
2024-04-16 04:24:00,3038.99,2.122e-05
2024-04-16 04:24:12,3041.21,2.123e-05
2024-04-16 04:24:24,3043.4,2.126e-05
2024-04-16 04:24:36,3046.81,2.13e-05
2024-04-16 04:24:48,3044.95,2.127e-05
2024-04-16 04:25:00,3045.9,2.128e-05
2024-04-16 04:25:12,3047.38,2.129e-05
2024-04-16 04:25:24,3048.19,2.129e-05
2024-04-16 04:25:36,3045.58,2.125e-05
2024-04-16 04:25:48,3041.75,2.122e-05
2024-04-16 04:26:00,3041.0,2.12e-05
2024-04-16 04:26:12,3039.9,2.118e-05
2024-04-16 04:26:24,3037.66,2.115e-05
2024-04-16 04:26:36,3032.7,2.112e-05
2024-04-16 04:26:48,3029.61,2.112e-05
2024-04-16 04:27:00,3031.07,2.11e-05
2024-04-16 04:27:12,3033.25,2.115e-05
2024-04-16 04:27:24,3036.11,2.115e-05
2024-04-16 04:27:36,3036.1,2.115e-05
2024-04-16 04:27:48,3033.81,2.112e-05
2024-04-16 04:28:00,3033.59,2.113e-05
2024-04-16 04:28:12,3030.61,2.111e-05
2024-04-16 04:28:24,3031.69,2.111e-05
2024-04-16 04:28:36,3031.95,2.112e-05
2024-04-16 04:28:48,3030.96,2.11e-05
2024-04-16 04:29:00,3032.78,2.112e-05
2024-04-16 04:29:12,3031.83,2.111e-05
2024-04-16 04:29:24,3035.03,2.114e-05
2024-04-16 04:29:36,3034.02,2.115e-05
2024-04-16 04:29:48,3033.76,2.115e-05
2024-04-16 04:30:00,3033.88,2.113e-05
2024-04-16 04:30:12,3034.7,2.114e-05
2024-04-16 04:30:24,3030.0,2.11e-05
2024-04-16 04:30:36,3031.7,2.111e-05
2024-04-16 04:30:48,3030.16,2.108e-05
2024-04-16 04:31:00,3032.12,2.111e-05
2024-04-16 04:31:12,3032.34,2.112e-05
2024-04-16 04:31:24,3035.0,2.116e-05
2024-04-16 04:31:36,3035.82,2.116e-05
2024-04-16 04:31:48,3036.59,2.118e-05
2024-04-16 04:32:00,3035.77,2.117e-05
2024-04-16 04:32:12,3035.12,2.117e-05
2024-04-16 04:32:24,3039.46,2.121e-05
2024-04-16 04:32:36,3041.7,2.123e-05
2024-04-16 04:32:48,3044.16,2.123e-05
2024-04-16 04:33:00,3042.98,2.122e-05
2024-04-16 04:33:12,3041.4,2.12e-05
2024-04-16 04:33:24,3040.7,2.12e-05
2024-04-16 04:33:36,3040.0,2.119e-05
2024-04-16 04:33:48,3043.29,2.123e-05
2024-04-16 04:34:00,3042.92,2.122e-05
2024-04-16 04:34:12,3041.35,2.119e-05
2024-04-16 04:34:24,3040.09,2.119e-05
2024-04-16 04:34:36,3040.17,2.117e-05
2024-04-16 04:34:48,3040.76,2.118e-05
2024-04-16 04:35:00,3034.2,2.113e-05
2024-04-16 04:35:12,3035.99,2.115e-05
2024-04-16 04:35:24,3036.79,2.116e-05
2024-04-16 04:35:36,3038.66,2.116e-05
2024-04-16 04:35:48,3037.72,2.113e-05
2024-04-16 04:36:00,3039.29,2.113e-05
2024-04-16 04:36:12,3035.67,2.109e-05
2024-04-16 04:36:24,3034.22,2.108e-05
2024-04-16 04:36:36,3033.53,2.108e-05
2024-04-16 04:36:48,3033.79,2.107e-05
2024-04-16 04:37:00,3034.98,2.107e-05
2024-04-16 04:37:12,3033.99,2.106e-05
2024-04-16 04:37:24,3035.7,2.107e-05
2024-04-16 04:37:36,3031.61,2.103e-05
2024-04-16 04:37:48,3032.44,2.104e-05
2024-04-16 04:38:00,3030.49,2.103e-05
2024-04-16 04:38:12,3028.01,2.103e-05
2024-04-16 04:38:24,3031.49,2.106e-05
2024-04-16 04:38:36,3032.85,2.107e-05
2024-04-16 04:38:48,3032.29,2.106e-05
2024-04-16 04:39:00,3034.39,2.107e-05
2024-04-16 04:39:12,3035.53,2.109e-05
2024-04-16 04:39:24,3031.59,2.105e-05
2024-04-16 04:39:36,3034.29,2.108e-05
2024-04-16 04:39:48,3036.19,2.111e-05
2024-04-16 04:40:00,3037.59,2.113e-05
2024-04-16 04:40:12,3036.72,2.112e-05
2024-04-16 04:40:24,3037.25,2.112e-05
2024-04-16 04:40:36,3037.09,2.113e-05
2024-04-16 04:40:48,3034.83,2.11e-05
2024-04-16 04:41:00,3034.21,2.109e-05
2024-04-16 04:41:12,3034.01,2.109e-05
2024-04-16 04:41:24,3031.07,2.104e-05
2024-04-16 04:41:36,3029.75,2.102e-05
2024-04-16 04:41:48,3028.41,2.101e-05
2024-04-16 04:42:00,3024.61,2.099e-05
2024-04-16 04:42:12,3028.4,2.101e-05
2024-04-16 04:42:24,3028.07,2.101e-05
2024-04-16 04:42:36,3029.32,2.103e-05
2024-04-16 04:42:48,3028.21,2.1e-05
2024-04-16 04:43:00,3022.66,2.094e-05
2024-04-16 04:43:12,3024.76,2.096e-05
2024-04-16 04:43:24,3025.3,2.099e-05
2024-04-16 04:43:36,3027.95,2.101e-05
2024-04-16 04:43:48,3026.0,2.099e-05
2024-04-16 04:44:00,3025.41,2.098e-05
2024-04-16 04:44:12,3024.0,2.095e-05
2024-04-16 04:44:24,3020.96,2.095e-05
2024-04-16 04:44:36,3020.82,2.095e-05
2024-04-16 04:44:48,3021.0,2.093e-05
2024-04-16 04:45:00,3019.21,2.088e-05
2024-04-16 04:45:12,3014.88,2.089e-05
2024-04-16 04:45:24,3012.22,2.088e-05
2024-04-16 04:45:36,3004.84,2.086e-05
2024-04-16 04:45:48,3004.21,2.086e-05
2024-04-16 04:46:00,2991.55,2.083e-05
2024-04-16 04:46:12,2997.1,2.086e-05
2024-04-16 04:46:24,2999.65,2.091e-05
2024-04-16 04:46:36,2998.84,2.091e-05
2024-04-16 04:46:48,3002.35,2.095e-05
2024-04-16 04:47:00,3006.14,2.096e-05
2024-04-16 04:47:12,3008.09,2.101e-05
2024-04-16 04:47:24,3013.58,2.106e-05
2024-04-16 04:47:36,3012.56,2.106e-05
2024-04-16 04:47:48,3015.91,2.105e-05
2024-04-16 04:48:00,3016.97,2.103e-05
2024-04-16 04:48:12,3019.82,2.103e-05
2024-04-16 04:48:24,3020.77,2.103e-05
2024-04-16 04:48:36,3023.0,2.106e-05
2024-04-16 04:48:48,3019.78,2.103e-05
2024-04-16 04:49:00,3022.96,2.106e-05
2024-04-16 04:49:12,3026.9,2.111e-05
2024-04-16 04:49:24,3024.26,2.111e-05
2024-04-16 04:49:36,3022.15,2.111e-05
2024-04-16 04:49:48,3023.52,2.111e-05
2024-04-16 04:50:00,3023.0,2.11e-05
2024-04-16 04:50:12,3023.9,2.112e-05
2024-04-16 04:50:24,3028.46,2.114e-05
2024-04-16 04:50:36,3030.45,2.116e-05
2024-04-16 04:50:48,3032.07,2.117e-05
2024-04-16 04:51:00,3031.03,2.115e-05
2024-04-16 04:51:12,3028.13,2.114e-05
2024-04-16 04:51:24,3027.04,2.111e-05
2024-04-16 04:51:36,3025.58,2.11e-05
2024-04-16 04:51:48,3026.4,2.11e-05
2024-04-16 04:52:00,3023.63,2.107e-05
2024-04-16 04:52:12,3022.83,2.105e-05
2024-04-16 04:52:24,3024.23,2.108e-05
2024-04-16 04:52:36,3023.41,2.106e-05
2024-04-16 04:52:48,3023.99,2.109e-05
2024-04-16 04:53:00,3024.99,2.109e-05
2024-04-16 04:53:12,3028.21,2.115e-05
2024-04-16 04:53:24,3025.28,2.111e-05
2024-04-16 04:53:36,3020.41,2.11e-05
2024-04-16 04:53:48,3019.66,2.109e-05
2024-04-16 04:54:00,3020.9,2.107e-05
2024-04-16 04:54:12,3022.97,2.108e-05
2024-04-16 04:54:24,3018.33,2.104e-05
2024-04-16 04:54:36,3019.09,2.104e-05
2024-04-16 04:54:48,3017.46,2.103e-05
2024-04-16 04:55:00,3020.8,2.107e-05
2024-04-16 04:55:12,3018.64,2.105e-05
2024-04-16 04:55:24,3018.1,2.103e-05
2024-04-16 04:55:36,3017.34,2.103e-05
2024-04-16 04:55:48,3016.36,2.102e-05
2024-04-16 04:56:00,3016.89,2.103e-05
2024-04-16 04:56:12,3013.29,2.101e-05
2024-04-16 04:56:24,3015.1,2.102e-05
2024-04-16 04:56:36,3018.27,2.104e-05
2024-04-16 04:56:48,3017.38,2.102e-05
2024-04-16 04:57:00,3015.18,2.1e-05
2024-04-16 04:57:12,3018.23,2.102e-05
2024-04-16 04:57:24,3018.8,2.103e-05
2024-04-16 04:57:36,3019.64,2.103e-05
2024-04-16 04:57:48,3019.67,2.103e-05
2024-04-16 04:58:00,3019.7,2.103e-05
2024-04-16 04:58:12,3021.07,2.104e-05
2024-04-16 04:58:24,3022.99,2.106e-05
2024-04-16 04:58:36,3020.41,2.104e-05
2024-04-16 04:58:48,3023.14,2.107e-05
2024-04-16 04:59:00,3023.01,2.106e-05
2024-04-16 04:59:12,3021.67,2.105e-05
2024-04-16 04:59:24,3022.65,2.109e-05
2024-04-16 04:59:36,3025.55,2.112e-05
2024-04-16 04:59:48,3025.59,2.112e-05
2024-04-16 05:00:00,3025.95,2.112e-05
2024-04-16 05:00:12,3025.25,2.11e-05
2024-04-16 05:00:24,3024.0,2.108e-05
2024-04-16 05:00:36,3023.63,2.106e-05
2024-04-16 05:00:48,3023.09,2.105e-05
2024-04-16 05:01:00,3025.53,2.107e-05
2024-04-16 05:01:12,3022.9,2.105e-05
2024-04-16 05:01:24,3023.39,2.105e-05
2024-04-16 05:01:36,3018.89,2.103e-05
2024-04-16 05:01:48,3021.05,2.106e-05
2024-04-16 05:02:00,3019.68,2.105e-05
2024-04-16 05:02:12,3018.55,2.102e-05
2024-04-16 05:02:24,3019.99,2.102e-05
2024-04-16 05:02:36,3021.42,2.105e-05
2024-04-16 05:02:48,3022.35,2.107e-05
2024-04-16 05:03:00,3024.65,2.108e-05
2024-04-16 05:03:12,3022.29,2.107e-05
2024-04-16 05:03:24,3024.7,2.109e-05
2024-04-16 05:03:36,3023.63,2.106e-05
2024-04-16 05:03:48,3024.55,2.108e-05
2024-04-16 05:04:00,3025.4,2.109e-05
2024-04-16 05:04:12,3025.65,2.111e-05
2024-04-16 05:04:24,3025.5,2.11e-05
2024-04-16 05:04:36,3028.79,2.115e-05
2024-04-16 05:04:48,3031.63,2.116e-05
2024-04-16 05:05:00,3033.18,2.119e-05
2024-04-16 05:05:12,3033.04,2.118e-05
2024-04-16 05:05:24,3035.14,2.12e-05
2024-04-16 05:05:36,3031.85,2.118e-05
2024-04-16 05:05:48,3032.3,2.118e-05
2024-04-16 05:06:00,3029.59,2.116e-05
2024-04-16 05:06:12,3029.55,2.114e-05
2024-04-16 05:06:24,3029.59,2.112e-05
2024-04-16 05:06:36,3031.31,2.113e-05
2024-04-16 05:06:48,3030.79,2.113e-05
2024-04-16 05:07:00,3029.54,2.112e-05
2024-04-16 05:07:12,3031.29,2.114e-05
2024-04-16 05:07:24,3031.55,2.117e-05
2024-04-16 05:07:36,3033.02,2.119e-05
2024-04-16 05:07:48,3032.17,2.119e-05
2024-04-16 05:08:00,3032.32,2.119e-05
2024-04-16 05:08:12,3031.35,2.118e-05
2024-04-16 05:08:24,3033.92,2.122e-05
2024-04-16 05:08:36,3035.29,2.123e-05
2024-04-16 05:08:48,3036.36,2.126e-05
2024-04-16 05:09:00,3032.71,2.124e-05
2024-04-16 05:09:12,3032.89,2.122e-05
2024-04-16 05:09:24,3030.88,2.121e-05
2024-04-16 05:09:36,3030.55,2.12e-05
2024-04-16 05:09:48,3030.1,2.12e-05
2024-04-16 05:10:00,3029.92,2.119e-05
2024-04-16 05:10:12,3031.75,2.121e-05
2024-04-16 05:10:24,3032.51,2.122e-05
2024-04-16 05:10:36,3032.93,2.121e-05
2024-04-16 05:10:48,3032.84,2.121e-05
2024-04-16 05:11:00,3035.29,2.123e-05
2024-04-16 05:11:12,3037.88,2.126e-05
2024-04-16 05:11:24,3036.15,2.125e-05
2024-04-16 05:11:36,3036.6,2.127e-05
2024-04-16 05:11:48,3038.4,2.129e-05
2024-04-16 05:12:00,3039.04,2.128e-05
2024-04-16 05:12:12,3040.45,2.13e-05
2024-04-16 05:12:24,3039.24,2.129e-05
2024-04-16 05:12:36,3038.21,2.129e-05
2024-04-16 05:12:48,3038.31,2.129e-05
2024-04-16 05:13:00,3036.95,2.127e-05
2024-04-16 05:13:12,3037.93,2.127e-05
2024-04-16 05:13:24,3037.53,2.126e-05
2024-04-16 05:13:36,3035.98,2.125e-05
2024-04-16 05:13:48,3035.94,2.125e-05
2024-04-16 05:14:00,3036.29,2.125e-05
2024-04-16 05:14:12,3036.64,2.125e-05
2024-04-16 05:14:24,3037.6,2.126e-05
2024-04-16 05:14:36,3035.71,2.124e-05
2024-04-16 05:14:48,3034.15,2.124e-05
2024-04-16 05:15:00,3035.47,2.127e-05
2024-04-16 05:15:12,3034.1,2.123e-05
2024-04-16 05:15:24,3032.94,2.123e-05
2024-04-16 05:15:36,3032.4,2.121e-05
2024-04-16 05:15:48,3034.45,2.123e-05
2024-04-16 05:16:00,3034.52,2.122e-05
2024-04-16 05:16:12,3035.77,2.124e-05
2024-04-16 05:16:24,3038.89,2.127e-05
2024-04-16 05:16:36,3039.75,2.128e-05
2024-04-16 05:16:48,3040.05,2.129e-05
2024-04-16 05:17:00,3038.4,2.123e-05
2024-04-16 05:17:12,3043.64,2.125e-05
2024-04-16 05:17:24,3044.6,2.126e-05
2024-04-16 05:17:36,3042.86,2.126e-05
2024-04-16 05:17:48,3042.05,2.126e-05
2024-04-16 05:18:00,3039.9,2.123e-05
2024-04-16 05:18:12,3042.75,2.125e-05
2024-04-16 05:18:24,3043.45,2.126e-05
2024-04-16 05:18:36,3044.27,2.126e-05
2024-04-16 05:18:48,3044.6,2.127e-05
2024-04-16 05:19:00,3043.2,2.126e-05
2024-04-16 05:19:12,3042.04,2.125e-05
2024-04-16 05:19:24,3040.69,2.123e-05
2024-04-16 05:19:36,3041.91,2.124e-05
2024-04-16 05:19:48,3042.5,2.124e-05
2024-04-16 05:20:00,3041.8,2.123e-05
2024-04-16 05:20:12,3041.17,2.124e-05
2024-04-16 05:20:24,3042.43,2.125e-05
2024-04-16 05:20:36,3041.26,2.123e-05
2024-04-16 05:20:48,3038.91,2.123e-05
2024-04-16 05:21:00,3037.98,2.123e-05
2024-04-16 05:21:12,3039.2,2.125e-05
2024-04-16 05:21:24,3039.61,2.124e-05
2024-04-16 05:21:36,3040.58,2.125e-05
2024-04-16 05:21:48,3040.7,2.125e-05
2024-04-16 05:22:00,3040.92,2.126e-05
2024-04-16 05:22:12,3044.2,2.129e-05
2024-04-16 05:22:24,3044.25,2.13e-05
2024-04-16 05:22:36,3044.63,2.13e-05
2024-04-16 05:22:48,3040.82,2.128e-05
2024-04-16 05:23:00,3041.94,2.129e-05
2024-04-16 05:23:12,3045.93,2.133e-05
2024-04-16 05:23:24,3045.42,2.133e-05
2024-04-16 05:23:36,3043.0,2.13e-05
2024-04-16 05:23:48,3044.35,2.132e-05
2024-04-16 05:24:00,3043.6,2.131e-05
2024-04-16 05:24:12,3045.11,2.13e-05
2024-04-16 05:24:24,3045.34,2.13e-05
2024-04-16 05:24:36,3044.9,2.128e-05
2024-04-16 05:24:48,3045.14,2.128e-05
2024-04-16 05:25:00,3044.33,2.128e-05
2024-04-16 05:25:12,3045.0,2.13e-05
2024-04-16 05:25:24,3044.58,2.128e-05
2024-04-16 05:25:36,3045.17,2.128e-05
2024-04-16 05:25:48,3046.44,2.128e-05
2024-04-16 05:26:00,3044.78,2.128e-05
2024-04-16 05:26:12,3046.35,2.13e-05
2024-04-16 05:26:24,3046.5,2.13e-05
2024-04-16 05:26:36,3046.98,2.131e-05
2024-04-16 05:26:48,3047.16,2.131e-05
2024-04-16 05:27:00,3048.6,2.133e-05
2024-04-16 05:27:12,3047.45,2.131e-05
2024-04-16 05:27:24,3046.51,2.129e-05
2024-04-16 05:27:36,3045.07,2.128e-05
2024-04-16 05:27:48,3045.45,2.13e-05
2024-04-16 05:28:00,3045.6,2.131e-05
2024-04-16 05:28:12,3047.83,2.133e-05
2024-04-16 05:28:24,3049.5,2.134e-05
2024-04-16 05:28:36,3049.39,2.133e-05
2024-04-16 05:28:48,3049.14,2.133e-05
2024-04-16 05:29:00,3047.6,2.132e-05
2024-04-16 05:29:12,3047.51,2.133e-05
2024-04-16 05:29:24,3047.79,2.132e-05
2024-04-16 05:29:36,3048.91,2.134e-05
2024-04-16 05:29:48,3048.38,2.133e-05
2024-04-16 05:30:00,3047.56,2.132e-05
2024-04-16 05:30:12,3048.34,2.132e-05
2024-04-16 05:30:24,3046.89,2.131e-05
2024-04-16 05:30:36,3044.11,2.129e-05
2024-04-16 05:30:48,3043.8,2.126e-05
2024-04-16 05:31:00,3043.94,2.127e-05
2024-04-16 05:31:12,3041.75,2.124e-05
2024-04-16 05:31:24,3043.04,2.126e-05
2024-04-16 05:31:36,3041.82,2.125e-05
2024-04-16 05:31:48,3042.78,2.127e-05
2024-04-16 05:32:00,3044.59,2.129e-05
2024-04-16 05:32:12,3044.22,2.13e-05
2024-04-16 05:32:24,3043.08,2.128e-05
2024-04-16 05:32:36,3043.87,2.129e-05
2024-04-16 05:32:48,3042.87,2.127e-05
2024-04-16 05:33:00,3042.15,2.126e-05
2024-04-16 05:33:12,3042.88,2.126e-05
2024-04-16 05:33:24,3042.35,2.127e-05
2024-04-16 05:33:36,3043.1,2.127e-05
2024-04-16 05:33:48,3040.83,2.125e-05
2024-04-16 05:34:00,3041.38,2.124e-05
2024-04-16 05:34:12,3041.7,2.124e-05
2024-04-16 05:34:24,3042.65,2.126e-05
2024-04-16 05:34:36,3042.4,2.125e-05
2024-04-16 05:34:48,3042.34,2.125e-05
2024-04-16 05:35:00,3042.59,2.125e-05
2024-04-16 05:35:12,3043.5,2.128e-05
2024-04-16 05:35:24,3043.2,2.127e-05
2024-04-16 05:35:36,3045.59,2.129e-05
2024-04-16 05:35:48,3046.51,2.131e-05
2024-04-16 05:36:00,3044.34,2.129e-05
2024-04-16 05:36:12,3042.98,2.126e-05
2024-04-16 05:36:24,3042.86,2.126e-05
2024-04-16 05:36:36,3043.31,2.126e-05
2024-04-16 05:36:48,3046.38,2.128e-05
2024-04-16 05:37:00,3045.15,2.127e-05
2024-04-16 05:37:12,3046.54,2.129e-05
2024-04-16 05:37:24,3047.79,2.131e-05
2024-04-16 05:37:36,3046.8,2.13e-05
2024-04-16 05:37:48,3046.86,2.129e-05
2024-04-16 05:38:00,3047.27,2.129e-05
2024-04-16 05:38:12,3046.6,2.128e-05
2024-04-16 05:38:24,3047.56,2.131e-05
2024-04-16 05:38:36,3048.48,2.133e-05
2024-04-16 05:38:48,3046.27,2.131e-05
2024-04-16 05:39:00,3048.37,2.132e-05
2024-04-16 05:39:12,3048.65,2.133e-05
2024-04-16 05:39:24,3049.02,2.134e-05
2024-04-16 05:39:36,3049.31,2.134e-05
2024-04-16 05:39:48,3052.05,2.136e-05
2024-04-16 05:40:00,3051.37,2.136e-05
2024-04-16 05:40:12,3049.6,2.137e-05
2024-04-16 05:40:24,3051.95,2.14e-05
2024-04-16 05:40:36,3053.72,2.143e-05
2024-04-16 05:40:48,3054.1,2.142e-05
2024-04-16 05:41:00,3053.59,2.141e-05
2024-04-16 05:41:12,3054.27,2.141e-05
2024-04-16 05:41:24,3053.16,2.141e-05
2024-04-16 05:41:36,3054.36,2.144e-05
2024-04-16 05:41:48,3053.41,2.143e-05
2024-04-16 05:42:00,3054.11,2.144e-05
2024-04-16 05:42:12,3056.52,2.145e-05
2024-04-16 05:42:24,3056.23,2.147e-05
2024-04-16 05:42:36,3055.28,2.145e-05
2024-04-16 05:42:48,3053.61,2.143e-05
2024-04-16 05:43:00,3053.21,2.143e-05
2024-04-16 05:43:12,3051.97,2.144e-05
2024-04-16 05:43:24,3052.55,2.143e-05
2024-04-16 05:43:36,3051.11,2.14e-05
2024-04-16 05:43:48,3051.3,2.14e-05
2024-04-16 05:44:00,3050.85,2.138e-05
2024-04-16 05:44:12,3050.46,2.139e-05
2024-04-16 05:44:24,3050.07,2.137e-05
2024-04-16 05:44:36,3051.37,2.138e-05
2024-04-16 05:44:48,3053.39,2.14e-05
2024-04-16 05:45:00,3053.82,2.14e-05
2024-04-16 05:45:12,3051.41,2.139e-05
2024-04-16 05:45:24,3051.35,2.138e-05
2024-04-16 05:45:36,3051.49,2.138e-05
2024-04-16 05:45:48,3050.27,2.136e-05
2024-04-16 05:46:00,3053.21,2.139e-05
2024-04-16 05:46:12,3054.7,2.143e-05
2024-04-16 05:46:24,3056.16,2.143e-05
2024-04-16 05:46:36,3056.65,2.144e-05
2024-04-16 05:46:48,3056.02,2.143e-05
2024-04-16 05:47:00,3056.74,2.143e-05
2024-04-16 05:47:12,3057.66,2.145e-05
2024-04-16 05:47:24,3057.3,2.145e-05
2024-04-16 05:47:36,3056.7,2.144e-05
2024-04-16 05:47:48,3056.15,2.144e-05
2024-04-16 05:48:00,3055.18,2.143e-05
2024-04-16 05:48:12,3055.71,2.143e-05
2024-04-16 05:48:24,3055.2,2.143e-05
2024-04-16 05:48:36,3054.32,2.143e-05
2024-04-16 05:48:48,3054.45,2.141e-05
2024-04-16 05:49:00,3053.94,2.14e-05
2024-04-16 05:49:12,3053.94,2.14e-05
2024-04-16 05:49:24,3053.05,2.138e-05
2024-04-16 05:49:36,3051.97,2.138e-05
2024-04-16 05:49:48,3052.91,2.137e-05
2024-04-16 05:50:00,3054.61,2.138e-05
2024-04-16 05:50:12,3054.17,2.138e-05
2024-04-16 05:50:24,3052.3,2.136e-05
2024-04-16 05:50:36,3052.22,2.136e-05
2024-04-16 05:50:48,3052.5,2.137e-05
2024-04-16 05:51:00,3052.0,2.137e-05
2024-04-16 05:51:12,3052.24,2.137e-05
2024-04-16 05:51:24,3053.21,2.137e-05
2024-04-16 05:51:36,3052.23,2.136e-05
2024-04-16 05:51:48,3053.22,2.136e-05
2024-04-16 05:52:00,3053.21,2.137e-05
2024-04-16 05:52:12,3054.32,2.14e-05
2024-04-16 05:52:24,3051.75,2.135e-05
2024-04-16 05:52:36,3052.39,2.137e-05
2024-04-16 05:52:48,3050.88,2.134e-05
2024-04-16 05:53:00,3050.5,2.133e-05
2024-04-16 05:53:12,3050.31,2.132e-05
2024-04-16 05:53:24,3049.21,2.132e-05
2024-04-16 05:53:36,3047.23,2.133e-05
2024-04-16 05:53:48,3047.23,2.133e-05
2024-04-16 05:54:00,3046.96,2.132e-05
2024-04-16 05:54:12,3048.78,2.134e-05
2024-04-16 05:54:24,3048.35,2.134e-05
2024-04-16 05:54:36,3048.68,2.134e-05
2024-04-16 05:54:48,3047.96,2.133e-05
2024-04-16 05:55:00,3048.01,2.134e-05
2024-04-16 05:55:12,3047.38,2.133e-05
2024-04-16 05:55:24,3046.35,2.132e-05
2024-04-16 05:55:36,3045.55,2.132e-05
2024-04-16 05:55:48,3045.36,2.131e-05
2024-04-16 05:56:00,3045.0,2.131e-05
2024-04-16 05:56:12,3044.72,2.13e-05
2024-04-16 05:56:24,3045.31,2.132e-05
2024-04-16 05:56:36,3046.45,2.132e-05
2024-04-16 05:56:48,3046.2,2.131e-05
2024-04-16 05:57:00,3046.35,2.131e-05
2024-04-16 05:57:12,3048.34,2.133e-05
2024-04-16 05:57:24,3048.84,2.135e-05
2024-04-16 05:57:36,3048.41,2.135e-05
2024-04-16 05:57:48,3048.41,2.135e-05
2024-04-16 05:58:00,3047.85,2.134e-05
2024-04-16 05:58:12,3047.3,2.135e-05
2024-04-16 05:58:24,3047.28,2.135e-05
2024-04-16 05:58:36,3048.65,2.136e-05
2024-04-16 05:58:48,3048.02,2.137e-05
2024-04-16 05:59:00,3048.01,2.137e-05
2024-04-16 05:59:12,3048.85,2.138e-05
2024-04-16 05:59:24,3048.4,2.137e-05
2024-04-16 05:59:36,3048.06,2.136e-05
2024-04-16 05:59:48,3047.47,2.135e-05
2024-04-16 06:00:00,3047.1,2.135e-05
2024-04-16 06:00:12,3047.05,2.135e-05
2024-04-16 06:00:24,3047.74,2.136e-05
2024-04-16 06:00:36,3045.45,2.133e-05
2024-04-16 06:00:48,3046.5,2.136e-05
2024-04-16 06:01:00,3045.37,2.134e-05
2024-04-16 06:01:12,3044.45,2.134e-05
2024-04-16 06:01:24,3043.14,2.132e-05
2024-04-16 06:01:36,3044.28,2.134e-05
2024-04-16 06:01:48,3045.5,2.135e-05
2024-04-16 06:02:00,3046.76,2.136e-05
2024-04-16 06:02:12,3048.69,2.14e-05
2024-04-16 06:02:24,3051.59,2.144e-05
2024-04-16 06:02:36,3054.69,2.145e-05
2024-04-16 06:02:48,3052.84,2.143e-05
2024-04-16 06:03:00,3054.31,2.143e-05
2024-04-16 06:03:12,3054.98,2.143e-05
2024-04-16 06:03:24,3058.89,2.148e-05
2024-04-16 06:03:36,3062.94,2.15e-05
2024-04-16 06:03:48,3062.41,2.15e-05
2024-04-16 06:04:00,3061.56,2.149e-05
2024-04-16 06:04:12,3066.49,2.151e-05
2024-04-16 06:04:24,3066.54,2.151e-05
2024-04-16 06:04:36,3066.52,2.15e-05
2024-04-16 06:04:48,3063.9,2.149e-05
2024-04-16 06:05:00,3066.28,2.15e-05
2024-04-16 06:05:12,3068.59,2.152e-05
2024-04-16 06:05:24,3068.23,2.155e-05
2024-04-16 06:05:36,3065.85,2.152e-05
2024-04-16 06:05:48,3065.61,2.152e-05
2024-04-16 06:06:00,3064.51,2.152e-05
2024-04-16 06:06:12,3065.59,2.152e-05
2024-04-16 06:06:24,3064.26,2.149e-05
2024-04-16 06:06:36,3062.7,2.148e-05
2024-04-16 06:06:48,3064.09,2.15e-05
2024-04-16 06:07:00,3064.01,2.149e-05
2024-04-16 06:07:12,3062.25,2.148e-05
2024-04-16 06:07:24,3061.2,2.147e-05
2024-04-16 06:07:36,3059.41,2.145e-05
2024-04-16 06:07:48,3058.37,2.144e-05
2024-04-16 06:08:00,3057.98,2.145e-05
2024-04-16 06:08:12,3057.6,2.144e-05
2024-04-16 06:08:24,3058.8,2.146e-05
2024-04-16 06:08:36,3058.59,2.146e-05
2024-04-16 06:08:48,3060.01,2.146e-05
2024-04-16 06:09:00,3060.34,2.146e-05
2024-04-16 06:09:12,3062.45,2.148e-05
2024-04-16 06:09:24,3060.27,2.147e-05
2024-04-16 06:09:36,3062.09,2.149e-05
2024-04-16 06:09:48,3062.39,2.15e-05
2024-04-16 06:10:00,3061.8,2.149e-05
2024-04-16 06:10:12,3063.19,2.15e-05
2024-04-16 06:10:24,3065.1,2.152e-05
2024-04-16 06:10:36,3062.81,2.15e-05
2024-04-16 06:10:48,3063.01,2.151e-05
2024-04-16 06:11:00,3062.41,2.149e-05
2024-04-16 06:11:12,3063.2,2.15e-05
2024-04-16 06:11:24,3061.2,2.148e-05
2024-04-16 06:11:36,3062.55,2.149e-05
2024-04-16 06:11:48,3060.4,2.145e-05
2024-04-16 06:12:00,3061.0,2.147e-05
2024-04-16 06:12:12,3059.41,2.145e-05
2024-04-16 06:12:24,3058.58,2.145e-05
2024-04-16 06:12:36,3059.29,2.145e-05
2024-04-16 06:12:48,3059.59,2.145e-05
2024-04-16 06:13:00,3059.41,2.146e-05
2024-04-16 06:13:12,3059.5,2.145e-05
2024-04-16 06:13:24,3059.61,2.145e-05
2024-04-16 06:13:36,3060.0,2.146e-05
2024-04-16 06:13:48,3059.99,2.146e-05
2024-04-16 06:14:00,3060.0,2.145e-05
2024-04-16 06:14:12,3059.41,2.144e-05
2024-04-16 06:14:24,3058.5,2.143e-05
2024-04-16 06:14:36,3059.86,2.144e-05
2024-04-16 06:14:48,3059.61,2.143e-05
2024-04-16 06:15:00,3059.2,2.142e-05
2024-04-16 06:15:12,3060.83,2.142e-05
2024-04-16 06:15:24,3062.04,2.144e-05
2024-04-16 06:15:36,3061.4,2.144e-05
2024-04-16 06:15:48,3058.42,2.141e-05
2024-04-16 06:16:00,3058.8,2.142e-05
2024-04-16 06:16:12,3059.4,2.143e-05
2024-04-16 06:16:24,3057.3,2.14e-05
2024-04-16 06:16:36,3058.99,2.14e-05
2024-04-16 06:16:48,3057.61,2.14e-05
2024-04-16 06:17:00,3058.01,2.141e-05
2024-04-16 06:17:12,3058.41,2.141e-05
2024-04-16 06:17:24,3059.6,2.143e-05
2024-04-16 06:17:36,3058.65,2.142e-05
2024-04-16 06:17:48,3057.66,2.14e-05
2024-04-16 06:18:00,3059.53,2.143e-05
2024-04-16 06:18:12,3059.81,2.142e-05
2024-04-16 06:18:24,3059.56,2.141e-05
2024-04-16 06:18:36,3058.81,2.14e-05
2024-04-16 06:18:48,3060.99,2.142e-05
2024-04-16 06:19:00,3061.2,2.142e-05
2024-04-16 06:19:12,3061.41,2.142e-05
2024-04-16 06:19:24,3061.59,2.143e-05
2024-04-16 06:19:36,3062.75,2.145e-05
2024-04-16 06:19:48,3061.41,2.144e-05
2024-04-16 06:20:00,3060.98,2.143e-05
2024-04-16 06:20:12,3063.24,2.144e-05
2024-04-16 06:20:24,3062.99,2.145e-05
2024-04-16 06:20:36,3064.76,2.146e-05
2024-04-16 06:20:48,3063.61,2.146e-05
2024-04-16 06:21:00,3063.51,2.146e-05
2024-04-16 06:21:12,3063.01,2.143e-05
2024-04-16 06:21:24,3063.7,2.144e-05
2024-04-16 06:21:36,3064.12,2.144e-05
2024-04-16 06:21:48,3065.0,2.144e-05
2024-04-16 06:22:00,3064.8,2.145e-05
2024-04-16 06:22:12,3065.59,2.149e-05
2024-04-16 06:22:24,3067.65,2.151e-05
2024-04-16 06:22:36,3069.13,2.151e-05
2024-04-16 06:22:48,3070.1,2.152e-05
2024-04-16 06:23:00,3070.15,2.152e-05
2024-04-16 06:23:12,3070.02,2.151e-05
2024-04-16 06:23:24,3069.76,2.15e-05
2024-04-16 06:23:36,3066.81,2.149e-05
2024-04-16 06:23:48,3066.05,2.149e-05
2024-04-16 06:24:00,3066.61,2.149e-05
2024-04-16 06:24:12,3067.2,2.151e-05
2024-04-16 06:24:24,3068.26,2.15e-05
2024-04-16 06:24:36,3068.01,2.151e-05
2024-04-16 06:24:48,3068.74,2.151e-05
2024-04-16 06:25:00,3068.36,2.151e-05
2024-04-16 06:25:12,3068.43,2.151e-05
2024-04-16 06:25:24,3070.61,2.154e-05
2024-04-16 06:25:36,3069.49,2.153e-05
2024-04-16 06:25:48,3068.07,2.154e-05
2024-04-16 06:26:00,3069.87,2.156e-05
2024-04-16 06:26:12,3068.99,2.155e-05
2024-04-16 06:26:24,3068.97,2.154e-05
2024-04-16 06:26:36,3068.77,2.155e-05
2024-04-16 06:26:48,3067.85,2.153e-05
2024-04-16 06:27:00,3067.9,2.153e-05
2024-04-16 06:27:12,3069.07,2.153e-05
2024-04-16 06:27:24,3069.94,2.155e-05
2024-04-16 06:27:36,3070.6,2.155e-05
2024-04-16 06:27:48,3070.77,2.157e-05
2024-04-16 06:28:00,3074.44,2.159e-05
2024-04-16 06:28:12,3072.61,2.159e-05
2024-04-16 06:28:24,3072.69,2.159e-05
2024-04-16 06:28:36,3071.07,2.159e-05
2024-04-16 06:28:48,3070.21,2.158e-05
2024-04-16 06:29:00,3070.05,2.159e-05
2024-04-16 06:29:12,3069.7,2.158e-05
2024-04-16 06:29:24,3069.12,2.155e-05
2024-04-16 06:29:36,3070.39,2.156e-05
2024-04-16 06:29:48,3069.71,2.155e-05
2024-04-16 06:30:00,3069.3,2.155e-05
2024-04-16 06:30:12,3069.55,2.155e-05
2024-04-16 06:30:24,3070.12,2.156e-05
2024-04-16 06:30:36,3071.79,2.158e-05
2024-04-16 06:30:48,3073.17,2.159e-05
2024-04-16 06:31:00,3072.65,2.158e-05
2024-04-16 06:31:12,3072.96,2.159e-05
2024-04-16 06:31:24,3073.16,2.159e-05
2024-04-16 06:31:36,3074.55,2.161e-05
2024-04-16 06:31:48,3073.41,2.16e-05
2024-04-16 06:32:00,3071.4,2.159e-05
2024-04-16 06:32:12,3069.9,2.157e-05
2024-04-16 06:32:24,3068.95,2.155e-05
2024-04-16 06:32:36,3069.15,2.156e-05
2024-04-16 06:32:48,3068.71,2.157e-05
2024-04-16 06:33:00,3069.69,2.158e-05
2024-04-16 06:33:12,3068.76,2.157e-05
2024-04-16 06:33:24,3069.7,2.157e-05
2024-04-16 06:33:36,3068.86,2.157e-05
2024-04-16 06:33:48,3068.7,2.155e-05
2024-04-16 06:34:00,3068.02,2.155e-05
2024-04-16 06:34:12,3068.18,2.154e-05
2024-04-16 06:34:24,3067.71,2.154e-05
2024-04-16 06:34:36,3068.02,2.154e-05
2024-04-16 06:34:48,3068.7,2.154e-05
2024-04-16 06:35:00,3069.37,2.155e-05
2024-04-16 06:35:12,3066.21,2.152e-05
2024-04-16 06:35:24,3065.71,2.151e-05
2024-04-16 06:35:36,3064.81,2.15e-05
2024-04-16 06:35:48,3066.21,2.151e-05
2024-04-16 06:36:00,3066.86,2.152e-05
2024-04-16 06:36:12,3067.94,2.154e-05
2024-04-16 06:36:24,3066.75,2.153e-05
2024-04-16 06:36:36,3068.1,2.155e-05
2024-04-16 06:36:48,3068.6,2.154e-05
2024-04-16 06:37:00,3068.79,2.156e-05
2024-04-16 06:37:12,3070.0,2.157e-05
2024-04-16 06:37:24,3070.31,2.158e-05
2024-04-16 06:37:36,3067.8,2.155e-05
2024-04-16 06:37:48,3069.9,2.157e-05
2024-04-16 06:38:00,3070.06,2.158e-05
2024-04-16 06:38:12,3070.2,2.158e-05
2024-04-16 06:38:24,3069.4,2.157e-05
2024-04-16 06:38:36,3069.9,2.158e-05
2024-04-16 06:38:48,3070.15,2.159e-05
2024-04-16 06:39:00,3070.01,2.158e-05
2024-04-16 06:39:12,3068.01,2.156e-05
2024-04-16 06:39:24,3069.4,2.158e-05
2024-04-16 06:39:36,3070.35,2.159e-05
2024-04-16 06:39:48,3070.79,2.159e-05
2024-04-16 06:40:00,3070.82,2.159e-05
2024-04-16 06:40:12,3070.49,2.161e-05
2024-04-16 06:40:24,3071.5,2.163e-05
2024-04-16 06:40:36,3072.75,2.164e-05
2024-04-16 06:40:48,3075.67,2.165e-05
2024-04-16 06:41:00,3073.93,2.163e-05
2024-04-16 06:41:12,3071.41,2.16e-05
2024-04-16 06:41:24,3071.75,2.16e-05
2024-04-16 06:41:36,3071.06,2.16e-05
2024-04-16 06:41:48,3070.96,2.16e-05
2024-04-16 06:42:00,3071.01,2.16e-05
2024-04-16 06:42:12,3070.42,2.16e-05
2024-04-16 06:42:24,3069.71,2.16e-05
2024-04-16 06:42:36,3069.71,2.159e-05
2024-04-16 06:42:48,3069.86,2.16e-05
2024-04-16 06:43:00,3069.71,2.16e-05
2024-04-16 06:43:12,3070.37,2.162e-05
2024-04-16 06:43:24,3070.39,2.162e-05
2024-04-16 06:43:36,3070.34,2.161e-05
2024-04-16 06:43:48,3070.21,2.16e-05
2024-04-16 06:44:00,3071.53,2.163e-05
2024-04-16 06:44:12,3071.89,2.163e-05
2024-04-16 06:44:24,3070.94,2.161e-05
2024-04-16 06:44:36,3070.2,2.161e-05
2024-04-16 06:44:48,3071.34,2.162e-05
2024-04-16 06:45:00,3072.76,2.163e-05
2024-04-16 06:45:12,3075.02,2.165e-05
2024-04-16 06:45:24,3076.85,2.167e-05
2024-04-16 06:45:36,3075.26,2.166e-05
2024-04-16 06:45:48,3077.77,2.168e-05
2024-04-16 06:46:00,3077.76,2.168e-05
2024-04-16 06:46:12,3079.37,2.17e-05
2024-04-16 06:46:24,3081.48,2.171e-05
2024-04-16 06:46:36,3083.89,2.173e-05
2024-04-16 06:46:48,3083.15,2.173e-05
2024-04-16 06:47:00,3081.89,2.173e-05
2024-04-16 06:47:12,3081.83,2.174e-05
2024-04-16 06:47:24,3083.07,2.175e-05
2024-04-16 06:47:36,3083.22,2.175e-05
2024-04-16 06:47:48,3082.7,2.174e-05
2024-04-16 06:48:00,3083.26,2.175e-05
2024-04-16 06:48:12,3081.96,2.174e-05
2024-04-16 06:48:24,3081.8,2.174e-05
2024-04-16 06:48:36,3080.89,2.175e-05
2024-04-16 06:48:48,3081.79,2.176e-05
2024-04-16 06:49:00,3081.57,2.174e-05
2024-04-16 06:49:12,3081.76,2.175e-05
2024-04-16 06:49:24,3082.68,2.175e-05
2024-04-16 06:49:36,3083.35,2.176e-05
2024-04-16 06:49:48,3082.97,2.176e-05
2024-04-16 06:50:00,3083.09,2.177e-05
2024-04-16 06:50:12,3084.71,2.178e-05
2024-04-16 06:50:24,3086.14,2.179e-05
2024-04-16 06:50:36,3084.25,2.178e-05
2024-04-16 06:50:48,3086.28,2.179e-05
2024-04-16 06:51:00,3084.25,2.178e-05
2024-04-16 06:51:12,3085.59,2.179e-05
2024-04-16 06:51:24,3084.32,2.177e-05
2024-04-16 06:51:36,3084.9,2.178e-05
2024-04-16 06:51:48,3084.43,2.177e-05
2024-04-16 06:52:00,3084.44,2.178e-05
2024-04-16 06:52:12,3083.77,2.177e-05
2024-04-16 06:52:24,3083.99,2.177e-05
2024-04-16 06:52:36,3083.66,2.176e-05
2024-04-16 06:52:48,3083.11,2.176e-05
2024-04-16 06:53:00,3083.11,2.176e-05
2024-04-16 06:53:12,3083.66,2.175e-05
2024-04-16 06:53:24,3083.31,2.175e-05
2024-04-16 06:53:36,3083.74,2.176e-05
2024-04-16 06:53:48,3083.7,2.175e-05
2024-04-16 06:54:00,3083.31,2.173e-05
2024-04-16 06:54:12,3085.36,2.176e-05
2024-04-16 06:54:24,3086.75,2.178e-05
2024-04-16 06:54:36,3085.85,2.175e-05
2024-04-16 06:54:48,3085.82,2.173e-05
2024-04-16 06:55:00,3085.38,2.174e-05
2024-04-16 06:55:12,3085.3,2.173e-05
2024-04-16 06:55:24,3084.9,2.173e-05
2024-04-16 06:55:36,3084.4,2.173e-05
2024-04-16 06:55:48,3085.01,2.173e-05
2024-04-16 06:56:00,3084.3,2.172e-05
2024-04-16 06:56:12,3084.65,2.172e-05
2024-04-16 06:56:24,3084.4,2.173e-05
2024-04-16 06:56:36,3083.93,2.173e-05
2024-04-16 06:56:48,3082.95,2.171e-05
2024-04-16 06:57:00,3082.94,2.17e-05
2024-04-16 06:57:12,3083.26,2.172e-05
2024-04-16 06:57:24,3083.0,2.17e-05
2024-04-16 06:57:36,3082.71,2.17e-05
2024-04-16 06:57:48,3082.7,2.171e-05
2024-04-16 06:58:00,3081.85,2.17e-05
2024-04-16 06:58:12,3082.19,2.17e-05
2024-04-16 06:58:24,3083.59,2.167e-05
2024-04-16 06:58:36,3084.75,2.169e-05
2024-04-16 06:58:48,3082.15,2.166e-05
2024-04-16 06:59:00,3082.68,2.167e-05
2024-04-16 06:59:12,3082.46,2.166e-05
2024-04-16 06:59:24,3081.83,2.167e-05
2024-04-16 06:59:36,3081.9,2.167e-05
2024-04-16 06:59:48,3081.89,2.166e-05
2024-04-16 07:00:00,3082.15,2.168e-05
2024-04-16 07:00:12,3082.09,2.167e-05
2024-04-16 07:00:24,3080.89,2.166e-05
2024-04-16 07:00:36,3081.41,2.167e-05
2024-04-16 07:00:48,3080.26,2.167e-05
2024-04-16 07:01:00,3080.11,2.167e-05
2024-04-16 07:01:12,3077.58,2.164e-05
2024-04-16 07:01:24,3078.02,2.164e-05
2024-04-16 07:01:36,3079.6,2.165e-05
2024-04-16 07:01:48,3079.0,2.164e-05
2024-04-16 07:02:00,3079.5,2.164e-05
2024-04-16 07:02:12,3079.12,2.164e-05
2024-04-16 07:02:24,3082.05,2.167e-05
2024-04-16 07:02:36,3081.34,2.165e-05
2024-04-16 07:02:48,3080.48,2.165e-05
2024-04-16 07:03:00,3081.24,2.165e-05
2024-04-16 07:03:12,3082.75,2.169e-05
2024-04-16 07:03:24,3082.16,2.168e-05
2024-04-16 07:03:36,3083.95,2.171e-05
2024-04-16 07:03:48,3085.03,2.171e-05
2024-04-16 07:04:00,3087.26,2.172e-05
2024-04-16 07:04:12,3088.88,2.175e-05
2024-04-16 07:04:24,3087.39,2.172e-05
2024-04-16 07:04:36,3085.16,2.171e-05
2024-04-16 07:04:48,3087.03,2.174e-05
2024-04-16 07:05:00,3087.82,2.175e-05
2024-04-16 07:05:12,3088.32,2.175e-05
2024-04-16 07:05:24,3087.11,2.176e-05
2024-04-16 07:05:36,3086.65,2.175e-05
2024-04-16 07:05:48,3086.31,2.176e-05
2024-04-16 07:06:00,3086.49,2.176e-05
2024-04-16 07:06:12,3086.58,2.176e-05
2024-04-16 07:06:24,3086.38,2.175e-05
2024-04-16 07:06:36,3087.14,2.176e-05
2024-04-16 07:06:48,3086.55,2.176e-05
2024-04-16 07:07:00,3088.34,2.176e-05
2024-04-16 07:07:12,3088.5,2.176e-05
2024-04-16 07:07:24,3088.41,2.177e-05
2024-04-16 07:07:36,3088.56,2.176e-05
2024-04-16 07:07:48,3088.96,2.176e-05
2024-04-16 07:08:00,3087.54,2.176e-05
2024-04-16 07:08:12,3086.79,2.175e-05
2024-04-16 07:08:24,3086.99,2.176e-05
2024-04-16 07:08:36,3088.25,2.178e-05
2024-04-16 07:08:48,3087.5,2.178e-05
2024-04-16 07:09:00,3085.8,2.176e-05
2024-04-16 07:09:12,3085.6,2.175e-05
2024-04-16 07:09:24,3087.9,2.178e-05
2024-04-16 07:09:36,3088.35,2.179e-05
2024-04-16 07:09:48,3087.66,2.179e-05
2024-04-16 07:10:00,3087.69,2.178e-05
2024-04-16 07:10:12,3088.35,2.178e-05
2024-04-16 07:10:24,3088.91,2.179e-05
2024-04-16 07:10:36,3087.72,2.178e-05
2024-04-16 07:10:48,3088.2,2.179e-05
2024-04-16 07:11:00,3087.15,2.177e-05
2024-04-16 07:11:12,3087.4,2.178e-05
2024-04-16 07:11:24,3088.24,2.179e-05
2024-04-16 07:11:36,3087.16,2.179e-05
2024-04-16 07:11:48,3086.69,2.179e-05
2024-04-16 07:12:00,3086.26,2.177e-05
2024-04-16 07:12:12,3086.6,2.177e-05
2024-04-16 07:12:24,3085.91,2.176e-05
2024-04-16 07:12:36,3086.93,2.176e-05
2024-04-16 07:12:48,3087.04,2.177e-05
2024-04-16 07:13:00,3086.91,2.177e-05
2024-04-16 07:13:12,3088.54,2.178e-05
2024-04-16 07:13:24,3088.54,2.179e-05
2024-04-16 07:13:36,3088.05,2.179e-05
2024-04-16 07:13:48,3088.26,2.178e-05
2024-04-16 07:14:00,3088.06,2.177e-05
2024-04-16 07:14:12,3088.26,2.177e-05
2024-04-16 07:14:24,3088.07,2.177e-05
2024-04-16 07:14:36,3088.25,2.178e-05
2024-04-16 07:14:48,3085.91,2.175e-05
2024-04-16 07:15:00,3085.91,2.174e-05
2024-04-16 07:15:12,3084.84,2.171e-05
2024-04-16 07:15:24,3085.65,2.171e-05
2024-04-16 07:15:36,3086.32,2.171e-05
2024-04-16 07:15:48,3087.76,2.172e-05
2024-04-16 07:16:00,3089.09,2.175e-05
2024-04-16 07:16:12,3090.57,2.177e-05
2024-04-16 07:16:24,3092.79,2.179e-05
2024-04-16 07:16:36,3092.51,2.179e-05
2024-04-16 07:16:48,3093.08,2.18e-05
2024-04-16 07:17:00,3093.37,2.18e-05
2024-04-16 07:17:12,3094.22,2.182e-05
2024-04-16 07:17:24,3095.4,2.182e-05
2024-04-16 07:17:36,3094.94,2.181e-05
2024-04-16 07:17:48,3095.72,2.183e-05
2024-04-16 07:18:00,3095.65,2.182e-05
2024-04-16 07:18:12,3095.76,2.182e-05
2024-04-16 07:18:24,3094.74,2.181e-05
2024-04-16 07:18:36,3094.5,2.181e-05
2024-04-16 07:18:48,3096.11,2.182e-05
2024-04-16 07:19:00,3097.32,2.181e-05
2024-04-16 07:19:12,3095.66,2.181e-05
2024-04-16 07:19:24,3095.16,2.181e-05
2024-04-16 07:19:36,3093.71,2.18e-05
2024-04-16 07:19:48,3094.34,2.181e-05
2024-04-16 07:20:00,3095.11,2.181e-05
2024-04-16 07:20:12,3095.9,2.182e-05
2024-04-16 07:20:24,3096.84,2.183e-05
2024-04-16 07:20:36,3096.34,2.183e-05
2024-04-16 07:20:48,3096.84,2.183e-05
2024-04-16 07:21:00,3096.99,2.183e-05
2024-04-16 07:21:12,3095.9,2.182e-05
2024-04-16 07:21:24,3096.45,2.183e-05
2024-04-16 07:21:36,3096.44,2.183e-05
2024-04-16 07:21:48,3096.45,2.182e-05
2024-04-16 07:22:00,3096.44,2.183e-05
2024-04-16 07:22:12,3097.28,2.183e-05
2024-04-16 07:22:24,3098.74,2.184e-05
2024-04-16 07:22:36,3096.95,2.184e-05
2024-04-16 07:22:48,3095.86,2.181e-05
2024-04-16 07:23:00,3095.55,2.182e-05
2024-04-16 07:23:12,3095.7,2.181e-05
2024-04-16 07:23:24,3093.51,2.179e-05
2024-04-16 07:23:36,3092.76,2.177e-05
2024-04-16 07:23:48,3093.6,2.178e-05
2024-04-16 07:24:00,3093.61,2.18e-05
2024-04-16 07:24:12,3093.06,2.178e-05
2024-04-16 07:24:24,3093.61,2.178e-05
2024-04-16 07:24:36,3092.95,2.177e-05
2024-04-16 07:24:48,3092.51,2.176e-05
2024-04-16 07:25:00,3092.51,2.178e-05
2024-04-16 07:25:12,3092.51,2.179e-05
2024-04-16 07:25:24,3093.7,2.179e-05
2024-04-16 07:25:36,3093.41,2.178e-05
2024-04-16 07:25:48,3095.05,2.181e-05
2024-04-16 07:26:00,3095.72,2.181e-05
2024-04-16 07:26:12,3095.06,2.182e-05
2024-04-16 07:26:24,3093.21,2.181e-05
2024-04-16 07:26:36,3092.83,2.18e-05
2024-04-16 07:26:48,3094.99,2.182e-05
2024-04-16 07:27:00,3096.9,2.184e-05
2024-04-16 07:27:12,3094.7,2.182e-05
2024-04-16 07:27:24,3093.5,2.181e-05
2024-04-16 07:27:36,3092.97,2.181e-05
2024-04-16 07:27:48,3092.96,2.181e-05
2024-04-16 07:28:00,3093.5,2.182e-05
2024-04-16 07:28:12,3094.0,2.182e-05
2024-04-16 07:28:24,3095.0,2.182e-05
2024-04-16 07:28:36,3094.0,2.182e-05
2024-04-16 07:28:48,3095.0,2.182e-05
2024-04-16 07:29:00,3094.3,2.182e-05
2024-04-16 07:29:12,3095.83,2.183e-05
2024-04-16 07:29:24,3094.65,2.182e-05
2024-04-16 07:29:36,3093.51,2.182e-05
2024-04-16 07:29:48,3093.36,2.182e-05
2024-04-16 07:30:00,3093.14,2.182e-05
2024-04-16 07:30:12,3092.54,2.181e-05
2024-04-16 07:30:24,3092.92,2.181e-05
2024-04-16 07:30:36,3095.49,2.182e-05
2024-04-16 07:30:48,3096.54,2.182e-05
2024-04-16 07:31:00,3096.66,2.183e-05
2024-04-16 07:31:12,3092.76,2.179e-05
2024-04-16 07:31:24,3092.35,2.178e-05
2024-04-16 07:31:36,3091.8,2.179e-05
2024-04-16 07:31:48,3091.71,2.178e-05
2024-04-16 07:32:00,3091.16,2.177e-05
2024-04-16 07:32:12,3089.6,2.176e-05
2024-04-16 07:32:24,3100.75,2.187e-05
2024-04-16 07:32:36,3107.5,2.193e-05
2024-04-16 07:32:48,3108.09,2.195e-05
2024-04-16 07:33:00,3107.87,2.194e-05
2024-04-16 07:33:12,3105.99,2.193e-05
2024-04-16 07:33:24,3108.57,2.196e-05
2024-04-16 07:33:36,3110.0,2.198e-05
2024-04-16 07:33:48,3121.75,2.204e-05
2024-04-16 07:34:00,3122.43,2.203e-05
2024-04-16 07:34:12,3119.93,2.201e-05
2024-04-16 07:34:24,3120.12,2.201e-05
2024-04-16 07:34:36,3117.6,2.199e-05
2024-04-16 07:34:48,3117.47,2.199e-05
2024-04-16 07:35:00,3116.39,2.199e-05
2024-04-16 07:35:12,3118.24,2.199e-05
2024-04-16 07:35:24,3119.81,2.2e-05
2024-04-16 07:35:36,3120.35,2.201e-05
2024-04-16 07:35:48,3121.3,2.202e-05
2024-04-16 07:36:00,3119.8,2.201e-05
2024-04-16 07:36:12,3123.66,2.204e-05
2024-04-16 07:36:24,3121.78,2.204e-05
2024-04-16 07:36:36,3122.99,2.205e-05
2024-04-16 07:36:48,3123.05,2.204e-05
2024-04-16 07:37:00,3124.2,2.206e-05
2024-04-16 07:37:12,3123.85,2.207e-05
2024-04-16 07:37:24,3124.16,2.207e-05
2024-04-16 07:37:36,3124.97,2.206e-05
2024-04-16 07:37:48,3125.4,2.206e-05
2024-04-16 07:38:00,3122.29,2.205e-05
2024-04-16 07:38:12,3120.5,2.201e-05
2024-04-16 07:38:24,3121.24,2.202e-05
2024-04-16 07:38:36,3120.07,2.201e-05
2024-04-16 07:38:48,3116.46,2.198e-05
2024-04-16 07:39:00,3115.45,2.198e-05
2024-04-16 07:39:12,3113.36,2.196e-05
2024-04-16 07:39:24,3114.25,2.198e-05
2024-04-16 07:39:36,3115.55,2.199e-05
2024-04-16 07:39:48,3117.86,2.2e-05
2024-04-16 07:40:00,3116.15,2.198e-05
2024-04-16 07:40:12,3115.19,2.195e-05
2024-04-16 07:40:24,3114.2,2.195e-05
2024-04-16 07:40:36,3115.0,2.194e-05
2024-04-16 07:40:48,3114.19,2.194e-05
2024-04-16 07:41:00,3116.75,2.195e-05
2024-04-16 07:41:12,3114.63,2.193e-05
2024-04-16 07:41:24,3114.3,2.193e-05
2024-04-16 07:41:36,3114.21,2.193e-05
2024-04-16 07:41:48,3114.65,2.192e-05
2024-04-16 07:42:00,3113.17,2.191e-05
2024-04-16 07:42:12,3113.13,2.191e-05
2024-04-16 07:42:24,3104.76,2.187e-05
2024-04-16 07:42:36,3103.14,2.184e-05
2024-04-16 07:42:48,3099.41,2.182e-05
2024-04-16 07:43:00,3103.81,2.183e-05
2024-04-16 07:43:12,3103.48,2.182e-05
2024-04-16 07:43:24,3103.7,2.18e-05
2024-04-16 07:43:36,3101.75,2.179e-05
2024-04-16 07:43:48,3099.2,2.177e-05
2024-04-16 07:44:00,3099.15,2.177e-05
2024-04-16 07:44:12,3098.15,2.177e-05
2024-04-16 07:44:24,3099.99,2.179e-05
2024-04-16 07:44:36,3101.49,2.181e-05
2024-04-16 07:44:48,3099.55,2.18e-05
2024-04-16 07:45:00,3099.51,2.179e-05
2024-04-16 07:45:12,3098.32,2.179e-05
2024-04-16 07:45:24,3098.11,2.179e-05
2024-04-16 07:45:36,3099.15,2.178e-05
2024-04-16 07:45:48,3100.24,2.179e-05
2024-04-16 07:46:00,3102.95,2.182e-05
2024-04-16 07:46:12,3101.74,2.18e-05
2024-04-16 07:46:24,3098.55,2.179e-05
2024-04-16 07:46:36,3101.44,2.181e-05
2024-04-16 07:46:48,3099.13,2.179e-05
2024-04-16 07:47:00,3099.95,2.179e-05
2024-04-16 07:47:12,3100.22,2.179e-05
2024-04-16 07:47:24,3101.41,2.179e-05
2024-04-16 07:47:36,3101.42,2.179e-05
2024-04-16 07:47:48,3101.72,2.179e-05
2024-04-16 07:48:00,3101.99,2.181e-05
2024-04-16 07:48:12,3103.83,2.182e-05
2024-04-16 07:48:24,3105.41,2.184e-05
2024-04-16 07:48:36,3104.4,2.184e-05
2024-04-16 07:48:48,3104.95,2.184e-05
2024-04-16 07:49:00,3104.85,2.184e-05
2024-04-16 07:49:12,3102.76,2.18e-05
2024-04-16 07:49:24,3100.92,2.179e-05
2024-04-16 07:49:36,3102.29,2.179e-05
2024-04-16 07:49:48,3102.5,2.179e-05
2024-04-16 07:50:00,3102.58,2.179e-05
2024-04-16 07:50:12,3100.69,2.178e-05
2024-04-16 07:50:24,3100.84,2.178e-05
2024-04-16 07:50:36,3101.41,2.179e-05
2024-04-16 07:50:48,3099.51,2.176e-05
2024-04-16 07:51:00,3101.89,2.179e-05
2024-04-16 07:51:12,3101.52,2.178e-05
2024-04-16 07:51:24,3101.55,2.177e-05
2024-04-16 07:51:36,3102.2,2.178e-05
2024-04-16 07:51:48,3101.08,2.178e-05
2024-04-16 07:52:00,3100.83,2.178e-05
2024-04-16 07:52:12,3100.67,2.176e-05
2024-04-16 07:52:24,3100.67,2.175e-05
2024-04-16 07:52:36,3103.13,2.176e-05
2024-04-16 07:52:48,3104.63,2.177e-05
2024-04-16 07:53:00,3104.9,2.177e-05
2024-04-16 07:53:12,3104.61,2.178e-05
2024-04-16 07:53:24,3106.05,2.18e-05
2024-04-16 07:53:36,3106.82,2.181e-05
2024-04-16 07:53:48,3106.5,2.181e-05
2024-04-16 07:54:00,3106.4,2.18e-05
2024-04-16 07:54:12,3106.45,2.18e-05
2024-04-16 07:54:24,3107.48,2.181e-05
2024-04-16 07:54:36,3108.3,2.18e-05
2024-04-16 07:54:48,3108.48,2.181e-05
2024-04-16 07:55:00,3108.96,2.181e-05
2024-04-16 07:55:12,3110.83,2.184e-05
2024-04-16 07:55:24,3110.2,2.182e-05
2024-04-16 07:55:36,3110.2,2.182e-05
2024-04-16 07:55:48,3111.11,2.184e-05
2024-04-16 07:56:00,3110.49,2.183e-05
2024-04-16 07:56:12,3111.04,2.186e-05
2024-04-16 07:56:24,3112.31,2.188e-05
2024-04-16 07:56:36,3109.73,2.184e-05
2024-04-16 07:56:48,3108.95,2.183e-05
2024-04-16 07:57:00,3108.71,2.183e-05
2024-04-16 07:57:12,3109.69,2.183e-05
2024-04-16 07:57:24,3108.3,2.182e-05
2024-04-16 07:57:36,3107.61,2.182e-05
2024-04-16 07:57:48,3105.58,2.181e-05
2024-04-16 07:58:00,3105.64,2.18e-05
2024-04-16 07:58:12,3106.12,2.181e-05
2024-04-16 07:58:24,3107.65,2.182e-05
2024-04-16 07:58:36,3107.75,2.18e-05
2024-04-16 07:58:48,3107.46,2.183e-05
2024-04-16 07:59:00,3108.2,2.184e-05
2024-04-16 07:59:12,3107.97,2.184e-05
2024-04-16 07:59:24,3107.4,2.184e-05
2024-04-16 07:59:36,3107.41,2.184e-05
2024-04-16 07:59:48,3107.0,2.184e-05
2024-04-16 08:00:00,3107.3,2.185e-05
2024-04-16 08:00:12,3107.45,2.184e-05
2024-04-16 08:00:24,3105.92,2.182e-05
2024-04-16 08:00:36,3107.34,2.185e-05
2024-04-16 08:00:48,3104.95,2.182e-05
2024-04-16 08:01:00,3104.7,2.181e-05
2024-04-16 08:01:12,3102.75,2.178e-05
2024-04-16 08:01:24,3103.83,2.178e-05
2024-04-16 08:01:36,3102.3,2.175e-05
2024-04-16 08:01:48,3103.27,2.176e-05
2024-04-16 08:02:00,3104.43,2.177e-05
2024-04-16 08:02:12,3104.2,2.178e-05
2024-04-16 08:02:24,3102.1,2.177e-05
2024-04-16 08:02:36,3100.79,2.175e-05
2024-04-16 08:02:48,3100.46,2.175e-05
2024-04-16 08:03:00,3100.44,2.175e-05
2024-04-16 08:03:12,3098.9,2.174e-05
2024-04-16 08:03:24,3098.91,2.174e-05
2024-04-16 08:03:36,3101.4,2.176e-05
2024-04-16 08:03:48,3102.26,2.177e-05
2024-04-16 08:04:00,3101.79,2.176e-05
2024-04-16 08:04:12,3107.35,2.182e-05
2024-04-16 08:04:24,3109.33,2.184e-05
2024-04-16 08:04:36,3108.05,2.182e-05
2024-04-16 08:04:48,3106.49,2.181e-05
2024-04-16 08:05:00,3106.85,2.18e-05
2024-04-16 08:05:12,3108.48,2.183e-05
2024-04-16 08:05:24,3106.53,2.183e-05
2024-04-16 08:05:36,3105.83,2.182e-05
2024-04-16 08:05:48,3105.42,2.182e-05
2024-04-16 08:06:00,3105.41,2.184e-05
2024-04-16 08:06:12,3103.35,2.18e-05
2024-04-16 08:06:24,3103.34,2.18e-05
2024-04-16 08:06:36,3100.65,2.177e-05
2024-04-16 08:06:48,3101.54,2.176e-05
2024-04-16 08:07:00,3100.54,2.176e-05
2024-04-16 08:07:12,3098.81,2.173e-05
2024-04-16 08:07:24,3098.47,2.174e-05
2024-04-16 08:07:36,3099.85,2.178e-05
2024-04-16 08:07:48,3100.41,2.179e-05
2024-04-16 08:08:00,3099.78,2.179e-05
2024-04-16 08:08:12,3099.22,2.178e-05
2024-04-16 08:08:24,3099.77,2.178e-05
2024-04-16 08:08:36,3098.47,2.177e-05
2024-04-16 08:08:48,3099.01,2.178e-05
2024-04-16 08:09:00,3098.51,2.177e-05
2024-04-16 08:09:12,3097.56,2.177e-05
2024-04-16 08:09:24,3096.86,2.176e-05
2024-04-16 08:09:36,3097.55,2.176e-05
2024-04-16 08:09:48,3097.75,2.176e-05
2024-04-16 08:10:00,3098.84,2.178e-05
2024-04-16 08:10:12,3098.0,2.177e-05
2024-04-16 08:10:24,3096.95,2.175e-05
2024-04-16 08:10:36,3097.3,2.175e-05
2024-04-16 08:10:48,3096.96,2.174e-05
2024-04-16 08:11:00,3096.79,2.174e-05
2024-04-16 08:11:12,3096.89,2.173e-05
2024-04-16 08:11:24,3096.51,2.172e-05
2024-04-16 08:11:36,3097.17,2.174e-05
2024-04-16 08:11:48,3096.9,2.174e-05
2024-04-16 08:12:00,3096.7,2.173e-05
2024-04-16 08:12:12,3096.29,2.173e-05
2024-04-16 08:12:24,3095.0,2.172e-05
2024-04-16 08:12:36,3094.93,2.172e-05
2024-04-16 08:12:48,3094.56,2.172e-05
2024-04-16 08:13:00,3094.25,2.171e-05
2024-04-16 08:13:12,3094.07,2.17e-05
2024-04-16 08:13:24,3093.24,2.169e-05
2024-04-16 08:13:36,3092.69,2.168e-05
2024-04-16 08:13:48,3093.1,2.17e-05
2024-04-16 08:14:00,3093.11,2.17e-05
2024-04-16 08:14:12,3092.45,2.169e-05
2024-04-16 08:14:24,3092.51,2.168e-05
2024-04-16 08:14:36,3094.24,2.17e-05
2024-04-16 08:14:48,3094.65,2.17e-05
2024-04-16 08:15:00,3093.56,2.169e-05
2024-04-16 08:15:12,3092.01,2.168e-05
2024-04-16 08:15:24,3092.99,2.17e-05
2024-04-16 08:15:36,3093.96,2.171e-05
2024-04-16 08:15:48,3094.25,2.17e-05
2024-04-16 08:16:00,3094.42,2.172e-05
2024-04-16 08:16:12,3093.56,2.172e-05
2024-04-16 08:16:24,3093.14,2.172e-05
2024-04-16 08:16:36,3092.46,2.172e-05
2024-04-16 08:16:48,3094.66,2.174e-05
2024-04-16 08:17:00,3095.05,2.175e-05
2024-04-16 08:17:12,3093.54,2.174e-05
2024-04-16 08:17:24,3094.24,2.176e-05
2024-04-16 08:17:36,3093.4,2.175e-05
2024-04-16 08:17:48,3093.5,2.174e-05
2024-04-16 08:18:00,3095.15,2.173e-05
2024-04-16 08:18:12,3095.45,2.174e-05
2024-04-16 08:18:24,3092.86,2.171e-05
2024-04-16 08:18:36,3093.55,2.172e-05
2024-04-16 08:18:48,3095.35,2.175e-05
2024-04-16 08:19:00,3096.8,2.177e-05
2024-04-16 08:19:12,3094.81,2.177e-05
2024-04-16 08:19:24,3093.87,2.176e-05
2024-04-16 08:19:36,3094.25,2.177e-05
2024-04-16 08:19:48,3093.32,2.178e-05
2024-04-16 08:20:00,3093.3,2.178e-05
2024-04-16 08:20:12,3093.01,2.177e-05
2024-04-16 08:20:24,3093.5,2.176e-05
2024-04-16 08:20:36,3093.51,2.176e-05
2024-04-16 08:20:48,3092.5,2.175e-05
2024-04-16 08:21:00,3095.1,2.176e-05
2024-04-16 08:21:12,3093.4,2.174e-05
2024-04-16 08:21:24,3093.17,2.174e-05
2024-04-16 08:21:36,3092.31,2.174e-05
2024-04-16 08:21:48,3091.41,2.173e-05
2024-04-16 08:22:00,3092.14,2.173e-05
2024-04-16 08:22:12,3091.42,2.173e-05
2024-04-16 08:22:24,3089.54,2.171e-05
2024-04-16 08:22:36,3089.15,2.172e-05
2024-04-16 08:22:48,3088.15,2.168e-05
2024-04-16 08:23:00,3087.91,2.167e-05
2024-04-16 08:23:12,3086.48,2.164e-05
2024-04-16 08:23:24,3085.42,2.163e-05
2024-04-16 08:23:36,3085.55,2.163e-05
2024-04-16 08:23:48,3086.84,2.164e-05
2024-04-16 08:24:00,3087.6,2.164e-05
2024-04-16 08:24:12,3087.29,2.164e-05
2024-04-16 08:24:24,3089.45,2.167e-05
2024-04-16 08:24:36,3088.6,2.165e-05
2024-04-16 08:24:48,3091.05,2.169e-05
2024-04-16 08:25:00,3090.33,2.167e-05
2024-04-16 08:25:12,3091.0,2.169e-05
2024-04-16 08:25:24,3091.12,2.168e-05
2024-04-16 08:25:36,3092.63,2.17e-05
2024-04-16 08:25:48,3092.1,2.17e-05
2024-04-16 08:26:00,3091.56,2.169e-05
2024-04-16 08:26:12,3092.0,2.17e-05
2024-04-16 08:26:24,3091.25,2.17e-05
2024-04-16 08:26:36,3090.22,2.168e-05
2024-04-16 08:26:48,3089.11,2.167e-05
2024-04-16 08:27:00,3090.29,2.168e-05
2024-04-16 08:27:12,3090.86,2.169e-05
2024-04-16 08:27:24,3089.35,2.167e-05
2024-04-16 08:27:36,3089.9,2.168e-05
2024-04-16 08:27:48,3089.65,2.168e-05
2024-04-16 08:28:00,3090.68,2.17e-05
2024-04-16 08:28:12,3087.95,2.166e-05
2024-04-16 08:28:24,3087.57,2.165e-05
2024-04-16 08:28:36,3087.15,2.166e-05
2024-04-16 08:28:48,3087.67,2.167e-05
2024-04-16 08:29:00,3087.0,2.166e-05
2024-04-16 08:29:12,3086.84,2.165e-05
2024-04-16 08:29:24,3087.7,2.165e-05
2024-04-16 08:29:36,3087.56,2.166e-05
2024-04-16 08:29:48,3088.1,2.166e-05
2024-04-16 08:30:00,3088.1,2.166e-05
2024-04-16 08:30:12,3087.85,2.165e-05
2024-04-16 08:30:24,3088.5,2.165e-05
2024-04-16 08:30:36,3091.14,2.169e-05
2024-04-16 08:30:48,3090.75,2.167e-05
2024-04-16 08:31:00,3092.24,2.168e-05
2024-04-16 08:31:12,3095.49,2.172e-05
2024-04-16 08:31:24,3093.85,2.171e-05
2024-04-16 08:31:36,3094.6,2.172e-05
2024-04-16 08:31:48,3095.61,2.173e-05
2024-04-16 08:32:00,3095.74,2.174e-05
2024-04-16 08:32:12,3096.42,2.173e-05
2024-04-16 08:32:24,3095.41,2.171e-05
2024-04-16 08:32:36,3095.28,2.171e-05
2024-04-16 08:32:48,3096.73,2.174e-05
2024-04-16 08:33:00,3097.12,2.174e-05
2024-04-16 08:33:12,3098.64,2.175e-05
2024-04-16 08:33:24,3098.79,2.176e-05
2024-04-16 08:33:36,3097.12,2.174e-05
2024-04-16 08:33:48,3096.73,2.172e-05
2024-04-16 08:34:00,3096.39,2.172e-05
2024-04-16 08:34:12,3095.35,2.17e-05
2024-04-16 08:34:24,3094.46,2.17e-05
2024-04-16 08:34:36,3094.79,2.17e-05
2024-04-16 08:34:48,3094.82,2.171e-05
2024-04-16 08:35:00,3094.72,2.17e-05
2024-04-16 08:35:12,3095.21,2.171e-05
2024-04-16 08:35:24,3098.21,2.173e-05
2024-04-16 08:35:36,3099.07,2.175e-05
2024-04-16 08:35:48,3098.63,2.174e-05
2024-04-16 08:36:00,3097.76,2.173e-05
2024-04-16 08:36:12,3096.55,2.171e-05
2024-04-16 08:36:24,3097.14,2.172e-05
2024-04-16 08:36:36,3096.54,2.172e-05
2024-04-16 08:36:48,3097.35,2.173e-05
2024-04-16 08:37:00,3097.35,2.173e-05
2024-04-16 08:37:12,3096.56,2.172e-05
2024-04-16 08:37:24,3096.66,2.172e-05
2024-04-16 08:37:36,3095.88,2.171e-05
2024-04-16 08:37:48,3096.08,2.171e-05
2024-04-16 08:38:00,3095.86,2.172e-05
2024-04-16 08:38:12,3095.85,2.171e-05
2024-04-16 08:38:24,3095.0,2.171e-05
2024-04-16 08:38:36,3094.35,2.169e-05
2024-04-16 08:38:48,3096.81,2.172e-05
2024-04-16 08:39:00,3096.52,2.172e-05
2024-04-16 08:39:12,3095.5,2.171e-05
2024-04-16 08:39:24,3094.96,2.171e-05
2024-04-16 08:39:36,3095.5,2.172e-05
2024-04-16 08:39:48,3095.77,2.172e-05
2024-04-16 08:40:00,3093.41,2.169e-05
2024-04-16 08:40:12,3093.3,2.169e-05
2024-04-16 08:40:24,3094.65,2.169e-05
2024-04-16 08:40:36,3093.17,2.167e-05
2024-04-16 08:40:48,3092.45,2.168e-05
2024-04-16 08:41:00,3092.7,2.169e-05
2024-04-16 08:41:12,3092.97,2.167e-05
2024-04-16 08:41:24,3092.0,2.167e-05
2024-04-16 08:41:36,3092.01,2.167e-05
2024-04-16 08:41:48,3091.99,2.166e-05
2024-04-16 08:42:00,3092.15,2.165e-05
2024-04-16 08:42:12,3091.61,2.166e-05
2024-04-16 08:42:24,3091.62,2.166e-05
2024-04-16 08:42:36,3091.23,2.165e-05
2024-04-16 08:42:48,3089.33,2.164e-05
2024-04-16 08:43:00,3089.74,2.164e-05
2024-04-16 08:43:12,3088.95,2.163e-05
2024-04-16 08:43:24,3087.28,2.162e-05
2024-04-16 08:43:36,3087.3,2.159e-05
2024-04-16 08:43:48,3086.49,2.158e-05
2024-04-16 08:44:00,3086.61,2.159e-05
2024-04-16 08:44:12,3086.28,2.16e-05
2024-04-16 08:44:24,3086.07,2.16e-05
2024-04-16 08:44:36,3085.14,2.161e-05
2024-04-16 08:44:48,3082.68,2.159e-05
2024-04-16 08:45:00,3084.44,2.159e-05
2024-04-16 08:45:12,3083.35,2.158e-05
2024-04-16 08:45:24,3078.71,2.157e-05
2024-04-16 08:45:36,3078.76,2.157e-05
2024-04-16 08:45:48,3078.2,2.157e-05
2024-04-16 08:46:00,3077.21,2.156e-05
2024-04-16 08:46:12,3080.39,2.158e-05
2024-04-16 08:46:24,3080.55,2.157e-05
2024-04-16 08:46:36,3083.25,2.159e-05
2024-04-16 08:46:48,3084.55,2.161e-05
2024-04-16 08:47:00,3085.69,2.162e-05
2024-04-16 08:47:12,3086.92,2.164e-05
2024-04-16 08:47:24,3084.47,2.162e-05
2024-04-16 08:47:36,3084.65,2.161e-05
2024-04-16 08:47:48,3083.97,2.161e-05
2024-04-16 08:48:00,3085.0,2.161e-05
2024-04-16 08:48:12,3086.24,2.163e-05
2024-04-16 08:48:24,3085.59,2.163e-05
2024-04-16 08:48:36,3087.25,2.166e-05
2024-04-16 08:48:48,3086.35,2.165e-05
2024-04-16 08:49:00,3086.45,2.165e-05
2024-04-16 08:49:12,3087.29,2.164e-05
2024-04-16 08:49:24,3086.94,2.163e-05
2024-04-16 08:49:36,3088.53,2.165e-05
2024-04-16 08:49:48,3088.31,2.166e-05
2024-04-16 08:50:00,3090.6,2.167e-05
2024-04-16 08:50:12,3089.11,2.166e-05
2024-04-16 08:50:24,3090.93,2.167e-05
2024-04-16 08:50:36,3092.0,2.168e-05
2024-04-16 08:50:48,3092.51,2.168e-05
2024-04-16 08:51:00,3091.46,2.167e-05
2024-04-16 08:51:12,3089.32,2.166e-05
2024-04-16 08:51:24,3089.31,2.164e-05
2024-04-16 08:51:36,3090.41,2.165e-05
2024-04-16 08:51:48,3090.75,2.168e-05
2024-04-16 08:52:00,3090.85,2.167e-05
2024-04-16 08:52:12,3089.15,2.166e-05
2024-04-16 08:52:24,3089.2,2.166e-05
2024-04-16 08:52:36,3088.32,2.165e-05
2024-04-16 08:52:48,3088.99,2.166e-05
2024-04-16 08:53:00,3088.3,2.164e-05
2024-04-16 08:53:12,3088.3,2.165e-05
2024-04-16 08:53:24,3088.5,2.165e-05
2024-04-16 08:53:36,3088.74,2.165e-05
2024-04-16 08:53:48,3088.97,2.166e-05
2024-04-16 08:54:00,3088.41,2.165e-05
2024-04-16 08:54:12,3087.83,2.165e-05
2024-04-16 08:54:24,3088.0,2.164e-05
2024-04-16 08:54:36,3088.09,2.165e-05
2024-04-16 08:54:48,3088.1,2.164e-05
2024-04-16 08:55:00,3087.03,2.164e-05
2024-04-16 08:55:12,3087.16,2.164e-05
2024-04-16 08:55:24,3087.0,2.164e-05
2024-04-16 08:55:36,3086.46,2.163e-05
2024-04-16 08:55:48,3085.62,2.162e-05
2024-04-16 08:56:00,3086.76,2.164e-05
2024-04-16 08:56:12,3087.8,2.164e-05
2024-04-16 08:56:24,3086.71,2.163e-05
2024-04-16 08:56:36,3086.9,2.164e-05
2024-04-16 08:56:48,3086.07,2.161e-05
2024-04-16 08:57:00,3083.15,2.159e-05
2024-04-16 08:57:12,3082.31,2.159e-05
2024-04-16 08:57:24,3080.54,2.158e-05
2024-04-16 08:57:36,3082.5,2.159e-05
2024-04-16 08:57:48,3082.5,2.16e-05
2024-04-16 08:58:00,3082.61,2.159e-05
2024-04-16 08:58:12,3082.51,2.16e-05
2024-04-16 08:58:24,3082.05,2.16e-05
2024-04-16 08:58:36,3081.71,2.16e-05
2024-04-16 08:58:48,3082.83,2.16e-05
2024-04-16 08:59:00,3083.23,2.16e-05
2024-04-16 08:59:12,3083.75,2.16e-05
2024-04-16 08:59:24,3083.41,2.16e-05
2024-04-16 08:59:36,3083.99,2.161e-05
2024-04-16 08:59:48,3085.37,2.162e-05
2024-04-16 09:00:00,3085.05,2.162e-05
