time,price_A,price_B
2024-03-15 09:00:00,3661.72,2.871e-05
2024-03-15 09:00:12,3660.58,2.866e-05
2024-03-15 09:00:24,3664.25,2.873e-05
2024-03-15 09:00:36,3664.06,2.87e-05
2024-03-15 09:00:48,3671.46,2.882e-05
2024-03-15 09:01:00,3668.96,2.879e-05
2024-03-15 09:01:12,3672.94,2.891e-05
2024-03-15 09:01:24,3673.81,2.894e-05
2024-03-15 09:01:36,3674.67,2.893e-05
2024-03-15 09:01:48,3675.28,2.896e-05
2024-03-15 09:02:00,3673.2,2.892e-05
2024-03-15 09:02:12,3670.33,2.887e-05
2024-03-15 09:02:24,3664.67,2.879e-05
2024-03-15 09:02:36,3663.41,2.88e-05
2024-03-15 09:02:48,3663.12,2.877e-05
2024-03-15 09:03:00,3666.38,2.882e-05
2024-03-15 09:03:12,3670.59,2.886e-05
2024-03-15 09:03:24,3671.63,2.889e-05
2024-03-15 09:03:36,3668.0,2.878e-05
2024-03-15 09:03:48,3672.01,2.889e-05
2024-03-15 09:04:00,3671.31,2.889e-05
2024-03-15 09:04:12,3671.95,2.89e-05
2024-03-15 09:04:24,3674.99,2.893e-05
2024-03-15 09:04:36,3678.1,2.897e-05
2024-03-15 09:04:48,3676.21,2.894e-05
2024-03-15 09:05:00,3669.22,2.885e-05
2024-03-15 09:05:12,3665.42,2.879e-05
2024-03-15 09:05:24,3664.25,2.878e-05
2024-03-15 09:05:36,3661.39,2.874e-05
2024-03-15 09:05:48,3661.3,2.871e-05
2024-03-15 09:06:00,3659.59,2.87e-05
2024-03-15 09:06:12,3657.37,2.866e-05
2024-03-15 09:06:24,3660.3,2.863e-05
2024-03-15 09:06:36,3656.19,2.855e-05
2024-03-15 09:06:48,3656.12,2.853e-05
2024-03-15 09:07:00,3640.14,2.843e-05
2024-03-15 09:07:12,3640.93,2.848e-05
2024-03-15 09:07:24,3645.4,2.856e-05
2024-03-15 09:07:36,3638.55,2.841e-05
2024-03-15 09:07:48,3631.18,2.828e-05
2024-03-15 09:08:00,3631.74,2.823e-05
2024-03-15 09:08:12,3642.3,2.836e-05
2024-03-15 09:08:24,3638.53,2.824e-05
2024-03-15 09:08:36,3637.01,2.818e-05
2024-03-15 09:08:48,3640.67,2.82e-05
2024-03-15 09:09:00,3642.33,2.811e-05
2024-03-15 09:09:12,3632.56,2.801e-05
2024-03-15 09:09:24,3631.18,2.803e-05
2024-03-15 09:09:36,3618.8,2.786e-05
2024-03-15 09:09:48,3613.67,2.781e-05
2024-03-15 09:10:00,3612.77,2.783e-05
2024-03-15 09:10:12,3606.06,2.757e-05
2024-03-15 09:10:24,3614.89,2.784e-05
2024-03-15 09:10:36,3621.07,2.789e-05
2024-03-15 09:10:48,3623.19,2.796e-05
2024-03-15 09:11:00,3629.13,2.803e-05
2024-03-15 09:11:12,3625.16,2.805e-05
2024-03-15 09:11:24,3606.08,2.786e-05
2024-03-15 09:11:36,3606.71,2.793e-05
2024-03-15 09:11:48,3601.19,2.784e-05
2024-03-15 09:12:00,3603.0,2.783e-05
2024-03-15 09:12:12,3609.43,2.797e-05
2024-03-15 09:12:24,3608.14,2.791e-05
2024-03-15 09:12:36,3607.89,2.79e-05
2024-03-15 09:12:48,3601.6,2.78e-05
2024-03-15 09:13:00,3601.6,2.777e-05
2024-03-15 09:13:12,3598.0,2.767e-05
2024-03-15 09:13:24,3589.49,2.754e-05
2024-03-15 09:13:36,3590.25,2.757e-05
2024-03-15 09:13:48,3586.4,2.743e-05
2024-03-15 09:14:00,3583.94,2.735e-05
2024-03-15 09:14:12,3571.48,2.703e-05
2024-03-15 09:14:24,3585.02,2.719e-05
2024-03-15 09:14:36,3596.8,2.746e-05
2024-03-15 09:14:48,3601.41,2.747e-05
2024-03-15 09:15:00,3604.6,2.752e-05
2024-03-15 09:15:12,3606.38,2.769e-05
2024-03-15 09:15:24,3612.72,2.787e-05
2024-03-15 09:15:36,3622.89,2.799e-05
2024-03-15 09:15:48,3620.65,2.798e-05
2024-03-15 09:16:00,3619.57,2.792e-05
2024-03-15 09:16:12,3603.8,2.774e-05
2024-03-15 09:16:24,3608.1,2.782e-05
2024-03-15 09:16:36,3615.92,2.796e-05
2024-03-15 09:16:48,3620.38,2.804e-05
2024-03-15 09:17:00,3623.49,2.807e-05
2024-03-15 09:17:12,3626.59,2.816e-05
2024-03-15 09:17:24,3616.32,2.806e-05
2024-03-15 09:17:36,3628.45,2.816e-05
2024-03-15 09:17:48,3631.08,2.819e-05
2024-03-15 09:18:00,3630.56,2.816e-05
2024-03-15 09:18:12,3630.99,2.821e-05
2024-03-15 09:18:24,3620.83,2.808e-05
2024-03-15 09:18:36,3617.39,2.808e-05
2024-03-15 09:18:48,3622.96,2.818e-05
2024-03-15 09:19:00,3632.8,2.822e-05
2024-03-15 09:19:12,3631.4,2.825e-05
2024-03-15 09:19:24,3631.62,2.828e-05
2024-03-15 09:19:36,3633.6,2.832e-05
2024-03-15 09:19:48,3636.26,2.837e-05
2024-03-15 09:20:00,3640.98,2.837e-05
2024-03-15 09:20:12,3636.19,2.834e-05
2024-03-15 09:20:24,3635.08,2.836e-05
2024-03-15 09:20:36,3632.25,2.834e-05
2024-03-15 09:20:48,3634.4,2.837e-05
2024-03-15 09:21:00,3632.64,2.829e-05
2024-03-15 09:21:12,3632.01,2.828e-05
2024-03-15 09:21:24,3631.51,2.828e-05
2024-03-15 09:21:36,3631.81,2.831e-05
2024-03-15 09:21:48,3633.74,2.834e-05
2024-03-15 09:22:00,3634.7,2.835e-05
2024-03-15 09:22:12,3637.2,2.839e-05
2024-03-15 09:22:24,3639.0,2.848e-05
2024-03-15 09:22:36,3642.4,2.85e-05
2024-03-15 09:22:48,3646.21,2.849e-05
2024-03-15 09:23:00,3642.41,2.848e-05
2024-03-15 09:23:12,3639.71,2.847e-05
2024-03-15 09:23:24,3645.54,2.854e-05
2024-03-15 09:23:36,3641.86,2.851e-05
2024-03-15 09:23:48,3640.5,2.852e-05
2024-03-15 09:24:00,3641.78,2.849e-05
2024-03-15 09:24:12,3639.52,2.843e-05
2024-03-15 09:24:24,3645.63,2.852e-05
2024-03-15 09:24:36,3645.53,2.854e-05
2024-03-15 09:24:48,3645.07,2.857e-05
2024-03-15 09:25:00,3648.36,2.863e-05
2024-03-15 09:25:12,3652.91,2.867e-05
2024-03-15 09:25:24,3652.94,2.871e-05
2024-03-15 09:25:36,3658.56,2.873e-05
2024-03-15 09:25:48,3654.41,2.868e-05
2024-03-15 09:26:00,3654.83,2.874e-05
2024-03-15 09:26:12,3650.52,2.868e-05
2024-03-15 09:26:24,3646.46,2.861e-05
2024-03-15 09:26:36,3653.38,2.869e-05
2024-03-15 09:26:48,3651.4,2.868e-05
2024-03-15 09:27:00,3654.3,2.87e-05
2024-03-15 09:27:12,3655.0,2.87e-05
2024-03-15 09:27:24,3654.29,2.866e-05
2024-03-15 09:27:36,3656.11,2.869e-05
2024-03-15 09:27:48,3654.19,2.866e-05
2024-03-15 09:28:00,3648.57,2.86e-05
2024-03-15 09:28:12,3644.76,2.852e-05
2024-03-15 09:28:24,3646.39,2.851e-05
2024-03-15 09:28:36,3645.37,2.853e-05
2024-03-15 09:28:48,3645.75,2.851e-05
2024-03-15 09:29:00,3644.79,2.85e-05
2024-03-15 09:29:12,3642.87,2.845e-05
2024-03-15 09:29:24,3643.21,2.845e-05
2024-03-15 09:29:36,3645.03,2.848e-05
2024-03-15 09:29:48,3646.27,2.851e-05
2024-03-15 09:30:00,3647.93,2.852e-05
2024-03-15 09:30:12,3650.25,2.855e-05
2024-03-15 09:30:24,3654.95,2.862e-05
2024-03-15 09:30:36,3656.94,2.864e-05
2024-03-15 09:30:48,3658.39,2.867e-05
2024-03-15 09:31:00,3657.18,2.869e-05
2024-03-15 09:31:12,3654.47,2.866e-05
2024-03-15 09:31:24,3648.59,2.857e-05
2024-03-15 09:31:36,3649.39,2.858e-05
2024-03-15 09:31:48,3647.69,2.857e-05
2024-03-15 09:32:00,3650.1,2.861e-05
2024-03-15 09:32:12,3645.01,2.856e-05
2024-03-15 09:32:24,3642.25,2.855e-05
2024-03-15 09:32:36,3640.72,2.85e-05
2024-03-15 09:32:48,3638.77,2.847e-05
2024-03-15 09:33:00,3636.09,2.842e-05
2024-03-15 09:33:12,3633.4,2.833e-05
2024-03-15 09:33:24,3629.31,2.831e-05
2024-03-15 09:33:36,3628.14,2.832e-05
2024-03-15 09:33:48,3634.14,2.843e-05
2024-03-15 09:34:00,3642.49,2.849e-05
2024-03-15 09:34:12,3644.8,2.85e-05
2024-03-15 09:34:24,3643.19,2.852e-05
2024-03-15 09:34:36,3653.87,2.864e-05
2024-03-15 09:34:48,3654.43,2.863e-05
2024-03-15 09:35:00,3654.43,2.864e-05
2024-03-15 09:35:12,3656.19,2.867e-05
2024-03-15 09:35:24,3656.79,2.868e-05
2024-03-15 09:35:36,3653.01,2.861e-05
2024-03-15 09:35:48,3657.14,2.87e-05
2024-03-15 09:36:00,3656.48,2.875e-05
2024-03-15 09:36:12,3657.77,2.876e-05
2024-03-15 09:36:24,3660.99,2.883e-05
2024-03-15 09:36:36,3660.98,2.882e-05
2024-03-15 09:36:48,3657.31,2.881e-05
2024-03-15 09:37:00,3660.75,2.885e-05
2024-03-15 09:37:12,3655.4,2.876e-05
2024-03-15 09:37:24,3655.83,2.877e-05
2024-03-15 09:37:36,3657.95,2.88e-05
2024-03-15 09:37:48,3658.23,2.883e-05
2024-03-15 09:38:00,3659.42,2.884e-05
2024-03-15 09:38:12,3658.0,2.882e-05
2024-03-15 09:38:24,3661.79,2.886e-05
2024-03-15 09:38:36,3682.39,2.894e-05
2024-03-15 09:38:48,3684.17,2.896e-05
2024-03-15 09:39:00,3690.0,2.9e-05
2024-03-15 09:39:12,3692.4,2.904e-05
2024-03-15 09:39:24,3682.0,2.903e-05
2024-03-15 09:39:36,3680.6,2.903e-05
2024-03-15 09:39:48,3681.99,2.907e-05
2024-03-15 09:40:00,3683.8,2.911e-05
2024-03-15 09:40:12,3679.04,2.907e-05
2024-03-15 09:40:24,3677.8,2.907e-05
2024-03-15 09:40:36,3680.14,2.912e-05
2024-03-15 09:40:48,3679.58,2.911e-05
2024-03-15 09:41:00,3678.57,2.909e-05
2024-03-15 09:41:12,3679.74,2.909e-05
2024-03-15 09:41:24,3680.4,2.913e-05
2024-03-15 09:41:36,3680.15,2.912e-05
2024-03-15 09:41:48,3680.73,2.913e-05
2024-03-15 09:42:00,3679.26,2.913e-05
2024-03-15 09:42:12,3677.95,2.916e-05
2024-03-15 09:42:24,3679.65,2.918e-05
2024-03-15 09:42:36,3679.4,2.917e-05
2024-03-15 09:42:48,3679.33,2.916e-05
2024-03-15 09:43:00,3677.95,2.914e-05
2024-03-15 09:43:12,3679.79,2.914e-05
2024-03-15 09:43:24,3677.07,2.905e-05
2024-03-15 09:43:36,3672.53,2.9e-05
2024-03-15 09:43:48,3673.59,2.904e-05
2024-03-15 09:44:00,3673.6,2.905e-05
2024-03-15 09:44:12,3673.0,2.903e-05
2024-03-15 09:44:24,3675.0,2.905e-05
2024-03-15 09:44:36,3673.87,2.904e-05
2024-03-15 09:44:48,3673.62,2.905e-05
2024-03-15 09:45:00,3670.62,2.904e-05
2024-03-15 09:45:12,3673.52,2.911e-05
2024-03-15 09:45:24,3673.78,2.907e-05
2024-03-15 09:45:36,3674.1,2.906e-05
2024-03-15 09:45:48,3679.3,2.911e-05
2024-03-15 09:46:00,3681.66,2.912e-05
2024-03-15 09:46:12,3679.97,2.908e-05
2024-03-15 09:46:24,3680.01,2.904e-05
2024-03-15 09:46:36,3682.59,2.912e-05
2024-03-15 09:46:48,3682.4,2.912e-05
2024-03-15 09:47:00,3680.72,2.91e-05
2024-03-15 09:47:12,3677.41,2.905e-05
2024-03-15 09:47:24,3676.91,2.902e-05
2024-03-15 09:47:36,3676.8,2.902e-05
2024-03-15 09:47:48,3674.91,2.896e-05
2024-03-15 09:48:00,3675.4,2.898e-05
2024-03-15 09:48:12,3673.99,2.896e-05
2024-03-15 09:48:24,3673.38,2.892e-05
2024-03-15 09:48:36,3671.0,2.892e-05
2024-03-15 09:48:48,3674.04,2.9e-05
2024-03-15 09:49:00,3671.23,2.895e-05
2024-03-15 09:49:12,3672.26,2.896e-05
2024-03-15 09:49:24,3672.33,2.895e-05
2024-03-15 09:49:36,3675.01,2.902e-05
2024-03-15 09:49:48,3675.4,2.901e-05
2024-03-15 09:50:00,3677.34,2.904e-05
2024-03-15 09:50:12,3679.65,2.907e-05
2024-03-15 09:50:24,3681.01,2.91e-05
2024-03-15 09:50:36,3680.34,2.91e-05
2024-03-15 09:50:48,3679.71,2.909e-05
2024-03-15 09:51:00,3680.13,2.91e-05
2024-03-15 09:51:12,3680.83,2.911e-05
2024-03-15 09:51:24,3678.83,2.905e-05
2024-03-15 09:51:36,3679.07,2.906e-05
2024-03-15 09:51:48,3678.37,2.907e-05
2024-03-15 09:52:00,3678.74,2.907e-05
2024-03-15 09:52:12,3678.92,2.908e-05
2024-03-15 09:52:24,3677.97,2.906e-05
2024-03-15 09:52:36,3679.68,2.908e-05
2024-03-15 09:52:48,3680.51,2.911e-05
2024-03-15 09:53:00,3681.38,2.91e-05
2024-03-15 09:53:12,3681.42,2.908e-05
2024-03-15 09:53:24,3685.79,2.912e-05
2024-03-15 09:53:36,3688.87,2.915e-05
2024-03-15 09:53:48,3687.52,2.914e-05
2024-03-15 09:54:00,3684.29,2.911e-05
2024-03-15 09:54:12,3683.02,2.913e-05
2024-03-15 09:54:24,3681.04,2.909e-05
2024-03-15 09:54:36,3681.08,2.91e-05
2024-03-15 09:54:48,3687.5,2.917e-05
2024-03-15 09:55:00,3690.0,2.917e-05
2024-03-15 09:55:12,3691.37,2.918e-05
2024-03-15 09:55:24,3692.19,2.925e-05
2024-03-15 09:55:36,3691.32,2.923e-05
2024-03-15 09:55:48,3684.8,2.917e-05
2024-03-15 09:56:00,3683.82,2.915e-05
2024-03-15 09:56:12,3687.31,2.919e-05
2024-03-15 09:56:24,3684.79,2.916e-05
2024-03-15 09:56:36,3682.24,2.913e-05
2024-03-15 09:56:48,3680.41,2.91e-05
2024-03-15 09:57:00,3679.81,2.909e-05
2024-03-15 09:57:12,3679.99,2.91e-05
2024-03-15 09:57:24,3679.3,2.907e-05
2024-03-15 09:57:36,3676.37,2.903e-05
2024-03-15 09:57:48,3674.64,2.902e-05
2024-03-15 09:58:00,3676.78,2.904e-05
2024-03-15 09:58:12,3678.68,2.905e-05
2024-03-15 09:58:24,3678.82,2.905e-05
2024-03-15 09:58:36,3679.69,2.908e-05
2024-03-15 09:58:48,3680.15,2.911e-05
2024-03-15 09:59:00,3679.14,2.909e-05
2024-03-15 09:59:12,3681.85,2.911e-05
2024-03-15 09:59:24,3679.5,2.91e-05
2024-03-15 09:59:36,3682.21,2.912e-05
2024-03-15 09:59:48,3680.97,2.912e-05
2024-03-15 10:00:00,3682.91,2.914e-05
2024-03-15 10:00:12,3683.97,2.916e-05
2024-03-15 10:00:24,3684.47,2.916e-05
2024-03-15 10:00:36,3684.59,2.917e-05
2024-03-15 10:00:48,3685.4,2.915e-05
2024-03-15 10:01:00,3686.05,2.915e-05
2024-03-15 10:01:12,3687.39,2.917e-05
2024-03-15 10:01:24,3686.6,2.916e-05
2024-03-15 10:01:36,3686.62,2.912e-05
2024-03-15 10:01:48,3686.43,2.909e-05
2024-03-15 10:02:00,3687.99,2.91e-05
2024-03-15 10:02:12,3687.81,2.909e-05
2024-03-15 10:02:24,3690.96,2.912e-05
2024-03-15 10:02:36,3691.01,2.915e-05
2024-03-15 10:02:48,3695.0,2.924e-05
2024-03-15 10:03:00,3694.81,2.924e-05
2024-03-15 10:03:12,3694.98,2.922e-05
2024-03-15 10:03:24,3690.59,2.92e-05
2024-03-15 10:03:36,3692.23,2.922e-05
2024-03-15 10:03:48,3689.4,2.923e-05
2024-03-15 10:04:00,3688.61,2.921e-05
2024-03-15 10:04:12,3686.79,2.916e-05
2024-03-15 10:04:24,3684.73,2.912e-05
2024-03-15 10:04:36,3685.52,2.914e-05
2024-03-15 10:04:48,3683.82,2.91e-05
2024-03-15 10:05:00,3679.51,2.905e-05
2024-03-15 10:05:12,3678.84,2.904e-05
2024-03-15 10:05:24,3676.7,2.901e-05
2024-03-15 10:05:36,3676.88,2.902e-05
2024-03-15 10:05:48,3678.4,2.902e-05
2024-03-15 10:06:00,3679.2,2.899e-05
2024-03-15 10:06:12,3678.21,2.901e-05
2024-03-15 10:06:24,3677.07,2.898e-05
2024-03-15 10:06:36,3675.0,2.897e-05
2024-03-15 10:06:48,3672.81,2.893e-05
2024-03-15 10:07:00,3673.09,2.897e-05
2024-03-15 10:07:12,3675.37,2.901e-05
2024-03-15 10:07:24,3673.32,2.9e-05
2024-03-15 10:07:36,3673.24,2.901e-05
2024-03-15 10:07:48,3672.68,2.901e-05
2024-03-15 10:08:00,3671.95,2.9e-05
2024-03-15 10:08:12,3673.66,2.902e-05
2024-03-15 10:08:24,3675.23,2.906e-05
2024-03-15 10:08:36,3676.7,2.908e-05
2024-03-15 10:08:48,3673.69,2.903e-05
2024-03-15 10:09:00,3673.0,2.901e-05
2024-03-15 10:09:12,3670.4,2.897e-05
2024-03-15 10:09:24,3667.32,2.892e-05
2024-03-15 10:09:36,3666.72,2.89e-05
2024-03-15 10:09:48,3667.05,2.889e-05
2024-03-15 10:10:00,3666.99,2.888e-05
2024-03-15 10:10:12,3664.94,2.885e-05
2024-03-15 10:10:24,3661.01,2.88e-05
2024-03-15 10:10:36,3660.0,2.88e-05
2024-03-15 10:10:48,3653.89,2.876e-05
2024-03-15 10:11:00,3649.81,2.874e-05
2024-03-15 10:11:12,3656.58,2.884e-05
2024-03-15 10:11:24,3658.6,2.887e-05
2024-03-15 10:11:36,3659.16,2.885e-05
2024-03-15 10:11:48,3659.07,2.883e-05
2024-03-15 10:12:00,3660.5,2.887e-05
2024-03-15 10:12:12,3666.42,2.897e-05
2024-03-15 10:12:24,3662.2,2.89e-05
2024-03-15 10:12:36,3658.41,2.883e-05
2024-03-15 10:12:48,3658.69,2.888e-05
2024-03-15 10:13:00,3658.75,2.887e-05
2024-03-15 10:13:12,3654.28,2.883e-05
2024-03-15 10:13:24,3658.59,2.885e-05
2024-03-15 10:13:36,3659.6,2.886e-05
2024-03-15 10:13:48,3661.68,2.888e-05
2024-03-15 10:14:00,3661.68,2.888e-05
2024-03-15 10:14:12,3663.42,2.888e-05
2024-03-15 10:14:24,3660.91,2.884e-05
2024-03-15 10:14:36,3662.01,2.885e-05
2024-03-15 10:14:48,3661.79,2.885e-05
2024-03-15 10:15:00,3659.99,2.882e-05
2024-03-15 10:15:12,3659.92,2.885e-05
2024-03-15 10:15:24,3659.34,2.885e-05
2024-03-15 10:15:36,3660.8,2.885e-05
2024-03-15 10:15:48,3663.15,2.892e-05
2024-03-15 10:16:00,3670.2,2.899e-05
2024-03-15 10:16:12,3668.18,2.894e-05
2024-03-15 10:16:24,3669.18,2.895e-05
2024-03-15 10:16:36,3665.94,2.892e-05
2024-03-15 10:16:48,3671.01,2.894e-05
2024-03-15 10:17:00,3669.8,2.895e-05
2024-03-15 10:17:12,3671.6,2.896e-05
2024-03-15 10:17:24,3671.05,2.896e-05
2024-03-15 10:17:36,3670.98,2.898e-05
2024-03-15 10:17:48,3673.26,2.902e-05
2024-03-15 10:18:00,3675.59,2.905e-05
2024-03-15 10:18:12,3678.21,2.906e-05
2024-03-15 10:18:24,3678.03,2.907e-05
2024-03-15 10:18:36,3675.49,2.903e-05
2024-03-15 10:18:48,3676.82,2.906e-05
2024-03-15 10:19:00,3676.19,2.906e-05
2024-03-15 10:19:12,3677.13,2.907e-05
2024-03-15 10:19:24,3677.4,2.908e-05
2024-03-15 10:19:36,3676.98,2.908e-05
2024-03-15 10:19:48,3675.49,2.906e-05
2024-03-15 10:20:00,3677.18,2.909e-05
2024-03-15 10:20:12,3675.66,2.907e-05
2024-03-15 10:20:24,3676.29,2.91e-05
2024-03-15 10:20:36,3687.67,2.915e-05
2024-03-15 10:20:48,3691.69,2.919e-05
2024-03-15 10:21:00,3689.22,2.919e-05
2024-03-15 10:21:12,3690.19,2.928e-05
2024-03-15 10:21:24,3685.66,2.924e-05
2024-03-15 10:21:36,3683.98,2.923e-05
2024-03-15 10:21:48,3687.8,2.925e-05
2024-03-15 10:22:00,3689.8,2.923e-05
2024-03-15 10:22:12,3688.99,2.919e-05
2024-03-15 10:22:24,3690.79,2.921e-05
2024-03-15 10:22:36,3692.2,2.926e-05
2024-03-15 10:22:48,3695.0,2.928e-05
2024-03-15 10:23:00,3695.29,2.93e-05
2024-03-15 10:23:12,3694.59,2.926e-05
2024-03-15 10:23:24,3692.86,2.925e-05
2024-03-15 10:23:36,3690.84,2.922e-05
2024-03-15 10:23:48,3687.76,2.918e-05
2024-03-15 10:24:00,3687.25,2.919e-05
2024-03-15 10:24:12,3688.61,2.918e-05
2024-03-15 10:24:24,3691.99,2.922e-05
2024-03-15 10:24:36,3691.39,2.919e-05
2024-03-15 10:24:48,3690.94,2.917e-05
2024-03-15 10:25:00,3691.79,2.917e-05
2024-03-15 10:25:12,3690.61,2.918e-05
2024-03-15 10:25:24,3692.38,2.919e-05
2024-03-15 10:25:36,3692.76,2.92e-05
2024-03-15 10:25:48,3692.81,2.921e-05
2024-03-15 10:26:00,3690.21,2.917e-05
2024-03-15 10:26:12,3689.95,2.917e-05
2024-03-15 10:26:24,3689.05,2.919e-05
2024-03-15 10:26:36,3687.38,2.918e-05
2024-03-15 10:26:48,3684.71,2.916e-05
2024-03-15 10:27:00,3681.65,2.913e-05
2024-03-15 10:27:12,3684.37,2.916e-05
2024-03-15 10:27:24,3684.08,2.916e-05
2024-03-15 10:27:36,3687.76,2.926e-05
2024-03-15 10:27:48,3688.59,2.925e-05
2024-03-15 10:28:00,3689.46,2.928e-05
2024-03-15 10:28:12,3692.81,2.929e-05
2024-03-15 10:28:24,3691.57,2.927e-05
2024-03-15 10:28:36,3691.33,2.926e-05
2024-03-15 10:28:48,3689.81,2.924e-05
2024-03-15 10:29:00,3689.47,2.922e-05
2024-03-15 10:29:12,3689.08,2.92e-05
2024-03-15 10:29:24,3687.4,2.918e-05
2024-03-15 10:29:36,3687.42,2.919e-05
2024-03-15 10:29:48,3686.94,2.918e-05
2024-03-15 10:30:00,3686.95,2.916e-05
2024-03-15 10:30:12,3688.17,2.917e-05
2024-03-15 10:30:24,3685.34,2.913e-05
2024-03-15 10:30:36,3684.99,2.914e-05
2024-03-15 10:30:48,3688.34,2.919e-05
2024-03-15 10:31:00,3692.72,2.922e-05
2024-03-15 10:31:12,3693.65,2.923e-05
2024-03-15 10:31:24,3694.57,2.925e-05
2024-03-15 10:31:36,3691.7,2.921e-05
2024-03-15 10:31:48,3690.62,2.919e-05
2024-03-15 10:32:00,3690.81,2.92e-05
2024-03-15 10:32:12,3694.98,2.924e-05
2024-03-15 10:32:24,3693.09,2.921e-05
2024-03-15 10:32:36,3689.86,2.917e-05
2024-03-15 10:32:48,3689.58,2.917e-05
2024-03-15 10:33:00,3687.8,2.914e-05
2024-03-15 10:33:12,3690.75,2.916e-05
2024-03-15 10:33:24,3688.14,2.911e-05
2024-03-15 10:33:36,3687.52,2.911e-05
2024-03-15 10:33:48,3687.41,2.911e-05
2024-03-15 10:34:00,3687.32,2.909e-05
2024-03-15 10:34:12,3684.06,2.905e-05
2024-03-15 10:34:24,3682.02,2.904e-05
2024-03-15 10:34:36,3683.81,2.906e-05
2024-03-15 10:34:48,3683.4,2.905e-05
2024-03-15 10:35:00,3684.2,2.908e-05
2024-03-15 10:35:12,3686.2,2.91e-05
2024-03-15 10:35:24,3684.08,2.908e-05
2024-03-15 10:35:36,3682.22,2.906e-05
2024-03-15 10:35:48,3682.75,2.906e-05
2024-03-15 10:36:00,3681.47,2.905e-05
2024-03-15 10:36:12,3682.72,2.905e-05
2024-03-15 10:36:24,3678.04,2.899e-05
2024-03-15 10:36:36,3678.57,2.901e-05
2024-03-15 10:36:48,3676.97,2.898e-05
2024-03-15 10:37:00,3675.99,2.898e-05
2024-03-15 10:37:12,3673.41,2.895e-05
2024-03-15 10:37:24,3672.22,2.894e-05
2024-03-15 10:37:36,3670.79,2.894e-05
2024-03-15 10:37:48,3670.58,2.894e-05
2024-03-15 10:38:00,3670.99,2.894e-05
2024-03-15 10:38:12,3669.97,2.895e-05
2024-03-15 10:38:24,3670.67,2.895e-05
2024-03-15 10:38:36,3674.0,2.9e-05
2024-03-15 10:38:48,3673.33,2.899e-05
2024-03-15 10:39:00,3671.99,2.896e-05
2024-03-15 10:39:12,3670.41,2.892e-05
2024-03-15 10:39:24,3668.98,2.889e-05
2024-03-15 10:39:36,3670.9,2.891e-05
2024-03-15 10:39:48,3669.5,2.891e-05
2024-03-15 10:40:00,3670.83,2.892e-05
2024-03-15 10:40:12,3669.22,2.89e-05
2024-03-15 10:40:24,3667.5,2.886e-05
2024-03-15 10:40:36,3666.88,2.886e-05
2024-03-15 10:40:48,3666.06,2.885e-05
2024-03-15 10:41:00,3668.79,2.889e-05
2024-03-15 10:41:12,3670.79,2.89e-05
2024-03-15 10:41:24,3666.91,2.886e-05
2024-03-15 10:41:36,3667.08,2.886e-05
2024-03-15 10:41:48,3666.2,2.884e-05
2024-03-15 10:42:00,3666.41,2.884e-05
2024-03-15 10:42:12,3665.99,2.884e-05
2024-03-15 10:42:24,3667.39,2.885e-05
2024-03-15 10:42:36,3671.47,2.891e-05
2024-03-15 10:42:48,3671.26,2.89e-05
2024-03-15 10:43:00,3672.14,2.891e-05
2024-03-15 10:43:12,3676.26,2.893e-05
2024-03-15 10:43:24,3677.56,2.896e-05
2024-03-15 10:43:36,3675.61,2.894e-05
2024-03-15 10:43:48,3674.52,2.894e-05
2024-03-15 10:44:00,3674.13,2.893e-05
2024-03-15 10:44:12,3677.84,2.897e-05
2024-03-15 10:44:24,3677.33,2.898e-05
2024-03-15 10:44:36,3678.29,2.898e-05
2024-03-15 10:44:48,3678.46,2.896e-05
2024-03-15 10:45:00,3678.67,2.895e-05
2024-03-15 10:45:12,3676.51,2.891e-05
2024-03-15 10:45:24,3674.31,2.89e-05
2024-03-15 10:45:36,3673.0,2.888e-05
2024-03-15 10:45:48,3669.97,2.884e-05
2024-03-15 10:46:00,3671.18,2.887e-05
2024-03-15 10:46:12,3670.58,2.884e-05
2024-03-15 10:46:24,3672.59,2.886e-05
2024-03-15 10:46:36,3677.67,2.89e-05
2024-03-15 10:46:48,3681.4,2.895e-05
2024-03-15 10:47:00,3682.15,2.897e-05
2024-03-15 10:47:12,3681.8,2.897e-05
2024-03-15 10:47:24,3684.48,2.899e-05
2024-03-15 10:47:36,3686.03,2.901e-05
2024-03-15 10:47:48,3685.2,2.901e-05
2024-03-15 10:48:00,3683.28,2.899e-05
2024-03-15 10:48:12,3684.6,2.899e-05
2024-03-15 10:48:24,3681.22,2.898e-05
2024-03-15 10:48:36,3679.81,2.897e-05
2024-03-15 10:48:48,3679.55,2.896e-05
2024-03-15 10:49:00,3680.77,2.897e-05
2024-03-15 10:49:12,3680.01,2.898e-05
2024-03-15 10:49:24,3680.14,2.896e-05
2024-03-15 10:49:36,3679.21,2.897e-05
2024-03-15 10:49:48,3680.49,2.897e-05
2024-03-15 10:50:00,3679.25,2.894e-05
2024-03-15 10:50:12,3676.59,2.891e-05
2024-03-15 10:50:24,3674.1,2.887e-05
2024-03-15 10:50:36,3675.01,2.889e-05
2024-03-15 10:50:48,3676.41,2.889e-05
2024-03-15 10:51:00,3675.41,2.886e-05
2024-03-15 10:51:12,3673.86,2.887e-05
2024-03-15 10:51:24,3673.1,2.884e-05
2024-03-15 10:51:36,3675.45,2.886e-05
2024-03-15 10:51:48,3676.91,2.888e-05
2024-03-15 10:52:00,3679.36,2.888e-05
2024-03-15 10:52:12,3676.81,2.887e-05
2024-03-15 10:52:24,3676.15,2.887e-05
2024-03-15 10:52:36,3676.75,2.889e-05
2024-03-15 10:52:48,3677.2,2.889e-05
2024-03-15 10:53:00,3675.8,2.888e-05
2024-03-15 10:53:12,3672.26,2.882e-05
2024-03-15 10:53:24,3670.94,2.88e-05
2024-03-15 10:53:36,3672.67,2.885e-05
2024-03-15 10:53:48,3671.61,2.882e-05
2024-03-15 10:54:00,3671.15,2.881e-05
2024-03-15 10:54:12,3670.42,2.88e-05
2024-03-15 10:54:24,3670.41,2.88e-05
2024-03-15 10:54:36,3671.24,2.881e-05
2024-03-15 10:54:48,3672.39,2.881e-05
2024-03-15 10:55:00,3672.3,2.881e-05
2024-03-15 10:55:12,3672.67,2.882e-05
2024-03-15 10:55:24,3669.65,2.879e-05
2024-03-15 10:55:36,3668.26,2.876e-05
2024-03-15 10:55:48,3665.3,2.871e-05
2024-03-15 10:56:00,3665.2,2.872e-05
2024-03-15 10:56:12,3664.66,2.87e-05
2024-03-15 10:56:24,3663.66,2.871e-05
2024-03-15 10:56:36,3665.79,2.874e-05
2024-03-15 10:56:48,3664.47,2.872e-05
2024-03-15 10:57:00,3665.08,2.872e-05
2024-03-15 10:57:12,3664.4,2.872e-05
2024-03-15 10:57:24,3665.2,2.872e-05
2024-03-15 10:57:36,3665.36,2.872e-05
2024-03-15 10:57:48,3664.69,2.873e-05
2024-03-15 10:58:00,3662.89,2.872e-05
2024-03-15 10:58:12,3659.64,2.867e-05
2024-03-15 10:58:24,3660.11,2.867e-05
2024-03-15 10:58:36,3662.41,2.868e-05
2024-03-15 10:58:48,3661.91,2.865e-05
2024-03-15 10:59:00,3662.55,2.867e-05
2024-03-15 10:59:12,3662.99,2.866e-05
2024-03-15 10:59:24,3663.79,2.867e-05
2024-03-15 10:59:36,3662.98,2.865e-05
2024-03-15 10:59:48,3661.24,2.858e-05
2024-03-15 11:00:00,3659.04,2.858e-05
2024-03-15 11:00:12,3661.16,2.863e-05
2024-03-15 11:00:24,3660.81,2.864e-05
2024-03-15 11:00:36,3664.39,2.869e-05
2024-03-15 11:00:48,3666.4,2.87e-05
2024-03-15 11:01:00,3666.72,2.871e-05
2024-03-15 11:01:12,3667.17,2.871e-05
2024-03-15 11:01:24,3668.61,2.874e-05
2024-03-15 11:01:36,3669.0,2.874e-05
2024-03-15 11:01:48,3666.3,2.872e-05
2024-03-15 11:02:00,3669.31,2.873e-05
2024-03-15 11:02:12,3671.8,2.878e-05
2024-03-15 11:02:24,3671.21,2.877e-05
2024-03-15 11:02:36,3668.77,2.872e-05
2024-03-15 11:02:48,3667.8,2.872e-05
2024-03-15 11:03:00,3666.73,2.869e-05
2024-03-15 11:03:12,3665.96,2.87e-05
2024-03-15 11:03:24,3664.21,2.867e-05
2024-03-15 11:03:36,3664.4,2.866e-05
2024-03-15 11:03:48,3664.19,2.865e-05
2024-03-15 11:04:00,3663.8,2.865e-05
2024-03-15 11:04:12,3661.61,2.862e-05
2024-03-15 11:04:24,3662.99,2.863e-05
2024-03-15 11:04:36,3661.51,2.862e-05
2024-03-15 11:04:48,3664.39,2.864e-05
2024-03-15 11:05:00,3663.08,2.864e-05
2024-03-15 11:05:12,3660.43,2.858e-05
2024-03-15 11:05:24,3660.81,2.861e-05
2024-03-15 11:05:36,3656.53,2.858e-05
2024-03-15 11:05:48,3650.58,2.853e-05
2024-03-15 11:06:00,3652.61,2.855e-05
2024-03-15 11:06:12,3649.8,2.854e-05
2024-03-15 11:06:24,3652.67,2.855e-05
2024-03-15 11:06:36,3656.1,2.86e-05
2024-03-15 11:06:48,3655.98,2.858e-05
2024-03-15 11:07:00,3651.4,2.852e-05
2024-03-15 11:07:12,3649.92,2.851e-05
2024-03-15 11:07:24,3650.59,2.852e-05
2024-03-15 11:07:36,3648.08,2.85e-05
2024-03-15 11:07:48,3644.01,2.846e-05
2024-03-15 11:08:00,3643.2,2.847e-05
2024-03-15 11:08:12,3643.3,2.843e-05
2024-03-15 11:08:24,3641.42,2.84e-05
2024-03-15 11:08:36,3637.36,2.835e-05
2024-03-15 11:08:48,3639.28,2.837e-05
2024-03-15 11:09:00,3639.94,2.835e-05
2024-03-15 11:09:12,3637.21,2.833e-05
2024-03-15 11:09:24,3633.47,2.826e-05
2024-03-15 11:09:36,3636.38,2.827e-05
2024-03-15 11:09:48,3634.39,2.822e-05
2024-03-15 11:10:00,3634.72,2.82e-05
2024-03-15 11:10:12,3637.4,2.831e-05
2024-03-15 11:10:24,3636.61,2.823e-05
2024-03-15 11:10:36,3641.63,2.828e-05
2024-03-15 11:10:48,3637.8,2.822e-05
2024-03-15 11:11:00,3638.8,2.822e-05
2024-03-15 11:11:12,3635.4,2.817e-05
2024-03-15 11:11:24,3635.2,2.816e-05
2024-03-15 11:11:36,3634.28,2.814e-05
2024-03-15 11:11:48,3631.1,2.804e-05
2024-03-15 11:12:00,3632.15,2.808e-05
2024-03-15 11:12:12,3637.73,2.818e-05
2024-03-15 11:12:24,3641.65,2.825e-05
2024-03-15 11:12:36,3644.58,2.825e-05
2024-03-15 11:12:48,3643.85,2.826e-05
2024-03-15 11:13:00,3649.3,2.829e-05
2024-03-15 11:13:12,3647.18,2.824e-05
2024-03-15 11:13:24,3647.19,2.822e-05
2024-03-15 11:13:36,3647.6,2.823e-05
2024-03-15 11:13:48,3644.42,2.82e-05
2024-03-15 11:14:00,3641.47,2.813e-05
2024-03-15 11:14:12,3642.6,2.813e-05
2024-03-15 11:14:24,3638.09,2.806e-05
2024-03-15 11:14:36,3643.75,2.812e-05
2024-03-15 11:14:48,3646.59,2.817e-05
2024-03-15 11:15:00,3651.04,2.822e-05
2024-03-15 11:15:12,3645.27,2.825e-05
2024-03-15 11:15:24,3656.98,2.836e-05
2024-03-15 11:15:36,3659.07,2.835e-05
2024-03-15 11:15:48,3654.4,2.831e-05
2024-03-15 11:16:00,3653.89,2.83e-05
2024-03-15 11:16:12,3653.4,2.828e-05
2024-03-15 11:16:24,3654.27,2.831e-05
2024-03-15 11:16:36,3651.41,2.824e-05
2024-03-15 11:16:48,3648.62,2.818e-05
2024-03-15 11:17:00,3649.53,2.821e-05
2024-03-15 11:17:12,3643.75,2.813e-05
2024-03-15 11:17:24,3641.4,2.81e-05
2024-03-15 11:17:36,3640.9,2.808e-05
2024-03-15 11:17:48,3641.47,2.809e-05
2024-03-15 11:18:00,3641.41,2.808e-05
2024-03-15 11:18:12,3637.67,2.803e-05
2024-03-15 11:18:24,3639.81,2.806e-05
2024-03-15 11:18:36,3636.42,2.801e-05
2024-03-15 11:18:48,3639.39,2.808e-05
2024-03-15 11:19:00,3641.38,2.809e-05
2024-03-15 11:19:12,3644.93,2.813e-05
2024-03-15 11:19:24,3644.04,2.813e-05
2024-03-15 11:19:36,3643.41,2.809e-05
2024-03-15 11:19:48,3644.2,2.81e-05
2024-03-15 11:20:00,3640.6,2.806e-05
2024-03-15 11:20:12,3637.78,2.804e-05
2024-03-15 11:20:24,3641.6,2.808e-05
2024-03-15 11:20:36,3645.8,2.811e-05
2024-03-15 11:20:48,3644.61,2.809e-05
2024-03-15 11:21:00,3641.97,2.806e-05
2024-03-15 11:21:12,3637.54,2.8e-05
2024-03-15 11:21:24,3639.85,2.803e-05
2024-03-15 11:21:36,3640.97,2.806e-05
2024-03-15 11:21:48,3642.07,2.807e-05
2024-03-15 11:22:00,3641.26,2.805e-05
2024-03-15 11:22:12,3636.52,2.799e-05
2024-03-15 11:22:24,3635.21,2.794e-05
2024-03-15 11:22:36,3634.64,2.797e-05
2024-03-15 11:22:48,3634.55,2.796e-05
2024-03-15 11:23:00,3631.56,2.788e-05
2024-03-15 11:23:12,3630.0,2.784e-05
2024-03-15 11:23:24,3630.0,2.784e-05
2024-03-15 11:23:36,3631.8,2.785e-05
2024-03-15 11:23:48,3628.51,2.78e-05
2024-03-15 11:24:00,3631.84,2.782e-05
2024-03-15 11:24:12,3628.09,2.78e-05
2024-03-15 11:24:24,3627.85,2.773e-05
2024-03-15 11:24:36,3624.25,2.771e-05
2024-03-15 11:24:48,3627.56,2.777e-05
2024-03-15 11:25:00,3626.99,2.774e-05
2024-03-15 11:25:12,3625.79,2.772e-05
2024-03-15 11:25:24,3624.61,2.769e-05
2024-03-15 11:25:36,3629.94,2.776e-05
2024-03-15 11:25:48,3634.79,2.783e-05
2024-03-15 11:26:00,3633.94,2.78e-05
2024-03-15 11:26:12,3637.82,2.789e-05
2024-03-15 11:26:24,3638.74,2.793e-05
2024-03-15 11:26:36,3638.2,2.792e-05
2024-03-15 11:26:48,3635.01,2.786e-05
2024-03-15 11:27:00,3633.77,2.787e-05
2024-03-15 11:27:12,3634.01,2.788e-05
2024-03-15 11:27:24,3638.51,2.803e-05
2024-03-15 11:27:36,3634.24,2.798e-05
2024-03-15 11:27:48,3635.76,2.8e-05
2024-03-15 11:28:00,3635.83,2.799e-05
2024-03-15 11:28:12,3639.0,2.8e-05
2024-03-15 11:28:24,3638.01,2.798e-05
2024-03-15 11:28:36,3636.43,2.796e-05
2024-03-15 11:28:48,3632.1,2.787e-05
2024-03-15 11:29:00,3632.95,2.787e-05
2024-03-15 11:29:12,3633.4,2.795e-05
2024-03-15 11:29:24,3631.0,2.787e-05
2024-03-15 11:29:36,3630.4,2.787e-05
2024-03-15 11:29:48,3629.4,2.785e-05
2024-03-15 11:30:00,3626.85,2.779e-05
2024-03-15 11:30:12,3632.09,2.79e-05
2024-03-15 11:30:24,3635.32,2.797e-05
2024-03-15 11:30:36,3631.61,2.79e-05
2024-03-15 11:30:48,3635.99,2.798e-05
2024-03-15 11:31:00,3639.27,2.804e-05
2024-03-15 11:31:12,3643.96,2.814e-05
2024-03-15 11:31:24,3648.33,2.818e-05
2024-03-15 11:31:36,3644.79,2.816e-05
2024-03-15 11:31:48,3642.88,2.814e-05
2024-03-15 11:32:00,3647.16,2.818e-05
2024-03-15 11:32:12,3646.61,2.813e-05
2024-03-15 11:32:24,3645.89,2.815e-05
2024-03-15 11:32:36,3649.36,2.819e-05
2024-03-15 11:32:48,3651.41,2.82e-05
2024-03-15 11:33:00,3652.99,2.823e-05
2024-03-15 11:33:12,3650.81,2.823e-05
2024-03-15 11:33:24,3652.28,2.824e-05
2024-03-15 11:33:36,3652.74,2.824e-05
2024-03-15 11:33:48,3650.7,2.824e-05
2024-03-15 11:34:00,3650.21,2.823e-05
2024-03-15 11:34:12,3648.77,2.823e-05
2024-03-15 11:34:24,3650.23,2.823e-05
2024-03-15 11:34:36,3653.75,2.825e-05
2024-03-15 11:34:48,3656.0,2.826e-05
2024-03-15 11:35:00,3660.25,2.838e-05
2024-03-15 11:35:12,3664.25,2.843e-05
2024-03-15 11:35:24,3661.99,2.843e-05
2024-03-15 11:35:36,3663.22,2.847e-05
2024-03-15 11:35:48,3657.77,2.84e-05
2024-03-15 11:36:00,3658.08,2.842e-05
2024-03-15 11:36:12,3658.11,2.841e-05
2024-03-15 11:36:24,3654.33,2.833e-05
2024-03-15 11:36:36,3655.79,2.835e-05
2024-03-15 11:36:48,3659.09,2.841e-05
2024-03-15 11:37:00,3660.84,2.842e-05
2024-03-15 11:37:12,3662.61,2.842e-05
2024-03-15 11:37:24,3662.25,2.842e-05
2024-03-15 11:37:36,3663.6,2.844e-05
2024-03-15 11:37:48,3665.4,2.846e-05
2024-03-15 11:38:00,3664.81,2.846e-05
2024-03-15 11:38:12,3669.04,2.854e-05
2024-03-15 11:38:24,3670.34,2.863e-05
2024-03-15 11:38:36,3670.81,2.858e-05
2024-03-15 11:38:48,3672.06,2.865e-05
2024-03-15 11:39:00,3670.54,2.862e-05
2024-03-15 11:39:12,3668.22,2.855e-05
2024-03-15 11:39:24,3668.19,2.855e-05
2024-03-15 11:39:36,3673.25,2.859e-05
2024-03-15 11:39:48,3671.39,2.855e-05
2024-03-15 11:40:00,3671.72,2.857e-05
2024-03-15 11:40:12,3671.79,2.856e-05
2024-03-15 11:40:24,3672.45,2.859e-05
2024-03-15 11:40:36,3673.25,2.859e-05
2024-03-15 11:40:48,3673.3,2.859e-05
2024-03-15 11:41:00,3674.34,2.859e-05
2024-03-15 11:41:12,3671.23,2.856e-05
2024-03-15 11:41:24,3665.01,2.847e-05
2024-03-15 11:41:36,3668.89,2.847e-05
2024-03-15 11:41:48,3668.34,2.844e-05
2024-03-15 11:42:00,3667.81,2.843e-05
2024-03-15 11:42:12,3667.8,2.84e-05
2024-03-15 11:42:24,3670.04,2.845e-05
2024-03-15 11:42:36,3671.79,2.848e-05
2024-03-15 11:42:48,3670.99,2.848e-05
2024-03-15 11:43:00,3671.59,2.847e-05
2024-03-15 11:43:12,3670.2,2.847e-05
2024-03-15 11:43:24,3672.4,2.85e-05
2024-03-15 11:43:36,3673.84,2.854e-05
2024-03-15 11:43:48,3672.03,2.85e-05
2024-03-15 11:44:00,3669.12,2.844e-05
2024-03-15 11:44:12,3671.28,2.843e-05
2024-03-15 11:44:24,3668.92,2.842e-05
2024-03-15 11:44:36,3669.1,2.841e-05
2024-03-15 11:44:48,3668.27,2.84e-05
2024-03-15 11:45:00,3668.67,2.841e-05
2024-03-15 11:45:12,3671.59,2.846e-05
2024-03-15 11:45:24,3670.2,2.847e-05
2024-03-15 11:45:36,3669.16,2.844e-05
2024-03-15 11:45:48,3670.0,2.844e-05
2024-03-15 11:46:00,3672.49,2.849e-05
2024-03-15 11:46:12,3674.61,2.853e-05
2024-03-15 11:46:24,3681.35,2.858e-05
2024-03-15 11:46:36,3678.97,2.859e-05
2024-03-15 11:46:48,3677.45,2.857e-05
2024-03-15 11:47:00,3679.0,2.858e-05
2024-03-15 11:47:12,3678.6,2.861e-05
2024-03-15 11:47:24,3677.21,2.857e-05
2024-03-15 11:47:36,3675.68,2.854e-05
2024-03-15 11:47:48,3678.51,2.86e-05
2024-03-15 11:48:00,3678.74,2.857e-05
2024-03-15 11:48:12,3680.2,2.857e-05
2024-03-15 11:48:24,3681.29,2.859e-05
2024-03-15 11:48:36,3683.41,2.862e-05
2024-03-15 11:48:48,3679.17,2.858e-05
2024-03-15 11:49:00,3680.0,2.856e-05
2024-03-15 11:49:12,3676.33,2.85e-05
2024-03-15 11:49:24,3678.17,2.853e-05
2024-03-15 11:49:36,3676.99,2.85e-05
2024-03-15 11:49:48,3677.81,2.851e-05
2024-03-15 11:50:00,3677.84,2.852e-05
2024-03-15 11:50:12,3676.03,2.85e-05
2024-03-15 11:50:24,3676.8,2.852e-05
2024-03-15 11:50:36,3676.6,2.851e-05
2024-03-15 11:50:48,3676.65,2.851e-05
2024-03-15 11:51:00,3677.2,2.851e-05
2024-03-15 11:51:12,3676.39,2.853e-05
2024-03-15 11:51:24,3676.99,2.853e-05
2024-03-15 11:51:36,3677.07,2.854e-05
2024-03-15 11:51:48,3678.06,2.853e-05
2024-03-15 11:52:00,3679.0,2.855e-05
2024-03-15 11:52:12,3682.42,2.858e-05
2024-03-15 11:52:24,3682.68,2.859e-05
2024-03-15 11:52:36,3682.0,2.858e-05
2024-03-15 11:52:48,3682.61,2.858e-05
2024-03-15 11:53:00,3683.62,2.859e-05
2024-03-15 11:53:12,3683.82,2.861e-05
2024-03-15 11:53:24,3687.8,2.866e-05
2024-03-15 11:53:36,3683.82,2.863e-05
2024-03-15 11:53:48,3679.77,2.858e-05
2024-03-15 11:54:00,3682.39,2.862e-05
2024-03-15 11:54:12,3682.39,2.863e-05
2024-03-15 11:54:24,3680.39,2.86e-05
2024-03-15 11:54:36,3680.93,2.862e-05
2024-03-15 11:54:48,3680.22,2.862e-05
2024-03-15 11:55:00,3680.81,2.864e-05
2024-03-15 11:55:12,3680.37,2.865e-05
2024-03-15 11:55:24,3680.47,2.867e-05
2024-03-15 11:55:36,3680.42,2.866e-05
2024-03-15 11:55:48,3679.2,2.864e-05
2024-03-15 11:56:00,3682.12,2.867e-05
2024-03-15 11:56:12,3680.92,2.864e-05
2024-03-15 11:56:24,3681.81,2.866e-05
2024-03-15 11:56:36,3685.08,2.87e-05
2024-03-15 11:56:48,3685.71,2.875e-05
2024-03-15 11:57:00,3687.2,2.875e-05
2024-03-15 11:57:12,3686.44,2.873e-05
2024-03-15 11:57:24,3686.46,2.872e-05
2024-03-15 11:57:36,3687.23,2.871e-05
2024-03-15 11:57:48,3697.01,2.877e-05
2024-03-15 11:58:00,3695.22,2.874e-05
2024-03-15 11:58:12,3692.6,2.873e-05
2024-03-15 11:58:24,3691.66,2.875e-05
2024-03-15 11:58:36,3688.0,2.867e-05
2024-03-15 11:58:48,3690.58,2.869e-05
2024-03-15 11:59:00,3688.69,2.866e-05
2024-03-15 11:59:12,3687.85,2.864e-05
2024-03-15 11:59:24,3686.24,2.861e-05
2024-03-15 11:59:36,3683.41,2.857e-05
2024-03-15 11:59:48,3685.79,2.86e-05
2024-03-15 12:00:00,3689.33,2.865e-05
2024-03-15 12:00:12,3686.95,2.86e-05
2024-03-15 12:00:24,3684.48,2.859e-05
2024-03-15 12:00:36,3683.47,2.855e-05
2024-03-15 12:00:48,3683.19,2.855e-05
2024-03-15 12:01:00,3684.19,2.854e-05
2024-03-15 12:01:12,3688.65,2.861e-05
2024-03-15 12:01:24,3685.4,2.857e-05
2024-03-15 12:01:36,3688.12,2.861e-05
2024-03-15 12:01:48,3686.8,2.858e-05
2024-03-15 12:02:00,3687.65,2.858e-05
2024-03-15 12:02:12,3687.5,2.86e-05
2024-03-15 12:02:24,3691.97,2.867e-05
2024-03-15 12:02:36,3692.56,2.867e-05
2024-03-15 12:02:48,3695.8,2.87e-05
2024-03-15 12:03:00,3697.55,2.872e-05
2024-03-15 12:03:12,3695.52,2.87e-05
2024-03-15 12:03:24,3695.39,2.87e-05
2024-03-15 12:03:36,3692.69,2.867e-05
2024-03-15 12:03:48,3693.4,2.868e-05
2024-03-15 12:04:00,3692.69,2.868e-05
2024-03-15 12:04:12,3691.65,2.868e-05
2024-03-15 12:04:24,3692.17,2.867e-05
2024-03-15 12:04:36,3691.0,2.864e-05
2024-03-15 12:04:48,3689.23,2.86e-05
2024-03-15 12:05:00,3689.92,2.859e-05
2024-03-15 12:05:12,3688.42,2.859e-05
2024-03-15 12:05:24,3683.22,2.853e-05
2024-03-15 12:05:36,3683.0,2.852e-05
2024-03-15 12:05:48,3680.64,2.85e-05
2024-03-15 12:06:00,3681.58,2.852e-05
2024-03-15 12:06:12,3679.46,2.848e-05
2024-03-15 12:06:24,3681.9,2.852e-05
2024-03-15 12:06:36,3682.89,2.853e-05
2024-03-15 12:06:48,3684.05,2.855e-05
2024-03-15 12:07:00,3683.59,2.854e-05
2024-03-15 12:07:12,3682.09,2.853e-05
2024-03-15 12:07:24,3679.49,2.85e-05
2024-03-15 12:07:36,3677.84,2.847e-05
2024-03-15 12:07:48,3678.48,2.847e-05
2024-03-15 12:08:00,3679.81,2.847e-05
2024-03-15 12:08:12,3676.06,2.844e-05
2024-03-15 12:08:24,3678.03,2.847e-05
2024-03-15 12:08:36,3678.57,2.848e-05
2024-03-15 12:08:48,3677.4,2.849e-05
2024-03-15 12:09:00,3678.4,2.848e-05
2024-03-15 12:09:12,3681.84,2.852e-05
2024-03-15 12:09:24,3685.79,2.856e-05
2024-03-15 12:09:36,3686.52,2.854e-05
2024-03-15 12:09:48,3686.6,2.855e-05
2024-03-15 12:10:00,3685.55,2.855e-05
2024-03-15 12:10:12,3687.4,2.857e-05
2024-03-15 12:10:24,3684.25,2.855e-05
2024-03-15 12:10:36,3682.39,2.852e-05
2024-03-15 12:10:48,3682.6,2.853e-05
2024-03-15 12:11:00,3683.81,2.856e-05
2024-03-15 12:11:12,3686.19,2.859e-05
2024-03-15 12:11:24,3684.8,2.86e-05
2024-03-15 12:11:36,3681.81,2.855e-05
2024-03-15 12:11:48,3681.96,2.856e-05
2024-03-15 12:12:00,3682.59,2.856e-05
2024-03-15 12:12:12,3685.34,2.86e-05
2024-03-15 12:12:24,3685.8,2.86e-05
2024-03-15 12:12:36,3689.0,2.865e-05
2024-03-15 12:12:48,3688.88,2.864e-05
2024-03-15 12:13:00,3686.69,2.862e-05
2024-03-15 12:13:12,3684.53,2.856e-05
2024-03-15 12:13:24,3683.07,2.855e-05
2024-03-15 12:13:36,3681.01,2.851e-05
2024-03-15 12:13:48,3677.01,2.847e-05
2024-03-15 12:14:00,3677.24,2.846e-05
2024-03-15 12:14:12,3684.2,2.852e-05
2024-03-15 12:14:24,3681.61,2.848e-05
2024-03-15 12:14:36,3680.6,2.85e-05
2024-03-15 12:14:48,3681.28,2.852e-05
2024-03-15 12:15:00,3681.79,2.854e-05
2024-03-15 12:15:12,3682.36,2.854e-05
2024-03-15 12:15:24,3683.77,2.857e-05
2024-03-15 12:15:36,3683.45,2.856e-05
2024-03-15 12:15:48,3680.82,2.854e-05
2024-03-15 12:16:00,3679.99,2.855e-05
2024-03-15 12:16:12,3677.01,2.849e-05
2024-03-15 12:16:24,3675.25,2.847e-05
2024-03-15 12:16:36,3675.7,2.848e-05
2024-03-15 12:16:48,3673.01,2.844e-05
2024-03-15 12:17:00,3672.48,2.842e-05
2024-03-15 12:17:12,3672.99,2.842e-05
2024-03-15 12:17:24,3672.01,2.841e-05
2024-03-15 12:17:36,3672.12,2.84e-05
2024-03-15 12:17:48,3673.36,2.843e-05
2024-03-15 12:18:00,3676.11,2.848e-05
2024-03-15 12:18:12,3674.59,2.844e-05
2024-03-15 12:18:24,3676.79,2.846e-05
2024-03-15 12:18:36,3677.0,2.846e-05
2024-03-15 12:18:48,3675.03,2.843e-05
2024-03-15 12:19:00,3676.81,2.845e-05
2024-03-15 12:19:12,3676.61,2.844e-05
2024-03-15 12:19:24,3674.6,2.842e-05
2024-03-15 12:19:36,3675.31,2.843e-05
2024-03-15 12:19:48,3676.31,2.844e-05
2024-03-15 12:20:00,3674.41,2.842e-05
2024-03-15 12:20:12,3675.32,2.842e-05
2024-03-15 12:20:24,3674.35,2.842e-05
2024-03-15 12:20:36,3676.66,2.846e-05
2024-03-15 12:20:48,3679.99,2.85e-05
2024-03-15 12:21:00,3679.53,2.849e-05
2024-03-15 12:21:12,3679.15,2.852e-05
2024-03-15 12:21:24,3680.47,2.854e-05
2024-03-15 12:21:36,3684.2,2.859e-05
2024-03-15 12:21:48,3685.72,2.861e-05
2024-03-15 12:22:00,3686.49,2.863e-05
2024-03-15 12:22:12,3683.41,2.856e-05
2024-03-15 12:22:24,3688.62,2.859e-05
2024-03-15 12:22:36,3689.8,2.861e-05
2024-03-15 12:22:48,3690.6,2.865e-05
2024-03-15 12:23:00,3692.97,2.869e-05
2024-03-15 12:23:12,3693.32,2.87e-05
2024-03-15 12:23:24,3694.51,2.87e-05
2024-03-15 12:23:36,3694.37,2.871e-05
2024-03-15 12:23:48,3691.57,2.866e-05
2024-03-15 12:24:00,3693.35,2.867e-05
2024-03-15 12:24:12,3695.4,2.872e-05
2024-03-15 12:24:24,3696.7,2.869e-05
2024-03-15 12:24:36,3696.6,2.875e-05
2024-03-15 12:24:48,3697.18,2.874e-05
2024-03-15 12:25:00,3695.54,2.872e-05
2024-03-15 12:25:12,3696.6,2.875e-05
2024-03-15 12:25:24,3697.57,2.877e-05
2024-03-15 12:25:36,3699.35,2.883e-05
2024-03-15 12:25:48,3700.2,2.881e-05
2024-03-15 12:26:00,3699.79,2.881e-05
2024-03-15 12:26:12,3700.46,2.88e-05
2024-03-15 12:26:24,3701.13,2.88e-05
2024-03-15 12:26:36,3700.14,2.879e-05
2024-03-15 12:26:48,3701.21,2.878e-05
2024-03-15 12:27:00,3702.52,2.882e-05
2024-03-15 12:27:12,3704.2,2.881e-05
2024-03-15 12:27:24,3702.81,2.879e-05
2024-03-15 12:27:36,3699.24,2.873e-05
2024-03-15 12:27:48,3699.3,2.874e-05
2024-03-15 12:28:00,3699.0,2.873e-05
2024-03-15 12:28:12,3694.63,2.868e-05
2024-03-15 12:28:24,3693.99,2.866e-05
2024-03-15 12:28:36,3695.5,2.871e-05
2024-03-15 12:28:48,3696.48,2.872e-05
2024-03-15 12:29:00,3697.08,2.874e-05
2024-03-15 12:29:12,3696.25,2.874e-05
2024-03-15 12:29:24,3694.8,2.874e-05
2024-03-15 12:29:36,3696.2,2.879e-05
2024-03-15 12:29:48,3696.19,2.88e-05
2024-03-15 12:30:00,3695.79,2.881e-05
2024-03-15 12:30:12,3695.79,2.879e-05
2024-03-15 12:30:24,3697.8,2.882e-05
2024-03-15 12:30:36,3696.82,2.879e-05
2024-03-15 12:30:48,3700.43,2.879e-05
2024-03-15 12:31:00,3698.43,2.875e-05
2024-03-15 12:31:12,3697.8,2.875e-05
2024-03-15 12:31:24,3699.05,2.877e-05
2024-03-15 12:31:36,3698.77,2.877e-05
2024-03-15 12:31:48,3700.6,2.88e-05
2024-03-15 12:32:00,3700.99,2.883e-05
2024-03-15 12:32:12,3703.03,2.886e-05
2024-03-15 12:32:24,3704.59,2.888e-05
2024-03-15 12:32:36,3704.88,2.897e-05
2024-03-15 12:32:48,3703.68,2.892e-05
2024-03-15 12:33:00,3700.15,2.889e-05
2024-03-15 12:33:12,3703.7,2.894e-05
2024-03-15 12:33:24,3703.92,2.893e-05
2024-03-15 12:33:36,3703.72,2.894e-05
2024-03-15 12:33:48,3704.22,2.895e-05
2024-03-15 12:34:00,3704.2,2.899e-05
2024-03-15 12:34:12,3704.46,2.897e-05
2024-03-15 12:34:24,3704.59,2.895e-05
2024-03-15 12:34:36,3704.44,2.896e-05
2024-03-15 12:34:48,3704.45,2.897e-05
2024-03-15 12:35:00,3704.75,2.897e-05
2024-03-15 12:35:12,3706.14,2.905e-05
2024-03-15 12:35:24,3707.61,2.905e-05
2024-03-15 12:35:36,3707.28,2.904e-05
2024-03-15 12:35:48,3707.49,2.901e-05
2024-03-15 12:36:00,3703.48,2.893e-05
2024-03-15 12:36:12,3699.26,2.891e-05
2024-03-15 12:36:24,3697.63,2.886e-05
2024-03-15 12:36:36,3694.46,2.883e-05
2024-03-15 12:36:48,3695.32,2.888e-05
2024-03-15 12:37:00,3694.02,2.882e-05
2024-03-15 12:37:12,3689.48,2.878e-05
2024-03-15 12:37:24,3691.4,2.882e-05
2024-03-15 12:37:36,3688.15,2.87e-05
2024-03-15 12:37:48,3689.16,2.873e-05
2024-03-15 12:38:00,3689.24,2.873e-05
2024-03-15 12:38:12,3688.01,2.871e-05
2024-03-15 12:38:24,3691.56,2.879e-05
2024-03-15 12:38:36,3691.41,2.879e-05
2024-03-15 12:38:48,3689.55,2.878e-05
2024-03-15 12:39:00,3690.99,2.88e-05
2024-03-15 12:39:12,3691.4,2.88e-05
2024-03-15 12:39:24,3692.89,2.883e-05
2024-03-15 12:39:36,3694.44,2.882e-05
2024-03-15 12:39:48,3693.81,2.882e-05
2024-03-15 12:40:00,3692.2,2.877e-05
2024-03-15 12:40:12,3691.4,2.877e-05
2024-03-15 12:40:24,3686.48,2.869e-05
2024-03-15 12:40:36,3687.83,2.871e-05
2024-03-15 12:40:48,3688.54,2.874e-05
2024-03-15 12:41:00,3687.1,2.87e-05
2024-03-15 12:41:12,3686.41,2.87e-05
2024-03-15 12:41:24,3689.73,2.877e-05
2024-03-15 12:41:36,3690.39,2.877e-05
2024-03-15 12:41:48,3692.95,2.88e-05
2024-03-15 12:42:00,3690.62,2.875e-05
2024-03-15 12:42:12,3692.87,2.878e-05
2024-03-15 12:42:24,3690.66,2.874e-05
2024-03-15 12:42:36,3691.84,2.878e-05
2024-03-15 12:42:48,3690.2,2.875e-05
2024-03-15 12:43:00,3685.89,2.868e-05
2024-03-15 12:43:12,3684.66,2.867e-05
2024-03-15 12:43:24,3684.97,2.868e-05
2024-03-15 12:43:36,3684.8,2.872e-05
2024-03-15 12:43:48,3684.52,2.87e-05
2024-03-15 12:44:00,3686.2,2.872e-05
2024-03-15 12:44:12,3687.85,2.874e-05
2024-03-15 12:44:24,3686.07,2.872e-05
2024-03-15 12:44:36,3684.8,2.87e-05
2024-03-15 12:44:48,3685.51,2.872e-05
2024-03-15 12:45:00,3685.51,2.87e-05
2024-03-15 12:45:12,3685.39,2.87e-05
2024-03-15 12:45:24,3682.26,2.866e-05
2024-03-15 12:45:36,3684.4,2.868e-05
2024-03-15 12:45:48,3683.22,2.864e-05
2024-03-15 12:46:00,3683.3,2.865e-05
2024-03-15 12:46:12,3681.29,2.86e-05
2024-03-15 12:46:24,3683.38,2.864e-05
2024-03-15 12:46:36,3681.4,2.861e-05
2024-03-15 12:46:48,3681.21,2.857e-05
2024-03-15 12:47:00,3682.0,2.858e-05
2024-03-15 12:47:12,3685.36,2.867e-05
2024-03-15 12:47:24,3687.28,2.867e-05
2024-03-15 12:47:36,3689.13,2.87e-05
2024-03-15 12:47:48,3687.45,2.867e-05
2024-03-15 12:48:00,3685.8,2.864e-05
2024-03-15 12:48:12,3686.57,2.865e-05
2024-03-15 12:48:24,3683.92,2.859e-05
2024-03-15 12:48:36,3684.99,2.86e-05
2024-03-15 12:48:48,3685.4,2.86e-05
2024-03-15 12:49:00,3685.56,2.859e-05
2024-03-15 12:49:12,3686.55,2.862e-05
2024-03-15 12:49:24,3688.2,2.865e-05
2024-03-15 12:49:36,3688.99,2.867e-05
2024-03-15 12:49:48,3688.84,2.866e-05
2024-03-15 12:50:00,3687.41,2.866e-05
2024-03-15 12:50:12,3687.8,2.866e-05
2024-03-15 12:50:24,3689.43,2.868e-05
2024-03-15 12:50:36,3688.61,2.868e-05
2024-03-15 12:50:48,3689.0,2.867e-05
2024-03-15 12:51:00,3686.53,2.862e-05
2024-03-15 12:51:12,3685.01,2.859e-05
2024-03-15 12:51:24,3686.49,2.862e-05
2024-03-15 12:51:36,3686.82,2.864e-05
2024-03-15 12:51:48,3688.54,2.867e-05
2024-03-15 12:52:00,3689.39,2.867e-05
2024-03-15 12:52:12,3690.99,2.872e-05
2024-03-15 12:52:24,3691.81,2.872e-05
2024-03-15 12:52:36,3696.34,2.882e-05
2024-03-15 12:52:48,3694.75,2.876e-05
2024-03-15 12:53:00,3695.81,2.879e-05
2024-03-15 12:53:12,3695.0,2.878e-05
2024-03-15 12:53:24,3693.58,2.876e-05
2024-03-15 12:53:36,3693.0,2.876e-05
2024-03-15 12:53:48,3692.48,2.876e-05
2024-03-15 12:54:00,3694.15,2.877e-05
2024-03-15 12:54:12,3694.55,2.876e-05
2024-03-15 12:54:24,3694.8,2.876e-05
2024-03-15 12:54:36,3693.22,2.874e-05
2024-03-15 12:54:48,3692.89,2.873e-05
2024-03-15 12:55:00,3691.54,2.871e-05
2024-03-15 12:55:12,3691.8,2.871e-05
2024-03-15 12:55:24,3691.06,2.872e-05
2024-03-15 12:55:36,3691.63,2.873e-05
2024-03-15 12:55:48,3692.99,2.875e-05
2024-03-15 12:56:00,3695.31,2.881e-05
2024-03-15 12:56:12,3697.4,2.883e-05
2024-03-15 12:56:24,3696.91,2.881e-05
2024-03-15 12:56:36,3695.79,2.878e-05
2024-03-15 12:56:48,3695.83,2.878e-05
2024-03-15 12:57:00,3697.31,2.88e-05
2024-03-15 12:57:12,3695.2,2.875e-05
2024-03-15 12:57:24,3693.4,2.874e-05
2024-03-15 12:57:36,3694.88,2.876e-05
2024-03-15 12:57:48,3697.12,2.878e-05
2024-03-15 12:58:00,3698.45,2.881e-05
2024-03-15 12:58:12,3698.34,2.883e-05
2024-03-15 12:58:24,3698.05,2.882e-05
2024-03-15 12:58:36,3698.2,2.881e-05
2024-03-15 12:58:48,3699.8,2.883e-05
2024-03-15 12:59:00,3699.13,2.883e-05
2024-03-15 12:59:12,3698.77,2.882e-05
2024-03-15 12:59:24,3698.4,2.881e-05
2024-03-15 12:59:36,3698.76,2.882e-05
2024-03-15 12:59:48,3698.77,2.882e-05
2024-03-15 13:00:00,3697.32,2.881e-05
2024-03-15 13:00:12,3698.02,2.878e-05
2024-03-15 13:00:24,3695.8,2.877e-05
2024-03-15 13:00:36,3694.9,2.877e-05
2024-03-15 13:00:48,3695.8,2.88e-05
2024-03-15 13:01:00,3697.8,2.885e-05
2024-03-15 13:01:12,3694.91,2.881e-05
2024-03-15 13:01:24,3695.0,2.88e-05
2024-03-15 13:01:36,3694.46,2.882e-05
2024-03-15 13:01:48,3696.72,2.888e-05
2024-03-15 13:02:00,3696.83,2.887e-05
2024-03-15 13:02:12,3698.74,2.895e-05
2024-03-15 13:02:24,3700.9,2.897e-05
2024-03-15 13:02:36,3702.99,2.898e-05
2024-03-15 13:02:48,3704.76,2.896e-05
2024-03-15 13:03:00,3704.46,2.898e-05
2024-03-15 13:03:12,3705.8,2.898e-05
2024-03-15 13:03:24,3706.83,2.9e-05
2024-03-15 13:03:36,3711.37,2.901e-05
2024-03-15 13:03:48,3711.81,2.901e-05
2024-03-15 13:04:00,3711.37,2.903e-05
2024-03-15 13:04:12,3708.12,2.897e-05
2024-03-15 13:04:24,3710.32,2.904e-05
2024-03-15 13:04:36,3711.33,2.91e-05
2024-03-15 13:04:48,3711.37,2.909e-05
2024-03-15 13:05:00,3711.9,2.912e-05
2024-03-15 13:05:12,3712.08,2.912e-05
2024-03-15 13:05:24,3711.62,2.913e-05
2024-03-15 13:05:36,3711.53,2.911e-05
2024-03-15 13:05:48,3709.99,2.909e-05
2024-03-15 13:06:00,3712.18,2.911e-05
2024-03-15 13:06:12,3714.77,2.913e-05
2024-03-15 13:06:24,3717.23,2.915e-05
2024-03-15 13:06:36,3719.61,2.919e-05
2024-03-15 13:06:48,3720.58,2.92e-05
2024-03-15 13:07:00,3721.62,2.922e-05
2024-03-15 13:07:12,3717.4,2.917e-05
2024-03-15 13:07:24,3720.78,2.92e-05
2024-03-15 13:07:36,3721.86,2.921e-05
2024-03-15 13:07:48,3725.22,2.924e-05
2024-03-15 13:08:00,3724.94,2.929e-05
2024-03-15 13:08:12,3722.01,2.922e-05
2024-03-15 13:08:24,3722.0,2.917e-05
2024-03-15 13:08:36,3720.01,2.917e-05
2024-03-15 13:08:48,3715.36,2.915e-05
2024-03-15 13:09:00,3708.65,2.908e-05
2024-03-15 13:09:12,3713.14,2.91e-05
2024-03-15 13:09:24,3709.62,2.904e-05
2024-03-15 13:09:36,3707.73,2.901e-05
2024-03-15 13:09:48,3708.96,2.901e-05
2024-03-15 13:10:00,3710.15,2.902e-05
2024-03-15 13:10:12,3708.31,2.902e-05
2024-03-15 13:10:24,3705.76,2.898e-05
2024-03-15 13:10:36,3707.41,2.899e-05
2024-03-15 13:10:48,3706.61,2.899e-05
2024-03-15 13:11:00,3708.4,2.9e-05
2024-03-15 13:11:12,3711.45,2.904e-05
2024-03-15 13:11:24,3707.9,2.897e-05
2024-03-15 13:11:36,3705.0,2.894e-05
2024-03-15 13:11:48,3704.78,2.896e-05
2024-03-15 13:12:00,3705.09,2.894e-05
2024-03-15 13:12:12,3705.55,2.894e-05
2024-03-15 13:12:24,3701.94,2.887e-05
2024-03-15 13:12:36,3702.25,2.888e-05
2024-03-15 13:12:48,3700.22,2.885e-05
2024-03-15 13:13:00,3700.22,2.886e-05
2024-03-15 13:13:12,3697.91,2.884e-05
2024-03-15 13:13:24,3696.29,2.881e-05
2024-03-15 13:13:36,3699.1,2.884e-05
2024-03-15 13:13:48,3699.82,2.885e-05
2024-03-15 13:14:00,3699.0,2.884e-05
2024-03-15 13:14:12,3696.58,2.879e-05
2024-03-15 13:14:24,3701.33,2.886e-05
2024-03-15 13:14:36,3703.45,2.89e-05
2024-03-15 13:14:48,3703.46,2.891e-05
2024-03-15 13:15:00,3705.2,2.894e-05
2024-03-15 13:15:12,3702.96,2.892e-05
2024-03-15 13:15:24,3702.21,2.891e-05
2024-03-15 13:15:36,3700.35,2.886e-05
2024-03-15 13:15:48,3698.29,2.883e-05
2024-03-15 13:16:00,3696.2,2.881e-05
2024-03-15 13:16:12,3696.6,2.88e-05
2024-03-15 13:16:24,3695.17,2.879e-05
2024-03-15 13:16:36,3695.6,2.879e-05
2024-03-15 13:16:48,3693.04,2.874e-05
2024-03-15 13:17:00,3692.57,2.875e-05
2024-03-15 13:17:12,3695.17,2.876e-05
2024-03-15 13:17:24,3698.89,2.88e-05
2024-03-15 13:17:36,3700.22,2.88e-05
2024-03-15 13:17:48,3697.4,2.877e-05
2024-03-15 13:18:00,3698.63,2.882e-05
2024-03-15 13:18:12,3700.94,2.888e-05
2024-03-15 13:18:24,3698.64,2.886e-05
2024-03-15 13:18:36,3697.05,2.885e-05
2024-03-15 13:18:48,3695.51,2.881e-05
2024-03-15 13:19:00,3696.57,2.885e-05
2024-03-15 13:19:12,3696.19,2.884e-05
2024-03-15 13:19:24,3698.2,2.888e-05
2024-03-15 13:19:36,3696.06,2.885e-05
2024-03-15 13:19:48,3696.6,2.885e-05
2024-03-15 13:20:00,3696.69,2.884e-05
2024-03-15 13:20:12,3695.2,2.88e-05
2024-03-15 13:20:24,3692.56,2.879e-05
2024-03-15 13:20:36,3690.8,2.878e-05
2024-03-15 13:20:48,3693.4,2.884e-05
2024-03-15 13:21:00,3693.19,2.882e-05
2024-03-15 13:21:12,3690.33,2.877e-05
2024-03-15 13:21:24,3692.46,2.88e-05
2024-03-15 13:21:36,3692.2,2.881e-05
2024-03-15 13:21:48,3692.32,2.881e-05
2024-03-15 13:22:00,3691.38,2.879e-05
2024-03-15 13:22:12,3690.67,2.879e-05
2024-03-15 13:22:24,3692.55,2.883e-05
2024-03-15 13:22:36,3690.64,2.882e-05
2024-03-15 13:22:48,3688.08,2.876e-05
2024-03-15 13:23:00,3683.48,2.871e-05
2024-03-15 13:23:12,3682.18,2.872e-05
2024-03-15 13:23:24,3686.89,2.878e-05
2024-03-15 13:23:36,3686.54,2.875e-05
2024-03-15 13:23:48,3688.0,2.878e-05
2024-03-15 13:24:00,3688.46,2.878e-05
2024-03-15 13:24:12,3687.91,2.875e-05
2024-03-15 13:24:24,3687.0,2.877e-05
2024-03-15 13:24:36,3684.5,2.875e-05
2024-03-15 13:24:48,3685.2,2.873e-05
2024-03-15 13:25:00,3685.62,2.875e-05
2024-03-15 13:25:12,3686.85,2.876e-05
2024-03-15 13:25:24,3688.07,2.877e-05
2024-03-15 13:25:36,3689.31,2.875e-05
2024-03-15 13:25:48,3689.59,2.875e-05
2024-03-15 13:26:00,3691.0,2.877e-05
2024-03-15 13:26:12,3688.02,2.874e-05
2024-03-15 13:26:24,3689.09,2.875e-05
2024-03-15 13:26:36,3689.58,2.874e-05
2024-03-15 13:26:48,3689.31,2.874e-05
2024-03-15 13:27:00,3688.4,2.874e-05
2024-03-15 13:27:12,3688.99,2.876e-05
2024-03-15 13:27:24,3690.0,2.877e-05
2024-03-15 13:27:36,3689.42,2.876e-05
2024-03-15 13:27:48,3690.39,2.877e-05
2024-03-15 13:28:00,3690.23,2.878e-05
2024-03-15 13:28:12,3690.24,2.879e-05
2024-03-15 13:28:24,3686.74,2.875e-05
2024-03-15 13:28:36,3687.72,2.876e-05
2024-03-15 13:28:48,3686.11,2.875e-05
2024-03-15 13:29:00,3685.01,2.874e-05
2024-03-15 13:29:12,3687.09,2.876e-05
2024-03-15 13:29:24,3688.53,2.879e-05
2024-03-15 13:29:36,3688.66,2.88e-05
2024-03-15 13:29:48,3688.66,2.878e-05
2024-03-15 13:30:00,3687.89,2.877e-05
2024-03-15 13:30:12,3683.41,2.87e-05
2024-03-15 13:30:24,3684.37,2.872e-05
2024-03-15 13:30:36,3676.18,2.862e-05
2024-03-15 13:30:48,3675.55,2.863e-05
2024-03-15 13:31:00,3674.79,2.861e-05
2024-03-15 13:31:12,3677.72,2.864e-05
2024-03-15 13:31:24,3680.0,2.867e-05
2024-03-15 13:31:36,3681.83,2.868e-05
2024-03-15 13:31:48,3679.81,2.865e-05
2024-03-15 13:32:00,3677.81,2.861e-05
2024-03-15 13:32:12,3675.91,2.858e-05
2024-03-15 13:32:24,3681.41,2.865e-05
2024-03-15 13:32:36,3681.0,2.862e-05
2024-03-15 13:32:48,3679.6,2.861e-05
2024-03-15 13:33:00,3679.48,2.863e-05
2024-03-15 13:33:12,3679.01,2.864e-05
2024-03-15 13:33:24,3678.06,2.863e-05
2024-03-15 13:33:36,3680.65,2.865e-05
2024-03-15 13:33:48,3679.73,2.865e-05
2024-03-15 13:34:00,3680.99,2.865e-05
2024-03-15 13:34:12,3680.83,2.863e-05
2024-03-15 13:34:24,3679.4,2.857e-05
2024-03-15 13:34:36,3682.19,2.858e-05
2024-03-15 13:34:48,3685.4,2.861e-05
2024-03-15 13:35:00,3688.34,2.865e-05
2024-03-15 13:35:12,3696.62,2.876e-05
2024-03-15 13:35:24,3694.92,2.875e-05
2024-03-15 13:35:36,3696.19,2.88e-05
2024-03-15 13:35:48,3694.08,2.878e-05
2024-03-15 13:36:00,3692.5,2.876e-05
2024-03-15 13:36:12,3695.64,2.883e-05
2024-03-15 13:36:24,3700.07,2.893e-05
2024-03-15 13:36:36,3706.09,2.899e-05
2024-03-15 13:36:48,3708.41,2.902e-05
2024-03-15 13:37:00,3706.46,2.903e-05
2024-03-15 13:37:12,3711.71,2.904e-05
2024-03-15 13:37:24,3711.29,2.903e-05
2024-03-15 13:37:36,3711.83,2.903e-05
2024-03-15 13:37:48,3707.08,2.895e-05
2024-03-15 13:38:00,3706.2,2.893e-05
2024-03-15 13:38:12,3707.99,2.896e-05
2024-03-15 13:38:24,3706.45,2.896e-05
2024-03-15 13:38:36,3707.95,2.898e-05
2024-03-15 13:38:48,3708.32,2.899e-05
2024-03-15 13:39:00,3710.92,2.902e-05
2024-03-15 13:39:12,3715.39,2.906e-05
2024-03-15 13:39:24,3714.41,2.904e-05
2024-03-15 13:39:36,3714.57,2.906e-05
2024-03-15 13:39:48,3718.4,2.91e-05
2024-03-15 13:40:00,3718.52,2.909e-05
2024-03-15 13:40:12,3718.72,2.909e-05
2024-03-15 13:40:24,3721.76,2.913e-05
2024-03-15 13:40:36,3719.4,2.91e-05
2024-03-15 13:40:48,3718.34,2.911e-05
2024-03-15 13:41:00,3718.45,2.911e-05
2024-03-15 13:41:12,3718.14,2.91e-05
2024-03-15 13:41:24,3720.47,2.912e-05
2024-03-15 13:41:36,3720.68,2.913e-05
2024-03-15 13:41:48,3718.2,2.912e-05
2024-03-15 13:42:00,3716.61,2.912e-05
2024-03-15 13:42:12,3715.0,2.909e-05
2024-03-15 13:42:24,3714.67,2.907e-05
2024-03-15 13:42:36,3716.0,2.907e-05
2024-03-15 13:42:48,3717.84,2.91e-05
2024-03-15 13:43:00,3717.66,2.91e-05
2024-03-15 13:43:12,3716.57,2.907e-05
2024-03-15 13:43:24,3718.51,2.911e-05
2024-03-15 13:43:36,3719.15,2.913e-05
2024-03-15 13:43:48,3719.27,2.911e-05
2024-03-15 13:44:00,3719.1,2.912e-05
2024-03-15 13:44:12,3716.22,2.909e-05
2024-03-15 13:44:24,3716.06,2.91e-05
2024-03-15 13:44:36,3715.53,2.908e-05
2024-03-15 13:44:48,3711.31,2.904e-05
2024-03-15 13:45:00,3712.2,2.905e-05
2024-03-15 13:45:12,3708.6,2.899e-05
2024-03-15 13:45:24,3713.14,2.904e-05
2024-03-15 13:45:36,3712.7,2.907e-05
2024-03-15 13:45:48,3716.6,2.913e-05
2024-03-15 13:46:00,3718.68,2.917e-05
2024-03-15 13:46:12,3717.5,2.914e-05
2024-03-15 13:46:24,3716.35,2.919e-05
2024-03-15 13:46:36,3714.26,2.919e-05
2024-03-15 13:46:48,3711.03,2.913e-05
2024-03-15 13:47:00,3709.8,2.909e-05
2024-03-15 13:47:12,3712.73,2.911e-05
2024-03-15 13:47:24,3713.6,2.912e-05
2024-03-15 13:47:36,3716.19,2.915e-05
2024-03-15 13:47:48,3719.0,2.922e-05
2024-03-15 13:48:00,3721.4,2.921e-05
2024-03-15 13:48:12,3723.54,2.925e-05
2024-03-15 13:48:24,3724.75,2.926e-05
2024-03-15 13:48:36,3724.6,2.931e-05
2024-03-15 13:48:48,3723.37,2.929e-05
2024-03-15 13:49:00,3725.41,2.931e-05
2024-03-15 13:49:12,3725.2,2.932e-05
2024-03-15 13:49:24,3725.24,2.931e-05
2024-03-15 13:49:36,3719.16,2.923e-05
2024-03-15 13:49:48,3721.53,2.927e-05
2024-03-15 13:50:00,3723.87,2.926e-05
2024-03-15 13:50:12,3724.14,2.926e-05
2024-03-15 13:50:24,3727.71,2.931e-05
2024-03-15 13:50:36,3726.62,2.933e-05
2024-03-15 13:50:48,3726.12,2.934e-05
2024-03-15 13:51:00,3724.89,2.936e-05
2024-03-15 13:51:12,3726.28,2.937e-05
2024-03-15 13:51:24,3726.31,2.935e-05
2024-03-15 13:51:36,3727.0,2.937e-05
2024-03-15 13:51:48,3727.72,2.936e-05
2024-03-15 13:52:00,3739.78,2.938e-05
2024-03-15 13:52:12,3732.39,2.934e-05
2024-03-15 13:52:24,3735.7,2.94e-05
2024-03-15 13:52:36,3731.86,2.935e-05
2024-03-15 13:52:48,3730.08,2.935e-05
2024-03-15 13:53:00,3731.47,2.937e-05
2024-03-15 13:53:12,3731.25,2.938e-05
2024-03-15 13:53:24,3728.35,2.936e-05
2024-03-15 13:53:36,3730.2,2.938e-05
2024-03-15 13:53:48,3730.48,2.938e-05
2024-03-15 13:54:00,3729.89,2.937e-05
2024-03-15 13:54:12,3726.21,2.934e-05
2024-03-15 13:54:24,3725.72,2.934e-05
2024-03-15 13:54:36,3728.2,2.939e-05
2024-03-15 13:54:48,3728.27,2.941e-05
2024-03-15 13:55:00,3728.2,2.94e-05
2024-03-15 13:55:12,3727.45,2.938e-05
2024-03-15 13:55:24,3732.7,2.943e-05
2024-03-15 13:55:36,3735.0,2.947e-05
2024-03-15 13:55:48,3733.69,2.951e-05
2024-03-15 13:56:00,3731.88,2.951e-05
2024-03-15 13:56:12,3734.16,2.956e-05
2024-03-15 13:56:24,3732.26,2.953e-05
2024-03-15 13:56:36,3729.81,2.952e-05
2024-03-15 13:56:48,3727.0,2.946e-05
2024-03-15 13:57:00,3727.0,2.948e-05
2024-03-15 13:57:12,3720.99,2.938e-05
2024-03-15 13:57:24,3720.61,2.937e-05
2024-03-15 13:57:36,3720.83,2.936e-05
2024-03-15 13:57:48,3722.91,2.938e-05
2024-03-15 13:58:00,3722.39,2.936e-05
2024-03-15 13:58:12,3721.81,2.936e-05
2024-03-15 13:58:24,3717.97,2.931e-05
2024-03-15 13:58:36,3717.2,2.93e-05
2024-03-15 13:58:48,3718.44,2.932e-05
2024-03-15 13:59:00,3719.39,2.933e-05
2024-03-15 13:59:12,3722.05,2.938e-05
2024-03-15 13:59:24,3721.8,2.937e-05
2024-03-15 13:59:36,3722.17,2.939e-05
2024-03-15 13:59:48,3723.41,2.94e-05
2024-03-15 14:00:00,3723.41,2.942e-05
2024-03-15 14:00:12,3722.77,2.94e-05
2024-03-15 14:00:24,3725.98,2.948e-05
2024-03-15 14:00:36,3729.61,2.95e-05
2024-03-15 14:00:48,3730.01,2.948e-05
2024-03-15 14:01:00,3726.74,2.941e-05
2024-03-15 14:01:12,3722.85,2.936e-05
2024-03-15 14:01:24,3724.46,2.941e-05
2024-03-15 14:01:36,3720.47,2.932e-05
2024-03-15 14:01:48,3719.4,2.932e-05
2024-03-15 14:02:00,3718.53,2.934e-05
2024-03-15 14:02:12,3713.21,2.929e-05
2024-03-15 14:02:24,3708.16,2.922e-05
2024-03-15 14:02:36,3707.33,2.922e-05
2024-03-15 14:02:48,3709.04,2.925e-05
2024-03-15 14:03:00,3709.85,2.922e-05
2024-03-15 14:03:12,3715.79,2.928e-05
2024-03-15 14:03:24,3716.8,2.928e-05
2024-03-15 14:03:36,3715.6,2.926e-05
2024-03-15 14:03:48,3715.93,2.926e-05
2024-03-15 14:04:00,3718.28,2.927e-05
2024-03-15 14:04:12,3717.24,2.925e-05
2024-03-15 14:04:24,3712.69,2.918e-05
2024-03-15 14:04:36,3710.68,2.919e-05
2024-03-15 14:04:48,3710.65,2.92e-05
2024-03-15 14:05:00,3712.5,2.921e-05
2024-03-15 14:05:12,3708.55,2.913e-05
2024-03-15 14:05:24,3705.46,2.911e-05
2024-03-15 14:05:36,3703.96,2.912e-05
2024-03-15 14:05:48,3703.19,2.91e-05
2024-03-15 14:06:00,3705.0,2.912e-05
2024-03-15 14:06:12,3702.67,2.91e-05
2024-03-15 14:06:24,3705.23,2.915e-05
2024-03-15 14:06:36,3703.01,2.91e-05
2024-03-15 14:06:48,3702.98,2.908e-05
2024-03-15 14:07:00,3704.2,2.911e-05
2024-03-15 14:07:12,3704.18,2.909e-05
2024-03-15 14:07:24,3702.76,2.906e-05
2024-03-15 14:07:36,3702.48,2.905e-05
2024-03-15 14:07:48,3701.5,2.904e-05
2024-03-15 14:08:00,3695.0,2.899e-05
2024-03-15 14:08:12,3699.14,2.905e-05
2024-03-15 14:08:24,3698.6,2.904e-05
2024-03-15 14:08:36,3698.2,2.905e-05
2024-03-15 14:08:48,3697.61,2.903e-05
2024-03-15 14:09:00,3694.12,2.9e-05
2024-03-15 14:09:12,3690.8,2.897e-05
2024-03-15 14:09:24,3692.31,2.901e-05
2024-03-15 14:09:36,3696.83,2.906e-05
2024-03-15 14:09:48,3696.85,2.906e-05
2024-03-15 14:10:00,3697.45,2.907e-05
2024-03-15 14:10:12,3697.99,2.907e-05
2024-03-15 14:10:24,3702.02,2.914e-05
2024-03-15 14:10:36,3702.23,2.913e-05
2024-03-15 14:10:48,3701.44,2.914e-05
2024-03-15 14:11:00,3703.14,2.916e-05
2024-03-15 14:11:12,3705.55,2.92e-05
2024-03-15 14:11:24,3704.41,2.917e-05
2024-03-15 14:11:36,3704.44,2.914e-05
2024-03-15 14:11:48,3704.33,2.913e-05
2024-03-15 14:12:00,3701.81,2.909e-05
2024-03-15 14:12:12,3701.95,2.907e-05
2024-03-15 14:12:24,3704.56,2.912e-05
2024-03-15 14:12:36,3705.15,2.912e-05
2024-03-15 14:12:48,3704.06,2.912e-05
2024-03-15 14:13:00,3702.61,2.91e-05
2024-03-15 14:13:12,3700.86,2.908e-05
2024-03-15 14:13:24,3702.03,2.91e-05
2024-03-15 14:13:36,3703.94,2.913e-05
2024-03-15 14:13:48,3704.69,2.913e-05
2024-03-15 14:14:00,3703.96,2.913e-05
2024-03-15 14:14:12,3704.09,2.912e-05
2024-03-15 14:14:24,3701.88,2.908e-05
2024-03-15 14:14:36,3696.4,2.902e-05
2024-03-15 14:14:48,3693.88,2.901e-05
2024-03-15 14:15:00,3698.96,2.909e-05
2024-03-15 14:15:12,3699.06,2.906e-05
2024-03-15 14:15:24,3700.85,2.909e-05
2024-03-15 14:15:36,3702.01,2.912e-05
2024-03-15 14:15:48,3702.41,2.911e-05
2024-03-15 14:16:00,3696.69,2.903e-05
2024-03-15 14:16:12,3695.08,2.899e-05
2024-03-15 14:16:24,3699.44,2.905e-05
2024-03-15 14:16:36,3702.18,2.91e-05
2024-03-15 14:16:48,3703.0,2.911e-05
2024-03-15 14:17:00,3703.01,2.91e-05
2024-03-15 14:17:12,3700.28,2.906e-05
2024-03-15 14:17:24,3701.94,2.907e-05
2024-03-15 14:17:36,3698.17,2.904e-05
2024-03-15 14:17:48,3699.31,2.905e-05
2024-03-15 14:18:00,3697.6,2.903e-05
2024-03-15 14:18:12,3695.89,2.902e-05
2024-03-15 14:18:24,3699.79,2.907e-05
2024-03-15 14:18:36,3700.49,2.908e-05
2024-03-15 14:18:48,3699.8,2.907e-05
2024-03-15 14:19:00,3700.41,2.907e-05
2024-03-15 14:19:12,3698.4,2.903e-05
2024-03-15 14:19:24,3696.85,2.901e-05
2024-03-15 14:19:36,3695.4,2.899e-05
2024-03-15 14:19:48,3696.55,2.9e-05
2024-03-15 14:20:00,3696.41,2.898e-05
2024-03-15 14:20:12,3697.99,2.9e-05
2024-03-15 14:20:24,3696.4,2.899e-05
2024-03-15 14:20:36,3697.79,2.901e-05
2024-03-15 14:20:48,3698.77,2.903e-05
2024-03-15 14:21:00,3696.0,2.9e-05
2024-03-15 14:21:12,3695.62,2.899e-05
2024-03-15 14:21:24,3698.98,2.904e-05
2024-03-15 14:21:36,3701.95,2.909e-05
2024-03-15 14:21:48,3700.6,2.906e-05
2024-03-15 14:22:00,3700.21,2.904e-05
2024-03-15 14:22:12,3700.34,2.905e-05
2024-03-15 14:22:24,3705.23,2.909e-05
2024-03-15 14:22:36,3706.9,2.91e-05
2024-03-15 14:22:48,3706.32,2.909e-05
2024-03-15 14:23:00,3704.01,2.908e-05
2024-03-15 14:23:12,3700.63,2.903e-05
2024-03-15 14:23:24,3700.89,2.904e-05
2024-03-15 14:23:36,3701.13,2.904e-05
2024-03-15 14:23:48,3701.07,2.902e-05
2024-03-15 14:24:00,3702.6,2.904e-05
2024-03-15 14:24:12,3703.58,2.907e-05
2024-03-15 14:24:24,3704.99,2.909e-05
2024-03-15 14:24:36,3709.0,2.915e-05
2024-03-15 14:24:48,3714.27,2.927e-05
2024-03-15 14:25:00,3710.98,2.92e-05
2024-03-15 14:25:12,3717.42,2.928e-05
2024-03-15 14:25:24,3715.7,2.923e-05
2024-03-15 14:25:36,3716.81,2.924e-05
2024-03-15 14:25:48,3717.21,2.926e-05
2024-03-15 14:26:00,3715.05,2.924e-05
2024-03-15 14:26:12,3715.12,2.921e-05
2024-03-15 14:26:24,3715.54,2.923e-05
2024-03-15 14:26:36,3718.08,2.924e-05
2024-03-15 14:26:48,3718.5,2.926e-05
2024-03-15 14:27:00,3718.19,2.927e-05
2024-03-15 14:27:12,3717.39,2.927e-05
2024-03-15 14:27:24,3719.56,2.929e-05
2024-03-15 14:27:36,3717.98,2.924e-05
2024-03-15 14:27:48,3715.17,2.919e-05
2024-03-15 14:28:00,3712.73,2.917e-05
2024-03-15 14:28:12,3712.54,2.919e-05
2024-03-15 14:28:24,3706.48,2.915e-05
2024-03-15 14:28:36,3705.9,2.913e-05
2024-03-15 14:28:48,3705.96,2.913e-05
2024-03-15 14:29:00,3704.79,2.911e-05
2024-03-15 14:29:12,3708.0,2.917e-05
2024-03-15 14:29:24,3708.6,2.92e-05
2024-03-15 14:29:36,3706.46,2.916e-05
2024-03-15 14:29:48,3705.01,2.916e-05
2024-03-15 14:30:00,3699.4,2.911e-05
2024-03-15 14:30:12,3701.77,2.91e-05
2024-03-15 14:30:24,3703.8,2.913e-05
2024-03-15 14:30:36,3700.86,2.909e-05
2024-03-15 14:30:48,3704.2,2.914e-05
2024-03-15 14:31:00,3708.59,2.916e-05
2024-03-15 14:31:12,3704.16,2.91e-05
2024-03-15 14:31:24,3701.55,2.908e-05
2024-03-15 14:31:36,3701.56,2.91e-05
2024-03-15 14:31:48,3701.4,2.909e-05
2024-03-15 14:32:00,3700.46,2.907e-05
2024-03-15 14:32:12,3699.51,2.908e-05
2024-03-15 14:32:24,3699.09,2.91e-05
2024-03-15 14:32:36,3696.77,2.906e-05
2024-03-15 14:32:48,3690.11,2.897e-05
2024-03-15 14:33:00,3688.42,2.895e-05
2024-03-15 14:33:12,3689.2,2.897e-05
2024-03-15 14:33:24,3691.85,2.9e-05
2024-03-15 14:33:36,3690.54,2.895e-05
2024-03-15 14:33:48,3688.66,2.893e-05
2024-03-15 14:34:00,3690.84,2.894e-05
2024-03-15 14:34:12,3691.81,2.894e-05
2024-03-15 14:34:24,3693.41,2.897e-05
2024-03-15 14:34:36,3696.49,2.9e-05
2024-03-15 14:34:48,3694.62,2.897e-05
2024-03-15 14:35:00,3694.4,2.895e-05
2024-03-15 14:35:12,3693.76,2.893e-05
2024-03-15 14:35:24,3697.86,2.899e-05
2024-03-15 14:35:36,3697.79,2.899e-05
2024-03-15 14:35:48,3700.59,2.901e-05
2024-03-15 14:36:00,3700.47,2.903e-05
2024-03-15 14:36:12,3701.27,2.905e-05
2024-03-15 14:36:24,3701.89,2.903e-05
2024-03-15 14:36:36,3698.61,2.899e-05
2024-03-15 14:36:48,3698.6,2.9e-05
2024-03-15 14:37:00,3698.51,2.9e-05
2024-03-15 14:37:12,3701.25,2.902e-05
2024-03-15 14:37:24,3699.68,2.9e-05
2024-03-15 14:37:36,3697.4,2.896e-05
2024-03-15 14:37:48,3696.61,2.895e-05
2024-03-15 14:38:00,3696.6,2.895e-05
2024-03-15 14:38:12,3699.0,2.899e-05
2024-03-15 14:38:24,3702.39,2.903e-05
2024-03-15 14:38:36,3702.39,2.902e-05
2024-03-15 14:38:48,3704.98,2.905e-05
2024-03-15 14:39:00,3704.43,2.905e-05
2024-03-15 14:39:12,3705.14,2.907e-05
2024-03-15 14:39:24,3707.52,2.912e-05
2024-03-15 14:39:36,3706.71,2.91e-05
2024-03-15 14:39:48,3704.91,2.909e-05
2024-03-15 14:40:00,3703.64,2.907e-05
2024-03-15 14:40:12,3703.01,2.907e-05
2024-03-15 14:40:24,3703.0,2.907e-05
2024-03-15 14:40:36,3705.16,2.91e-05
2024-03-15 14:40:48,3705.79,2.912e-05
2024-03-15 14:41:00,3707.0,2.912e-05
2024-03-15 14:41:12,3704.62,2.907e-05
2024-03-15 14:41:24,3701.41,2.906e-05
2024-03-15 14:41:36,3697.1,2.903e-05
2024-03-15 14:41:48,3699.83,2.905e-05
2024-03-15 14:42:00,3699.58,2.904e-05
2024-03-15 14:42:12,3703.42,2.906e-05
2024-03-15 14:42:24,3705.14,2.909e-05
2024-03-15 14:42:36,3706.72,2.912e-05
2024-03-15 14:42:48,3708.59,2.917e-05
2024-03-15 14:43:00,3708.92,2.914e-05
2024-03-15 14:43:12,3706.58,2.91e-05
2024-03-15 14:43:24,3707.01,2.91e-05
2024-03-15 14:43:36,3707.14,2.911e-05
2024-03-15 14:43:48,3706.63,2.911e-05
2024-03-15 14:44:00,3708.24,2.912e-05
2024-03-15 14:44:12,3705.6,2.911e-05
2024-03-15 14:44:24,3703.85,2.908e-05
2024-03-15 14:44:36,3703.41,2.909e-05
2024-03-15 14:44:48,3701.91,2.906e-05
2024-03-15 14:45:00,3701.37,2.905e-05
2024-03-15 14:45:12,3694.64,2.898e-05
2024-03-15 14:45:24,3696.04,2.899e-05
2024-03-15 14:45:36,3694.3,2.897e-05
2024-03-15 14:45:48,3697.53,2.905e-05
2024-03-15 14:46:00,3696.79,2.902e-05
2024-03-15 14:46:12,3693.99,2.899e-05
2024-03-15 14:46:24,3694.79,2.899e-05
2024-03-15 14:46:36,3698.2,2.905e-05
2024-03-15 14:46:48,3698.59,2.905e-05
2024-03-15 14:47:00,3700.47,2.907e-05
2024-03-15 14:47:12,3701.63,2.909e-05
2024-03-15 14:47:24,3704.19,2.912e-05
2024-03-15 14:47:36,3703.0,2.911e-05
2024-03-15 14:47:48,3701.12,2.908e-05
2024-03-15 14:48:00,3701.8,2.908e-05
2024-03-15 14:48:12,3701.4,2.909e-05
2024-03-15 14:48:24,3705.45,2.915e-05
2024-03-15 14:48:36,3707.01,2.916e-05
2024-03-15 14:48:48,3707.61,2.919e-05
2024-03-15 14:49:00,3708.41,2.917e-05
2024-03-15 14:49:12,3707.61,2.917e-05
2024-03-15 14:49:24,3704.05,2.914e-05
2024-03-15 14:49:36,3702.2,2.912e-05
2024-03-15 14:49:48,3701.21,2.91e-05
2024-03-15 14:50:00,3703.64,2.913e-05
2024-03-15 14:50:12,3705.13,2.914e-05
2024-03-15 14:50:24,3704.39,2.911e-05
2024-03-15 14:50:36,3701.01,2.906e-05
2024-03-15 14:50:48,3702.23,2.91e-05
2024-03-15 14:51:00,3701.42,2.909e-05
2024-03-15 14:51:12,3704.46,2.912e-05
2024-03-15 14:51:24,3708.12,2.918e-05
2024-03-15 14:51:36,3711.26,2.922e-05
2024-03-15 14:51:48,3709.54,2.92e-05
2024-03-15 14:52:00,3712.2,2.92e-05
2024-03-15 14:52:12,3712.92,2.92e-05
2024-03-15 14:52:24,3710.46,2.92e-05
2024-03-15 14:52:36,3711.79,2.923e-05
2024-03-15 14:52:48,3711.72,2.923e-05
2024-03-15 14:53:00,3711.23,2.921e-05
2024-03-15 14:53:12,3711.83,2.921e-05
2024-03-15 14:53:24,3713.35,2.923e-05
2024-03-15 14:53:36,3714.6,2.923e-05
2024-03-15 14:53:48,3713.86,2.922e-05
2024-03-15 14:54:00,3714.99,2.923e-05
2024-03-15 14:54:12,3715.64,2.924e-05
2024-03-15 14:54:24,3712.6,2.922e-05
2024-03-15 14:54:36,3711.46,2.921e-05
2024-03-15 14:54:48,3710.76,2.921e-05
2024-03-15 14:55:00,3710.4,2.919e-05
2024-03-15 14:55:12,3708.41,2.915e-05
2024-03-15 14:55:24,3710.36,2.918e-05
2024-03-15 14:55:36,3711.28,2.92e-05
2024-03-15 14:55:48,3713.45,2.922e-05
2024-03-15 14:56:00,3716.51,2.925e-05
2024-03-15 14:56:12,3716.59,2.925e-05
2024-03-15 14:56:24,3718.61,2.926e-05
2024-03-15 14:56:36,3719.58,2.93e-05
2024-03-15 14:56:48,3717.81,2.929e-05
2024-03-15 14:57:00,3715.82,2.927e-05
2024-03-15 14:57:12,3715.42,2.928e-05
2024-03-15 14:57:24,3715.0,2.928e-05
2024-03-15 14:57:36,3717.0,2.929e-05
2024-03-15 14:57:48,3717.15,2.926e-05
2024-03-15 14:58:00,3714.68,2.924e-05
2024-03-15 14:58:12,3715.82,2.926e-05
2024-03-15 14:58:24,3717.0,2.928e-05
2024-03-15 14:58:36,3717.0,2.929e-05
2024-03-15 14:58:48,3718.57,2.931e-05
2024-03-15 14:59:00,3720.58,2.934e-05
2024-03-15 14:59:12,3719.72,2.933e-05
2024-03-15 14:59:24,3719.68,2.935e-05
2024-03-15 14:59:36,3720.97,2.935e-05
2024-03-15 14:59:48,3720.87,2.937e-05
2024-03-15 15:00:00,3720.8,2.937e-05
2024-03-15 15:00:12,3719.19,2.936e-05
2024-03-15 15:00:24,3717.95,2.933e-05
2024-03-15 15:00:36,3718.39,2.934e-05
2024-03-15 15:00:48,3715.6,2.929e-05
2024-03-15 15:01:00,3713.95,2.929e-05
2024-03-15 15:01:12,3711.67,2.929e-05
2024-03-15 15:01:24,3713.24,2.931e-05
2024-03-15 15:01:36,3715.8,2.935e-05
2024-03-15 15:01:48,3719.25,2.937e-05
2024-03-15 15:02:00,3720.8,2.938e-05
2024-03-15 15:02:12,3722.8,2.943e-05
2024-03-15 15:02:24,3723.13,2.941e-05
2024-03-15 15:02:36,3715.31,2.934e-05
2024-03-15 15:02:48,3717.49,2.935e-05
2024-03-15 15:03:00,3715.26,2.934e-05
2024-03-15 15:03:12,3716.21,2.935e-05
2024-03-15 15:03:24,3716.6,2.934e-05
2024-03-15 15:03:36,3719.0,2.936e-05
2024-03-15 15:03:48,3720.13,2.939e-05
2024-03-15 15:04:00,3720.23,2.939e-05
2024-03-15 15:04:12,3721.0,2.94e-05
2024-03-15 15:04:24,3725.15,2.948e-05
2024-03-15 15:04:36,3723.2,2.95e-05
2024-03-15 15:04:48,3719.83,2.942e-05
2024-03-15 15:05:00,3717.64,2.94e-05
2024-03-15 15:05:12,3715.81,2.937e-05
2024-03-15 15:05:24,3714.46,2.934e-05
2024-03-15 15:05:36,3714.11,2.937e-05
2024-03-15 15:05:48,3710.48,2.933e-05
2024-03-15 15:06:00,3710.48,2.933e-05
2024-03-15 15:06:12,3710.32,2.931e-05
2024-03-15 15:06:24,3708.01,2.929e-05
2024-03-15 15:06:36,3708.61,2.928e-05
2024-03-15 15:06:48,3701.96,2.922e-05
2024-03-15 15:07:00,3706.08,2.925e-05
2024-03-15 15:07:12,3704.61,2.922e-05
2024-03-15 15:07:24,3705.07,2.924e-05
2024-03-15 15:07:36,3706.5,2.924e-05
2024-03-15 15:07:48,3706.67,2.925e-05
2024-03-15 15:08:00,3706.03,2.923e-05
2024-03-15 15:08:12,3707.6,2.925e-05
2024-03-15 15:08:24,3703.7,2.919e-05
2024-03-15 15:08:36,3703.01,2.916e-05
2024-03-15 15:08:48,3699.35,2.915e-05
2024-03-15 15:09:00,3697.06,2.913e-05
2024-03-15 15:09:12,3698.23,2.914e-05
2024-03-15 15:09:24,3698.05,2.913e-05
2024-03-15 15:09:36,3700.47,2.918e-05
2024-03-15 15:09:48,3700.0,2.914e-05
2024-03-15 15:10:00,3699.45,2.913e-05
2024-03-15 15:10:12,3701.2,2.914e-05
2024-03-15 15:10:24,3702.9,2.916e-05
2024-03-15 15:10:36,3704.01,2.917e-05
2024-03-15 15:10:48,3707.17,2.923e-05
2024-03-15 15:11:00,3706.81,2.922e-05
2024-03-15 15:11:12,3706.55,2.923e-05
2024-03-15 15:11:24,3708.19,2.923e-05
2024-03-15 15:11:36,3705.05,2.92e-05
2024-03-15 15:11:48,3705.29,2.92e-05
2024-03-15 15:12:00,3705.86,2.922e-05
2024-03-15 15:12:12,3707.8,2.924e-05
2024-03-15 15:12:24,3710.94,2.928e-05
2024-03-15 15:12:36,3712.34,2.929e-05
2024-03-15 15:12:48,3711.81,2.929e-05
2024-03-15 15:13:00,3711.19,2.928e-05
2024-03-15 15:13:12,3712.09,2.928e-05
2024-03-15 15:13:24,3710.85,2.926e-05
2024-03-15 15:13:36,3711.85,2.928e-05
2024-03-15 15:13:48,3710.8,2.927e-05
2024-03-15 15:14:00,3709.01,2.925e-05
2024-03-15 15:14:12,3707.39,2.925e-05
2024-03-15 15:14:24,3707.71,2.926e-05
2024-03-15 15:14:36,3708.16,2.927e-05
2024-03-15 15:14:48,3707.41,2.927e-05
2024-03-15 15:15:00,3708.89,2.928e-05
2024-03-15 15:15:12,3709.49,2.929e-05
2024-03-15 15:15:24,3707.6,2.927e-05
2024-03-15 15:15:36,3705.4,2.924e-05
2024-03-15 15:15:48,3702.36,2.918e-05
2024-03-15 15:16:00,3701.77,2.919e-05
2024-03-15 15:16:12,3702.19,2.918e-05
2024-03-15 15:16:24,3699.59,2.916e-05
2024-03-15 15:16:36,3702.39,2.919e-05
2024-03-15 15:16:48,3705.01,2.92e-05
2024-03-15 15:17:00,3706.05,2.92e-05
2024-03-15 15:17:12,3703.81,2.919e-05
2024-03-15 15:17:24,3701.09,2.915e-05
2024-03-15 15:17:36,3701.6,2.915e-05
2024-03-15 15:17:48,3700.62,2.913e-05
2024-03-15 15:18:00,3701.11,2.914e-05
2024-03-15 15:18:12,3701.19,2.914e-05
2024-03-15 15:18:24,3700.19,2.914e-05
2024-03-15 15:18:36,3698.21,2.908e-05
2024-03-15 15:18:48,3698.21,2.909e-05
2024-03-15 15:19:00,3697.77,2.909e-05
2024-03-15 15:19:12,3696.99,2.909e-05
2024-03-15 15:19:24,3699.27,2.913e-05
2024-03-15 15:19:36,3696.36,2.91e-05
2024-03-15 15:19:48,3696.6,2.911e-05
2024-03-15 15:20:00,3698.31,2.914e-05
2024-03-15 15:20:12,3700.4,2.917e-05
2024-03-15 15:20:24,3700.27,2.918e-05
2024-03-15 15:20:36,3700.25,2.92e-05
2024-03-15 15:20:48,3700.6,2.92e-05
2024-03-15 15:21:00,3699.12,2.919e-05
2024-03-15 15:21:12,3701.8,2.921e-05
2024-03-15 15:21:24,3702.84,2.921e-05
2024-03-15 15:21:36,3701.4,2.917e-05
2024-03-15 15:21:48,3700.8,2.915e-05
2024-03-15 15:22:00,3700.34,2.913e-05
2024-03-15 15:22:12,3699.16,2.912e-05
2024-03-15 15:22:24,3700.52,2.912e-05
2024-03-15 15:22:36,3701.4,2.913e-05
2024-03-15 15:22:48,3703.03,2.917e-05
2024-03-15 15:23:00,3701.01,2.916e-05
2024-03-15 15:23:12,3701.99,2.916e-05
2024-03-15 15:23:24,3705.4,2.92e-05
2024-03-15 15:23:36,3705.8,2.919e-05
2024-03-15 15:23:48,3704.27,2.916e-05
2024-03-15 15:24:00,3701.53,2.913e-05
2024-03-15 15:24:12,3700.2,2.909e-05
2024-03-15 15:24:24,3698.05,2.907e-05
2024-03-15 15:24:36,3697.18,2.905e-05
2024-03-15 15:24:48,3695.5,2.906e-05
2024-03-15 15:25:00,3695.08,2.906e-05
2024-03-15 15:25:12,3695.23,2.907e-05
2024-03-15 15:25:24,3694.6,2.906e-05
2024-03-15 15:25:36,3697.99,2.91e-05
2024-03-15 15:25:48,3699.68,2.913e-05
2024-03-15 15:26:00,3698.35,2.911e-05
2024-03-15 15:26:12,3696.01,2.905e-05
2024-03-15 15:26:24,3696.43,2.905e-05
2024-03-15 15:26:36,3698.2,2.907e-05
2024-03-15 15:26:48,3699.58,2.91e-05
2024-03-15 15:27:00,3699.31,2.907e-05
2024-03-15 15:27:12,3697.41,2.907e-05
2024-03-15 15:27:24,3698.63,2.911e-05
2024-03-15 15:27:36,3701.4,2.916e-05
2024-03-15 15:27:48,3702.54,2.916e-05
2024-03-15 15:28:00,3703.2,2.917e-05
2024-03-15 15:28:12,3705.79,2.921e-05
2024-03-15 15:28:24,3706.52,2.922e-05
2024-03-15 15:28:36,3705.89,2.921e-05
2024-03-15 15:28:48,3707.35,2.924e-05
2024-03-15 15:29:00,3705.16,2.918e-05
2024-03-15 15:29:12,3704.45,2.917e-05
2024-03-15 15:29:24,3703.63,2.917e-05
2024-03-15 15:29:36,3702.55,2.915e-05
2024-03-15 15:29:48,3701.52,2.914e-05
2024-03-15 15:30:00,3702.01,2.915e-05
2024-03-15 15:30:12,3700.61,2.914e-05
2024-03-15 15:30:24,3700.6,2.914e-05
2024-03-15 15:30:36,3702.05,2.916e-05
2024-03-15 15:30:48,3700.13,2.913e-05
2024-03-15 15:31:00,3700.52,2.914e-05
2024-03-15 15:31:12,3700.01,2.912e-05
2024-03-15 15:31:24,3701.8,2.915e-05
2024-03-15 15:31:36,3701.25,2.915e-05
2024-03-15 15:31:48,3703.0,2.916e-05
2024-03-15 15:32:00,3701.81,2.915e-05
2024-03-15 15:32:12,3698.66,2.912e-05
2024-03-15 15:32:24,3702.01,2.917e-05
2024-03-15 15:32:36,3699.91,2.912e-05
2024-03-15 15:32:48,3699.0,2.91e-05
2024-03-15 15:33:00,3697.81,2.912e-05
2024-03-15 15:33:12,3699.36,2.916e-05
2024-03-15 15:33:24,3699.5,2.914e-05
2024-03-15 15:33:36,3697.66,2.913e-05
2024-03-15 15:33:48,3694.91,2.909e-05
2024-03-15 15:34:00,3693.55,2.905e-05
2024-03-15 15:34:12,3693.02,2.903e-05
2024-03-15 15:34:24,3692.66,2.902e-05
2024-03-15 15:34:36,3694.3,2.902e-05
2024-03-15 15:34:48,3693.58,2.902e-05
2024-03-15 15:35:00,3692.79,2.899e-05
2024-03-15 15:35:12,3693.07,2.9e-05
2024-03-15 15:35:24,3692.4,2.9e-05
2024-03-15 15:35:36,3689.71,2.896e-05
2024-03-15 15:35:48,3693.26,2.905e-05
2024-03-15 15:36:00,3692.01,2.902e-05
2024-03-15 15:36:12,3692.99,2.903e-05
2024-03-15 15:36:24,3695.55,2.907e-05
2024-03-15 15:36:36,3696.28,2.907e-05
2024-03-15 15:36:48,3694.99,2.906e-05
2024-03-15 15:37:00,3694.41,2.907e-05
2024-03-15 15:37:12,3692.77,2.903e-05
2024-03-15 15:37:24,3697.39,2.91e-05
2024-03-15 15:37:36,3698.49,2.911e-05
2024-03-15 15:37:48,3697.24,2.909e-05
2024-03-15 15:38:00,3697.75,2.91e-05
2024-03-15 15:38:12,3697.99,2.911e-05
2024-03-15 15:38:24,3697.13,2.912e-05
2024-03-15 15:38:36,3698.5,2.914e-05
2024-03-15 15:38:48,3701.4,2.918e-05
2024-03-15 15:39:00,3699.85,2.914e-05
2024-03-15 15:39:12,3699.4,2.912e-05
2024-03-15 15:39:24,3696.01,2.908e-05
2024-03-15 15:39:36,3694.26,2.903e-05
2024-03-15 15:39:48,3693.71,2.903e-05
2024-03-15 15:40:00,3693.2,2.902e-05
2024-03-15 15:40:12,3691.28,2.899e-05
2024-03-15 15:40:24,3692.49,2.904e-05
2024-03-15 15:40:36,3695.25,2.907e-05
2024-03-15 15:40:48,3694.94,2.907e-05
2024-03-15 15:41:00,3695.99,2.908e-05
2024-03-15 15:41:12,3698.6,2.912e-05
2024-03-15 15:41:24,3699.69,2.915e-05
2024-03-15 15:41:36,3698.73,2.913e-05
2024-03-15 15:41:48,3700.2,2.913e-05
2024-03-15 15:42:00,3699.46,2.912e-05
2024-03-15 15:42:12,3699.69,2.913e-05
2024-03-15 15:42:24,3700.3,2.913e-05
2024-03-15 15:42:36,3700.36,2.914e-05
2024-03-15 15:42:48,3700.39,2.914e-05
2024-03-15 15:43:00,3700.4,2.914e-05
2024-03-15 15:43:12,3699.01,2.913e-05
2024-03-15 15:43:24,3700.09,2.913e-05
2024-03-15 15:43:36,3699.76,2.912e-05
2024-03-15 15:43:48,3700.78,2.915e-05
2024-03-15 15:44:00,3701.05,2.913e-05
2024-03-15 15:44:12,3700.91,2.913e-05
2024-03-15 15:44:24,3700.66,2.912e-05
2024-03-15 15:44:36,3701.59,2.912e-05
2024-03-15 15:44:48,3703.7,2.916e-05
2024-03-15 15:45:00,3703.39,2.916e-05
2024-03-15 15:45:12,3703.41,2.919e-05
2024-03-15 15:45:24,3701.05,2.917e-05
2024-03-15 15:45:36,3698.23,2.911e-05
2024-03-15 15:45:48,3696.2,2.908e-05
2024-03-15 15:46:00,3694.87,2.904e-05
2024-03-15 15:46:12,3695.38,2.903e-05
2024-03-15 15:46:24,3692.24,2.9e-05
2024-03-15 15:46:36,3692.01,2.901e-05
2024-03-15 15:46:48,3691.75,2.901e-05
2024-03-15 15:47:00,3690.99,2.9e-05
2024-03-15 15:47:12,3693.19,2.901e-05
2024-03-15 15:47:24,3691.61,2.899e-05
2024-03-15 15:47:36,3690.47,2.898e-05
2024-03-15 15:47:48,3691.68,2.9e-05
2024-03-15 15:48:00,3692.85,2.902e-05
2024-03-15 15:48:12,3692.19,2.902e-05
2024-03-15 15:48:24,3688.21,2.901e-05
2024-03-15 15:48:36,3685.53,2.898e-05
2024-03-15 15:48:48,3686.44,2.898e-05
2024-03-15 15:49:00,3686.62,2.898e-05
2024-03-15 15:49:12,3687.4,2.897e-05
2024-03-15 15:49:24,3689.14,2.9e-05
2024-03-15 15:49:36,3689.0,2.902e-05
2024-03-15 15:49:48,3690.45,2.903e-05
2024-03-15 15:50:00,3689.75,2.901e-05
2024-03-15 15:50:12,3688.32,2.898e-05
2024-03-15 15:50:24,3689.85,2.898e-05
2024-03-15 15:50:36,3690.95,2.9e-05
2024-03-15 15:50:48,3692.12,2.901e-05
2024-03-15 15:51:00,3693.19,2.902e-05
2024-03-15 15:51:12,3690.61,2.9e-05
2024-03-15 15:51:24,3689.62,2.897e-05
2024-03-15 15:51:36,3690.07,2.897e-05
2024-03-15 15:51:48,3689.51,2.898e-05
2024-03-15 15:52:00,3689.51,2.897e-05
2024-03-15 15:52:12,3691.74,2.899e-05
2024-03-15 15:52:24,3693.63,2.896e-05
2024-03-15 15:52:36,3693.3,2.896e-05
2024-03-15 15:52:48,3693.04,2.897e-05
2024-03-15 15:53:00,3693.5,2.896e-05
2024-03-15 15:53:12,3691.46,2.894e-05
2024-03-15 15:53:24,3689.33,2.893e-05
2024-03-15 15:53:36,3689.8,2.892e-05
2024-03-15 15:53:48,3688.78,2.89e-05
2024-03-15 15:54:00,3689.2,2.891e-05
2024-03-15 15:54:12,3690.27,2.894e-05
2024-03-15 15:54:24,3690.86,2.894e-05
2024-03-15 15:54:36,3690.85,2.894e-05
2024-03-15 15:54:48,3690.82,2.894e-05
2024-03-15 15:55:00,3690.41,2.894e-05
2024-03-15 15:55:12,3690.55,2.893e-05
2024-03-15 15:55:24,3690.59,2.893e-05
2024-03-15 15:55:36,3691.22,2.893e-05
2024-03-15 15:55:48,3691.75,2.893e-05
2024-03-15 15:56:00,3692.61,2.895e-05
2024-03-15 15:56:12,3692.99,2.896e-05
2024-03-15 15:56:24,3693.24,2.896e-05
2024-03-15 15:56:36,3693.24,2.895e-05
2024-03-15 15:56:48,3693.24,2.895e-05
2024-03-15 15:57:00,3693.24,2.894e-05
2024-03-15 15:57:12,3693.24,2.893e-05
2024-03-15 15:57:24,3690.74,2.891e-05
2024-03-15 15:57:36,3689.22,2.889e-05
2024-03-15 15:57:48,3690.42,2.89e-05
2024-03-15 15:58:00,3689.83,2.89e-05
2024-03-15 15:58:12,3688.21,2.889e-05
2024-03-15 15:58:24,3686.69,2.889e-05
2024-03-15 15:58:36,3684.85,2.888e-05
2024-03-15 15:58:48,3685.75,2.886e-05
2024-03-15 15:59:00,3686.22,2.887e-05
2024-03-15 15:59:12,3687.19,2.887e-05
2024-03-15 15:59:24,3688.0,2.889e-05
2024-03-15 15:59:36,3688.91,2.89e-05
2024-03-15 15:59:48,3689.4,2.89e-05
2024-03-15 16:00:00,3688.89,2.89e-05
2024-03-15 16:00:12,3689.77,2.889e-05
2024-03-15 16:00:24,3690.79,2.89e-05
2024-03-15 16:00:36,3691.77,2.89e-05
2024-03-15 16:00:48,3693.2,2.894e-05
2024-03-15 16:01:00,3692.83,2.893e-05
2024-03-15 16:01:12,3692.91,2.895e-05
2024-03-15 16:01:24,3692.66,2.895e-05
2024-03-15 16:01:36,3691.41,2.894e-05
2024-03-15 16:01:48,3691.95,2.896e-05
2024-03-15 16:02:00,3693.0,2.896e-05
2024-03-15 16:02:12,3694.2,2.899e-05
2024-03-15 16:02:24,3694.69,2.9e-05
2024-03-15 16:02:36,3694.7,2.9e-05
2024-03-15 16:02:48,3692.61,2.894e-05
2024-03-15 16:03:00,3690.39,2.893e-05
2024-03-15 16:03:12,3689.53,2.892e-05
2024-03-15 16:03:24,3687.24,2.888e-05
2024-03-15 16:03:36,3686.46,2.884e-05
2024-03-15 16:03:48,3684.31,2.882e-05
2024-03-15 16:04:00,3682.0,2.88e-05
2024-03-15 16:04:12,3685.4,2.887e-05
2024-03-15 16:04:24,3683.42,2.883e-05
2024-03-15 16:04:36,3683.51,2.881e-05
2024-03-15 16:04:48,3683.99,2.881e-05
2024-03-15 16:05:00,3680.41,2.874e-05
2024-03-15 16:05:12,3677.47,2.871e-05
2024-03-15 16:05:24,3679.39,2.872e-05
2024-03-15 16:05:36,3679.35,2.873e-05
2024-03-15 16:05:48,3676.43,2.868e-05
2024-03-15 16:06:00,3675.0,2.866e-05
2024-03-15 16:06:12,3670.92,2.863e-05
2024-03-15 16:06:24,3674.25,2.867e-05
2024-03-15 16:06:36,3664.39,2.856e-05
2024-03-15 16:06:48,3666.56,2.857e-05
2024-03-15 16:07:00,3665.97,2.857e-05
2024-03-15 16:07:12,3671.85,2.866e-05
2024-03-15 16:07:24,3668.21,2.86e-05
2024-03-15 16:07:36,3670.84,2.862e-05
2024-03-15 16:07:48,3668.98,2.86e-05
2024-03-15 16:08:00,3669.86,2.859e-05
2024-03-15 16:08:12,3669.79,2.857e-05
2024-03-15 16:08:24,3670.72,2.859e-05
2024-03-15 16:08:36,3673.14,2.862e-05
2024-03-15 16:08:48,3670.8,2.86e-05
2024-03-15 16:09:00,3674.11,2.862e-05
2024-03-15 16:09:12,3674.85,2.86e-05
2024-03-15 16:09:24,3667.26,2.852e-05
2024-03-15 16:09:36,3662.8,2.85e-05
2024-03-15 16:09:48,3664.2,2.849e-05
2024-03-15 16:10:00,3666.38,2.851e-05
2024-03-15 16:10:12,3665.86,2.85e-05
2024-03-15 16:10:24,3660.54,2.843e-05
2024-03-15 16:10:36,3666.43,2.851e-05
2024-03-15 16:10:48,3667.39,2.853e-05
2024-03-15 16:11:00,3668.09,2.851e-05
2024-03-15 16:11:12,3668.6,2.851e-05
2024-03-15 16:11:24,3669.61,2.852e-05
2024-03-15 16:11:36,3672.23,2.855e-05
2024-03-15 16:11:48,3670.89,2.853e-05
2024-03-15 16:12:00,3672.59,2.853e-05
2024-03-15 16:12:12,3668.6,2.849e-05
2024-03-15 16:12:24,3669.47,2.851e-05
2024-03-15 16:12:36,3672.39,2.849e-05
2024-03-15 16:12:48,3675.53,2.855e-05
2024-03-15 16:13:00,3673.64,2.852e-05
2024-03-15 16:13:12,3674.6,2.852e-05
2024-03-15 16:13:24,3675.39,2.855e-05
2024-03-15 16:13:36,3673.41,2.855e-05
2024-03-15 16:13:48,3673.21,2.855e-05
2024-03-15 16:14:00,3671.44,2.856e-05
2024-03-15 16:14:12,3673.74,2.858e-05
2024-03-15 16:14:24,3671.8,2.859e-05
2024-03-15 16:14:36,3668.36,2.856e-05
2024-03-15 16:14:48,3665.01,2.85e-05
2024-03-15 16:15:00,3667.31,2.852e-05
2024-03-15 16:15:12,3670.59,2.859e-05
2024-03-15 16:15:24,3670.2,2.857e-05
2024-03-15 16:15:36,3673.0,2.862e-05
2024-03-15 16:15:48,3675.16,2.866e-05
2024-03-15 16:16:00,3676.87,2.87e-05
2024-03-15 16:16:12,3679.62,2.874e-05
2024-03-15 16:16:24,3676.61,2.868e-05
2024-03-15 16:16:36,3676.48,2.871e-05
2024-03-15 16:16:48,3677.8,2.874e-05
2024-03-15 16:17:00,3679.25,2.876e-05
2024-03-15 16:17:12,3684.41,2.881e-05
2024-03-15 16:17:24,3683.01,2.882e-05
2024-03-15 16:17:36,3681.81,2.879e-05
2024-03-15 16:17:48,3677.4,2.875e-05
2024-03-15 16:18:00,3677.39,2.873e-05
2024-03-15 16:18:12,3676.03,2.872e-05
2024-03-15 16:18:24,3673.23,2.868e-05
2024-03-15 16:18:36,3672.33,2.867e-05
2024-03-15 16:18:48,3672.64,2.865e-05
2024-03-15 16:19:00,3674.14,2.866e-05
2024-03-15 16:19:12,3670.21,2.86e-05
2024-03-15 16:19:24,3671.18,2.861e-05
2024-03-15 16:19:36,3666.5,2.853e-05
2024-03-15 16:19:48,3667.09,2.853e-05
2024-03-15 16:20:00,3667.28,2.856e-05
2024-03-15 16:20:12,3668.78,2.857e-05
2024-03-15 16:20:24,3671.18,2.862e-05
2024-03-15 16:20:36,3671.0,2.861e-05
2024-03-15 16:20:48,3670.07,2.858e-05
2024-03-15 16:21:00,3667.4,2.853e-05
2024-03-15 16:21:12,3669.6,2.857e-05
2024-03-15 16:21:24,3673.29,2.864e-05
2024-03-15 16:21:36,3676.64,2.869e-05
2024-03-15 16:21:48,3677.83,2.87e-05
2024-03-15 16:22:00,3677.28,2.87e-05
2024-03-15 16:22:12,3675.26,2.867e-05
2024-03-15 16:22:24,3672.83,2.863e-05
2024-03-15 16:22:36,3675.95,2.867e-05
2024-03-15 16:22:48,3673.81,2.863e-05
2024-03-15 16:23:00,3674.96,2.864e-05
2024-03-15 16:23:12,3674.6,2.863e-05
2024-03-15 16:23:24,3675.3,2.864e-05
2024-03-15 16:23:36,3673.53,2.862e-05
2024-03-15 16:23:48,3676.88,2.868e-05
2024-03-15 16:24:00,3675.33,2.865e-05
2024-03-15 16:24:12,3675.15,2.865e-05
2024-03-15 16:24:24,3673.64,2.861e-05
2024-03-15 16:24:36,3672.61,2.858e-05
2024-03-15 16:24:48,3672.01,2.858e-05
2024-03-15 16:25:00,3672.22,2.859e-05
2024-03-15 16:25:12,3674.38,2.861e-05
2024-03-15 16:25:24,3674.47,2.862e-05
2024-03-15 16:25:36,3677.25,2.864e-05
2024-03-15 16:25:48,3679.17,2.867e-05
2024-03-15 16:26:00,3683.59,2.872e-05
2024-03-15 16:26:12,3684.46,2.872e-05
2024-03-15 16:26:24,3681.47,2.87e-05
2024-03-15 16:26:36,3679.93,2.87e-05
2024-03-15 16:26:48,3678.91,2.869e-05
2024-03-15 16:27:00,3680.56,2.869e-05
2024-03-15 16:27:12,3681.4,2.87e-05
2024-03-15 16:27:24,3683.47,2.874e-05
2024-03-15 16:27:36,3684.67,2.876e-05
2024-03-15 16:27:48,3686.95,2.88e-05
2024-03-15 16:28:00,3687.6,2.88e-05
2024-03-15 16:28:12,3686.07,2.877e-05
2024-03-15 16:28:24,3685.89,2.877e-05
2024-03-15 16:28:36,3684.91,2.876e-05
2024-03-15 16:28:48,3689.07,2.878e-05
2024-03-15 16:29:00,3690.89,2.88e-05
2024-03-15 16:29:12,3690.99,2.882e-05
2024-03-15 16:29:24,3691.71,2.884e-05
2024-03-15 16:29:36,3687.96,2.883e-05
2024-03-15 16:29:48,3687.11,2.881e-05
2024-03-15 16:30:00,3686.56,2.88e-05
2024-03-15 16:30:12,3688.14,2.882e-05
2024-03-15 16:30:24,3685.0,2.879e-05
2024-03-15 16:30:36,3684.8,2.878e-05
2024-03-15 16:30:48,3684.82,2.877e-05
2024-03-15 16:31:00,3683.16,2.876e-05
2024-03-15 16:31:12,3681.67,2.873e-05
2024-03-15 16:31:24,3680.6,2.87e-05
2024-03-15 16:31:36,3683.27,2.875e-05
2024-03-15 16:31:48,3682.13,2.875e-05
2024-03-15 16:32:00,3682.2,2.877e-05
2024-03-15 16:32:12,3682.91,2.877e-05
2024-03-15 16:32:24,3681.16,2.874e-05
2024-03-15 16:32:36,3682.97,2.877e-05
2024-03-15 16:32:48,3683.43,2.877e-05
2024-03-15 16:33:00,3684.59,2.877e-05
2024-03-15 16:33:12,3683.0,2.877e-05
2024-03-15 16:33:24,3680.79,2.874e-05
2024-03-15 16:33:36,3682.22,2.874e-05
2024-03-15 16:33:48,3683.0,2.874e-05
2024-03-15 16:34:00,3683.8,2.875e-05
2024-03-15 16:34:12,3685.85,2.879e-05
2024-03-15 16:34:24,3685.9,2.879e-05
2024-03-15 16:34:36,3685.92,2.881e-05
2024-03-15 16:34:48,3686.01,2.879e-05
2024-03-15 16:35:00,3685.39,2.881e-05
2024-03-15 16:35:12,3686.43,2.881e-05
2024-03-15 16:35:24,3687.41,2.882e-05
2024-03-15 16:35:36,3686.86,2.883e-05
2024-03-15 16:35:48,3687.6,2.883e-05
2024-03-15 16:36:00,3687.05,2.882e-05
2024-03-15 16:36:12,3686.14,2.88e-05
2024-03-15 16:36:24,3688.81,2.883e-05
2024-03-15 16:36:36,3687.04,2.881e-05
2024-03-15 16:36:48,3687.42,2.881e-05
2024-03-15 16:37:00,3687.2,2.882e-05
2024-03-15 16:37:12,3686.6,2.88e-05
2024-03-15 16:37:24,3685.89,2.879e-05
2024-03-15 16:37:36,3685.01,2.878e-05
2024-03-15 16:37:48,3686.29,2.879e-05
2024-03-15 16:38:00,3687.22,2.88e-05
2024-03-15 16:38:12,3687.17,2.881e-05
2024-03-15 16:38:24,3686.78,2.881e-05
2024-03-15 16:38:36,3687.63,2.881e-05
2024-03-15 16:38:48,3688.12,2.882e-05
2024-03-15 16:39:00,3692.95,2.888e-05
2024-03-15 16:39:12,3692.44,2.89e-05
2024-03-15 16:39:24,3693.58,2.892e-05
2024-03-15 16:39:36,3694.26,2.893e-05
2024-03-15 16:39:48,3693.01,2.892e-05
2024-03-15 16:40:00,3693.57,2.892e-05
2024-03-15 16:40:12,3693.4,2.892e-05
2024-03-15 16:40:24,3695.74,2.895e-05
2024-03-15 16:40:36,3695.51,2.895e-05
2024-03-15 16:40:48,3696.09,2.896e-05
2024-03-15 16:41:00,3695.3,2.896e-05
2024-03-15 16:41:12,3694.02,2.894e-05
2024-03-15 16:41:24,3697.61,2.9e-05
2024-03-15 16:41:36,3701.4,2.906e-05
2024-03-15 16:41:48,3701.8,2.907e-05
2024-03-15 16:42:00,3700.2,2.907e-05
2024-03-15 16:42:12,3702.29,2.91e-05
2024-03-15 16:42:24,3704.41,2.915e-05
2024-03-15 16:42:36,3708.0,2.918e-05
2024-03-15 16:42:48,3711.11,2.925e-05
2024-03-15 16:43:00,3710.11,2.924e-05
2024-03-15 16:43:12,3709.3,2.925e-05
2024-03-15 16:43:24,3706.59,2.926e-05
2024-03-15 16:43:36,3710.89,2.932e-05
2024-03-15 16:43:48,3708.05,2.928e-05
2024-03-15 16:44:00,3705.12,2.924e-05
2024-03-15 16:44:12,3705.76,2.921e-05
2024-03-15 16:44:24,3704.26,2.917e-05
2024-03-15 16:44:36,3710.82,2.925e-05
2024-03-15 16:44:48,3712.75,2.927e-05
2024-03-15 16:45:00,3711.79,2.927e-05
2024-03-15 16:45:12,3711.8,2.928e-05
2024-03-15 16:45:24,3713.68,2.93e-05
2024-03-15 16:45:36,3715.86,2.932e-05
2024-03-15 16:45:48,3712.22,2.925e-05
2024-03-15 16:46:00,3713.06,2.92e-05
2024-03-15 16:46:12,3708.91,2.912e-05
2024-03-15 16:46:24,3709.79,2.918e-05
2024-03-15 16:46:36,3707.81,2.911e-05
2024-03-15 16:46:48,3708.2,2.909e-05
2024-03-15 16:47:00,3707.78,2.908e-05
2024-03-15 16:47:12,3708.19,2.907e-05
2024-03-15 16:47:24,3707.3,2.906e-05
2024-03-15 16:47:36,3706.6,2.905e-05
2024-03-15 16:47:48,3706.65,2.903e-05
2024-03-15 16:48:00,3708.77,2.907e-05
2024-03-15 16:48:12,3709.49,2.909e-05
2024-03-15 16:48:24,3710.07,2.91e-05
2024-03-15 16:48:36,3712.44,2.913e-05
2024-03-15 16:48:48,3710.52,2.909e-05
2024-03-15 16:49:00,3710.03,2.909e-05
2024-03-15 16:49:12,3707.65,2.905e-05
2024-03-15 16:49:24,3707.8,2.907e-05
2024-03-15 16:49:36,3707.63,2.906e-05
2024-03-15 16:49:48,3705.31,2.904e-05
2024-03-15 16:50:00,3707.18,2.905e-05
2024-03-15 16:50:12,3706.48,2.904e-05
2024-03-15 16:50:24,3702.61,2.901e-05
2024-03-15 16:50:36,3695.19,2.897e-05
2024-03-15 16:50:48,3697.98,2.9e-05
2024-03-15 16:51:00,3695.58,2.897e-05
2024-03-15 16:51:12,3695.3,2.896e-05
2024-03-15 16:51:24,3689.44,2.889e-05
2024-03-15 16:51:36,3688.56,2.887e-05
2024-03-15 16:51:48,3689.59,2.887e-05
2024-03-15 16:52:00,3690.27,2.888e-05
2024-03-15 16:52:12,3691.11,2.889e-05
2024-03-15 16:52:24,3694.19,2.892e-05
2024-03-15 16:52:36,3691.41,2.888e-05
2024-03-15 16:52:48,3693.5,2.891e-05
2024-03-15 16:53:00,3694.96,2.894e-05
2024-03-15 16:53:12,3698.2,2.9e-05
2024-03-15 16:53:24,3698.23,2.899e-05
2024-03-15 16:53:36,3694.55,2.893e-05
2024-03-15 16:53:48,3694.99,2.895e-05
2024-03-15 16:54:00,3695.74,2.896e-05
2024-03-15 16:54:12,3694.49,2.893e-05
2024-03-15 16:54:24,3694.52,2.892e-05
2024-03-15 16:54:36,3694.2,2.893e-05
2024-03-15 16:54:48,3693.5,2.892e-05
2024-03-15 16:55:00,3691.99,2.889e-05
2024-03-15 16:55:12,3685.0,2.887e-05
2024-03-15 16:55:24,3684.8,2.886e-05
2024-03-15 16:55:36,3684.6,2.885e-05
2024-03-15 16:55:48,3685.04,2.886e-05
2024-03-15 16:56:00,3686.22,2.889e-05
2024-03-15 16:56:12,3689.4,2.895e-05
2024-03-15 16:56:24,3686.35,2.894e-05
2024-03-15 16:56:36,3686.35,2.893e-05
2024-03-15 16:56:48,3686.74,2.892e-05
2024-03-15 16:57:00,3686.0,2.892e-05
2024-03-15 16:57:12,3685.45,2.891e-05
2024-03-15 16:57:24,3684.36,2.888e-05
2024-03-15 16:57:36,3686.2,2.889e-05
2024-03-15 16:57:48,3687.37,2.889e-05
2024-03-15 16:58:00,3688.75,2.89e-05
2024-03-15 16:58:12,3686.64,2.889e-05
2024-03-15 16:58:24,3686.95,2.89e-05
2024-03-15 16:58:36,3685.01,2.886e-05
2024-03-15 16:58:48,3685.08,2.888e-05
2024-03-15 16:59:00,3685.95,2.889e-05
2024-03-15 16:59:12,3686.25,2.89e-05
2024-03-15 16:59:24,3686.19,2.889e-05
2024-03-15 16:59:36,3683.63,2.885e-05
2024-03-15 16:59:48,3683.01,2.884e-05
2024-03-15 17:00:00,3683.93,2.883e-05
2024-03-15 17:00:12,3684.1,2.884e-05
2024-03-15 17:00:24,3686.79,2.887e-05
2024-03-15 17:00:36,3688.24,2.89e-05
2024-03-15 17:00:48,3690.0,2.892e-05
2024-03-15 17:01:00,3688.28,2.891e-05
2024-03-15 17:01:12,3688.6,2.891e-05
2024-03-15 17:01:24,3687.01,2.89e-05
2024-03-15 17:01:36,3687.19,2.89e-05
2024-03-15 17:01:48,3687.47,2.891e-05
2024-03-15 17:02:00,3686.44,2.89e-05
2024-03-15 17:02:12,3684.37,2.887e-05
2024-03-15 17:02:24,3684.19,2.887e-05
2024-03-15 17:02:36,3682.68,2.886e-05
2024-03-15 17:02:48,3682.21,2.885e-05
2024-03-15 17:03:00,3679.61,2.882e-05
2024-03-15 17:03:12,3676.69,2.876e-05
2024-03-15 17:03:24,3676.0,2.878e-05
2024-03-15 17:03:36,3675.8,2.877e-05
2024-03-15 17:03:48,3674.22,2.873e-05
2024-03-15 17:04:00,3672.25,2.869e-05
2024-03-15 17:04:12,3674.61,2.871e-05
2024-03-15 17:04:24,3673.0,2.867e-05
2024-03-15 17:04:36,3670.69,2.865e-05
2024-03-15 17:04:48,3667.7,2.864e-05
2024-03-15 17:05:00,3669.0,2.866e-05
2024-03-15 17:05:12,3667.32,2.863e-05
2024-03-15 17:05:24,3668.28,2.863e-05
2024-03-15 17:05:36,3669.74,2.866e-05
2024-03-15 17:05:48,3671.12,2.87e-05
2024-03-15 17:06:00,3670.55,2.868e-05
2024-03-15 17:06:12,3668.12,2.864e-05
2024-03-15 17:06:24,3669.02,2.865e-05
2024-03-15 17:06:36,3667.76,2.863e-05
2024-03-15 17:06:48,3664.54,2.856e-05
2024-03-15 17:07:00,3665.26,2.859e-05
2024-03-15 17:07:12,3668.79,2.864e-05
2024-03-15 17:07:24,3667.56,2.862e-05
2024-03-15 17:07:36,3671.0,2.868e-05
2024-03-15 17:07:48,3670.32,2.868e-05
2024-03-15 17:08:00,3672.55,2.872e-05
2024-03-15 17:08:12,3673.54,2.872e-05
2024-03-15 17:08:24,3671.44,2.869e-05
2024-03-15 17:08:36,3670.0,2.865e-05
2024-03-15 17:08:48,3672.42,2.868e-05
2024-03-15 17:09:00,3672.29,2.869e-05
2024-03-15 17:09:12,3674.14,2.87e-05
2024-03-15 17:09:24,3672.59,2.87e-05
2024-03-15 17:09:36,3675.76,2.874e-05
2024-03-15 17:09:48,3674.49,2.873e-05
2024-03-15 17:10:00,3674.56,2.872e-05
2024-03-15 17:10:12,3673.52,2.871e-05
2024-03-15 17:10:24,3671.57,2.867e-05
2024-03-15 17:10:36,3672.87,2.869e-05
2024-03-15 17:10:48,3671.81,2.868e-05
2024-03-15 17:11:00,3669.41,2.866e-05
2024-03-15 17:11:12,3669.79,2.868e-05
2024-03-15 17:11:24,3671.57,2.871e-05
2024-03-15 17:11:36,3672.95,2.874e-05
2024-03-15 17:11:48,3672.2,2.872e-05
2024-03-15 17:12:00,3669.78,2.868e-05
2024-03-15 17:12:12,3670.19,2.869e-05
2024-03-15 17:12:24,3669.44,2.868e-05
2024-03-15 17:12:36,3668.03,2.866e-05
2024-03-15 17:12:48,3667.66,2.864e-05
2024-03-15 17:13:00,3668.6,2.867e-05
2024-03-15 17:13:12,3669.73,2.868e-05
2024-03-15 17:13:24,3669.04,2.868e-05
2024-03-15 17:13:36,3670.0,2.868e-05
2024-03-15 17:13:48,3671.8,2.873e-05
2024-03-15 17:14:00,3673.79,2.875e-05
2024-03-15 17:14:12,3672.47,2.874e-05
2024-03-15 17:14:24,3674.78,2.875e-05
2024-03-15 17:14:36,3676.17,2.876e-05
2024-03-15 17:14:48,3676.96,2.877e-05
2024-03-15 17:15:00,3678.1,2.878e-05
2024-03-15 17:15:12,3677.76,2.875e-05
2024-03-15 17:15:24,3675.01,2.871e-05
2024-03-15 17:15:36,3676.28,2.872e-05
2024-03-15 17:15:48,3678.12,2.874e-05
2024-03-15 17:16:00,3674.04,2.866e-05
2024-03-15 17:16:12,3672.47,2.863e-05
2024-03-15 17:16:24,3668.61,2.861e-05
2024-03-15 17:16:36,3668.61,2.862e-05
2024-03-15 17:16:48,3670.54,2.862e-05
2024-03-15 17:17:00,3673.8,2.868e-05
2024-03-15 17:17:12,3676.2,2.872e-05
2024-03-15 17:17:24,3678.5,2.876e-05
2024-03-15 17:17:36,3681.34,2.88e-05
2024-03-15 17:17:48,3679.61,2.875e-05
2024-03-15 17:18:00,3679.0,2.874e-05
2024-03-15 17:18:12,3679.1,2.873e-05
2024-03-15 17:18:24,3678.12,2.873e-05
2024-03-15 17:18:36,3677.71,2.873e-05
2024-03-15 17:18:48,3678.19,2.873e-05
2024-03-15 17:19:00,3676.51,2.872e-05
2024-03-15 17:19:12,3674.8,2.87e-05
2024-03-15 17:19:24,3677.19,2.873e-05
2024-03-15 17:19:36,3672.2,2.867e-05
2024-03-15 17:19:48,3672.2,2.868e-05
2024-03-15 17:20:00,3673.31,2.87e-05
2024-03-15 17:20:12,3671.41,2.867e-05
2024-03-15 17:20:24,3674.59,2.872e-05
2024-03-15 17:20:36,3673.7,2.871e-05
2024-03-15 17:20:48,3675.94,2.875e-05
2024-03-15 17:21:00,3677.41,2.875e-05
2024-03-15 17:21:12,3680.06,2.878e-05
2024-03-15 17:21:24,3679.12,2.876e-05
2024-03-15 17:21:36,3680.13,2.878e-05
2024-03-15 17:21:48,3682.26,2.881e-05
2024-03-15 17:22:00,3681.65,2.881e-05
2024-03-15 17:22:12,3684.3,2.887e-05
2024-03-15 17:22:24,3684.03,2.885e-05
2024-03-15 17:22:36,3684.61,2.886e-05
2024-03-15 17:22:48,3683.99,2.884e-05
2024-03-15 17:23:00,3684.02,2.884e-05
2024-03-15 17:23:12,3684.46,2.885e-05
2024-03-15 17:23:24,3684.85,2.884e-05
2024-03-15 17:23:36,3684.03,2.886e-05
2024-03-15 17:23:48,3686.37,2.889e-05
2024-03-15 17:24:00,3684.02,2.884e-05
2024-03-15 17:24:12,3680.97,2.88e-05
2024-03-15 17:24:24,3681.25,2.88e-05
2024-03-15 17:24:36,3683.89,2.881e-05
2024-03-15 17:24:48,3685.18,2.884e-05
2024-03-15 17:25:00,3686.94,2.886e-05
2024-03-15 17:25:12,3686.01,2.884e-05
2024-03-15 17:25:24,3687.79,2.885e-05
2024-03-15 17:25:36,3687.75,2.888e-05
2024-03-15 17:25:48,3687.27,2.888e-05
2024-03-15 17:26:00,3685.41,2.885e-05
2024-03-15 17:26:12,3685.0,2.883e-05
2024-03-15 17:26:24,3685.36,2.885e-05
2024-03-15 17:26:36,3687.27,2.887e-05
2024-03-15 17:26:48,3687.66,2.887e-05
2024-03-15 17:27:00,3687.65,2.889e-05
2024-03-15 17:27:12,3689.97,2.892e-05
2024-03-15 17:27:24,3689.24,2.889e-05
2024-03-15 17:27:36,3690.2,2.89e-05
2024-03-15 17:27:48,3688.81,2.888e-05
2024-03-15 17:28:00,3689.0,2.888e-05
2024-03-15 17:28:12,3690.65,2.89e-05
2024-03-15 17:28:24,3690.11,2.89e-05
2024-03-15 17:28:36,3690.11,2.892e-05
2024-03-15 17:28:48,3690.12,2.892e-05
2024-03-15 17:29:00,3691.45,2.895e-05
2024-03-15 17:29:12,3690.67,2.893e-05
2024-03-15 17:29:24,3692.0,2.894e-05
2024-03-15 17:29:36,3692.0,2.896e-05
2024-03-15 17:29:48,3691.1,2.895e-05
2024-03-15 17:30:00,3690.49,2.893e-05
2024-03-15 17:30:12,3691.39,2.894e-05
2024-03-15 17:30:24,3689.44,2.891e-05
2024-03-15 17:30:36,3688.8,2.89e-05
2024-03-15 17:30:48,3690.54,2.895e-05
2024-03-15 17:31:00,3690.58,2.895e-05
2024-03-15 17:31:12,3693.6,2.901e-05
2024-03-15 17:31:24,3695.0,2.901e-05
2024-03-15 17:31:36,3693.23,2.898e-05
2024-03-15 17:31:48,3694.6,2.901e-05
2024-03-15 17:32:00,3695.4,2.902e-05
2024-03-15 17:32:12,3697.61,2.904e-05
2024-03-15 17:32:24,3697.27,2.905e-05
2024-03-15 17:32:36,3697.4,2.904e-05
2024-03-15 17:32:48,3696.59,2.903e-05
2024-03-15 17:33:00,3696.01,2.901e-05
2024-03-15 17:33:12,3691.92,2.896e-05
2024-03-15 17:33:24,3691.58,2.893e-05
2024-03-15 17:33:36,3688.73,2.888e-05
2024-03-15 17:33:48,3689.4,2.889e-05
2024-03-15 17:34:00,3688.4,2.89e-05
2024-03-15 17:34:12,3689.8,2.892e-05
2024-03-15 17:34:24,3690.31,2.893e-05
2024-03-15 17:34:36,3688.2,2.892e-05
2024-03-15 17:34:48,3689.1,2.894e-05
2024-03-15 17:35:00,3688.16,2.894e-05
2024-03-15 17:35:12,3688.48,2.896e-05
2024-03-15 17:35:24,3687.41,2.893e-05
2024-03-15 17:35:36,3687.46,2.891e-05
2024-03-15 17:35:48,3683.85,2.884e-05
2024-03-15 17:36:00,3683.39,2.885e-05
2024-03-15 17:36:12,3682.23,2.886e-05
2024-03-15 17:36:24,3681.94,2.884e-05
2024-03-15 17:36:36,3683.0,2.888e-05
2024-03-15 17:36:48,3686.2,2.894e-05
2024-03-15 17:37:00,3686.93,2.894e-05
2024-03-15 17:37:12,3688.43,2.903e-05
2024-03-15 17:37:24,3689.01,2.903e-05
2024-03-15 17:37:36,3688.52,2.902e-05
2024-03-15 17:37:48,3689.0,2.903e-05
2024-03-15 17:38:00,3689.05,2.902e-05
2024-03-15 17:38:12,3686.61,2.899e-05
2024-03-15 17:38:24,3684.62,2.897e-05
2024-03-15 17:38:36,3684.52,2.899e-05
2024-03-15 17:38:48,3685.99,2.901e-05
2024-03-15 17:39:00,3686.15,2.902e-05
2024-03-15 17:39:12,3686.01,2.903e-05
2024-03-15 17:39:24,3687.7,2.903e-05
2024-03-15 17:39:36,3687.7,2.904e-05
2024-03-15 17:39:48,3685.42,2.911e-05
2024-03-15 17:40:00,3685.43,2.917e-05
2024-03-15 17:40:12,3686.89,2.916e-05
2024-03-15 17:40:24,3688.94,2.918e-05
2024-03-15 17:40:36,3690.84,2.919e-05
2024-03-15 17:40:48,3689.22,2.913e-05
2024-03-15 17:41:00,3689.23,2.91e-05
2024-03-15 17:41:12,3691.21,2.912e-05
2024-03-15 17:41:24,3688.78,2.907e-05
2024-03-15 17:41:36,3686.6,2.897e-05
2024-03-15 17:41:48,3683.41,2.892e-05
2024-03-15 17:42:00,3684.01,2.895e-05
2024-03-15 17:42:12,3683.12,2.896e-05
2024-03-15 17:42:24,3681.26,2.893e-05
2024-03-15 17:42:36,3681.39,2.891e-05
2024-03-15 17:42:48,3682.59,2.893e-05
2024-03-15 17:43:00,3684.97,2.897e-05
2024-03-15 17:43:12,3686.79,2.899e-05
2024-03-15 17:43:24,3686.59,2.896e-05
2024-03-15 17:43:36,3687.67,2.897e-05
2024-03-15 17:43:48,3689.39,2.901e-05
2024-03-15 17:44:00,3690.6,2.902e-05
2024-03-15 17:44:12,3689.26,2.9e-05
2024-03-15 17:44:24,3687.81,2.899e-05
2024-03-15 17:44:36,3686.99,2.899e-05
2024-03-15 17:44:48,3686.11,2.899e-05
2024-03-15 17:45:00,3686.21,2.898e-05
2024-03-15 17:45:12,3686.19,2.896e-05
2024-03-15 17:45:24,3688.12,2.901e-05
2024-03-15 17:45:36,3690.08,2.901e-05
2024-03-15 17:45:48,3689.23,2.9e-05
2024-03-15 17:46:00,3691.39,2.906e-05
2024-03-15 17:46:12,3694.1,2.91e-05
2024-03-15 17:46:24,3694.99,2.911e-05
2024-03-15 17:46:36,3696.65,2.912e-05
2024-03-15 17:46:48,3696.99,2.915e-05
2024-03-15 17:47:00,3695.29,2.911e-05
2024-03-15 17:47:12,3695.32,2.911e-05
2024-03-15 17:47:24,3695.87,2.913e-05
2024-03-15 17:47:36,3693.85,2.908e-05
2024-03-15 17:47:48,3694.52,2.911e-05
2024-03-15 17:48:00,3694.6,2.911e-05
2024-03-15 17:48:12,3695.29,2.912e-05
2024-03-15 17:48:24,3693.99,2.911e-05
2024-03-15 17:48:36,3692.19,2.91e-05
2024-03-15 17:48:48,3690.12,2.909e-05
2024-03-15 17:49:00,3689.58,2.91e-05
2024-03-15 17:49:12,3688.82,2.907e-05
2024-03-15 17:49:24,3685.92,2.903e-05
2024-03-15 17:49:36,3685.8,2.902e-05
2024-03-15 17:49:48,3685.97,2.903e-05
2024-03-15 17:50:00,3685.2,2.897e-05
2024-03-15 17:50:12,3684.81,2.896e-05
2024-03-15 17:50:24,3682.61,2.894e-05
2024-03-15 17:50:36,3683.4,2.898e-05
2024-03-15 17:50:48,3686.19,2.902e-05
2024-03-15 17:51:00,3683.58,2.9e-05
2024-03-15 17:51:12,3685.89,2.903e-05
2024-03-15 17:51:24,3687.81,2.904e-05
2024-03-15 17:51:36,3688.59,2.905e-05
2024-03-15 17:51:48,3688.99,2.905e-05
2024-03-15 17:52:00,3688.64,2.905e-05
2024-03-15 17:52:12,3691.79,2.908e-05
2024-03-15 17:52:24,3692.41,2.909e-05
2024-03-15 17:52:36,3692.04,2.908e-05
2024-03-15 17:52:48,3692.87,2.911e-05
2024-03-15 17:53:00,3695.0,2.915e-05
2024-03-15 17:53:12,3694.97,2.912e-05
2024-03-15 17:53:24,3696.43,2.913e-05
2024-03-15 17:53:36,3694.6,2.91e-05
2024-03-15 17:53:48,3694.2,2.909e-05
2024-03-15 17:54:00,3690.61,2.906e-05
2024-03-15 17:54:12,3688.48,2.904e-05
2024-03-15 17:54:24,3691.29,2.908e-05
2024-03-15 17:54:36,3690.21,2.909e-05
2024-03-15 17:54:48,3691.8,2.912e-05
2024-03-15 17:55:00,3691.01,2.91e-05
2024-03-15 17:55:12,3689.02,2.909e-05
2024-03-15 17:55:24,3690.6,2.912e-05
2024-03-15 17:55:36,3691.01,2.911e-05
2024-03-15 17:55:48,3691.79,2.912e-05
2024-03-15 17:56:00,3692.21,2.912e-05
2024-03-15 17:56:12,3693.0,2.913e-05
2024-03-15 17:56:24,3693.08,2.91e-05
2024-03-15 17:56:36,3693.0,2.908e-05
2024-03-15 17:56:48,3693.73,2.909e-05
2024-03-15 17:57:00,3692.6,2.907e-05
2024-03-15 17:57:12,3694.88,2.911e-05
2024-03-15 17:57:24,3697.4,2.914e-05
2024-03-15 17:57:36,3697.7,2.914e-05
2024-03-15 17:57:48,3697.71,2.915e-05
2024-03-15 17:58:00,3698.01,2.915e-05
2024-03-15 17:58:12,3695.19,2.911e-05
2024-03-15 17:58:24,3693.8,2.91e-05
2024-03-15 17:58:36,3692.6,2.911e-05
2024-03-15 17:58:48,3692.31,2.91e-05
2024-03-15 17:59:00,3691.14,2.908e-05
2024-03-15 17:59:12,3691.71,2.908e-05
2024-03-15 17:59:24,3690.61,2.908e-05
2024-03-15 17:59:36,3691.12,2.909e-05
2024-03-15 17:59:48,3692.29,2.909e-05
2024-03-15 18:00:00,3694.74,2.912e-05
2024-03-15 18:00:12,3693.66,2.912e-05
2024-03-15 18:00:24,3694.99,2.911e-05
2024-03-15 18:00:36,3696.59,2.914e-05
2024-03-15 18:00:48,3696.99,2.915e-05
2024-03-15 18:01:00,3697.5,2.916e-05
2024-03-15 18:01:12,3697.52,2.914e-05
2024-03-15 18:01:24,3696.2,2.913e-05
2024-03-15 18:01:36,3697.97,2.916e-05
2024-03-15 18:01:48,3699.34,2.916e-05
2024-03-15 18:02:00,3699.4,2.916e-05
2024-03-15 18:02:12,3699.46,2.915e-05
2024-03-15 18:02:24,3700.99,2.918e-05
2024-03-15 18:02:36,3700.61,2.917e-05
2024-03-15 18:02:48,3698.81,2.916e-05
2024-03-15 18:03:00,3701.11,2.919e-05
2024-03-15 18:03:12,3703.99,2.922e-05
2024-03-15 18:03:24,3704.83,2.922e-05
2024-03-15 18:03:36,3703.21,2.918e-05
2024-03-15 18:03:48,3696.37,2.911e-05
2024-03-15 18:04:00,3699.8,2.915e-05
2024-03-15 18:04:12,3700.6,2.915e-05
2024-03-15 18:04:24,3701.92,2.918e-05
2024-03-15 18:04:36,3701.41,2.916e-05
2024-03-15 18:04:48,3700.68,2.917e-05
2024-03-15 18:05:00,3699.8,2.917e-05
2024-03-15 18:05:12,3701.1,2.918e-05
2024-03-15 18:05:24,3703.08,2.92e-05
2024-03-15 18:05:36,3702.5,2.92e-05
2024-03-15 18:05:48,3701.82,2.916e-05
2024-03-15 18:06:00,3702.21,2.918e-05
2024-03-15 18:06:12,3700.0,2.915e-05
2024-03-15 18:06:24,3702.51,2.918e-05
2024-03-15 18:06:36,3702.26,2.92e-05
2024-03-15 18:06:48,3704.49,2.923e-05
2024-03-15 18:07:00,3704.5,2.922e-05
2024-03-15 18:07:12,3703.0,2.919e-05
2024-03-15 18:07:24,3704.2,2.92e-05
2024-03-15 18:07:36,3704.18,2.92e-05
2024-03-15 18:07:48,3705.51,2.922e-05
2024-03-15 18:08:00,3705.62,2.922e-05
2024-03-15 18:08:12,3707.76,2.922e-05
2024-03-15 18:08:24,3707.08,2.923e-05
2024-03-15 18:08:36,3704.67,2.919e-05
2024-03-15 18:08:48,3705.4,2.921e-05
2024-03-15 18:09:00,3707.16,2.921e-05
2024-03-15 18:09:12,3707.01,2.921e-05
2024-03-15 18:09:24,3705.01,2.92e-05
2024-03-15 18:09:36,3704.65,2.919e-05
2024-03-15 18:09:48,3702.54,2.917e-05
2024-03-15 18:10:00,3702.81,2.921e-05
2024-03-15 18:10:12,3701.69,2.919e-05
2024-03-15 18:10:24,3704.72,2.922e-05
2024-03-15 18:10:36,3705.6,2.924e-05
2024-03-15 18:10:48,3705.8,2.925e-05
2024-03-15 18:11:00,3706.99,2.926e-05
2024-03-15 18:11:12,3706.92,2.928e-05
2024-03-15 18:11:24,3709.36,2.928e-05
2024-03-15 18:11:36,3707.81,2.925e-05
2024-03-15 18:11:48,3705.86,2.924e-05
2024-03-15 18:12:00,3706.25,2.924e-05
2024-03-15 18:12:12,3708.05,2.926e-05
2024-03-15 18:12:24,3707.77,2.926e-05
2024-03-15 18:12:36,3710.52,2.93e-05
2024-03-15 18:12:48,3709.75,2.929e-05
2024-03-15 18:13:00,3709.98,2.928e-05
2024-03-15 18:13:12,3707.08,2.926e-05
2024-03-15 18:13:24,3708.19,2.928e-05
2024-03-15 18:13:36,3707.49,2.928e-05
2024-03-15 18:13:48,3708.02,2.929e-05
2024-03-15 18:14:00,3708.99,2.931e-05
2024-03-15 18:14:12,3709.28,2.931e-05
2024-03-15 18:14:24,3710.99,2.93e-05
2024-03-15 18:14:36,3711.08,2.931e-05
2024-03-15 18:14:48,3711.0,2.931e-05
2024-03-15 18:15:00,3710.37,2.93e-05
2024-03-15 18:15:12,3711.88,2.932e-05
2024-03-15 18:15:24,3710.6,2.93e-05
2024-03-15 18:15:36,3709.8,2.929e-05
2024-03-15 18:15:48,3708.37,2.926e-05
2024-03-15 18:16:00,3705.83,2.923e-05
2024-03-15 18:16:12,3707.21,2.924e-05
2024-03-15 18:16:24,3707.02,2.922e-05
2024-03-15 18:16:36,3707.99,2.922e-05
2024-03-15 18:16:48,3707.17,2.919e-05
2024-03-15 18:17:00,3706.26,2.919e-05
2024-03-15 18:17:12,3706.56,2.92e-05
2024-03-15 18:17:24,3707.26,2.921e-05
2024-03-15 18:17:36,3706.25,2.92e-05
2024-03-15 18:17:48,3705.76,2.92e-05
2024-03-15 18:18:00,3705.75,2.92e-05
2024-03-15 18:18:12,3705.74,2.92e-05
2024-03-15 18:18:24,3706.92,2.922e-05
2024-03-15 18:18:36,3708.19,2.923e-05
2024-03-15 18:18:48,3710.58,2.925e-05
2024-03-15 18:19:00,3710.83,2.924e-05
2024-03-15 18:19:12,3712.2,2.927e-05
2024-03-15 18:19:24,3712.86,2.929e-05
2024-03-15 18:19:36,3712.18,2.929e-05
2024-03-15 18:19:48,3711.78,2.929e-05
2024-03-15 18:20:00,3712.18,2.929e-05
2024-03-15 18:20:12,3712.02,2.926e-05
2024-03-15 18:20:24,3711.28,2.927e-05
2024-03-15 18:20:36,3709.0,2.923e-05
2024-03-15 18:20:48,3708.22,2.921e-05
2024-03-15 18:21:00,3708.3,2.922e-05
2024-03-15 18:21:12,3705.48,2.918e-05
2024-03-15 18:21:24,3707.0,2.917e-05
2024-03-15 18:21:36,3706.15,2.914e-05
2024-03-15 18:21:48,3705.59,2.915e-05
2024-03-15 18:22:00,3706.99,2.914e-05
2024-03-15 18:22:12,3707.0,2.916e-05
2024-03-15 18:22:24,3707.45,2.918e-05
2024-03-15 18:22:36,3708.59,2.918e-05
2024-03-15 18:22:48,3707.52,2.915e-05
2024-03-15 18:23:00,3707.53,2.916e-05
2024-03-15 18:23:12,3708.84,2.917e-05
2024-03-15 18:23:24,3708.98,2.916e-05
2024-03-15 18:23:36,3708.01,2.917e-05
2024-03-15 18:23:48,3706.48,2.915e-05
2024-03-15 18:24:00,3706.96,2.916e-05
2024-03-15 18:24:12,3705.13,2.913e-05
2024-03-15 18:24:24,3707.5,2.917e-05
2024-03-15 18:24:36,3706.96,2.917e-05
2024-03-15 18:24:48,3705.65,2.915e-05
2024-03-15 18:25:00,3703.87,2.914e-05
2024-03-15 18:25:12,3703.88,2.915e-05
2024-03-15 18:25:24,3704.98,2.915e-05
2024-03-15 18:25:36,3703.81,2.913e-05
2024-03-15 18:25:48,3705.4,2.915e-05
2024-03-15 18:26:00,3705.5,2.916e-05
2024-03-15 18:26:12,3706.87,2.917e-05
2024-03-15 18:26:24,3707.54,2.916e-05
2024-03-15 18:26:36,3707.12,2.916e-05
2024-03-15 18:26:48,3707.13,2.914e-05
2024-03-15 18:27:00,3707.12,2.914e-05
2024-03-15 18:27:12,3707.14,2.914e-05
2024-03-15 18:27:24,3705.57,2.913e-05
2024-03-15 18:27:36,3704.74,2.913e-05
2024-03-15 18:27:48,3705.39,2.914e-05
2024-03-15 18:28:00,3705.01,2.913e-05
2024-03-15 18:28:12,3704.28,2.913e-05
2024-03-15 18:28:24,3703.98,2.912e-05
2024-03-15 18:28:36,3703.85,2.912e-05
2024-03-15 18:28:48,3701.26,2.91e-05
2024-03-15 18:29:00,3700.19,2.911e-05
2024-03-15 18:29:12,3699.41,2.909e-05
2024-03-15 18:29:24,3699.0,2.91e-05
2024-03-15 18:29:36,3699.59,2.912e-05
2024-03-15 18:29:48,3699.79,2.912e-05
2024-03-15 18:30:00,3701.66,2.916e-05
2024-03-15 18:30:12,3702.47,2.918e-05
2024-03-15 18:30:24,3704.6,2.921e-05
2024-03-15 18:30:36,3705.51,2.923e-05
2024-03-15 18:30:48,3705.74,2.924e-05
2024-03-15 18:31:00,3704.86,2.923e-05
2024-03-15 18:31:12,3706.19,2.923e-05
2024-03-15 18:31:24,3706.78,2.924e-05
2024-03-15 18:31:36,3708.75,2.926e-05
2024-03-15 18:31:48,3708.53,2.926e-05
2024-03-15 18:32:00,3708.55,2.925e-05
2024-03-15 18:32:12,3709.57,2.926e-05
2024-03-15 18:32:24,3710.59,2.926e-05
2024-03-15 18:32:36,3713.29,2.927e-05
2024-03-15 18:32:48,3713.65,2.928e-05
2024-03-15 18:33:00,3714.37,2.927e-05
2024-03-15 18:33:12,3714.41,2.928e-05
2024-03-15 18:33:24,3712.25,2.925e-05
2024-03-15 18:33:36,3712.54,2.926e-05
2024-03-15 18:33:48,3713.04,2.927e-05
2024-03-15 18:34:00,3712.53,2.926e-05
2024-03-15 18:34:12,3712.01,2.924e-05
2024-03-15 18:34:24,3710.27,2.923e-05
2024-03-15 18:34:36,3708.21,2.921e-05
2024-03-15 18:34:48,3708.0,2.921e-05
2024-03-15 18:35:00,3708.16,2.921e-05
2024-03-15 18:35:12,3706.61,2.921e-05
2024-03-15 18:35:24,3705.01,2.92e-05
2024-03-15 18:35:36,3705.09,2.92e-05
2024-03-15 18:35:48,3705.09,2.92e-05
2024-03-15 18:36:00,3706.99,2.921e-05
2024-03-15 18:36:12,3707.0,2.922e-05
2024-03-15 18:36:24,3707.0,2.922e-05
2024-03-15 18:36:36,3708.14,2.923e-05
2024-03-15 18:36:48,3706.84,2.922e-05
2024-03-15 18:37:00,3705.09,2.921e-05
2024-03-15 18:37:12,3706.2,2.921e-05
2024-03-15 18:37:24,3707.0,2.923e-05
2024-03-15 18:37:36,3705.81,2.922e-05
2024-03-15 18:37:48,3707.1,2.922e-05
2024-03-15 18:38:00,3707.52,2.923e-05
2024-03-15 18:38:12,3706.26,2.922e-05
2024-03-15 18:38:24,3705.5,2.92e-05
2024-03-15 18:38:36,3703.36,2.918e-05
2024-03-15 18:38:48,3702.21,2.916e-05
2024-03-15 18:39:00,3702.6,2.916e-05
2024-03-15 18:39:12,3705.3,2.919e-05
2024-03-15 18:39:24,3707.88,2.921e-05
2024-03-15 18:39:36,3708.01,2.923e-05
2024-03-15 18:39:48,3708.99,2.924e-05
2024-03-15 18:40:00,3710.32,2.928e-05
2024-03-15 18:40:12,3710.98,2.928e-05
2024-03-15 18:40:24,3710.99,2.928e-05
2024-03-15 18:40:36,3711.78,2.93e-05
2024-03-15 18:40:48,3711.49,2.93e-05
2024-03-15 18:41:00,3712.76,2.93e-05
2024-03-15 18:41:12,3716.95,2.934e-05
2024-03-15 18:41:24,3720.82,2.937e-05
2024-03-15 18:41:36,3719.14,2.936e-05
2024-03-15 18:41:48,3721.55,2.938e-05
2024-03-15 18:42:00,3721.14,2.938e-05
2024-03-15 18:42:12,3722.44,2.94e-05
2024-03-15 18:42:24,3725.07,2.941e-05
2024-03-15 18:42:36,3726.58,2.943e-05
2024-03-15 18:42:48,3728.99,2.948e-05
2024-03-15 18:43:00,3730.6,2.951e-05
2024-03-15 18:43:12,3732.0,2.954e-05
2024-03-15 18:43:24,3734.02,2.957e-05
2024-03-15 18:43:36,3732.29,2.962e-05
2024-03-15 18:43:48,3739.84,2.969e-05
2024-03-15 18:44:00,3738.38,2.963e-05
2024-03-15 18:44:12,3732.8,2.96e-05
2024-03-15 18:44:24,3734.2,2.963e-05
2024-03-15 18:44:36,3736.2,2.965e-05
2024-03-15 18:44:48,3736.59,2.966e-05
2024-03-15 18:45:00,3736.54,2.966e-05
2024-03-15 18:45:12,3734.6,2.959e-05
2024-03-15 18:45:24,3738.64,2.962e-05
2024-03-15 18:45:36,3743.22,2.969e-05
2024-03-15 18:45:48,3739.84,2.963e-05
2024-03-15 18:46:00,3741.39,2.966e-05
2024-03-15 18:46:12,3742.0,2.968e-05
2024-03-15 18:46:24,3743.18,2.974e-05
2024-03-15 18:46:36,3741.14,2.969e-05
2024-03-15 18:46:48,3743.0,2.972e-05
2024-03-15 18:47:00,3744.6,2.975e-05
2024-03-15 18:47:12,3744.34,2.974e-05
2024-03-15 18:47:24,3744.2,2.972e-05
2024-03-15 18:47:36,3743.18,2.97e-05
2024-03-15 18:47:48,3740.02,2.966e-05
2024-03-15 18:48:00,3742.0,2.973e-05
2024-03-15 18:48:12,3743.66,2.974e-05
2024-03-15 18:48:24,3748.27,2.982e-05
2024-03-15 18:48:36,3750.78,2.983e-05
2024-03-15 18:48:48,3749.4,2.981e-05
2024-03-15 18:49:00,3751.74,2.984e-05
2024-03-15 18:49:12,3747.2,2.977e-05
2024-03-15 18:49:24,3751.66,2.982e-05
2024-03-15 18:49:36,3747.82,2.977e-05
2024-03-15 18:49:48,3748.28,2.98e-05
2024-03-15 18:50:00,3748.73,2.98e-05
2024-03-15 18:50:12,3748.63,2.979e-05
2024-03-15 18:50:24,3751.94,2.982e-05
2024-03-15 18:50:36,3754.03,2.986e-05
2024-03-15 18:50:48,3756.61,2.99e-05
2024-03-15 18:51:00,3756.83,2.989e-05
2024-03-15 18:51:12,3760.19,2.988e-05
2024-03-15 18:51:24,3759.39,2.988e-05
2024-03-15 18:51:36,3758.26,2.985e-05
2024-03-15 18:51:48,3756.66,2.986e-05
2024-03-15 18:52:00,3761.41,2.993e-05
2024-03-15 18:52:12,3757.56,2.988e-05
2024-03-15 18:52:24,3761.84,2.993e-05
2024-03-15 18:52:36,3767.53,2.995e-05
2024-03-15 18:52:48,3763.97,2.992e-05
2024-03-15 18:53:00,3763.68,2.993e-05
2024-03-15 18:53:12,3763.74,2.992e-05
2024-03-15 18:53:24,3765.8,2.993e-05
2024-03-15 18:53:36,3767.4,2.995e-05
2024-03-15 18:53:48,3769.41,2.996e-05
2024-03-15 18:54:00,3773.2,2.998e-05
2024-03-15 18:54:12,3777.67,3e-05
2024-03-15 18:54:24,3772.03,2.995e-05
2024-03-15 18:54:36,3775.22,2.998e-05
2024-03-15 18:54:48,3778.95,3e-05
2024-03-15 18:55:00,3780.86,3.006e-05
2024-03-15 18:55:12,3773.43,3.002e-05
2024-03-15 18:55:24,3773.16,3.002e-05
2024-03-15 18:55:36,3770.51,2.996e-05
2024-03-15 18:55:48,3773.78,3.001e-05
2024-03-15 18:56:00,3776.61,3.003e-05
2024-03-15 18:56:12,3781.26,3.008e-05
2024-03-15 18:56:24,3785.78,3.019e-05
2024-03-15 18:56:36,3784.48,3.018e-05
2024-03-15 18:56:48,3785.64,3.016e-05
2024-03-15 18:57:00,3784.54,3.011e-05
2024-03-15 18:57:12,3780.2,3.011e-05
2024-03-15 18:57:24,3784.17,3.017e-05
2024-03-15 18:57:36,3785.06,3.017e-05
2024-03-15 18:57:48,3782.64,3.018e-05
2024-03-15 18:58:00,3783.6,3.021e-05
2024-03-15 18:58:12,3780.11,3.016e-05
2024-03-15 18:58:24,3778.65,3.017e-05
2024-03-15 18:58:36,3782.68,3.022e-05
2024-03-15 18:58:48,3784.61,3.021e-05
2024-03-15 18:59:00,3783.4,3.023e-05
2024-03-15 18:59:12,3781.59,3.019e-05
2024-03-15 18:59:24,3782.97,3.021e-05
2024-03-15 18:59:36,3785.63,3.024e-05
2024-03-15 18:59:48,3786.79,3.025e-05
2024-03-15 19:00:00,3787.58,3.026e-05
2024-03-15 19:00:12,3785.01,3.02e-05
2024-03-15 19:00:24,3788.43,3.017e-05
2024-03-15 19:00:36,3789.84,3.021e-05
2024-03-15 19:00:48,3795.81,3.025e-05
2024-03-15 19:01:00,3797.79,3.026e-05
2024-03-15 19:01:12,3795.98,3.031e-05
2024-03-15 19:01:24,3797.2,3.034e-05
2024-03-15 19:01:36,3798.21,3.037e-05
2024-03-15 19:01:48,3795.02,3.034e-05
2024-03-15 19:02:00,3794.57,3.034e-05
2024-03-15 19:02:12,3789.88,3.031e-05
2024-03-15 19:02:24,3783.4,3.022e-05
2024-03-15 19:02:36,3783.31,3.015e-05
2024-03-15 19:02:48,3785.03,3.018e-05
2024-03-15 19:03:00,3785.79,3.019e-05
2024-03-15 19:03:12,3790.16,3.021e-05
2024-03-15 19:03:24,3786.61,3.019e-05
2024-03-15 19:03:36,3786.2,3.019e-05
2024-03-15 19:03:48,3787.38,3.02e-05
2024-03-15 19:04:00,3785.09,3.019e-05
2024-03-15 19:04:12,3787.39,3.023e-05
2024-03-15 19:04:24,3786.67,3.023e-05
2024-03-15 19:04:36,3785.41,3.022e-05
2024-03-15 19:04:48,3785.84,3.022e-05
2024-03-15 19:05:00,3785.95,3.022e-05
2024-03-15 19:05:12,3783.81,3.018e-05
2024-03-15 19:05:24,3782.74,3.012e-05
2024-03-15 19:05:36,3784.58,3.011e-05
2024-03-15 19:05:48,3782.26,3.006e-05
2024-03-15 19:06:00,3778.85,3.002e-05
2024-03-15 19:06:12,3774.73,2.998e-05
2024-03-15 19:06:24,3776.41,3e-05
2024-03-15 19:06:36,3775.62,3e-05
2024-03-15 19:06:48,3774.64,3e-05
2024-03-15 19:07:00,3775.08,3e-05
2024-03-15 19:07:12,3780.03,3.008e-05
2024-03-15 19:07:24,3782.99,3.012e-05
2024-03-15 19:07:36,3783.09,3.009e-05
2024-03-15 19:07:48,3782.43,3.011e-05
2024-03-15 19:08:00,3785.99,3.012e-05
2024-03-15 19:08:12,3785.4,3.004e-05
2024-03-15 19:08:24,3785.73,3.003e-05
2024-03-15 19:08:36,3792.43,3.01e-05
2024-03-15 19:08:48,3794.93,3.013e-05
2024-03-15 19:09:00,3791.64,3.011e-05
2024-03-15 19:09:12,3792.6,3.014e-05
2024-03-15 19:09:24,3794.41,3.016e-05
2024-03-15 19:09:36,3799.24,3.018e-05
2024-03-15 19:09:48,3797.41,3.015e-05
2024-03-15 19:10:00,3796.07,3.014e-05
2024-03-15 19:10:12,3794.27,3.011e-05
2024-03-15 19:10:24,3792.25,3.009e-05
2024-03-15 19:10:36,3795.39,3.011e-05
2024-03-15 19:10:48,3795.4,3.012e-05
2024-03-15 19:11:00,3795.72,3.012e-05
2024-03-15 19:11:12,3799.99,3.014e-05
2024-03-15 19:11:24,3805.68,3.02e-05
2024-03-15 19:11:36,3804.8,3.02e-05
2024-03-15 19:11:48,3802.47,3.022e-05
2024-03-15 19:12:00,3797.41,3.021e-05
2024-03-15 19:12:12,3803.0,3.025e-05
2024-03-15 19:12:24,3804.76,3.027e-05
2024-03-15 19:12:36,3800.02,3.024e-05
2024-03-15 19:12:48,3798.82,3.021e-05
2024-03-15 19:13:00,3799.41,3.023e-05
2024-03-15 19:13:12,3803.57,3.026e-05
2024-03-15 19:13:24,3800.73,3.025e-05
2024-03-15 19:13:36,3798.99,3.021e-05
2024-03-15 19:13:48,3797.11,3.02e-05
2024-03-15 19:14:00,3792.21,3.015e-05
2024-03-15 19:14:12,3786.59,3.01e-05
2024-03-15 19:14:24,3790.18,3.013e-05
2024-03-15 19:14:36,3791.0,3.015e-05
2024-03-15 19:14:48,3790.4,3.015e-05
2024-03-15 19:15:00,3791.51,3.016e-05
2024-03-15 19:15:12,3790.18,3.013e-05
2024-03-15 19:15:24,3790.19,3.011e-05
2024-03-15 19:15:36,3791.81,3.012e-05
2024-03-15 19:15:48,3794.6,3.016e-05
2024-03-15 19:16:00,3795.33,3.018e-05
2024-03-15 19:16:12,3798.47,3.023e-05
2024-03-15 19:16:24,3798.06,3.026e-05
2024-03-15 19:16:36,3798.7,3.027e-05
2024-03-15 19:16:48,3796.51,3.024e-05
2024-03-15 19:17:00,3796.21,3.023e-05
2024-03-15 19:17:12,3796.24,3.022e-05
2024-03-15 19:17:24,3791.75,3.017e-05
2024-03-15 19:17:36,3791.19,3.016e-05
2024-03-15 19:17:48,3790.42,3.014e-05
2024-03-15 19:18:00,3786.39,3.011e-05
2024-03-15 19:18:12,3785.4,3.01e-05
2024-03-15 19:18:24,3787.85,3.014e-05
2024-03-15 19:18:36,3785.49,3.01e-05
2024-03-15 19:18:48,3784.99,3.01e-05
2024-03-15 19:19:00,3784.19,3.01e-05
2024-03-15 19:19:12,3780.21,3.008e-05
2024-03-15 19:19:24,3782.41,3.012e-05
2024-03-15 19:19:36,3783.0,3.013e-05
2024-03-15 19:19:48,3781.2,3.013e-05
2024-03-15 19:20:00,3779.86,3.008e-05
2024-03-15 19:20:12,3778.8,3.006e-05
2024-03-15 19:20:24,3771.59,2.998e-05
2024-03-15 19:20:36,3774.01,3e-05
2024-03-15 19:20:48,3773.9,2.997e-05
2024-03-15 19:21:00,3772.92,2.996e-05
2024-03-15 19:21:12,3774.46,2.997e-05
2024-03-15 19:21:24,3777.37,2.999e-05
2024-03-15 19:21:36,3776.01,2.993e-05
2024-03-15 19:21:48,3774.22,2.988e-05
2024-03-15 19:22:00,3773.11,2.987e-05
2024-03-15 19:22:12,3771.51,2.984e-05
2024-03-15 19:22:24,3770.74,2.986e-05
2024-03-15 19:22:36,3767.57,2.982e-05
2024-03-15 19:22:48,3766.58,2.979e-05
2024-03-15 19:23:00,3766.63,2.982e-05
2024-03-15 19:23:12,3763.22,2.979e-05
2024-03-15 19:23:24,3765.0,2.979e-05
2024-03-15 19:23:36,3767.76,2.986e-05
2024-03-15 19:23:48,3765.04,2.982e-05
2024-03-15 19:24:00,3762.99,2.978e-05
2024-03-15 19:24:12,3757.28,2.972e-05
2024-03-15 19:24:24,3758.41,2.972e-05
2024-03-15 19:24:36,3759.6,2.976e-05
2024-03-15 19:24:48,3762.76,2.98e-05
2024-03-15 19:25:00,3767.26,2.982e-05
2024-03-15 19:25:12,3767.5,2.98e-05
2024-03-15 19:25:24,3768.97,2.983e-05
2024-03-15 19:25:36,3769.8,2.982e-05
2024-03-15 19:25:48,3769.96,2.983e-05
2024-03-15 19:26:00,3772.85,2.988e-05
2024-03-15 19:26:12,3775.12,2.992e-05
2024-03-15 19:26:24,3769.54,2.984e-05
2024-03-15 19:26:36,3769.42,2.984e-05
2024-03-15 19:26:48,3769.03,2.986e-05
2024-03-15 19:27:00,3769.8,2.986e-05
2024-03-15 19:27:12,3767.01,2.983e-05
2024-03-15 19:27:24,3765.42,2.981e-05
2024-03-15 19:27:36,3766.89,2.982e-05
2024-03-15 19:27:48,3765.39,2.981e-05
2024-03-15 19:28:00,3765.39,2.981e-05
2024-03-15 19:28:12,3770.88,2.984e-05
2024-03-15 19:28:24,3771.93,2.986e-05
2024-03-15 19:28:36,3771.88,2.987e-05
2024-03-15 19:28:48,3769.81,2.985e-05
2024-03-15 19:29:00,3770.8,2.986e-05
2024-03-15 19:29:12,3769.43,2.986e-05
2024-03-15 19:29:24,3771.4,2.988e-05
2024-03-15 19:29:36,3774.72,2.991e-05
2024-03-15 19:29:48,3771.05,2.989e-05
2024-03-15 19:30:00,3771.0,2.989e-05
2024-03-15 19:30:12,3772.8,2.992e-05
2024-03-15 19:30:24,3766.92,2.985e-05
2024-03-15 19:30:36,3764.4,2.982e-05
2024-03-15 19:30:48,3764.46,2.983e-05
2024-03-15 19:31:00,3764.47,2.984e-05
2024-03-15 19:31:12,3767.7,2.987e-05
2024-03-15 19:31:24,3764.23,2.982e-05
2024-03-15 19:31:36,3761.45,2.977e-05
2024-03-15 19:31:48,3760.21,2.976e-05
2024-03-15 19:32:00,3761.99,2.979e-05
2024-03-15 19:32:12,3762.22,2.981e-05
2024-03-15 19:32:24,3764.28,2.982e-05
2024-03-15 19:32:36,3763.78,2.981e-05
2024-03-15 19:32:48,3761.81,2.976e-05
2024-03-15 19:33:00,3762.19,2.977e-05
2024-03-15 19:33:12,3761.22,2.977e-05
2024-03-15 19:33:24,3759.15,2.971e-05
2024-03-15 19:33:36,3761.6,2.975e-05
2024-03-15 19:33:48,3757.96,2.972e-05
2024-03-15 19:34:00,3754.99,2.97e-05
2024-03-15 19:34:12,3750.8,2.967e-05
2024-03-15 19:34:24,3751.2,2.967e-05
2024-03-15 19:34:36,3754.46,2.971e-05
2024-03-15 19:34:48,3758.58,2.974e-05
2024-03-15 19:35:00,3759.56,2.972e-05
2024-03-15 19:35:12,3758.32,2.969e-05
2024-03-15 19:35:24,3757.0,2.967e-05
2024-03-15 19:35:36,3754.6,2.964e-05
2024-03-15 19:35:48,3753.39,2.963e-05
2024-03-15 19:36:00,3753.61,2.964e-05
2024-03-15 19:36:12,3756.96,2.969e-05
2024-03-15 19:36:24,3760.59,2.974e-05
2024-03-15 19:36:36,3764.76,2.978e-05
2024-03-15 19:36:48,3763.52,2.976e-05
2024-03-15 19:37:00,3763.48,2.977e-05
2024-03-15 19:37:12,3766.03,2.981e-05
2024-03-15 19:37:24,3762.96,2.977e-05
2024-03-15 19:37:36,3761.35,2.975e-05
2024-03-15 19:37:48,3758.61,2.974e-05
2024-03-15 19:38:00,3757.11,2.974e-05
2024-03-15 19:38:12,3753.02,2.972e-05
2024-03-15 19:38:24,3750.64,2.969e-05
2024-03-15 19:38:36,3754.02,2.971e-05
2024-03-15 19:38:48,3752.67,2.967e-05
2024-03-15 19:39:00,3751.02,2.964e-05
2024-03-15 19:39:12,3750.2,2.962e-05
2024-03-15 19:39:24,3753.8,2.966e-05
2024-03-15 19:39:36,3750.44,2.961e-05
2024-03-15 19:39:48,3745.37,2.955e-05
2024-03-15 19:40:00,3741.49,2.954e-05
2024-03-15 19:40:12,3742.16,2.954e-05
2024-03-15 19:40:24,3745.66,2.959e-05
2024-03-15 19:40:36,3742.6,2.955e-05
2024-03-15 19:40:48,3743.76,2.955e-05
2024-03-15 19:41:00,3744.02,2.957e-05
2024-03-15 19:41:12,3742.84,2.953e-05
2024-03-15 19:41:24,3741.62,2.951e-05
2024-03-15 19:41:36,3740.6,2.953e-05
2024-03-15 19:41:48,3744.8,2.958e-05
2024-03-15 19:42:00,3746.66,2.956e-05
2024-03-15 19:42:12,3747.05,2.957e-05
2024-03-15 19:42:24,3745.8,2.957e-05
2024-03-15 19:42:36,3747.41,2.959e-05
2024-03-15 19:42:48,3745.59,2.955e-05
2024-03-15 19:43:00,3744.34,2.955e-05
2024-03-15 19:43:12,3742.38,2.955e-05
2024-03-15 19:43:24,3742.07,2.958e-05
2024-03-15 19:43:36,3743.39,2.958e-05
2024-03-15 19:43:48,3745.9,2.962e-05
2024-03-15 19:44:00,3744.7,2.961e-05
2024-03-15 19:44:12,3744.41,2.96e-05
2024-03-15 19:44:24,3746.66,2.962e-05
2024-03-15 19:44:36,3746.0,2.962e-05
2024-03-15 19:44:48,3747.01,2.963e-05
2024-03-15 19:45:00,3745.42,2.961e-05
2024-03-15 19:45:12,3742.34,2.958e-05
2024-03-15 19:45:24,3742.13,2.957e-05
2024-03-15 19:45:36,3742.68,2.958e-05
2024-03-15 19:45:48,3741.38,2.955e-05
2024-03-15 19:46:00,3739.58,2.952e-05
2024-03-15 19:46:12,3743.0,2.961e-05
2024-03-15 19:46:24,3739.74,2.955e-05
2024-03-15 19:46:36,3736.2,2.95e-05
2024-03-15 19:46:48,3736.75,2.949e-05
2024-03-15 19:47:00,3731.35,2.943e-05
2024-03-15 19:47:12,3725.51,2.938e-05
2024-03-15 19:47:24,3726.81,2.941e-05
2024-03-15 19:47:36,3725.11,2.939e-05
2024-03-15 19:47:48,3725.28,2.938e-05
2024-03-15 19:48:00,3721.9,2.932e-05
2024-03-15 19:48:12,3725.29,2.939e-05
2024-03-15 19:48:24,3722.14,2.934e-05
2024-03-15 19:48:36,3720.06,2.933e-05
2024-03-15 19:48:48,3716.89,2.927e-05
2024-03-15 19:49:00,3720.29,2.93e-05
2024-03-15 19:49:12,3719.4,2.93e-05
2024-03-15 19:49:24,3716.55,2.928e-05
2024-03-15 19:49:36,3712.58,2.926e-05
2024-03-15 19:49:48,3714.02,2.925e-05
2024-03-15 19:50:00,3712.41,2.923e-05
2024-03-15 19:50:12,3709.76,2.919e-05
2024-03-15 19:50:24,3710.51,2.92e-05
2024-03-15 19:50:36,3703.95,2.913e-05
2024-03-15 19:50:48,3701.8,2.911e-05
2024-03-15 19:51:00,3681.87,2.9e-05
2024-03-15 19:51:12,3692.97,2.911e-05
2024-03-15 19:51:24,3693.96,2.91e-05
2024-03-15 19:51:36,3698.26,2.914e-05
2024-03-15 19:51:48,3702.14,2.917e-05
2024-03-15 19:52:00,3701.92,2.915e-05
2024-03-15 19:52:12,3695.16,2.908e-05
2024-03-15 19:52:24,3692.46,2.906e-05
2024-03-15 19:52:36,3690.57,2.907e-05
2024-03-15 19:52:48,3691.39,2.908e-05
2024-03-15 19:53:00,3684.69,2.909e-05
2024-03-15 19:53:12,3681.71,2.903e-05
2024-03-15 19:53:24,3686.64,2.911e-05
2024-03-15 19:53:36,3692.2,2.915e-05
2024-03-15 19:53:48,3690.66,2.911e-05
2024-03-15 19:54:00,3694.76,2.914e-05
2024-03-15 19:54:12,3695.22,2.914e-05
2024-03-15 19:54:24,3693.9,2.914e-05
2024-03-15 19:54:36,3695.0,2.916e-05
2024-03-15 19:54:48,3687.65,2.908e-05
2024-03-15 19:55:00,3687.79,2.909e-05
2024-03-15 19:55:12,3695.17,2.918e-05
2024-03-15 19:55:24,3695.98,2.918e-05
2024-03-15 19:55:36,3686.07,2.909e-05
2024-03-15 19:55:48,3690.52,2.913e-05
2024-03-15 19:56:00,3690.86,2.913e-05
2024-03-15 19:56:12,3696.15,2.919e-05
2024-03-15 19:56:24,3695.65,2.92e-05
2024-03-15 19:56:36,3693.97,2.919e-05
2024-03-15 19:56:48,3692.26,2.917e-05
2024-03-15 19:57:00,3690.66,2.916e-05
2024-03-15 19:57:12,3689.78,2.913e-05
2024-03-15 19:57:24,3684.1,2.909e-05
2024-03-15 19:57:36,3682.24,2.906e-05
2024-03-15 19:57:48,3685.15,2.908e-05
2024-03-15 19:58:00,3684.62,2.909e-05
2024-03-15 19:58:12,3683.11,2.907e-05
2024-03-15 19:58:24,3681.46,2.905e-05
2024-03-15 19:58:36,3678.75,2.902e-05
2024-03-15 19:58:48,3682.61,2.905e-05
2024-03-15 19:59:00,3681.88,2.904e-05
2024-03-15 19:59:12,3676.16,2.901e-05
2024-03-15 19:59:24,3679.8,2.904e-05
2024-03-15 19:59:36,3683.85,2.908e-05
2024-03-15 19:59:48,3688.25,2.915e-05
2024-03-15 20:00:00,3689.53,2.92e-05
2024-03-15 20:00:12,3684.62,2.912e-05
2024-03-15 20:00:24,3688.7,2.921e-05
2024-03-15 20:00:36,3687.36,2.919e-05
2024-03-15 20:00:48,3687.54,2.92e-05
2024-03-15 20:01:00,3688.54,2.92e-05
2024-03-15 20:01:12,3688.44,2.924e-05
2024-03-15 20:01:24,3687.75,2.922e-05
2024-03-15 20:01:36,3685.81,2.917e-05
2024-03-15 20:01:48,3675.34,2.908e-05
2024-03-15 20:02:00,3673.55,2.911e-05
2024-03-15 20:02:12,3672.0,2.91e-05
2024-03-15 20:02:24,3669.43,2.909e-05
2024-03-15 20:02:36,3671.2,2.907e-05
2024-03-15 20:02:48,3677.06,2.913e-05
2024-03-15 20:03:00,3676.0,2.912e-05
2024-03-15 20:03:12,3671.94,2.906e-05
2024-03-15 20:03:24,3669.69,2.904e-05
2024-03-15 20:03:36,3672.39,2.905e-05
2024-03-15 20:03:48,3672.9,2.905e-05
2024-03-15 20:04:00,3669.31,2.898e-05
2024-03-15 20:04:12,3668.61,2.897e-05
2024-03-15 20:04:24,3670.2,2.897e-05
2024-03-15 20:04:36,3668.97,2.893e-05
2024-03-15 20:04:48,3670.99,2.896e-05
2024-03-15 20:05:00,3671.64,2.896e-05
2024-03-15 20:05:12,3675.2,2.905e-05
2024-03-15 20:05:24,3674.74,2.905e-05
2024-03-15 20:05:36,3668.21,2.897e-05
2024-03-15 20:05:48,3667.94,2.897e-05
2024-03-15 20:06:00,3672.61,2.904e-05
2024-03-15 20:06:12,3675.0,2.907e-05
2024-03-15 20:06:24,3672.82,2.906e-05
2024-03-15 20:06:36,3668.83,2.899e-05
2024-03-15 20:06:48,3668.61,2.898e-05
2024-03-15 20:07:00,3667.93,2.897e-05
2024-03-15 20:07:12,3661.26,2.892e-05
2024-03-15 20:07:24,3654.28,2.886e-05
2024-03-15 20:07:36,3657.01,2.887e-05
2024-03-15 20:07:48,3654.01,2.886e-05
2024-03-15 20:08:00,3653.83,2.885e-05
2024-03-15 20:08:12,3647.6,2.882e-05
2024-03-15 20:08:24,3647.98,2.882e-05
2024-03-15 20:08:36,3654.27,2.89e-05
2024-03-15 20:08:48,3651.63,2.884e-05
2024-03-15 20:09:00,3644.35,2.879e-05
2024-03-15 20:09:12,3643.01,2.875e-05
2024-03-15 20:09:24,3635.22,2.871e-05
2024-03-15 20:09:36,3630.7,2.865e-05
2024-03-15 20:09:48,3627.7,2.862e-05
2024-03-15 20:10:00,3638.97,2.875e-05
2024-03-15 20:10:12,3645.11,2.88e-05
2024-03-15 20:10:24,3645.3,2.879e-05
2024-03-15 20:10:36,3636.62,2.871e-05
2024-03-15 20:10:48,3638.0,2.873e-05
2024-03-15 20:11:00,3645.4,2.88e-05
2024-03-15 20:11:12,3652.49,2.887e-05
2024-03-15 20:11:24,3650.41,2.885e-05
2024-03-15 20:11:36,3643.8,2.878e-05
2024-03-15 20:11:48,3647.72,2.881e-05
2024-03-15 20:12:00,3652.34,2.885e-05
2024-03-15 20:12:12,3654.4,2.889e-05
2024-03-15 20:12:24,3656.13,2.89e-05
2024-03-15 20:12:36,3648.52,2.883e-05
2024-03-15 20:12:48,3644.34,2.878e-05
2024-03-15 20:13:00,3650.39,2.884e-05
2024-03-15 20:13:12,3649.43,2.883e-05
2024-03-15 20:13:24,3646.6,2.881e-05
2024-03-15 20:13:36,3645.73,2.88e-05
2024-03-15 20:13:48,3653.01,2.886e-05
2024-03-15 20:14:00,3652.59,2.888e-05
2024-03-15 20:14:12,3649.89,2.885e-05
2024-03-15 20:14:24,3654.96,2.891e-05
2024-03-15 20:14:36,3655.16,2.888e-05
2024-03-15 20:14:48,3650.18,2.879e-05
2024-03-15 20:15:00,3651.41,2.881e-05
2024-03-15 20:15:12,3650.05,2.881e-05
2024-03-15 20:15:24,3649.41,2.88e-05
2024-03-15 20:15:36,3655.0,2.888e-05
2024-03-15 20:15:48,3655.19,2.889e-05
2024-03-15 20:16:00,3657.8,2.889e-05
2024-03-15 20:16:12,3661.21,2.894e-05
2024-03-15 20:16:24,3660.4,2.895e-05
2024-03-15 20:16:36,3656.15,2.894e-05
2024-03-15 20:16:48,3656.6,2.897e-05
2024-03-15 20:17:00,3656.4,2.897e-05
2024-03-15 20:17:12,3657.81,2.899e-05
2024-03-15 20:17:24,3657.91,2.902e-05
2024-03-15 20:17:36,3659.4,2.902e-05
2024-03-15 20:17:48,3661.81,2.906e-05
2024-03-15 20:18:00,3663.23,2.907e-05
2024-03-15 20:18:12,3662.35,2.911e-05
2024-03-15 20:18:24,3660.47,2.912e-05
2024-03-15 20:18:36,3660.6,2.912e-05
2024-03-15 20:18:48,3661.15,2.913e-05
2024-03-15 20:19:00,3661.15,2.914e-05
2024-03-15 20:19:12,3660.03,2.913e-05
2024-03-15 20:19:24,3661.97,2.916e-05
2024-03-15 20:19:36,3664.21,2.917e-05
2024-03-15 20:19:48,3662.75,2.914e-05
2024-03-15 20:20:00,3661.48,2.911e-05
2024-03-15 20:20:12,3659.39,2.908e-05
2024-03-15 20:20:24,3660.4,2.913e-05
2024-03-15 20:20:36,3660.21,2.912e-05
2024-03-15 20:20:48,3661.56,2.915e-05
2024-03-15 20:21:00,3663.01,2.915e-05
2024-03-15 20:21:12,3663.55,2.915e-05
2024-03-15 20:21:24,3664.33,2.915e-05
2024-03-15 20:21:36,3665.29,2.917e-05
2024-03-15 20:21:48,3664.69,2.915e-05
2024-03-15 20:22:00,3661.53,2.913e-05
2024-03-15 20:22:12,3661.93,2.912e-05
2024-03-15 20:22:24,3662.93,2.913e-05
2024-03-15 20:22:36,3663.01,2.913e-05
2024-03-15 20:22:48,3662.44,2.911e-05
2024-03-15 20:23:00,3663.36,2.913e-05
2024-03-15 20:23:12,3663.39,2.913e-05
2024-03-15 20:23:24,3662.0,2.912e-05
2024-03-15 20:23:36,3664.38,2.914e-05
2024-03-15 20:23:48,3664.2,2.913e-05
2024-03-15 20:24:00,3666.0,2.914e-05
2024-03-15 20:24:12,3665.41,2.915e-05
2024-03-15 20:24:24,3666.19,2.915e-05
2024-03-15 20:24:36,3666.77,2.916e-05
2024-03-15 20:24:48,3667.33,2.919e-05
2024-03-15 20:25:00,3667.8,2.919e-05
2024-03-15 20:25:12,3663.82,2.913e-05
2024-03-15 20:25:24,3664.6,2.915e-05
2024-03-15 20:25:36,3665.42,2.916e-05
2024-03-15 20:25:48,3665.4,2.916e-05
2024-03-15 20:26:00,3665.43,2.916e-05
2024-03-15 20:26:12,3663.6,2.911e-05
2024-03-15 20:26:24,3659.86,2.906e-05
2024-03-15 20:26:36,3659.8,2.904e-05
2024-03-15 20:26:48,3658.76,2.901e-05
2024-03-15 20:27:00,3659.47,2.901e-05
2024-03-15 20:27:12,3655.03,2.896e-05
2024-03-15 20:27:24,3656.78,2.9e-05
2024-03-15 20:27:36,3659.56,2.903e-05
2024-03-15 20:27:48,3658.21,2.903e-05
2024-03-15 20:28:00,3659.0,2.904e-05
2024-03-15 20:28:12,3658.04,2.902e-05
2024-03-15 20:28:24,3658.6,2.901e-05
2024-03-15 20:28:36,3660.0,2.901e-05
2024-03-15 20:28:48,3663.03,2.905e-05
2024-03-15 20:29:00,3660.8,2.901e-05
2024-03-15 20:29:12,3663.1,2.904e-05
2024-03-15 20:29:24,3662.81,2.904e-05
2024-03-15 20:29:36,3663.39,2.905e-05
2024-03-15 20:29:48,3663.55,2.906e-05
2024-03-15 20:30:00,3664.0,2.907e-05
2024-03-15 20:30:12,3663.75,2.907e-05
2024-03-15 20:30:24,3661.8,2.905e-05
2024-03-15 20:30:36,3659.81,2.902e-05
2024-03-15 20:30:48,3657.2,2.898e-05
2024-03-15 20:31:00,3657.6,2.899e-05
2024-03-15 20:31:12,3656.47,2.897e-05
2024-03-15 20:31:24,3650.96,2.892e-05
2024-03-15 20:31:36,3646.22,2.887e-05
2024-03-15 20:31:48,3647.81,2.89e-05
2024-03-15 20:32:00,3652.6,2.897e-05
2024-03-15 20:32:12,3650.36,2.893e-05
2024-03-15 20:32:24,3652.59,2.894e-05
2024-03-15 20:32:36,3648.41,2.888e-05
2024-03-15 20:32:48,3648.1,2.889e-05
2024-03-15 20:33:00,3648.93,2.89e-05
2024-03-15 20:33:12,3648.71,2.89e-05
2024-03-15 20:33:24,3645.53,2.885e-05
2024-03-15 20:33:36,3646.98,2.886e-05
2024-03-15 20:33:48,3647.73,2.889e-05
2024-03-15 20:34:00,3652.99,2.893e-05
2024-03-15 20:34:12,3652.14,2.891e-05
2024-03-15 20:34:24,3655.2,2.895e-05
2024-03-15 20:34:36,3659.23,2.899e-05
2024-03-15 20:34:48,3659.78,2.897e-05
2024-03-15 20:35:00,3654.6,2.894e-05
2024-03-15 20:35:12,3656.22,2.896e-05
2024-03-15 20:35:24,3659.29,2.902e-05
2024-03-15 20:35:36,3659.8,2.902e-05
2024-03-15 20:35:48,3656.78,2.898e-05
2024-03-15 20:36:00,3657.73,2.9e-05
2024-03-15 20:36:12,3653.01,2.893e-05
2024-03-15 20:36:24,3650.2,2.89e-05
2024-03-15 20:36:36,3647.8,2.888e-05
2024-03-15 20:36:48,3646.63,2.888e-05
2024-03-15 20:37:00,3649.55,2.89e-05
2024-03-15 20:37:12,3649.01,2.89e-05
2024-03-15 20:37:24,3651.0,2.892e-05
2024-03-15 20:37:36,3648.66,2.891e-05
2024-03-15 20:37:48,3646.8,2.889e-05
2024-03-15 20:38:00,3644.67,2.887e-05
2024-03-15 20:38:12,3644.99,2.888e-05
2024-03-15 20:38:24,3646.59,2.89e-05
2024-03-15 20:38:36,3645.0,2.888e-05
2024-03-15 20:38:48,3645.25,2.889e-05
2024-03-15 20:39:00,3646.2,2.889e-05
2024-03-15 20:39:12,3645.0,2.889e-05
2024-03-15 20:39:24,3643.18,2.885e-05
2024-03-15 20:39:36,3636.6,2.88e-05
2024-03-15 20:39:48,3633.0,2.877e-05
2024-03-15 20:40:00,3637.83,2.883e-05
2024-03-15 20:40:12,3633.92,2.879e-05
2024-03-15 20:40:24,3630.26,2.873e-05
2024-03-15 20:40:36,3630.02,2.869e-05
2024-03-15 20:40:48,3630.6,2.871e-05
2024-03-15 20:41:00,3631.4,2.868e-05
2024-03-15 20:41:12,3631.59,2.872e-05
2024-03-15 20:41:24,3629.48,2.869e-05
2024-03-15 20:41:36,3632.19,2.873e-05
2024-03-15 20:41:48,3632.18,2.871e-05
2024-03-15 20:42:00,3630.34,2.871e-05
2024-03-15 20:42:12,3633.13,2.876e-05
2024-03-15 20:42:24,3631.36,2.871e-05
2024-03-15 20:42:36,3630.95,2.872e-05
2024-03-15 20:42:48,3632.99,2.873e-05
2024-03-15 20:43:00,3630.68,2.87e-05
2024-03-15 20:43:12,3630.2,2.867e-05
2024-03-15 20:43:24,3629.38,2.866e-05
2024-03-15 20:43:36,3627.03,2.862e-05
2024-03-15 20:43:48,3616.32,2.854e-05
2024-03-15 20:44:00,3623.23,2.861e-05
2024-03-15 20:44:12,3623.01,2.861e-05
2024-03-15 20:44:24,3622.4,2.861e-05
2024-03-15 20:44:36,3618.6,2.858e-05
2024-03-15 20:44:48,3623.39,2.861e-05
2024-03-15 20:45:00,3622.21,2.86e-05
2024-03-15 20:45:12,3623.49,2.863e-05
2024-03-15 20:45:24,3631.37,2.872e-05
2024-03-15 20:45:36,3629.77,2.868e-05
2024-03-15 20:45:48,3631.2,2.868e-05
2024-03-15 20:46:00,3634.18,2.871e-05
2024-03-15 20:46:12,3634.8,2.871e-05
2024-03-15 20:46:24,3629.62,2.865e-05
2024-03-15 20:46:36,3629.64,2.866e-05
2024-03-15 20:46:48,3633.77,2.87e-05
2024-03-15 20:47:00,3630.19,2.867e-05
2024-03-15 20:47:12,3629.81,2.867e-05
2024-03-15 20:47:24,3629.23,2.866e-05
2024-03-15 20:47:36,3622.78,2.859e-05
2024-03-15 20:47:48,3625.01,2.861e-05
2024-03-15 20:48:00,3627.99,2.865e-05
2024-03-15 20:48:12,3627.62,2.865e-05
2024-03-15 20:48:24,3622.51,2.857e-05
2024-03-15 20:48:36,3619.26,2.854e-05
2024-03-15 20:48:48,3619.53,2.852e-05
2024-03-15 20:49:00,3616.98,2.849e-05
2024-03-15 20:49:12,3610.08,2.845e-05
2024-03-15 20:49:24,3610.06,2.847e-05
2024-03-15 20:49:36,3609.99,2.846e-05
2024-03-15 20:49:48,3617.0,2.851e-05
2024-03-15 20:50:00,3618.58,2.852e-05
2024-03-15 20:50:12,3627.54,2.861e-05
2024-03-15 20:50:24,3625.1,2.859e-05
2024-03-15 20:50:36,3627.07,2.861e-05
2024-03-15 20:50:48,3625.55,2.858e-05
2024-03-15 20:51:00,3624.33,2.854e-05
2024-03-15 20:51:12,3629.32,2.856e-05
2024-03-15 20:51:24,3632.18,2.857e-05
2024-03-15 20:51:36,3628.53,2.854e-05
2024-03-15 20:51:48,3626.87,2.853e-05
2024-03-15 20:52:00,3623.53,2.849e-05
2024-03-15 20:52:12,3624.4,2.85e-05
2024-03-15 20:52:24,3618.39,2.845e-05
2024-03-15 20:52:36,3616.49,2.843e-05
2024-03-15 20:52:48,3622.41,2.849e-05
2024-03-15 20:53:00,3625.39,2.85e-05
2024-03-15 20:53:12,3623.21,2.849e-05
2024-03-15 20:53:24,3625.42,2.853e-05
2024-03-15 20:53:36,3628.2,2.853e-05
2024-03-15 20:53:48,3628.51,2.853e-05
2024-03-15 20:54:00,3628.21,2.853e-05
2024-03-15 20:54:12,3630.16,2.854e-05
2024-03-15 20:54:24,3626.59,2.849e-05
2024-03-15 20:54:36,3629.8,2.853e-05
2024-03-15 20:54:48,3628.0,2.851e-05
2024-03-15 20:55:00,3629.4,2.85e-05
2024-03-15 20:55:12,3627.41,2.846e-05
2024-03-15 20:55:24,3631.0,2.852e-05
2024-03-15 20:55:36,3630.21,2.851e-05
2024-03-15 20:55:48,3632.34,2.854e-05
2024-03-15 20:56:00,3632.21,2.852e-05
2024-03-15 20:56:12,3630.05,2.852e-05
2024-03-15 20:56:24,3628.21,2.848e-05
2024-03-15 20:56:36,3627.0,2.848e-05
2024-03-15 20:56:48,3627.77,2.845e-05
2024-03-15 20:57:00,3629.4,2.845e-05
2024-03-15 20:57:12,3628.63,2.845e-05
2024-03-15 20:57:24,3631.14,2.846e-05
2024-03-15 20:57:36,3627.8,2.843e-05
2024-03-15 20:57:48,3626.66,2.835e-05
2024-03-15 20:58:00,3626.39,2.835e-05
2024-03-15 20:58:12,3627.41,2.84e-05
2024-03-15 20:58:24,3626.79,2.84e-05
2024-03-15 20:58:36,3624.21,2.839e-05
2024-03-15 20:58:48,3623.61,2.84e-05
2024-03-15 20:59:00,3625.53,2.842e-05
2024-03-15 20:59:12,3627.33,2.845e-05
2024-03-15 20:59:24,3628.97,2.848e-05
2024-03-15 20:59:36,3629.7,2.849e-05
2024-03-15 20:59:48,3627.8,2.847e-05
2024-03-15 21:00:00,3629.66,2.849e-05
2024-03-15 21:00:12,3629.2,2.847e-05
2024-03-15 21:00:24,3629.01,2.847e-05
2024-03-15 21:00:36,3627.0,2.845e-05
2024-03-15 21:00:48,3632.12,2.851e-05
2024-03-15 21:01:00,3637.14,2.856e-05
2024-03-15 21:01:12,3641.07,2.86e-05
2024-03-15 21:01:24,3640.0,2.86e-05
2024-03-15 21:01:36,3635.48,2.858e-05
2024-03-15 21:01:48,3634.67,2.857e-05
2024-03-15 21:02:00,3635.92,2.861e-05
2024-03-15 21:02:12,3638.79,2.866e-05
2024-03-15 21:02:24,3641.63,2.868e-05
2024-03-15 21:02:36,3639.42,2.87e-05
2024-03-15 21:02:48,3641.22,2.872e-05
2024-03-15 21:03:00,3639.8,2.869e-05
2024-03-15 21:03:12,3640.6,2.871e-05
2024-03-15 21:03:24,3639.02,2.87e-05
2024-03-15 21:03:36,3639.13,2.871e-05
2024-03-15 21:03:48,3640.01,2.875e-05
2024-03-15 21:04:00,3640.41,2.876e-05
2024-03-15 21:04:12,3648.89,2.882e-05
2024-03-15 21:04:24,3647.83,2.883e-05
2024-03-15 21:04:36,3647.9,2.884e-05
2024-03-15 21:04:48,3649.33,2.884e-05
2024-03-15 21:05:00,3648.42,2.883e-05
2024-03-15 21:05:12,3646.83,2.88e-05
2024-03-15 21:05:24,3647.4,2.883e-05
2024-03-15 21:05:36,3649.16,2.885e-05
2024-03-15 21:05:48,3648.58,2.885e-05
2024-03-15 21:06:00,3648.46,2.884e-05
2024-03-15 21:06:12,3648.6,2.885e-05
2024-03-15 21:06:24,3645.92,2.883e-05
2024-03-15 21:06:36,3643.92,2.876e-05
2024-03-15 21:06:48,3646.03,2.878e-05
2024-03-15 21:07:00,3645.81,2.879e-05
2024-03-15 21:07:12,3646.61,2.879e-05
2024-03-15 21:07:24,3646.6,2.878e-05
2024-03-15 21:07:36,3645.34,2.876e-05
2024-03-15 21:07:48,3645.4,2.88e-05
2024-03-15 21:08:00,3644.58,2.88e-05
2024-03-15 21:08:12,3644.99,2.881e-05
2024-03-15 21:08:24,3645.54,2.884e-05
2024-03-15 21:08:36,3645.55,2.884e-05
2024-03-15 21:08:48,3645.61,2.885e-05
2024-03-15 21:09:00,3645.61,2.886e-05
2024-03-15 21:09:12,3645.63,2.884e-05
2024-03-15 21:09:24,3647.13,2.883e-05
2024-03-15 21:09:36,3648.2,2.884e-05
2024-03-15 21:09:48,3650.26,2.885e-05
2024-03-15 21:10:00,3648.61,2.883e-05
2024-03-15 21:10:12,3646.65,2.882e-05
2024-03-15 21:10:24,3646.99,2.884e-05
2024-03-15 21:10:36,3643.82,2.878e-05
2024-03-15 21:10:48,3642.21,2.876e-05
2024-03-15 21:11:00,3645.45,2.878e-05
2024-03-15 21:11:12,3646.99,2.879e-05
2024-03-15 21:11:24,3647.5,2.881e-05
2024-03-15 21:11:36,3645.3,2.876e-05
2024-03-15 21:11:48,3645.8,2.877e-05
2024-03-15 21:12:00,3645.96,2.878e-05
2024-03-15 21:12:12,3645.11,2.878e-05
2024-03-15 21:12:24,3644.92,2.876e-05
2024-03-15 21:12:36,3646.2,2.876e-05
2024-03-15 21:12:48,3645.92,2.875e-05
2024-03-15 21:13:00,3645.16,2.876e-05
2024-03-15 21:13:12,3644.47,2.877e-05
2024-03-15 21:13:24,3642.2,2.874e-05
2024-03-15 21:13:36,3642.99,2.874e-05
2024-03-15 21:13:48,3640.63,2.87e-05
2024-03-15 21:14:00,3638.63,2.866e-05
2024-03-15 21:14:12,3640.22,2.869e-05
2024-03-15 21:14:24,3643.26,2.873e-05
2024-03-15 21:14:36,3644.84,2.875e-05
2024-03-15 21:14:48,3644.84,2.876e-05
2024-03-15 21:15:00,3645.61,2.883e-05
2024-03-15 21:15:12,3646.15,2.886e-05
2024-03-15 21:15:24,3643.4,2.885e-05
2024-03-15 21:15:36,3642.21,2.884e-05
2024-03-15 21:15:48,3642.99,2.885e-05
2024-03-15 21:16:00,3644.6,2.888e-05
2024-03-15 21:16:12,3646.45,2.889e-05
2024-03-15 21:16:24,3647.8,2.89e-05
2024-03-15 21:16:36,3648.81,2.891e-05
2024-03-15 21:16:48,3649.62,2.896e-05
2024-03-15 21:17:00,3649.62,2.895e-05
2024-03-15 21:17:12,3649.69,2.894e-05
2024-03-15 21:17:24,3649.69,2.893e-05
2024-03-15 21:17:36,3649.04,2.891e-05
2024-03-15 21:17:48,3651.09,2.893e-05
2024-03-15 21:18:00,3650.4,2.893e-05
2024-03-15 21:18:12,3650.23,2.894e-05
2024-03-15 21:18:24,3650.03,2.895e-05
2024-03-15 21:18:36,3650.6,2.893e-05
2024-03-15 21:18:48,3650.59,2.894e-05
2024-03-15 21:19:00,3651.09,2.895e-05
2024-03-15 21:19:12,3652.21,2.898e-05
2024-03-15 21:19:24,3651.89,2.897e-05
2024-03-15 21:19:36,3653.63,2.9e-05
2024-03-15 21:19:48,3653.31,2.899e-05
2024-03-15 21:20:00,3652.9,2.901e-05
2024-03-15 21:20:12,3654.35,2.909e-05
2024-03-15 21:20:24,3654.34,2.909e-05
2024-03-15 21:20:36,3652.63,2.909e-05
2024-03-15 21:20:48,3650.91,2.903e-05
2024-03-15 21:21:00,3649.16,2.901e-05
2024-03-15 21:21:12,3649.22,2.896e-05
2024-03-15 21:21:24,3649.99,2.899e-05
2024-03-15 21:21:36,3650.8,2.899e-05
2024-03-15 21:21:48,3650.8,2.899e-05
2024-03-15 21:22:00,3650.79,2.899e-05
2024-03-15 21:22:12,3651.39,2.898e-05
2024-03-15 21:22:24,3651.8,2.899e-05
2024-03-15 21:22:36,3652.98,2.899e-05
2024-03-15 21:22:48,3654.34,2.903e-05
2024-03-15 21:23:00,3654.35,2.903e-05
2024-03-15 21:23:12,3653.46,2.901e-05
2024-03-15 21:23:24,3652.28,2.898e-05
2024-03-15 21:23:36,3648.68,2.895e-05
2024-03-15 21:23:48,3647.77,2.896e-05
2024-03-15 21:24:00,3647.77,2.896e-05
2024-03-15 21:24:12,3649.4,2.899e-05
2024-03-15 21:24:24,3649.88,2.9e-05
2024-03-15 21:24:36,3650.1,2.901e-05
2024-03-15 21:24:48,3651.18,2.901e-05
2024-03-15 21:25:00,3652.49,2.901e-05
2024-03-15 21:25:12,3652.49,2.9e-05
2024-03-15 21:25:24,3652.99,2.903e-05
2024-03-15 21:25:36,3650.6,2.898e-05
2024-03-15 21:25:48,3649.8,2.895e-05
2024-03-15 21:26:00,3650.17,2.898e-05
2024-03-15 21:26:12,3649.41,2.896e-05
2024-03-15 21:26:24,3648.51,2.895e-05
2024-03-15 21:26:36,3644.64,2.891e-05
2024-03-15 21:26:48,3645.19,2.89e-05
2024-03-15 21:27:00,3645.17,2.891e-05
2024-03-15 21:27:12,3646.0,2.891e-05
2024-03-15 21:27:24,3645.16,2.891e-05
2024-03-15 21:27:36,3645.4,2.892e-05
2024-03-15 21:27:48,3646.01,2.892e-05
2024-03-15 21:28:00,3646.0,2.891e-05
2024-03-15 21:28:12,3645.4,2.89e-05
2024-03-15 21:28:24,3639.27,2.885e-05
2024-03-15 21:28:36,3642.18,2.885e-05
2024-03-15 21:28:48,3642.0,2.887e-05
2024-03-15 21:29:00,3639.07,2.884e-05
2024-03-15 21:29:12,3639.19,2.885e-05
2024-03-15 21:29:24,3640.54,2.887e-05
2024-03-15 21:29:36,3639.41,2.885e-05
2024-03-15 21:29:48,3639.88,2.887e-05
2024-03-15 21:30:00,3638.11,2.887e-05
2024-03-15 21:30:12,3632.52,2.881e-05
2024-03-15 21:30:24,3634.11,2.882e-05
2024-03-15 21:30:36,3636.98,2.884e-05
2024-03-15 21:30:48,3637.63,2.885e-05
2024-03-15 21:31:00,3643.23,2.89e-05
2024-03-15 21:31:12,3646.6,2.897e-05
2024-03-15 21:31:24,3649.32,2.899e-05
2024-03-15 21:31:36,3646.09,2.893e-05
2024-03-15 21:31:48,3646.57,2.892e-05
2024-03-15 21:32:00,3646.6,2.893e-05
2024-03-15 21:32:12,3649.98,2.896e-05
2024-03-15 21:32:24,3650.21,2.897e-05
2024-03-15 21:32:36,3649.84,2.897e-05
2024-03-15 21:32:48,3649.66,2.896e-05
2024-03-15 21:33:00,3651.0,2.896e-05
2024-03-15 21:33:12,3650.6,2.896e-05
2024-03-15 21:33:24,3650.05,2.895e-05
2024-03-15 21:33:36,3650.05,2.895e-05
2024-03-15 21:33:48,3650.05,2.894e-05
2024-03-15 21:34:00,3650.05,2.893e-05
2024-03-15 21:34:12,3650.05,2.894e-05
2024-03-15 21:34:24,3650.05,2.894e-05
2024-03-15 21:34:36,3650.05,2.895e-05
2024-03-15 21:34:48,3650.05,2.896e-05
2024-03-15 21:35:00,3650.99,2.897e-05
2024-03-15 21:35:12,3650.79,2.898e-05
2024-03-15 21:35:24,3650.79,2.899e-05
2024-03-15 21:35:36,3650.61,2.9e-05
2024-03-15 21:35:48,3650.61,2.899e-05
2024-03-15 21:36:00,3650.61,2.899e-05
2024-03-15 21:36:12,3650.6,2.898e-05
2024-03-15 21:36:24,3652.43,2.897e-05
2024-03-15 21:36:36,3653.0,2.9e-05
2024-03-15 21:36:48,3653.73,2.9e-05
2024-03-15 21:37:00,3654.14,2.902e-05
2024-03-15 21:37:12,3654.13,2.903e-05
2024-03-15 21:37:24,3654.14,2.903e-05
2024-03-15 21:37:36,3654.71,2.902e-05
2024-03-15 21:37:48,3654.71,2.903e-05
2024-03-15 21:38:00,3655.75,2.903e-05
2024-03-15 21:38:12,3656.53,2.905e-05
2024-03-15 21:38:24,3656.41,2.905e-05
2024-03-15 21:38:36,3656.42,2.905e-05
2024-03-15 21:38:48,3656.33,2.904e-05
2024-03-15 21:39:00,3655.93,2.904e-05
2024-03-15 21:39:12,3655.93,2.904e-05
2024-03-15 21:39:24,3654.91,2.903e-05
2024-03-15 21:39:36,3651.25,2.899e-05
2024-03-15 21:39:48,3651.25,2.9e-05
2024-03-15 21:40:00,3651.98,2.901e-05
2024-03-15 21:40:12,3653.13,2.901e-05
2024-03-15 21:40:24,3653.13,2.901e-05
2024-03-15 21:40:36,3649.34,2.898e-05
2024-03-15 21:40:48,3648.2,2.898e-05
2024-03-15 21:41:00,3647.8,2.898e-05
2024-03-15 21:41:12,3647.78,2.898e-05
2024-03-15 21:41:24,3647.79,2.898e-05
2024-03-15 21:41:36,3648.99,2.897e-05
2024-03-15 21:41:48,3651.53,2.898e-05
2024-03-15 21:42:00,3651.54,2.898e-05
2024-03-15 21:42:12,3651.67,2.897e-05
2024-03-15 21:42:24,3652.01,2.894e-05
2024-03-15 21:42:36,3652.01,2.892e-05
2024-03-15 21:42:48,3652.6,2.893e-05
2024-03-15 21:43:00,3652.8,2.892e-05
2024-03-15 21:43:12,3652.81,2.893e-05
2024-03-15 21:43:24,3652.8,2.894e-05
2024-03-15 21:43:36,3652.28,2.894e-05
2024-03-15 21:43:48,3652.0,2.894e-05
2024-03-15 21:44:00,3651.81,2.893e-05
2024-03-15 21:44:12,3651.12,2.893e-05
2024-03-15 21:44:24,3651.04,2.893e-05
2024-03-15 21:44:36,3651.0,2.892e-05
2024-03-15 21:44:48,3651.01,2.893e-05
2024-03-15 21:45:00,3651.0,2.893e-05
2024-03-15 21:45:12,3651.0,2.894e-05
2024-03-15 21:45:24,3651.0,2.895e-05
2024-03-15 21:45:36,3651.0,2.894e-05
2024-03-15 21:45:48,3651.01,2.894e-05
2024-03-15 21:46:00,3649.52,2.894e-05
2024-03-15 21:46:12,3649.01,2.894e-05
2024-03-15 21:46:24,3648.83,2.894e-05
2024-03-15 21:46:36,3648.83,2.896e-05
2024-03-15 21:46:48,3648.83,2.894e-05
2024-03-15 21:47:00,3649.95,2.894e-05
2024-03-15 21:47:12,3650.6,2.895e-05
2024-03-15 21:47:24,3650.6,2.895e-05
2024-03-15 21:47:36,3651.13,2.894e-05
2024-03-15 21:47:48,3651.02,2.896e-05
2024-03-15 21:48:00,3651.11,2.896e-05
2024-03-15 21:48:12,3652.79,2.896e-05
2024-03-15 21:48:24,3653.73,2.896e-05
2024-03-15 21:48:36,3654.07,2.897e-05
2024-03-15 21:48:48,3654.58,2.897e-05
2024-03-15 21:49:00,3654.78,2.896e-05
2024-03-15 21:49:12,3654.93,2.897e-05
2024-03-15 21:49:24,3654.81,2.897e-05
2024-03-15 21:49:36,3654.58,2.898e-05
2024-03-15 21:49:48,3654.95,2.897e-05
2024-03-15 21:50:00,3654.95,2.898e-05
2024-03-15 21:50:12,3653.14,2.899e-05
2024-03-15 21:50:24,3654.37,2.899e-05
2024-03-15 21:50:36,3654.45,2.899e-05
2024-03-15 21:50:48,3654.55,2.898e-05
2024-03-15 21:51:00,3653.42,2.897e-05
2024-03-15 21:51:12,3653.37,2.891e-05
2024-03-15 21:51:24,3653.17,2.889e-05
2024-03-15 21:51:36,3652.2,2.886e-05
2024-03-15 21:51:48,3651.21,2.886e-05
2024-03-15 21:52:00,3651.07,2.887e-05
2024-03-15 21:52:12,3650.61,2.888e-05
2024-03-15 21:52:24,3650.8,2.888e-05
2024-03-15 21:52:36,3650.93,2.887e-05
2024-03-15 21:52:48,3651.52,2.888e-05
2024-03-15 21:53:00,3655.77,2.893e-05
2024-03-15 21:53:12,3656.19,2.897e-05
2024-03-15 21:53:24,3657.11,2.899e-05
2024-03-15 21:53:36,3657.36,2.9e-05
2024-03-15 21:53:48,3657.79,2.901e-05
2024-03-15 21:54:00,3659.09,2.905e-05
2024-03-15 21:54:12,3662.49,2.907e-05
2024-03-15 21:54:24,3660.84,2.91e-05
2024-03-15 21:54:36,3668.47,2.909e-05
2024-03-15 21:54:48,3667.21,2.91e-05
2024-03-15 21:55:00,3665.44,2.908e-05
2024-03-15 21:55:12,3668.42,2.91e-05
2024-03-15 21:55:24,3668.59,2.911e-05
2024-03-15 21:55:36,3668.26,2.91e-05
2024-03-15 21:55:48,3668.01,2.912e-05
2024-03-15 21:56:00,3667.78,2.911e-05
2024-03-15 21:56:12,3671.35,2.91e-05
2024-03-15 21:56:24,3670.6,2.908e-05
2024-03-15 21:56:36,3669.47,2.906e-05
2024-03-15 21:56:48,3669.13,2.907e-05
2024-03-15 21:57:00,3668.03,2.906e-05
2024-03-15 21:57:12,3667.8,2.907e-05
2024-03-15 21:57:24,3669.39,2.908e-05
2024-03-15 21:57:36,3669.4,2.907e-05
2024-03-15 21:57:48,3669.4,2.907e-05
2024-03-15 21:58:00,3669.39,2.907e-05
2024-03-15 21:58:12,3668.61,2.909e-05
2024-03-15 21:58:24,3667.65,2.909e-05
2024-03-15 21:58:36,3667.0,2.909e-05
2024-03-15 21:58:48,3667.01,2.909e-05
2024-03-15 21:59:00,3666.93,2.909e-05
2024-03-15 21:59:12,3666.92,2.908e-05
2024-03-15 21:59:24,3666.93,2.908e-05
2024-03-15 21:59:36,3666.52,2.909e-05
2024-03-15 21:59:48,3668.2,2.91e-05
2024-03-15 22:00:00,3669.65,2.91e-05
2024-03-15 22:00:12,3670.0,2.909e-05
2024-03-15 22:00:24,3668.65,2.907e-05
2024-03-15 22:00:36,3667.0,2.904e-05
2024-03-15 22:00:48,3671.5,2.906e-05
2024-03-15 22:01:00,3667.91,2.903e-05
2024-03-15 22:01:12,3670.36,2.907e-05
2024-03-15 22:01:24,3669.06,2.905e-05
2024-03-15 22:01:36,3668.32,2.904e-05
2024-03-15 22:01:48,3667.76,2.904e-05
2024-03-15 22:02:00,3667.01,2.905e-05
2024-03-15 22:02:12,3667.81,2.905e-05
2024-03-15 22:02:24,3667.41,2.904e-05
2024-03-15 22:02:36,3668.35,2.906e-05
2024-03-15 22:02:48,3667.41,2.906e-05
2024-03-15 22:03:00,3667.4,2.906e-05
2024-03-15 22:03:12,3667.41,2.905e-05
2024-03-15 22:03:24,3667.4,2.904e-05
2024-03-15 22:03:36,3668.53,2.905e-05
2024-03-15 22:03:48,3670.35,2.907e-05
2024-03-15 22:04:00,3670.78,2.91e-05
2024-03-15 22:04:12,3671.21,2.914e-05
2024-03-15 22:04:24,3669.61,2.916e-05
2024-03-15 22:04:36,3669.04,2.913e-05
2024-03-15 22:04:48,3669.05,2.913e-05
2024-03-15 22:05:00,3668.21,2.915e-05
2024-03-15 22:05:12,3669.01,2.919e-05
2024-03-15 22:05:24,3668.97,2.92e-05
2024-03-15 22:05:36,3668.67,2.92e-05
2024-03-15 22:05:48,3668.51,2.92e-05
2024-03-15 22:06:00,3668.58,2.916e-05
2024-03-15 22:06:12,3667.37,2.915e-05
2024-03-15 22:06:24,3670.6,2.92e-05
2024-03-15 22:06:36,3671.11,2.924e-05
2024-03-15 22:06:48,3671.99,2.927e-05
2024-03-15 22:07:00,3672.48,2.925e-05
2024-03-15 22:07:12,3670.62,2.918e-05
2024-03-15 22:07:24,3670.37,2.918e-05
2024-03-15 22:07:36,3671.79,2.923e-05
2024-03-15 22:07:48,3671.01,2.924e-05
2024-03-15 22:08:00,3670.01,2.922e-05
2024-03-15 22:08:12,3671.71,2.924e-05
2024-03-15 22:08:24,3672.47,2.928e-05
2024-03-15 22:08:36,3672.47,2.929e-05
2024-03-15 22:08:48,3673.0,2.931e-05
2024-03-15 22:09:00,3673.66,2.932e-05
2024-03-15 22:09:12,3674.59,2.935e-05
2024-03-15 22:09:24,3675.2,2.936e-05
2024-03-15 22:09:36,3674.91,2.936e-05
2024-03-15 22:09:48,3674.74,2.936e-05
2024-03-15 22:10:00,3675.39,2.935e-05
2024-03-15 22:10:12,3676.57,2.932e-05
2024-03-15 22:10:24,3677.29,2.936e-05
2024-03-15 22:10:36,3677.35,2.939e-05
2024-03-15 22:10:48,3678.26,2.939e-05
2024-03-15 22:11:00,3677.14,2.938e-05
2024-03-15 22:11:12,3675.66,2.936e-05
2024-03-15 22:11:24,3674.87,2.932e-05
2024-03-15 22:11:36,3674.86,2.933e-05
2024-03-15 22:11:48,3674.8,2.934e-05
2024-03-15 22:12:00,3674.26,2.933e-05
2024-03-15 22:12:12,3673.81,2.929e-05
2024-03-15 22:12:24,3673.2,2.928e-05
2024-03-15 22:12:36,3674.14,2.931e-05
2024-03-15 22:12:48,3675.74,2.932e-05
2024-03-15 22:13:00,3675.8,2.931e-05
2024-03-15 22:13:12,3677.59,2.931e-05
2024-03-15 22:13:24,3675.94,2.926e-05
2024-03-15 22:13:36,3677.39,2.928e-05
2024-03-15 22:13:48,3678.63,2.928e-05
2024-03-15 22:14:00,3679.02,2.928e-05
2024-03-15 22:14:12,3679.13,2.928e-05
2024-03-15 22:14:24,3680.41,2.932e-05
2024-03-15 22:14:36,3679.12,2.931e-05
2024-03-15 22:14:48,3680.6,2.931e-05
2024-03-15 22:15:00,3679.24,2.932e-05
2024-03-15 22:15:12,3679.94,2.931e-05
2024-03-15 22:15:24,3678.74,2.929e-05
2024-03-15 22:15:36,3678.37,2.926e-05
2024-03-15 22:15:48,3678.1,2.926e-05
2024-03-15 22:16:00,3677.7,2.928e-05
2024-03-15 22:16:12,3676.7,2.923e-05
2024-03-15 22:16:24,3678.14,2.921e-05
2024-03-15 22:16:36,3677.86,2.917e-05
2024-03-15 22:16:48,3679.39,2.917e-05
2024-03-15 22:17:00,3677.4,2.917e-05
2024-03-15 22:17:12,3677.4,2.919e-05
2024-03-15 22:17:24,3678.59,2.921e-05
2024-03-15 22:17:36,3678.59,2.922e-05
2024-03-15 22:17:48,3679.11,2.923e-05
2024-03-15 22:18:00,3679.39,2.925e-05
2024-03-15 22:18:12,3679.39,2.925e-05
2024-03-15 22:18:24,3680.73,2.925e-05
2024-03-15 22:18:36,3679.41,2.925e-05
2024-03-15 22:18:48,3680.19,2.927e-05
2024-03-15 22:19:00,3680.86,2.93e-05
2024-03-15 22:19:12,3680.86,2.926e-05
2024-03-15 22:19:24,3681.34,2.928e-05
2024-03-15 22:19:36,3681.79,2.927e-05
2024-03-15 22:19:48,3681.01,2.925e-05
2024-03-15 22:20:00,3681.27,2.926e-05
2024-03-15 22:20:12,3682.0,2.927e-05
2024-03-15 22:20:24,3682.6,2.928e-05
2024-03-15 22:20:36,3684.34,2.93e-05
2024-03-15 22:20:48,3683.64,2.93e-05
2024-03-15 22:21:00,3684.25,2.93e-05
2024-03-15 22:21:12,3683.97,2.927e-05
2024-03-15 22:21:24,3682.74,2.926e-05
2024-03-15 22:21:36,3682.89,2.926e-05
2024-03-15 22:21:48,3683.3,2.927e-05
2024-03-15 22:22:00,3684.2,2.93e-05
2024-03-15 22:22:12,3686.27,2.93e-05
2024-03-15 22:22:24,3685.91,2.93e-05
2024-03-15 22:22:36,3686.55,2.93e-05
2024-03-15 22:22:48,3686.54,2.929e-05
2024-03-15 22:23:00,3686.31,2.932e-05
2024-03-15 22:23:12,3687.0,2.928e-05
2024-03-15 22:23:24,3686.5,2.925e-05
2024-03-15 22:23:36,3683.6,2.924e-05
2024-03-15 22:23:48,3684.36,2.925e-05
2024-03-15 22:24:00,3685.12,2.926e-05
2024-03-15 22:24:12,3686.19,2.927e-05
2024-03-15 22:24:24,3686.19,2.929e-05
2024-03-15 22:24:36,3684.15,2.927e-05
2024-03-15 22:24:48,3679.41,2.924e-05
2024-03-15 22:25:00,3679.99,2.926e-05
2024-03-15 22:25:12,3680.93,2.925e-05
2024-03-15 22:25:24,3686.6,2.932e-05
2024-03-15 22:25:36,3686.76,2.933e-05
2024-03-15 22:25:48,3687.39,2.933e-05
2024-03-15 22:26:00,3687.47,2.933e-05
2024-03-15 22:26:12,3686.54,2.934e-05
2024-03-15 22:26:24,3685.5,2.932e-05
2024-03-15 22:26:36,3686.45,2.931e-05
2024-03-15 22:26:48,3686.45,2.931e-05
2024-03-15 22:27:00,3686.2,2.931e-05
2024-03-15 22:27:12,3687.03,2.932e-05
2024-03-15 22:27:24,3687.81,2.932e-05
2024-03-15 22:27:36,3686.01,2.932e-05
2024-03-15 22:27:48,3686.75,2.932e-05
2024-03-15 22:28:00,3686.3,2.933e-05
2024-03-15 22:28:12,3686.08,2.932e-05
2024-03-15 22:28:24,3687.34,2.935e-05
2024-03-15 22:28:36,3687.49,2.936e-05
2024-03-15 22:28:48,3685.4,2.935e-05
2024-03-15 22:29:00,3683.46,2.931e-05
2024-03-15 22:29:12,3683.07,2.929e-05
2024-03-15 22:29:24,3681.01,2.925e-05
2024-03-15 22:29:36,3679.4,2.923e-05
2024-03-15 22:29:48,3680.0,2.924e-05
2024-03-15 22:30:00,3680.97,2.923e-05
2024-03-15 22:30:12,3680.21,2.923e-05
2024-03-15 22:30:24,3679.64,2.92e-05
2024-03-15 22:30:36,3678.66,2.919e-05
2024-03-15 22:30:48,3675.78,2.917e-05
2024-03-15 22:31:00,3674.91,2.915e-05
2024-03-15 22:31:12,3676.16,2.917e-05
2024-03-15 22:31:24,3675.09,2.916e-05
2024-03-15 22:31:36,3675.09,2.916e-05
2024-03-15 22:31:48,3671.79,2.915e-05
2024-03-15 22:32:00,3674.29,2.917e-05
2024-03-15 22:32:12,3675.81,2.92e-05
2024-03-15 22:32:24,3676.2,2.918e-05
2024-03-15 22:32:36,3673.46,2.914e-05
2024-03-15 22:32:48,3673.4,2.914e-05
2024-03-15 22:33:00,3674.19,2.917e-05
2024-03-15 22:33:12,3673.92,2.917e-05
2024-03-15 22:33:24,3673.0,2.915e-05
2024-03-15 22:33:36,3675.38,2.916e-05
2024-03-15 22:33:48,3673.8,2.915e-05
2024-03-15 22:34:00,3674.01,2.914e-05
2024-03-15 22:34:12,3674.21,2.912e-05
2024-03-15 22:34:24,3675.08,2.914e-05
2024-03-15 22:34:36,3674.33,2.914e-05
2024-03-15 22:34:48,3674.79,2.913e-05
2024-03-15 22:35:00,3673.4,2.913e-05
2024-03-15 22:35:12,3673.75,2.914e-05
2024-03-15 22:35:24,3673.99,2.915e-05
2024-03-15 22:35:36,3674.96,2.914e-05
2024-03-15 22:35:48,3675.39,2.915e-05
2024-03-15 22:36:00,3674.6,2.913e-05
2024-03-15 22:36:12,3674.17,2.912e-05
2024-03-15 22:36:24,3673.67,2.914e-05
2024-03-15 22:36:36,3675.09,2.917e-05
2024-03-15 22:36:48,3675.99,2.919e-05
2024-03-15 22:37:00,3678.58,2.92e-05
2024-03-15 22:37:12,3681.0,2.924e-05
2024-03-15 22:37:24,3680.22,2.925e-05
2024-03-15 22:37:36,3683.39,2.927e-05
2024-03-15 22:37:48,3683.96,2.925e-05
2024-03-15 22:38:00,3684.82,2.927e-05
2024-03-15 22:38:12,3688.44,2.93e-05
2024-03-15 22:38:24,3689.21,2.931e-05
2024-03-15 22:38:36,3690.38,2.932e-05
2024-03-15 22:38:48,3691.41,2.934e-05
2024-03-15 22:39:00,3691.81,2.937e-05
2024-03-15 22:39:12,3691.2,2.936e-05
2024-03-15 22:39:24,3692.39,2.937e-05
2024-03-15 22:39:36,3695.68,2.938e-05
2024-03-15 22:39:48,3694.72,2.939e-05
2024-03-15 22:40:00,3692.88,2.939e-05
2024-03-15 22:40:12,3694.6,2.939e-05
2024-03-15 22:40:24,3693.61,2.938e-05
2024-03-15 22:40:36,3695.52,2.938e-05
2024-03-15 22:40:48,3699.61,2.941e-05
2024-03-15 22:41:00,3699.62,2.941e-05
2024-03-15 22:41:12,3698.52,2.94e-05
2024-03-15 22:41:24,3696.6,2.938e-05
2024-03-15 22:41:36,3699.89,2.939e-05
2024-03-15 22:41:48,3699.89,2.941e-05
2024-03-15 22:42:00,3699.81,2.942e-05
2024-03-15 22:42:12,3696.23,2.941e-05
2024-03-15 22:42:24,3696.21,2.94e-05
2024-03-15 22:42:36,3697.84,2.941e-05
2024-03-15 22:42:48,3701.0,2.942e-05
2024-03-15 22:43:00,3699.85,2.941e-05
2024-03-15 22:43:12,3699.4,2.942e-05
2024-03-15 22:43:24,3700.61,2.942e-05
2024-03-15 22:43:36,3699.49,2.942e-05
2024-03-15 22:43:48,3699.59,2.941e-05
2024-03-15 22:44:00,3699.58,2.941e-05
2024-03-15 22:44:12,3700.96,2.943e-05
2024-03-15 22:44:24,3703.0,2.947e-05
2024-03-15 22:44:36,3705.68,2.95e-05
2024-03-15 22:44:48,3708.34,2.953e-05
2024-03-15 22:45:00,3707.7,2.95e-05
2024-03-15 22:45:12,3704.16,2.952e-05
2024-03-15 22:45:24,3703.56,2.952e-05
2024-03-15 22:45:36,3702.68,2.949e-05
2024-03-15 22:45:48,3702.2,2.949e-05
2024-03-15 22:46:00,3703.18,2.949e-05
2024-03-15 22:46:12,3702.2,2.948e-05
2024-03-15 22:46:24,3706.08,2.952e-05
2024-03-15 22:46:36,3707.69,2.953e-05
2024-03-15 22:46:48,3706.32,2.954e-05
2024-03-15 22:47:00,3707.0,2.956e-05
2024-03-15 22:47:12,3706.27,2.954e-05
2024-03-15 22:47:24,3705.96,2.955e-05
2024-03-15 22:47:36,3705.95,2.956e-05
2024-03-15 22:47:48,3704.65,2.952e-05
2024-03-15 22:48:00,3706.56,2.954e-05
2024-03-15 22:48:12,3705.09,2.956e-05
2024-03-15 22:48:24,3706.19,2.955e-05
2024-03-15 22:48:36,3705.43,2.955e-05
2024-03-15 22:48:48,3704.24,2.953e-05
2024-03-15 22:49:00,3706.46,2.953e-05
2024-03-15 22:49:12,3707.79,2.953e-05
2024-03-15 22:49:24,3709.2,2.954e-05
2024-03-15 22:49:36,3713.42,2.956e-05
2024-03-15 22:49:48,3714.97,2.958e-05
2024-03-15 22:50:00,3714.07,2.958e-05
2024-03-15 22:50:12,3713.91,2.958e-05
2024-03-15 22:50:24,3712.87,2.956e-05
2024-03-15 22:50:36,3713.27,2.958e-05
2024-03-15 22:50:48,3711.13,2.956e-05
2024-03-15 22:51:00,3709.09,2.955e-05
2024-03-15 22:51:12,3708.67,2.952e-05
2024-03-15 22:51:24,3710.2,2.95e-05
2024-03-15 22:51:36,3709.39,2.948e-05
2024-03-15 22:51:48,3710.6,2.948e-05
2024-03-15 22:52:00,3712.94,2.951e-05
2024-03-15 22:52:12,3712.61,2.952e-05
2024-03-15 22:52:24,3713.65,2.953e-05
2024-03-15 22:52:36,3714.0,2.954e-05
2024-03-15 22:52:48,3712.15,2.954e-05
2024-03-15 22:53:00,3713.38,2.955e-05
2024-03-15 22:53:12,3713.39,2.955e-05
2024-03-15 22:53:24,3714.6,2.955e-05
2024-03-15 22:53:36,3715.79,2.956e-05
2024-03-15 22:53:48,3716.64,2.955e-05
2024-03-15 22:54:00,3715.9,2.956e-05
2024-03-15 22:54:12,3715.0,2.954e-05
2024-03-15 22:54:24,3715.21,2.953e-05
2024-03-15 22:54:36,3715.79,2.954e-05
2024-03-15 22:54:48,3715.92,2.954e-05
2024-03-15 22:55:00,3716.4,2.955e-05
2024-03-15 22:55:12,3717.08,2.957e-05
2024-03-15 22:55:24,3719.38,2.958e-05
2024-03-15 22:55:36,3719.97,2.958e-05
2024-03-15 22:55:48,3722.0,2.96e-05
2024-03-15 22:56:00,3722.01,2.961e-05
2024-03-15 22:56:12,3722.53,2.961e-05
2024-03-15 22:56:24,3723.55,2.965e-05
2024-03-15 22:56:36,3725.29,2.966e-05
2024-03-15 22:56:48,3725.39,2.968e-05
2024-03-15 22:57:00,3726.6,2.968e-05
2024-03-15 22:57:12,3731.6,2.971e-05
2024-03-15 22:57:24,3732.64,2.972e-05
2024-03-15 22:57:36,3728.61,2.969e-05
2024-03-15 22:57:48,3729.8,2.97e-05
2024-03-15 22:58:00,3732.94,2.971e-05
2024-03-15 22:58:12,3734.16,2.972e-05
2024-03-15 22:58:24,3733.93,2.972e-05
2024-03-15 22:58:36,3731.13,2.971e-05
2024-03-15 22:58:48,3729.35,2.969e-05
2024-03-15 22:59:00,3727.97,2.966e-05
2024-03-15 22:59:12,3727.32,2.965e-05
2024-03-15 22:59:24,3727.39,2.965e-05
2024-03-15 22:59:36,3727.85,2.968e-05
2024-03-15 22:59:48,3727.73,2.968e-05
2024-03-15 23:00:00,3729.79,2.971e-05
2024-03-15 23:00:12,3727.81,2.966e-05
2024-03-15 23:00:24,3725.34,2.963e-05
2024-03-15 23:00:36,3722.73,2.96e-05
2024-03-15 23:00:48,3721.62,2.957e-05
2024-03-15 23:01:00,3721.81,2.957e-05
2024-03-15 23:01:12,3720.27,2.955e-05
2024-03-15 23:01:24,3717.11,2.952e-05
2024-03-15 23:01:36,3716.95,2.954e-05
2024-03-15 23:01:48,3716.59,2.953e-05
2024-03-15 23:02:00,3717.8,2.954e-05
2024-03-15 23:02:12,3716.55,2.952e-05
2024-03-15 23:02:24,3714.3,2.949e-05
2024-03-15 23:02:36,3715.6,2.951e-05
2024-03-15 23:02:48,3715.75,2.951e-05
2024-03-15 23:03:00,3716.96,2.951e-05
2024-03-15 23:03:12,3716.74,2.949e-05
2024-03-15 23:03:24,3715.47,2.946e-05
2024-03-15 23:03:36,3717.79,2.947e-05
2024-03-15 23:03:48,3717.22,2.946e-05
2024-03-15 23:04:00,3717.42,2.945e-05
2024-03-15 23:04:12,3718.12,2.945e-05
2024-03-15 23:04:24,3718.61,2.947e-05
2024-03-15 23:04:36,3716.81,2.946e-05
2024-03-15 23:04:48,3716.63,2.946e-05
2024-03-15 23:05:00,3714.79,2.944e-05
2024-03-15 23:05:12,3716.81,2.946e-05
2024-03-15 23:05:24,3717.11,2.946e-05
2024-03-15 23:05:36,3716.64,2.946e-05
2024-03-15 23:05:48,3716.88,2.948e-05
2024-03-15 23:06:00,3717.41,2.95e-05
2024-03-15 23:06:12,3716.62,2.949e-05
2024-03-15 23:06:24,3715.86,2.948e-05
2024-03-15 23:06:36,3713.62,2.947e-05
2024-03-15 23:06:48,3712.56,2.945e-05
2024-03-15 23:07:00,3713.79,2.946e-05
2024-03-15 23:07:12,3713.01,2.946e-05
2024-03-15 23:07:24,3714.15,2.946e-05
2024-03-15 23:07:36,3715.23,2.948e-05
2024-03-15 23:07:48,3715.72,2.948e-05
2024-03-15 23:08:00,3713.06,2.946e-05
2024-03-15 23:08:12,3713.8,2.947e-05
2024-03-15 23:08:24,3714.55,2.948e-05
2024-03-15 23:08:36,3715.0,2.949e-05
2024-03-15 23:08:48,3716.41,2.95e-05
2024-03-15 23:09:00,3716.38,2.95e-05
2024-03-15 23:09:12,3716.98,2.95e-05
2024-03-15 23:09:24,3718.0,2.953e-05
2024-03-15 23:09:36,3720.6,2.953e-05
2024-03-15 23:09:48,3720.6,2.952e-05
2024-03-15 23:10:00,3720.37,2.952e-05
2024-03-15 23:10:12,3720.63,2.952e-05
2024-03-15 23:10:24,3718.6,2.95e-05
2024-03-15 23:10:36,3720.19,2.952e-05
2024-03-15 23:10:48,3721.49,2.954e-05
2024-03-15 23:11:00,3719.8,2.952e-05
2024-03-15 23:11:12,3719.79,2.952e-05
2024-03-15 23:11:24,3721.22,2.953e-05
2024-03-15 23:11:36,3719.81,2.953e-05
2024-03-15 23:11:48,3721.95,2.955e-05
2024-03-15 23:12:00,3721.04,2.954e-05
2024-03-15 23:12:12,3723.55,2.956e-05
2024-03-15 23:12:24,3724.61,2.958e-05
2024-03-15 23:12:36,3726.54,2.96e-05
2024-03-15 23:12:48,3728.01,2.963e-05
2024-03-15 23:13:00,3726.2,2.961e-05
2024-03-15 23:13:12,3728.55,2.962e-05
2024-03-15 23:13:24,3727.4,2.962e-05
2024-03-15 23:13:36,3726.78,2.961e-05
2024-03-15 23:13:48,3724.2,2.958e-05
2024-03-15 23:14:00,3725.2,2.958e-05
2024-03-15 23:14:12,3724.47,2.957e-05
2024-03-15 23:14:24,3724.82,2.957e-05
2024-03-15 23:14:36,3723.08,2.955e-05
2024-03-15 23:14:48,3724.38,2.957e-05
2024-03-15 23:15:00,3724.22,2.956e-05
2024-03-15 23:15:12,3721.89,2.956e-05
2024-03-15 23:15:24,3721.0,2.952e-05
2024-03-15 23:15:36,3721.19,2.951e-05
2024-03-15 23:15:48,3721.17,2.951e-05
2024-03-15 23:16:00,3722.59,2.953e-05
2024-03-15 23:16:12,3722.61,2.953e-05
2024-03-15 23:16:24,3720.6,2.95e-05
2024-03-15 23:16:36,3722.96,2.953e-05
2024-03-15 23:16:48,3720.61,2.95e-05
2024-03-15 23:17:00,3718.19,2.949e-05
2024-03-15 23:17:12,3718.27,2.948e-05
2024-03-15 23:17:24,3718.27,2.95e-05
2024-03-15 23:17:36,3718.8,2.951e-05
2024-03-15 23:17:48,3719.74,2.952e-05
2024-03-15 23:18:00,3720.19,2.954e-05
2024-03-15 23:18:12,3720.6,2.954e-05
2024-03-15 23:18:24,3719.01,2.953e-05
2024-03-15 23:18:36,3716.28,2.949e-05
2024-03-15 23:18:48,3717.59,2.95e-05
2024-03-15 23:19:00,3716.25,2.949e-05
2024-03-15 23:19:12,3717.0,2.949e-05
2024-03-15 23:19:24,3718.08,2.951e-05
2024-03-15 23:19:36,3718.49,2.952e-05
2024-03-15 23:19:48,3718.39,2.951e-05
2024-03-15 23:20:00,3718.4,2.952e-05
2024-03-15 23:20:12,3718.39,2.952e-05
2024-03-15 23:20:24,3719.41,2.954e-05
2024-03-15 23:20:36,3720.54,2.955e-05
2024-03-15 23:20:48,3720.61,2.954e-05
2024-03-15 23:21:00,3720.99,2.956e-05
2024-03-15 23:21:12,3719.24,2.955e-05
2024-03-15 23:21:24,3719.9,2.955e-05
2024-03-15 23:21:36,3722.09,2.956e-05
2024-03-15 23:21:48,3721.81,2.957e-05
2024-03-15 23:22:00,3720.73,2.956e-05
2024-03-15 23:22:12,3721.77,2.957e-05
2024-03-15 23:22:24,3719.86,2.953e-05
2024-03-15 23:22:36,3716.97,2.949e-05
2024-03-15 23:22:48,3716.85,2.947e-05
2024-03-15 23:23:00,3714.15,2.945e-05
2024-03-15 23:23:12,3713.0,2.946e-05
2024-03-15 23:23:24,3715.48,2.948e-05
2024-03-15 23:23:36,3716.58,2.951e-05
2024-03-15 23:23:48,3716.95,2.953e-05
2024-03-15 23:24:00,3718.19,2.956e-05
2024-03-15 23:24:12,3719.99,2.956e-05
2024-03-15 23:24:24,3721.0,2.959e-05
2024-03-15 23:24:36,3721.99,2.959e-05
2024-03-15 23:24:48,3722.4,2.96e-05
2024-03-15 23:25:00,3722.99,2.96e-05
2024-03-15 23:25:12,3723.0,2.961e-05
2024-03-15 23:25:24,3723.78,2.96e-05
2024-03-15 23:25:36,3724.16,2.961e-05
2024-03-15 23:25:48,3724.43,2.962e-05
2024-03-15 23:26:00,3725.4,2.963e-05
2024-03-15 23:26:12,3726.63,2.963e-05
2024-03-15 23:26:24,3726.2,2.96e-05
2024-03-15 23:26:36,3727.38,2.962e-05
2024-03-15 23:26:48,3726.95,2.96e-05
2024-03-15 23:27:00,3727.21,2.96e-05
2024-03-15 23:27:12,3725.75,2.96e-05
2024-03-15 23:27:24,3726.19,2.961e-05
2024-03-15 23:27:36,3723.89,2.961e-05
2024-03-15 23:27:48,3722.51,2.959e-05
2024-03-15 23:28:00,3721.55,2.959e-05
2024-03-15 23:28:12,3725.27,2.963e-05
2024-03-15 23:28:24,3726.2,2.964e-05
2024-03-15 23:28:36,3727.41,2.965e-05
2024-03-15 23:28:48,3727.45,2.966e-05
2024-03-15 23:29:00,3730.19,2.969e-05
2024-03-15 23:29:12,3732.4,2.97e-05
2024-03-15 23:29:24,3734.57,2.973e-05
2024-03-15 23:29:36,3733.61,2.974e-05
2024-03-15 23:29:48,3734.27,2.974e-05
2024-03-15 23:30:00,3733.16,2.971e-05
2024-03-15 23:30:12,3734.2,2.972e-05
2024-03-15 23:30:24,3735.59,2.974e-05
2024-03-15 23:30:36,3735.4,2.973e-05
2024-03-15 23:30:48,3733.4,2.971e-05
2024-03-15 23:31:00,3731.71,2.97e-05
2024-03-15 23:31:12,3730.32,2.969e-05
2024-03-15 23:31:24,3731.75,2.969e-05
2024-03-15 23:31:36,3730.04,2.968e-05
2024-03-15 23:31:48,3730.24,2.969e-05
2024-03-15 23:32:00,3729.3,2.97e-05
2024-03-15 23:32:12,3729.4,2.97e-05
2024-03-15 23:32:24,3729.81,2.971e-05
2024-03-15 23:32:36,3731.04,2.973e-05
2024-03-15 23:32:48,3732.31,2.97e-05
2024-03-15 23:33:00,3733.74,2.97e-05
2024-03-15 23:33:12,3736.69,2.973e-05
2024-03-15 23:33:24,3734.57,2.97e-05
2024-03-15 23:33:36,3731.79,2.97e-05
2024-03-15 23:33:48,3730.93,2.969e-05
2024-03-15 23:34:00,3731.59,2.969e-05
2024-03-15 23:34:12,3732.8,2.971e-05
2024-03-15 23:34:24,3733.96,2.972e-05
2024-03-15 23:34:36,3738.22,2.975e-05
2024-03-15 23:34:48,3745.0,2.979e-05
2024-03-15 23:35:00,3742.67,2.98e-05
2024-03-15 23:35:12,3742.85,2.977e-05
2024-03-15 23:35:24,3741.46,2.975e-05
2024-03-15 23:35:36,3740.6,2.977e-05
2024-03-15 23:35:48,3741.6,2.978e-05
2024-03-15 23:36:00,3741.57,2.98e-05
2024-03-15 23:36:12,3741.82,2.981e-05
2024-03-15 23:36:24,3739.26,2.977e-05
2024-03-15 23:36:36,3739.79,2.977e-05
2024-03-15 23:36:48,3739.39,2.977e-05
2024-03-15 23:37:00,3742.2,2.978e-05
2024-03-15 23:37:12,3743.87,2.981e-05
2024-03-15 23:37:24,3744.76,2.982e-05
2024-03-15 23:37:36,3745.61,2.984e-05
2024-03-15 23:37:48,3745.41,2.985e-05
2024-03-15 23:38:00,3748.13,2.987e-05
2024-03-15 23:38:12,3744.62,2.98e-05
2024-03-15 23:38:24,3744.9,2.983e-05
2024-03-15 23:38:36,3744.79,2.983e-05
2024-03-15 23:38:48,3743.6,2.984e-05
2024-03-15 23:39:00,3743.41,2.985e-05
2024-03-15 23:39:12,3743.75,2.985e-05
2024-03-15 23:39:24,3741.94,2.986e-05
2024-03-15 23:39:36,3741.49,2.989e-05
2024-03-15 23:39:48,3742.21,2.992e-05
2024-03-15 23:40:00,3743.25,2.992e-05
2024-03-15 23:40:12,3744.01,2.992e-05
2024-03-15 23:40:24,3744.4,2.993e-05
2024-03-15 23:40:36,3744.82,2.995e-05
2024-03-15 23:40:48,3744.12,2.996e-05
2024-03-15 23:41:00,3744.58,2.998e-05
2024-03-15 23:41:12,3744.78,2.997e-05
2024-03-15 23:41:24,3742.69,2.995e-05
2024-03-15 23:41:36,3741.81,2.993e-05
2024-03-15 23:41:48,3740.77,2.99e-05
2024-03-15 23:42:00,3739.46,2.984e-05
2024-03-15 23:42:12,3740.6,2.986e-05
2024-03-15 23:42:24,3742.59,2.992e-05
2024-03-15 23:42:36,3743.25,2.993e-05
2024-03-15 23:42:48,3744.57,2.994e-05
2024-03-15 23:43:00,3743.4,2.993e-05
2024-03-15 23:43:12,3742.61,2.992e-05
2024-03-15 23:43:24,3742.51,2.99e-05
2024-03-15 23:43:36,3741.59,2.992e-05
2024-03-15 23:43:48,3744.99,2.997e-05
2024-03-15 23:44:00,3745.29,2.998e-05
2024-03-15 23:44:12,3746.56,3e-05
2024-03-15 23:44:24,3746.26,3.001e-05
2024-03-15 23:44:36,3745.02,3.002e-05
2024-03-15 23:44:48,3745.0,3.003e-05
2024-03-15 23:45:00,3744.62,3.003e-05
2024-03-15 23:45:12,3743.92,3e-05
2024-03-15 23:45:24,3743.5,3e-05
2024-03-15 23:45:36,3741.41,3.001e-05
2024-03-15 23:45:48,3740.02,2.997e-05
2024-03-15 23:46:00,3741.29,2.999e-05
2024-03-15 23:46:12,3740.61,3.001e-05
2024-03-15 23:46:24,3742.19,3.003e-05
2024-03-15 23:46:36,3742.56,3.003e-05
2024-03-15 23:46:48,3742.24,3.001e-05
2024-03-15 23:47:00,3741.81,2.997e-05
2024-03-15 23:47:12,3741.86,2.996e-05
2024-03-15 23:47:24,3740.61,2.993e-05
2024-03-15 23:47:36,3735.58,2.988e-05
2024-03-15 23:47:48,3739.39,2.993e-05
2024-03-15 23:48:00,3739.85,2.991e-05
2024-03-15 23:48:12,3740.81,2.991e-05
2024-03-15 23:48:24,3742.2,2.992e-05
2024-03-15 23:48:36,3741.0,2.986e-05
2024-03-15 23:48:48,3740.79,2.984e-05
2024-03-15 23:49:00,3740.35,2.985e-05
2024-03-15 23:49:12,3740.6,2.987e-05
2024-03-15 23:49:24,3741.19,2.986e-05
2024-03-15 23:49:36,3741.4,2.986e-05
2024-03-15 23:49:48,3744.35,2.991e-05
2024-03-15 23:50:00,3745.19,2.992e-05
2024-03-15 23:50:12,3746.15,2.994e-05
2024-03-15 23:50:24,3747.04,2.993e-05
2024-03-15 23:50:36,3744.89,2.993e-05
2024-03-15 23:50:48,3746.02,2.997e-05
2024-03-15 23:51:00,3744.87,2.997e-05
2024-03-15 23:51:12,3742.6,2.995e-05
2024-03-15 23:51:24,3741.47,2.991e-05
2024-03-15 23:51:36,3740.77,2.991e-05
2024-03-15 23:51:48,3740.21,2.986e-05
2024-03-15 23:52:00,3740.49,2.988e-05
2024-03-15 23:52:12,3738.79,2.989e-05
2024-03-15 23:52:24,3740.55,2.99e-05
2024-03-15 23:52:36,3740.16,2.987e-05
2024-03-15 23:52:48,3739.86,2.992e-05
2024-03-15 23:53:00,3740.33,2.992e-05
2024-03-15 23:53:12,3740.32,2.994e-05
2024-03-15 23:53:24,3741.4,2.994e-05
2024-03-15 23:53:36,3742.3,2.997e-05
2024-03-15 23:53:48,3740.2,2.995e-05
2024-03-15 23:54:00,3739.87,2.991e-05
2024-03-15 23:54:12,3740.53,2.991e-05
2024-03-15 23:54:24,3742.11,2.994e-05
2024-03-15 23:54:36,3742.6,2.996e-05
2024-03-15 23:54:48,3740.65,2.993e-05
2024-03-15 23:55:00,3741.32,2.994e-05
2024-03-15 23:55:12,3740.95,2.993e-05
2024-03-15 23:55:24,3740.14,2.991e-05
2024-03-15 23:55:36,3740.14,2.991e-05
2024-03-15 23:55:48,3741.79,2.996e-05
2024-03-15 23:56:00,3742.6,2.996e-05
2024-03-15 23:56:12,3738.96,2.991e-05
2024-03-15 23:56:24,3737.32,2.989e-05
2024-03-15 23:56:36,3735.13,2.984e-05
2024-03-15 23:56:48,3736.59,2.987e-05
2024-03-15 23:57:00,3736.58,2.985e-05
2024-03-15 23:57:12,3735.6,2.983e-05
2024-03-15 23:57:24,3737.99,2.983e-05
2024-03-15 23:57:36,3738.07,2.985e-05
2024-03-15 23:57:48,3737.81,2.986e-05
2024-03-15 23:58:00,3737.63,2.986e-05
2024-03-15 23:58:12,3735.43,2.983e-05
2024-03-15 23:58:24,3735.01,2.982e-05
2024-03-15 23:58:36,3733.62,2.982e-05
2024-03-15 23:58:48,3734.3,2.985e-05
2024-03-15 23:59:00,3736.19,2.986e-05
2024-03-15 23:59:12,3736.81,2.986e-05
2024-03-15 23:59:24,3738.05,2.987e-05
2024-03-15 23:59:36,3738.45,2.986e-05
2024-03-15 23:59:48,3741.18,2.989e-05
2024-03-16 00:00:00,3742.19,2.99e-05
2024-03-16 00:00:12,3741.4,2.988e-05
2024-03-16 00:00:24,3739.53,2.989e-05
2024-03-16 00:00:36,3742.35,2.999e-05
2024-03-16 00:00:48,3743.0,3.002e-05
2024-03-16 00:01:00,3742.72,3.007e-05
2024-03-16 00:01:12,3742.09,3.009e-05
2024-03-16 00:01:24,3742.59,3.016e-05
2024-03-16 00:01:36,3739.01,3.019e-05
2024-03-16 00:01:48,3738.06,3.022e-05
2024-03-16 00:02:00,3737.02,3.025e-05
2024-03-16 00:02:12,3736.73,3.035e-05
2024-03-16 00:02:24,3736.74,3.019e-05
2024-03-16 00:02:36,3737.69,3.008e-05
2024-03-16 00:02:48,3741.8,3.006e-05
2024-03-16 00:03:00,3740.2,2.997e-05
2024-03-16 00:03:12,3738.89,2.99e-05
2024-03-16 00:03:24,3743.14,2.992e-05
2024-03-16 00:03:36,3741.8,2.989e-05
2024-03-16 00:03:48,3741.0,2.988e-05
2024-03-16 00:04:00,3742.05,2.999e-05
2024-03-16 00:04:12,3741.72,3.003e-05
2024-03-16 00:04:24,3742.32,3.003e-05
2024-03-16 00:04:36,3742.14,2.999e-05
2024-03-16 00:04:48,3743.36,3.003e-05
2024-03-16 00:05:00,3744.0,3.008e-05
2024-03-16 00:05:12,3745.22,3.006e-05
2024-03-16 00:05:24,3747.01,3.003e-05
2024-03-16 00:05:36,3748.79,3.011e-05
2024-03-16 00:05:48,3746.05,3.011e-05
2024-03-16 00:06:00,3747.16,3.008e-05
2024-03-16 00:06:12,3745.5,3.007e-05
2024-03-16 00:06:24,3749.0,3.017e-05
2024-03-16 00:06:36,3749.3,3.017e-05
2024-03-16 00:06:48,3749.99,3.015e-05
2024-03-16 00:07:00,3749.99,3.015e-05
2024-03-16 00:07:12,3750.0,3.016e-05
2024-03-16 00:07:24,3750.0,3.014e-05
2024-03-16 00:07:36,3749.0,3.012e-05
2024-03-16 00:07:48,3749.2,3.017e-05
2024-03-16 00:08:00,3748.67,3.017e-05
2024-03-16 00:08:12,3746.4,3.015e-05
2024-03-16 00:08:24,3745.81,3.014e-05
2024-03-16 00:08:36,3743.23,3.011e-05
2024-03-16 00:08:48,3743.8,3.012e-05
2024-03-16 00:09:00,3746.29,3.013e-05
2024-03-16 00:09:12,3746.29,3.011e-05
2024-03-16 00:09:24,3748.72,3.013e-05
2024-03-16 00:09:36,3749.2,3.015e-05
2024-03-16 00:09:48,3749.28,3.013e-05
2024-03-16 00:10:00,3749.26,3.013e-05
2024-03-16 00:10:12,3750.44,3.015e-05
2024-03-16 00:10:24,3752.14,3.018e-05
2024-03-16 00:10:36,3751.61,3.016e-05
2024-03-16 00:10:48,3749.3,3.009e-05
2024-03-16 00:11:00,3748.58,3.008e-05
2024-03-16 00:11:12,3748.26,3.007e-05
2024-03-16 00:11:24,3747.79,3.007e-05
2024-03-16 00:11:36,3747.8,3.004e-05
2024-03-16 00:11:48,3747.79,3.002e-05
2024-03-16 00:12:00,3747.8,3.004e-05
2024-03-16 00:12:12,3746.17,3e-05
2024-03-16 00:12:24,3747.78,3.003e-05
2024-03-16 00:12:36,3747.0,3.003e-05
2024-03-16 00:12:48,3747.6,3.004e-05
2024-03-16 00:13:00,3747.59,3.002e-05
2024-03-16 00:13:12,3746.24,2.999e-05
2024-03-16 00:13:24,3746.25,3.001e-05
2024-03-16 00:13:36,3747.4,3e-05
2024-03-16 00:13:48,3746.41,2.999e-05
2024-03-16 00:14:00,3746.4,2.996e-05
2024-03-16 00:14:12,3744.0,2.993e-05
2024-03-16 00:14:24,3741.43,2.991e-05
2024-03-16 00:14:36,3741.19,2.992e-05
2024-03-16 00:14:48,3741.13,2.99e-05
2024-03-16 00:15:00,3740.6,2.991e-05
2024-03-16 00:15:12,3741.77,2.993e-05
2024-03-16 00:15:24,3742.0,2.993e-05
2024-03-16 00:15:36,3743.79,2.995e-05
2024-03-16 00:15:48,3743.05,2.994e-05
2024-03-16 00:16:00,3746.19,3e-05
2024-03-16 00:16:12,3747.0,2.999e-05
2024-03-16 00:16:24,3747.0,2.998e-05
2024-03-16 00:16:36,3748.35,2.999e-05
2024-03-16 00:16:48,3749.98,3.001e-05
2024-03-16 00:17:00,3749.43,3.001e-05
2024-03-16 00:17:12,3745.81,2.995e-05
2024-03-16 00:17:24,3745.67,2.995e-05
2024-03-16 00:17:36,3744.61,2.992e-05
2024-03-16 00:17:48,3743.99,2.992e-05
2024-03-16 00:18:00,3743.61,2.99e-05
2024-03-16 00:18:12,3746.6,2.99e-05
2024-03-16 00:18:24,3750.34,2.995e-05
2024-03-16 00:18:36,3750.81,2.994e-05
2024-03-16 00:18:48,3751.89,2.998e-05
2024-03-16 00:19:00,3756.2,3.004e-05
2024-03-16 00:19:12,3760.95,3.006e-05
2024-03-16 00:19:24,3760.24,3.006e-05
2024-03-16 00:19:36,3758.74,2.997e-05
2024-03-16 00:19:48,3757.51,2.996e-05
2024-03-16 00:20:00,3757.91,2.998e-05
2024-03-16 00:20:12,3756.8,2.997e-05
2024-03-16 00:20:24,3758.19,3.001e-05
2024-03-16 00:20:36,3758.8,3.002e-05
2024-03-16 00:20:48,3760.41,3.007e-05
2024-03-16 00:21:00,3761.54,3.008e-05
2024-03-16 00:21:12,3759.72,3.007e-05
2024-03-16 00:21:24,3759.4,3.005e-05
2024-03-16 00:21:36,3760.59,3.009e-05
2024-03-16 00:21:48,3762.4,3.008e-05
2024-03-16 00:22:00,3763.14,3.008e-05
2024-03-16 00:22:12,3764.75,3.013e-05
2024-03-16 00:22:24,3763.85,3.01e-05
2024-03-16 00:22:36,3768.48,3.013e-05
2024-03-16 00:22:48,3769.4,3.013e-05
2024-03-16 00:23:00,3769.21,3.011e-05
2024-03-16 00:23:12,3768.81,3.011e-05
2024-03-16 00:23:24,3767.77,3.009e-05
2024-03-16 00:23:36,3761.91,3.004e-05
2024-03-16 00:23:48,3759.01,3.002e-05
2024-03-16 00:24:00,3759.1,3.002e-05
2024-03-16 00:24:12,3760.41,3e-05
2024-03-16 00:24:24,3759.44,3e-05
2024-03-16 00:24:36,3759.0,2.996e-05
2024-03-16 00:24:48,3758.68,2.997e-05
2024-03-16 00:25:00,3758.68,2.992e-05
2024-03-16 00:25:12,3755.58,2.992e-05
2024-03-16 00:25:24,3754.15,2.99e-05
2024-03-16 00:25:36,3753.41,2.99e-05
2024-03-16 00:25:48,3757.34,2.99e-05
2024-03-16 00:26:00,3758.82,2.991e-05
2024-03-16 00:26:12,3759.93,2.993e-05
2024-03-16 00:26:24,3759.31,2.992e-05
2024-03-16 00:26:36,3757.6,2.989e-05
2024-03-16 00:26:48,3759.23,2.989e-05
2024-03-16 00:27:00,3759.01,2.99e-05
2024-03-16 00:27:12,3758.62,2.987e-05
2024-03-16 00:27:24,3759.78,2.988e-05
2024-03-16 00:27:36,3759.8,2.988e-05
2024-03-16 00:27:48,3761.03,2.995e-05
2024-03-16 00:28:00,3761.04,2.994e-05
2024-03-16 00:28:12,3761.04,2.996e-05
2024-03-16 00:28:24,3761.46,2.996e-05
2024-03-16 00:28:36,3761.02,2.995e-05
2024-03-16 00:28:48,3762.65,2.995e-05
2024-03-16 00:29:00,3767.87,2.999e-05
2024-03-16 00:29:12,3767.6,3e-05
2024-03-16 00:29:24,3764.6,2.996e-05
2024-03-16 00:29:36,3761.63,2.992e-05
2024-03-16 00:29:48,3763.79,2.993e-05
2024-03-16 00:30:00,3762.61,2.992e-05
2024-03-16 00:30:12,3766.79,2.992e-05
2024-03-16 00:30:24,3768.04,2.995e-05
2024-03-16 00:30:36,3768.5,2.994e-05
2024-03-16 00:30:48,3768.46,2.997e-05
2024-03-16 00:31:00,3767.41,2.995e-05
2024-03-16 00:31:12,3768.41,2.995e-05
2024-03-16 00:31:24,3768.34,2.994e-05
2024-03-16 00:31:36,3767.41,2.995e-05
2024-03-16 00:31:48,3768.37,2.993e-05
2024-03-16 00:32:00,3768.41,2.994e-05
2024-03-16 00:32:12,3767.81,2.991e-05
2024-03-16 00:32:24,3767.8,2.989e-05
2024-03-16 00:32:36,3765.52,2.988e-05
2024-03-16 00:32:48,3764.96,2.986e-05
2024-03-16 00:33:00,3764.0,2.978e-05
2024-03-16 00:33:12,3767.6,2.977e-05
2024-03-16 00:33:24,3768.32,2.976e-05
2024-03-16 00:33:36,3768.99,2.976e-05
2024-03-16 00:33:48,3770.0,2.977e-05
2024-03-16 00:34:00,3771.36,2.981e-05
2024-03-16 00:34:12,3770.68,2.982e-05
2024-03-16 00:34:24,3772.2,2.98e-05
2024-03-16 00:34:36,3770.93,2.978e-05
2024-03-16 00:34:48,3769.09,2.977e-05
2024-03-16 00:35:00,3766.6,2.973e-05
2024-03-16 00:35:12,3764.4,2.973e-05
2024-03-16 00:35:24,3763.74,2.974e-05
2024-03-16 00:35:36,3764.65,2.974e-05
2024-03-16 00:35:48,3762.0,2.971e-05
2024-03-16 00:36:00,3763.2,2.979e-05
2024-03-16 00:36:12,3761.6,2.975e-05
2024-03-16 00:36:24,3762.2,2.977e-05
2024-03-16 00:36:36,3766.42,2.978e-05
2024-03-16 00:36:48,3769.52,2.977e-05
2024-03-16 00:37:00,3769.37,2.978e-05
2024-03-16 00:37:12,3769.95,2.976e-05
2024-03-16 00:37:24,3768.6,2.977e-05
2024-03-16 00:37:36,3766.09,2.976e-05
2024-03-16 00:37:48,3767.8,2.978e-05
2024-03-16 00:38:00,3767.79,2.977e-05
2024-03-16 00:38:12,3769.31,2.979e-05
2024-03-16 00:38:24,3767.02,2.978e-05
2024-03-16 00:38:36,3766.25,2.976e-05
2024-03-16 00:38:48,3765.0,2.975e-05
2024-03-16 00:39:00,3764.21,2.975e-05
2024-03-16 00:39:12,3767.68,2.979e-05
2024-03-16 00:39:24,3765.84,2.976e-05
2024-03-16 00:39:36,3765.41,2.978e-05
2024-03-16 00:39:48,3766.49,2.979e-05
2024-03-16 00:40:00,3765.01,2.978e-05
2024-03-16 00:40:12,3763.48,2.974e-05
2024-03-16 00:40:24,3761.55,2.97e-05
2024-03-16 00:40:36,3761.01,2.97e-05
2024-03-16 00:40:48,3761.21,2.968e-05
2024-03-16 00:41:00,3761.53,2.972e-05
2024-03-16 00:41:12,3760.32,2.97e-05
2024-03-16 00:41:24,3759.09,2.968e-05
2024-03-16 00:41:36,3758.68,2.964e-05
2024-03-16 00:41:48,3760.19,2.965e-05
2024-03-16 00:42:00,3760.59,2.967e-05
2024-03-16 00:42:12,3760.68,2.966e-05
2024-03-16 00:42:24,3759.0,2.962e-05
2024-03-16 00:42:36,3759.0,2.962e-05
2024-03-16 00:42:48,3758.8,2.959e-05
2024-03-16 00:43:00,3759.0,2.962e-05
2024-03-16 00:43:12,3760.52,2.964e-05
2024-03-16 00:43:24,3760.01,2.961e-05
2024-03-16 00:43:36,3759.0,2.961e-05
2024-03-16 00:43:48,3763.55,2.962e-05
2024-03-16 00:44:00,3764.34,2.961e-05
2024-03-16 00:44:12,3763.48,2.96e-05
2024-03-16 00:44:24,3763.41,2.956e-05
2024-03-16 00:44:36,3761.67,2.955e-05
2024-03-16 00:44:48,3760.08,2.951e-05
2024-03-16 00:45:00,3758.8,2.953e-05
2024-03-16 00:45:12,3761.82,2.961e-05
2024-03-16 00:45:24,3772.91,2.97e-05
2024-03-16 00:45:36,3773.05,2.969e-05
2024-03-16 00:45:48,3773.2,2.972e-05
2024-03-16 00:46:00,3772.59,2.972e-05
2024-03-16 00:46:12,3770.91,2.972e-05
2024-03-16 00:46:24,3767.01,2.97e-05
2024-03-16 00:46:36,3768.49,2.971e-05
2024-03-16 00:46:48,3769.59,2.972e-05
2024-03-16 00:47:00,3770.0,2.975e-05
2024-03-16 00:47:12,3770.21,2.975e-05
2024-03-16 00:47:24,3767.48,2.969e-05
2024-03-16 00:47:36,3764.6,2.966e-05
2024-03-16 00:47:48,3762.98,2.962e-05
2024-03-16 00:48:00,3763.28,2.964e-05
2024-03-16 00:48:12,3763.16,2.964e-05
2024-03-16 00:48:24,3762.68,2.961e-05
2024-03-16 00:48:36,3762.37,2.961e-05
2024-03-16 00:48:48,3762.71,2.961e-05
2024-03-16 00:49:00,3765.64,2.968e-05
2024-03-16 00:49:12,3765.8,2.968e-05
2024-03-16 00:49:24,3768.68,2.969e-05
2024-03-16 00:49:36,3767.8,2.969e-05
2024-03-16 00:49:48,3770.36,2.97e-05
2024-03-16 00:50:00,3771.17,2.97e-05
2024-03-16 00:50:12,3771.66,2.969e-05
2024-03-16 00:50:24,3772.83,2.971e-05
2024-03-16 00:50:36,3774.15,2.972e-05
2024-03-16 00:50:48,3773.4,2.972e-05
2024-03-16 00:51:00,3772.38,2.969e-05
2024-03-16 00:51:12,3769.86,2.967e-05
2024-03-16 00:51:24,3771.4,2.971e-05
2024-03-16 00:51:36,3770.33,2.971e-05
2024-03-16 00:51:48,3772.47,2.971e-05
2024-03-16 00:52:00,3772.26,2.972e-05
2024-03-16 00:52:12,3770.62,2.968e-05
2024-03-16 00:52:24,3768.61,2.964e-05
2024-03-16 00:52:36,3767.45,2.962e-05
2024-03-16 00:52:48,3766.86,2.962e-05
2024-03-16 00:53:00,3766.21,2.964e-05
2024-03-16 00:53:12,3765.64,2.962e-05
2024-03-16 00:53:24,3765.0,2.962e-05
2024-03-16 00:53:36,3765.36,2.965e-05
2024-03-16 00:53:48,3765.02,2.964e-05
2024-03-16 00:54:00,3764.81,2.962e-05
2024-03-16 00:54:12,3763.54,2.961e-05
2024-03-16 00:54:24,3763.33,2.961e-05
2024-03-16 00:54:36,3764.47,2.961e-05
2024-03-16 00:54:48,3765.6,2.965e-05
2024-03-16 00:55:00,3765.39,2.963e-05
2024-03-16 00:55:12,3763.02,2.963e-05
2024-03-16 00:55:24,3763.27,2.962e-05
2024-03-16 00:55:36,3762.72,2.961e-05
2024-03-16 00:55:48,3762.11,2.959e-05
2024-03-16 00:56:00,3760.6,2.956e-05
2024-03-16 00:56:12,3759.8,2.958e-05
2024-03-16 00:56:24,3757.8,2.958e-05
2024-03-16 00:56:36,3759.39,2.958e-05
2024-03-16 00:56:48,3758.21,2.956e-05
2024-03-16 00:57:00,3758.44,2.955e-05
2024-03-16 00:57:12,3759.41,2.956e-05
2024-03-16 00:57:24,3759.1,2.958e-05
2024-03-16 00:57:36,3758.21,2.957e-05
2024-03-16 00:57:48,3755.88,2.956e-05
2024-03-16 00:58:00,3755.88,2.957e-05
2024-03-16 00:58:12,3755.4,2.956e-05
2024-03-16 00:58:24,3757.27,2.957e-05
2024-03-16 00:58:36,3757.0,2.956e-05
2024-03-16 00:58:48,3757.09,2.958e-05
2024-03-16 00:59:00,3756.73,2.957e-05
2024-03-16 00:59:12,3755.73,2.956e-05
2024-03-16 00:59:24,3757.63,2.96e-05
2024-03-16 00:59:36,3758.45,2.961e-05
2024-03-16 00:59:48,3759.08,2.961e-05
2024-03-16 01:00:00,3759.74,2.962e-05
2024-03-16 01:00:12,3759.77,2.964e-05
2024-03-16 01:00:24,3761.38,2.967e-05
2024-03-16 01:00:36,3763.0,2.968e-05
2024-03-16 01:00:48,3764.03,2.966e-05
2024-03-16 01:01:00,3764.18,2.967e-05
2024-03-16 01:01:12,3761.02,2.959e-05
2024-03-16 01:01:24,3761.4,2.96e-05
2024-03-16 01:01:36,3762.67,2.964e-05
2024-03-16 01:01:48,3766.35,2.969e-05
2024-03-16 01:02:00,3767.57,2.968e-05
2024-03-16 01:02:12,3768.67,2.97e-05
2024-03-16 01:02:24,3770.13,2.971e-05
2024-03-16 01:02:36,3770.2,2.969e-05
2024-03-16 01:02:48,3771.12,2.97e-05
2024-03-16 01:03:00,3771.12,2.969e-05
2024-03-16 01:03:12,3769.24,2.966e-05
2024-03-16 01:03:24,3770.08,2.967e-05
2024-03-16 01:03:36,3770.44,2.969e-05
2024-03-16 01:03:48,3771.19,2.972e-05
2024-03-16 01:04:00,3770.47,2.971e-05
2024-03-16 01:04:12,3772.36,2.974e-05
2024-03-16 01:04:24,3771.81,2.973e-05
2024-03-16 01:04:36,3770.53,2.969e-05
2024-03-16 01:04:48,3770.99,2.968e-05
2024-03-16 01:05:00,3771.75,2.97e-05
2024-03-16 01:05:12,3771.41,2.97e-05
2024-03-16 01:05:24,3772.26,2.97e-05
2024-03-16 01:05:36,3771.81,2.972e-05
2024-03-16 01:05:48,3771.69,2.972e-05
2024-03-16 01:06:00,3773.64,2.973e-05
2024-03-16 01:06:12,3774.51,2.976e-05
2024-03-16 01:06:24,3771.93,2.973e-05
2024-03-16 01:06:36,3772.6,2.973e-05
2024-03-16 01:06:48,3773.47,2.974e-05
2024-03-16 01:07:00,3774.01,2.977e-05
2024-03-16 01:07:12,3772.32,2.975e-05
2024-03-16 01:07:24,3770.72,2.973e-05
2024-03-16 01:07:36,3771.81,2.969e-05
2024-03-16 01:07:48,3771.01,2.968e-05
2024-03-16 01:08:00,3771.14,2.968e-05
2024-03-16 01:08:12,3770.64,2.968e-05
2024-03-16 01:08:24,3772.78,2.972e-05
2024-03-16 01:08:36,3773.4,2.972e-05
2024-03-16 01:08:48,3775.71,2.975e-05
2024-03-16 01:09:00,3776.83,2.974e-05
2024-03-16 01:09:12,3778.63,2.978e-05
2024-03-16 01:09:24,3780.96,2.98e-05
2024-03-16 01:09:36,3778.67,2.978e-05
2024-03-16 01:09:48,3777.68,2.978e-05
2024-03-16 01:10:00,3777.79,2.977e-05
2024-03-16 01:10:12,3778.81,2.979e-05
2024-03-16 01:10:24,3778.29,2.978e-05
2024-03-16 01:10:36,3776.47,2.975e-05
2024-03-16 01:10:48,3775.0,2.975e-05
2024-03-16 01:11:00,3774.89,2.972e-05
2024-03-16 01:11:12,3773.8,2.972e-05
2024-03-16 01:11:24,3771.63,2.971e-05
2024-03-16 01:11:36,3772.95,2.972e-05
2024-03-16 01:11:48,3771.92,2.97e-05
2024-03-16 01:12:00,3770.21,2.97e-05
2024-03-16 01:12:12,3766.6,2.968e-05
2024-03-16 01:12:24,3763.8,2.966e-05
2024-03-16 01:12:36,3764.69,2.966e-05
2024-03-16 01:12:48,3763.81,2.964e-05
2024-03-16 01:13:00,3765.3,2.969e-05
2024-03-16 01:13:12,3764.22,2.967e-05
2024-03-16 01:13:24,3764.6,2.967e-05
2024-03-16 01:13:36,3764.21,2.967e-05
2024-03-16 01:13:48,3764.34,2.965e-05
2024-03-16 01:14:00,3763.31,2.965e-05
2024-03-16 01:14:12,3765.0,2.969e-05
2024-03-16 01:14:24,3766.96,2.97e-05
2024-03-16 01:14:36,3764.4,2.969e-05
2024-03-16 01:14:48,3763.77,2.968e-05
2024-03-16 01:15:00,3764.01,2.969e-05
2024-03-16 01:15:12,3763.85,2.969e-05
2024-03-16 01:15:24,3764.13,2.966e-05
2024-03-16 01:15:36,3764.86,2.967e-05
2024-03-16 01:15:48,3766.65,2.971e-05
2024-03-16 01:16:00,3766.19,2.97e-05
2024-03-16 01:16:12,3767.7,2.971e-05
2024-03-16 01:16:24,3771.81,2.977e-05
2024-03-16 01:16:36,3775.16,2.981e-05
2024-03-16 01:16:48,3777.3,2.983e-05
2024-03-16 01:17:00,3777.14,2.982e-05
2024-03-16 01:17:12,3776.53,2.978e-05
2024-03-16 01:17:24,3775.91,2.978e-05
2024-03-16 01:17:36,3771.04,2.976e-05
2024-03-16 01:17:48,3764.71,2.973e-05
2024-03-16 01:18:00,3760.72,2.971e-05
2024-03-16 01:18:12,3762.59,2.973e-05
2024-03-16 01:18:24,3762.52,2.971e-05
2024-03-16 01:18:36,3761.52,2.971e-05
2024-03-16 01:18:48,3762.59,2.971e-05
2024-03-16 01:19:00,3763.6,2.972e-05
2024-03-16 01:19:12,3763.39,2.972e-05
2024-03-16 01:19:24,3761.91,2.969e-05
2024-03-16 01:19:36,3761.59,2.969e-05
2024-03-16 01:19:48,3761.47,2.969e-05
2024-03-16 01:20:00,3762.94,2.977e-05
2024-03-16 01:20:12,3759.94,2.973e-05
2024-03-16 01:20:24,3759.51,2.972e-05
2024-03-16 01:20:36,3761.0,2.974e-05
2024-03-16 01:20:48,3762.2,2.974e-05
2024-03-16 01:21:00,3764.6,2.977e-05
2024-03-16 01:21:12,3769.42,2.982e-05
2024-03-16 01:21:24,3767.64,2.979e-05
2024-03-16 01:21:36,3767.38,2.976e-05
2024-03-16 01:21:48,3769.31,2.979e-05
2024-03-16 01:22:00,3768.25,2.977e-05
2024-03-16 01:22:12,3766.34,2.975e-05
2024-03-16 01:22:24,3765.12,2.974e-05
2024-03-16 01:22:36,3762.24,2.97e-05
2024-03-16 01:22:48,3763.4,2.972e-05
2024-03-16 01:23:00,3762.96,2.971e-05
2024-03-16 01:23:12,3761.8,2.97e-05
2024-03-16 01:23:24,3760.37,2.968e-05
2024-03-16 01:23:36,3762.77,2.969e-05
2024-03-16 01:23:48,3762.39,2.969e-05
2024-03-16 01:24:00,3764.99,2.971e-05
2024-03-16 01:24:12,3766.97,2.975e-05
2024-03-16 01:24:24,3767.13,2.976e-05
2024-03-16 01:24:36,3768.4,2.977e-05
2024-03-16 01:24:48,3766.8,2.974e-05
2024-03-16 01:25:00,3766.4,2.973e-05
2024-03-16 01:25:12,3766.77,2.975e-05
2024-03-16 01:25:24,3766.45,2.976e-05
2024-03-16 01:25:36,3766.11,2.977e-05
2024-03-16 01:25:48,3767.12,2.978e-05
2024-03-16 01:26:00,3767.08,2.979e-05
2024-03-16 01:26:12,3768.84,2.984e-05
2024-03-16 01:26:24,3765.8,2.979e-05
2024-03-16 01:26:36,3762.6,2.974e-05
2024-03-16 01:26:48,3760.46,2.973e-05
2024-03-16 01:27:00,3760.64,2.973e-05
2024-03-16 01:27:12,3759.76,2.971e-05
2024-03-16 01:27:24,3760.59,2.972e-05
2024-03-16 01:27:36,3760.74,2.975e-05
2024-03-16 01:27:48,3762.2,2.975e-05
2024-03-16 01:28:00,3763.39,2.978e-05
2024-03-16 01:28:12,3761.4,2.975e-05
2024-03-16 01:28:24,3761.01,2.974e-05
2024-03-16 01:28:36,3759.28,2.972e-05
2024-03-16 01:28:48,3757.36,2.968e-05
2024-03-16 01:29:00,3758.21,2.969e-05
2024-03-16 01:29:12,3757.69,2.971e-05
2024-03-16 01:29:24,3756.6,2.973e-05
2024-03-16 01:29:36,3758.74,2.976e-05
2024-03-16 01:29:48,3757.41,2.974e-05
2024-03-16 01:30:00,3757.8,2.975e-05
2024-03-16 01:30:12,3759.2,2.977e-05
2024-03-16 01:30:24,3757.41,2.973e-05
2024-03-16 01:30:36,3761.23,2.979e-05
2024-03-16 01:30:48,3760.4,2.978e-05
2024-03-16 01:31:00,3757.61,2.975e-05
2024-03-16 01:31:12,3757.79,2.974e-05
2024-03-16 01:31:24,3760.39,2.978e-05
2024-03-16 01:31:36,3761.71,2.984e-05
2024-03-16 01:31:48,3761.76,2.985e-05
2024-03-16 01:32:00,3759.81,2.981e-05
2024-03-16 01:32:12,3759.19,2.98e-05
2024-03-16 01:32:24,3759.4,2.98e-05
2024-03-16 01:32:36,3761.44,2.983e-05
2024-03-16 01:32:48,3757.08,2.975e-05
2024-03-16 01:33:00,3758.26,2.977e-05
2024-03-16 01:33:12,3757.72,2.976e-05
2024-03-16 01:33:24,3757.19,2.976e-05
2024-03-16 01:33:36,3755.4,2.973e-05
2024-03-16 01:33:48,3756.59,2.974e-05
2024-03-16 01:34:00,3757.01,2.975e-05
2024-03-16 01:34:12,3759.19,2.978e-05
2024-03-16 01:34:24,3757.57,2.974e-05
2024-03-16 01:34:36,3755.79,2.971e-05
2024-03-16 01:34:48,3753.25,2.968e-05
2024-03-16 01:35:00,3752.93,2.968e-05
2024-03-16 01:35:12,3753.8,2.969e-05
2024-03-16 01:35:24,3750.5,2.967e-05
2024-03-16 01:35:36,3747.6,2.962e-05
2024-03-16 01:35:48,3747.81,2.958e-05
2024-03-16 01:36:00,3748.84,2.959e-05
2024-03-16 01:36:12,3750.48,2.963e-05
2024-03-16 01:36:24,3748.41,2.958e-05
2024-03-16 01:36:36,3745.79,2.954e-05
2024-03-16 01:36:48,3745.26,2.954e-05
2024-03-16 01:37:00,3744.19,2.952e-05
2024-03-16 01:37:12,3744.11,2.952e-05
2024-03-16 01:37:24,3744.26,2.954e-05
2024-03-16 01:37:36,3747.78,2.959e-05
2024-03-16 01:37:48,3747.8,2.958e-05
2024-03-16 01:38:00,3748.32,2.959e-05
2024-03-16 01:38:12,3749.68,2.96e-05
2024-03-16 01:38:24,3751.75,2.961e-05
2024-03-16 01:38:36,3752.45,2.963e-05
2024-03-16 01:38:48,3753.37,2.963e-05
2024-03-16 01:39:00,3751.79,2.962e-05
2024-03-16 01:39:12,3750.57,2.962e-05
2024-03-16 01:39:24,3749.37,2.96e-05
2024-03-16 01:39:36,3749.04,2.96e-05
2024-03-16 01:39:48,3749.79,2.96e-05
2024-03-16 01:40:00,3749.84,2.958e-05
2024-03-16 01:40:12,3749.69,2.96e-05
2024-03-16 01:40:24,3751.15,2.963e-05
2024-03-16 01:40:36,3753.83,2.964e-05
2024-03-16 01:40:48,3754.09,2.963e-05
2024-03-16 01:41:00,3754.0,2.965e-05
2024-03-16 01:41:12,3756.55,2.968e-05
2024-03-16 01:41:24,3756.51,2.967e-05
2024-03-16 01:41:36,3756.59,2.969e-05
2024-03-16 01:41:48,3755.18,2.967e-05
2024-03-16 01:42:00,3755.79,2.968e-05
2024-03-16 01:42:12,3756.07,2.969e-05
2024-03-16 01:42:24,3755.89,2.967e-05
2024-03-16 01:42:36,3755.0,2.966e-05
2024-03-16 01:42:48,3754.61,2.965e-05
2024-03-16 01:43:00,3753.47,2.967e-05
2024-03-16 01:43:12,3753.55,2.966e-05
2024-03-16 01:43:24,3754.66,2.969e-05
2024-03-16 01:43:36,3756.0,2.97e-05
2024-03-16 01:43:48,3753.09,2.968e-05
2024-03-16 01:44:00,3753.4,2.968e-05
2024-03-16 01:44:12,3754.0,2.97e-05
2024-03-16 01:44:24,3753.43,2.97e-05
2024-03-16 01:44:36,3754.32,2.972e-05
2024-03-16 01:44:48,3755.78,2.974e-05
2024-03-16 01:45:00,3756.56,2.977e-05
2024-03-16 01:45:12,3756.52,2.979e-05
2024-03-16 01:45:24,3755.81,2.975e-05
2024-03-16 01:45:36,3758.15,2.978e-05
2024-03-16 01:45:48,3758.35,2.977e-05
2024-03-16 01:46:00,3758.29,2.979e-05
2024-03-16 01:46:12,3758.99,2.981e-05
2024-03-16 01:46:24,3759.07,2.979e-05
2024-03-16 01:46:36,3759.81,2.975e-05
2024-03-16 01:46:48,3756.81,2.969e-05
2024-03-16 01:47:00,3755.0,2.968e-05
2024-03-16 01:47:12,3753.99,2.967e-05
2024-03-16 01:47:24,3752.36,2.966e-05
2024-03-16 01:47:36,3751.62,2.966e-05
2024-03-16 01:47:48,3751.62,2.965e-05
2024-03-16 01:48:00,3751.01,2.963e-05
2024-03-16 01:48:12,3748.75,2.961e-05
2024-03-16 01:48:24,3748.67,2.961e-05
2024-03-16 01:48:36,3749.0,2.962e-05
2024-03-16 01:48:48,3747.73,2.961e-05
2024-03-16 01:49:00,3747.67,2.961e-05
2024-03-16 01:49:12,3747.0,2.959e-05
2024-03-16 01:49:24,3748.8,2.963e-05
2024-03-16 01:49:36,3750.0,2.964e-05
2024-03-16 01:49:48,3751.34,2.963e-05
2024-03-16 01:50:00,3751.03,2.962e-05
2024-03-16 01:50:12,3751.07,2.962e-05
2024-03-16 01:50:24,3750.46,2.961e-05
2024-03-16 01:50:36,3749.3,2.959e-05
2024-03-16 01:50:48,3747.91,2.958e-05
2024-03-16 01:51:00,3747.4,2.956e-05
2024-03-16 01:51:12,3747.79,2.957e-05
2024-03-16 01:51:24,3747.76,2.957e-05
2024-03-16 01:51:36,3747.2,2.954e-05
2024-03-16 01:51:48,3745.59,2.952e-05
2024-03-16 01:52:00,3747.34,2.953e-05
2024-03-16 01:52:12,3747.55,2.953e-05
2024-03-16 01:52:24,3748.6,2.957e-05
2024-03-16 01:52:36,3747.79,2.954e-05
2024-03-16 01:52:48,3748.15,2.954e-05
2024-03-16 01:53:00,3748.99,2.954e-05
2024-03-16 01:53:12,3749.14,2.955e-05
2024-03-16 01:53:24,3746.05,2.951e-05
2024-03-16 01:53:36,3745.48,2.951e-05
2024-03-16 01:53:48,3746.39,2.952e-05
2024-03-16 01:54:00,3745.06,2.951e-05
2024-03-16 01:54:12,3746.11,2.954e-05
2024-03-16 01:54:24,3746.2,2.955e-05
2024-03-16 01:54:36,3746.98,2.957e-05
2024-03-16 01:54:48,3745.04,2.957e-05
2024-03-16 01:55:00,3743.97,2.953e-05
2024-03-16 01:55:12,3743.98,2.954e-05
2024-03-16 01:55:24,3743.6,2.954e-05
2024-03-16 01:55:36,3743.78,2.956e-05
2024-03-16 01:55:48,3744.21,2.956e-05
2024-03-16 01:56:00,3745.8,2.96e-05
2024-03-16 01:56:12,3747.0,2.96e-05
2024-03-16 01:56:24,3745.38,2.956e-05
2024-03-16 01:56:36,3745.76,2.958e-05
2024-03-16 01:56:48,3745.75,2.958e-05
2024-03-16 01:57:00,3746.4,2.956e-05
2024-03-16 01:57:12,3746.97,2.958e-05
2024-03-16 01:57:24,3745.41,2.956e-05
2024-03-16 01:57:36,3746.19,2.958e-05
2024-03-16 01:57:48,3746.62,2.958e-05
2024-03-16 01:58:00,3746.99,2.958e-05
2024-03-16 01:58:12,3746.99,2.959e-05
2024-03-16 01:58:24,3741.65,2.955e-05
2024-03-16 01:58:36,3741.65,2.952e-05
2024-03-16 01:58:48,3739.8,2.95e-05
2024-03-16 01:59:00,3737.99,2.95e-05
2024-03-16 01:59:12,3738.0,2.95e-05
2024-03-16 01:59:24,3738.0,2.956e-05
2024-03-16 01:59:36,3738.78,2.956e-05
2024-03-16 01:59:48,3741.0,2.958e-05
2024-03-16 02:00:00,3743.2,2.961e-05
2024-03-16 02:00:12,3744.1,2.963e-05
2024-03-16 02:00:24,3741.91,2.958e-05
2024-03-16 02:00:36,3739.66,2.956e-05
2024-03-16 02:00:48,3739.0,2.952e-05
2024-03-16 02:01:00,3738.98,2.954e-05
2024-03-16 02:01:12,3739.09,2.953e-05
2024-03-16 02:01:24,3736.16,2.951e-05
2024-03-16 02:01:36,3738.93,2.953e-05
2024-03-16 02:01:48,3740.08,2.954e-05
2024-03-16 02:02:00,3740.76,2.956e-05
2024-03-16 02:02:12,3738.61,2.952e-05
2024-03-16 02:02:24,3737.86,2.953e-05
2024-03-16 02:02:36,3738.01,2.953e-05
2024-03-16 02:02:48,3738.1,2.955e-05
2024-03-16 02:03:00,3738.1,2.956e-05
2024-03-16 02:03:12,3738.61,2.956e-05
2024-03-16 02:03:24,3737.8,2.956e-05
2024-03-16 02:03:36,3736.69,2.954e-05
2024-03-16 02:03:48,3736.95,2.955e-05
2024-03-16 02:04:00,3737.24,2.955e-05
2024-03-16 02:04:12,3739.2,2.957e-05
2024-03-16 02:04:24,3739.63,2.959e-05
2024-03-16 02:04:36,3739.69,2.961e-05
2024-03-16 02:04:48,3740.58,2.961e-05
2024-03-16 02:05:00,3740.88,2.963e-05
2024-03-16 02:05:12,3742.3,2.965e-05
2024-03-16 02:05:24,3743.4,2.964e-05
2024-03-16 02:05:36,3741.75,2.964e-05
2024-03-16 02:05:48,3743.13,2.965e-05
2024-03-16 02:06:00,3742.0,2.964e-05
2024-03-16 02:06:12,3743.22,2.965e-05
2024-03-16 02:06:24,3743.19,2.966e-05
2024-03-16 02:06:36,3743.19,2.966e-05
2024-03-16 02:06:48,3742.58,2.963e-05
2024-03-16 02:07:00,3742.49,2.963e-05
2024-03-16 02:07:12,3741.46,2.962e-05
2024-03-16 02:07:24,3741.4,2.963e-05
2024-03-16 02:07:36,3739.99,2.96e-05
2024-03-16 02:07:48,3740.0,2.96e-05
2024-03-16 02:08:00,3739.55,2.958e-05
2024-03-16 02:08:12,3738.22,2.958e-05
2024-03-16 02:08:24,3737.68,2.956e-05
2024-03-16 02:08:36,3739.02,2.958e-05
2024-03-16 02:08:48,3738.08,2.956e-05
2024-03-16 02:09:00,3738.28,2.958e-05
2024-03-16 02:09:12,3739.22,2.96e-05
2024-03-16 02:09:24,3739.47,2.961e-05
2024-03-16 02:09:36,3740.47,2.964e-05
2024-03-16 02:09:48,3740.08,2.962e-05
2024-03-16 02:10:00,3740.45,2.962e-05
2024-03-16 02:10:12,3741.38,2.962e-05
2024-03-16 02:10:24,3740.21,2.961e-05
2024-03-16 02:10:36,3738.83,2.96e-05
2024-03-16 02:10:48,3739.12,2.959e-05
2024-03-16 02:11:00,3739.06,2.959e-05
2024-03-16 02:11:12,3738.63,2.957e-05
2024-03-16 02:11:24,3738.63,2.958e-05
2024-03-16 02:11:36,3737.65,2.957e-05
2024-03-16 02:11:48,3735.78,2.956e-05
2024-03-16 02:12:00,3736.05,2.954e-05
2024-03-16 02:12:12,3734.72,2.952e-05
2024-03-16 02:12:24,3734.27,2.953e-05
2024-03-16 02:12:36,3736.4,2.955e-05
2024-03-16 02:12:48,3737.2,2.955e-05
2024-03-16 02:13:00,3735.5,2.953e-05
2024-03-16 02:13:12,3734.61,2.95e-05
2024-03-16 02:13:24,3734.27,2.952e-05
2024-03-16 02:13:36,3734.83,2.951e-05
2024-03-16 02:13:48,3734.08,2.949e-05
2024-03-16 02:14:00,3733.4,2.948e-05
2024-03-16 02:14:12,3733.41,2.95e-05
2024-03-16 02:14:24,3733.41,2.949e-05
2024-03-16 02:14:36,3731.56,2.949e-05
2024-03-16 02:14:48,3731.4,2.948e-05
2024-03-16 02:15:00,3731.33,2.947e-05
2024-03-16 02:15:12,3734.15,2.952e-05
2024-03-16 02:15:24,3735.03,2.952e-05
2024-03-16 02:15:36,3733.8,2.95e-05
2024-03-16 02:15:48,3736.13,2.952e-05
2024-03-16 02:16:00,3735.72,2.951e-05
2024-03-16 02:16:12,3733.99,2.95e-05
2024-03-16 02:16:24,3734.95,2.951e-05
2024-03-16 02:16:36,3739.56,2.955e-05
2024-03-16 02:16:48,3741.38,2.956e-05
2024-03-16 02:17:00,3741.4,2.958e-05
2024-03-16 02:17:12,3742.06,2.958e-05
2024-03-16 02:17:24,3741.6,2.958e-05
2024-03-16 02:17:36,3741.39,2.959e-05
2024-03-16 02:17:48,3741.4,2.959e-05
2024-03-16 02:18:00,3741.39,2.96e-05
2024-03-16 02:18:12,3741.97,2.961e-05
2024-03-16 02:18:24,3739.4,2.959e-05
2024-03-16 02:18:36,3738.47,2.958e-05
2024-03-16 02:18:48,3739.0,2.959e-05
2024-03-16 02:19:00,3738.6,2.959e-05
2024-03-16 02:19:12,3737.99,2.957e-05
2024-03-16 02:19:24,3738.0,2.956e-05
2024-03-16 02:19:36,3737.48,2.955e-05
2024-03-16 02:19:48,3738.4,2.956e-05
2024-03-16 02:20:00,3739.57,2.958e-05
2024-03-16 02:20:12,3740.58,2.958e-05
2024-03-16 02:20:24,3741.8,2.959e-05
2024-03-16 02:20:36,3739.58,2.956e-05
2024-03-16 02:20:48,3739.59,2.957e-05
2024-03-16 02:21:00,3741.37,2.957e-05
2024-03-16 02:21:12,3741.4,2.959e-05
2024-03-16 02:21:24,3740.6,2.959e-05
2024-03-16 02:21:36,3740.61,2.958e-05
2024-03-16 02:21:48,3740.6,2.957e-05
2024-03-16 02:22:00,3740.6,2.958e-05
2024-03-16 02:22:12,3741.19,2.958e-05
2024-03-16 02:22:24,3741.01,2.958e-05
2024-03-16 02:22:36,3739.61,2.957e-05
2024-03-16 02:22:48,3740.32,2.959e-05
2024-03-16 02:23:00,3740.31,2.958e-05
2024-03-16 02:23:12,3740.01,2.958e-05
2024-03-16 02:23:24,3740.02,2.958e-05
2024-03-16 02:23:36,3741.18,2.96e-05
2024-03-16 02:23:48,3741.8,2.961e-05
2024-03-16 02:24:00,3741.99,2.96e-05
2024-03-16 02:24:12,3741.21,2.96e-05
2024-03-16 02:24:24,3740.1,2.958e-05
2024-03-16 02:24:36,3739.64,2.958e-05
2024-03-16 02:24:48,3739.64,2.958e-05
2024-03-16 02:25:00,3739.64,2.959e-05
2024-03-16 02:25:12,3739.63,2.959e-05
2024-03-16 02:25:24,3739.63,2.958e-05
2024-03-16 02:25:36,3739.2,2.958e-05
2024-03-16 02:25:48,3739.17,2.959e-05
2024-03-16 02:26:00,3738.2,2.957e-05
2024-03-16 02:26:12,3737.62,2.955e-05
2024-03-16 02:26:24,3735.61,2.949e-05
2024-03-16 02:26:36,3733.84,2.948e-05
2024-03-16 02:26:48,3733.86,2.947e-05
2024-03-16 02:27:00,3733.81,2.947e-05
2024-03-16 02:27:12,3733.0,2.947e-05
2024-03-16 02:27:24,3732.32,2.947e-05
2024-03-16 02:27:36,3731.02,2.943e-05
2024-03-16 02:27:48,3730.99,2.945e-05
2024-03-16 02:28:00,3730.99,2.946e-05
2024-03-16 02:28:12,3731.93,2.948e-05
2024-03-16 02:28:24,3731.39,2.947e-05
2024-03-16 02:28:36,3731.08,2.946e-05
2024-03-16 02:28:48,3731.64,2.946e-05
2024-03-16 02:29:00,3731.8,2.947e-05
2024-03-16 02:29:12,3730.61,2.944e-05
2024-03-16 02:29:24,3730.61,2.943e-05
2024-03-16 02:29:36,3731.8,2.945e-05
2024-03-16 02:29:48,3732.76,2.945e-05
2024-03-16 02:30:00,3732.76,2.945e-05
2024-03-16 02:30:12,3732.34,2.946e-05
2024-03-16 02:30:24,3731.57,2.945e-05
2024-03-16 02:30:36,3732.06,2.946e-05
2024-03-16 02:30:48,3732.22,2.945e-05
2024-03-16 02:31:00,3732.07,2.946e-05
2024-03-16 02:31:12,3731.01,2.942e-05
2024-03-16 02:31:24,3730.9,2.942e-05
2024-03-16 02:31:36,3731.62,2.944e-05
2024-03-16 02:31:48,3732.87,2.945e-05
2024-03-16 02:32:00,3733.39,2.946e-05
2024-03-16 02:32:12,3734.39,2.945e-05
2024-03-16 02:32:24,3732.01,2.942e-05
2024-03-16 02:32:36,3730.92,2.942e-05
2024-03-16 02:32:48,3730.72,2.941e-05
2024-03-16 02:33:00,3730.96,2.941e-05
2024-03-16 02:33:12,3730.45,2.94e-05
2024-03-16 02:33:24,3731.39,2.941e-05
2024-03-16 02:33:36,3732.41,2.94e-05
2024-03-16 02:33:48,3729.79,2.934e-05
2024-03-16 02:34:00,3727.42,2.932e-05
2024-03-16 02:34:12,3726.16,2.934e-05
2024-03-16 02:34:24,3729.59,2.936e-05
2024-03-16 02:34:36,3731.23,2.937e-05
2024-03-16 02:34:48,3731.83,2.938e-05
2024-03-16 02:35:00,3730.45,2.937e-05
2024-03-16 02:35:12,3730.22,2.937e-05
2024-03-16 02:35:24,3731.2,2.937e-05
2024-03-16 02:35:36,3731.0,2.937e-05
2024-03-16 02:35:48,3732.58,2.939e-05
2024-03-16 02:36:00,3733.68,2.943e-05
2024-03-16 02:36:12,3734.89,2.944e-05
2024-03-16 02:36:24,3736.76,2.944e-05
2024-03-16 02:36:36,3736.61,2.945e-05
2024-03-16 02:36:48,3733.61,2.94e-05
2024-03-16 02:37:00,3733.21,2.942e-05
2024-03-16 02:37:12,3731.0,2.94e-05
2024-03-16 02:37:24,3730.01,2.939e-05
2024-03-16 02:37:36,3730.27,2.939e-05
2024-03-16 02:37:48,3729.46,2.938e-05
2024-03-16 02:38:00,3730.59,2.939e-05
2024-03-16 02:38:12,3730.34,2.939e-05
2024-03-16 02:38:24,3732.38,2.94e-05
2024-03-16 02:38:36,3731.24,2.939e-05
2024-03-16 02:38:48,3729.73,2.938e-05
2024-03-16 02:39:00,3730.59,2.937e-05
2024-03-16 02:39:12,3730.6,2.938e-05
2024-03-16 02:39:24,3730.53,2.938e-05
2024-03-16 02:39:36,3729.96,2.936e-05
2024-03-16 02:39:48,3730.25,2.936e-05
2024-03-16 02:40:00,3729.41,2.935e-05
2024-03-16 02:40:12,3728.32,2.935e-05
2024-03-16 02:40:24,3728.99,2.935e-05
2024-03-16 02:40:36,3729.4,2.937e-05
2024-03-16 02:40:48,3729.24,2.937e-05
2024-03-16 02:41:00,3731.01,2.937e-05
2024-03-16 02:41:12,3730.66,2.938e-05
2024-03-16 02:41:24,3738.94,2.943e-05
2024-03-16 02:41:36,3739.52,2.945e-05
2024-03-16 02:41:48,3739.08,2.945e-05
2024-03-16 02:42:00,3736.84,2.94e-05
2024-03-16 02:42:12,3736.64,2.942e-05
2024-03-16 02:42:24,3736.64,2.942e-05
2024-03-16 02:42:36,3736.65,2.942e-05
2024-03-16 02:42:48,3738.39,2.946e-05
2024-03-16 02:43:00,3738.39,2.944e-05
2024-03-16 02:43:12,3737.0,2.943e-05
2024-03-16 02:43:24,3736.99,2.941e-05
2024-03-16 02:43:36,3736.21,2.942e-05
2024-03-16 02:43:48,3736.18,2.94e-05
2024-03-16 02:44:00,3736.12,2.94e-05
2024-03-16 02:44:12,3737.79,2.942e-05
2024-03-16 02:44:24,3737.89,2.942e-05
2024-03-16 02:44:36,3737.89,2.941e-05
2024-03-16 02:44:48,3737.89,2.941e-05
2024-03-16 02:45:00,3737.89,2.943e-05
2024-03-16 02:45:12,3739.41,2.943e-05
2024-03-16 02:45:24,3738.97,2.942e-05
2024-03-16 02:45:36,3739.15,2.941e-05
2024-03-16 02:45:48,3737.88,2.941e-05
2024-03-16 02:46:00,3737.4,2.94e-05
2024-03-16 02:46:12,3735.34,2.938e-05
2024-03-16 02:46:24,3734.63,2.936e-05
2024-03-16 02:46:36,3734.13,2.935e-05
2024-03-16 02:46:48,3735.79,2.936e-05
2024-03-16 02:47:00,3735.83,2.937e-05
2024-03-16 02:47:12,3734.68,2.936e-05
2024-03-16 02:47:24,3734.64,2.935e-05
2024-03-16 02:47:36,3735.49,2.935e-05
2024-03-16 02:47:48,3737.41,2.94e-05
2024-03-16 02:48:00,3735.8,2.937e-05
2024-03-16 02:48:12,3735.8,2.938e-05
2024-03-16 02:48:24,3735.32,2.938e-05
2024-03-16 02:48:36,3734.9,2.938e-05
2024-03-16 02:48:48,3734.97,2.938e-05
2024-03-16 02:49:00,3734.63,2.937e-05
2024-03-16 02:49:12,3734.82,2.936e-05
2024-03-16 02:49:24,3735.21,2.935e-05
2024-03-16 02:49:36,3736.39,2.936e-05
2024-03-16 02:49:48,3737.16,2.936e-05
2024-03-16 02:50:00,3736.62,2.935e-05
2024-03-16 02:50:12,3736.96,2.935e-05
2024-03-16 02:50:24,3736.39,2.935e-05
2024-03-16 02:50:36,3736.96,2.935e-05
2024-03-16 02:50:48,3737.61,2.937e-05
2024-03-16 02:51:00,3737.17,2.936e-05
2024-03-16 02:51:12,3736.39,2.934e-05
2024-03-16 02:51:24,3735.01,2.931e-05
2024-03-16 02:51:36,3734.18,2.932e-05
2024-03-16 02:51:48,3733.66,2.932e-05
2024-03-16 02:52:00,3734.0,2.932e-05
2024-03-16 02:52:12,3734.05,2.934e-05
2024-03-16 02:52:24,3734.05,2.934e-05
2024-03-16 02:52:36,3733.01,2.932e-05
2024-03-16 02:52:48,3733.01,2.933e-05
2024-03-16 02:53:00,3733.61,2.933e-05
2024-03-16 02:53:12,3733.47,2.932e-05
2024-03-16 02:53:24,3733.61,2.934e-05
2024-03-16 02:53:36,3733.02,2.933e-05
2024-03-16 02:53:48,3733.01,2.933e-05
2024-03-16 02:54:00,3733.97,2.935e-05
2024-03-16 02:54:12,3733.96,2.934e-05
2024-03-16 02:54:24,3733.78,2.934e-05
2024-03-16 02:54:36,3733.78,2.932e-05
2024-03-16 02:54:48,3734.0,2.934e-05
2024-03-16 02:55:00,3734.0,2.933e-05
2024-03-16 02:55:12,3733.3,2.934e-05
2024-03-16 02:55:24,3736.8,2.938e-05
2024-03-16 02:55:36,3737.11,2.938e-05
2024-03-16 02:55:48,3737.8,2.938e-05
2024-03-16 02:56:00,3736.97,2.939e-05
2024-03-16 02:56:12,3736.89,2.939e-05
2024-03-16 02:56:24,3735.25,2.938e-05
2024-03-16 02:56:36,3735.79,2.938e-05
2024-03-16 02:56:48,3735.4,2.939e-05
2024-03-16 02:57:00,3735.7,2.939e-05
2024-03-16 02:57:12,3736.59,2.939e-05
2024-03-16 02:57:24,3735.4,2.939e-05
2024-03-16 02:57:36,3733.81,2.939e-05
2024-03-16 02:57:48,3733.67,2.938e-05
2024-03-16 02:58:00,3732.1,2.937e-05
2024-03-16 02:58:12,3731.0,2.936e-05
2024-03-16 02:58:24,3730.99,2.937e-05
2024-03-16 02:58:36,3730.77,2.935e-05
2024-03-16 02:58:48,3731.0,2.936e-05
2024-03-16 02:59:00,3730.99,2.936e-05
2024-03-16 02:59:12,3730.78,2.936e-05
2024-03-16 02:59:24,3730.01,2.935e-05
2024-03-16 02:59:36,3730.79,2.936e-05
2024-03-16 02:59:48,3731.47,2.935e-05
2024-03-16 03:00:00,3731.41,2.936e-05
2024-03-16 03:00:12,3732.2,2.936e-05
2024-03-16 03:00:24,3732.48,2.935e-05
2024-03-16 03:00:36,3731.42,2.933e-05
2024-03-16 03:00:48,3732.49,2.934e-05
2024-03-16 03:01:00,3733.9,2.934e-05
2024-03-16 03:01:12,3730.27,2.929e-05
2024-03-16 03:01:24,3728.82,2.93e-05
2024-03-16 03:01:36,3727.03,2.929e-05
2024-03-16 03:01:48,3726.21,2.929e-05
2024-03-16 03:02:00,3727.41,2.93e-05
2024-03-16 03:02:12,3727.34,2.929e-05
2024-03-16 03:02:24,3725.85,2.928e-05
2024-03-16 03:02:36,3726.58,2.928e-05
2024-03-16 03:02:48,3725.4,2.925e-05
2024-03-16 03:03:00,3723.79,2.923e-05
2024-03-16 03:03:12,3722.55,2.921e-05
2024-03-16 03:03:24,3723.81,2.922e-05
2024-03-16 03:03:36,3723.13,2.921e-05
2024-03-16 03:03:48,3725.55,2.925e-05
2024-03-16 03:04:00,3726.95,2.926e-05
2024-03-16 03:04:12,3725.72,2.923e-05
2024-03-16 03:04:24,3726.16,2.924e-05
2024-03-16 03:04:36,3726.02,2.924e-05
2024-03-16 03:04:48,3725.85,2.925e-05
2024-03-16 03:05:00,3725.01,2.921e-05
2024-03-16 03:05:12,3723.56,2.918e-05
2024-03-16 03:05:24,3725.32,2.922e-05
2024-03-16 03:05:36,3723.9,2.92e-05
2024-03-16 03:05:48,3723.9,2.919e-05
2024-03-16 03:06:00,3723.09,2.918e-05
2024-03-16 03:06:12,3723.8,2.921e-05
2024-03-16 03:06:24,3724.74,2.923e-05
2024-03-16 03:06:36,3724.78,2.924e-05
2024-03-16 03:06:48,3726.92,2.925e-05
2024-03-16 03:07:00,3727.34,2.926e-05
2024-03-16 03:07:12,3727.62,2.926e-05
2024-03-16 03:07:24,3727.77,2.927e-05
2024-03-16 03:07:36,3729.77,2.93e-05
2024-03-16 03:07:48,3730.89,2.93e-05
2024-03-16 03:08:00,3730.59,2.93e-05
2024-03-16 03:08:12,3730.52,2.93e-05
2024-03-16 03:08:24,3729.56,2.929e-05
2024-03-16 03:08:36,3730.19,2.93e-05
2024-03-16 03:08:48,3731.21,2.932e-05
2024-03-16 03:09:00,3732.5,2.934e-05
2024-03-16 03:09:12,3732.49,2.935e-05
2024-03-16 03:09:24,3733.05,2.936e-05
2024-03-16 03:09:36,3734.0,2.936e-05
2024-03-16 03:09:48,3735.68,2.938e-05
2024-03-16 03:10:00,3734.2,2.938e-05
2024-03-16 03:10:12,3736.04,2.939e-05
2024-03-16 03:10:24,3734.6,2.939e-05
2024-03-16 03:10:36,3735.38,2.94e-05
2024-03-16 03:10:48,3735.76,2.942e-05
2024-03-16 03:11:00,3736.5,2.942e-05
2024-03-16 03:11:12,3736.5,2.939e-05
2024-03-16 03:11:24,3737.79,2.94e-05
2024-03-16 03:11:36,3740.73,2.944e-05
2024-03-16 03:11:48,3740.01,2.944e-05
2024-03-16 03:12:00,3741.21,2.949e-05
2024-03-16 03:12:12,3740.3,2.951e-05
2024-03-16 03:12:24,3739.8,2.947e-05
2024-03-16 03:12:36,3739.79,2.948e-05
2024-03-16 03:12:48,3743.25,2.952e-05
2024-03-16 03:13:00,3745.15,2.953e-05
2024-03-16 03:13:12,3745.56,2.954e-05
2024-03-16 03:13:24,3744.85,2.955e-05
2024-03-16 03:13:36,3744.14,2.956e-05
2024-03-16 03:13:48,3742.74,2.951e-05
2024-03-16 03:14:00,3742.46,2.95e-05
2024-03-16 03:14:12,3743.2,2.951e-05
2024-03-16 03:14:24,3743.4,2.95e-05
2024-03-16 03:14:36,3744.14,2.954e-05
2024-03-16 03:14:48,3744.46,2.954e-05
2024-03-16 03:15:00,3745.52,2.956e-05
2024-03-16 03:15:12,3744.47,2.956e-05
2024-03-16 03:15:24,3745.79,2.96e-05
2024-03-16 03:15:36,3749.19,2.965e-05
2024-03-16 03:15:48,3749.31,2.963e-05
2024-03-16 03:16:00,3748.34,2.963e-05
2024-03-16 03:16:12,3749.0,2.963e-05
2024-03-16 03:16:24,3747.46,2.963e-05
2024-03-16 03:16:36,3746.38,2.96e-05
2024-03-16 03:16:48,3746.46,2.96e-05
2024-03-16 03:17:00,3746.22,2.964e-05
2024-03-16 03:17:12,3745.52,2.963e-05
2024-03-16 03:17:24,3744.47,2.96e-05
2024-03-16 03:17:36,3743.15,2.96e-05
2024-03-16 03:17:48,3744.2,2.962e-05
2024-03-16 03:18:00,3743.41,2.963e-05
2024-03-16 03:18:12,3743.76,2.963e-05
2024-03-16 03:18:24,3745.19,2.963e-05
2024-03-16 03:18:36,3746.13,2.962e-05
2024-03-16 03:18:48,3744.29,2.96e-05
2024-03-16 03:19:00,3744.66,2.96e-05
2024-03-16 03:19:12,3744.31,2.96e-05
2024-03-16 03:19:24,3744.01,2.958e-05
2024-03-16 03:19:36,3743.53,2.957e-05
2024-03-16 03:19:48,3742.03,2.956e-05
2024-03-16 03:20:00,3742.04,2.957e-05
2024-03-16 03:20:12,3741.95,2.957e-05
2024-03-16 03:20:24,3741.69,2.955e-05
2024-03-16 03:20:36,3741.64,2.955e-05
2024-03-16 03:20:48,3741.64,2.955e-05
2024-03-16 03:21:00,3742.6,2.957e-05
2024-03-16 03:21:12,3741.03,2.955e-05
2024-03-16 03:21:24,3741.0,2.955e-05
2024-03-16 03:21:36,3739.4,2.953e-05
2024-03-16 03:21:48,3738.62,2.951e-05
2024-03-16 03:22:00,3738.61,2.951e-05
2024-03-16 03:22:12,3738.16,2.952e-05
2024-03-16 03:22:24,3737.0,2.949e-05
2024-03-16 03:22:36,3735.48,2.946e-05
2024-03-16 03:22:48,3735.71,2.945e-05
2024-03-16 03:23:00,3735.99,2.946e-05
2024-03-16 03:23:12,3736.21,2.947e-05
2024-03-16 03:23:24,3736.04,2.948e-05
2024-03-16 03:23:36,3737.2,2.948e-05
2024-03-16 03:23:48,3737.36,2.946e-05
2024-03-16 03:24:00,3736.66,2.945e-05
2024-03-16 03:24:12,3736.78,2.944e-05
2024-03-16 03:24:24,3737.59,2.946e-05
2024-03-16 03:24:36,3735.81,2.943e-05
2024-03-16 03:24:48,3736.85,2.945e-05
2024-03-16 03:25:00,3737.33,2.944e-05
2024-03-16 03:25:12,3736.22,2.943e-05
2024-03-16 03:25:24,3736.22,2.943e-05
2024-03-16 03:25:36,3736.76,2.944e-05
2024-03-16 03:25:48,3735.92,2.944e-05
2024-03-16 03:26:00,3735.32,2.942e-05
2024-03-16 03:26:12,3735.8,2.946e-05
2024-03-16 03:26:24,3735.8,2.946e-05
2024-03-16 03:26:36,3735.85,2.947e-05
2024-03-16 03:26:48,3735.8,2.949e-05
2024-03-16 03:27:00,3735.8,2.948e-05
2024-03-16 03:27:12,3735.56,2.948e-05
2024-03-16 03:27:24,3735.84,2.949e-05
2024-03-16 03:27:36,3736.05,2.952e-05
2024-03-16 03:27:48,3736.05,2.953e-05
2024-03-16 03:28:00,3735.53,2.951e-05
2024-03-16 03:28:12,3734.28,2.95e-05
2024-03-16 03:28:24,3733.45,2.949e-05
2024-03-16 03:28:36,3731.8,2.949e-05
2024-03-16 03:28:48,3731.81,2.949e-05
2024-03-16 03:29:00,3732.69,2.948e-05
2024-03-16 03:29:12,3733.32,2.951e-05
2024-03-16 03:29:24,3734.03,2.951e-05
2024-03-16 03:29:36,3734.02,2.95e-05
2024-03-16 03:29:48,3734.1,2.951e-05
2024-03-16 03:30:00,3734.1,2.953e-05
2024-03-16 03:30:12,3734.56,2.954e-05
2024-03-16 03:30:24,3735.71,2.954e-05
2024-03-16 03:30:36,3735.71,2.955e-05
2024-03-16 03:30:48,3735.72,2.955e-05
2024-03-16 03:31:00,3735.37,2.955e-05
2024-03-16 03:31:12,3733.41,2.95e-05
2024-03-16 03:31:24,3733.01,2.949e-05
2024-03-16 03:31:36,3733.01,2.949e-05
2024-03-16 03:31:48,3733.76,2.948e-05
2024-03-16 03:32:00,3733.61,2.947e-05
2024-03-16 03:32:12,3733.33,2.947e-05
2024-03-16 03:32:24,3732.27,2.946e-05
2024-03-16 03:32:36,3731.88,2.944e-05
2024-03-16 03:32:48,3731.12,2.941e-05
2024-03-16 03:33:00,3730.41,2.94e-05
2024-03-16 03:33:12,3730.41,2.94e-05
2024-03-16 03:33:24,3731.0,2.941e-05
2024-03-16 03:33:36,3731.28,2.942e-05
2024-03-16 03:33:48,3732.27,2.945e-05
2024-03-16 03:34:00,3733.8,2.946e-05
2024-03-16 03:34:12,3733.41,2.947e-05
2024-03-16 03:34:24,3734.17,2.948e-05
2024-03-16 03:34:36,3734.59,2.947e-05
2024-03-16 03:34:48,3733.94,2.948e-05
2024-03-16 03:35:00,3733.94,2.945e-05
2024-03-16 03:35:12,3733.97,2.944e-05
2024-03-16 03:35:24,3734.75,2.945e-05
2024-03-16 03:35:36,3734.45,2.946e-05
2024-03-16 03:35:48,3735.71,2.947e-05
2024-03-16 03:36:00,3735.99,2.948e-05
2024-03-16 03:36:12,3736.0,2.949e-05
2024-03-16 03:36:24,3736.55,2.948e-05
2024-03-16 03:36:36,3735.03,2.945e-05
2024-03-16 03:36:48,3736.07,2.948e-05
2024-03-16 03:37:00,3737.4,2.949e-05
2024-03-16 03:37:12,3735.74,2.947e-05
2024-03-16 03:37:24,3735.01,2.945e-05
2024-03-16 03:37:36,3734.02,2.944e-05
2024-03-16 03:37:48,3733.4,2.943e-05
2024-03-16 03:38:00,3733.41,2.942e-05
2024-03-16 03:38:12,3732.6,2.94e-05
2024-03-16 03:38:24,3731.53,2.94e-05
2024-03-16 03:38:36,3731.4,2.941e-05
2024-03-16 03:38:48,3731.01,2.941e-05
2024-03-16 03:39:00,3732.02,2.943e-05
2024-03-16 03:39:12,3731.95,2.943e-05
2024-03-16 03:39:24,3732.98,2.946e-05
2024-03-16 03:39:36,3733.27,2.945e-05
2024-03-16 03:39:48,3734.94,2.947e-05
2024-03-16 03:40:00,3734.29,2.946e-05
2024-03-16 03:40:12,3733.84,2.945e-05
2024-03-16 03:40:24,3733.06,2.945e-05
2024-03-16 03:40:36,3733.0,2.945e-05
2024-03-16 03:40:48,3731.48,2.941e-05
2024-03-16 03:41:00,3730.9,2.941e-05
2024-03-16 03:41:12,3730.01,2.937e-05
2024-03-16 03:41:24,3729.97,2.938e-05
2024-03-16 03:41:36,3729.52,2.936e-05
2024-03-16 03:41:48,3729.53,2.936e-05
2024-03-16 03:42:00,3730.26,2.938e-05
2024-03-16 03:42:12,3730.27,2.937e-05
2024-03-16 03:42:24,3730.06,2.936e-05
2024-03-16 03:42:36,3730.0,2.935e-05
2024-03-16 03:42:48,3729.83,2.934e-05
2024-03-16 03:43:00,3729.82,2.934e-05
2024-03-16 03:43:12,3729.81,2.934e-05
2024-03-16 03:43:24,3729.59,2.933e-05
2024-03-16 03:43:36,3729.6,2.934e-05
2024-03-16 03:43:48,3731.62,2.938e-05
2024-03-16 03:44:00,3732.73,2.937e-05
2024-03-16 03:44:12,3732.73,2.938e-05
2024-03-16 03:44:24,3732.74,2.937e-05
2024-03-16 03:44:36,3733.74,2.939e-05
2024-03-16 03:44:48,3734.51,2.939e-05
2024-03-16 03:45:00,3736.39,2.941e-05
2024-03-16 03:45:12,3736.61,2.941e-05
2024-03-16 03:45:24,3736.01,2.94e-05
2024-03-16 03:45:36,3736.13,2.941e-05
2024-03-16 03:45:48,3736.54,2.94e-05
2024-03-16 03:46:00,3737.59,2.94e-05
2024-03-16 03:46:12,3737.4,2.94e-05
2024-03-16 03:46:24,3738.13,2.94e-05
2024-03-16 03:46:36,3737.88,2.94e-05
2024-03-16 03:46:48,3737.4,2.939e-05
2024-03-16 03:47:00,3737.41,2.938e-05
2024-03-16 03:47:12,3736.51,2.938e-05
2024-03-16 03:47:24,3737.2,2.937e-05
2024-03-16 03:47:36,3736.6,2.937e-05
2024-03-16 03:47:48,3736.01,2.938e-05
2024-03-16 03:48:00,3736.02,2.938e-05
2024-03-16 03:48:12,3734.51,2.935e-05
2024-03-16 03:48:24,3734.51,2.938e-05
2024-03-16 03:48:36,3734.51,2.938e-05
2024-03-16 03:48:48,3735.39,2.939e-05
2024-03-16 03:49:00,3736.16,2.941e-05
2024-03-16 03:49:12,3737.85,2.942e-05
2024-03-16 03:49:24,3739.11,2.944e-05
2024-03-16 03:49:36,3739.35,2.944e-05
2024-03-16 03:49:48,3739.96,2.946e-05
2024-03-16 03:50:00,3739.66,2.944e-05
2024-03-16 03:50:12,3739.67,2.941e-05
2024-03-16 03:50:24,3738.8,2.939e-05
2024-03-16 03:50:36,3736.82,2.939e-05
2024-03-16 03:50:48,3736.82,2.939e-05
2024-03-16 03:51:00,3738.18,2.941e-05
2024-03-16 03:51:12,3738.18,2.94e-05
2024-03-16 03:51:24,3737.4,2.939e-05
2024-03-16 03:51:36,3737.21,2.938e-05
2024-03-16 03:51:48,3737.79,2.938e-05
2024-03-16 03:52:00,3735.15,2.936e-05
2024-03-16 03:52:12,3734.87,2.936e-05
2024-03-16 03:52:24,3734.62,2.936e-05
2024-03-16 03:52:36,3734.62,2.936e-05
2024-03-16 03:52:48,3735.6,2.937e-05
2024-03-16 03:53:00,3736.53,2.94e-05
2024-03-16 03:53:12,3735.64,2.938e-05
2024-03-16 03:53:24,3735.79,2.938e-05
2024-03-16 03:53:36,3735.92,2.938e-05
2024-03-16 03:53:48,3735.77,2.938e-05
2024-03-16 03:54:00,3735.19,2.937e-05
2024-03-16 03:54:12,3734.44,2.935e-05
2024-03-16 03:54:24,3735.79,2.937e-05
2024-03-16 03:54:36,3735.93,2.938e-05
2024-03-16 03:54:48,3737.4,2.939e-05
2024-03-16 03:55:00,3737.4,2.938e-05
2024-03-16 03:55:12,3737.01,2.938e-05
2024-03-16 03:55:24,3736.77,2.938e-05
2024-03-16 03:55:36,3738.2,2.94e-05
2024-03-16 03:55:48,3738.59,2.94e-05
2024-03-16 03:56:00,3739.39,2.94e-05
2024-03-16 03:56:12,3739.0,2.939e-05
2024-03-16 03:56:24,3739.0,2.939e-05
2024-03-16 03:56:36,3738.26,2.939e-05
2024-03-16 03:56:48,3738.41,2.94e-05
2024-03-16 03:57:00,3738.03,2.939e-05
2024-03-16 03:57:12,3736.16,2.936e-05
2024-03-16 03:57:24,3736.16,2.936e-05
2024-03-16 03:57:36,3736.32,2.937e-05
2024-03-16 03:57:48,3736.96,2.938e-05
2024-03-16 03:58:00,3736.95,2.938e-05
2024-03-16 03:58:12,3736.95,2.937e-05
2024-03-16 03:58:24,3736.96,2.94e-05
2024-03-16 03:58:36,3736.96,2.939e-05
2024-03-16 03:58:48,3736.96,2.94e-05
2024-03-16 03:59:00,3738.45,2.944e-05
2024-03-16 03:59:12,3737.0,2.942e-05
2024-03-16 03:59:24,3737.0,2.942e-05
2024-03-16 03:59:36,3736.42,2.94e-05
2024-03-16 03:59:48,3735.52,2.94e-05
2024-03-16 04:00:00,3735.52,2.939e-05
2024-03-16 04:00:12,3733.22,2.936e-05
2024-03-16 04:00:24,3732.28,2.935e-05
2024-03-16 04:00:36,3731.01,2.931e-05
2024-03-16 04:00:48,3729.21,2.93e-05
2024-03-16 04:01:00,3729.01,2.93e-05
2024-03-16 04:01:12,3728.19,2.929e-05
2024-03-16 04:01:24,3730.48,2.931e-05
2024-03-16 04:01:36,3730.01,2.927e-05
2024-03-16 04:01:48,3728.8,2.926e-05
2024-03-16 04:02:00,3728.61,2.925e-05
2024-03-16 04:02:12,3727.4,2.926e-05
2024-03-16 04:02:24,3725.85,2.923e-05
2024-03-16 04:02:36,3727.66,2.927e-05
2024-03-16 04:02:48,3727.13,2.926e-05
2024-03-16 04:03:00,3726.99,2.925e-05
2024-03-16 04:03:12,3724.8,2.922e-05
2024-03-16 04:03:24,3725.39,2.923e-05
2024-03-16 04:03:36,3725.15,2.923e-05
2024-03-16 04:03:48,3723.14,2.92e-05
2024-03-16 04:04:00,3723.01,2.919e-05
2024-03-16 04:04:12,3725.74,2.923e-05
2024-03-16 04:04:24,3726.21,2.924e-05
2024-03-16 04:04:36,3725.6,2.924e-05
2024-03-16 04:04:48,3727.64,2.928e-05
2024-03-16 04:05:00,3727.84,2.928e-05
2024-03-16 04:05:12,3728.14,2.927e-05
2024-03-16 04:05:24,3729.19,2.93e-05
2024-03-16 04:05:36,3728.6,2.929e-05
2024-03-16 04:05:48,3727.81,2.926e-05
2024-03-16 04:06:00,3726.62,2.926e-05
2024-03-16 04:06:12,3726.0,2.924e-05
2024-03-16 04:06:24,3727.59,2.926e-05
2024-03-16 04:06:36,3729.39,2.929e-05
2024-03-16 04:06:48,3730.76,2.929e-05
2024-03-16 04:07:00,3729.26,2.926e-05
2024-03-16 04:07:12,3729.36,2.926e-05
2024-03-16 04:07:24,3731.97,2.929e-05
2024-03-16 04:07:36,3732.27,2.931e-05
2024-03-16 04:07:48,3732.29,2.931e-05
2024-03-16 04:08:00,3732.29,2.931e-05
2024-03-16 04:08:12,3732.28,2.932e-05
2024-03-16 04:08:24,3731.4,2.932e-05
2024-03-16 04:08:36,3732.39,2.935e-05
2024-03-16 04:08:48,3732.4,2.934e-05
2024-03-16 04:09:00,3732.39,2.935e-05
2024-03-16 04:09:12,3732.4,2.935e-05
2024-03-16 04:09:24,3733.6,2.934e-05
2024-03-16 04:09:36,3733.6,2.934e-05
2024-03-16 04:09:48,3732.8,2.931e-05
2024-03-16 04:10:00,3732.45,2.929e-05
2024-03-16 04:10:12,3730.21,2.925e-05
2024-03-16 04:10:24,3730.21,2.928e-05
2024-03-16 04:10:36,3728.67,2.926e-05
2024-03-16 04:10:48,3729.4,2.927e-05
2024-03-16 04:11:00,3730.6,2.931e-05
2024-03-16 04:11:12,3730.2,2.931e-05
2024-03-16 04:11:24,3730.78,2.931e-05
2024-03-16 04:11:36,3730.88,2.931e-05
2024-03-16 04:11:48,3730.61,2.931e-05
2024-03-16 04:12:00,3730.6,2.93e-05
2024-03-16 04:12:12,3729.7,2.93e-05
2024-03-16 04:12:24,3729.31,2.93e-05
2024-03-16 04:12:36,3729.7,2.93e-05
2024-03-16 04:12:48,3729.7,2.928e-05
2024-03-16 04:13:00,3729.41,2.929e-05
2024-03-16 04:13:12,3728.21,2.926e-05
2024-03-16 04:13:24,3727.4,2.926e-05
2024-03-16 04:13:36,3726.3,2.923e-05
2024-03-16 04:13:48,3726.3,2.925e-05
2024-03-16 04:14:00,3727.03,2.926e-05
2024-03-16 04:14:12,3727.62,2.927e-05
2024-03-16 04:14:24,3727.73,2.926e-05
2024-03-16 04:14:36,3728.0,2.926e-05
2024-03-16 04:14:48,3729.39,2.925e-05
2024-03-16 04:15:00,3729.6,2.927e-05
2024-03-16 04:15:12,3729.6,2.927e-05
2024-03-16 04:15:24,3730.61,2.929e-05
2024-03-16 04:15:36,3731.59,2.931e-05
2024-03-16 04:15:48,3731.59,2.929e-05
2024-03-16 04:16:00,3731.59,2.927e-05
2024-03-16 04:16:12,3731.01,2.925e-05
2024-03-16 04:16:24,3732.36,2.927e-05
2024-03-16 04:16:36,3733.99,2.928e-05
2024-03-16 04:16:48,3735.38,2.932e-05
2024-03-16 04:17:00,3736.02,2.935e-05
2024-03-16 04:17:12,3735.88,2.936e-05
2024-03-16 04:17:24,3736.93,2.936e-05
2024-03-16 04:17:36,3736.17,2.933e-05
2024-03-16 04:17:48,3735.61,2.93e-05
2024-03-16 04:18:00,3735.44,2.93e-05
2024-03-16 04:18:12,3735.44,2.93e-05
2024-03-16 04:18:24,3735.38,2.932e-05
2024-03-16 04:18:36,3735.44,2.933e-05
2024-03-16 04:18:48,3736.56,2.933e-05
2024-03-16 04:19:00,3736.78,2.934e-05
2024-03-16 04:19:12,3736.01,2.934e-05
2024-03-16 04:19:24,3735.92,2.932e-05
2024-03-16 04:19:36,3735.6,2.931e-05
2024-03-16 04:19:48,3735.61,2.931e-05
2024-03-16 04:20:00,3736.01,2.932e-05
2024-03-16 04:20:12,3735.61,2.93e-05
2024-03-16 04:20:24,3736.19,2.931e-05
2024-03-16 04:20:36,3736.79,2.932e-05
2024-03-16 04:20:48,3739.36,2.937e-05
2024-03-16 04:21:00,3740.8,2.941e-05
2024-03-16 04:21:12,3740.56,2.942e-05
2024-03-16 04:21:24,3741.78,2.942e-05
2024-03-16 04:21:36,3742.01,2.944e-05
2024-03-16 04:21:48,3743.0,2.946e-05
2024-03-16 04:22:00,3743.27,2.946e-05
2024-03-16 04:22:12,3743.28,2.943e-05
2024-03-16 04:22:24,3741.12,2.941e-05
2024-03-16 04:22:36,3740.2,2.94e-05
2024-03-16 04:22:48,3740.24,2.941e-05
2024-03-16 04:23:00,3739.63,2.942e-05
2024-03-16 04:23:12,3740.6,2.945e-05
2024-03-16 04:23:24,3740.3,2.945e-05
2024-03-16 04:23:36,3741.0,2.945e-05
2024-03-16 04:23:48,3739.85,2.945e-05
2024-03-16 04:24:00,3739.51,2.945e-05
2024-03-16 04:24:12,3739.91,2.946e-05
2024-03-16 04:24:24,3741.09,2.946e-05
2024-03-16 04:24:36,3741.09,2.946e-05
2024-03-16 04:24:48,3741.1,2.946e-05
2024-03-16 04:25:00,3741.1,2.947e-05
2024-03-16 04:25:12,3741.4,2.946e-05
2024-03-16 04:25:24,3739.97,2.942e-05
2024-03-16 04:25:36,3739.0,2.937e-05
2024-03-16 04:25:48,3740.32,2.939e-05
2024-03-16 04:26:00,3740.36,2.938e-05
2024-03-16 04:26:12,3739.37,2.936e-05
2024-03-16 04:26:24,3738.48,2.93e-05
2024-03-16 04:26:36,3738.42,2.93e-05
2024-03-16 04:26:48,3739.71,2.931e-05
2024-03-16 04:27:00,3738.61,2.928e-05
2024-03-16 04:27:12,3738.52,2.928e-05
2024-03-16 04:27:24,3737.4,2.926e-05
2024-03-16 04:27:36,3739.06,2.93e-05
2024-03-16 04:27:48,3740.2,2.93e-05
2024-03-16 04:28:00,3739.31,2.93e-05
2024-03-16 04:28:12,3739.43,2.931e-05
2024-03-16 04:28:24,3739.4,2.932e-05
2024-03-16 04:28:36,3739.37,2.933e-05
2024-03-16 04:28:48,3736.52,2.928e-05
2024-03-16 04:29:00,3736.66,2.929e-05
2024-03-16 04:29:12,3737.96,2.931e-05
2024-03-16 04:29:24,3738.6,2.93e-05
2024-03-16 04:29:36,3737.8,2.931e-05
2024-03-16 04:29:48,3737.4,2.93e-05
2024-03-16 04:30:00,3738.06,2.932e-05
2024-03-16 04:30:12,3737.09,2.931e-05
2024-03-16 04:30:24,3737.79,2.932e-05
2024-03-16 04:30:36,3737.64,2.932e-05
2024-03-16 04:30:48,3739.39,2.935e-05
2024-03-16 04:31:00,3739.79,2.937e-05
2024-03-16 04:31:12,3741.45,2.939e-05
2024-03-16 04:31:24,3741.75,2.939e-05
2024-03-16 04:31:36,3740.0,2.936e-05
2024-03-16 04:31:48,3737.89,2.935e-05
2024-03-16 04:32:00,3737.47,2.933e-05
2024-03-16 04:32:12,3732.86,2.928e-05
2024-03-16 04:32:24,3730.62,2.924e-05
2024-03-16 04:32:36,3731.17,2.925e-05
2024-03-16 04:32:48,3729.0,2.918e-05
2024-03-16 04:33:00,3727.4,2.914e-05
2024-03-16 04:33:12,3726.79,2.911e-05
2024-03-16 04:33:24,3725.14,2.91e-05
2024-03-16 04:33:36,3723.94,2.909e-05
2024-03-16 04:33:48,3722.85,2.908e-05
2024-03-16 04:34:00,3721.8,2.907e-05
2024-03-16 04:34:12,3720.24,2.906e-05
2024-03-16 04:34:24,3721.33,2.907e-05
2024-03-16 04:34:36,3721.0,2.905e-05
2024-03-16 04:34:48,3721.93,2.906e-05
2024-03-16 04:35:00,3721.24,2.901e-05
2024-03-16 04:35:12,3720.01,2.9e-05
2024-03-16 04:35:24,3720.0,2.9e-05
2024-03-16 04:35:36,3719.2,2.899e-05
2024-03-16 04:35:48,3718.4,2.898e-05
2024-03-16 04:36:00,3719.64,2.898e-05
2024-03-16 04:36:12,3719.4,2.9e-05
2024-03-16 04:36:24,3722.19,2.905e-05
2024-03-16 04:36:36,3719.59,2.898e-05
2024-03-16 04:36:48,3718.35,2.894e-05
2024-03-16 04:37:00,3718.19,2.896e-05
2024-03-16 04:37:12,3719.0,2.897e-05
2024-03-16 04:37:24,3718.0,2.894e-05
2024-03-16 04:37:36,3719.02,2.897e-05
2024-03-16 04:37:48,3719.8,2.895e-05
2024-03-16 04:38:00,3720.19,2.896e-05
2024-03-16 04:38:12,3719.71,2.895e-05
2024-03-16 04:38:24,3720.46,2.896e-05
2024-03-16 04:38:36,3722.19,2.899e-05
2024-03-16 04:38:48,3720.07,2.897e-05
2024-03-16 04:39:00,3719.01,2.895e-05
2024-03-16 04:39:12,3718.13,2.895e-05
2024-03-16 04:39:24,3716.12,2.888e-05
2024-03-16 04:39:36,3716.5,2.891e-05
2024-03-16 04:39:48,3716.61,2.891e-05
2024-03-16 04:40:00,3719.33,2.894e-05
2024-03-16 04:40:12,3718.94,2.896e-05
2024-03-16 04:40:24,3718.02,2.896e-05
2024-03-16 04:40:36,3717.8,2.896e-05
2024-03-16 04:40:48,3716.32,2.894e-05
2024-03-16 04:41:00,3718.19,2.898e-05
2024-03-16 04:41:12,3716.63,2.897e-05
2024-03-16 04:41:24,3716.21,2.896e-05
2024-03-16 04:41:36,3717.39,2.9e-05
2024-03-16 04:41:48,3716.79,2.9e-05
2024-03-16 04:42:00,3716.97,2.898e-05
2024-03-16 04:42:12,3715.01,2.896e-05
2024-03-16 04:42:24,3715.8,2.897e-05
2024-03-16 04:42:36,3715.41,2.898e-05
2024-03-16 04:42:48,3716.81,2.9e-05
2024-03-16 04:43:00,3716.8,2.901e-05
2024-03-16 04:43:12,3716.2,2.9e-05
2024-03-16 04:43:24,3716.89,2.901e-05
2024-03-16 04:43:36,3718.08,2.905e-05
2024-03-16 04:43:48,3719.39,2.905e-05
2024-03-16 04:44:00,3719.91,2.906e-05
2024-03-16 04:44:12,3720.89,2.906e-05
2024-03-16 04:44:24,3722.59,2.909e-05
2024-03-16 04:44:36,3721.03,2.906e-05
2024-03-16 04:44:48,3720.2,2.903e-05
2024-03-16 04:45:00,3720.6,2.904e-05
2024-03-16 04:45:12,3721.4,2.908e-05
2024-03-16 04:45:24,3722.68,2.908e-05
2024-03-16 04:45:36,3720.99,2.906e-05
2024-03-16 04:45:48,3724.5,2.911e-05
2024-03-16 04:46:00,3722.67,2.91e-05
2024-03-16 04:46:12,3721.06,2.906e-05
2024-03-16 04:46:24,3721.47,2.909e-05
2024-03-16 04:46:36,3721.52,2.907e-05
2024-03-16 04:46:48,3721.21,2.907e-05
2024-03-16 04:47:00,3720.21,2.905e-05
2024-03-16 04:47:12,3718.6,2.904e-05
2024-03-16 04:47:24,3718.04,2.902e-05
2024-03-16 04:47:36,3717.36,2.902e-05
2024-03-16 04:47:48,3717.36,2.901e-05
2024-03-16 04:48:00,3716.21,2.899e-05
2024-03-16 04:48:12,3714.6,2.897e-05
2024-03-16 04:48:24,3716.01,2.897e-05
2024-03-16 04:48:36,3716.32,2.896e-05
2024-03-16 04:48:48,3717.4,2.896e-05
2024-03-16 04:49:00,3716.58,2.896e-05
2024-03-16 04:49:12,3717.09,2.897e-05
2024-03-16 04:49:24,3717.61,2.899e-05
2024-03-16 04:49:36,3718.59,2.898e-05
2024-03-16 04:49:48,3717.8,2.897e-05
2024-03-16 04:50:00,3717.61,2.899e-05
2024-03-16 04:50:12,3716.4,2.897e-05
2024-03-16 04:50:24,3716.29,2.896e-05
2024-03-16 04:50:36,3716.29,2.895e-05
2024-03-16 04:50:48,3717.01,2.896e-05
2024-03-16 04:51:00,3719.22,2.901e-05
2024-03-16 04:51:12,3719.66,2.901e-05
2024-03-16 04:51:24,3720.6,2.903e-05
2024-03-16 04:51:36,3722.99,2.906e-05
2024-03-16 04:51:48,3722.71,2.906e-05
2024-03-16 04:52:00,3723.4,2.905e-05
2024-03-16 04:52:12,3722.63,2.903e-05
2024-03-16 04:52:24,3725.05,2.906e-05
2024-03-16 04:52:36,3727.4,2.908e-05
2024-03-16 04:52:48,3732.67,2.916e-05
2024-03-16 04:53:00,3730.27,2.913e-05
2024-03-16 04:53:12,3730.6,2.913e-05
2024-03-16 04:53:24,3731.35,2.915e-05
2024-03-16 04:53:36,3729.6,2.913e-05
2024-03-16 04:53:48,3730.58,2.912e-05
2024-03-16 04:54:00,3731.37,2.912e-05
2024-03-16 04:54:12,3730.7,2.912e-05
2024-03-16 04:54:24,3729.54,2.911e-05
2024-03-16 04:54:36,3729.99,2.91e-05
2024-03-16 04:54:48,3729.41,2.91e-05
2024-03-16 04:55:00,3729.6,2.911e-05
2024-03-16 04:55:12,3727.81,2.907e-05
2024-03-16 04:55:24,3727.72,2.906e-05
2024-03-16 04:55:36,3728.23,2.907e-05
2024-03-16 04:55:48,3729.0,2.905e-05
2024-03-16 04:56:00,3729.5,2.905e-05
2024-03-16 04:56:12,3729.15,2.902e-05
2024-03-16 04:56:24,3729.15,2.901e-05
2024-03-16 04:56:36,3729.15,2.9e-05
2024-03-16 04:56:48,3727.51,2.899e-05
2024-03-16 04:57:00,3727.18,2.899e-05
2024-03-16 04:57:12,3728.2,2.9e-05
2024-03-16 04:57:24,3727.85,2.901e-05
2024-03-16 04:57:36,3728.0,2.901e-05
2024-03-16 04:57:48,3728.78,2.902e-05
2024-03-16 04:58:00,3729.01,2.903e-05
2024-03-16 04:58:12,3729.18,2.904e-05
2024-03-16 04:58:24,3727.8,2.902e-05
2024-03-16 04:58:36,3727.81,2.902e-05
2024-03-16 04:58:48,3727.41,2.9e-05
2024-03-16 04:59:00,3726.42,2.9e-05
2024-03-16 04:59:12,3725.86,2.899e-05
2024-03-16 04:59:24,3726.12,2.9e-05
2024-03-16 04:59:36,3726.11,2.901e-05
2024-03-16 04:59:48,3726.11,2.902e-05
2024-03-16 05:00:00,3725.41,2.9e-05
2024-03-16 05:00:12,3725.21,2.902e-05
2024-03-16 05:00:24,3726.88,2.904e-05
2024-03-16 05:00:36,3728.2,2.904e-05
2024-03-16 05:00:48,3727.61,2.904e-05
2024-03-16 05:01:00,3727.09,2.902e-05
2024-03-16 05:01:12,3723.72,2.898e-05
2024-03-16 05:01:24,3722.1,2.896e-05
2024-03-16 05:01:36,3723.52,2.897e-05
2024-03-16 05:01:48,3723.4,2.894e-05
2024-03-16 05:02:00,3722.22,2.894e-05
2024-03-16 05:02:12,3721.81,2.893e-05
2024-03-16 05:02:24,3722.04,2.893e-05
2024-03-16 05:02:36,3723.26,2.897e-05
2024-03-16 05:02:48,3724.4,2.898e-05
2024-03-16 05:03:00,3724.43,2.897e-05
2024-03-16 05:03:12,3721.49,2.892e-05
2024-03-16 05:03:24,3721.17,2.891e-05
2024-03-16 05:03:36,3720.21,2.891e-05
2024-03-16 05:03:48,3720.64,2.892e-05
2024-03-16 05:04:00,3720.33,2.891e-05
2024-03-16 05:04:12,3718.21,2.888e-05
2024-03-16 05:04:24,3718.63,2.889e-05
2024-03-16 05:04:36,3720.31,2.889e-05
2024-03-16 05:04:48,3719.05,2.887e-05
2024-03-16 05:05:00,3719.74,2.888e-05
2024-03-16 05:05:12,3720.88,2.89e-05
2024-03-16 05:05:24,3720.2,2.888e-05
2024-03-16 05:05:36,3718.53,2.886e-05
2024-03-16 05:05:48,3715.52,2.884e-05
2024-03-16 05:06:00,3715.52,2.885e-05
2024-03-16 05:06:12,3712.56,2.883e-05
2024-03-16 05:06:24,3714.0,2.884e-05
2024-03-16 05:06:36,3713.57,2.884e-05
2024-03-16 05:06:48,3714.43,2.885e-05
2024-03-16 05:07:00,3712.43,2.883e-05
2024-03-16 05:07:12,3710.65,2.883e-05
2024-03-16 05:07:24,3712.24,2.884e-05
2024-03-16 05:07:36,3714.59,2.889e-05
2024-03-16 05:07:48,3712.61,2.884e-05
2024-03-16 05:08:00,3712.59,2.884e-05
2024-03-16 05:08:12,3713.27,2.884e-05
2024-03-16 05:08:24,3712.24,2.884e-05
2024-03-16 05:08:36,3710.61,2.881e-05
2024-03-16 05:08:48,3710.74,2.882e-05
2024-03-16 05:09:00,3710.72,2.882e-05
2024-03-16 05:09:12,3712.2,2.884e-05
2024-03-16 05:09:24,3714.78,2.887e-05
2024-03-16 05:09:36,3716.19,2.889e-05
2024-03-16 05:09:48,3717.62,2.89e-05
2024-03-16 05:10:00,3716.6,2.889e-05
2024-03-16 05:10:12,3715.31,2.886e-05
2024-03-16 05:10:24,3716.71,2.89e-05
2024-03-16 05:10:36,3717.11,2.89e-05
2024-03-16 05:10:48,3715.25,2.889e-05
2024-03-16 05:11:00,3714.2,2.886e-05
2024-03-16 05:11:12,3712.6,2.883e-05
2024-03-16 05:11:24,3710.65,2.882e-05
2024-03-16 05:11:36,3710.6,2.883e-05
2024-03-16 05:11:48,3712.59,2.884e-05
2024-03-16 05:12:00,3713.4,2.885e-05
2024-03-16 05:12:12,3711.4,2.882e-05
2024-03-16 05:12:24,3712.4,2.883e-05
2024-03-16 05:12:36,3711.23,2.881e-05
2024-03-16 05:12:48,3710.11,2.879e-05
2024-03-16 05:13:00,3709.01,2.88e-05
2024-03-16 05:13:12,3707.17,2.879e-05
2024-03-16 05:13:24,3706.34,2.877e-05
2024-03-16 05:13:36,3706.99,2.878e-05
2024-03-16 05:13:48,3706.21,2.876e-05
2024-03-16 05:14:00,3703.77,2.874e-05
2024-03-16 05:14:12,3703.57,2.874e-05
2024-03-16 05:14:24,3703.64,2.875e-05
2024-03-16 05:14:36,3704.5,2.876e-05
2024-03-16 05:14:48,3705.75,2.875e-05
2024-03-16 05:15:00,3703.98,2.874e-05
2024-03-16 05:15:12,3705.6,2.875e-05
2024-03-16 05:15:24,3705.45,2.874e-05
2024-03-16 05:15:36,3706.56,2.877e-05
2024-03-16 05:15:48,3707.77,2.878e-05
2024-03-16 05:16:00,3706.86,2.877e-05
2024-03-16 05:16:12,3707.0,2.877e-05
2024-03-16 05:16:24,3702.9,2.869e-05
2024-03-16 05:16:36,3701.3,2.868e-05
2024-03-16 05:16:48,3704.59,2.872e-05
2024-03-16 05:17:00,3701.37,2.868e-05
2024-03-16 05:17:12,3699.69,2.865e-05
2024-03-16 05:17:24,3700.0,2.868e-05
2024-03-16 05:17:36,3700.78,2.868e-05
2024-03-16 05:17:48,3699.41,2.863e-05
2024-03-16 05:18:00,3699.01,2.862e-05
2024-03-16 05:18:12,3698.97,2.86e-05
2024-03-16 05:18:24,3696.48,2.858e-05
2024-03-16 05:18:36,3696.23,2.857e-05
2024-03-16 05:18:48,3693.8,2.855e-05
2024-03-16 05:19:00,3695.99,2.857e-05
2024-03-16 05:19:12,3695.03,2.858e-05
2024-03-16 05:19:24,3692.9,2.854e-05
2024-03-16 05:19:36,3693.28,2.853e-05
2024-03-16 05:19:48,3692.54,2.853e-05
2024-03-16 05:20:00,3693.39,2.853e-05
2024-03-16 05:20:12,3690.7,2.852e-05
2024-03-16 05:20:24,3695.45,2.857e-05
2024-03-16 05:20:36,3696.01,2.858e-05
2024-03-16 05:20:48,3696.91,2.856e-05
2024-03-16 05:21:00,3697.32,2.858e-05
2024-03-16 05:21:12,3695.96,2.855e-05
2024-03-16 05:21:24,3692.28,2.853e-05
2024-03-16 05:21:36,3695.78,2.858e-05
2024-03-16 05:21:48,3694.2,2.855e-05
2024-03-16 05:22:00,3693.01,2.854e-05
2024-03-16 05:22:12,3691.96,2.853e-05
2024-03-16 05:22:24,3692.87,2.854e-05
2024-03-16 05:22:36,3696.37,2.857e-05
2024-03-16 05:22:48,3698.19,2.86e-05
2024-03-16 05:23:00,3697.8,2.858e-05
2024-03-16 05:23:12,3697.4,2.858e-05
2024-03-16 05:23:24,3693.88,2.854e-05
2024-03-16 05:23:36,3696.93,2.856e-05
2024-03-16 05:23:48,3698.51,2.857e-05
2024-03-16 05:24:00,3698.6,2.859e-05
2024-03-16 05:24:12,3700.61,2.86e-05
2024-03-16 05:24:24,3701.33,2.861e-05
2024-03-16 05:24:36,3704.73,2.865e-05
2024-03-16 05:24:48,3704.02,2.864e-05
2024-03-16 05:25:00,3704.13,2.867e-05
2024-03-16 05:25:12,3704.74,2.867e-05
2024-03-16 05:25:24,3703.15,2.866e-05
2024-03-16 05:25:36,3704.39,2.867e-05
2024-03-16 05:25:48,3704.32,2.868e-05
2024-03-16 05:26:00,3704.89,2.867e-05
2024-03-16 05:26:12,3704.94,2.863e-05
2024-03-16 05:26:24,3701.77,2.857e-05
2024-03-16 05:26:36,3701.04,2.859e-05
2024-03-16 05:26:48,3700.26,2.855e-05
2024-03-16 05:27:00,3698.43,2.853e-05
2024-03-16 05:27:12,3698.99,2.854e-05
2024-03-16 05:27:24,3697.8,2.852e-05
2024-03-16 05:27:36,3698.59,2.853e-05
2024-03-16 05:27:48,3696.92,2.852e-05
2024-03-16 05:28:00,3697.0,2.852e-05
2024-03-16 05:28:12,3697.8,2.853e-05
2024-03-16 05:28:24,3698.68,2.854e-05
2024-03-16 05:28:36,3701.28,2.858e-05
2024-03-16 05:28:48,3699.8,2.855e-05
2024-03-16 05:29:00,3698.92,2.854e-05
2024-03-16 05:29:12,3697.49,2.853e-05
2024-03-16 05:29:24,3697.5,2.852e-05
2024-03-16 05:29:36,3697.54,2.853e-05
2024-03-16 05:29:48,3696.46,2.851e-05
2024-03-16 05:30:00,3696.72,2.851e-05
2024-03-16 05:30:12,3697.53,2.852e-05
2024-03-16 05:30:24,3699.6,2.858e-05
2024-03-16 05:30:36,3702.2,2.86e-05
2024-03-16 05:30:48,3704.76,2.864e-05
2024-03-16 05:31:00,3704.99,2.866e-05
2024-03-16 05:31:12,3705.61,2.866e-05
2024-03-16 05:31:24,3707.6,2.87e-05
2024-03-16 05:31:36,3706.94,2.867e-05
2024-03-16 05:31:48,3708.05,2.868e-05
2024-03-16 05:32:00,3708.19,2.868e-05
2024-03-16 05:32:12,3707.8,2.869e-05
2024-03-16 05:32:24,3705.41,2.864e-05
2024-03-16 05:32:36,3705.88,2.865e-05
2024-03-16 05:32:48,3707.43,2.868e-05
2024-03-16 05:33:00,3706.8,2.867e-05
2024-03-16 05:33:12,3708.19,2.87e-05
2024-03-16 05:33:24,3706.93,2.869e-05
2024-03-16 05:33:36,3709.8,2.873e-05
2024-03-16 05:33:48,3709.61,2.876e-05
2024-03-16 05:34:00,3709.41,2.874e-05
2024-03-16 05:34:12,3710.99,2.876e-05
2024-03-16 05:34:24,3710.66,2.876e-05
2024-03-16 05:34:36,3711.41,2.878e-05
2024-03-16 05:34:48,3712.1,2.879e-05
2024-03-16 05:35:00,3711.4,2.879e-05
2024-03-16 05:35:12,3711.26,2.878e-05
2024-03-16 05:35:24,3713.17,2.88e-05
2024-03-16 05:35:36,3711.81,2.878e-05
2024-03-16 05:35:48,3711.44,2.879e-05
2024-03-16 05:36:00,3711.16,2.878e-05
2024-03-16 05:36:12,3712.18,2.88e-05
2024-03-16 05:36:24,3712.6,2.88e-05
2024-03-16 05:36:36,3712.85,2.881e-05
2024-03-16 05:36:48,3712.73,2.88e-05
2024-03-16 05:37:00,3711.65,2.878e-05
2024-03-16 05:37:12,3707.86,2.872e-05
2024-03-16 05:37:24,3707.53,2.869e-05
2024-03-16 05:37:36,3707.39,2.87e-05
2024-03-16 05:37:48,3706.69,2.87e-05
2024-03-16 05:38:00,3705.97,2.871e-05
2024-03-16 05:38:12,3705.43,2.873e-05
2024-03-16 05:38:24,3706.29,2.873e-05
2024-03-16 05:38:36,3707.53,2.872e-05
2024-03-16 05:38:48,3709.27,2.875e-05
2024-03-16 05:39:00,3709.43,2.874e-05
2024-03-16 05:39:12,3709.71,2.875e-05
2024-03-16 05:39:24,3707.41,2.874e-05
2024-03-16 05:39:36,3707.8,2.875e-05
2024-03-16 05:39:48,3708.61,2.876e-05
2024-03-16 05:40:00,3709.2,2.878e-05
2024-03-16 05:40:12,3708.29,2.875e-05
2024-03-16 05:40:24,3709.87,2.88e-05
2024-03-16 05:40:36,3710.93,2.881e-05
2024-03-16 05:40:48,3709.82,2.88e-05
2024-03-16 05:41:00,3710.49,2.881e-05
2024-03-16 05:41:12,3712.03,2.887e-05
2024-03-16 05:41:24,3711.05,2.884e-05
2024-03-16 05:41:36,3711.72,2.885e-05
2024-03-16 05:41:48,3711.29,2.883e-05
2024-03-16 05:42:00,3709.54,2.881e-05
2024-03-16 05:42:12,3709.4,2.88e-05
2024-03-16 05:42:24,3708.68,2.879e-05
2024-03-16 05:42:36,3710.99,2.881e-05
2024-03-16 05:42:48,3711.13,2.88e-05
2024-03-16 05:43:00,3712.09,2.88e-05
2024-03-16 05:43:12,3712.6,2.882e-05
2024-03-16 05:43:24,3713.79,2.885e-05
2024-03-16 05:43:36,3713.7,2.885e-05
2024-03-16 05:43:48,3713.41,2.886e-05
2024-03-16 05:44:00,3713.33,2.887e-05
2024-03-16 05:44:12,3712.24,2.885e-05
2024-03-16 05:44:24,3711.02,2.883e-05
2024-03-16 05:44:36,3711.01,2.884e-05
2024-03-16 05:44:48,3711.75,2.886e-05
2024-03-16 05:45:00,3712.19,2.886e-05
2024-03-16 05:45:12,3708.92,2.883e-05
2024-03-16 05:45:24,3709.78,2.883e-05
2024-03-16 05:45:36,3708.67,2.884e-05
2024-03-16 05:45:48,3709.68,2.885e-05
2024-03-16 05:46:00,3710.8,2.884e-05
2024-03-16 05:46:12,3708.8,2.882e-05
2024-03-16 05:46:24,3709.11,2.883e-05
2024-03-16 05:46:36,3710.01,2.883e-05
2024-03-16 05:46:48,3711.8,2.886e-05
2024-03-16 05:47:00,3712.19,2.886e-05
2024-03-16 05:47:12,3713.32,2.889e-05
2024-03-16 05:47:24,3713.21,2.889e-05
2024-03-16 05:47:36,3713.21,2.89e-05
2024-03-16 05:47:48,3712.6,2.888e-05
2024-03-16 05:48:00,3710.75,2.884e-05
2024-03-16 05:48:12,3708.2,2.883e-05
2024-03-16 05:48:24,3708.08,2.882e-05
2024-03-16 05:48:36,3706.67,2.881e-05
2024-03-16 05:48:48,3706.08,2.88e-05
2024-03-16 05:49:00,3705.74,2.879e-05
2024-03-16 05:49:12,3707.31,2.88e-05
2024-03-16 05:49:24,3705.98,2.877e-05
2024-03-16 05:49:36,3708.07,2.88e-05
2024-03-16 05:49:48,3710.05,2.882e-05
2024-03-16 05:50:00,3709.81,2.883e-05
2024-03-16 05:50:12,3710.87,2.883e-05
2024-03-16 05:50:24,3710.67,2.883e-05
2024-03-16 05:50:36,3709.76,2.881e-05
2024-03-16 05:50:48,3710.17,2.881e-05
2024-03-16 05:51:00,3709.54,2.881e-05
2024-03-16 05:51:12,3709.36,2.88e-05
2024-03-16 05:51:24,3708.22,2.879e-05
2024-03-16 05:51:36,3708.49,2.879e-05
2024-03-16 05:51:48,3709.23,2.881e-05
2024-03-16 05:52:00,3711.12,2.883e-05
2024-03-16 05:52:12,3711.52,2.883e-05
2024-03-16 05:52:24,3712.14,2.886e-05
2024-03-16 05:52:36,3714.12,2.891e-05
2024-03-16 05:52:48,3714.4,2.889e-05
2024-03-16 05:53:00,3714.07,2.889e-05
2024-03-16 05:53:12,3711.33,2.887e-05
2024-03-16 05:53:24,3713.33,2.891e-05
2024-03-16 05:53:36,3713.78,2.891e-05
2024-03-16 05:53:48,3713.32,2.892e-05
2024-03-16 05:54:00,3714.19,2.893e-05
2024-03-16 05:54:12,3714.63,2.893e-05
2024-03-16 05:54:24,3714.66,2.894e-05
2024-03-16 05:54:36,3715.59,2.894e-05
2024-03-16 05:54:48,3716.02,2.895e-05
2024-03-16 05:55:00,3716.03,2.895e-05
2024-03-16 05:55:12,3714.97,2.891e-05
2024-03-16 05:55:24,3713.8,2.89e-05
2024-03-16 05:55:36,3713.8,2.889e-05
2024-03-16 05:55:48,3713.81,2.89e-05
2024-03-16 05:56:00,3713.72,2.89e-05
2024-03-16 05:56:12,3715.54,2.894e-05
2024-03-16 05:56:24,3716.94,2.895e-05
2024-03-16 05:56:36,3718.66,2.898e-05
2024-03-16 05:56:48,3718.76,2.899e-05
2024-03-16 05:57:00,3718.15,2.9e-05
2024-03-16 05:57:12,3718.99,2.901e-05
2024-03-16 05:57:24,3720.22,2.9e-05
2024-03-16 05:57:36,3717.81,2.897e-05
2024-03-16 05:57:48,3718.16,2.898e-05
2024-03-16 05:58:00,3718.57,2.898e-05
2024-03-16 05:58:12,3718.99,2.899e-05
2024-03-16 05:58:24,3718.44,2.898e-05
2024-03-16 05:58:36,3715.53,2.896e-05
2024-03-16 05:58:48,3713.4,2.891e-05
2024-03-16 05:59:00,3713.52,2.892e-05
2024-03-16 05:59:12,3713.4,2.892e-05
2024-03-16 05:59:24,3713.68,2.892e-05
2024-03-16 05:59:36,3714.58,2.893e-05
2024-03-16 05:59:48,3714.0,2.893e-05
2024-03-16 06:00:00,3714.01,2.894e-05
2024-03-16 06:00:12,3712.37,2.891e-05
2024-03-16 06:00:24,3713.33,2.894e-05
2024-03-16 06:00:36,3714.96,2.896e-05
2024-03-16 06:00:48,3715.39,2.896e-05
2024-03-16 06:01:00,3715.01,2.894e-05
2024-03-16 06:01:12,3717.0,2.897e-05
2024-03-16 06:01:24,3716.6,2.901e-05
2024-03-16 06:01:36,3716.75,2.901e-05
2024-03-16 06:01:48,3716.89,2.9e-05
2024-03-16 06:02:00,3716.98,2.9e-05
2024-03-16 06:02:12,3717.4,2.9e-05
2024-03-16 06:02:24,3717.05,2.9e-05
2024-03-16 06:02:36,3717.18,2.901e-05
2024-03-16 06:02:48,3717.98,2.902e-05
2024-03-16 06:03:00,3717.55,2.901e-05
2024-03-16 06:03:12,3717.54,2.9e-05
2024-03-16 06:03:24,3717.08,2.901e-05
2024-03-16 06:03:36,3716.16,2.9e-05
2024-03-16 06:03:48,3715.6,2.898e-05
2024-03-16 06:04:00,3716.02,2.9e-05
2024-03-16 06:04:12,3715.51,2.9e-05
2024-03-16 06:04:24,3717.35,2.902e-05
2024-03-16 06:04:36,3717.55,2.904e-05
2024-03-16 06:04:48,3719.59,2.908e-05
2024-03-16 06:05:00,3720.19,2.908e-05
2024-03-16 06:05:12,3722.19,2.911e-05
2024-03-16 06:05:24,3723.06,2.911e-05
2024-03-16 06:05:36,3723.41,2.912e-05
2024-03-16 06:05:48,3722.61,2.911e-05
2024-03-16 06:06:00,3723.14,2.911e-05
2024-03-16 06:06:12,3724.84,2.912e-05
2024-03-16 06:06:24,3722.87,2.91e-05
2024-03-16 06:06:36,3722.39,2.909e-05
2024-03-16 06:06:48,3722.91,2.91e-05
2024-03-16 06:07:00,3721.81,2.909e-05
2024-03-16 06:07:12,3721.4,2.909e-05
2024-03-16 06:07:24,3721.67,2.909e-05
2024-03-16 06:07:36,3722.9,2.909e-05
2024-03-16 06:07:48,3722.59,2.91e-05
2024-03-16 06:08:00,3721.69,2.909e-05
2024-03-16 06:08:12,3721.81,2.91e-05
2024-03-16 06:08:24,3719.41,2.909e-05
2024-03-16 06:08:36,3719.8,2.91e-05
2024-03-16 06:08:48,3718.47,2.909e-05
2024-03-16 06:09:00,3718.8,2.909e-05
2024-03-16 06:09:12,3717.93,2.908e-05
2024-03-16 06:09:24,3719.19,2.909e-05
2024-03-16 06:09:36,3718.12,2.907e-05
2024-03-16 06:09:48,3718.19,2.908e-05
2024-03-16 06:10:00,3719.6,2.911e-05
2024-03-16 06:10:12,3721.8,2.912e-05
2024-03-16 06:10:24,3721.09,2.91e-05
2024-03-16 06:10:36,3719.7,2.909e-05
2024-03-16 06:10:48,3720.9,2.909e-05
2024-03-16 06:11:00,3719.81,2.908e-05
2024-03-16 06:11:12,3719.05,2.904e-05
2024-03-16 06:11:24,3721.0,2.909e-05
2024-03-16 06:11:36,3720.81,2.907e-05
2024-03-16 06:11:48,3720.36,2.907e-05
2024-03-16 06:12:00,3720.12,2.906e-05
2024-03-16 06:12:12,3720.78,2.904e-05
2024-03-16 06:12:24,3720.79,2.905e-05
2024-03-16 06:12:36,3721.81,2.905e-05
2024-03-16 06:12:48,3722.64,2.904e-05
2024-03-16 06:13:00,3722.85,2.903e-05
2024-03-16 06:13:12,3723.52,2.903e-05
2024-03-16 06:13:24,3723.71,2.903e-05
2024-03-16 06:13:36,3722.05,2.901e-05
2024-03-16 06:13:48,3722.37,2.902e-05
2024-03-16 06:14:00,3721.45,2.901e-05
2024-03-16 06:14:12,3720.0,2.898e-05
2024-03-16 06:14:24,3719.4,2.896e-05
2024-03-16 06:14:36,3719.4,2.896e-05
2024-03-16 06:14:48,3720.2,2.899e-05
2024-03-16 06:15:00,3719.99,2.898e-05
2024-03-16 06:15:12,3718.51,2.896e-05
2024-03-16 06:15:24,3719.18,2.899e-05
2024-03-16 06:15:36,3719.2,2.9e-05
2024-03-16 06:15:48,3720.0,2.9e-05
2024-03-16 06:16:00,3720.47,2.902e-05
2024-03-16 06:16:12,3720.67,2.899e-05
2024-03-16 06:16:24,3721.77,2.902e-05
2024-03-16 06:16:36,3721.94,2.903e-05
2024-03-16 06:16:48,3722.4,2.903e-05
2024-03-16 06:17:00,3722.59,2.901e-05
2024-03-16 06:17:12,3723.39,2.903e-05
2024-03-16 06:17:24,3723.02,2.902e-05
2024-03-16 06:17:36,3723.02,2.901e-05
2024-03-16 06:17:48,3723.43,2.9e-05
2024-03-16 06:18:00,3724.01,2.901e-05
2024-03-16 06:18:12,3724.1,2.901e-05
2024-03-16 06:18:24,3723.43,2.903e-05
2024-03-16 06:18:36,3723.13,2.903e-05
2024-03-16 06:18:48,3722.21,2.9e-05
2024-03-16 06:19:00,3721.93,2.901e-05
2024-03-16 06:19:12,3722.5,2.902e-05
2024-03-16 06:19:24,3722.21,2.901e-05
2024-03-16 06:19:36,3721.74,2.901e-05
2024-03-16 06:19:48,3721.73,2.902e-05
2024-03-16 06:20:00,3721.74,2.902e-05
2024-03-16 06:20:12,3721.4,2.9e-05
2024-03-16 06:20:24,3721.41,2.901e-05
2024-03-16 06:20:36,3721.39,2.901e-05
2024-03-16 06:20:48,3720.82,2.898e-05
2024-03-16 06:21:00,3719.41,2.896e-05
2024-03-16 06:21:12,3718.2,2.896e-05
2024-03-16 06:21:24,3718.51,2.896e-05
2024-03-16 06:21:36,3718.52,2.897e-05
2024-03-16 06:21:48,3720.05,2.9e-05
2024-03-16 06:22:00,3720.05,2.899e-05
2024-03-16 06:22:12,3721.88,2.902e-05
2024-03-16 06:22:24,3724.87,2.906e-05
2024-03-16 06:22:36,3724.91,2.905e-05
2024-03-16 06:22:48,3724.6,2.904e-05
2024-03-16 06:23:00,3725.0,2.907e-05
2024-03-16 06:23:12,3724.41,2.906e-05
2024-03-16 06:23:24,3723.41,2.906e-05
2024-03-16 06:23:36,3724.41,2.906e-05
2024-03-16 06:23:48,3724.85,2.906e-05
2024-03-16 06:24:00,3726.48,2.908e-05
2024-03-16 06:24:12,3727.8,2.908e-05
2024-03-16 06:24:24,3725.84,2.906e-05
2024-03-16 06:24:36,3726.21,2.906e-05
2024-03-16 06:24:48,3727.79,2.908e-05
2024-03-16 06:25:00,3727.2,2.907e-05
2024-03-16 06:25:12,3725.41,2.904e-05
2024-03-16 06:25:24,3725.32,2.904e-05
2024-03-16 06:25:36,3724.51,2.904e-05
2024-03-16 06:25:48,3724.7,2.904e-05
2024-03-16 06:26:00,3724.4,2.903e-05
2024-03-16 06:26:12,3724.59,2.903e-05
2024-03-16 06:26:24,3723.93,2.904e-05
2024-03-16 06:26:36,3723.93,2.904e-05
2024-03-16 06:26:48,3722.94,2.902e-05
2024-03-16 06:27:00,3721.8,2.9e-05
2024-03-16 06:27:12,3720.76,2.898e-05
2024-03-16 06:27:24,3721.0,2.899e-05
2024-03-16 06:27:36,3721.69,2.901e-05
2024-03-16 06:27:48,3723.59,2.903e-05
2024-03-16 06:28:00,3723.59,2.903e-05
2024-03-16 06:28:12,3722.66,2.903e-05
2024-03-16 06:28:24,3722.21,2.902e-05
2024-03-16 06:28:36,3721.95,2.901e-05
2024-03-16 06:28:48,3723.81,2.902e-05
2024-03-16 06:29:00,3723.51,2.902e-05
2024-03-16 06:29:12,3721.29,2.898e-05
2024-03-16 06:29:24,3720.81,2.899e-05
2024-03-16 06:29:36,3720.81,2.9e-05
2024-03-16 06:29:48,3720.2,2.899e-05
2024-03-16 06:30:00,3720.0,2.897e-05
2024-03-16 06:30:12,3719.54,2.9e-05
2024-03-16 06:30:24,3720.01,2.902e-05
2024-03-16 06:30:36,3720.92,2.901e-05
2024-03-16 06:30:48,3720.29,2.901e-05
2024-03-16 06:31:00,3720.94,2.901e-05
2024-03-16 06:31:12,3721.59,2.901e-05
2024-03-16 06:31:24,3720.48,2.899e-05
2024-03-16 06:31:36,3720.28,2.897e-05
2024-03-16 06:31:48,3720.95,2.9e-05
2024-03-16 06:32:00,3720.36,2.9e-05
2024-03-16 06:32:12,3721.05,2.901e-05
2024-03-16 06:32:24,3720.15,2.901e-05
2024-03-16 06:32:36,3718.6,2.899e-05
2024-03-16 06:32:48,3718.0,2.896e-05
2024-03-16 06:33:00,3715.41,2.894e-05
2024-03-16 06:33:12,3715.41,2.894e-05
2024-03-16 06:33:24,3712.37,2.887e-05
2024-03-16 06:33:36,3712.02,2.888e-05
2024-03-16 06:33:48,3711.76,2.885e-05
2024-03-16 06:34:00,3710.24,2.881e-05
2024-03-16 06:34:12,3712.55,2.885e-05
2024-03-16 06:34:24,3712.6,2.883e-05
2024-03-16 06:34:36,3711.4,2.881e-05
2024-03-16 06:34:48,3708.88,2.878e-05
2024-03-16 06:35:00,3709.89,2.88e-05
2024-03-16 06:35:12,3711.69,2.883e-05
2024-03-16 06:35:24,3711.58,2.883e-05
2024-03-16 06:35:36,3708.25,2.879e-05
2024-03-16 06:35:48,3707.7,2.878e-05
2024-03-16 06:36:00,3708.97,2.881e-05
2024-03-16 06:36:12,3708.41,2.879e-05
2024-03-16 06:36:24,3708.39,2.878e-05
2024-03-16 06:36:36,3707.0,2.875e-05
2024-03-16 06:36:48,3706.8,2.874e-05
2024-03-16 06:37:00,3707.4,2.873e-05
2024-03-16 06:37:12,3707.13,2.872e-05
2024-03-16 06:37:24,3712.98,2.879e-05
2024-03-16 06:37:36,3714.99,2.882e-05
2024-03-16 06:37:48,3713.58,2.882e-05
2024-03-16 06:38:00,3713.41,2.882e-05
2024-03-16 06:38:12,3714.94,2.886e-05
2024-03-16 06:38:24,3713.81,2.884e-05
2024-03-16 06:38:36,3714.19,2.886e-05
2024-03-16 06:38:48,3715.38,2.886e-05
2024-03-16 06:39:00,3716.19,2.888e-05
2024-03-16 06:39:12,3718.6,2.888e-05
2024-03-16 06:39:24,3717.24,2.886e-05
2024-03-16 06:39:36,3717.04,2.887e-05
2024-03-16 06:39:48,3716.48,2.886e-05
2024-03-16 06:40:00,3716.61,2.886e-05
2024-03-16 06:40:12,3717.21,2.888e-05
2024-03-16 06:40:24,3717.4,2.889e-05
2024-03-16 06:40:36,3718.41,2.89e-05
2024-03-16 06:40:48,3717.8,2.889e-05
2024-03-16 06:41:00,3716.69,2.888e-05
2024-03-16 06:41:12,3716.21,2.885e-05
2024-03-16 06:41:24,3716.6,2.889e-05
2024-03-16 06:41:36,3717.0,2.889e-05
2024-03-16 06:41:48,3716.21,2.887e-05
2024-03-16 06:42:00,3716.21,2.888e-05
2024-03-16 06:42:12,3716.24,2.889e-05
2024-03-16 06:42:24,3717.84,2.89e-05
2024-03-16 06:42:36,3718.62,2.894e-05
2024-03-16 06:42:48,3719.95,2.895e-05
2024-03-16 06:43:00,3719.05,2.891e-05
2024-03-16 06:43:12,3719.4,2.892e-05
2024-03-16 06:43:24,3719.4,2.893e-05
2024-03-16 06:43:36,3719.4,2.893e-05
2024-03-16 06:43:48,3720.26,2.896e-05
2024-03-16 06:44:00,3720.54,2.896e-05
2024-03-16 06:44:12,3720.86,2.896e-05
2024-03-16 06:44:24,3720.88,2.897e-05
2024-03-16 06:44:36,3720.53,2.895e-05
2024-03-16 06:44:48,3720.26,2.894e-05
2024-03-16 06:45:00,3719.61,2.894e-05
2024-03-16 06:45:12,3720.01,2.896e-05
2024-03-16 06:45:24,3719.11,2.898e-05
2024-03-16 06:45:36,3720.59,2.904e-05
2024-03-16 06:45:48,3720.6,2.908e-05
2024-03-16 06:46:00,3720.6,2.906e-05
2024-03-16 06:46:12,3720.6,2.904e-05
2024-03-16 06:46:24,3720.59,2.905e-05
2024-03-16 06:46:36,3722.34,2.904e-05
2024-03-16 06:46:48,3725.23,2.909e-05
2024-03-16 06:47:00,3726.18,2.909e-05
2024-03-16 06:47:12,3725.19,2.91e-05
2024-03-16 06:47:24,3726.2,2.907e-05
2024-03-16 06:47:36,3726.83,2.906e-05
2024-03-16 06:47:48,3726.91,2.907e-05
2024-03-16 06:48:00,3727.0,2.907e-05
2024-03-16 06:48:12,3726.32,2.907e-05
2024-03-16 06:48:24,3724.64,2.905e-05
2024-03-16 06:48:36,3725.58,2.905e-05
2024-03-16 06:48:48,3725.58,2.905e-05
2024-03-16 06:49:00,3725.59,2.907e-05
2024-03-16 06:49:12,3725.93,2.908e-05
2024-03-16 06:49:24,3726.59,2.91e-05
2024-03-16 06:49:36,3726.2,2.91e-05
2024-03-16 06:49:48,3726.21,2.909e-05
2024-03-16 06:50:00,3725.13,2.909e-05
2024-03-16 06:50:12,3725.77,2.91e-05
2024-03-16 06:50:24,3725.76,2.911e-05
2024-03-16 06:50:36,3726.55,2.912e-05
2024-03-16 06:50:48,3725.86,2.91e-05
2024-03-16 06:51:00,3725.81,2.909e-05
2024-03-16 06:51:12,3726.2,2.908e-05
2024-03-16 06:51:24,3728.2,2.912e-05
2024-03-16 06:51:36,3728.69,2.912e-05
2024-03-16 06:51:48,3727.41,2.911e-05
2024-03-16 06:52:00,3727.4,2.91e-05
2024-03-16 06:52:12,3726.83,2.909e-05
2024-03-16 06:52:24,3727.99,2.911e-05
2024-03-16 06:52:36,3727.98,2.911e-05
2024-03-16 06:52:48,3728.8,2.912e-05
2024-03-16 06:53:00,3728.39,2.914e-05
2024-03-16 06:53:12,3728.38,2.913e-05
2024-03-16 06:53:24,3728.19,2.914e-05
2024-03-16 06:53:36,3727.61,2.912e-05
2024-03-16 06:53:48,3727.18,2.912e-05
2024-03-16 06:54:00,3726.3,2.909e-05
2024-03-16 06:54:12,3726.04,2.908e-05
2024-03-16 06:54:24,3725.8,2.905e-05
2024-03-16 06:54:36,3726.2,2.908e-05
2024-03-16 06:54:48,3727.83,2.909e-05
2024-03-16 06:55:00,3727.4,2.908e-05
2024-03-16 06:55:12,3728.16,2.906e-05
2024-03-16 06:55:24,3725.94,2.904e-05
2024-03-16 06:55:36,3726.39,2.906e-05
2024-03-16 06:55:48,3725.61,2.903e-05
2024-03-16 06:56:00,3725.71,2.903e-05
2024-03-16 06:56:12,3726.99,2.907e-05
2024-03-16 06:56:24,3726.51,2.907e-05
2024-03-16 06:56:36,3726.54,2.906e-05
2024-03-16 06:56:48,3727.95,2.908e-05
2024-03-16 06:57:00,3727.48,2.907e-05
2024-03-16 06:57:12,3728.38,2.909e-05
2024-03-16 06:57:24,3728.42,2.91e-05
2024-03-16 06:57:36,3727.2,2.907e-05
2024-03-16 06:57:48,3727.57,2.904e-05
2024-03-16 06:58:00,3726.84,2.904e-05
2024-03-16 06:58:12,3726.63,2.904e-05
2024-03-16 06:58:24,3726.5,2.905e-05
2024-03-16 06:58:36,3725.51,2.904e-05
2024-03-16 06:58:48,3724.48,2.904e-05
2024-03-16 06:59:00,3725.4,2.905e-05
2024-03-16 06:59:12,3725.39,2.905e-05
2024-03-16 06:59:24,3725.4,2.906e-05
2024-03-16 06:59:36,3726.22,2.907e-05
2024-03-16 06:59:48,3725.82,2.908e-05
2024-03-16 07:00:00,3725.33,2.907e-05
2024-03-16 07:00:12,3724.82,2.907e-05
2024-03-16 07:00:24,3725.33,2.907e-05
2024-03-16 07:00:36,3725.06,2.907e-05
2024-03-16 07:00:48,3726.53,2.907e-05
2024-03-16 07:01:00,3727.0,2.91e-05
2024-03-16 07:01:12,3726.1,2.909e-05
2024-03-16 07:01:24,3726.09,2.905e-05
2024-03-16 07:01:36,3724.63,2.9e-05
2024-03-16 07:01:48,3724.34,2.9e-05
2024-03-16 07:02:00,3724.34,2.9e-05
2024-03-16 07:02:12,3724.46,2.9e-05
2024-03-16 07:02:24,3723.73,2.9e-05
2024-03-16 07:02:36,3721.81,2.896e-05
2024-03-16 07:02:48,3721.55,2.896e-05
2024-03-16 07:03:00,3722.07,2.897e-05
2024-03-16 07:03:12,3722.06,2.895e-05
2024-03-16 07:03:24,3720.08,2.894e-05
2024-03-16 07:03:36,3721.39,2.894e-05
2024-03-16 07:03:48,3721.73,2.896e-05
2024-03-16 07:04:00,3721.66,2.895e-05
2024-03-16 07:04:12,3720.56,2.894e-05
2024-03-16 07:04:24,3720.56,2.894e-05
2024-03-16 07:04:36,3722.0,2.894e-05
2024-03-16 07:04:48,3721.55,2.892e-05
2024-03-16 07:05:00,3723.0,2.895e-05
2024-03-16 07:05:12,3724.44,2.898e-05
2024-03-16 07:05:24,3725.4,2.898e-05
2024-03-16 07:05:36,3725.4,2.898e-05
2024-03-16 07:05:48,3724.44,2.897e-05
2024-03-16 07:06:00,3725.02,2.898e-05
2024-03-16 07:06:12,3726.55,2.902e-05
2024-03-16 07:06:24,3726.35,2.902e-05
2024-03-16 07:06:36,3726.92,2.902e-05
2024-03-16 07:06:48,3727.39,2.903e-05
2024-03-16 07:07:00,3731.11,2.906e-05
2024-03-16 07:07:12,3732.21,2.907e-05
2024-03-16 07:07:24,3730.42,2.904e-05
2024-03-16 07:07:36,3730.48,2.906e-05
2024-03-16 07:07:48,3730.63,2.905e-05
2024-03-16 07:08:00,3729.05,2.904e-05
2024-03-16 07:08:12,3728.58,2.911e-05
2024-03-16 07:08:24,3729.79,2.916e-05
2024-03-16 07:08:36,3731.32,2.917e-05
2024-03-16 07:08:48,3733.04,2.921e-05
2024-03-16 07:09:00,3732.2,2.924e-05
2024-03-16 07:09:12,3731.03,2.92e-05
2024-03-16 07:09:24,3729.61,2.916e-05
2024-03-16 07:09:36,3730.2,2.918e-05
2024-03-16 07:09:48,3730.01,2.917e-05
2024-03-16 07:10:00,3728.97,2.916e-05
2024-03-16 07:10:12,3729.45,2.913e-05
2024-03-16 07:10:24,3728.6,2.913e-05
2024-03-16 07:10:36,3729.43,2.913e-05
2024-03-16 07:10:48,3729.8,2.912e-05
2024-03-16 07:11:00,3730.83,2.913e-05
2024-03-16 07:11:12,3730.65,2.913e-05
2024-03-16 07:11:24,3729.02,2.911e-05
2024-03-16 07:11:36,3728.42,2.912e-05
2024-03-16 07:11:48,3728.72,2.912e-05
2024-03-16 07:12:00,3725.94,2.908e-05
2024-03-16 07:12:12,3725.34,2.908e-05
2024-03-16 07:12:24,3725.94,2.908e-05
2024-03-16 07:12:36,3725.88,2.908e-05
2024-03-16 07:12:48,3727.33,2.91e-05
2024-03-16 07:13:00,3727.57,2.91e-05
2024-03-16 07:13:12,3727.57,2.909e-05
2024-03-16 07:13:24,3727.56,2.908e-05
2024-03-16 07:13:36,3727.3,2.909e-05
2024-03-16 07:13:48,3727.39,2.909e-05
2024-03-16 07:14:00,3727.36,2.91e-05
2024-03-16 07:14:12,3727.86,2.91e-05
2024-03-16 07:14:24,3727.86,2.91e-05
2024-03-16 07:14:36,3727.86,2.912e-05
2024-03-16 07:14:48,3727.86,2.913e-05
2024-03-16 07:15:00,3728.16,2.912e-05
2024-03-16 07:15:12,3729.43,2.913e-05
2024-03-16 07:15:24,3730.0,2.913e-05
2024-03-16 07:15:36,3731.18,2.916e-05
2024-03-16 07:15:48,3730.29,2.914e-05
2024-03-16 07:16:00,3727.0,2.907e-05
2024-03-16 07:16:12,3725.6,2.905e-05
2024-03-16 07:16:24,3725.4,2.906e-05
2024-03-16 07:16:36,3724.72,2.905e-05
2024-03-16 07:16:48,3723.8,2.901e-05
2024-03-16 07:17:00,3723.8,2.901e-05
2024-03-16 07:17:12,3723.21,2.899e-05
2024-03-16 07:17:24,3722.49,2.897e-05
2024-03-16 07:17:36,3720.93,2.895e-05
2024-03-16 07:17:48,3721.23,2.896e-05
2024-03-16 07:18:00,3723.4,2.898e-05
2024-03-16 07:18:12,3722.63,2.897e-05
2024-03-16 07:18:24,3721.96,2.896e-05
2024-03-16 07:18:36,3722.2,2.894e-05
2024-03-16 07:18:48,3721.48,2.892e-05
2024-03-16 07:19:00,3720.37,2.891e-05
2024-03-16 07:19:12,3722.41,2.895e-05
2024-03-16 07:19:24,3721.76,2.893e-05
2024-03-16 07:19:36,3721.76,2.893e-05
2024-03-16 07:19:48,3721.42,2.892e-05
2024-03-16 07:20:00,3719.81,2.89e-05
2024-03-16 07:20:12,3720.47,2.893e-05
2024-03-16 07:20:24,3720.29,2.893e-05
2024-03-16 07:20:36,3719.8,2.892e-05
2024-03-16 07:20:48,3719.26,2.892e-05
2024-03-16 07:21:00,3720.46,2.893e-05
2024-03-16 07:21:12,3722.97,2.897e-05
2024-03-16 07:21:24,3724.19,2.899e-05
2024-03-16 07:21:36,3724.81,2.901e-05
2024-03-16 07:21:48,3725.31,2.902e-05
2024-03-16 07:22:00,3725.28,2.902e-05
2024-03-16 07:22:12,3723.81,2.901e-05
2024-03-16 07:22:24,3724.21,2.9e-05
2024-03-16 07:22:36,3724.0,2.899e-05
2024-03-16 07:22:48,3723.99,2.9e-05
2024-03-16 07:23:00,3724.0,2.9e-05
2024-03-16 07:23:12,3724.99,2.901e-05
2024-03-16 07:23:24,3725.11,2.901e-05
2024-03-16 07:23:36,3724.7,2.899e-05
2024-03-16 07:23:48,3723.81,2.899e-05
2024-03-16 07:24:00,3723.81,2.898e-05
2024-03-16 07:24:12,3724.98,2.901e-05
2024-03-16 07:24:24,3725.32,2.9e-05
2024-03-16 07:24:36,3725.8,2.9e-05
2024-03-16 07:24:48,3726.86,2.902e-05
2024-03-16 07:25:00,3726.48,2.901e-05
2024-03-16 07:25:12,3725.81,2.9e-05
2024-03-16 07:25:24,3725.66,2.899e-05
2024-03-16 07:25:36,3726.19,2.9e-05
2024-03-16 07:25:48,3724.42,2.898e-05
2024-03-16 07:26:00,3723.72,2.896e-05
2024-03-16 07:26:12,3723.12,2.896e-05
2024-03-16 07:26:24,3723.12,2.897e-05
2024-03-16 07:26:36,3723.73,2.897e-05
2024-03-16 07:26:48,3723.04,2.896e-05
2024-03-16 07:27:00,3722.63,2.894e-05
2024-03-16 07:27:12,3724.6,2.901e-05
2024-03-16 07:27:24,3726.06,2.902e-05
2024-03-16 07:27:36,3724.61,2.901e-05
2024-03-16 07:27:48,3722.54,2.9e-05
2024-03-16 07:28:00,3723.6,2.901e-05
2024-03-16 07:28:12,3723.99,2.902e-05
2024-03-16 07:28:24,3724.99,2.902e-05
2024-03-16 07:28:36,3725.91,2.903e-05
2024-03-16 07:28:48,3726.31,2.902e-05
2024-03-16 07:29:00,3725.6,2.902e-05
2024-03-16 07:29:12,3723.83,2.899e-05
2024-03-16 07:29:24,3724.15,2.899e-05
2024-03-16 07:29:36,3723.97,2.898e-05
2024-03-16 07:29:48,3723.97,2.897e-05
2024-03-16 07:30:00,3723.63,2.898e-05
2024-03-16 07:30:12,3721.41,2.897e-05
2024-03-16 07:30:24,3720.21,2.893e-05
2024-03-16 07:30:36,3720.0,2.896e-05
2024-03-16 07:30:48,3721.25,2.895e-05
2024-03-16 07:31:00,3721.19,2.896e-05
2024-03-16 07:31:12,3719.54,2.893e-05
2024-03-16 07:31:24,3721.39,2.896e-05
2024-03-16 07:31:36,3723.48,2.899e-05
2024-03-16 07:31:48,3723.17,2.9e-05
2024-03-16 07:32:00,3723.31,2.9e-05
2024-03-16 07:32:12,3723.42,2.901e-05
2024-03-16 07:32:24,3725.22,2.903e-05
2024-03-16 07:32:36,3726.29,2.904e-05
2024-03-16 07:32:48,3726.29,2.905e-05
2024-03-16 07:33:00,3726.28,2.905e-05
2024-03-16 07:33:12,3724.72,2.903e-05
2024-03-16 07:33:24,3724.98,2.903e-05
2024-03-16 07:33:36,3725.05,2.903e-05
2024-03-16 07:33:48,3725.06,2.902e-05
2024-03-16 07:34:00,3726.41,2.903e-05
2024-03-16 07:34:12,3726.41,2.905e-05
2024-03-16 07:34:24,3726.41,2.906e-05
2024-03-16 07:34:36,3727.39,2.907e-05
2024-03-16 07:34:48,3728.89,2.908e-05
2024-03-16 07:35:00,3727.9,2.907e-05
2024-03-16 07:35:12,3728.99,2.908e-05
2024-03-16 07:35:24,3729.75,2.91e-05
2024-03-16 07:35:36,3732.23,2.912e-05
2024-03-16 07:35:48,3734.49,2.912e-05
2024-03-16 07:36:00,3733.2,2.912e-05
2024-03-16 07:36:12,3730.75,2.911e-05
2024-03-16 07:36:24,3730.47,2.911e-05
2024-03-16 07:36:36,3730.89,2.911e-05
2024-03-16 07:36:48,3732.85,2.914e-05
2024-03-16 07:37:00,3732.95,2.915e-05
2024-03-16 07:37:12,3731.4,2.913e-05
2024-03-16 07:37:24,3730.67,2.912e-05
2024-03-16 07:37:36,3729.93,2.911e-05
2024-03-16 07:37:48,3730.81,2.909e-05
2024-03-16 07:38:00,3729.58,2.909e-05
2024-03-16 07:38:12,3728.71,2.909e-05
2024-03-16 07:38:24,3728.4,2.908e-05
2024-03-16 07:38:36,3729.39,2.908e-05
2024-03-16 07:38:48,3730.0,2.909e-05
2024-03-16 07:39:00,3729.35,2.909e-05
2024-03-16 07:39:12,3728.69,2.91e-05
2024-03-16 07:39:24,3729.99,2.911e-05
2024-03-16 07:39:36,3731.78,2.913e-05
2024-03-16 07:39:48,3731.97,2.914e-05
2024-03-16 07:40:00,3731.97,2.914e-05
2024-03-16 07:40:12,3730.92,2.913e-05
2024-03-16 07:40:24,3731.2,2.913e-05
2024-03-16 07:40:36,3731.2,2.914e-05
2024-03-16 07:40:48,3733.15,2.916e-05
2024-03-16 07:41:00,3733.28,2.915e-05
2024-03-16 07:41:12,3734.75,2.918e-05
2024-03-16 07:41:24,3735.39,2.919e-05
2024-03-16 07:41:36,3734.07,2.919e-05
2024-03-16 07:41:48,3733.82,2.918e-05
2024-03-16 07:42:00,3735.21,2.92e-05
2024-03-16 07:42:12,3734.71,2.918e-05
2024-03-16 07:42:24,3734.4,2.918e-05
2024-03-16 07:42:36,3733.57,2.916e-05
2024-03-16 07:42:48,3731.81,2.913e-05
2024-03-16 07:43:00,3734.46,2.914e-05
2024-03-16 07:43:12,3734.81,2.914e-05
2024-03-16 07:43:24,3735.67,2.916e-05
2024-03-16 07:43:36,3736.03,2.915e-05
2024-03-16 07:43:48,3736.14,2.916e-05
2024-03-16 07:44:00,3736.15,2.918e-05
2024-03-16 07:44:12,3738.17,2.918e-05
2024-03-16 07:44:24,3737.79,2.918e-05
2024-03-16 07:44:36,3736.22,2.919e-05
2024-03-16 07:44:48,3736.2,2.918e-05
2024-03-16 07:45:00,3736.04,2.919e-05
2024-03-16 07:45:12,3736.5,2.922e-05
2024-03-16 07:45:24,3735.47,2.918e-05
2024-03-16 07:45:36,3735.5,2.918e-05
2024-03-16 07:45:48,3735.61,2.919e-05
2024-03-16 07:46:00,3736.14,2.923e-05
2024-03-16 07:46:12,3736.0,2.921e-05
2024-03-16 07:46:24,3734.63,2.921e-05
2024-03-16 07:46:36,3735.6,2.924e-05
2024-03-16 07:46:48,3735.6,2.923e-05
2024-03-16 07:47:00,3735.39,2.921e-05
2024-03-16 07:47:12,3734.26,2.919e-05
2024-03-16 07:47:24,3734.87,2.919e-05
2024-03-16 07:47:36,3734.61,2.918e-05
2024-03-16 07:47:48,3734.61,2.917e-05
2024-03-16 07:48:00,3736.13,2.92e-05
2024-03-16 07:48:12,3736.14,2.919e-05
2024-03-16 07:48:24,3735.26,2.917e-05
2024-03-16 07:48:36,3736.13,2.918e-05
2024-03-16 07:48:48,3737.21,2.919e-05
2024-03-16 07:49:00,3735.82,2.918e-05
2024-03-16 07:49:12,3738.39,2.919e-05
2024-03-16 07:49:24,3738.0,2.919e-05
2024-03-16 07:49:36,3737.42,2.918e-05
2024-03-16 07:49:48,3737.01,2.92e-05
2024-03-16 07:50:00,3737.75,2.92e-05
2024-03-16 07:50:12,3738.19,2.92e-05
2024-03-16 07:50:24,3738.19,2.921e-05
2024-03-16 07:50:36,3738.39,2.921e-05
2024-03-16 07:50:48,3738.54,2.921e-05
2024-03-16 07:51:00,3736.6,2.92e-05
2024-03-16 07:51:12,3736.96,2.919e-05
2024-03-16 07:51:24,3736.0,2.917e-05
2024-03-16 07:51:36,3734.73,2.916e-05
2024-03-16 07:51:48,3734.64,2.913e-05
2024-03-16 07:52:00,3733.75,2.913e-05
2024-03-16 07:52:12,3734.19,2.913e-05
2024-03-16 07:52:24,3734.53,2.915e-05
2024-03-16 07:52:36,3735.61,2.915e-05
2024-03-16 07:52:48,3736.19,2.915e-05
2024-03-16 07:53:00,3736.38,2.915e-05
2024-03-16 07:53:12,3737.76,2.919e-05
2024-03-16 07:53:24,3738.33,2.92e-05
2024-03-16 07:53:36,3739.2,2.921e-05
2024-03-16 07:53:48,3739.2,2.923e-05
2024-03-16 07:54:00,3738.83,2.922e-05
2024-03-16 07:54:12,3739.62,2.929e-05
2024-03-16 07:54:24,3740.95,2.929e-05
2024-03-16 07:54:36,3741.23,2.929e-05
2024-03-16 07:54:48,3741.22,2.93e-05
2024-03-16 07:55:00,3738.84,2.929e-05
2024-03-16 07:55:12,3738.59,2.928e-05
2024-03-16 07:55:24,3739.97,2.931e-05
2024-03-16 07:55:36,3739.98,2.93e-05
2024-03-16 07:55:48,3740.2,2.93e-05
2024-03-16 07:56:00,3740.91,2.932e-05
2024-03-16 07:56:12,3740.26,2.932e-05
2024-03-16 07:56:24,3739.0,2.933e-05
2024-03-16 07:56:36,3738.84,2.932e-05
2024-03-16 07:56:48,3739.74,2.933e-05
2024-03-16 07:57:00,3739.14,2.934e-05
2024-03-16 07:57:12,3738.39,2.932e-05
2024-03-16 07:57:24,3738.6,2.932e-05
2024-03-16 07:57:36,3740.05,2.934e-05
2024-03-16 07:57:48,3740.04,2.933e-05
2024-03-16 07:58:00,3740.03,2.933e-05
2024-03-16 07:58:12,3740.29,2.933e-05
2024-03-16 07:58:24,3740.06,2.933e-05
2024-03-16 07:58:36,3740.51,2.933e-05
2024-03-16 07:58:48,3739.8,2.932e-05
2024-03-16 07:59:00,3739.79,2.932e-05
2024-03-16 07:59:12,3740.38,2.933e-05
2024-03-16 07:59:24,3741.31,2.935e-05
2024-03-16 07:59:36,3741.16,2.936e-05
2024-03-16 07:59:48,3739.79,2.933e-05
2024-03-16 08:00:00,3740.2,2.934e-05
2024-03-16 08:00:12,3741.1,2.931e-05
2024-03-16 08:00:24,3739.18,2.929e-05
2024-03-16 08:00:36,3737.8,2.925e-05
2024-03-16 08:00:48,3734.33,2.921e-05
2024-03-16 08:01:00,3736.0,2.926e-05
2024-03-16 08:01:12,3734.6,2.924e-05
2024-03-16 08:01:24,3733.36,2.918e-05
2024-03-16 08:01:36,3733.36,2.921e-05
2024-03-16 08:01:48,3732.81,2.918e-05
2024-03-16 08:02:00,3732.8,2.917e-05
2024-03-16 08:02:12,3730.4,2.915e-05
2024-03-16 08:02:24,3731.2,2.916e-05
2024-03-16 08:02:36,3730.39,2.915e-05
2024-03-16 08:02:48,3731.41,2.916e-05
2024-03-16 08:03:00,3731.75,2.916e-05
2024-03-16 08:03:12,3730.73,2.914e-05
2024-03-16 08:03:24,3730.96,2.915e-05
2024-03-16 08:03:36,3732.4,2.919e-05
2024-03-16 08:03:48,3731.02,2.917e-05
2024-03-16 08:04:00,3730.32,2.915e-05
2024-03-16 08:04:12,3730.0,2.914e-05
2024-03-16 08:04:24,3731.0,2.916e-05
2024-03-16 08:04:36,3730.66,2.917e-05
2024-03-16 08:04:48,3730.03,2.916e-05
2024-03-16 08:05:00,3729.15,2.915e-05
2024-03-16 08:05:12,3729.51,2.916e-05
2024-03-16 08:05:24,3730.75,2.919e-05
2024-03-16 08:05:36,3732.4,2.922e-05
2024-03-16 08:05:48,3732.01,2.92e-05
2024-03-16 08:06:00,3732.61,2.922e-05
2024-03-16 08:06:12,3732.6,2.923e-05
2024-03-16 08:06:24,3732.93,2.923e-05
2024-03-16 08:06:36,3730.48,2.919e-05
2024-03-16 08:06:48,3730.47,2.918e-05
2024-03-16 08:07:00,3730.79,2.917e-05
2024-03-16 08:07:12,3727.8,2.915e-05
2024-03-16 08:07:24,3727.64,2.914e-05
2024-03-16 08:07:36,3728.2,2.914e-05
2024-03-16 08:07:48,3727.8,2.912e-05
2024-03-16 08:08:00,3726.6,2.912e-05
2024-03-16 08:08:12,3727.4,2.914e-05
2024-03-16 08:08:24,3727.2,2.911e-05
2024-03-16 08:08:36,3728.04,2.914e-05
2024-03-16 08:08:48,3728.97,2.915e-05
2024-03-16 08:09:00,3730.6,2.919e-05
2024-03-16 08:09:12,3730.76,2.919e-05
2024-03-16 08:09:24,3730.75,2.919e-05
2024-03-16 08:09:36,3731.03,2.919e-05
2024-03-16 08:09:48,3731.76,2.922e-05
2024-03-16 08:10:00,3732.7,2.922e-05
2024-03-16 08:10:12,3732.21,2.921e-05
2024-03-16 08:10:24,3731.8,2.921e-05
2024-03-16 08:10:36,3731.14,2.917e-05
2024-03-16 08:10:48,3731.79,2.92e-05
2024-03-16 08:11:00,3731.8,2.921e-05
2024-03-16 08:11:12,3732.98,2.922e-05
2024-03-16 08:11:24,3732.98,2.923e-05
2024-03-16 08:11:36,3734.41,2.925e-05
2024-03-16 08:11:48,3734.99,2.927e-05
2024-03-16 08:12:00,3734.99,2.927e-05
2024-03-16 08:12:12,3733.82,2.926e-05
2024-03-16 08:12:24,3734.6,2.925e-05
2024-03-16 08:12:36,3733.87,2.925e-05
2024-03-16 08:12:48,3734.59,2.925e-05
2024-03-16 08:13:00,3734.59,2.925e-05
2024-03-16 08:13:12,3733.77,2.926e-05
2024-03-16 08:13:24,3732.61,2.924e-05
2024-03-16 08:13:36,3733.39,2.924e-05
2024-03-16 08:13:48,3734.12,2.924e-05
2024-03-16 08:14:00,3734.42,2.926e-05
2024-03-16 08:14:12,3734.2,2.926e-05
2024-03-16 08:14:24,3734.33,2.925e-05
2024-03-16 08:14:36,3734.42,2.926e-05
2024-03-16 08:14:48,3735.12,2.926e-05
2024-03-16 08:15:00,3736.78,2.928e-05
2024-03-16 08:15:12,3737.03,2.926e-05
2024-03-16 08:15:24,3736.7,2.925e-05
2024-03-16 08:15:36,3735.4,2.923e-05
2024-03-16 08:15:48,3733.01,2.918e-05
2024-03-16 08:16:00,3731.0,2.916e-05
2024-03-16 08:16:12,3730.62,2.916e-05
2024-03-16 08:16:24,3729.67,2.914e-05
2024-03-16 08:16:36,3730.0,2.915e-05
2024-03-16 08:16:48,3729.0,2.912e-05
2024-03-16 08:17:00,3730.32,2.915e-05
2024-03-16 08:17:12,3729.44,2.912e-05
2024-03-16 08:17:24,3728.92,2.911e-05
2024-03-16 08:17:36,3728.0,2.91e-05
2024-03-16 08:17:48,3728.6,2.911e-05
2024-03-16 08:18:00,3728.59,2.912e-05
2024-03-16 08:18:12,3729.0,2.912e-05
2024-03-16 08:18:24,3729.0,2.913e-05
2024-03-16 08:18:36,3729.39,2.914e-05
2024-03-16 08:18:48,3729.39,2.913e-05
2024-03-16 08:19:00,3728.52,2.912e-05
2024-03-16 08:19:12,3728.5,2.912e-05
2024-03-16 08:19:24,3727.83,2.912e-05
2024-03-16 08:19:36,3728.02,2.912e-05
2024-03-16 08:19:48,3727.91,2.914e-05
2024-03-16 08:20:00,3728.97,2.917e-05
2024-03-16 08:20:12,3728.54,2.914e-05
2024-03-16 08:20:24,3728.53,2.914e-05
2024-03-16 08:20:36,3728.09,2.913e-05
2024-03-16 08:20:48,3727.34,2.913e-05
2024-03-16 08:21:00,3728.38,2.914e-05
2024-03-16 08:21:12,3726.94,2.912e-05
2024-03-16 08:21:24,3727.12,2.912e-05
2024-03-16 08:21:36,3727.59,2.912e-05
2024-03-16 08:21:48,3727.51,2.91e-05
2024-03-16 08:22:00,3727.21,2.91e-05
2024-03-16 08:22:12,3726.64,2.907e-05
2024-03-16 08:22:24,3727.59,2.908e-05
2024-03-16 08:22:36,3726.81,2.906e-05
2024-03-16 08:22:48,3727.22,2.906e-05
2024-03-16 08:23:00,3727.21,2.906e-05
2024-03-16 08:23:12,3727.15,2.907e-05
2024-03-16 08:23:24,3727.67,2.907e-05
2024-03-16 08:23:36,3726.6,2.908e-05
2024-03-16 08:23:48,3726.52,2.907e-05
2024-03-16 08:24:00,3727.3,2.909e-05
2024-03-16 08:24:12,3728.1,2.91e-05
2024-03-16 08:24:24,3728.1,2.91e-05
2024-03-16 08:24:36,3728.1,2.91e-05
2024-03-16 08:24:48,3728.1,2.911e-05
2024-03-16 08:25:00,3728.1,2.91e-05
2024-03-16 08:25:12,3728.1,2.91e-05
2024-03-16 08:25:24,3727.13,2.907e-05
2024-03-16 08:25:36,3727.94,2.908e-05
2024-03-16 08:25:48,3729.98,2.911e-05
2024-03-16 08:26:00,3730.74,2.912e-05
2024-03-16 08:26:12,3731.96,2.916e-05
2024-03-16 08:26:24,3731.61,2.914e-05
2024-03-16 08:26:36,3732.43,2.916e-05
2024-03-16 08:26:48,3732.94,2.916e-05
2024-03-16 08:27:00,3732.72,2.916e-05
2024-03-16 08:27:12,3732.34,2.917e-05
2024-03-16 08:27:24,3732.35,2.915e-05
2024-03-16 08:27:36,3731.41,2.913e-05
2024-03-16 08:27:48,3731.95,2.912e-05
2024-03-16 08:28:00,3733.0,2.915e-05
2024-03-16 08:28:12,3733.78,2.918e-05
2024-03-16 08:28:24,3733.78,2.918e-05
2024-03-16 08:28:36,3734.2,2.918e-05
2024-03-16 08:28:48,3735.32,2.918e-05
2024-03-16 08:29:00,3734.59,2.918e-05
2024-03-16 08:29:12,3731.8,2.915e-05
2024-03-16 08:29:24,3727.95,2.91e-05
2024-03-16 08:29:36,3727.4,2.91e-05
2024-03-16 08:29:48,3727.05,2.91e-05
2024-03-16 08:30:00,3727.37,2.912e-05
2024-03-16 08:30:12,3726.63,2.91e-05
2024-03-16 08:30:24,3726.24,2.908e-05
2024-03-16 08:30:36,3724.29,2.906e-05
2024-03-16 08:30:48,3724.84,2.906e-05
2024-03-16 08:31:00,3724.84,2.907e-05
2024-03-16 08:31:12,3726.19,2.911e-05
2024-03-16 08:31:24,3728.91,2.915e-05
2024-03-16 08:31:36,3729.55,2.916e-05
2024-03-16 08:31:48,3730.76,2.921e-05
2024-03-16 08:32:00,3730.77,2.922e-05
2024-03-16 08:32:12,3732.11,2.922e-05
2024-03-16 08:32:24,3733.48,2.923e-05
2024-03-16 08:32:36,3734.2,2.923e-05
2024-03-16 08:32:48,3733.48,2.921e-05
2024-03-16 08:33:00,3733.23,2.922e-05
2024-03-16 08:33:12,3732.05,2.918e-05
2024-03-16 08:33:24,3732.95,2.919e-05
2024-03-16 08:33:36,3732.96,2.921e-05
2024-03-16 08:33:48,3733.97,2.92e-05
2024-03-16 08:34:00,3734.01,2.921e-05
2024-03-16 08:34:12,3732.67,2.918e-05
2024-03-16 08:34:24,3733.38,2.92e-05
2024-03-16 08:34:36,3733.8,2.92e-05
2024-03-16 08:34:48,3733.8,2.92e-05
2024-03-16 08:35:00,3733.96,2.921e-05
2024-03-16 08:35:12,3734.37,2.923e-05
2024-03-16 08:35:24,3735.99,2.924e-05
2024-03-16 08:35:36,3737.39,2.924e-05
2024-03-16 08:35:48,3737.72,2.925e-05
2024-03-16 08:36:00,3735.8,2.923e-05
2024-03-16 08:36:12,3736.42,2.923e-05
2024-03-16 08:36:24,3736.86,2.924e-05
2024-03-16 08:36:36,3736.99,2.925e-05
2024-03-16 08:36:48,3736.97,2.924e-05
2024-03-16 08:37:00,3736.32,2.925e-05
2024-03-16 08:37:12,3735.39,2.923e-05
2024-03-16 08:37:24,3734.61,2.923e-05
2024-03-16 08:37:36,3735.01,2.923e-05
2024-03-16 08:37:48,3735.21,2.924e-05
2024-03-16 08:38:00,3736.2,2.926e-05
2024-03-16 08:38:12,3736.86,2.926e-05
2024-03-16 08:38:24,3736.86,2.925e-05
2024-03-16 08:38:36,3737.6,2.926e-05
2024-03-16 08:38:48,3737.61,2.927e-05
2024-03-16 08:39:00,3737.61,2.929e-05
2024-03-16 08:39:12,3737.61,2.928e-05
2024-03-16 08:39:24,3736.94,2.927e-05
2024-03-16 08:39:36,3737.39,2.927e-05
2024-03-16 08:39:48,3737.39,2.928e-05
2024-03-16 08:40:00,3738.03,2.927e-05
2024-03-16 08:40:12,3737.59,2.927e-05
2024-03-16 08:40:24,3737.45,2.927e-05
2024-03-16 08:40:36,3737.46,2.925e-05
2024-03-16 08:40:48,3738.0,2.927e-05
2024-03-16 08:41:00,3738.0,2.926e-05
2024-03-16 08:41:12,3737.67,2.927e-05
2024-03-16 08:41:24,3737.68,2.925e-05
2024-03-16 08:41:36,3737.61,2.926e-05
2024-03-16 08:41:48,3737.6,2.925e-05
2024-03-16 08:42:00,3736.66,2.925e-05
2024-03-16 08:42:12,3736.66,2.925e-05
2024-03-16 08:42:24,3737.51,2.926e-05
2024-03-16 08:42:36,3737.5,2.928e-05
2024-03-16 08:42:48,3737.59,2.929e-05
2024-03-16 08:43:00,3737.94,2.93e-05
2024-03-16 08:43:12,3738.09,2.93e-05
2024-03-16 08:43:24,3737.54,2.928e-05
2024-03-16 08:43:36,3736.67,2.927e-05
2024-03-16 08:43:48,3735.91,2.927e-05
2024-03-16 08:44:00,3734.66,2.925e-05
2024-03-16 08:44:12,3735.56,2.926e-05
2024-03-16 08:44:24,3735.3,2.927e-05
2024-03-16 08:44:36,3735.31,2.927e-05
2024-03-16 08:44:48,3735.3,2.927e-05
2024-03-16 08:45:00,3735.45,2.927e-05
2024-03-16 08:45:12,3734.61,2.926e-05
2024-03-16 08:45:24,3733.84,2.923e-05
2024-03-16 08:45:36,3733.84,2.925e-05
2024-03-16 08:45:48,3733.84,2.924e-05
2024-03-16 08:46:00,3733.01,2.924e-05
2024-03-16 08:46:12,3730.41,2.917e-05
2024-03-16 08:46:24,3728.59,2.917e-05
2024-03-16 08:46:36,3727.41,2.917e-05
2024-03-16 08:46:48,3727.75,2.916e-05
2024-03-16 08:47:00,3728.28,2.916e-05
2024-03-16 08:47:12,3727.06,2.914e-05
2024-03-16 08:47:24,3727.06,2.915e-05
2024-03-16 08:47:36,3726.45,2.914e-05
2024-03-16 08:47:48,3726.2,2.914e-05
2024-03-16 08:48:00,3727.38,2.916e-05
2024-03-16 08:48:12,3726.31,2.913e-05
2024-03-16 08:48:24,3726.5,2.914e-05
2024-03-16 08:48:36,3725.46,2.911e-05
2024-03-16 08:48:48,3726.6,2.912e-05
2024-03-16 08:49:00,3725.81,2.911e-05
2024-03-16 08:49:12,3726.07,2.913e-05
2024-03-16 08:49:24,3727.38,2.914e-05
2024-03-16 08:49:36,3729.22,2.917e-05
2024-03-16 08:49:48,3727.95,2.915e-05
2024-03-16 08:50:00,3727.85,2.915e-05
2024-03-16 08:50:12,3726.0,2.911e-05
2024-03-16 08:50:24,3725.0,2.912e-05
2024-03-16 08:50:36,3725.42,2.913e-05
2024-03-16 08:50:48,3723.27,2.912e-05
2024-03-16 08:51:00,3725.92,2.914e-05
2024-03-16 08:51:12,3725.0,2.913e-05
2024-03-16 08:51:24,3723.09,2.911e-05
2024-03-16 08:51:36,3724.0,2.912e-05
2024-03-16 08:51:48,3723.2,2.913e-05
2024-03-16 08:52:00,3722.93,2.912e-05
2024-03-16 08:52:12,3724.6,2.914e-05
2024-03-16 08:52:24,3725.87,2.915e-05
2024-03-16 08:52:36,3726.02,2.917e-05
2024-03-16 08:52:48,3726.2,2.916e-05
2024-03-16 08:53:00,3725.8,2.916e-05
2024-03-16 08:53:12,3724.2,2.913e-05
2024-03-16 08:53:24,3723.4,2.913e-05
2024-03-16 08:53:36,3722.7,2.912e-05
2024-03-16 08:53:48,3723.79,2.914e-05
2024-03-16 08:54:00,3723.53,2.913e-05
2024-03-16 08:54:12,3722.8,2.912e-05
2024-03-16 08:54:24,3723.39,2.912e-05
2024-03-16 08:54:36,3725.09,2.915e-05
2024-03-16 08:54:48,3724.18,2.914e-05
2024-03-16 08:55:00,3724.2,2.913e-05
2024-03-16 08:55:12,3723.53,2.912e-05
2024-03-16 08:55:24,3722.45,2.914e-05
2024-03-16 08:55:36,3721.22,2.913e-05
2024-03-16 08:55:48,3720.49,2.912e-05
2024-03-16 08:56:00,3718.79,2.91e-05
2024-03-16 08:56:12,3717.93,2.91e-05
2024-03-16 08:56:24,3718.58,2.912e-05
2024-03-16 08:56:36,3719.8,2.915e-05
2024-03-16 08:56:48,3718.58,2.913e-05
2024-03-16 08:57:00,3716.6,2.91e-05
2024-03-16 08:57:12,3715.38,2.908e-05
2024-03-16 08:57:24,3714.25,2.908e-05
2024-03-16 08:57:36,3715.01,2.907e-05
2024-03-16 08:57:48,3713.99,2.905e-05
2024-03-16 08:58:00,3715.71,2.908e-05
2024-03-16 08:58:12,3716.2,2.908e-05
2024-03-16 08:58:24,3716.79,2.908e-05
2024-03-16 08:58:36,3717.76,2.911e-05
2024-03-16 08:58:48,3718.73,2.913e-05
2024-03-16 08:59:00,3719.2,2.913e-05
2024-03-16 08:59:12,3719.0,2.912e-05
2024-03-16 08:59:24,3720.18,2.913e-05
2024-03-16 08:59:36,3719.08,2.91e-05
2024-03-16 08:59:48,3718.03,2.91e-05
2024-03-16 09:00:00,3718.25,2.909e-05
