time,price_A,price_B
2024-11-15 09:00:00,3069.95,2.389e-05
2024-11-15 09:00:12,3070.19,2.387e-05
2024-11-15 09:00:24,3069.5,2.388e-05
2024-11-15 09:00:36,3069.49,2.389e-05
2024-11-15 09:00:48,3070.54,2.391e-05
2024-11-15 09:01:00,3071.5,2.391e-05
2024-11-15 09:01:12,3071.04,2.391e-05
2024-11-15 09:01:24,3070.32,2.389e-05
2024-11-15 09:01:36,3070.01,2.388e-05
2024-11-15 09:01:48,3070.0,2.388e-05
2024-11-15 09:02:00,3069.79,2.387e-05
2024-11-15 09:02:12,3069.53,2.386e-05
2024-11-15 09:02:24,3072.28,2.391e-05
2024-11-15 09:02:36,3074.39,2.393e-05
2024-11-15 09:02:48,3077.4,2.394e-05
2024-11-15 09:03:00,3077.4,2.394e-05
2024-11-15 09:03:12,3077.61,2.396e-05
2024-11-15 09:03:24,3076.24,2.395e-05
2024-11-15 09:03:36,3074.63,2.394e-05
2024-11-15 09:03:48,3075.07,2.391e-05
2024-11-15 09:04:00,3075.14,2.392e-05
2024-11-15 09:04:12,3077.06,2.393e-05
2024-11-15 09:04:24,3078.0,2.394e-05
2024-11-15 09:04:36,3081.65,2.396e-05
2024-11-15 09:04:48,3079.4,2.395e-05
2024-11-15 09:05:00,3078.13,2.394e-05
2024-11-15 09:05:12,3078.4,2.393e-05
2024-11-15 09:05:24,3078.9,2.396e-05
2024-11-15 09:05:36,3077.37,2.393e-05
2024-11-15 09:05:48,3078.68,2.395e-05
2024-11-15 09:06:00,3079.19,2.395e-05
2024-11-15 09:06:12,3079.65,2.394e-05
2024-11-15 09:06:24,3080.0,2.395e-05
2024-11-15 09:06:36,3080.99,2.397e-05
2024-11-15 09:06:48,3084.8,2.399e-05
2024-11-15 09:07:00,3086.75,2.402e-05
2024-11-15 09:07:12,3087.79,2.403e-05
2024-11-15 09:07:24,3087.2,2.406e-05
2024-11-15 09:07:36,3089.39,2.406e-05
2024-11-15 09:07:48,3090.99,2.407e-05
2024-11-15 09:08:00,3091.39,2.409e-05
2024-11-15 09:08:12,3094.29,2.412e-05
2024-11-15 09:08:24,3093.38,2.413e-05
2024-11-15 09:08:36,3093.91,2.414e-05
2024-11-15 09:08:48,3094.14,2.415e-05
2024-11-15 09:09:00,3092.15,2.413e-05
2024-11-15 09:09:12,3088.84,2.408e-05
2024-11-15 09:09:24,3090.59,2.41e-05
2024-11-15 09:09:36,3088.08,2.411e-05
2024-11-15 09:09:48,3087.41,2.411e-05
2024-11-15 09:10:00,3086.89,2.409e-05
2024-11-15 09:10:12,3086.16,2.407e-05
2024-11-15 09:10:24,3085.0,2.404e-05
2024-11-15 09:10:36,3082.29,2.399e-05
2024-11-15 09:10:48,3083.79,2.403e-05
2024-11-15 09:11:00,3085.75,2.403e-05
2024-11-15 09:11:12,3087.21,2.407e-05
2024-11-15 09:11:24,3087.2,2.408e-05
2024-11-15 09:11:36,3089.94,2.411e-05
2024-11-15 09:11:48,3092.3,2.41e-05
2024-11-15 09:12:00,3093.6,2.412e-05
2024-11-15 09:12:12,3092.21,2.409e-05
2024-11-15 09:12:24,3091.04,2.408e-05
2024-11-15 09:12:36,3091.6,2.408e-05
2024-11-15 09:12:48,3092.45,2.409e-05
2024-11-15 09:13:00,3093.02,2.409e-05
2024-11-15 09:13:12,3094.63,2.411e-05
2024-11-15 09:13:24,3093.65,2.411e-05
2024-11-15 09:13:36,3093.01,2.41e-05
2024-11-15 09:13:48,3093.01,2.41e-05
2024-11-15 09:14:00,3093.74,2.415e-05
2024-11-15 09:14:12,3093.0,2.416e-05
2024-11-15 09:14:24,3089.12,2.414e-05
2024-11-15 09:14:36,3089.0,2.416e-05
2024-11-15 09:14:48,3091.47,2.417e-05
2024-11-15 09:15:00,3091.38,2.417e-05
2024-11-15 09:15:12,3092.09,2.418e-05
2024-11-15 09:15:24,3094.21,2.419e-05
2024-11-15 09:15:36,3095.34,2.419e-05
2024-11-15 09:15:48,3094.79,2.419e-05
2024-11-15 09:16:00,3092.61,2.415e-05
2024-11-15 09:16:12,3090.81,2.411e-05
2024-11-15 09:16:24,3091.01,2.411e-05
2024-11-15 09:16:36,3090.0,2.409e-05
2024-11-15 09:16:48,3088.0,2.406e-05
2024-11-15 09:17:00,3086.59,2.405e-05
2024-11-15 09:17:12,3089.45,2.409e-05
2024-11-15 09:17:24,3089.5,2.408e-05
2024-11-15 09:17:36,3088.62,2.409e-05
2024-11-15 09:17:48,3090.5,2.411e-05
2024-11-15 09:18:00,3090.09,2.409e-05
2024-11-15 09:18:12,3091.69,2.413e-05
2024-11-15 09:18:24,3090.93,2.411e-05
2024-11-15 09:18:36,3091.91,2.413e-05
2024-11-15 09:18:48,3092.41,2.412e-05
2024-11-15 09:19:00,3090.73,2.412e-05
2024-11-15 09:19:12,3092.85,2.416e-05
2024-11-15 09:19:24,3092.1,2.414e-05
2024-11-15 09:19:36,3092.06,2.415e-05
2024-11-15 09:19:48,3091.01,2.413e-05
2024-11-15 09:20:00,3090.01,2.413e-05
2024-11-15 09:20:12,3089.0,2.412e-05
2024-11-15 09:20:24,3089.1,2.412e-05
2024-11-15 09:20:36,3089.0,2.412e-05
2024-11-15 09:20:48,3089.1,2.412e-05
2024-11-15 09:21:00,3090.18,2.414e-05
2024-11-15 09:21:12,3091.04,2.413e-05
2024-11-15 09:21:24,3092.65,2.415e-05
2024-11-15 09:21:36,3093.48,2.417e-05
2024-11-15 09:21:48,3094.95,2.417e-05
2024-11-15 09:22:00,3095.86,2.418e-05
2024-11-15 09:22:12,3094.69,2.416e-05
2024-11-15 09:22:24,3093.74,2.415e-05
2024-11-15 09:22:36,3093.52,2.417e-05
2024-11-15 09:22:48,3094.6,2.419e-05
2024-11-15 09:23:00,3094.99,2.42e-05
2024-11-15 09:23:12,3095.45,2.42e-05
2024-11-15 09:23:24,3095.13,2.421e-05
2024-11-15 09:23:36,3095.66,2.422e-05
2024-11-15 09:23:48,3097.21,2.422e-05
2024-11-15 09:24:00,3098.35,2.422e-05
2024-11-15 09:24:12,3100.54,2.423e-05
2024-11-15 09:24:24,3102.11,2.424e-05
2024-11-15 09:24:36,3102.03,2.422e-05
2024-11-15 09:24:48,3103.99,2.423e-05
2024-11-15 09:25:00,3104.38,2.421e-05
2024-11-15 09:25:12,3105.41,2.424e-05
2024-11-15 09:25:24,3109.01,2.426e-05
2024-11-15 09:25:36,3109.48,2.426e-05
2024-11-15 09:25:48,3112.2,2.427e-05
2024-11-15 09:26:00,3112.23,2.429e-05
2024-11-15 09:26:12,3113.69,2.43e-05
2024-11-15 09:26:24,3110.01,2.426e-05
2024-11-15 09:26:36,3108.8,2.424e-05
2024-11-15 09:26:48,3110.24,2.425e-05
2024-11-15 09:27:00,3109.8,2.423e-05
2024-11-15 09:27:12,3105.2,2.42e-05
2024-11-15 09:27:24,3105.02,2.42e-05
2024-11-15 09:27:36,3105.6,2.423e-05
2024-11-15 09:27:48,3104.1,2.421e-05
2024-11-15 09:28:00,3105.29,2.422e-05
2024-11-15 09:28:12,3106.68,2.425e-05
2024-11-15 09:28:24,3105.79,2.425e-05
2024-11-15 09:28:36,3105.07,2.426e-05
2024-11-15 09:28:48,3104.52,2.424e-05
2024-11-15 09:29:00,3104.49,2.424e-05
2024-11-15 09:29:12,3105.4,2.426e-05
2024-11-15 09:29:24,3106.98,2.427e-05
2024-11-15 09:29:36,3104.25,2.424e-05
2024-11-15 09:29:48,3103.66,2.423e-05
2024-11-15 09:30:00,3103.63,2.423e-05
2024-11-15 09:30:12,3102.63,2.421e-05
2024-11-15 09:30:24,3102.27,2.419e-05
2024-11-15 09:30:36,3102.01,2.42e-05
2024-11-15 09:30:48,3100.93,2.42e-05
2024-11-15 09:31:00,3100.2,2.42e-05
2024-11-15 09:31:12,3100.97,2.421e-05
2024-11-15 09:31:24,3100.59,2.42e-05
2024-11-15 09:31:36,3101.19,2.422e-05
2024-11-15 09:31:48,3101.19,2.423e-05
2024-11-15 09:32:00,3104.03,2.426e-05
2024-11-15 09:32:12,3104.99,2.428e-05
2024-11-15 09:32:24,3102.61,2.425e-05
2024-11-15 09:32:36,3101.86,2.424e-05
2024-11-15 09:32:48,3102.8,2.422e-05
2024-11-15 09:33:00,3102.07,2.42e-05
2024-11-15 09:33:12,3099.38,2.42e-05
2024-11-15 09:33:24,3098.54,2.419e-05
2024-11-15 09:33:36,3099.52,2.42e-05
2024-11-15 09:33:48,3098.58,2.419e-05
2024-11-15 09:34:00,3098.6,2.418e-05
2024-11-15 09:34:12,3099.12,2.418e-05
2024-11-15 09:34:24,3097.48,2.418e-05
2024-11-15 09:34:36,3097.77,2.418e-05
2024-11-15 09:34:48,3097.11,2.418e-05
2024-11-15 09:35:00,3100.51,2.421e-05
2024-11-15 09:35:12,3103.01,2.423e-05
2024-11-15 09:35:24,3102.0,2.422e-05
2024-11-15 09:35:36,3100.61,2.42e-05
2024-11-15 09:35:48,3102.35,2.422e-05
2024-11-15 09:36:00,3104.36,2.424e-05
2024-11-15 09:36:12,3103.23,2.422e-05
2024-11-15 09:36:24,3101.94,2.42e-05
2024-11-15 09:36:36,3100.66,2.419e-05
2024-11-15 09:36:48,3101.43,2.421e-05
2024-11-15 09:37:00,3102.98,2.421e-05
2024-11-15 09:37:12,3104.19,2.423e-05
2024-11-15 09:37:24,3104.34,2.423e-05
2024-11-15 09:37:36,3103.52,2.42e-05
2024-11-15 09:37:48,3101.53,2.42e-05
2024-11-15 09:38:00,3102.14,2.42e-05
2024-11-15 09:38:12,3101.43,2.42e-05
2024-11-15 09:38:24,3103.39,2.421e-05
2024-11-15 09:38:36,3101.0,2.42e-05
2024-11-15 09:38:48,3099.66,2.419e-05
2024-11-15 09:39:00,3100.02,2.419e-05
2024-11-15 09:39:12,3099.88,2.418e-05
2024-11-15 09:39:24,3098.51,2.415e-05
2024-11-15 09:39:36,3100.12,2.419e-05
2024-11-15 09:39:48,3098.98,2.419e-05
2024-11-15 09:40:00,3098.11,2.418e-05
2024-11-15 09:40:12,3097.53,2.417e-05
2024-11-15 09:40:24,3095.77,2.415e-05
2024-11-15 09:40:36,3094.57,2.412e-05
2024-11-15 09:40:48,3095.76,2.413e-05
2024-11-15 09:41:00,3095.99,2.413e-05
2024-11-15 09:41:12,3095.98,2.412e-05
2024-11-15 09:41:24,3095.19,2.412e-05
2024-11-15 09:41:36,3093.91,2.412e-05
2024-11-15 09:41:48,3095.38,2.414e-05
2024-11-15 09:42:00,3094.95,2.416e-05
2024-11-15 09:42:12,3094.34,2.414e-05
2024-11-15 09:42:24,3096.4,2.415e-05
2024-11-15 09:42:36,3095.2,2.414e-05
2024-11-15 09:42:48,3096.39,2.414e-05
2024-11-15 09:43:00,3097.63,2.415e-05
2024-11-15 09:43:12,3097.94,2.416e-05
2024-11-15 09:43:24,3097.4,2.415e-05
2024-11-15 09:43:36,3096.49,2.414e-05
2024-11-15 09:43:48,3095.58,2.412e-05
2024-11-15 09:44:00,3095.91,2.413e-05
2024-11-15 09:44:12,3094.34,2.412e-05
2024-11-15 09:44:24,3093.51,2.409e-05
2024-11-15 09:44:36,3093.61,2.41e-05
2024-11-15 09:44:48,3093.1,2.409e-05
2024-11-15 09:45:00,3093.6,2.41e-05
2024-11-15 09:45:12,3093.32,2.411e-05
2024-11-15 09:45:24,3094.62,2.413e-05
2024-11-15 09:45:36,3095.14,2.414e-05
2024-11-15 09:45:48,3096.1,2.414e-05
2024-11-15 09:46:00,3095.0,2.415e-05
2024-11-15 09:46:12,3094.28,2.414e-05
2024-11-15 09:46:24,3096.04,2.416e-05
2024-11-15 09:46:36,3094.78,2.414e-05
2024-11-15 09:46:48,3093.47,2.415e-05
2024-11-15 09:47:00,3093.6,2.415e-05
2024-11-15 09:47:12,3095.0,2.419e-05
2024-11-15 09:47:24,3092.01,2.416e-05
2024-11-15 09:47:36,3091.01,2.414e-05
2024-11-15 09:47:48,3090.0,2.412e-05
2024-11-15 09:48:00,3089.75,2.41e-05
2024-11-15 09:48:12,3090.31,2.41e-05
2024-11-15 09:48:24,3089.56,2.41e-05
2024-11-15 09:48:36,3089.24,2.408e-05
2024-11-15 09:48:48,3088.64,2.406e-05
2024-11-15 09:49:00,3089.72,2.407e-05
2024-11-15 09:49:12,3090.0,2.409e-05
2024-11-15 09:49:24,3088.97,2.407e-05
2024-11-15 09:49:36,3088.77,2.407e-05
2024-11-15 09:49:48,3088.25,2.405e-05
2024-11-15 09:50:00,3088.21,2.405e-05
2024-11-15 09:50:12,3087.76,2.407e-05
2024-11-15 09:50:24,3090.29,2.41e-05
2024-11-15 09:50:36,3091.2,2.411e-05
2024-11-15 09:50:48,3090.74,2.41e-05
2024-11-15 09:51:00,3090.46,2.409e-05
2024-11-15 09:51:12,3092.03,2.412e-05
2024-11-15 09:51:24,3092.0,2.412e-05
2024-11-15 09:51:36,3091.62,2.411e-05
2024-11-15 09:51:48,3090.68,2.409e-05
2024-11-15 09:52:00,3092.8,2.411e-05
2024-11-15 09:52:12,3092.16,2.411e-05
2024-11-15 09:52:24,3093.38,2.414e-05
2024-11-15 09:52:36,3093.59,2.412e-05
2024-11-15 09:52:48,3092.66,2.412e-05
2024-11-15 09:53:00,3092.44,2.412e-05
2024-11-15 09:53:12,3092.7,2.412e-05
2024-11-15 09:53:24,3094.0,2.415e-05
2024-11-15 09:53:36,3092.55,2.412e-05
2024-11-15 09:53:48,3093.46,2.414e-05
2024-11-15 09:54:00,3093.17,2.413e-05
2024-11-15 09:54:12,3094.0,2.415e-05
2024-11-15 09:54:24,3096.52,2.415e-05
2024-11-15 09:54:36,3095.29,2.416e-05
2024-11-15 09:54:48,3095.57,2.415e-05
2024-11-15 09:55:00,3095.34,2.416e-05
2024-11-15 09:55:12,3097.54,2.418e-05
2024-11-15 09:55:24,3098.5,2.419e-05
2024-11-15 09:55:36,3098.78,2.42e-05
2024-11-15 09:55:48,3100.41,2.419e-05
2024-11-15 09:56:00,3100.95,2.422e-05
2024-11-15 09:56:12,3100.13,2.421e-05
2024-11-15 09:56:24,3099.91,2.421e-05
2024-11-15 09:56:36,3099.61,2.42e-05
2024-11-15 09:56:48,3098.6,2.418e-05
2024-11-15 09:57:00,3098.33,2.418e-05
2024-11-15 09:57:12,3099.0,2.419e-05
2024-11-15 09:57:24,3098.07,2.418e-05
2024-11-15 09:57:36,3098.49,2.419e-05
2024-11-15 09:57:48,3098.92,2.418e-05
2024-11-15 09:58:00,3099.31,2.418e-05
2024-11-15 09:58:12,3099.38,2.418e-05
2024-11-15 09:58:24,3098.56,2.417e-05
2024-11-15 09:58:36,3098.61,2.417e-05
2024-11-15 09:58:48,3096.62,2.415e-05
2024-11-15 09:59:00,3097.01,2.416e-05
2024-11-15 09:59:12,3096.64,2.415e-05
2024-11-15 09:59:24,3095.71,2.415e-05
2024-11-15 09:59:36,3096.44,2.416e-05
2024-11-15 09:59:48,3096.25,2.415e-05
2024-11-15 10:00:00,3096.25,2.416e-05
2024-11-15 10:00:12,3096.29,2.414e-05
2024-11-15 10:00:24,3095.51,2.412e-05
2024-11-15 10:00:36,3095.92,2.413e-05
2024-11-15 10:00:48,3095.52,2.413e-05
2024-11-15 10:01:00,3093.0,2.408e-05
2024-11-15 10:01:12,3093.47,2.407e-05
2024-11-15 10:01:24,3094.18,2.408e-05
2024-11-15 10:01:36,3094.79,2.409e-05
2024-11-15 10:01:48,3095.34,2.408e-05
2024-11-15 10:02:00,3094.35,2.407e-05
2024-11-15 10:02:12,3092.61,2.406e-05
2024-11-15 10:02:24,3092.01,2.405e-05
2024-11-15 10:02:36,3091.45,2.403e-05
2024-11-15 10:02:48,3089.29,2.403e-05
2024-11-15 10:03:00,3090.15,2.403e-05
2024-11-15 10:03:12,3091.42,2.405e-05
2024-11-15 10:03:24,3091.29,2.404e-05
2024-11-15 10:03:36,3093.0,2.408e-05
2024-11-15 10:03:48,3092.51,2.407e-05
2024-11-15 10:04:00,3092.08,2.406e-05
2024-11-15 10:04:12,3094.11,2.408e-05
2024-11-15 10:04:24,3093.01,2.406e-05
2024-11-15 10:04:36,3092.31,2.405e-05
2024-11-15 10:04:48,3094.37,2.408e-05
2024-11-15 10:05:00,3094.79,2.408e-05
2024-11-15 10:05:12,3095.99,2.411e-05
2024-11-15 10:05:24,3094.8,2.409e-05
2024-11-15 10:05:36,3093.29,2.409e-05
2024-11-15 10:05:48,3094.39,2.411e-05
2024-11-15 10:06:00,3094.62,2.41e-05
2024-11-15 10:06:12,3093.41,2.406e-05
2024-11-15 10:06:24,3094.0,2.409e-05
2024-11-15 10:06:36,3093.51,2.406e-05
2024-11-15 10:06:48,3094.09,2.408e-05
2024-11-15 10:07:00,3093.99,2.408e-05
2024-11-15 10:07:12,3093.21,2.406e-05
2024-11-15 10:07:24,3093.22,2.405e-05
2024-11-15 10:07:36,3091.5,2.404e-05
2024-11-15 10:07:48,3090.09,2.402e-05
2024-11-15 10:08:00,3090.33,2.402e-05
2024-11-15 10:08:12,3089.44,2.403e-05
2024-11-15 10:08:24,3089.45,2.401e-05
2024-11-15 10:08:36,3088.79,2.401e-05
2024-11-15 10:08:48,3088.8,2.4e-05
2024-11-15 10:09:00,3088.97,2.401e-05
2024-11-15 10:09:12,3089.77,2.403e-05
2024-11-15 10:09:24,3090.39,2.402e-05
2024-11-15 10:09:36,3090.46,2.402e-05
2024-11-15 10:09:48,3091.58,2.403e-05
2024-11-15 10:10:00,3092.2,2.404e-05
2024-11-15 10:10:12,3092.18,2.405e-05
2024-11-15 10:10:24,3091.5,2.404e-05
2024-11-15 10:10:36,3091.03,2.401e-05
2024-11-15 10:10:48,3091.13,2.402e-05
2024-11-15 10:11:00,3090.29,2.402e-05
2024-11-15 10:11:12,3089.61,2.401e-05
2024-11-15 10:11:24,3090.08,2.401e-05
2024-11-15 10:11:36,3090.86,2.402e-05
2024-11-15 10:11:48,3089.32,2.401e-05
2024-11-15 10:12:00,3090.79,2.403e-05
2024-11-15 10:12:12,3090.03,2.401e-05
2024-11-15 10:12:24,3091.2,2.402e-05
2024-11-15 10:12:36,3090.56,2.401e-05
2024-11-15 10:12:48,3089.81,2.402e-05
2024-11-15 10:13:00,3091.32,2.403e-05
2024-11-15 10:13:12,3092.4,2.405e-05
2024-11-15 10:13:24,3093.95,2.406e-05
2024-11-15 10:13:36,3093.27,2.407e-05
2024-11-15 10:13:48,3093.63,2.408e-05
2024-11-15 10:14:00,3093.07,2.407e-05
2024-11-15 10:14:12,3093.34,2.407e-05
2024-11-15 10:14:24,3093.89,2.408e-05
2024-11-15 10:14:36,3094.81,2.409e-05
2024-11-15 10:14:48,3094.59,2.409e-05
2024-11-15 10:15:00,3094.2,2.41e-05
2024-11-15 10:15:12,3093.19,2.409e-05
2024-11-15 10:15:24,3091.3,2.406e-05
2024-11-15 10:15:36,3091.8,2.408e-05
2024-11-15 10:15:48,3093.5,2.411e-05
2024-11-15 10:16:00,3094.2,2.41e-05
2024-11-15 10:16:12,3093.51,2.41e-05
2024-11-15 10:16:24,3094.22,2.413e-05
2024-11-15 10:16:36,3094.89,2.415e-05
2024-11-15 10:16:48,3095.44,2.416e-05
2024-11-15 10:17:00,3095.72,2.417e-05
2024-11-15 10:17:12,3095.8,2.423e-05
2024-11-15 10:17:24,3095.47,2.423e-05
2024-11-15 10:17:36,3095.66,2.424e-05
2024-11-15 10:17:48,3095.99,2.425e-05
2024-11-15 10:18:00,3095.51,2.424e-05
2024-11-15 10:18:12,3095.2,2.423e-05
2024-11-15 10:18:24,3095.97,2.422e-05
2024-11-15 10:18:36,3096.45,2.423e-05
2024-11-15 10:18:48,3095.98,2.421e-05
2024-11-15 10:19:00,3096.55,2.422e-05
2024-11-15 10:19:12,3095.98,2.421e-05
2024-11-15 10:19:24,3094.2,2.419e-05
2024-11-15 10:19:36,3095.81,2.419e-05
2024-11-15 10:19:48,3095.6,2.419e-05
2024-11-15 10:20:00,3095.2,2.417e-05
2024-11-15 10:20:12,3093.68,2.414e-05
2024-11-15 10:20:24,3094.16,2.416e-05
2024-11-15 10:20:36,3093.41,2.417e-05
2024-11-15 10:20:48,3094.01,2.415e-05
2024-11-15 10:21:00,3093.42,2.413e-05
2024-11-15 10:21:12,3094.21,2.415e-05
2024-11-15 10:21:24,3094.39,2.415e-05
2024-11-15 10:21:36,3094.61,2.416e-05
2024-11-15 10:21:48,3094.22,2.415e-05
2024-11-15 10:22:00,3094.01,2.415e-05
2024-11-15 10:22:12,3095.4,2.42e-05
2024-11-15 10:22:24,3095.45,2.418e-05
2024-11-15 10:22:36,3096.94,2.42e-05
2024-11-15 10:22:48,3098.6,2.42e-05
2024-11-15 10:23:00,3097.99,2.419e-05
2024-11-15 10:23:12,3100.77,2.42e-05
2024-11-15 10:23:24,3101.99,2.42e-05
2024-11-15 10:23:36,3100.51,2.419e-05
2024-11-15 10:23:48,3100.21,2.417e-05
2024-11-15 10:24:00,3100.19,2.416e-05
2024-11-15 10:24:12,3099.82,2.416e-05
2024-11-15 10:24:24,3099.55,2.415e-05
2024-11-15 10:24:36,3098.05,2.415e-05
2024-11-15 10:24:48,3097.54,2.414e-05
2024-11-15 10:25:00,3098.5,2.414e-05
2024-11-15 10:25:12,3098.46,2.413e-05
2024-11-15 10:25:24,3098.99,2.414e-05
2024-11-15 10:25:36,3099.4,2.414e-05
2024-11-15 10:25:48,3099.41,2.415e-05
2024-11-15 10:26:00,3099.58,2.415e-05
2024-11-15 10:26:12,3099.99,2.415e-05
2024-11-15 10:26:24,3100.96,2.416e-05
2024-11-15 10:26:36,3101.51,2.417e-05
2024-11-15 10:26:48,3101.34,2.419e-05
2024-11-15 10:27:00,3101.62,2.419e-05
2024-11-15 10:27:12,3101.7,2.419e-05
2024-11-15 10:27:24,3103.24,2.422e-05
2024-11-15 10:27:36,3105.84,2.422e-05
2024-11-15 10:27:48,3108.64,2.424e-05
2024-11-15 10:28:00,3108.58,2.424e-05
2024-11-15 10:28:12,3109.3,2.424e-05
2024-11-15 10:28:24,3107.27,2.423e-05
2024-11-15 10:28:36,3108.66,2.426e-05
2024-11-15 10:28:48,3109.0,2.425e-05
2024-11-15 10:29:00,3108.4,2.425e-05
2024-11-15 10:29:12,3107.42,2.426e-05
2024-11-15 10:29:24,3105.81,2.424e-05
2024-11-15 10:29:36,3105.81,2.424e-05
2024-11-15 10:29:48,3105.69,2.425e-05
2024-11-15 10:30:00,3108.63,2.424e-05
2024-11-15 10:30:12,3106.0,2.42e-05
2024-11-15 10:30:24,3103.82,2.418e-05
2024-11-15 10:30:36,3104.97,2.419e-05
2024-11-15 10:30:48,3105.22,2.419e-05
2024-11-15 10:31:00,3103.59,2.418e-05
2024-11-15 10:31:12,3102.8,2.417e-05
2024-11-15 10:31:24,3102.3,2.417e-05
2024-11-15 10:31:36,3098.75,2.413e-05
2024-11-15 10:31:48,3098.76,2.411e-05
2024-11-15 10:32:00,3099.31,2.414e-05
2024-11-15 10:32:12,3099.51,2.411e-05
2024-11-15 10:32:24,3098.2,2.411e-05
2024-11-15 10:32:36,3098.22,2.41e-05
2024-11-15 10:32:48,3098.6,2.41e-05
2024-11-15 10:33:00,3098.41,2.41e-05
2024-11-15 10:33:12,3098.69,2.41e-05
2024-11-15 10:33:24,3100.57,2.411e-05
2024-11-15 10:33:36,3100.79,2.413e-05
2024-11-15 10:33:48,3100.73,2.414e-05
2024-11-15 10:34:00,3101.06,2.413e-05
2024-11-15 10:34:12,3100.98,2.413e-05
2024-11-15 10:34:24,3099.03,2.409e-05
2024-11-15 10:34:36,3099.46,2.404e-05
2024-11-15 10:34:48,3099.7,2.405e-05
2024-11-15 10:35:00,3100.0,2.405e-05
2024-11-15 10:35:12,3099.32,2.405e-05
2024-11-15 10:35:24,3099.22,2.404e-05
2024-11-15 10:35:36,3099.8,2.406e-05
2024-11-15 10:35:48,3099.73,2.405e-05
2024-11-15 10:36:00,3099.28,2.407e-05
2024-11-15 10:36:12,3098.7,2.406e-05
2024-11-15 10:36:24,3096.08,2.402e-05
2024-11-15 10:36:36,3098.0,2.405e-05
2024-11-15 10:36:48,3099.37,2.407e-05
2024-11-15 10:37:00,3099.12,2.406e-05
2024-11-15 10:37:12,3096.6,2.403e-05
2024-11-15 10:37:24,3098.99,2.407e-05
2024-11-15 10:37:36,3098.6,2.408e-05
2024-11-15 10:37:48,3099.06,2.407e-05
2024-11-15 10:38:00,3098.46,2.408e-05
2024-11-15 10:38:12,3099.37,2.406e-05
2024-11-15 10:38:24,3099.5,2.407e-05
2024-11-15 10:38:36,3100.9,2.408e-05
2024-11-15 10:38:48,3101.11,2.407e-05
2024-11-15 10:39:00,3100.01,2.408e-05
2024-11-15 10:39:12,3101.36,2.409e-05
2024-11-15 10:39:24,3101.99,2.41e-05
2024-11-15 10:39:36,3102.49,2.41e-05
2024-11-15 10:39:48,3101.51,2.408e-05
2024-11-15 10:40:00,3100.56,2.408e-05
2024-11-15 10:40:12,3100.84,2.409e-05
2024-11-15 10:40:24,3101.51,2.41e-05
2024-11-15 10:40:36,3101.01,2.409e-05
2024-11-15 10:40:48,3099.5,2.406e-05
2024-11-15 10:41:00,3098.19,2.407e-05
2024-11-15 10:41:12,3096.49,2.403e-05
2024-11-15 10:41:24,3096.91,2.403e-05
2024-11-15 10:41:36,3097.01,2.403e-05
2024-11-15 10:41:48,3098.99,2.405e-05
2024-11-15 10:42:00,3099.72,2.405e-05
2024-11-15 10:42:12,3100.8,2.405e-05
2024-11-15 10:42:24,3099.51,2.405e-05
2024-11-15 10:42:36,3098.84,2.405e-05
2024-11-15 10:42:48,3098.8,2.404e-05
2024-11-15 10:43:00,3098.2,2.404e-05
2024-11-15 10:43:12,3097.98,2.406e-05
2024-11-15 10:43:24,3098.04,2.404e-05
2024-11-15 10:43:36,3097.02,2.403e-05
2024-11-15 10:43:48,3094.62,2.4e-05
2024-11-15 10:44:00,3095.01,2.401e-05
2024-11-15 10:44:12,3093.91,2.4e-05
2024-11-15 10:44:24,3095.69,2.402e-05
2024-11-15 10:44:36,3096.2,2.401e-05
2024-11-15 10:44:48,3096.4,2.403e-05
2024-11-15 10:45:00,3096.04,2.402e-05
2024-11-15 10:45:12,3095.51,2.401e-05
2024-11-15 10:45:24,3096.49,2.403e-05
2024-11-15 10:45:36,3098.22,2.406e-05
2024-11-15 10:45:48,3098.14,2.403e-05
2024-11-15 10:46:00,3097.61,2.405e-05
2024-11-15 10:46:12,3097.64,2.405e-05
2024-11-15 10:46:24,3097.05,2.405e-05
2024-11-15 10:46:36,3098.6,2.406e-05
2024-11-15 10:46:48,3098.89,2.409e-05
2024-11-15 10:47:00,3097.61,2.407e-05
2024-11-15 10:47:12,3097.5,2.407e-05
2024-11-15 10:47:24,3096.49,2.407e-05
2024-11-15 10:47:36,3097.53,2.407e-05
2024-11-15 10:47:48,3097.7,2.407e-05
2024-11-15 10:48:00,3097.35,2.406e-05
2024-11-15 10:48:12,3096.55,2.405e-05
2024-11-15 10:48:24,3097.99,2.407e-05
2024-11-15 10:48:36,3098.5,2.408e-05
2024-11-15 10:48:48,3097.53,2.404e-05
2024-11-15 10:49:00,3098.5,2.406e-05
2024-11-15 10:49:12,3098.72,2.408e-05
2024-11-15 10:49:24,3098.01,2.408e-05
2024-11-15 10:49:36,3097.93,2.409e-05
2024-11-15 10:49:48,3098.37,2.408e-05
2024-11-15 10:50:00,3098.41,2.408e-05
2024-11-15 10:50:12,3099.0,2.408e-05
2024-11-15 10:50:24,3099.27,2.409e-05
2024-11-15 10:50:36,3099.49,2.409e-05
2024-11-15 10:50:48,3099.5,2.409e-05
2024-11-15 10:51:00,3099.19,2.409e-05
2024-11-15 10:51:12,3098.48,2.409e-05
2024-11-15 10:51:24,3098.0,2.409e-05
2024-11-15 10:51:36,3096.94,2.407e-05
2024-11-15 10:51:48,3096.07,2.407e-05
2024-11-15 10:52:00,3095.62,2.408e-05
2024-11-15 10:52:12,3096.49,2.409e-05
2024-11-15 10:52:24,3096.75,2.409e-05
2024-11-15 10:52:36,3096.71,2.411e-05
2024-11-15 10:52:48,3098.5,2.414e-05
2024-11-15 10:53:00,3097.67,2.414e-05
2024-11-15 10:53:12,3096.15,2.414e-05
2024-11-15 10:53:24,3096.18,2.414e-05
2024-11-15 10:53:36,3096.77,2.415e-05
2024-11-15 10:53:48,3097.52,2.414e-05
2024-11-15 10:54:00,3097.79,2.415e-05
2024-11-15 10:54:12,3097.47,2.415e-05
2024-11-15 10:54:24,3096.39,2.412e-05
2024-11-15 10:54:36,3095.01,2.411e-05
2024-11-15 10:54:48,3095.96,2.412e-05
2024-11-15 10:55:00,3097.34,2.413e-05
2024-11-15 10:55:12,3097.96,2.412e-05
2024-11-15 10:55:24,3099.16,2.412e-05
2024-11-15 10:55:36,3098.62,2.412e-05
2024-11-15 10:55:48,3099.19,2.413e-05
2024-11-15 10:56:00,3099.07,2.414e-05
2024-11-15 10:56:12,3099.85,2.415e-05
2024-11-15 10:56:24,3101.31,2.417e-05
2024-11-15 10:56:36,3101.99,2.416e-05
2024-11-15 10:56:48,3102.79,2.416e-05
2024-11-15 10:57:00,3102.8,2.417e-05
2024-11-15 10:57:12,3102.99,2.416e-05
2024-11-15 10:57:24,3102.06,2.416e-05
2024-11-15 10:57:36,3101.2,2.413e-05
2024-11-15 10:57:48,3102.99,2.416e-05
2024-11-15 10:58:00,3101.59,2.414e-05
2024-11-15 10:58:12,3101.01,2.413e-05
2024-11-15 10:58:24,3101.01,2.412e-05
2024-11-15 10:58:36,3100.68,2.411e-05
2024-11-15 10:58:48,3100.51,2.411e-05
2024-11-15 10:59:00,3101.61,2.412e-05
2024-11-15 10:59:12,3101.47,2.411e-05
2024-11-15 10:59:24,3101.01,2.411e-05
2024-11-15 10:59:36,3101.35,2.411e-05
2024-11-15 10:59:48,3100.92,2.411e-05
2024-11-15 11:00:00,3100.8,2.411e-05
2024-11-15 11:00:12,3102.01,2.412e-05
2024-11-15 11:00:24,3101.01,2.412e-05
2024-11-15 11:00:36,3101.48,2.411e-05
2024-11-15 11:00:48,3100.61,2.411e-05
2024-11-15 11:01:00,3100.62,2.411e-05
2024-11-15 11:01:12,3099.21,2.408e-05
2024-11-15 11:01:24,3098.66,2.407e-05
2024-11-15 11:01:36,3097.99,2.408e-05
2024-11-15 11:01:48,3098.59,2.408e-05
2024-11-15 11:02:00,3098.4,2.407e-05
2024-11-15 11:02:12,3097.02,2.406e-05
2024-11-15 11:02:24,3097.39,2.406e-05
2024-11-15 11:02:36,3097.39,2.407e-05
2024-11-15 11:02:48,3098.99,2.41e-05
2024-11-15 11:03:00,3100.0,2.41e-05
2024-11-15 11:03:12,3100.0,2.412e-05
2024-11-15 11:03:24,3101.49,2.415e-05
2024-11-15 11:03:36,3103.57,2.416e-05
2024-11-15 11:03:48,3103.5,2.416e-05
2024-11-15 11:04:00,3104.39,2.416e-05
2024-11-15 11:04:12,3105.63,2.418e-05
2024-11-15 11:04:24,3105.25,2.416e-05
2024-11-15 11:04:36,3103.77,2.417e-05
2024-11-15 11:04:48,3104.4,2.416e-05
2024-11-15 11:05:00,3103.57,2.415e-05
2024-11-15 11:05:12,3101.09,2.412e-05
2024-11-15 11:05:24,3101.0,2.412e-05
2024-11-15 11:05:36,3099.59,2.41e-05
2024-11-15 11:05:48,3096.54,2.406e-05
2024-11-15 11:06:00,3094.73,2.405e-05
2024-11-15 11:06:12,3091.0,2.402e-05
2024-11-15 11:06:24,3091.5,2.402e-05
2024-11-15 11:06:36,3090.18,2.4e-05
2024-11-15 11:06:48,3091.1,2.402e-05
2024-11-15 11:07:00,3090.51,2.401e-05
2024-11-15 11:07:12,3092.49,2.407e-05
2024-11-15 11:07:24,3094.01,2.407e-05
2024-11-15 11:07:36,3096.33,2.409e-05
2024-11-15 11:07:48,3096.65,2.408e-05
2024-11-15 11:08:00,3096.95,2.408e-05
2024-11-15 11:08:12,3098.29,2.409e-05
2024-11-15 11:08:24,3096.61,2.407e-05
2024-11-15 11:08:36,3097.48,2.408e-05
2024-11-15 11:08:48,3098.48,2.409e-05
2024-11-15 11:09:00,3098.49,2.41e-05
2024-11-15 11:09:12,3097.87,2.409e-05
2024-11-15 11:09:24,3097.87,2.41e-05
2024-11-15 11:09:36,3097.56,2.408e-05
2024-11-15 11:09:48,3097.48,2.408e-05
2024-11-15 11:10:00,3097.4,2.408e-05
2024-11-15 11:10:12,3097.39,2.407e-05
2024-11-15 11:10:24,3096.5,2.406e-05
2024-11-15 11:10:36,3096.9,2.407e-05
2024-11-15 11:10:48,3094.72,2.406e-05
2024-11-15 11:11:00,3089.59,2.404e-05
2024-11-15 11:11:12,3090.66,2.404e-05
2024-11-15 11:11:24,3090.4,2.403e-05
2024-11-15 11:11:36,3089.4,2.403e-05
2024-11-15 11:11:48,3088.97,2.403e-05
2024-11-15 11:12:00,3089.39,2.401e-05
2024-11-15 11:12:12,3087.51,2.401e-05
2024-11-15 11:12:24,3087.99,2.401e-05
2024-11-15 11:12:36,3088.92,2.404e-05
2024-11-15 11:12:48,3089.45,2.402e-05
2024-11-15 11:13:00,3089.16,2.403e-05
2024-11-15 11:13:12,3089.13,2.404e-05
2024-11-15 11:13:24,3088.53,2.402e-05
2024-11-15 11:13:36,3086.35,2.401e-05
2024-11-15 11:13:48,3084.77,2.4e-05
2024-11-15 11:14:00,3085.41,2.401e-05
2024-11-15 11:14:12,3085.61,2.401e-05
2024-11-15 11:14:24,3087.78,2.402e-05
2024-11-15 11:14:36,3088.2,2.401e-05
2024-11-15 11:14:48,3088.63,2.4e-05
2024-11-15 11:15:00,3089.04,2.401e-05
2024-11-15 11:15:12,3089.01,2.4e-05
2024-11-15 11:15:24,3091.39,2.402e-05
2024-11-15 11:15:36,3090.92,2.399e-05
2024-11-15 11:15:48,3090.91,2.398e-05
2024-11-15 11:16:00,3090.85,2.396e-05
2024-11-15 11:16:12,3090.36,2.395e-05
2024-11-15 11:16:24,3090.33,2.396e-05
2024-11-15 11:16:36,3089.51,2.395e-05
2024-11-15 11:16:48,3091.51,2.396e-05
2024-11-15 11:17:00,3090.62,2.395e-05
2024-11-15 11:17:12,3092.89,2.399e-05
2024-11-15 11:17:24,3093.47,2.4e-05
2024-11-15 11:17:36,3092.23,2.401e-05
2024-11-15 11:17:48,3093.45,2.4e-05
2024-11-15 11:18:00,3092.52,2.397e-05
2024-11-15 11:18:12,3091.63,2.397e-05
2024-11-15 11:18:24,3091.33,2.398e-05
2024-11-15 11:18:36,3092.42,2.399e-05
2024-11-15 11:18:48,3091.41,2.403e-05
2024-11-15 11:19:00,3092.79,2.405e-05
2024-11-15 11:19:12,3093.09,2.405e-05
2024-11-15 11:19:24,3093.18,2.406e-05
2024-11-15 11:19:36,3092.26,2.404e-05
2024-11-15 11:19:48,3092.03,2.404e-05
2024-11-15 11:20:00,3091.0,2.402e-05
2024-11-15 11:20:12,3092.27,2.403e-05
2024-11-15 11:20:24,3092.79,2.403e-05
2024-11-15 11:20:36,3092.73,2.404e-05
2024-11-15 11:20:48,3092.56,2.403e-05
2024-11-15 11:21:00,3091.6,2.402e-05
2024-11-15 11:21:12,3090.0,2.4e-05
2024-11-15 11:21:24,3088.99,2.399e-05
2024-11-15 11:21:36,3091.0,2.402e-05
2024-11-15 11:21:48,3090.21,2.401e-05
2024-11-15 11:22:00,3090.81,2.403e-05
2024-11-15 11:22:12,3090.43,2.401e-05
2024-11-15 11:22:24,3090.38,2.402e-05
2024-11-15 11:22:36,3091.25,2.406e-05
2024-11-15 11:22:48,3090.99,2.405e-05
2024-11-15 11:23:00,3091.71,2.406e-05
2024-11-15 11:23:12,3092.26,2.408e-05
2024-11-15 11:23:24,3091.12,2.408e-05
2024-11-15 11:23:36,3092.46,2.409e-05
2024-11-15 11:23:48,3090.66,2.408e-05
2024-11-15 11:24:00,3091.22,2.408e-05
2024-11-15 11:24:12,3092.56,2.409e-05
2024-11-15 11:24:24,3093.56,2.41e-05
2024-11-15 11:24:36,3093.77,2.41e-05
2024-11-15 11:24:48,3093.33,2.409e-05
2024-11-15 11:25:00,3093.03,2.408e-05
2024-11-15 11:25:12,3091.6,2.407e-05
2024-11-15 11:25:24,3092.22,2.408e-05
2024-11-15 11:25:36,3090.89,2.405e-05
2024-11-15 11:25:48,3090.0,2.404e-05
2024-11-15 11:26:00,3089.21,2.404e-05
2024-11-15 11:26:12,3089.09,2.403e-05
2024-11-15 11:26:24,3087.6,2.402e-05
2024-11-15 11:26:36,3088.09,2.402e-05
2024-11-15 11:26:48,3087.98,2.402e-05
2024-11-15 11:27:00,3087.5,2.402e-05
2024-11-15 11:27:12,3087.82,2.402e-05
2024-11-15 11:27:24,3088.38,2.403e-05
2024-11-15 11:27:36,3088.8,2.403e-05
2024-11-15 11:27:48,3089.51,2.405e-05
2024-11-15 11:28:00,3089.78,2.404e-05
2024-11-15 11:28:12,3089.88,2.403e-05
2024-11-15 11:28:24,3090.18,2.404e-05
2024-11-15 11:28:36,3090.93,2.404e-05
2024-11-15 11:28:48,3091.19,2.405e-05
2024-11-15 11:29:00,3090.94,2.405e-05
2024-11-15 11:29:12,3091.19,2.408e-05
2024-11-15 11:29:24,3091.86,2.408e-05
2024-11-15 11:29:36,3092.7,2.408e-05
2024-11-15 11:29:48,3093.17,2.409e-05
2024-11-15 11:30:00,3093.16,2.409e-05
2024-11-15 11:30:12,3092.69,2.407e-05
2024-11-15 11:30:24,3094.38,2.409e-05
2024-11-15 11:30:36,3096.4,2.412e-05
2024-11-15 11:30:48,3094.29,2.411e-05
2024-11-15 11:31:00,3095.5,2.411e-05
2024-11-15 11:31:12,3094.41,2.41e-05
2024-11-15 11:31:24,3094.16,2.409e-05
2024-11-15 11:31:36,3093.4,2.408e-05
2024-11-15 11:31:48,3093.78,2.41e-05
2024-11-15 11:32:00,3094.92,2.411e-05
2024-11-15 11:32:12,3093.17,2.408e-05
2024-11-15 11:32:24,3093.98,2.409e-05
2024-11-15 11:32:36,3093.99,2.41e-05
2024-11-15 11:32:48,3094.73,2.412e-05
2024-11-15 11:33:00,3093.84,2.412e-05
2024-11-15 11:33:12,3094.39,2.414e-05
2024-11-15 11:33:24,3094.47,2.415e-05
2024-11-15 11:33:36,3093.75,2.414e-05
2024-11-15 11:33:48,3094.38,2.415e-05
2024-11-15 11:34:00,3095.18,2.414e-05
2024-11-15 11:34:12,3095.39,2.415e-05
2024-11-15 11:34:24,3094.58,2.415e-05
2024-11-15 11:34:36,3095.29,2.417e-05
2024-11-15 11:34:48,3096.02,2.417e-05
2024-11-15 11:35:00,3096.33,2.418e-05
2024-11-15 11:35:12,3097.77,2.421e-05
2024-11-15 11:35:24,3097.51,2.421e-05
2024-11-15 11:35:36,3097.67,2.423e-05
2024-11-15 11:35:48,3097.9,2.423e-05
2024-11-15 11:36:00,3097.99,2.423e-05
2024-11-15 11:36:12,3098.21,2.423e-05
2024-11-15 11:36:24,3099.17,2.424e-05
2024-11-15 11:36:36,3099.81,2.424e-05
2024-11-15 11:36:48,3099.83,2.424e-05
2024-11-15 11:37:00,3100.49,2.425e-05
2024-11-15 11:37:12,3100.49,2.426e-05
2024-11-15 11:37:24,3101.38,2.43e-05
2024-11-15 11:37:36,3102.02,2.432e-05
2024-11-15 11:37:48,3103.37,2.432e-05
2024-11-15 11:38:00,3103.28,2.431e-05
2024-11-15 11:38:12,3103.85,2.429e-05
2024-11-15 11:38:24,3104.0,2.43e-05
2024-11-15 11:38:36,3105.08,2.43e-05
2024-11-15 11:38:48,3103.88,2.428e-05
2024-11-15 11:39:00,3104.44,2.429e-05
2024-11-15 11:39:12,3103.91,2.429e-05
2024-11-15 11:39:24,3102.97,2.428e-05
2024-11-15 11:39:36,3103.58,2.428e-05
2024-11-15 11:39:48,3103.94,2.427e-05
2024-11-15 11:40:00,3103.35,2.425e-05
2024-11-15 11:40:12,3101.81,2.423e-05
2024-11-15 11:40:24,3102.65,2.426e-05
2024-11-15 11:40:36,3102.5,2.426e-05
2024-11-15 11:40:48,3102.99,2.425e-05
2024-11-15 11:41:00,3102.52,2.425e-05
2024-11-15 11:41:12,3102.53,2.425e-05
2024-11-15 11:41:24,3101.0,2.424e-05
2024-11-15 11:41:36,3101.5,2.426e-05
2024-11-15 11:41:48,3102.2,2.425e-05
2024-11-15 11:42:00,3102.03,2.425e-05
2024-11-15 11:42:12,3102.03,2.426e-05
2024-11-15 11:42:24,3102.17,2.425e-05
2024-11-15 11:42:36,3102.03,2.425e-05
2024-11-15 11:42:48,3101.08,2.423e-05
2024-11-15 11:43:00,3101.0,2.422e-05
2024-11-15 11:43:12,3100.79,2.423e-05
2024-11-15 11:43:24,3100.4,2.422e-05
2024-11-15 11:43:36,3100.21,2.421e-05
2024-11-15 11:43:48,3098.67,2.422e-05
2024-11-15 11:44:00,3099.67,2.422e-05
2024-11-15 11:44:12,3099.54,2.422e-05
2024-11-15 11:44:24,3098.54,2.421e-05
2024-11-15 11:44:36,3098.8,2.421e-05
2024-11-15 11:44:48,3099.64,2.421e-05
2024-11-15 11:45:00,3099.64,2.421e-05
2024-11-15 11:45:12,3098.8,2.417e-05
2024-11-15 11:45:24,3099.75,2.419e-05
2024-11-15 11:45:36,3099.65,2.419e-05
2024-11-15 11:45:48,3099.65,2.42e-05
2024-11-15 11:46:00,3101.0,2.42e-05
2024-11-15 11:46:12,3102.59,2.422e-05
2024-11-15 11:46:24,3101.0,2.418e-05
2024-11-15 11:46:36,3100.64,2.419e-05
2024-11-15 11:46:48,3099.6,2.416e-05
2024-11-15 11:47:00,3099.83,2.416e-05
2024-11-15 11:47:12,3098.82,2.416e-05
2024-11-15 11:47:24,3097.13,2.415e-05
2024-11-15 11:47:36,3097.01,2.413e-05
2024-11-15 11:47:48,3097.01,2.413e-05
2024-11-15 11:48:00,3096.59,2.412e-05
2024-11-15 11:48:12,3096.37,2.412e-05
2024-11-15 11:48:24,3096.86,2.413e-05
2024-11-15 11:48:36,3096.98,2.412e-05
2024-11-15 11:48:48,3096.98,2.411e-05
2024-11-15 11:49:00,3096.29,2.411e-05
2024-11-15 11:49:12,3097.0,2.412e-05
2024-11-15 11:49:24,3095.56,2.411e-05
2024-11-15 11:49:36,3096.18,2.411e-05
2024-11-15 11:49:48,3095.9,2.41e-05
2024-11-15 11:50:00,3095.91,2.412e-05
2024-11-15 11:50:12,3097.4,2.413e-05
2024-11-15 11:50:24,3098.79,2.416e-05
2024-11-15 11:50:36,3099.99,2.417e-05
2024-11-15 11:50:48,3100.8,2.418e-05
2024-11-15 11:51:00,3099.77,2.417e-05
2024-11-15 11:51:12,3099.44,2.418e-05
2024-11-15 11:51:24,3098.0,2.417e-05
2024-11-15 11:51:36,3098.4,2.417e-05
2024-11-15 11:51:48,3098.31,2.416e-05
2024-11-15 11:52:00,3098.56,2.416e-05
2024-11-15 11:52:12,3099.49,2.418e-05
2024-11-15 11:52:24,3099.2,2.418e-05
2024-11-15 11:52:36,3099.5,2.419e-05
2024-11-15 11:52:48,3099.99,2.42e-05
2024-11-15 11:53:00,3099.19,2.419e-05
2024-11-15 11:53:12,3100.95,2.423e-05
2024-11-15 11:53:24,3100.94,2.424e-05
2024-11-15 11:53:36,3101.49,2.425e-05
2024-11-15 11:53:48,3102.03,2.426e-05
2024-11-15 11:54:00,3102.04,2.426e-05
2024-11-15 11:54:12,3100.0,2.423e-05
2024-11-15 11:54:24,3100.2,2.423e-05
2024-11-15 11:54:36,3100.0,2.421e-05
2024-11-15 11:54:48,3099.97,2.421e-05
2024-11-15 11:55:00,3099.69,2.421e-05
2024-11-15 11:55:12,3099.98,2.42e-05
2024-11-15 11:55:24,3100.37,2.421e-05
2024-11-15 11:55:36,3101.65,2.421e-05
2024-11-15 11:55:48,3101.34,2.42e-05
2024-11-15 11:56:00,3101.84,2.422e-05
2024-11-15 11:56:12,3103.07,2.421e-05
2024-11-15 11:56:24,3102.6,2.421e-05
2024-11-15 11:56:36,3101.81,2.42e-05
2024-11-15 11:56:48,3101.8,2.42e-05
2024-11-15 11:57:00,3102.12,2.42e-05
2024-11-15 11:57:12,3102.4,2.42e-05
2024-11-15 11:57:24,3103.5,2.421e-05
2024-11-15 11:57:36,3103.65,2.421e-05
2024-11-15 11:57:48,3104.99,2.422e-05
2024-11-15 11:58:00,3104.52,2.422e-05
2024-11-15 11:58:12,3105.18,2.422e-05
2024-11-15 11:58:24,3105.43,2.423e-05
2024-11-15 11:58:36,3104.52,2.424e-05
2024-11-15 11:58:48,3104.52,2.423e-05
2024-11-15 11:59:00,3105.22,2.425e-05
2024-11-15 11:59:12,3105.96,2.425e-05
2024-11-15 11:59:24,3105.02,2.424e-05
2024-11-15 11:59:36,3105.21,2.425e-05
2024-11-15 11:59:48,3105.21,2.424e-05
2024-11-15 12:00:00,3104.29,2.423e-05
2024-11-15 12:00:12,3103.88,2.42e-05
2024-11-15 12:00:24,3102.88,2.42e-05
2024-11-15 12:00:36,3102.17,2.419e-05
2024-11-15 12:00:48,3100.91,2.416e-05
2024-11-15 12:01:00,3101.43,2.418e-05
2024-11-15 12:01:12,3101.24,2.417e-05
2024-11-15 12:01:24,3099.8,2.414e-05
2024-11-15 12:01:36,3096.89,2.411e-05
2024-11-15 12:01:48,3096.0,2.41e-05
2024-11-15 12:02:00,3095.2,2.406e-05
2024-11-15 12:02:12,3097.92,2.411e-05
2024-11-15 12:02:24,3099.0,2.411e-05
2024-11-15 12:02:36,3100.85,2.411e-05
2024-11-15 12:02:48,3101.12,2.415e-05
2024-11-15 12:03:00,3103.69,2.417e-05
2024-11-15 12:03:12,3101.02,2.413e-05
2024-11-15 12:03:24,3103.36,2.419e-05
2024-11-15 12:03:36,3102.61,2.417e-05
2024-11-15 12:03:48,3102.28,2.416e-05
2024-11-15 12:04:00,3103.05,2.418e-05
2024-11-15 12:04:12,3102.19,2.417e-05
2024-11-15 12:04:24,3100.44,2.415e-05
2024-11-15 12:04:36,3099.66,2.413e-05
2024-11-15 12:04:48,3099.98,2.413e-05
2024-11-15 12:05:00,3099.59,2.413e-05
2024-11-15 12:05:12,3099.38,2.413e-05
2024-11-15 12:05:24,3104.39,2.418e-05
2024-11-15 12:05:36,3104.18,2.417e-05
2024-11-15 12:05:48,3105.02,2.42e-05
2024-11-15 12:06:00,3106.9,2.419e-05
2024-11-15 12:06:12,3107.93,2.421e-05
2024-11-15 12:06:24,3108.47,2.422e-05
2024-11-15 12:06:36,3108.5,2.422e-05
2024-11-15 12:06:48,3109.99,2.424e-05
2024-11-15 12:07:00,3108.16,2.422e-05
2024-11-15 12:07:12,3108.94,2.423e-05
2024-11-15 12:07:24,3108.4,2.424e-05
2024-11-15 12:07:36,3105.28,2.42e-05
2024-11-15 12:07:48,3105.16,2.42e-05
2024-11-15 12:08:00,3105.67,2.421e-05
2024-11-15 12:08:12,3105.61,2.422e-05
2024-11-15 12:08:24,3107.02,2.421e-05
2024-11-15 12:08:36,3106.5,2.421e-05
2024-11-15 12:08:48,3106.57,2.422e-05
2024-11-15 12:09:00,3107.99,2.424e-05
2024-11-15 12:09:12,3107.21,2.423e-05
2024-11-15 12:09:24,3106.99,2.422e-05
2024-11-15 12:09:36,3105.61,2.421e-05
2024-11-15 12:09:48,3105.74,2.421e-05
2024-11-15 12:10:00,3106.12,2.421e-05
2024-11-15 12:10:12,3105.29,2.42e-05
2024-11-15 12:10:24,3106.01,2.422e-05
2024-11-15 12:10:36,3107.5,2.424e-05
2024-11-15 12:10:48,3112.8,2.426e-05
2024-11-15 12:11:00,3114.6,2.428e-05
2024-11-15 12:11:12,3116.4,2.432e-05
2024-11-15 12:11:24,3116.29,2.432e-05
2024-11-15 12:11:36,3116.8,2.435e-05
2024-11-15 12:11:48,3117.62,2.437e-05
2024-11-15 12:12:00,3118.19,2.437e-05
2024-11-15 12:12:12,3119.72,2.438e-05
2024-11-15 12:12:24,3120.22,2.436e-05
2024-11-15 12:12:36,3121.75,2.439e-05
2024-11-15 12:12:48,3124.81,2.44e-05
2024-11-15 12:13:00,3125.39,2.441e-05
2024-11-15 12:13:12,3125.22,2.442e-05
2024-11-15 12:13:24,3126.42,2.443e-05
2024-11-15 12:13:36,3126.25,2.445e-05
2024-11-15 12:13:48,3127.49,2.447e-05
2024-11-15 12:14:00,3129.61,2.451e-05
2024-11-15 12:14:12,3130.41,2.452e-05
2024-11-15 12:14:24,3130.01,2.452e-05
2024-11-15 12:14:36,3130.16,2.454e-05
2024-11-15 12:14:48,3129.23,2.454e-05
2024-11-15 12:15:00,3128.25,2.453e-05
2024-11-15 12:15:12,3127.51,2.449e-05
2024-11-15 12:15:24,3124.5,2.447e-05
2024-11-15 12:15:36,3124.2,2.448e-05
2024-11-15 12:15:48,3121.0,2.446e-05
2024-11-15 12:16:00,3120.19,2.446e-05
2024-11-15 12:16:12,3122.18,2.449e-05
2024-11-15 12:16:24,3120.62,2.448e-05
2024-11-15 12:16:36,3119.41,2.445e-05
2024-11-15 12:16:48,3118.48,2.445e-05
2024-11-15 12:17:00,3116.0,2.441e-05
2024-11-15 12:17:12,3116.77,2.442e-05
2024-11-15 12:17:24,3114.09,2.438e-05
2024-11-15 12:17:36,3115.99,2.437e-05
2024-11-15 12:17:48,3115.99,2.439e-05
2024-11-15 12:18:00,3114.07,2.436e-05
2024-11-15 12:18:12,3116.08,2.435e-05
2024-11-15 12:18:24,3114.2,2.436e-05
2024-11-15 12:18:36,3115.79,2.435e-05
2024-11-15 12:18:48,3116.93,2.44e-05
2024-11-15 12:19:00,3116.38,2.439e-05
2024-11-15 12:19:12,3116.0,2.438e-05
2024-11-15 12:19:24,3117.24,2.442e-05
2024-11-15 12:19:36,3115.5,2.439e-05
2024-11-15 12:19:48,3114.36,2.439e-05
2024-11-15 12:20:00,3113.89,2.437e-05
2024-11-15 12:20:12,3112.95,2.435e-05
2024-11-15 12:20:24,3112.29,2.438e-05
2024-11-15 12:20:36,3111.54,2.437e-05
2024-11-15 12:20:48,3111.56,2.437e-05
2024-11-15 12:21:00,3112.15,2.441e-05
2024-11-15 12:21:12,3112.6,2.441e-05
2024-11-15 12:21:24,3112.78,2.442e-05
2024-11-15 12:21:36,3114.27,2.445e-05
2024-11-15 12:21:48,3112.01,2.442e-05
2024-11-15 12:22:00,3109.23,2.438e-05
2024-11-15 12:22:12,3109.21,2.437e-05
2024-11-15 12:22:24,3108.79,2.433e-05
2024-11-15 12:22:36,3109.43,2.433e-05
2024-11-15 12:22:48,3109.86,2.432e-05
2024-11-15 12:23:00,3110.13,2.435e-05
2024-11-15 12:23:12,3109.52,2.434e-05
2024-11-15 12:23:24,3110.0,2.434e-05
2024-11-15 12:23:36,3107.57,2.432e-05
2024-11-15 12:23:48,3107.57,2.43e-05
2024-11-15 12:24:00,3105.4,2.425e-05
2024-11-15 12:24:12,3106.18,2.424e-05
2024-11-15 12:24:24,3103.63,2.422e-05
2024-11-15 12:24:36,3101.57,2.422e-05
2024-11-15 12:24:48,3103.28,2.423e-05
2024-11-15 12:25:00,3103.83,2.424e-05
2024-11-15 12:25:12,3102.01,2.422e-05
2024-11-15 12:25:24,3103.19,2.424e-05
2024-11-15 12:25:36,3103.01,2.427e-05
2024-11-15 12:25:48,3105.79,2.429e-05
2024-11-15 12:26:00,3105.5,2.429e-05
2024-11-15 12:26:12,3107.79,2.429e-05
2024-11-15 12:26:24,3106.21,2.428e-05
2024-11-15 12:26:36,3105.49,2.427e-05
2024-11-15 12:26:48,3104.78,2.425e-05
2024-11-15 12:27:00,3105.39,2.425e-05
2024-11-15 12:27:12,3103.83,2.425e-05
2024-11-15 12:27:24,3103.07,2.423e-05
2024-11-15 12:27:36,3103.16,2.424e-05
2024-11-15 12:27:48,3105.39,2.427e-05
2024-11-15 12:28:00,3104.65,2.426e-05
2024-11-15 12:28:12,3104.9,2.427e-05
2024-11-15 12:28:24,3105.5,2.428e-05
2024-11-15 12:28:36,3105.07,2.43e-05
2024-11-15 12:28:48,3104.51,2.427e-05
2024-11-15 12:29:00,3104.15,2.425e-05
2024-11-15 12:29:12,3102.58,2.425e-05
2024-11-15 12:29:24,3103.8,2.428e-05
2024-11-15 12:29:36,3104.15,2.427e-05
2024-11-15 12:29:48,3106.4,2.43e-05
2024-11-15 12:30:00,3105.4,2.428e-05
2024-11-15 12:30:12,3104.61,2.428e-05
2024-11-15 12:30:24,3103.79,2.427e-05
2024-11-15 12:30:36,3101.66,2.424e-05
2024-11-15 12:30:48,3103.14,2.425e-05
2024-11-15 12:31:00,3103.98,2.424e-05
2024-11-15 12:31:12,3103.16,2.424e-05
2024-11-15 12:31:24,3101.4,2.422e-05
2024-11-15 12:31:36,3099.15,2.42e-05
2024-11-15 12:31:48,3098.5,2.419e-05
2024-11-15 12:32:00,3097.18,2.417e-05
2024-11-15 12:32:12,3095.63,2.417e-05
2024-11-15 12:32:24,3095.63,2.417e-05
2024-11-15 12:32:36,3097.76,2.419e-05
2024-11-15 12:32:48,3097.68,2.42e-05
2024-11-15 12:33:00,3097.13,2.418e-05
2024-11-15 12:33:12,3097.63,2.42e-05
2024-11-15 12:33:24,3099.8,2.421e-05
2024-11-15 12:33:36,3097.74,2.42e-05
2024-11-15 12:33:48,3098.19,2.419e-05
2024-11-15 12:34:00,3095.59,2.417e-05
2024-11-15 12:34:12,3095.18,2.415e-05
2024-11-15 12:34:24,3094.21,2.414e-05
2024-11-15 12:34:36,3095.0,2.414e-05
2024-11-15 12:34:48,3096.79,2.415e-05
2024-11-15 12:35:00,3096.33,2.415e-05
2024-11-15 12:35:12,3096.2,2.417e-05
2024-11-15 12:35:24,3098.2,2.417e-05
2024-11-15 12:35:36,3097.63,2.417e-05
2024-11-15 12:35:48,3097.5,2.417e-05
2024-11-15 12:36:00,3093.8,2.413e-05
2024-11-15 12:36:12,3093.47,2.412e-05
2024-11-15 12:36:24,3093.58,2.41e-05
2024-11-15 12:36:36,3090.01,2.408e-05
2024-11-15 12:36:48,3087.83,2.406e-05
2024-11-15 12:37:00,3088.32,2.406e-05
2024-11-15 12:37:12,3094.63,2.413e-05
2024-11-15 12:37:24,3093.5,2.413e-05
2024-11-15 12:37:36,3094.4,2.416e-05
2024-11-15 12:37:48,3095.77,2.416e-05
2024-11-15 12:38:00,3094.5,2.416e-05
2024-11-15 12:38:12,3095.34,2.417e-05
2024-11-15 12:38:24,3097.39,2.422e-05
2024-11-15 12:38:36,3096.5,2.421e-05
2024-11-15 12:38:48,3096.87,2.42e-05
2024-11-15 12:39:00,3094.61,2.418e-05
2024-11-15 12:39:12,3094.9,2.417e-05
2024-11-15 12:39:24,3095.99,2.418e-05
2024-11-15 12:39:36,3093.61,2.415e-05
2024-11-15 12:39:48,3093.58,2.415e-05
2024-11-15 12:40:00,3094.77,2.417e-05
2024-11-15 12:40:12,3095.5,2.417e-05
2024-11-15 12:40:24,3092.41,2.409e-05
2024-11-15 12:40:36,3091.23,2.409e-05
2024-11-15 12:40:48,3091.42,2.409e-05
2024-11-15 12:41:00,3092.22,2.41e-05
2024-11-15 12:41:12,3091.19,2.411e-05
2024-11-15 12:41:24,3089.7,2.41e-05
2024-11-15 12:41:36,3090.2,2.409e-05
2024-11-15 12:41:48,3090.8,2.41e-05
2024-11-15 12:42:00,3089.71,2.409e-05
2024-11-15 12:42:12,3091.47,2.413e-05
2024-11-15 12:42:24,3090.5,2.412e-05
2024-11-15 12:42:36,3091.68,2.412e-05
2024-11-15 12:42:48,3089.73,2.41e-05
2024-11-15 12:43:00,3089.04,2.409e-05
2024-11-15 12:43:12,3090.08,2.411e-05
2024-11-15 12:43:24,3090.86,2.411e-05
2024-11-15 12:43:36,3091.46,2.411e-05
2024-11-15 12:43:48,3091.51,2.412e-05
2024-11-15 12:44:00,3092.26,2.412e-05
2024-11-15 12:44:12,3092.77,2.414e-05
2024-11-15 12:44:24,3094.2,2.413e-05
2024-11-15 12:44:36,3093.18,2.414e-05
2024-11-15 12:44:48,3093.79,2.413e-05
2024-11-15 12:45:00,3093.78,2.413e-05
2024-11-15 12:45:12,3092.74,2.413e-05
2024-11-15 12:45:24,3092.96,2.414e-05
2024-11-15 12:45:36,3092.87,2.412e-05
2024-11-15 12:45:48,3094.43,2.413e-05
2024-11-15 12:46:00,3095.63,2.414e-05
2024-11-15 12:46:12,3095.96,2.414e-05
2024-11-15 12:46:24,3095.99,2.415e-05
2024-11-15 12:46:36,3096.07,2.415e-05
2024-11-15 12:46:48,3095.99,2.412e-05
2024-11-15 12:47:00,3095.51,2.412e-05
2024-11-15 12:47:12,3096.36,2.413e-05
2024-11-15 12:47:24,3095.48,2.411e-05
2024-11-15 12:47:36,3093.37,2.409e-05
2024-11-15 12:47:48,3093.99,2.409e-05
2024-11-15 12:48:00,3094.99,2.41e-05
2024-11-15 12:48:12,3095.21,2.41e-05
2024-11-15 12:48:24,3095.47,2.411e-05
2024-11-15 12:48:36,3096.5,2.415e-05
2024-11-15 12:48:48,3098.66,2.417e-05
2024-11-15 12:49:00,3098.69,2.416e-05
2024-11-15 12:49:12,3100.94,2.42e-05
2024-11-15 12:49:24,3101.99,2.421e-05
2024-11-15 12:49:36,3101.72,2.42e-05
2024-11-15 12:49:48,3101.12,2.422e-05
2024-11-15 12:50:00,3101.84,2.421e-05
2024-11-15 12:50:12,3101.99,2.42e-05
2024-11-15 12:50:24,3102.7,2.423e-05
2024-11-15 12:50:36,3102.8,2.424e-05
2024-11-15 12:50:48,3103.0,2.425e-05
2024-11-15 12:51:00,3103.37,2.423e-05
2024-11-15 12:51:12,3104.29,2.424e-05
2024-11-15 12:51:24,3104.78,2.42e-05
2024-11-15 12:51:36,3105.47,2.421e-05
2024-11-15 12:51:48,3105.82,2.418e-05
2024-11-15 12:52:00,3105.11,2.417e-05
2024-11-15 12:52:12,3104.86,2.418e-05
2024-11-15 12:52:24,3104.45,2.416e-05
2024-11-15 12:52:36,3104.18,2.416e-05
2024-11-15 12:52:48,3104.23,2.416e-05
2024-11-15 12:53:00,3103.69,2.416e-05
2024-11-15 12:53:12,3102.51,2.413e-05
2024-11-15 12:53:24,3102.22,2.414e-05
2024-11-15 12:53:36,3102.73,2.414e-05
2024-11-15 12:53:48,3101.68,2.413e-05
2024-11-15 12:54:00,3101.01,2.411e-05
2024-11-15 12:54:12,3102.98,2.412e-05
2024-11-15 12:54:24,3104.49,2.415e-05
2024-11-15 12:54:36,3104.12,2.414e-05
2024-11-15 12:54:48,3104.16,2.414e-05
2024-11-15 12:55:00,3103.56,2.413e-05
2024-11-15 12:55:12,3101.51,2.408e-05
2024-11-15 12:55:24,3100.52,2.405e-05
2024-11-15 12:55:36,3099.52,2.404e-05
2024-11-15 12:55:48,3098.67,2.404e-05
2024-11-15 12:56:00,3099.29,2.405e-05
2024-11-15 12:56:12,3100.0,2.405e-05
2024-11-15 12:56:24,3099.62,2.404e-05
2024-11-15 12:56:36,3099.78,2.405e-05
2024-11-15 12:56:48,3101.01,2.407e-05
2024-11-15 12:57:00,3102.01,2.408e-05
2024-11-15 12:57:12,3101.46,2.407e-05
2024-11-15 12:57:24,3102.69,2.41e-05
2024-11-15 12:57:36,3102.38,2.409e-05
2024-11-15 12:57:48,3102.8,2.409e-05
2024-11-15 12:58:00,3103.99,2.411e-05
2024-11-15 12:58:12,3103.99,2.411e-05
2024-11-15 12:58:24,3102.21,2.408e-05
2024-11-15 12:58:36,3103.25,2.411e-05
2024-11-15 12:58:48,3103.1,2.411e-05
2024-11-15 12:59:00,3102.51,2.41e-05
2024-11-15 12:59:12,3103.06,2.411e-05
2024-11-15 12:59:24,3103.96,2.41e-05
2024-11-15 12:59:36,3105.08,2.41e-05
2024-11-15 12:59:48,3104.52,2.411e-05
2024-11-15 13:00:00,3103.67,2.411e-05
2024-11-15 13:00:12,3104.99,2.414e-05
2024-11-15 13:00:24,3107.0,2.415e-05
2024-11-15 13:00:36,3104.59,2.412e-05
2024-11-15 13:00:48,3103.21,2.411e-05
2024-11-15 13:01:00,3101.2,2.409e-05
2024-11-15 13:01:12,3102.89,2.411e-05
2024-11-15 13:01:24,3103.7,2.414e-05
2024-11-15 13:01:36,3104.02,2.414e-05
2024-11-15 13:01:48,3104.52,2.415e-05
2024-11-15 13:02:00,3104.99,2.416e-05
2024-11-15 13:02:12,3106.35,2.418e-05
2024-11-15 13:02:24,3105.21,2.416e-05
2024-11-15 13:02:36,3103.52,2.411e-05
2024-11-15 13:02:48,3103.26,2.41e-05
2024-11-15 13:03:00,3103.63,2.41e-05
2024-11-15 13:03:12,3101.5,2.407e-05
2024-11-15 13:03:24,3099.01,2.404e-05
2024-11-15 13:03:36,3097.25,2.4e-05
2024-11-15 13:03:48,3096.6,2.4e-05
2024-11-15 13:04:00,3097.39,2.402e-05
2024-11-15 13:04:12,3097.1,2.403e-05
2024-11-15 13:04:24,3096.61,2.401e-05
2024-11-15 13:04:36,3095.95,2.402e-05
2024-11-15 13:04:48,3103.12,2.411e-05
2024-11-15 13:05:00,3103.41,2.411e-05
2024-11-15 13:05:12,3102.81,2.409e-05
2024-11-15 13:05:24,3104.99,2.412e-05
2024-11-15 13:05:36,3103.62,2.408e-05
2024-11-15 13:05:48,3102.5,2.408e-05
2024-11-15 13:06:00,3101.74,2.407e-05
2024-11-15 13:06:12,3102.01,2.408e-05
2024-11-15 13:06:24,3103.0,2.41e-05
2024-11-15 13:06:36,3103.86,2.411e-05
2024-11-15 13:06:48,3103.28,2.411e-05
2024-11-15 13:07:00,3104.15,2.412e-05
2024-11-15 13:07:12,3104.68,2.413e-05
2024-11-15 13:07:24,3105.89,2.416e-05
2024-11-15 13:07:36,3106.4,2.418e-05
2024-11-15 13:07:48,3106.85,2.42e-05
2024-11-15 13:08:00,3108.39,2.423e-05
2024-11-15 13:08:12,3111.76,2.423e-05
2024-11-15 13:08:24,3111.16,2.424e-05
2024-11-15 13:08:36,3110.92,2.424e-05
2024-11-15 13:08:48,3110.79,2.425e-05
2024-11-15 13:09:00,3111.41,2.426e-05
2024-11-15 13:09:12,3111.06,2.427e-05
2024-11-15 13:09:24,3111.01,2.426e-05
2024-11-15 13:09:36,3111.9,2.427e-05
2024-11-15 13:09:48,3108.84,2.425e-05
2024-11-15 13:10:00,3108.55,2.425e-05
2024-11-15 13:10:12,3110.99,2.427e-05
2024-11-15 13:10:24,3109.36,2.425e-05
2024-11-15 13:10:36,3109.08,2.423e-05
2024-11-15 13:10:48,3109.55,2.424e-05
2024-11-15 13:11:00,3114.28,2.426e-05
2024-11-15 13:11:12,3111.71,2.424e-05
2024-11-15 13:11:24,3111.5,2.423e-05
2024-11-15 13:11:36,3111.54,2.423e-05
2024-11-15 13:11:48,3111.11,2.421e-05
2024-11-15 13:12:00,3110.31,2.421e-05
2024-11-15 13:12:12,3109.5,2.42e-05
2024-11-15 13:12:24,3109.39,2.421e-05
2024-11-15 13:12:36,3109.15,2.421e-05
2024-11-15 13:12:48,3109.57,2.422e-05
2024-11-15 13:13:00,3108.74,2.424e-05
2024-11-15 13:13:12,3109.23,2.423e-05
2024-11-15 13:13:24,3108.61,2.424e-05
2024-11-15 13:13:36,3109.01,2.424e-05
2024-11-15 13:13:48,3109.49,2.425e-05
2024-11-15 13:14:00,3110.36,2.426e-05
2024-11-15 13:14:12,3110.36,2.427e-05
2024-11-15 13:14:24,3109.36,2.426e-05
2024-11-15 13:14:36,3108.73,2.426e-05
2024-11-15 13:14:48,3108.41,2.425e-05
2024-11-15 13:15:00,3107.55,2.425e-05
2024-11-15 13:15:12,3106.37,2.422e-05
2024-11-15 13:15:24,3105.7,2.418e-05
2024-11-15 13:15:36,3105.77,2.417e-05
2024-11-15 13:15:48,3106.55,2.42e-05
2024-11-15 13:16:00,3106.5,2.419e-05
2024-11-15 13:16:12,3106.08,2.417e-05
2024-11-15 13:16:24,3106.71,2.417e-05
2024-11-15 13:16:36,3106.68,2.415e-05
2024-11-15 13:16:48,3106.7,2.416e-05
2024-11-15 13:17:00,3107.54,2.415e-05
2024-11-15 13:17:12,3107.18,2.416e-05
2024-11-15 13:17:24,3108.79,2.418e-05
2024-11-15 13:17:36,3108.31,2.417e-05
2024-11-15 13:17:48,3108.05,2.418e-05
2024-11-15 13:18:00,3108.25,2.417e-05
2024-11-15 13:18:12,3108.93,2.421e-05
2024-11-15 13:18:24,3108.96,2.42e-05
2024-11-15 13:18:36,3109.11,2.418e-05
2024-11-15 13:18:48,3109.11,2.418e-05
2024-11-15 13:19:00,3109.99,2.418e-05
2024-11-15 13:19:12,3108.92,2.414e-05
2024-11-15 13:19:24,3105.6,2.41e-05
2024-11-15 13:19:36,3104.8,2.409e-05
2024-11-15 13:19:48,3103.23,2.408e-05
2024-11-15 13:20:00,3102.31,2.404e-05
2024-11-15 13:20:12,3103.5,2.408e-05
2024-11-15 13:20:24,3106.94,2.413e-05
2024-11-15 13:20:36,3106.5,2.413e-05
2024-11-15 13:20:48,3107.95,2.415e-05
2024-11-15 13:21:00,3106.57,2.414e-05
2024-11-15 13:21:12,3107.79,2.415e-05
2024-11-15 13:21:24,3105.53,2.413e-05
2024-11-15 13:21:36,3105.03,2.412e-05
2024-11-15 13:21:48,3105.8,2.414e-05
2024-11-15 13:22:00,3106.02,2.413e-05
2024-11-15 13:22:12,3104.13,2.412e-05
2024-11-15 13:22:24,3105.81,2.413e-05
2024-11-15 13:22:36,3103.19,2.411e-05
2024-11-15 13:22:48,3103.4,2.411e-05
2024-11-15 13:23:00,3102.7,2.41e-05
2024-11-15 13:23:12,3100.18,2.407e-05
2024-11-15 13:23:24,3101.51,2.411e-05
2024-11-15 13:23:36,3100.38,2.407e-05
2024-11-15 13:23:48,3099.21,2.405e-05
2024-11-15 13:24:00,3098.62,2.403e-05
2024-11-15 13:24:12,3098.2,2.402e-05
2024-11-15 13:24:24,3096.96,2.401e-05
2024-11-15 13:24:36,3096.87,2.402e-05
2024-11-15 13:24:48,3096.49,2.4e-05
2024-11-15 13:25:00,3096.41,2.402e-05
2024-11-15 13:25:12,3096.49,2.399e-05
2024-11-15 13:25:24,3096.01,2.399e-05
2024-11-15 13:25:36,3094.99,2.398e-05
2024-11-15 13:25:48,3095.69,2.401e-05
2024-11-15 13:26:00,3097.47,2.401e-05
2024-11-15 13:26:12,3096.14,2.399e-05
2024-11-15 13:26:24,3097.15,2.401e-05
2024-11-15 13:26:36,3097.45,2.404e-05
2024-11-15 13:26:48,3096.67,2.403e-05
2024-11-15 13:27:00,3095.5,2.404e-05
2024-11-15 13:27:12,3096.43,2.405e-05
2024-11-15 13:27:24,3097.01,2.406e-05
2024-11-15 13:27:36,3096.67,2.407e-05
2024-11-15 13:27:48,3096.67,2.407e-05
2024-11-15 13:28:00,3096.1,2.406e-05
2024-11-15 13:28:12,3096.1,2.405e-05
2024-11-15 13:28:24,3093.92,2.403e-05
2024-11-15 13:28:36,3095.13,2.407e-05
2024-11-15 13:28:48,3096.19,2.41e-05
2024-11-15 13:29:00,3097.68,2.411e-05
2024-11-15 13:29:12,3095.9,2.408e-05
2024-11-15 13:29:24,3096.51,2.408e-05
2024-11-15 13:29:36,3097.19,2.409e-05
2024-11-15 13:29:48,3096.81,2.408e-05
2024-11-15 13:30:00,3096.36,2.409e-05
2024-11-15 13:30:12,3102.5,2.415e-05
2024-11-15 13:30:24,3102.0,2.415e-05
2024-11-15 13:30:36,3098.82,2.41e-05
2024-11-15 13:30:48,3098.98,2.411e-05
2024-11-15 13:31:00,3101.51,2.412e-05
2024-11-15 13:31:12,3102.51,2.412e-05
2024-11-15 13:31:24,3102.75,2.414e-05
2024-11-15 13:31:36,3100.5,2.412e-05
2024-11-15 13:31:48,3098.48,2.411e-05
2024-11-15 13:32:00,3100.89,2.415e-05
2024-11-15 13:32:12,3099.51,2.413e-05
2024-11-15 13:32:24,3100.2,2.414e-05
2024-11-15 13:32:36,3098.73,2.412e-05
2024-11-15 13:32:48,3101.42,2.416e-05
2024-11-15 13:33:00,3101.6,2.418e-05
2024-11-15 13:33:12,3101.68,2.419e-05
2024-11-15 13:33:24,3101.36,2.421e-05
2024-11-15 13:33:36,3101.99,2.421e-05
2024-11-15 13:33:48,3102.02,2.421e-05
2024-11-15 13:34:00,3100.0,2.419e-05
2024-11-15 13:34:12,3099.42,2.415e-05
2024-11-15 13:34:24,3099.5,2.415e-05
2024-11-15 13:34:36,3098.45,2.413e-05
2024-11-15 13:34:48,3098.01,2.412e-05
2024-11-15 13:35:00,3097.81,2.411e-05
2024-11-15 13:35:12,3097.39,2.411e-05
2024-11-15 13:35:24,3097.26,2.411e-05
2024-11-15 13:35:36,3095.5,2.408e-05
2024-11-15 13:35:48,3094.57,2.408e-05
2024-11-15 13:36:00,3094.11,2.409e-05
2024-11-15 13:36:12,3092.78,2.406e-05
2024-11-15 13:36:24,3089.99,2.403e-05
2024-11-15 13:36:36,3088.29,2.4e-05
2024-11-15 13:36:48,3083.5,2.396e-05
2024-11-15 13:37:00,3084.8,2.397e-05
2024-11-15 13:37:12,3085.59,2.4e-05
2024-11-15 13:37:24,3088.5,2.404e-05
2024-11-15 13:37:36,3086.51,2.403e-05
2024-11-15 13:37:48,3084.59,2.402e-05
2024-11-15 13:38:00,3087.01,2.404e-05
2024-11-15 13:38:12,3085.54,2.404e-05
2024-11-15 13:38:24,3087.42,2.406e-05
2024-11-15 13:38:36,3087.52,2.405e-05
2024-11-15 13:38:48,3086.59,2.405e-05
2024-11-15 13:39:00,3086.44,2.405e-05
2024-11-15 13:39:12,3086.9,2.404e-05
2024-11-15 13:39:24,3087.11,2.404e-05
2024-11-15 13:39:36,3086.96,2.403e-05
2024-11-15 13:39:48,3084.8,2.401e-05
2024-11-15 13:40:00,3083.2,2.4e-05
2024-11-15 13:40:12,3083.41,2.4e-05
2024-11-15 13:40:24,3084.95,2.402e-05
2024-11-15 13:40:36,3085.75,2.402e-05
2024-11-15 13:40:48,3085.35,2.402e-05
2024-11-15 13:41:00,3084.69,2.401e-05
2024-11-15 13:41:12,3086.88,2.403e-05
2024-11-15 13:41:24,3088.52,2.406e-05
2024-11-15 13:41:36,3089.35,2.405e-05
2024-11-15 13:41:48,3089.99,2.406e-05
2024-11-15 13:42:00,3090.02,2.405e-05
2024-11-15 13:42:12,3089.7,2.409e-05
2024-11-15 13:42:24,3092.49,2.409e-05
2024-11-15 13:42:36,3091.14,2.408e-05
2024-11-15 13:42:48,3091.28,2.408e-05
2024-11-15 13:43:00,3092.4,2.409e-05
2024-11-15 13:43:12,3095.17,2.414e-05
2024-11-15 13:43:24,3095.3,2.413e-05
2024-11-15 13:43:36,3096.74,2.414e-05
2024-11-15 13:43:48,3095.93,2.413e-05
2024-11-15 13:44:00,3096.55,2.415e-05
2024-11-15 13:44:12,3096.79,2.417e-05
2024-11-15 13:44:24,3097.0,2.416e-05
2024-11-15 13:44:36,3096.94,2.418e-05
2024-11-15 13:44:48,3097.04,2.419e-05
2024-11-15 13:45:00,3098.17,2.419e-05
2024-11-15 13:45:12,3098.5,2.422e-05
2024-11-15 13:45:24,3099.99,2.422e-05
2024-11-15 13:45:36,3098.5,2.422e-05
2024-11-15 13:45:48,3098.01,2.426e-05
2024-11-15 13:46:00,3097.42,2.43e-05
2024-11-15 13:46:12,3100.24,2.432e-05
2024-11-15 13:46:24,3100.97,2.435e-05
2024-11-15 13:46:36,3102.06,2.434e-05
2024-11-15 13:46:48,3101.51,2.43e-05
2024-11-15 13:47:00,3103.4,2.432e-05
2024-11-15 13:47:12,3104.77,2.433e-05
2024-11-15 13:47:24,3103.02,2.431e-05
2024-11-15 13:47:36,3103.95,2.433e-05
2024-11-15 13:47:48,3103.23,2.431e-05
2024-11-15 13:48:00,3103.0,2.428e-05
2024-11-15 13:48:12,3102.95,2.425e-05
2024-11-15 13:48:24,3100.61,2.422e-05
2024-11-15 13:48:36,3098.57,2.421e-05
2024-11-15 13:48:48,3099.43,2.422e-05
2024-11-15 13:49:00,3100.3,2.425e-05
2024-11-15 13:49:12,3100.8,2.425e-05
2024-11-15 13:49:24,3101.4,2.425e-05
2024-11-15 13:49:36,3101.28,2.426e-05
2024-11-15 13:49:48,3103.19,2.429e-05
2024-11-15 13:50:00,3103.19,2.428e-05
2024-11-15 13:50:12,3100.77,2.421e-05
2024-11-15 13:50:24,3099.82,2.422e-05
2024-11-15 13:50:36,3099.74,2.42e-05
2024-11-15 13:50:48,3100.65,2.424e-05
2024-11-15 13:51:00,3102.94,2.434e-05
2024-11-15 13:51:12,3105.01,2.436e-05
2024-11-15 13:51:24,3103.88,2.44e-05
2024-11-15 13:51:36,3101.61,2.438e-05
2024-11-15 13:51:48,3102.27,2.439e-05
2024-11-15 13:52:00,3101.79,2.434e-05
2024-11-15 13:52:12,3101.44,2.435e-05
2024-11-15 13:52:24,3102.92,2.436e-05
2024-11-15 13:52:36,3100.01,2.433e-05
2024-11-15 13:52:48,3100.79,2.43e-05
2024-11-15 13:53:00,3103.34,2.435e-05
2024-11-15 13:53:12,3104.18,2.434e-05
2024-11-15 13:53:24,3104.63,2.437e-05
2024-11-15 13:53:36,3107.09,2.437e-05
2024-11-15 13:53:48,3107.62,2.437e-05
2024-11-15 13:54:00,3107.63,2.436e-05
2024-11-15 13:54:12,3108.0,2.435e-05
2024-11-15 13:54:24,3107.23,2.434e-05
2024-11-15 13:54:36,3105.49,2.432e-05
2024-11-15 13:54:48,3106.04,2.432e-05
2024-11-15 13:55:00,3105.5,2.432e-05
2024-11-15 13:55:12,3103.0,2.427e-05
2024-11-15 13:55:24,3099.07,2.424e-05
2024-11-15 13:55:36,3097.72,2.421e-05
2024-11-15 13:55:48,3097.33,2.422e-05
2024-11-15 13:56:00,3098.93,2.423e-05
2024-11-15 13:56:12,3100.67,2.424e-05
2024-11-15 13:56:24,3102.48,2.426e-05
2024-11-15 13:56:36,3102.65,2.426e-05
2024-11-15 13:56:48,3102.06,2.425e-05
2024-11-15 13:57:00,3101.51,2.424e-05
2024-11-15 13:57:12,3101.66,2.426e-05
2024-11-15 13:57:24,3100.01,2.422e-05
2024-11-15 13:57:36,3100.9,2.423e-05
2024-11-15 13:57:48,3102.0,2.425e-05
2024-11-15 13:58:00,3102.0,2.426e-05
2024-11-15 13:58:12,3102.61,2.425e-05
2024-11-15 13:58:24,3100.68,2.421e-05
2024-11-15 13:58:36,3102.49,2.423e-05
2024-11-15 13:58:48,3102.63,2.423e-05
2024-11-15 13:59:00,3102.99,2.423e-05
2024-11-15 13:59:12,3102.73,2.422e-05
2024-11-15 13:59:24,3101.9,2.422e-05
2024-11-15 13:59:36,3101.64,2.421e-05
2024-11-15 13:59:48,3102.43,2.423e-05
2024-11-15 14:00:00,3102.84,2.422e-05
2024-11-15 14:00:12,3102.43,2.422e-05
2024-11-15 14:00:24,3101.72,2.421e-05
2024-11-15 14:00:36,3102.23,2.421e-05
2024-11-15 14:00:48,3102.3,2.421e-05
2024-11-15 14:01:00,3102.81,2.424e-05
2024-11-15 14:01:12,3100.5,2.421e-05
2024-11-15 14:01:24,3103.91,2.425e-05
2024-11-15 14:01:36,3104.83,2.423e-05
2024-11-15 14:01:48,3104.81,2.422e-05
2024-11-15 14:02:00,3106.0,2.424e-05
2024-11-15 14:02:12,3106.5,2.423e-05
2024-11-15 14:02:24,3103.76,2.419e-05
2024-11-15 14:02:36,3103.73,2.419e-05
2024-11-15 14:02:48,3104.67,2.421e-05
2024-11-15 14:03:00,3104.21,2.42e-05
2024-11-15 14:03:12,3104.24,2.421e-05
2024-11-15 14:03:24,3103.21,2.421e-05
2024-11-15 14:03:36,3103.58,2.424e-05
2024-11-15 14:03:48,3103.21,2.422e-05
2024-11-15 14:04:00,3102.81,2.421e-05
2024-11-15 14:04:12,3098.51,2.417e-05
2024-11-15 14:04:24,3102.0,2.42e-05
2024-11-15 14:04:36,3102.7,2.421e-05
2024-11-15 14:04:48,3102.5,2.421e-05
2024-11-15 14:05:00,3102.72,2.42e-05
2024-11-15 14:05:12,3105.65,2.422e-05
2024-11-15 14:05:24,3105.01,2.42e-05
2024-11-15 14:05:36,3102.77,2.414e-05
2024-11-15 14:05:48,3099.29,2.412e-05
2024-11-15 14:06:00,3096.5,2.408e-05
2024-11-15 14:06:12,3097.84,2.408e-05
2024-11-15 14:06:24,3096.61,2.406e-05
2024-11-15 14:06:36,3096.63,2.405e-05
2024-11-15 14:06:48,3094.13,2.402e-05
2024-11-15 14:07:00,3089.09,2.399e-05
2024-11-15 14:07:12,3090.99,2.4e-05
2024-11-15 14:07:24,3087.43,2.393e-05
2024-11-15 14:07:36,3085.62,2.388e-05
2024-11-15 14:07:48,3086.0,2.389e-05
2024-11-15 14:08:00,3086.5,2.388e-05
2024-11-15 14:08:12,3091.2,2.393e-05
2024-11-15 14:08:24,3090.21,2.392e-05
2024-11-15 14:08:36,3093.5,2.399e-05
2024-11-15 14:08:48,3093.84,2.399e-05
2024-11-15 14:09:00,3093.14,2.399e-05
2024-11-15 14:09:12,3093.22,2.401e-05
2024-11-15 14:09:24,3094.46,2.399e-05
2024-11-15 14:09:36,3094.98,2.401e-05
2024-11-15 14:09:48,3093.47,2.402e-05
2024-11-15 14:10:00,3092.0,2.4e-05
2024-11-15 14:10:12,3091.32,2.399e-05
2024-11-15 14:10:24,3088.3,2.395e-05
2024-11-15 14:10:36,3086.83,2.395e-05
2024-11-15 14:10:48,3087.5,2.394e-05
2024-11-15 14:11:00,3088.89,2.397e-05
2024-11-15 14:11:12,3087.01,2.395e-05
2024-11-15 14:11:24,3087.0,2.394e-05
2024-11-15 14:11:36,3087.33,2.394e-05
2024-11-15 14:11:48,3088.84,2.396e-05
2024-11-15 14:12:00,3088.3,2.393e-05
2024-11-15 14:12:12,3086.55,2.393e-05
2024-11-15 14:12:24,3087.43,2.395e-05
2024-11-15 14:12:36,3087.51,2.394e-05
2024-11-15 14:12:48,3088.19,2.395e-05
2024-11-15 14:13:00,3087.31,2.393e-05
2024-11-15 14:13:12,3085.78,2.392e-05
2024-11-15 14:13:24,3087.78,2.395e-05
2024-11-15 14:13:36,3088.44,2.395e-05
2024-11-15 14:13:48,3088.51,2.394e-05
2024-11-15 14:14:00,3088.31,2.394e-05
2024-11-15 14:14:12,3089.91,2.395e-05
2024-11-15 14:14:24,3090.78,2.397e-05
2024-11-15 14:14:36,3088.8,2.395e-05
2024-11-15 14:14:48,3088.57,2.397e-05
2024-11-15 14:15:00,3089.0,2.397e-05
2024-11-15 14:15:12,3088.53,2.398e-05
2024-11-15 14:15:24,3087.09,2.394e-05
2024-11-15 14:15:36,3090.46,2.4e-05
2024-11-15 14:15:48,3091.41,2.402e-05
2024-11-15 14:16:00,3090.2,2.399e-05
2024-11-15 14:16:12,3090.08,2.399e-05
2024-11-15 14:16:24,3089.61,2.398e-05
2024-11-15 14:16:36,3089.77,2.399e-05
2024-11-15 14:16:48,3088.01,2.397e-05
2024-11-15 14:17:00,3088.02,2.4e-05
2024-11-15 14:17:12,3088.5,2.401e-05
2024-11-15 14:17:24,3087.76,2.4e-05
2024-11-15 14:17:36,3083.67,2.393e-05
2024-11-15 14:17:48,3079.8,2.389e-05
2024-11-15 14:18:00,3080.26,2.392e-05
2024-11-15 14:18:12,3081.2,2.395e-05
2024-11-15 14:18:24,3079.01,2.391e-05
2024-11-15 14:18:36,3078.49,2.391e-05
2024-11-15 14:18:48,3080.67,2.393e-05
2024-11-15 14:19:00,3080.62,2.394e-05
2024-11-15 14:19:12,3081.44,2.394e-05
2024-11-15 14:19:24,3079.5,2.394e-05
2024-11-15 14:19:36,3081.77,2.396e-05
2024-11-15 14:19:48,3080.32,2.394e-05
2024-11-15 14:20:00,3081.49,2.396e-05
2024-11-15 14:20:12,3079.21,2.392e-05
2024-11-15 14:20:24,3080.41,2.392e-05
2024-11-15 14:20:36,3078.7,2.389e-05
2024-11-15 14:20:48,3077.82,2.39e-05
2024-11-15 14:21:00,3077.17,2.39e-05
2024-11-15 14:21:12,3075.52,2.386e-05
2024-11-15 14:21:24,3075.29,2.387e-05
2024-11-15 14:21:36,3073.56,2.383e-05
2024-11-15 14:21:48,3076.99,2.388e-05
2024-11-15 14:22:00,3077.48,2.391e-05
2024-11-15 14:22:12,3077.41,2.391e-05
2024-11-15 14:22:24,3077.33,2.391e-05
2024-11-15 14:22:36,3076.78,2.392e-05
2024-11-15 14:22:48,3075.77,2.39e-05
2024-11-15 14:23:00,3076.27,2.39e-05
2024-11-15 14:23:12,3074.11,2.389e-05
2024-11-15 14:23:24,3071.81,2.386e-05
2024-11-15 14:23:36,3071.08,2.387e-05
2024-11-15 14:23:48,3070.0,2.387e-05
2024-11-15 14:24:00,3074.19,2.39e-05
2024-11-15 14:24:12,3075.16,2.39e-05
2024-11-15 14:24:24,3067.5,2.386e-05
2024-11-15 14:24:36,3067.95,2.386e-05
2024-11-15 14:24:48,3068.39,2.387e-05
2024-11-15 14:25:00,3068.83,2.386e-05
2024-11-15 14:25:12,3072.36,2.389e-05
2024-11-15 14:25:24,3072.81,2.39e-05
2024-11-15 14:25:36,3073.51,2.391e-05
2024-11-15 14:25:48,3072.28,2.39e-05
2024-11-15 14:26:00,3071.69,2.389e-05
2024-11-15 14:26:12,3073.59,2.391e-05
2024-11-15 14:26:24,3070.65,2.386e-05
2024-11-15 14:26:36,3069.74,2.385e-05
2024-11-15 14:26:48,3070.74,2.386e-05
2024-11-15 14:27:00,3072.0,2.384e-05
2024-11-15 14:27:12,3071.0,2.385e-05
2024-11-15 14:27:24,3072.0,2.386e-05
2024-11-15 14:27:36,3072.8,2.385e-05
2024-11-15 14:27:48,3071.57,2.383e-05
2024-11-15 14:28:00,3072.14,2.386e-05
2024-11-15 14:28:12,3070.0,2.385e-05
2024-11-15 14:28:24,3072.22,2.387e-05
2024-11-15 14:28:36,3072.22,2.384e-05
2024-11-15 14:28:48,3072.0,2.383e-05
2024-11-15 14:29:00,3069.11,2.381e-05
2024-11-15 14:29:12,3064.47,2.379e-05
2024-11-15 14:29:24,3067.42,2.379e-05
2024-11-15 14:29:36,3066.01,2.379e-05
2024-11-15 14:29:48,3067.68,2.38e-05
2024-11-15 14:30:00,3069.81,2.381e-05
2024-11-15 14:30:12,3069.99,2.383e-05
2024-11-15 14:30:24,3069.08,2.383e-05
2024-11-15 14:30:36,3068.08,2.383e-05
2024-11-15 14:30:48,3070.01,2.383e-05
2024-11-15 14:31:00,3066.4,2.38e-05
2024-11-15 14:31:12,3067.64,2.383e-05
2024-11-15 14:31:24,3070.78,2.386e-05
2024-11-15 14:31:36,3071.99,2.387e-05
2024-11-15 14:31:48,3069.61,2.386e-05
2024-11-15 14:32:00,3070.04,2.386e-05
2024-11-15 14:32:12,3068.6,2.384e-05
2024-11-15 14:32:24,3067.51,2.384e-05
2024-11-15 14:32:36,3068.99,2.386e-05
2024-11-15 14:32:48,3069.41,2.386e-05
2024-11-15 14:33:00,3069.29,2.385e-05
2024-11-15 14:33:12,3065.38,2.382e-05
2024-11-15 14:33:24,3064.88,2.381e-05
2024-11-15 14:33:36,3064.72,2.381e-05
2024-11-15 14:33:48,3062.31,2.381e-05
2024-11-15 14:34:00,3061.75,2.38e-05
2024-11-15 14:34:12,3061.69,2.38e-05
2024-11-15 14:34:24,3064.72,2.382e-05
2024-11-15 14:34:36,3062.53,2.38e-05
2024-11-15 14:34:48,3061.33,2.377e-05
2024-11-15 14:35:00,3055.77,2.371e-05
2024-11-15 14:35:12,3057.29,2.374e-05
2024-11-15 14:35:24,3051.79,2.368e-05
2024-11-15 14:35:36,3055.26,2.37e-05
2024-11-15 14:35:48,3055.13,2.369e-05
2024-11-15 14:36:00,3055.31,2.369e-05
2024-11-15 14:36:12,3055.64,2.37e-05
2024-11-15 14:36:24,3057.4,2.37e-05
2024-11-15 14:36:36,3054.93,2.368e-05
2024-11-15 14:36:48,3053.23,2.366e-05
2024-11-15 14:37:00,3051.6,2.363e-05
2024-11-15 14:37:12,3055.97,2.368e-05
2024-11-15 14:37:24,3052.37,2.365e-05
2024-11-15 14:37:36,3051.25,2.366e-05
2024-11-15 14:37:48,3049.04,2.363e-05
2024-11-15 14:38:00,3049.5,2.364e-05
2024-11-15 14:38:12,3048.69,2.363e-05
2024-11-15 14:38:24,3051.04,2.368e-05
2024-11-15 14:38:36,3050.37,2.364e-05
2024-11-15 14:38:48,3049.8,2.366e-05
2024-11-15 14:39:00,3049.71,2.367e-05
2024-11-15 14:39:12,3046.74,2.363e-05
2024-11-15 14:39:24,3047.69,2.363e-05
2024-11-15 14:39:36,3045.24,2.361e-05
2024-11-15 14:39:48,3045.58,2.361e-05
2024-11-15 14:40:00,3044.33,2.36e-05
2024-11-15 14:40:12,3045.45,2.362e-05
2024-11-15 14:40:24,3045.01,2.362e-05
2024-11-15 14:40:36,3050.4,2.367e-05
2024-11-15 14:40:48,3051.63,2.37e-05
2024-11-15 14:41:00,3054.36,2.37e-05
2024-11-15 14:41:12,3057.29,2.375e-05
2024-11-15 14:41:24,3057.01,2.373e-05
2024-11-15 14:41:36,3053.19,2.372e-05
2024-11-15 14:41:48,3054.84,2.372e-05
2024-11-15 14:42:00,3055.0,2.372e-05
2024-11-15 14:42:12,3058.8,2.376e-05
2024-11-15 14:42:24,3061.19,2.379e-05
2024-11-15 14:42:36,3062.4,2.38e-05
2024-11-15 14:42:48,3062.54,2.38e-05
2024-11-15 14:43:00,3060.15,2.377e-05
2024-11-15 14:43:12,3058.03,2.374e-05
2024-11-15 14:43:24,3058.85,2.375e-05
2024-11-15 14:43:36,3061.97,2.379e-05
2024-11-15 14:43:48,3060.62,2.378e-05
2024-11-15 14:44:00,3060.6,2.378e-05
2024-11-15 14:44:12,3061.44,2.379e-05
2024-11-15 14:44:24,3062.01,2.378e-05
2024-11-15 14:44:36,3063.14,2.38e-05
2024-11-15 14:44:48,3063.79,2.381e-05
2024-11-15 14:45:00,3065.02,2.381e-05
2024-11-15 14:45:12,3067.33,2.383e-05
2024-11-15 14:45:24,3064.09,2.38e-05
2024-11-15 14:45:36,3063.01,2.377e-05
2024-11-15 14:45:48,3062.41,2.376e-05
2024-11-15 14:46:00,3062.39,2.376e-05
2024-11-15 14:46:12,3062.99,2.377e-05
2024-11-15 14:46:24,3064.61,2.379e-05
2024-11-15 14:46:36,3064.33,2.379e-05
2024-11-15 14:46:48,3069.02,2.383e-05
2024-11-15 14:47:00,3069.19,2.383e-05
2024-11-15 14:47:12,3068.61,2.382e-05
2024-11-15 14:47:24,3068.0,2.381e-05
2024-11-15 14:47:36,3065.7,2.38e-05
2024-11-15 14:47:48,3067.6,2.381e-05
2024-11-15 14:48:00,3075.79,2.385e-05
2024-11-15 14:48:12,3081.99,2.392e-05
2024-11-15 14:48:24,3084.62,2.395e-05
2024-11-15 14:48:36,3083.41,2.396e-05
2024-11-15 14:48:48,3078.6,2.391e-05
2024-11-15 14:49:00,3080.39,2.392e-05
2024-11-15 14:49:12,3080.16,2.393e-05
2024-11-15 14:49:24,3083.0,2.393e-05
2024-11-15 14:49:36,3084.94,2.398e-05
2024-11-15 14:49:48,3083.74,2.399e-05
2024-11-15 14:50:00,3081.19,2.396e-05
2024-11-15 14:50:12,3080.93,2.395e-05
2024-11-15 14:50:24,3079.55,2.394e-05
2024-11-15 14:50:36,3076.5,2.39e-05
2024-11-15 14:50:48,3075.19,2.391e-05
2024-11-15 14:51:00,3074.27,2.389e-05
2024-11-15 14:51:12,3070.0,2.385e-05
2024-11-15 14:51:24,3072.38,2.39e-05
2024-11-15 14:51:36,3074.32,2.391e-05
2024-11-15 14:51:48,3073.78,2.392e-05
2024-11-15 14:52:00,3076.07,2.394e-05
2024-11-15 14:52:12,3076.56,2.394e-05
2024-11-15 14:52:24,3077.38,2.397e-05
2024-11-15 14:52:36,3074.08,2.392e-05
2024-11-15 14:52:48,3071.96,2.391e-05
2024-11-15 14:53:00,3071.49,2.39e-05
2024-11-15 14:53:12,3069.6,2.388e-05
2024-11-15 14:53:24,3070.99,2.39e-05
2024-11-15 14:53:36,3073.33,2.392e-05
2024-11-15 14:53:48,3073.37,2.391e-05
2024-11-15 14:54:00,3073.0,2.39e-05
2024-11-15 14:54:12,3072.01,2.388e-05
2024-11-15 14:54:24,3071.36,2.385e-05
2024-11-15 14:54:36,3069.5,2.382e-05
2024-11-15 14:54:48,3065.56,2.38e-05
2024-11-15 14:55:00,3062.61,2.378e-05
2024-11-15 14:55:12,3061.31,2.375e-05
2024-11-15 14:55:24,3060.69,2.373e-05
2024-11-15 14:55:36,3057.96,2.37e-05
2024-11-15 14:55:48,3059.2,2.37e-05
2024-11-15 14:56:00,3059.37,2.369e-05
2024-11-15 14:56:12,3060.07,2.37e-05
2024-11-15 14:56:24,3062.99,2.373e-05
2024-11-15 14:56:36,3060.42,2.371e-05
2024-11-15 14:56:48,3060.31,2.372e-05
2024-11-15 14:57:00,3060.88,2.372e-05
2024-11-15 14:57:12,3062.99,2.375e-05
2024-11-15 14:57:24,3063.59,2.376e-05
2024-11-15 14:57:36,3065.48,2.378e-05
2024-11-15 14:57:48,3063.0,2.375e-05
2024-11-15 14:58:00,3062.62,2.375e-05
2024-11-15 14:58:12,3061.5,2.373e-05
2024-11-15 14:58:24,3059.08,2.371e-05
2024-11-15 14:58:36,3057.77,2.37e-05
2024-11-15 14:58:48,3056.5,2.369e-05
2024-11-15 14:59:00,3055.97,2.369e-05
2024-11-15 14:59:12,3057.5,2.371e-05
2024-11-15 14:59:24,3055.7,2.369e-05
2024-11-15 14:59:36,3058.16,2.371e-05
2024-11-15 14:59:48,3059.04,2.371e-05
2024-11-15 15:00:00,3059.37,2.369e-05
2024-11-15 15:00:12,3058.49,2.369e-05
2024-11-15 15:00:24,3058.53,2.368e-05
2024-11-15 15:00:36,3053.33,2.362e-05
2024-11-15 15:00:48,3053.29,2.358e-05
2024-11-15 15:01:00,3050.9,2.357e-05
2024-11-15 15:01:12,3049.25,2.352e-05
2024-11-15 15:01:24,3050.02,2.352e-05
2024-11-15 15:01:36,3048.67,2.352e-05
2024-11-15 15:01:48,3046.48,2.348e-05
2024-11-15 15:02:00,3045.67,2.348e-05
2024-11-15 15:02:12,3052.67,2.355e-05
2024-11-15 15:02:24,3053.67,2.357e-05
2024-11-15 15:02:36,3053.28,2.356e-05
2024-11-15 15:02:48,3054.0,2.356e-05
2024-11-15 15:03:00,3053.71,2.355e-05
2024-11-15 15:03:12,3055.78,2.357e-05
2024-11-15 15:03:24,3054.48,2.355e-05
2024-11-15 15:03:36,3052.02,2.351e-05
2024-11-15 15:03:48,3054.01,2.354e-05
2024-11-15 15:04:00,3056.29,2.357e-05
2024-11-15 15:04:12,3059.74,2.36e-05
2024-11-15 15:04:24,3058.52,2.359e-05
2024-11-15 15:04:36,3060.48,2.359e-05
2024-11-15 15:04:48,3056.83,2.355e-05
2024-11-15 15:05:00,3055.48,2.355e-05
2024-11-15 15:05:12,3055.76,2.358e-05
2024-11-15 15:05:24,3054.72,2.355e-05
2024-11-15 15:05:36,3054.05,2.354e-05
2024-11-15 15:05:48,3055.25,2.355e-05
2024-11-15 15:06:00,3055.93,2.356e-05
2024-11-15 15:06:12,3051.5,2.349e-05
2024-11-15 15:06:24,3048.89,2.347e-05
2024-11-15 15:06:36,3050.51,2.349e-05
2024-11-15 15:06:48,3048.24,2.347e-05
2024-11-15 15:07:00,3048.01,2.346e-05
2024-11-15 15:07:12,3046.85,2.343e-05
2024-11-15 15:07:24,3046.3,2.342e-05
2024-11-15 15:07:36,3042.47,2.34e-05
2024-11-15 15:07:48,3045.2,2.343e-05
2024-11-15 15:08:00,3043.67,2.34e-05
2024-11-15 15:08:12,3048.25,2.347e-05
2024-11-15 15:08:24,3047.0,2.345e-05
2024-11-15 15:08:36,3048.67,2.348e-05
2024-11-15 15:08:48,3044.65,2.344e-05
2024-11-15 15:09:00,3043.12,2.341e-05
2024-11-15 15:09:12,3041.62,2.34e-05
2024-11-15 15:09:24,3041.12,2.338e-05
2024-11-15 15:09:36,3040.8,2.339e-05
2024-11-15 15:09:48,3039.13,2.337e-05
2024-11-15 15:10:00,3039.78,2.339e-05
2024-11-15 15:10:12,3041.59,2.339e-05
2024-11-15 15:10:24,3038.33,2.334e-05
2024-11-15 15:10:36,3039.2,2.334e-05
2024-11-15 15:10:48,3038.23,2.332e-05
2024-11-15 15:11:00,3035.71,2.331e-05
2024-11-15 15:11:12,3042.03,2.337e-05
2024-11-15 15:11:24,3043.5,2.339e-05
2024-11-15 15:11:36,3044.51,2.341e-05
2024-11-15 15:11:48,3048.24,2.345e-05
2024-11-15 15:12:00,3045.67,2.342e-05
2024-11-15 15:12:12,3043.61,2.341e-05
2024-11-15 15:12:24,3042.01,2.34e-05
2024-11-15 15:12:36,3040.64,2.339e-05
2024-11-15 15:12:48,3039.51,2.34e-05
2024-11-15 15:13:00,3041.36,2.343e-05
2024-11-15 15:13:12,3041.74,2.344e-05
2024-11-15 15:13:24,3040.52,2.345e-05
2024-11-15 15:13:36,3038.1,2.343e-05
2024-11-15 15:13:48,3037.0,2.341e-05
2024-11-15 15:14:00,3035.56,2.34e-05
2024-11-15 15:14:12,3035.18,2.34e-05
2024-11-15 15:14:24,3036.88,2.343e-05
2024-11-15 15:14:36,3036.19,2.341e-05
2024-11-15 15:14:48,3039.84,2.345e-05
2024-11-15 15:15:00,3041.72,2.345e-05
2024-11-15 15:15:12,3041.5,2.346e-05
2024-11-15 15:15:24,3045.0,2.348e-05
2024-11-15 15:15:36,3043.99,2.347e-05
2024-11-15 15:15:48,3041.64,2.347e-05
2024-11-15 15:16:00,3040.78,2.345e-05
2024-11-15 15:16:12,3034.2,2.34e-05
2024-11-15 15:16:24,3034.27,2.34e-05
2024-11-15 15:16:36,3033.28,2.339e-05
2024-11-15 15:16:48,3034.45,2.34e-05
2024-11-15 15:17:00,3036.29,2.343e-05
2024-11-15 15:17:12,3039.08,2.345e-05
2024-11-15 15:17:24,3035.09,2.341e-05
2024-11-15 15:17:36,3033.16,2.338e-05
2024-11-15 15:17:48,3034.51,2.339e-05
2024-11-15 15:18:00,3035.54,2.34e-05
2024-11-15 15:18:12,3033.61,2.338e-05
2024-11-15 15:18:24,3032.61,2.338e-05
2024-11-15 15:18:36,3033.03,2.338e-05
2024-11-15 15:18:48,3033.8,2.339e-05
2024-11-15 15:19:00,3033.65,2.34e-05
2024-11-15 15:19:12,3037.19,2.34e-05
2024-11-15 15:19:24,3038.01,2.34e-05
2024-11-15 15:19:36,3038.49,2.342e-05
2024-11-15 15:19:48,3035.42,2.337e-05
2024-11-15 15:20:00,3035.89,2.338e-05
2024-11-15 15:20:12,3036.88,2.339e-05
2024-11-15 15:20:24,3034.0,2.336e-05
2024-11-15 15:20:36,3032.2,2.334e-05
2024-11-15 15:20:48,3031.32,2.332e-05
2024-11-15 15:21:00,3032.0,2.328e-05
2024-11-15 15:21:12,3029.1,2.328e-05
2024-11-15 15:21:24,3031.0,2.329e-05
2024-11-15 15:21:36,3030.21,2.326e-05
2024-11-15 15:21:48,3028.34,2.327e-05
2024-11-15 15:22:00,3028.89,2.326e-05
2024-11-15 15:22:12,3026.99,2.325e-05
2024-11-15 15:22:24,3025.8,2.326e-05
2024-11-15 15:22:36,3024.7,2.325e-05
2024-11-15 15:22:48,3026.99,2.326e-05
2024-11-15 15:23:00,3025.5,2.325e-05
2024-11-15 15:23:12,3026.8,2.325e-05
2024-11-15 15:23:24,3030.64,2.335e-05
2024-11-15 15:23:36,3028.15,2.331e-05
2024-11-15 15:23:48,3029.0,2.332e-05
2024-11-15 15:24:00,3030.02,2.332e-05
2024-11-15 15:24:12,3029.14,2.33e-05
2024-11-15 15:24:24,3029.63,2.327e-05
2024-11-15 15:24:36,3027.85,2.327e-05
2024-11-15 15:24:48,3029.36,2.33e-05
2024-11-15 15:25:00,3027.96,2.329e-05
2024-11-15 15:25:12,3027.0,2.325e-05
2024-11-15 15:25:24,3026.31,2.326e-05
2024-11-15 15:25:36,3028.36,2.33e-05
2024-11-15 15:25:48,3030.01,2.333e-05
2024-11-15 15:26:00,3032.16,2.333e-05
2024-11-15 15:26:12,3029.77,2.329e-05
2024-11-15 15:26:24,3027.51,2.328e-05
2024-11-15 15:26:36,3028.7,2.329e-05
2024-11-15 15:26:48,3028.2,2.328e-05
2024-11-15 15:27:00,3030.0,2.331e-05
2024-11-15 15:27:12,3033.78,2.334e-05
2024-11-15 15:27:24,3036.22,2.336e-05
2024-11-15 15:27:36,3039.88,2.34e-05
2024-11-15 15:27:48,3037.02,2.337e-05
2024-11-15 15:28:00,3036.17,2.335e-05
2024-11-15 15:28:12,3034.68,2.335e-05
2024-11-15 15:28:24,3038.09,2.338e-05
2024-11-15 15:28:36,3038.57,2.338e-05
2024-11-15 15:28:48,3038.51,2.339e-05
2024-11-15 15:29:00,3037.61,2.339e-05
2024-11-15 15:29:12,3036.72,2.338e-05
2024-11-15 15:29:24,3037.89,2.339e-05
2024-11-15 15:29:36,3038.12,2.339e-05
2024-11-15 15:29:48,3038.07,2.337e-05
2024-11-15 15:30:00,3036.8,2.338e-05
2024-11-15 15:30:12,3034.18,2.336e-05
2024-11-15 15:30:24,3035.66,2.337e-05
2024-11-15 15:30:36,3036.97,2.338e-05
2024-11-15 15:30:48,3034.0,2.335e-05
2024-11-15 15:31:00,3033.93,2.335e-05
2024-11-15 15:31:12,3031.17,2.333e-05
2024-11-15 15:31:24,3030.46,2.331e-05
2024-11-15 15:31:36,3026.27,2.328e-05
2024-11-15 15:31:48,3028.78,2.329e-05
2024-11-15 15:32:00,3026.0,2.327e-05
2024-11-15 15:32:12,3024.8,2.325e-05
2024-11-15 15:32:24,3025.96,2.327e-05
2024-11-15 15:32:36,3026.29,2.327e-05
2024-11-15 15:32:48,3027.56,2.329e-05
2024-11-15 15:33:00,3025.85,2.328e-05
2024-11-15 15:33:12,3028.21,2.329e-05
2024-11-15 15:33:24,3026.59,2.329e-05
2024-11-15 15:33:36,3029.85,2.331e-05
2024-11-15 15:33:48,3029.01,2.331e-05
2024-11-15 15:34:00,3025.69,2.329e-05
2024-11-15 15:34:12,3027.5,2.331e-05
2024-11-15 15:34:24,3028.38,2.331e-05
2024-11-15 15:34:36,3025.2,2.328e-05
2024-11-15 15:34:48,3025.51,2.327e-05
2024-11-15 15:35:00,3026.24,2.329e-05
2024-11-15 15:35:12,3024.35,2.326e-05
2024-11-15 15:35:24,3022.22,2.32e-05
2024-11-15 15:35:36,3022.0,2.313e-05
2024-11-15 15:35:48,3019.21,2.312e-05
2024-11-15 15:36:00,3017.86,2.312e-05
2024-11-15 15:36:12,3016.86,2.311e-05
2024-11-15 15:36:24,3019.61,2.311e-05
2024-11-15 15:36:36,3020.0,2.314e-05
2024-11-15 15:36:48,3020.36,2.315e-05
2024-11-15 15:37:00,3017.99,2.312e-05
2024-11-15 15:37:12,3017.14,2.311e-05
2024-11-15 15:37:24,3019.4,2.315e-05
2024-11-15 15:37:36,3019.8,2.314e-05
2024-11-15 15:37:48,3018.23,2.315e-05
2024-11-15 15:38:00,3018.0,2.316e-05
2024-11-15 15:38:12,3016.78,2.314e-05
2024-11-15 15:38:24,3018.99,2.316e-05
2024-11-15 15:38:36,3024.0,2.321e-05
2024-11-15 15:38:48,3024.95,2.323e-05
2024-11-15 15:39:00,3025.57,2.322e-05
2024-11-15 15:39:12,3028.33,2.326e-05
2024-11-15 15:39:24,3027.06,2.325e-05
2024-11-15 15:39:36,3027.53,2.325e-05
2024-11-15 15:39:48,3028.98,2.328e-05
2024-11-15 15:40:00,3027.19,2.326e-05
2024-11-15 15:40:12,3031.72,2.328e-05
2024-11-15 15:40:24,3032.5,2.329e-05
2024-11-15 15:40:36,3032.11,2.328e-05
2024-11-15 15:40:48,3033.4,2.33e-05
2024-11-15 15:41:00,3032.74,2.331e-05
2024-11-15 15:41:12,3032.4,2.33e-05
2024-11-15 15:41:24,3033.64,2.33e-05
2024-11-15 15:41:36,3032.2,2.329e-05
2024-11-15 15:41:48,3028.53,2.326e-05
2024-11-15 15:42:00,3025.27,2.325e-05
2024-11-15 15:42:12,3026.4,2.326e-05
2024-11-15 15:42:24,3023.51,2.323e-05
2024-11-15 15:42:36,3021.45,2.324e-05
2024-11-15 15:42:48,3023.79,2.325e-05
2024-11-15 15:43:00,3024.58,2.325e-05
2024-11-15 15:43:12,3025.12,2.326e-05
2024-11-15 15:43:24,3023.66,2.325e-05
2024-11-15 15:43:36,3022.59,2.325e-05
2024-11-15 15:43:48,3022.49,2.324e-05
2024-11-15 15:44:00,3022.61,2.324e-05
2024-11-15 15:44:12,3022.11,2.322e-05
2024-11-15 15:44:24,3020.0,2.321e-05
2024-11-15 15:44:36,3018.24,2.32e-05
2024-11-15 15:44:48,3017.39,2.32e-05
2024-11-15 15:45:00,3018.51,2.32e-05
2024-11-15 15:45:12,3019.31,2.322e-05
2024-11-15 15:45:24,3022.45,2.324e-05
2024-11-15 15:45:36,3022.46,2.324e-05
2024-11-15 15:45:48,3024.49,2.325e-05
2024-11-15 15:46:00,3026.63,2.327e-05
2024-11-15 15:46:12,3027.85,2.328e-05
2024-11-15 15:46:24,3028.91,2.33e-05
2024-11-15 15:46:36,3028.23,2.329e-05
2024-11-15 15:46:48,3025.36,2.328e-05
2024-11-15 15:47:00,3024.93,2.327e-05
2024-11-15 15:47:12,3024.09,2.326e-05
2024-11-15 15:47:24,3022.49,2.324e-05
2024-11-15 15:47:36,3022.0,2.324e-05
2024-11-15 15:47:48,3023.4,2.324e-05
2024-11-15 15:48:00,3023.95,2.324e-05
2024-11-15 15:48:12,3026.98,2.327e-05
2024-11-15 15:48:24,3027.14,2.329e-05
2024-11-15 15:48:36,3030.25,2.331e-05
2024-11-15 15:48:48,3028.86,2.33e-05
2024-11-15 15:49:00,3030.5,2.332e-05
2024-11-15 15:49:12,3030.39,2.33e-05
2024-11-15 15:49:24,3031.49,2.332e-05
2024-11-15 15:49:36,3032.5,2.332e-05
2024-11-15 15:49:48,3031.4,2.334e-05
2024-11-15 15:50:00,3032.42,2.334e-05
2024-11-15 15:50:12,3032.5,2.333e-05
2024-11-15 15:50:24,3032.77,2.334e-05
2024-11-15 15:50:36,3034.01,2.334e-05
2024-11-15 15:50:48,3032.59,2.333e-05
2024-11-15 15:51:00,3031.69,2.332e-05
2024-11-15 15:51:12,3036.5,2.334e-05
2024-11-15 15:51:24,3036.6,2.336e-05
2024-11-15 15:51:36,3033.49,2.334e-05
2024-11-15 15:51:48,3031.87,2.333e-05
2024-11-15 15:52:00,3032.42,2.334e-05
2024-11-15 15:52:12,3031.25,2.332e-05
2024-11-15 15:52:24,3029.59,2.33e-05
2024-11-15 15:52:36,3027.61,2.327e-05
2024-11-15 15:52:48,3026.4,2.326e-05
2024-11-15 15:53:00,3026.53,2.327e-05
2024-11-15 15:53:12,3027.39,2.327e-05
2024-11-15 15:53:24,3027.52,2.328e-05
2024-11-15 15:53:36,3027.4,2.328e-05
2024-11-15 15:53:48,3026.0,2.327e-05
2024-11-15 15:54:00,3027.14,2.33e-05
2024-11-15 15:54:12,3025.14,2.326e-05
2024-11-15 15:54:24,3023.22,2.325e-05
2024-11-15 15:54:36,3022.61,2.325e-05
2024-11-15 15:54:48,3022.97,2.326e-05
2024-11-15 15:55:00,3024.15,2.326e-05
2024-11-15 15:55:12,3022.32,2.324e-05
2024-11-15 15:55:24,3021.99,2.324e-05
2024-11-15 15:55:36,3019.92,2.322e-05
2024-11-15 15:55:48,3019.43,2.322e-05
2024-11-15 15:56:00,3019.4,2.322e-05
2024-11-15 15:56:12,3016.58,2.321e-05
2024-11-15 15:56:24,3018.94,2.324e-05
2024-11-15 15:56:36,3018.21,2.323e-05
2024-11-15 15:56:48,3017.54,2.319e-05
2024-11-15 15:57:00,3017.32,2.322e-05
2024-11-15 15:57:12,3017.2,2.322e-05
2024-11-15 15:57:24,3019.86,2.325e-05
2024-11-15 15:57:36,3019.7,2.324e-05
2024-11-15 15:57:48,3021.17,2.325e-05
2024-11-15 15:58:00,3021.37,2.326e-05
2024-11-15 15:58:12,3021.18,2.326e-05
2024-11-15 15:58:24,3021.99,2.326e-05
2024-11-15 15:58:36,3022.5,2.327e-05
2024-11-15 15:58:48,3022.64,2.327e-05
2024-11-15 15:59:00,3023.76,2.327e-05
2024-11-15 15:59:12,3023.3,2.328e-05
2024-11-15 15:59:24,3025.8,2.329e-05
2024-11-15 15:59:36,3024.24,2.329e-05
2024-11-15 15:59:48,3023.13,2.329e-05
2024-11-15 16:00:00,3023.73,2.328e-05
2024-11-15 16:00:12,3022.5,2.323e-05
2024-11-15 16:00:24,3023.0,2.324e-05
2024-11-15 16:00:36,3024.97,2.326e-05
2024-11-15 16:00:48,3021.0,2.321e-05
2024-11-15 16:01:00,3020.48,2.32e-05
2024-11-15 16:01:12,3022.96,2.324e-05
2024-11-15 16:01:24,3022.83,2.322e-05
2024-11-15 16:01:36,3023.2,2.323e-05
2024-11-15 16:01:48,3023.92,2.323e-05
2024-11-15 16:02:00,3021.0,2.321e-05
2024-11-15 16:02:12,3024.37,2.326e-05
2024-11-15 16:02:24,3027.05,2.329e-05
2024-11-15 16:02:36,3027.6,2.33e-05
2024-11-15 16:02:48,3022.07,2.322e-05
2024-11-15 16:03:00,3020.6,2.322e-05
2024-11-15 16:03:12,3022.63,2.326e-05
2024-11-15 16:03:24,3024.51,2.328e-05
2024-11-15 16:03:36,3024.97,2.33e-05
2024-11-15 16:03:48,3024.96,2.33e-05
2024-11-15 16:04:00,3025.21,2.331e-05
2024-11-15 16:04:12,3028.41,2.336e-05
2024-11-15 16:04:24,3025.63,2.333e-05
2024-11-15 16:04:36,3023.83,2.33e-05
2024-11-15 16:04:48,3020.83,2.328e-05
2024-11-15 16:05:00,3022.16,2.329e-05
2024-11-15 16:05:12,3025.38,2.335e-05
2024-11-15 16:05:24,3026.03,2.333e-05
2024-11-15 16:05:36,3027.11,2.335e-05
2024-11-15 16:05:48,3028.01,2.337e-05
2024-11-15 16:06:00,3028.31,2.339e-05
2024-11-15 16:06:12,3029.22,2.339e-05
2024-11-15 16:06:24,3031.1,2.342e-05
2024-11-15 16:06:36,3032.05,2.344e-05
2024-11-15 16:06:48,3032.43,2.345e-05
2024-11-15 16:07:00,3031.08,2.345e-05
2024-11-15 16:07:12,3031.77,2.344e-05
2024-11-15 16:07:24,3031.6,2.344e-05
2024-11-15 16:07:36,3033.75,2.346e-05
2024-11-15 16:07:48,3031.0,2.344e-05
2024-11-15 16:08:00,3031.5,2.345e-05
2024-11-15 16:08:12,3031.51,2.344e-05
2024-11-15 16:08:24,3032.29,2.344e-05
2024-11-15 16:08:36,3034.99,2.347e-05
2024-11-15 16:08:48,3034.16,2.345e-05
2024-11-15 16:09:00,3033.4,2.345e-05
2024-11-15 16:09:12,3033.27,2.344e-05
2024-11-15 16:09:24,3035.11,2.345e-05
2024-11-15 16:09:36,3037.0,2.346e-05
2024-11-15 16:09:48,3036.73,2.347e-05
2024-11-15 16:10:00,3036.84,2.347e-05
2024-11-15 16:10:12,3036.4,2.346e-05
2024-11-15 16:10:24,3033.79,2.345e-05
2024-11-15 16:10:36,3035.07,2.346e-05
2024-11-15 16:10:48,3036.36,2.346e-05
2024-11-15 16:11:00,3036.18,2.346e-05
2024-11-15 16:11:12,3037.03,2.348e-05
2024-11-15 16:11:24,3039.24,2.35e-05
2024-11-15 16:11:36,3039.5,2.35e-05
2024-11-15 16:11:48,3042.91,2.353e-05
2024-11-15 16:12:00,3044.14,2.354e-05
2024-11-15 16:12:12,3045.25,2.356e-05
2024-11-15 16:12:24,3044.73,2.355e-05
2024-11-15 16:12:36,3044.86,2.356e-05
2024-11-15 16:12:48,3041.76,2.355e-05
2024-11-15 16:13:00,3042.15,2.356e-05
2024-11-15 16:13:12,3040.83,2.355e-05
2024-11-15 16:13:24,3041.82,2.355e-05
2024-11-15 16:13:36,3040.42,2.353e-05
2024-11-15 16:13:48,3040.62,2.355e-05
2024-11-15 16:14:00,3041.02,2.355e-05
2024-11-15 16:14:12,3041.49,2.357e-05
2024-11-15 16:14:24,3043.96,2.358e-05
2024-11-15 16:14:36,3043.99,2.36e-05
2024-11-15 16:14:48,3044.2,2.36e-05
2024-11-15 16:15:00,3042.05,2.358e-05
2024-11-15 16:15:12,3040.64,2.354e-05
2024-11-15 16:15:24,3044.0,2.36e-05
2024-11-15 16:15:36,3045.15,2.36e-05
2024-11-15 16:15:48,3047.26,2.361e-05
2024-11-15 16:16:00,3044.16,2.358e-05
2024-11-15 16:16:12,3044.98,2.36e-05
2024-11-15 16:16:24,3043.26,2.361e-05
2024-11-15 16:16:36,3042.95,2.361e-05
2024-11-15 16:16:48,3042.35,2.361e-05
2024-11-15 16:17:00,3040.01,2.36e-05
2024-11-15 16:17:12,3041.05,2.359e-05
2024-11-15 16:17:24,3038.68,2.357e-05
2024-11-15 16:17:36,3036.39,2.358e-05
2024-11-15 16:17:48,3034.86,2.354e-05
2024-11-15 16:18:00,3033.61,2.352e-05
2024-11-15 16:18:12,3030.6,2.347e-05
2024-11-15 16:18:24,3032.17,2.349e-05
2024-11-15 16:18:36,3033.75,2.35e-05
2024-11-15 16:18:48,3034.09,2.351e-05
2024-11-15 16:19:00,3033.79,2.35e-05
2024-11-15 16:19:12,3030.61,2.345e-05
2024-11-15 16:19:24,3033.17,2.347e-05
2024-11-15 16:19:36,3034.08,2.348e-05
2024-11-15 16:19:48,3034.61,2.35e-05
2024-11-15 16:20:00,3034.96,2.35e-05
2024-11-15 16:20:12,3033.12,2.349e-05
2024-11-15 16:20:24,3030.37,2.345e-05
2024-11-15 16:20:36,3033.93,2.352e-05
2024-11-15 16:20:48,3031.21,2.347e-05
2024-11-15 16:21:00,3033.0,2.352e-05
2024-11-15 16:21:12,3033.9,2.352e-05
2024-11-15 16:21:24,3035.76,2.355e-05
2024-11-15 16:21:36,3036.0,2.355e-05
2024-11-15 16:21:48,3036.19,2.356e-05
2024-11-15 16:22:00,3036.91,2.355e-05
2024-11-15 16:22:12,3040.41,2.359e-05
2024-11-15 16:22:24,3038.7,2.358e-05
2024-11-15 16:22:36,3036.51,2.355e-05
2024-11-15 16:22:48,3035.89,2.354e-05
2024-11-15 16:23:00,3036.19,2.356e-05
2024-11-15 16:23:12,3038.93,2.36e-05
2024-11-15 16:23:24,3040.8,2.362e-05
2024-11-15 16:23:36,3044.47,2.364e-05
2024-11-15 16:23:48,3044.29,2.365e-05
2024-11-15 16:24:00,3044.86,2.365e-05
2024-11-15 16:24:12,3045.81,2.368e-05
2024-11-15 16:24:24,3046.62,2.369e-05
2024-11-15 16:24:36,3046.0,2.369e-05
2024-11-15 16:24:48,3045.5,2.37e-05
2024-11-15 16:25:00,3047.4,2.372e-05
2024-11-15 16:25:12,3048.14,2.373e-05
2024-11-15 16:25:24,3045.82,2.368e-05
2024-11-15 16:25:36,3047.47,2.368e-05
2024-11-15 16:25:48,3049.24,2.372e-05
2024-11-15 16:26:00,3047.42,2.371e-05
2024-11-15 16:26:12,3047.0,2.372e-05
2024-11-15 16:26:24,3045.34,2.372e-05
2024-11-15 16:26:36,3047.2,2.373e-05
2024-11-15 16:26:48,3048.4,2.375e-05
2024-11-15 16:27:00,3049.49,2.378e-05
2024-11-15 16:27:12,3048.89,2.376e-05
2024-11-15 16:27:24,3047.5,2.375e-05
2024-11-15 16:27:36,3044.1,2.372e-05
2024-11-15 16:27:48,3045.75,2.371e-05
2024-11-15 16:28:00,3048.19,2.375e-05
2024-11-15 16:28:12,3049.04,2.377e-05
2024-11-15 16:28:24,3049.2,2.375e-05
2024-11-15 16:28:36,3048.99,2.376e-05
2024-11-15 16:28:48,3047.9,2.374e-05
2024-11-15 16:29:00,3049.3,2.375e-05
2024-11-15 16:29:12,3047.24,2.375e-05
2024-11-15 16:29:24,3047.08,2.374e-05
2024-11-15 16:29:36,3045.62,2.373e-05
2024-11-15 16:29:48,3046.81,2.376e-05
2024-11-15 16:30:00,3047.79,2.377e-05
2024-11-15 16:30:12,3046.03,2.376e-05
2024-11-15 16:30:24,3043.86,2.374e-05
2024-11-15 16:30:36,3046.87,2.379e-05
2024-11-15 16:30:48,3046.02,2.375e-05
2024-11-15 16:31:00,3046.01,2.375e-05
2024-11-15 16:31:12,3045.44,2.376e-05
2024-11-15 16:31:24,3044.65,2.373e-05
2024-11-15 16:31:36,3044.85,2.373e-05
2024-11-15 16:31:48,3043.33,2.371e-05
2024-11-15 16:32:00,3043.32,2.369e-05
2024-11-15 16:32:12,3044.85,2.37e-05
2024-11-15 16:32:24,3044.3,2.371e-05
2024-11-15 16:32:36,3046.0,2.373e-05
2024-11-15 16:32:48,3044.51,2.371e-05
2024-11-15 16:33:00,3045.01,2.37e-05
2024-11-15 16:33:12,3045.52,2.37e-05
2024-11-15 16:33:24,3045.81,2.369e-05
2024-11-15 16:33:36,3046.44,2.37e-05
2024-11-15 16:33:48,3049.23,2.376e-05
2024-11-15 16:34:00,3047.93,2.374e-05
2024-11-15 16:34:12,3048.97,2.375e-05
2024-11-15 16:34:24,3048.5,2.374e-05
2024-11-15 16:34:36,3045.52,2.369e-05
2024-11-15 16:34:48,3044.01,2.369e-05
2024-11-15 16:35:00,3043.51,2.369e-05
2024-11-15 16:35:12,3040.58,2.364e-05
2024-11-15 16:35:24,3041.24,2.364e-05
2024-11-15 16:35:36,3040.64,2.364e-05
2024-11-15 16:35:48,3038.02,2.362e-05
2024-11-15 16:36:00,3037.82,2.36e-05
2024-11-15 16:36:12,3035.18,2.358e-05
2024-11-15 16:36:24,3036.41,2.362e-05
2024-11-15 16:36:36,3038.2,2.365e-05
2024-11-15 16:36:48,3037.05,2.363e-05
2024-11-15 16:37:00,3035.15,2.362e-05
2024-11-15 16:37:12,3035.89,2.361e-05
2024-11-15 16:37:24,3035.01,2.36e-05
2024-11-15 16:37:36,3035.6,2.361e-05
2024-11-15 16:37:48,3035.6,2.361e-05
2024-11-15 16:38:00,3035.92,2.361e-05
2024-11-15 16:38:12,3035.93,2.361e-05
2024-11-15 16:38:24,3034.21,2.358e-05
2024-11-15 16:38:36,3030.36,2.357e-05
2024-11-15 16:38:48,3030.01,2.356e-05
2024-11-15 16:39:00,3030.66,2.355e-05
2024-11-15 16:39:12,3026.72,2.354e-05
2024-11-15 16:39:24,3028.37,2.353e-05
2024-11-15 16:39:36,3028.13,2.353e-05
2024-11-15 16:39:48,3028.3,2.352e-05
2024-11-15 16:40:00,3026.12,2.35e-05
2024-11-15 16:40:12,3026.81,2.352e-05
2024-11-15 16:40:24,3024.2,2.348e-05
2024-11-15 16:40:36,3028.4,2.352e-05
2024-11-15 16:40:48,3025.13,2.348e-05
2024-11-15 16:41:00,3027.78,2.352e-05
2024-11-15 16:41:12,3027.75,2.353e-05
2024-11-15 16:41:24,3026.36,2.352e-05
2024-11-15 16:41:36,3027.2,2.353e-05
2024-11-15 16:41:48,3026.99,2.353e-05
2024-11-15 16:42:00,3024.1,2.35e-05
2024-11-15 16:42:12,3020.54,2.346e-05
2024-11-15 16:42:24,3020.0,2.343e-05
2024-11-15 16:42:36,3020.94,2.345e-05
2024-11-15 16:42:48,3018.63,2.343e-05
2024-11-15 16:43:00,3018.23,2.342e-05
2024-11-15 16:43:12,3019.47,2.342e-05
2024-11-15 16:43:24,3019.45,2.341e-05
2024-11-15 16:43:36,3019.04,2.342e-05
2024-11-15 16:43:48,3017.09,2.34e-05
2024-11-15 16:44:00,3017.01,2.338e-05
2024-11-15 16:44:12,3016.18,2.337e-05
2024-11-15 16:44:24,3017.29,2.337e-05
2024-11-15 16:44:36,3017.9,2.338e-05
2024-11-15 16:44:48,3019.42,2.338e-05
2024-11-15 16:45:00,3021.73,2.339e-05
2024-11-15 16:45:12,3023.82,2.342e-05
2024-11-15 16:45:24,3020.13,2.339e-05
2024-11-15 16:45:36,3017.61,2.337e-05
2024-11-15 16:45:48,3016.61,2.335e-05
2024-11-15 16:46:00,3021.72,2.342e-05
2024-11-15 16:46:12,3023.92,2.343e-05
2024-11-15 16:46:24,3028.05,2.349e-05
2024-11-15 16:46:36,3027.22,2.347e-05
2024-11-15 16:46:48,3027.59,2.348e-05
2024-11-15 16:47:00,3029.49,2.351e-05
2024-11-15 16:47:12,3026.86,2.347e-05
2024-11-15 16:47:24,3030.82,2.352e-05
2024-11-15 16:47:36,3030.52,2.352e-05
2024-11-15 16:47:48,3030.97,2.353e-05
2024-11-15 16:48:00,3030.0,2.352e-05
2024-11-15 16:48:12,3029.4,2.351e-05
2024-11-15 16:48:24,3027.26,2.348e-05
2024-11-15 16:48:36,3027.8,2.349e-05
2024-11-15 16:48:48,3027.6,2.348e-05
2024-11-15 16:49:00,3027.84,2.348e-05
2024-11-15 16:49:12,3027.14,2.347e-05
2024-11-15 16:49:24,3026.5,2.345e-05
2024-11-15 16:49:36,3025.02,2.345e-05
2024-11-15 16:49:48,3025.2,2.347e-05
2024-11-15 16:50:00,3023.87,2.345e-05
2024-11-15 16:50:12,3025.74,2.348e-05
2024-11-15 16:50:24,3028.8,2.352e-05
2024-11-15 16:50:36,3026.91,2.351e-05
2024-11-15 16:50:48,3028.14,2.352e-05
2024-11-15 16:51:00,3025.91,2.349e-05
2024-11-15 16:51:12,3025.61,2.347e-05
2024-11-15 16:51:24,3026.0,2.346e-05
2024-11-15 16:51:36,3027.0,2.347e-05
2024-11-15 16:51:48,3029.0,2.348e-05
2024-11-15 16:52:00,3027.51,2.346e-05
2024-11-15 16:52:12,3029.14,2.349e-05
2024-11-15 16:52:24,3029.9,2.35e-05
2024-11-15 16:52:36,3030.81,2.352e-05
2024-11-15 16:52:48,3029.52,2.351e-05
2024-11-15 16:53:00,3030.49,2.352e-05
2024-11-15 16:53:12,3032.0,2.354e-05
2024-11-15 16:53:24,3031.82,2.354e-05
2024-11-15 16:53:36,3033.5,2.355e-05
2024-11-15 16:53:48,3031.21,2.351e-05
2024-11-15 16:54:00,3031.16,2.352e-05
2024-11-15 16:54:12,3032.0,2.353e-05
2024-11-15 16:54:24,3032.65,2.352e-05
2024-11-15 16:54:36,3034.79,2.355e-05
2024-11-15 16:54:48,3035.17,2.357e-05
2024-11-15 16:55:00,3036.09,2.356e-05
2024-11-15 16:55:12,3036.91,2.359e-05
2024-11-15 16:55:24,3034.44,2.359e-05
2024-11-15 16:55:36,3033.96,2.358e-05
2024-11-15 16:55:48,3034.5,2.358e-05
2024-11-15 16:56:00,3033.01,2.357e-05
2024-11-15 16:56:12,3033.61,2.357e-05
2024-11-15 16:56:24,3033.01,2.358e-05
2024-11-15 16:56:36,3032.61,2.357e-05
2024-11-15 16:56:48,3032.16,2.356e-05
2024-11-15 16:57:00,3033.28,2.356e-05
2024-11-15 16:57:12,3033.52,2.355e-05
2024-11-15 16:57:24,3033.16,2.354e-05
2024-11-15 16:57:36,3034.38,2.355e-05
2024-11-15 16:57:48,3034.56,2.356e-05
2024-11-15 16:58:00,3034.07,2.354e-05
2024-11-15 16:58:12,3032.51,2.352e-05
2024-11-15 16:58:24,3032.37,2.351e-05
2024-11-15 16:58:36,3030.99,2.348e-05
2024-11-15 16:58:48,3029.2,2.346e-05
2024-11-15 16:59:00,3030.59,2.348e-05
2024-11-15 16:59:12,3032.01,2.349e-05
2024-11-15 16:59:24,3031.16,2.349e-05
2024-11-15 16:59:36,3033.33,2.35e-05
2024-11-15 16:59:48,3033.6,2.351e-05
2024-11-15 17:00:00,3034.99,2.352e-05
2024-11-15 17:00:12,3033.86,2.349e-05
2024-11-15 17:00:24,3036.29,2.35e-05
2024-11-15 17:00:36,3038.4,2.355e-05
2024-11-15 17:00:48,3038.3,2.353e-05
2024-11-15 17:01:00,3039.19,2.355e-05
2024-11-15 17:01:12,3037.51,2.355e-05
2024-11-15 17:01:24,3037.32,2.355e-05
2024-11-15 17:01:36,3038.49,2.357e-05
2024-11-15 17:01:48,3036.94,2.355e-05
2024-11-15 17:02:00,3036.29,2.353e-05
2024-11-15 17:02:12,3036.0,2.353e-05
2024-11-15 17:02:24,3036.59,2.353e-05
2024-11-15 17:02:36,3036.01,2.352e-05
2024-11-15 17:02:48,3037.99,2.354e-05
2024-11-15 17:03:00,3037.51,2.355e-05
2024-11-15 17:03:12,3039.38,2.358e-05
2024-11-15 17:03:24,3038.61,2.358e-05
2024-11-15 17:03:36,3038.19,2.357e-05
2024-11-15 17:03:48,3039.44,2.358e-05
2024-11-15 17:04:00,3040.03,2.359e-05
2024-11-15 17:04:12,3040.99,2.362e-05
2024-11-15 17:04:24,3040.23,2.362e-05
2024-11-15 17:04:36,3041.49,2.366e-05
2024-11-15 17:04:48,3042.59,2.369e-05
2024-11-15 17:05:00,3043.0,2.372e-05
2024-11-15 17:05:12,3043.18,2.374e-05
2024-11-15 17:05:24,3043.54,2.374e-05
2024-11-15 17:05:36,3041.51,2.373e-05
2024-11-15 17:05:48,3043.99,2.377e-05
2024-11-15 17:06:00,3045.21,2.378e-05
2024-11-15 17:06:12,3044.59,2.377e-05
2024-11-15 17:06:24,3044.37,2.376e-05
2024-11-15 17:06:36,3043.22,2.376e-05
2024-11-15 17:06:48,3042.5,2.374e-05
2024-11-15 17:07:00,3043.2,2.374e-05
2024-11-15 17:07:12,3043.51,2.375e-05
2024-11-15 17:07:24,3043.89,2.377e-05
2024-11-15 17:07:36,3045.23,2.378e-05
2024-11-15 17:07:48,3045.52,2.379e-05
2024-11-15 17:08:00,3044.99,2.371e-05
2024-11-15 17:08:12,3047.0,2.376e-05
2024-11-15 17:08:24,3045.82,2.378e-05
2024-11-15 17:08:36,3047.4,2.381e-05
2024-11-15 17:08:48,3047.44,2.38e-05
2024-11-15 17:09:00,3047.5,2.382e-05
2024-11-15 17:09:12,3047.23,2.38e-05
2024-11-15 17:09:24,3045.5,2.377e-05
2024-11-15 17:09:36,3047.5,2.378e-05
2024-11-15 17:09:48,3046.68,2.377e-05
2024-11-15 17:10:00,3045.1,2.375e-05
2024-11-15 17:10:12,3042.01,2.372e-05
2024-11-15 17:10:24,3042.19,2.372e-05
2024-11-15 17:10:36,3041.99,2.371e-05
2024-11-15 17:10:48,3044.11,2.377e-05
2024-11-15 17:11:00,3042.78,2.375e-05
2024-11-15 17:11:12,3041.58,2.373e-05
2024-11-15 17:11:24,3040.52,2.371e-05
2024-11-15 17:11:36,3040.77,2.37e-05
2024-11-15 17:11:48,3041.79,2.373e-05
2024-11-15 17:12:00,3041.13,2.37e-05
2024-11-15 17:12:12,3043.63,2.372e-05
2024-11-15 17:12:24,3043.59,2.372e-05
2024-11-15 17:12:36,3043.36,2.371e-05
2024-11-15 17:12:48,3044.5,2.375e-05
2024-11-15 17:13:00,3044.44,2.375e-05
2024-11-15 17:13:12,3044.71,2.373e-05
2024-11-15 17:13:24,3044.2,2.373e-05
2024-11-15 17:13:36,3043.78,2.372e-05
2024-11-15 17:13:48,3043.52,2.37e-05
2024-11-15 17:14:00,3043.21,2.371e-05
2024-11-15 17:14:12,3043.21,2.371e-05
2024-11-15 17:14:24,3044.4,2.371e-05
2024-11-15 17:14:36,3044.76,2.372e-05
2024-11-15 17:14:48,3045.22,2.371e-05
2024-11-15 17:15:00,3044.8,2.371e-05
2024-11-15 17:15:12,3044.52,2.372e-05
2024-11-15 17:15:24,3044.51,2.372e-05
2024-11-15 17:15:36,3046.34,2.375e-05
2024-11-15 17:15:48,3046.37,2.375e-05
2024-11-15 17:16:00,3047.73,2.378e-05
2024-11-15 17:16:12,3047.62,2.379e-05
2024-11-15 17:16:24,3047.57,2.38e-05
2024-11-15 17:16:36,3045.0,2.376e-05
2024-11-15 17:16:48,3047.7,2.379e-05
2024-11-15 17:17:00,3047.89,2.381e-05
2024-11-15 17:17:12,3049.0,2.382e-05
2024-11-15 17:17:24,3049.99,2.384e-05
2024-11-15 17:17:36,3049.37,2.383e-05
2024-11-15 17:17:48,3049.5,2.383e-05
2024-11-15 17:18:00,3049.79,2.383e-05
2024-11-15 17:18:12,3051.46,2.385e-05
2024-11-15 17:18:24,3048.84,2.381e-05
2024-11-15 17:18:36,3048.33,2.381e-05
2024-11-15 17:18:48,3051.51,2.383e-05
2024-11-15 17:19:00,3051.24,2.383e-05
2024-11-15 17:19:12,3050.97,2.383e-05
2024-11-15 17:19:24,3049.1,2.381e-05
2024-11-15 17:19:36,3049.66,2.383e-05
2024-11-15 17:19:48,3051.61,2.386e-05
2024-11-15 17:20:00,3051.01,2.386e-05
2024-11-15 17:20:12,3051.65,2.388e-05
2024-11-15 17:20:24,3050.81,2.387e-05
2024-11-15 17:20:36,3051.25,2.388e-05
2024-11-15 17:20:48,3050.31,2.389e-05
2024-11-15 17:21:00,3052.19,2.39e-05
2024-11-15 17:21:12,3052.49,2.39e-05
2024-11-15 17:21:24,3053.59,2.392e-05
2024-11-15 17:21:36,3055.3,2.393e-05
2024-11-15 17:21:48,3053.61,2.392e-05
2024-11-15 17:22:00,3054.28,2.393e-05
2024-11-15 17:22:12,3053.52,2.392e-05
2024-11-15 17:22:24,3053.11,2.393e-05
2024-11-15 17:22:36,3052.78,2.392e-05
2024-11-15 17:22:48,3052.26,2.391e-05
2024-11-15 17:23:00,3052.26,2.397e-05
2024-11-15 17:23:12,3052.18,2.396e-05
2024-11-15 17:23:24,3051.31,2.395e-05
2024-11-15 17:23:36,3050.75,2.393e-05
2024-11-15 17:23:48,3049.67,2.391e-05
2024-11-15 17:24:00,3048.41,2.389e-05
2024-11-15 17:24:12,3045.44,2.387e-05
2024-11-15 17:24:24,3045.5,2.388e-05
2024-11-15 17:24:36,3045.67,2.389e-05
2024-11-15 17:24:48,3045.0,2.389e-05
2024-11-15 17:25:00,3045.0,2.39e-05
2024-11-15 17:25:12,3045.0,2.391e-05
2024-11-15 17:25:24,3043.8,2.39e-05
2024-11-15 17:25:36,3044.29,2.392e-05
2024-11-15 17:25:48,3046.5,2.392e-05
2024-11-15 17:26:00,3045.99,2.393e-05
2024-11-15 17:26:12,3043.51,2.389e-05
2024-11-15 17:26:24,3044.07,2.389e-05
2024-11-15 17:26:36,3043.22,2.387e-05
2024-11-15 17:26:48,3043.48,2.387e-05
2024-11-15 17:27:00,3042.36,2.383e-05
2024-11-15 17:27:12,3040.67,2.382e-05
2024-11-15 17:27:24,3039.19,2.378e-05
2024-11-15 17:27:36,3041.2,2.381e-05
2024-11-15 17:27:48,3041.5,2.381e-05
2024-11-15 17:28:00,3041.8,2.381e-05
2024-11-15 17:28:12,3041.29,2.381e-05
2024-11-15 17:28:24,3040.53,2.381e-05
2024-11-15 17:28:36,3040.21,2.381e-05
2024-11-15 17:28:48,3039.39,2.379e-05
2024-11-15 17:29:00,3039.2,2.378e-05
2024-11-15 17:29:12,3040.21,2.379e-05
2024-11-15 17:29:24,3039.29,2.378e-05
2024-11-15 17:29:36,3039.19,2.378e-05
2024-11-15 17:29:48,3040.1,2.378e-05
2024-11-15 17:30:00,3041.01,2.38e-05
2024-11-15 17:30:12,3039.81,2.378e-05
2024-11-15 17:30:24,3039.65,2.379e-05
2024-11-15 17:30:36,3043.0,2.382e-05
2024-11-15 17:30:48,3042.78,2.382e-05
2024-11-15 17:31:00,3043.44,2.382e-05
2024-11-15 17:31:12,3042.22,2.383e-05
2024-11-15 17:31:24,3042.23,2.382e-05
2024-11-15 17:31:36,3040.54,2.381e-05
2024-11-15 17:31:48,3038.53,2.379e-05
2024-11-15 17:32:00,3038.53,2.377e-05
2024-11-15 17:32:12,3035.61,2.375e-05
2024-11-15 17:32:24,3035.76,2.374e-05
2024-11-15 17:32:36,3034.05,2.37e-05
2024-11-15 17:32:48,3032.65,2.37e-05
2024-11-15 17:33:00,3036.49,2.374e-05
2024-11-15 17:33:12,3033.58,2.372e-05
2024-11-15 17:33:24,3035.27,2.373e-05
2024-11-15 17:33:36,3036.46,2.375e-05
2024-11-15 17:33:48,3037.92,2.376e-05
2024-11-15 17:34:00,3038.52,2.376e-05
2024-11-15 17:34:12,3037.41,2.376e-05
2024-11-15 17:34:24,3038.87,2.377e-05
2024-11-15 17:34:36,3039.73,2.377e-05
2024-11-15 17:34:48,3038.8,2.377e-05
2024-11-15 17:35:00,3038.68,2.376e-05
2024-11-15 17:35:12,3041.0,2.377e-05
2024-11-15 17:35:24,3039.03,2.376e-05
2024-11-15 17:35:36,3039.0,2.376e-05
2024-11-15 17:35:48,3039.01,2.375e-05
2024-11-15 17:36:00,3039.01,2.375e-05
2024-11-15 17:36:12,3038.4,2.375e-05
2024-11-15 17:36:24,3036.53,2.372e-05
2024-11-15 17:36:36,3037.09,2.375e-05
2024-11-15 17:36:48,3036.22,2.373e-05
2024-11-15 17:37:00,3037.1,2.374e-05
2024-11-15 17:37:12,3038.79,2.377e-05
2024-11-15 17:37:24,3043.15,2.383e-05
2024-11-15 17:37:36,3042.48,2.382e-05
2024-11-15 17:37:48,3042.59,2.381e-05
2024-11-15 17:38:00,3043.82,2.382e-05
2024-11-15 17:38:12,3044.96,2.383e-05
2024-11-15 17:38:24,3046.0,2.385e-05
2024-11-15 17:38:36,3047.62,2.387e-05
2024-11-15 17:38:48,3047.62,2.387e-05
2024-11-15 17:39:00,3047.91,2.387e-05
2024-11-15 17:39:12,3048.53,2.387e-05
2024-11-15 17:39:24,3046.62,2.387e-05
2024-11-15 17:39:36,3047.4,2.386e-05
2024-11-15 17:39:48,3047.78,2.388e-05
2024-11-15 17:40:00,3047.11,2.387e-05
2024-11-15 17:40:12,3047.01,2.387e-05
2024-11-15 17:40:24,3045.43,2.386e-05
2024-11-15 17:40:36,3048.18,2.388e-05
2024-11-15 17:40:48,3048.94,2.388e-05
2024-11-15 17:41:00,3050.23,2.39e-05
2024-11-15 17:41:12,3049.93,2.389e-05
2024-11-15 17:41:24,3049.57,2.389e-05
2024-11-15 17:41:36,3047.61,2.388e-05
2024-11-15 17:41:48,3047.74,2.388e-05
2024-11-15 17:42:00,3047.57,2.388e-05
2024-11-15 17:42:12,3049.77,2.393e-05
2024-11-15 17:42:24,3049.87,2.393e-05
2024-11-15 17:42:36,3049.33,2.394e-05
2024-11-15 17:42:48,3049.59,2.395e-05
2024-11-15 17:43:00,3049.88,2.395e-05
2024-11-15 17:43:12,3050.62,2.393e-05
2024-11-15 17:43:24,3051.52,2.394e-05
2024-11-15 17:43:36,3053.27,2.396e-05
2024-11-15 17:43:48,3054.04,2.396e-05
2024-11-15 17:44:00,3053.13,2.397e-05
2024-11-15 17:44:12,3053.52,2.398e-05
2024-11-15 17:44:24,3054.19,2.398e-05
2024-11-15 17:44:36,3054.68,2.398e-05
2024-11-15 17:44:48,3053.2,2.397e-05
2024-11-15 17:45:00,3053.99,2.398e-05
2024-11-15 17:45:12,3054.43,2.396e-05
2024-11-15 17:45:24,3054.82,2.398e-05
2024-11-15 17:45:36,3054.38,2.396e-05
2024-11-15 17:45:48,3054.37,2.396e-05
2024-11-15 17:46:00,3052.08,2.393e-05
2024-11-15 17:46:12,3052.29,2.394e-05
2024-11-15 17:46:24,3051.53,2.393e-05
2024-11-15 17:46:36,3054.0,2.396e-05
2024-11-15 17:46:48,3052.26,2.394e-05
2024-11-15 17:47:00,3051.61,2.393e-05
2024-11-15 17:47:12,3051.19,2.393e-05
2024-11-15 17:47:24,3050.0,2.39e-05
2024-11-15 17:47:36,3049.37,2.391e-05
2024-11-15 17:47:48,3049.11,2.389e-05
2024-11-15 17:48:00,3049.19,2.389e-05
2024-11-15 17:48:12,3049.98,2.39e-05
2024-11-15 17:48:24,3049.8,2.39e-05
2024-11-15 17:48:36,3048.6,2.389e-05
2024-11-15 17:48:48,3047.51,2.386e-05
2024-11-15 17:49:00,3046.9,2.387e-05
2024-11-15 17:49:12,3047.02,2.386e-05
2024-11-15 17:49:24,3046.89,2.387e-05
2024-11-15 17:49:36,3047.33,2.384e-05
2024-11-15 17:49:48,3046.01,2.384e-05
2024-11-15 17:50:00,3047.0,2.385e-05
2024-11-15 17:50:12,3045.22,2.383e-05
2024-11-15 17:50:24,3042.51,2.38e-05
2024-11-15 17:50:36,3040.94,2.377e-05
2024-11-15 17:50:48,3036.5,2.374e-05
2024-11-15 17:51:00,3037.49,2.375e-05
2024-11-15 17:51:12,3038.0,2.374e-05
2024-11-15 17:51:24,3038.6,2.375e-05
2024-11-15 17:51:36,3037.82,2.374e-05
2024-11-15 17:51:48,3036.5,2.371e-05
2024-11-15 17:52:00,3035.0,2.372e-05
2024-11-15 17:52:12,3036.39,2.373e-05
2024-11-15 17:52:24,3038.49,2.376e-05
2024-11-15 17:52:36,3035.05,2.373e-05
2024-11-15 17:52:48,3035.11,2.373e-05
2024-11-15 17:53:00,3034.26,2.373e-05
2024-11-15 17:53:12,3035.86,2.375e-05
2024-11-15 17:53:24,3036.0,2.375e-05
2024-11-15 17:53:36,3036.58,2.375e-05
2024-11-15 17:53:48,3035.41,2.374e-05
2024-11-15 17:54:00,3034.9,2.374e-05
2024-11-15 17:54:12,3035.69,2.375e-05
2024-11-15 17:54:24,3036.48,2.377e-05
2024-11-15 17:54:36,3036.89,2.376e-05
2024-11-15 17:54:48,3037.35,2.376e-05
2024-11-15 17:55:00,3037.7,2.378e-05
2024-11-15 17:55:12,3037.96,2.377e-05
2024-11-15 17:55:24,3036.49,2.377e-05
2024-11-15 17:55:36,3036.19,2.376e-05
2024-11-15 17:55:48,3036.52,2.378e-05
2024-11-15 17:56:00,3036.99,2.377e-05
2024-11-15 17:56:12,3036.71,2.376e-05
2024-11-15 17:56:24,3037.88,2.379e-05
2024-11-15 17:56:36,3037.64,2.378e-05
2024-11-15 17:56:48,3038.2,2.379e-05
2024-11-15 17:57:00,3039.3,2.38e-05
2024-11-15 17:57:12,3037.8,2.377e-05
2024-11-15 17:57:24,3038.39,2.378e-05
2024-11-15 17:57:36,3037.83,2.378e-05
2024-11-15 17:57:48,3037.62,2.377e-05
2024-11-15 17:58:00,3038.09,2.377e-05
2024-11-15 17:58:12,3038.92,2.377e-05
2024-11-15 17:58:24,3038.64,2.378e-05
2024-11-15 17:58:36,3038.33,2.376e-05
2024-11-15 17:58:48,3038.12,2.377e-05
2024-11-15 17:59:00,3038.49,2.378e-05
2024-11-15 17:59:12,3038.47,2.377e-05
2024-11-15 17:59:24,3037.84,2.374e-05
2024-11-15 17:59:36,3037.19,2.375e-05
2024-11-15 17:59:48,3037.22,2.375e-05
2024-11-15 18:00:00,3036.52,2.373e-05
2024-11-15 18:00:12,3037.25,2.374e-05
2024-11-15 18:00:24,3037.18,2.374e-05
2024-11-15 18:00:36,3037.01,2.372e-05
2024-11-15 18:00:48,3037.19,2.373e-05
2024-11-15 18:01:00,3036.18,2.372e-05
2024-11-15 18:01:12,3036.18,2.373e-05
2024-11-15 18:01:24,3034.17,2.371e-05
2024-11-15 18:01:36,3033.39,2.369e-05
2024-11-15 18:01:48,3031.6,2.368e-05
2024-11-15 18:02:00,3030.15,2.368e-05
2024-11-15 18:02:12,3030.0,2.367e-05
2024-11-15 18:02:24,3030.81,2.367e-05
2024-11-15 18:02:36,3032.98,2.371e-05
2024-11-15 18:02:48,3035.05,2.374e-05
2024-11-15 18:03:00,3036.15,2.376e-05
2024-11-15 18:03:12,3037.57,2.376e-05
2024-11-15 18:03:24,3039.4,2.379e-05
2024-11-15 18:03:36,3039.39,2.38e-05
2024-11-15 18:03:48,3037.83,2.378e-05
2024-11-15 18:04:00,3036.6,2.378e-05
2024-11-15 18:04:12,3038.65,2.38e-05
2024-11-15 18:04:24,3038.01,2.378e-05
2024-11-15 18:04:36,3039.38,2.38e-05
2024-11-15 18:04:48,3039.0,2.379e-05
2024-11-15 18:05:00,3039.2,2.38e-05
2024-11-15 18:05:12,3042.65,2.385e-05
2024-11-15 18:05:24,3044.89,2.388e-05
2024-11-15 18:05:36,3044.86,2.387e-05
2024-11-15 18:05:48,3044.0,2.389e-05
2024-11-15 18:06:00,3044.22,2.388e-05
2024-11-15 18:06:12,3044.83,2.387e-05
2024-11-15 18:06:24,3043.21,2.386e-05
2024-11-15 18:06:36,3044.5,2.386e-05
2024-11-15 18:06:48,3045.75,2.387e-05
2024-11-15 18:07:00,3045.75,2.387e-05
2024-11-15 18:07:12,3044.51,2.39e-05
2024-11-15 18:07:24,3044.23,2.388e-05
2024-11-15 18:07:36,3044.32,2.39e-05
2024-11-15 18:07:48,3044.6,2.39e-05
2024-11-15 18:08:00,3043.22,2.389e-05
2024-11-15 18:08:12,3041.56,2.387e-05
2024-11-15 18:08:24,3041.07,2.386e-05
2024-11-15 18:08:36,3042.78,2.388e-05
2024-11-15 18:08:48,3041.36,2.386e-05
2024-11-15 18:09:00,3042.0,2.387e-05
2024-11-15 18:09:12,3042.38,2.388e-05
2024-11-15 18:09:24,3043.84,2.39e-05
2024-11-15 18:09:36,3043.21,2.39e-05
2024-11-15 18:09:48,3042.75,2.389e-05
2024-11-15 18:10:00,3042.8,2.389e-05
2024-11-15 18:10:12,3042.89,2.388e-05
2024-11-15 18:10:24,3042.01,2.387e-05
2024-11-15 18:10:36,3042.84,2.389e-05
2024-11-15 18:10:48,3043.21,2.388e-05
2024-11-15 18:11:00,3042.01,2.387e-05
2024-11-15 18:11:12,3041.23,2.385e-05
2024-11-15 18:11:24,3040.85,2.384e-05
2024-11-15 18:11:36,3038.5,2.379e-05
2024-11-15 18:11:48,3033.99,2.373e-05
2024-11-15 18:12:00,3033.0,2.373e-05
2024-11-15 18:12:12,3032.5,2.372e-05
2024-11-15 18:12:24,3031.55,2.376e-05
2024-11-15 18:12:36,3031.51,2.375e-05
2024-11-15 18:12:48,3031.8,2.373e-05
2024-11-15 18:13:00,3032.16,2.374e-05
2024-11-15 18:13:12,3033.49,2.376e-05
2024-11-15 18:13:24,3035.58,2.378e-05
2024-11-15 18:13:36,3033.79,2.376e-05
2024-11-15 18:13:48,3031.63,2.374e-05
2024-11-15 18:14:00,3032.49,2.375e-05
2024-11-15 18:14:12,3033.94,2.377e-05
2024-11-15 18:14:24,3034.43,2.376e-05
2024-11-15 18:14:36,3034.77,2.377e-05
2024-11-15 18:14:48,3034.65,2.377e-05
2024-11-15 18:15:00,3034.7,2.377e-05
2024-11-15 18:15:12,3034.64,2.376e-05
2024-11-15 18:15:24,3033.68,2.376e-05
2024-11-15 18:15:36,3032.67,2.375e-05
2024-11-15 18:15:48,3032.62,2.376e-05
2024-11-15 18:16:00,3034.0,2.377e-05
2024-11-15 18:16:12,3035.18,2.379e-05
2024-11-15 18:16:24,3033.51,2.378e-05
2024-11-15 18:16:36,3034.15,2.38e-05
2024-11-15 18:16:48,3032.21,2.376e-05
2024-11-15 18:17:00,3034.18,2.379e-05
2024-11-15 18:17:12,3033.81,2.378e-05
2024-11-15 18:17:24,3035.99,2.382e-05
2024-11-15 18:17:36,3038.0,2.385e-05
2024-11-15 18:17:48,3037.21,2.384e-05
2024-11-15 18:18:00,3034.61,2.381e-05
2024-11-15 18:18:12,3034.76,2.381e-05
2024-11-15 18:18:24,3034.5,2.38e-05
2024-11-15 18:18:36,3032.51,2.376e-05
2024-11-15 18:18:48,3033.21,2.378e-05
2024-11-15 18:19:00,3032.27,2.377e-05
2024-11-15 18:19:12,3030.62,2.376e-05
2024-11-15 18:19:24,3028.66,2.374e-05
2024-11-15 18:19:36,3028.7,2.373e-05
2024-11-15 18:19:48,3027.4,2.371e-05
2024-11-15 18:20:00,3026.88,2.367e-05
2024-11-15 18:20:12,3029.99,2.37e-05
2024-11-15 18:20:24,3029.5,2.369e-05
2024-11-15 18:20:36,3029.56,2.369e-05
2024-11-15 18:20:48,3030.15,2.369e-05
2024-11-15 18:21:00,3031.2,2.372e-05
2024-11-15 18:21:12,3034.82,2.377e-05
2024-11-15 18:21:24,3038.03,2.38e-05
2024-11-15 18:21:36,3039.51,2.38e-05
2024-11-15 18:21:48,3038.98,2.38e-05
2024-11-15 18:22:00,3041.24,2.384e-05
2024-11-15 18:22:12,3040.72,2.383e-05
2024-11-15 18:22:24,3039.71,2.383e-05
2024-11-15 18:22:36,3039.2,2.382e-05
2024-11-15 18:22:48,3039.01,2.384e-05
2024-11-15 18:23:00,3037.67,2.382e-05
2024-11-15 18:23:12,3034.0,2.377e-05
2024-11-15 18:23:24,3032.51,2.375e-05
2024-11-15 18:23:36,3031.68,2.373e-05
2024-11-15 18:23:48,3031.34,2.372e-05
2024-11-15 18:24:00,3030.7,2.373e-05
2024-11-15 18:24:12,3027.17,2.367e-05
2024-11-15 18:24:24,3024.46,2.362e-05
2024-11-15 18:24:36,3023.87,2.363e-05
2024-11-15 18:24:48,3024.46,2.362e-05
2024-11-15 18:25:00,3027.49,2.368e-05
2024-11-15 18:25:12,3028.7,2.37e-05
2024-11-15 18:25:24,3027.59,2.369e-05
2024-11-15 18:25:36,3031.25,2.375e-05
2024-11-15 18:25:48,3031.56,2.377e-05
2024-11-15 18:26:00,3030.49,2.376e-05
2024-11-15 18:26:12,3029.49,2.374e-05
2024-11-15 18:26:24,3024.59,2.373e-05
2024-11-15 18:26:36,3026.37,2.376e-05
2024-11-15 18:26:48,3028.25,2.38e-05
2024-11-15 18:27:00,3031.48,2.382e-05
2024-11-15 18:27:12,3031.01,2.383e-05
2024-11-15 18:27:24,3029.61,2.383e-05
2024-11-15 18:27:36,3029.14,2.383e-05
2024-11-15 18:27:48,3029.2,2.382e-05
2024-11-15 18:28:00,3031.49,2.383e-05
2024-11-15 18:28:12,3029.41,2.381e-05
2024-11-15 18:28:24,3028.15,2.378e-05
2024-11-15 18:28:36,3029.16,2.382e-05
2024-11-15 18:28:48,3031.96,2.388e-05
2024-11-15 18:29:00,3032.8,2.389e-05
2024-11-15 18:29:12,3031.01,2.387e-05
2024-11-15 18:29:24,3031.01,2.39e-05
2024-11-15 18:29:36,3030.15,2.39e-05
2024-11-15 18:29:48,3026.06,2.389e-05
2024-11-15 18:30:00,3027.31,2.389e-05
2024-11-15 18:30:12,3029.18,2.389e-05
2024-11-15 18:30:24,3027.77,2.389e-05
2024-11-15 18:30:36,3029.2,2.39e-05
2024-11-15 18:30:48,3030.69,2.393e-05
2024-11-15 18:31:00,3031.4,2.392e-05
2024-11-15 18:31:12,3030.68,2.393e-05
2024-11-15 18:31:24,3030.26,2.394e-05
2024-11-15 18:31:36,3028.79,2.391e-05
2024-11-15 18:31:48,3028.48,2.388e-05
2024-11-15 18:32:00,3027.49,2.386e-05
2024-11-15 18:32:12,3027.85,2.389e-05
2024-11-15 18:32:24,3027.68,2.386e-05
2024-11-15 18:32:36,3029.01,2.386e-05
2024-11-15 18:32:48,3031.16,2.391e-05
2024-11-15 18:33:00,3030.16,2.387e-05
2024-11-15 18:33:12,3031.93,2.393e-05
2024-11-15 18:33:24,3030.16,2.391e-05
2024-11-15 18:33:36,3029.51,2.389e-05
2024-11-15 18:33:48,3030.5,2.391e-05
2024-11-15 18:34:00,3028.51,2.388e-05
2024-11-15 18:34:12,3029.93,2.391e-05
2024-11-15 18:34:24,3031.49,2.392e-05
2024-11-15 18:34:36,3032.0,2.393e-05
2024-11-15 18:34:48,3031.84,2.393e-05
2024-11-15 18:35:00,3030.54,2.39e-05
2024-11-15 18:35:12,3029.58,2.388e-05
2024-11-15 18:35:24,3030.15,2.39e-05
2024-11-15 18:35:36,3026.72,2.385e-05
2024-11-15 18:35:48,3027.91,2.387e-05
2024-11-15 18:36:00,3026.81,2.385e-05
2024-11-15 18:36:12,3024.63,2.381e-05
2024-11-15 18:36:24,3023.5,2.38e-05
2024-11-15 18:36:36,3025.22,2.384e-05
2024-11-15 18:36:48,3027.96,2.388e-05
2024-11-15 18:37:00,3027.52,2.388e-05
2024-11-15 18:37:12,3025.51,2.386e-05
2024-11-15 18:37:24,3028.0,2.391e-05
2024-11-15 18:37:36,3029.78,2.396e-05
2024-11-15 18:37:48,3028.51,2.393e-05
2024-11-15 18:38:00,3027.99,2.393e-05
2024-11-15 18:38:12,3027.25,2.392e-05
2024-11-15 18:38:24,3028.15,2.395e-05
2024-11-15 18:38:36,3028.2,2.394e-05
2024-11-15 18:38:48,3024.37,2.388e-05
2024-11-15 18:39:00,3023.41,2.387e-05
2024-11-15 18:39:12,3020.6,2.382e-05
2024-11-15 18:39:24,3020.61,2.384e-05
2024-11-15 18:39:36,3022.46,2.386e-05
2024-11-15 18:39:48,3024.16,2.387e-05
2024-11-15 18:40:00,3025.5,2.39e-05
2024-11-15 18:40:12,3025.85,2.391e-05
2024-11-15 18:40:24,3025.44,2.39e-05
2024-11-15 18:40:36,3024.28,2.389e-05
2024-11-15 18:40:48,3023.67,2.389e-05
2024-11-15 18:41:00,3024.59,2.389e-05
2024-11-15 18:41:12,3025.49,2.39e-05
2024-11-15 18:41:24,3026.41,2.391e-05
2024-11-15 18:41:36,3025.46,2.389e-05
2024-11-15 18:41:48,3025.83,2.393e-05
2024-11-15 18:42:00,3026.0,2.392e-05
2024-11-15 18:42:12,3027.14,2.394e-05
2024-11-15 18:42:24,3030.39,2.396e-05
2024-11-15 18:42:36,3028.34,2.394e-05
2024-11-15 18:42:48,3025.99,2.393e-05
2024-11-15 18:43:00,3026.01,2.393e-05
2024-11-15 18:43:12,3026.42,2.394e-05
2024-11-15 18:43:24,3026.31,2.394e-05
2024-11-15 18:43:36,3026.99,2.395e-05
2024-11-15 18:43:48,3026.86,2.394e-05
2024-11-15 18:44:00,3024.79,2.392e-05
2024-11-15 18:44:12,3024.59,2.389e-05
2024-11-15 18:44:24,3024.6,2.39e-05
2024-11-15 18:44:36,3024.05,2.388e-05
2024-11-15 18:44:48,3024.98,2.39e-05
2024-11-15 18:45:00,3026.88,2.392e-05
2024-11-15 18:45:12,3029.06,2.393e-05
2024-11-15 18:45:24,3026.09,2.39e-05
2024-11-15 18:45:36,3028.18,2.393e-05
2024-11-15 18:45:48,3029.18,2.394e-05
2024-11-15 18:46:00,3027.79,2.392e-05
2024-11-15 18:46:12,3025.63,2.387e-05
2024-11-15 18:46:24,3026.13,2.388e-05
2024-11-15 18:46:36,3028.38,2.389e-05
2024-11-15 18:46:48,3028.64,2.388e-05
2024-11-15 18:47:00,3027.47,2.387e-05
2024-11-15 18:47:12,3029.38,2.389e-05
2024-11-15 18:47:24,3030.5,2.39e-05
2024-11-15 18:47:36,3028.15,2.387e-05
2024-11-15 18:47:48,3027.5,2.386e-05
2024-11-15 18:48:00,3025.63,2.385e-05
2024-11-15 18:48:12,3025.0,2.384e-05
2024-11-15 18:48:24,3023.31,2.384e-05
2024-11-15 18:48:36,3018.87,2.381e-05
2024-11-15 18:48:48,3021.11,2.382e-05
2024-11-15 18:49:00,3021.81,2.385e-05
2024-11-15 18:49:12,3022.69,2.386e-05
2024-11-15 18:49:24,3023.11,2.389e-05
2024-11-15 18:49:36,3020.6,2.386e-05
2024-11-15 18:49:48,3020.68,2.386e-05
2024-11-15 18:50:00,3019.6,2.386e-05
2024-11-15 18:50:12,3018.08,2.385e-05
2024-11-15 18:50:24,3021.11,2.389e-05
2024-11-15 18:50:36,3021.34,2.391e-05
2024-11-15 18:50:48,3023.12,2.391e-05
2024-11-15 18:51:00,3022.12,2.389e-05
2024-11-15 18:51:12,3022.5,2.39e-05
2024-11-15 18:51:24,3022.59,2.389e-05
2024-11-15 18:51:36,3020.51,2.387e-05
2024-11-15 18:51:48,3021.11,2.387e-05
2024-11-15 18:52:00,3020.8,2.387e-05
2024-11-15 18:52:12,3020.22,2.386e-05
2024-11-15 18:52:24,3019.78,2.385e-05
2024-11-15 18:52:36,3020.33,2.386e-05
2024-11-15 18:52:48,3018.48,2.383e-05
2024-11-15 18:53:00,3019.0,2.384e-05
2024-11-15 18:53:12,3018.8,2.382e-05
2024-11-15 18:53:24,3018.73,2.382e-05
2024-11-15 18:53:36,3018.09,2.382e-05
2024-11-15 18:53:48,3018.73,2.383e-05
2024-11-15 18:54:00,3018.8,2.384e-05
2024-11-15 18:54:12,3019.5,2.384e-05
2024-11-15 18:54:24,3019.89,2.385e-05
2024-11-15 18:54:36,3020.17,2.385e-05
2024-11-15 18:54:48,3020.54,2.385e-05
2024-11-15 18:55:00,3022.5,2.388e-05
2024-11-15 18:55:12,3022.54,2.386e-05
2024-11-15 18:55:24,3022.95,2.387e-05
2024-11-15 18:55:36,3021.81,2.387e-05
2024-11-15 18:55:48,3022.01,2.387e-05
2024-11-15 18:56:00,3022.72,2.389e-05
2024-11-15 18:56:12,3025.5,2.391e-05
2024-11-15 18:56:24,3024.44,2.391e-05
2024-11-15 18:56:36,3022.82,2.391e-05
2024-11-15 18:56:48,3021.36,2.391e-05
2024-11-15 18:57:00,3020.61,2.389e-05
2024-11-15 18:57:12,3019.01,2.388e-05
2024-11-15 18:57:24,3020.79,2.389e-05
2024-11-15 18:57:36,3020.41,2.39e-05
2024-11-15 18:57:48,3020.27,2.39e-05
2024-11-15 18:58:00,3019.22,2.391e-05
2024-11-15 18:58:12,3020.0,2.391e-05
2024-11-15 18:58:24,3019.48,2.391e-05
2024-11-15 18:58:36,3019.92,2.391e-05
2024-11-15 18:58:48,3020.0,2.391e-05
2024-11-15 18:59:00,3019.27,2.39e-05
2024-11-15 18:59:12,3019.87,2.391e-05
2024-11-15 18:59:24,3019.76,2.391e-05
2024-11-15 18:59:36,3019.92,2.391e-05
2024-11-15 18:59:48,3020.49,2.393e-05
2024-11-15 19:00:00,3020.54,2.393e-05
2024-11-15 19:00:12,3021.84,2.394e-05
2024-11-15 19:00:24,3020.39,2.393e-05
2024-11-15 19:00:36,3020.51,2.393e-05
2024-11-15 19:00:48,3020.6,2.391e-05
2024-11-15 19:01:00,3020.71,2.391e-05
2024-11-15 19:01:12,3020.62,2.392e-05
2024-11-15 19:01:24,3023.5,2.394e-05
2024-11-15 19:01:36,3025.49,2.396e-05
2024-11-15 19:01:48,3025.47,2.398e-05
2024-11-15 19:02:00,3026.66,2.399e-05
2024-11-15 19:02:12,3024.14,2.398e-05
2024-11-15 19:02:24,3024.33,2.398e-05
2024-11-15 19:02:36,3023.2,2.397e-05
2024-11-15 19:02:48,3021.12,2.396e-05
2024-11-15 19:03:00,3020.45,2.396e-05
2024-11-15 19:03:12,3016.84,2.388e-05
2024-11-15 19:03:24,3016.09,2.386e-05
2024-11-15 19:03:36,3017.78,2.389e-05
2024-11-15 19:03:48,3018.91,2.392e-05
2024-11-15 19:04:00,3017.8,2.39e-05
2024-11-15 19:04:12,3019.89,2.391e-05
2024-11-15 19:04:24,3021.48,2.393e-05
2024-11-15 19:04:36,3022.0,2.394e-05
2024-11-15 19:04:48,3021.59,2.393e-05
2024-11-15 19:05:00,3021.42,2.391e-05
2024-11-15 19:05:12,3021.42,2.39e-05
2024-11-15 19:05:24,3022.95,2.393e-05
2024-11-15 19:05:36,3023.49,2.396e-05
2024-11-15 19:05:48,3022.11,2.397e-05
2024-11-15 19:06:00,3022.52,2.397e-05
2024-11-15 19:06:12,3024.12,2.397e-05
2024-11-15 19:06:24,3023.4,2.395e-05
2024-11-15 19:06:36,3022.81,2.395e-05
2024-11-15 19:06:48,3023.66,2.395e-05
2024-11-15 19:07:00,3022.62,2.395e-05
2024-11-15 19:07:12,3022.36,2.395e-05
2024-11-15 19:07:24,3022.51,2.393e-05
2024-11-15 19:07:36,3023.74,2.394e-05
2024-11-15 19:07:48,3024.39,2.396e-05
2024-11-15 19:08:00,3028.59,2.398e-05
2024-11-15 19:08:12,3029.62,2.401e-05
2024-11-15 19:08:24,3030.0,2.403e-05
2024-11-15 19:08:36,3031.39,2.407e-05
2024-11-15 19:08:48,3031.4,2.409e-05
2024-11-15 19:09:00,3032.49,2.41e-05
2024-11-15 19:09:12,3033.0,2.41e-05
2024-11-15 19:09:24,3031.55,2.415e-05
2024-11-15 19:09:36,3032.07,2.418e-05
2024-11-15 19:09:48,3031.12,2.416e-05
2024-11-15 19:10:00,3030.23,2.414e-05
2024-11-15 19:10:12,3028.29,2.406e-05
2024-11-15 19:10:24,3029.84,2.409e-05
2024-11-15 19:10:36,3029.47,2.41e-05
2024-11-15 19:10:48,3030.05,2.409e-05
2024-11-15 19:11:00,3029.83,2.407e-05
2024-11-15 19:11:12,3029.58,2.405e-05
2024-11-15 19:11:24,3029.29,2.405e-05
2024-11-15 19:11:36,3028.79,2.404e-05
2024-11-15 19:11:48,3027.9,2.403e-05
2024-11-15 19:12:00,3028.02,2.404e-05
2024-11-15 19:12:12,3027.19,2.402e-05
2024-11-15 19:12:24,3027.67,2.403e-05
2024-11-15 19:12:36,3029.77,2.407e-05
2024-11-15 19:12:48,3029.5,2.407e-05
2024-11-15 19:13:00,3030.01,2.408e-05
2024-11-15 19:13:12,3028.96,2.406e-05
2024-11-15 19:13:24,3027.97,2.405e-05
2024-11-15 19:13:36,3027.32,2.404e-05
2024-11-15 19:13:48,3026.7,2.403e-05
2024-11-15 19:14:00,3027.99,2.404e-05
2024-11-15 19:14:12,3028.27,2.404e-05
2024-11-15 19:14:24,3027.71,2.402e-05
2024-11-15 19:14:36,3028.79,2.403e-05
2024-11-15 19:14:48,3029.15,2.404e-05
2024-11-15 19:15:00,3028.66,2.402e-05
2024-11-15 19:15:12,3029.16,2.403e-05
2024-11-15 19:15:24,3029.01,2.402e-05
2024-11-15 19:15:36,3029.0,2.4e-05
2024-11-15 19:15:48,3028.01,2.399e-05
2024-11-15 19:16:00,3028.6,2.399e-05
2024-11-15 19:16:12,3027.41,2.398e-05
2024-11-15 19:16:24,3026.83,2.398e-05
2024-11-15 19:16:36,3026.4,2.398e-05
2024-11-15 19:16:48,3026.38,2.398e-05
2024-11-15 19:17:00,3024.18,2.395e-05
2024-11-15 19:17:12,3022.87,2.392e-05
2024-11-15 19:17:24,3025.82,2.396e-05
2024-11-15 19:17:36,3026.01,2.397e-05
2024-11-15 19:17:48,3027.95,2.4e-05
2024-11-15 19:18:00,3027.6,2.399e-05
2024-11-15 19:18:12,3026.51,2.395e-05
2024-11-15 19:18:24,3024.65,2.392e-05
2024-11-15 19:18:36,3024.21,2.393e-05
2024-11-15 19:18:48,3024.78,2.392e-05
2024-11-15 19:19:00,3025.7,2.393e-05
2024-11-15 19:19:12,3025.02,2.392e-05
2024-11-15 19:19:24,3025.24,2.391e-05
2024-11-15 19:19:36,3025.65,2.391e-05
2024-11-15 19:19:48,3025.6,2.391e-05
2024-11-15 19:20:00,3025.01,2.391e-05
2024-11-15 19:20:12,3025.24,2.386e-05
2024-11-15 19:20:24,3024.95,2.388e-05
2024-11-15 19:20:36,3025.12,2.389e-05
2024-11-15 19:20:48,3024.52,2.386e-05
2024-11-15 19:21:00,3024.73,2.388e-05
2024-11-15 19:21:12,3024.52,2.387e-05
2024-11-15 19:21:24,3025.0,2.387e-05
2024-11-15 19:21:36,3026.38,2.388e-05
2024-11-15 19:21:48,3026.93,2.388e-05
2024-11-15 19:22:00,3028.21,2.389e-05
2024-11-15 19:22:12,3028.73,2.39e-05
2024-11-15 19:22:24,3028.62,2.389e-05
2024-11-15 19:22:36,3028.82,2.39e-05
2024-11-15 19:22:48,3028.43,2.389e-05
2024-11-15 19:23:00,3028.59,2.391e-05
2024-11-15 19:23:12,3029.99,2.393e-05
2024-11-15 19:23:24,3031.91,2.397e-05
2024-11-15 19:23:36,3032.21,2.396e-05
2024-11-15 19:23:48,3031.5,2.393e-05
2024-11-15 19:24:00,3032.59,2.396e-05
2024-11-15 19:24:12,3031.49,2.393e-05
2024-11-15 19:24:24,3032.0,2.395e-05
2024-11-15 19:24:36,3031.97,2.394e-05
2024-11-15 19:24:48,3031.67,2.395e-05
2024-11-15 19:25:00,3033.98,2.396e-05
2024-11-15 19:25:12,3032.42,2.393e-05
2024-11-15 19:25:24,3031.78,2.394e-05
2024-11-15 19:25:36,3033.38,2.396e-05
2024-11-15 19:25:48,3033.09,2.395e-05
2024-11-15 19:26:00,3033.64,2.397e-05
2024-11-15 19:26:12,3032.99,2.395e-05
2024-11-15 19:26:24,3034.88,2.398e-05
2024-11-15 19:26:36,3033.78,2.397e-05
2024-11-15 19:26:48,3033.78,2.397e-05
2024-11-15 19:27:00,3033.97,2.397e-05
2024-11-15 19:27:12,3034.79,2.396e-05
2024-11-15 19:27:24,3034.53,2.397e-05
2024-11-15 19:27:36,3033.48,2.398e-05
2024-11-15 19:27:48,3034.48,2.398e-05
2024-11-15 19:28:00,3034.89,2.4e-05
2024-11-15 19:28:12,3033.7,2.399e-05
2024-11-15 19:28:24,3034.03,2.398e-05
2024-11-15 19:28:36,3033.2,2.397e-05
2024-11-15 19:28:48,3033.78,2.396e-05
2024-11-15 19:29:00,3033.79,2.396e-05
2024-11-15 19:29:12,3033.01,2.396e-05
2024-11-15 19:29:24,3034.27,2.395e-05
2024-11-15 19:29:36,3034.18,2.396e-05
2024-11-15 19:29:48,3035.5,2.396e-05
2024-11-15 19:30:00,3035.86,2.398e-05
2024-11-15 19:30:12,3035.71,2.398e-05
2024-11-15 19:30:24,3034.62,2.397e-05
2024-11-15 19:30:36,3036.49,2.399e-05
2024-11-15 19:30:48,3036.25,2.398e-05
2024-11-15 19:31:00,3034.77,2.398e-05
2024-11-15 19:31:12,3035.34,2.4e-05
2024-11-15 19:31:24,3035.06,2.398e-05
2024-11-15 19:31:36,3035.2,2.397e-05
2024-11-15 19:31:48,3035.5,2.398e-05
2024-11-15 19:32:00,3035.2,2.398e-05
2024-11-15 19:32:12,3035.38,2.399e-05
2024-11-15 19:32:24,3035.07,2.398e-05
2024-11-15 19:32:36,3037.0,2.399e-05
2024-11-15 19:32:48,3036.94,2.4e-05
2024-11-15 19:33:00,3037.19,2.399e-05
2024-11-15 19:33:12,3036.28,2.397e-05
2024-11-15 19:33:24,3035.08,2.395e-05
2024-11-15 19:33:36,3036.5,2.398e-05
2024-11-15 19:33:48,3037.19,2.398e-05
2024-11-15 19:34:00,3037.46,2.399e-05
2024-11-15 19:34:12,3037.01,2.399e-05
2024-11-15 19:34:24,3036.82,2.398e-05
2024-11-15 19:34:36,3037.18,2.4e-05
2024-11-15 19:34:48,3038.43,2.403e-05
2024-11-15 19:35:00,3039.76,2.406e-05
2024-11-15 19:35:12,3040.15,2.407e-05
2024-11-15 19:35:24,3038.8,2.406e-05
2024-11-15 19:35:36,3041.21,2.409e-05
2024-11-15 19:35:48,3041.21,2.407e-05
2024-11-15 19:36:00,3041.0,2.406e-05
2024-11-15 19:36:12,3039.82,2.404e-05
2024-11-15 19:36:24,3040.0,2.405e-05
2024-11-15 19:36:36,3041.23,2.406e-05
2024-11-15 19:36:48,3042.0,2.407e-05
2024-11-15 19:37:00,3041.86,2.409e-05
2024-11-15 19:37:12,3044.18,2.411e-05
2024-11-15 19:37:24,3044.95,2.412e-05
2024-11-15 19:37:36,3044.85,2.411e-05
2024-11-15 19:37:48,3040.81,2.409e-05
2024-11-15 19:38:00,3041.41,2.411e-05
2024-11-15 19:38:12,3042.02,2.411e-05
2024-11-15 19:38:24,3040.93,2.41e-05
2024-11-15 19:38:36,3041.52,2.41e-05
2024-11-15 19:38:48,3049.99,2.417e-05
2024-11-15 19:39:00,3049.02,2.417e-05
2024-11-15 19:39:12,3048.7,2.423e-05
2024-11-15 19:39:24,3045.29,2.42e-05
2024-11-15 19:39:36,3044.84,2.42e-05
2024-11-15 19:39:48,3046.0,2.422e-05
2024-11-15 19:40:00,3047.23,2.425e-05
2024-11-15 19:40:12,3051.12,2.426e-05
2024-11-15 19:40:24,3052.29,2.425e-05
2024-11-15 19:40:36,3052.27,2.426e-05
2024-11-15 19:40:48,3049.81,2.426e-05
2024-11-15 19:41:00,3049.05,2.428e-05
2024-11-15 19:41:12,3048.95,2.428e-05
2024-11-15 19:41:24,3048.24,2.428e-05
2024-11-15 19:41:36,3049.97,2.43e-05
2024-11-15 19:41:48,3049.48,2.431e-05
2024-11-15 19:42:00,3051.93,2.433e-05
2024-11-15 19:42:12,3051.99,2.433e-05
2024-11-15 19:42:24,3051.22,2.434e-05
2024-11-15 19:42:36,3053.12,2.435e-05
2024-11-15 19:42:48,3053.09,2.436e-05
2024-11-15 19:43:00,3053.79,2.438e-05
2024-11-15 19:43:12,3053.49,2.438e-05
2024-11-15 19:43:24,3051.89,2.433e-05
2024-11-15 19:43:36,3053.56,2.436e-05
2024-11-15 19:43:48,3054.13,2.436e-05
2024-11-15 19:44:00,3054.12,2.436e-05
2024-11-15 19:44:12,3054.49,2.433e-05
2024-11-15 19:44:24,3053.69,2.432e-05
2024-11-15 19:44:36,3052.06,2.429e-05
2024-11-15 19:44:48,3053.27,2.43e-05
2024-11-15 19:45:00,3053.48,2.429e-05
2024-11-15 19:45:12,3053.13,2.43e-05
2024-11-15 19:45:24,3054.32,2.432e-05
2024-11-15 19:45:36,3051.33,2.429e-05
2024-11-15 19:45:48,3050.0,2.425e-05
2024-11-15 19:46:00,3050.26,2.425e-05
2024-11-15 19:46:12,3051.57,2.428e-05
2024-11-15 19:46:24,3053.59,2.432e-05
2024-11-15 19:46:36,3059.5,2.436e-05
2024-11-15 19:46:48,3057.31,2.433e-05
2024-11-15 19:47:00,3057.01,2.433e-05
2024-11-15 19:47:12,3057.21,2.433e-05
2024-11-15 19:47:24,3056.85,2.433e-05
2024-11-15 19:47:36,3054.75,2.432e-05
2024-11-15 19:47:48,3053.12,2.431e-05
2024-11-15 19:48:00,3052.92,2.431e-05
2024-11-15 19:48:12,3050.78,2.428e-05
2024-11-15 19:48:24,3050.93,2.426e-05
2024-11-15 19:48:36,3052.79,2.428e-05
2024-11-15 19:48:48,3054.07,2.429e-05
2024-11-15 19:49:00,3052.11,2.426e-05
2024-11-15 19:49:12,3053.67,2.427e-05
2024-11-15 19:49:24,3054.17,2.428e-05
2024-11-15 19:49:36,3053.27,2.427e-05
2024-11-15 19:49:48,3053.0,2.428e-05
2024-11-15 19:50:00,3052.66,2.427e-05
2024-11-15 19:50:12,3054.79,2.428e-05
2024-11-15 19:50:24,3056.28,2.429e-05
2024-11-15 19:50:36,3056.97,2.429e-05
2024-11-15 19:50:48,3056.0,2.428e-05
2024-11-15 19:51:00,3055.78,2.429e-05
2024-11-15 19:51:12,3055.64,2.428e-05
2024-11-15 19:51:24,3053.56,2.427e-05
2024-11-15 19:51:36,3053.02,2.428e-05
2024-11-15 19:51:48,3051.65,2.425e-05
2024-11-15 19:52:00,3049.07,2.425e-05
2024-11-15 19:52:12,3049.56,2.429e-05
2024-11-15 19:52:24,3050.25,2.428e-05
2024-11-15 19:52:36,3050.31,2.428e-05
2024-11-15 19:52:48,3050.03,2.428e-05
2024-11-15 19:53:00,3050.77,2.43e-05
2024-11-15 19:53:12,3048.55,2.426e-05
2024-11-15 19:53:24,3046.72,2.425e-05
2024-11-15 19:53:36,3046.04,2.424e-05
2024-11-15 19:53:48,3045.2,2.421e-05
2024-11-15 19:54:00,3045.22,2.422e-05
2024-11-15 19:54:12,3044.22,2.419e-05
2024-11-15 19:54:24,3042.32,2.416e-05
2024-11-15 19:54:36,3042.6,2.418e-05
2024-11-15 19:54:48,3040.85,2.415e-05
2024-11-15 19:55:00,3041.49,2.414e-05
2024-11-15 19:55:12,3037.8,2.413e-05
2024-11-15 19:55:24,3039.31,2.413e-05
2024-11-15 19:55:36,3038.99,2.413e-05
2024-11-15 19:55:48,3037.51,2.41e-05
2024-11-15 19:56:00,3033.52,2.407e-05
2024-11-15 19:56:12,3035.79,2.411e-05
2024-11-15 19:56:24,3033.61,2.409e-05
2024-11-15 19:56:36,3033.51,2.408e-05
2024-11-15 19:56:48,3032.96,2.409e-05
2024-11-15 19:57:00,3032.92,2.408e-05
2024-11-15 19:57:12,3036.34,2.411e-05
2024-11-15 19:57:24,3036.42,2.412e-05
2024-11-15 19:57:36,3038.58,2.413e-05
2024-11-15 19:57:48,3039.6,2.414e-05
2024-11-15 19:58:00,3040.0,2.414e-05
2024-11-15 19:58:12,3040.2,2.415e-05
2024-11-15 19:58:24,3040.18,2.417e-05
2024-11-15 19:58:36,3041.5,2.417e-05
2024-11-15 19:58:48,3040.52,2.415e-05
2024-11-15 19:59:00,3041.84,2.418e-05
2024-11-15 19:59:12,3041.14,2.417e-05
2024-11-15 19:59:24,3040.53,2.418e-05
2024-11-15 19:59:36,3040.19,2.416e-05
2024-11-15 19:59:48,3040.6,2.418e-05
2024-11-15 20:00:00,3039.58,2.416e-05
2024-11-15 20:00:12,3039.99,2.419e-05
2024-11-15 20:00:24,3038.57,2.418e-05
2024-11-15 20:00:36,3040.21,2.42e-05
2024-11-15 20:00:48,3041.18,2.422e-05
2024-11-15 20:01:00,3041.79,2.423e-05
2024-11-15 20:01:12,3043.37,2.425e-05
2024-11-15 20:01:24,3043.87,2.424e-05
2024-11-15 20:01:36,3044.81,2.427e-05
2024-11-15 20:01:48,3044.23,2.424e-05
2024-11-15 20:02:00,3042.96,2.424e-05
2024-11-15 20:02:12,3042.45,2.424e-05
2024-11-15 20:02:24,3042.59,2.424e-05
2024-11-15 20:02:36,3044.1,2.425e-05
2024-11-15 20:02:48,3044.14,2.426e-05
2024-11-15 20:03:00,3044.83,2.427e-05
2024-11-15 20:03:12,3046.24,2.429e-05
2024-11-15 20:03:24,3045.23,2.426e-05
2024-11-15 20:03:36,3044.0,2.425e-05
2024-11-15 20:03:48,3045.76,2.428e-05
2024-11-15 20:04:00,3044.32,2.426e-05
2024-11-15 20:04:12,3044.92,2.43e-05
2024-11-15 20:04:24,3044.01,2.428e-05
2024-11-15 20:04:36,3042.63,2.427e-05
2024-11-15 20:04:48,3042.61,2.428e-05
2024-11-15 20:05:00,3043.13,2.431e-05
2024-11-15 20:05:12,3041.63,2.428e-05
2024-11-15 20:05:24,3042.49,2.43e-05
2024-11-15 20:05:36,3046.28,2.434e-05
2024-11-15 20:05:48,3046.06,2.432e-05
2024-11-15 20:06:00,3045.23,2.434e-05
2024-11-15 20:06:12,3044.07,2.434e-05
2024-11-15 20:06:24,3046.5,2.435e-05
2024-11-15 20:06:36,3044.32,2.43e-05
2024-11-15 20:06:48,3044.61,2.431e-05
2024-11-15 20:07:00,3042.51,2.429e-05
2024-11-15 20:07:12,3040.23,2.426e-05
2024-11-15 20:07:24,3039.61,2.427e-05
2024-11-15 20:07:36,3040.02,2.427e-05
2024-11-15 20:07:48,3041.31,2.428e-05
2024-11-15 20:08:00,3040.01,2.428e-05
2024-11-15 20:08:12,3040.67,2.43e-05
2024-11-15 20:08:24,3042.22,2.43e-05
2024-11-15 20:08:36,3042.99,2.431e-05
2024-11-15 20:08:48,3043.0,2.431e-05
2024-11-15 20:09:00,3044.42,2.433e-05
2024-11-15 20:09:12,3044.97,2.436e-05
2024-11-15 20:09:24,3048.49,2.436e-05
2024-11-15 20:09:36,3047.78,2.438e-05
2024-11-15 20:09:48,3046.25,2.437e-05
2024-11-15 20:10:00,3045.61,2.434e-05
2024-11-15 20:10:12,3047.4,2.437e-05
2024-11-15 20:10:24,3046.4,2.435e-05
2024-11-15 20:10:36,3048.51,2.44e-05
2024-11-15 20:10:48,3049.45,2.439e-05
2024-11-15 20:11:00,3049.84,2.44e-05
2024-11-15 20:11:12,3049.43,2.438e-05
2024-11-15 20:11:24,3050.29,2.439e-05
2024-11-15 20:11:36,3048.74,2.437e-05
2024-11-15 20:11:48,3048.64,2.436e-05
2024-11-15 20:12:00,3048.24,2.436e-05
2024-11-15 20:12:12,3048.89,2.436e-05
2024-11-15 20:12:24,3051.0,2.436e-05
2024-11-15 20:12:36,3051.5,2.438e-05
2024-11-15 20:12:48,3051.28,2.439e-05
2024-11-15 20:13:00,3051.8,2.442e-05
2024-11-15 20:13:12,3053.2,2.445e-05
2024-11-15 20:13:24,3053.69,2.447e-05
2024-11-15 20:13:36,3054.28,2.444e-05
2024-11-15 20:13:48,3055.59,2.444e-05
2024-11-15 20:14:00,3055.58,2.445e-05
2024-11-15 20:14:12,3055.38,2.444e-05
2024-11-15 20:14:24,3056.34,2.447e-05
2024-11-15 20:14:36,3055.81,2.448e-05
2024-11-15 20:14:48,3055.51,2.449e-05
2024-11-15 20:15:00,3056.15,2.45e-05
2024-11-15 20:15:12,3055.08,2.448e-05
2024-11-15 20:15:24,3054.9,2.448e-05
2024-11-15 20:15:36,3057.39,2.45e-05
2024-11-15 20:15:48,3056.91,2.449e-05
2024-11-15 20:16:00,3054.02,2.45e-05
2024-11-15 20:16:12,3050.86,2.444e-05
2024-11-15 20:16:24,3055.78,2.449e-05
2024-11-15 20:16:36,3055.67,2.449e-05
2024-11-15 20:16:48,3056.85,2.45e-05
2024-11-15 20:17:00,3061.39,2.451e-05
2024-11-15 20:17:12,3062.08,2.453e-05
2024-11-15 20:17:24,3061.62,2.453e-05
2024-11-15 20:17:36,3059.03,2.45e-05
2024-11-15 20:17:48,3059.81,2.451e-05
2024-11-15 20:18:00,3058.99,2.45e-05
2024-11-15 20:18:12,3061.74,2.451e-05
2024-11-15 20:18:24,3063.31,2.451e-05
2024-11-15 20:18:36,3064.82,2.453e-05
2024-11-15 20:18:48,3065.06,2.453e-05
2024-11-15 20:19:00,3066.4,2.456e-05
2024-11-15 20:19:12,3070.0,2.459e-05
2024-11-15 20:19:24,3069.13,2.459e-05
2024-11-15 20:19:36,3071.11,2.459e-05
2024-11-15 20:19:48,3076.46,2.462e-05
2024-11-15 20:20:00,3078.09,2.463e-05
2024-11-15 20:20:12,3075.78,2.461e-05
2024-11-15 20:20:24,3073.2,2.457e-05
2024-11-15 20:20:36,3074.55,2.461e-05
2024-11-15 20:20:48,3076.78,2.465e-05
2024-11-15 20:21:00,3076.3,2.464e-05
2024-11-15 20:21:12,3075.98,2.464e-05
2024-11-15 20:21:24,3074.89,2.463e-05
2024-11-15 20:21:36,3073.65,2.462e-05
2024-11-15 20:21:48,3075.74,2.465e-05
2024-11-15 20:22:00,3076.29,2.466e-05
2024-11-15 20:22:12,3076.45,2.465e-05
2024-11-15 20:22:24,3079.6,2.467e-05
2024-11-15 20:22:36,3080.21,2.467e-05
2024-11-15 20:22:48,3078.77,2.467e-05
2024-11-15 20:23:00,3078.87,2.468e-05
2024-11-15 20:23:12,3077.85,2.468e-05
2024-11-15 20:23:24,3078.89,2.467e-05
2024-11-15 20:23:36,3077.24,2.466e-05
2024-11-15 20:23:48,3076.29,2.466e-05
2024-11-15 20:24:00,3074.92,2.463e-05
2024-11-15 20:24:12,3069.07,2.458e-05
2024-11-15 20:24:24,3069.83,2.459e-05
2024-11-15 20:24:36,3069.6,2.46e-05
2024-11-15 20:24:48,3067.22,2.461e-05
2024-11-15 20:25:00,3067.34,2.46e-05
2024-11-15 20:25:12,3069.5,2.462e-05
2024-11-15 20:25:24,3070.77,2.466e-05
2024-11-15 20:25:36,3068.4,2.461e-05
2024-11-15 20:25:48,3068.58,2.465e-05
2024-11-15 20:26:00,3070.42,2.467e-05
2024-11-15 20:26:12,3068.75,2.465e-05
2024-11-15 20:26:24,3069.51,2.465e-05
2024-11-15 20:26:36,3069.0,2.466e-05
2024-11-15 20:26:48,3068.41,2.466e-05
2024-11-15 20:27:00,3069.04,2.467e-05
2024-11-15 20:27:12,3065.38,2.463e-05
2024-11-15 20:27:24,3066.0,2.464e-05
2024-11-15 20:27:36,3068.06,2.467e-05
2024-11-15 20:27:48,3067.23,2.466e-05
2024-11-15 20:28:00,3067.49,2.466e-05
2024-11-15 20:28:12,3069.0,2.469e-05
2024-11-15 20:28:24,3068.33,2.469e-05
2024-11-15 20:28:36,3069.4,2.471e-05
2024-11-15 20:28:48,3068.7,2.471e-05
2024-11-15 20:29:00,3068.42,2.471e-05
2024-11-15 20:29:12,3066.62,2.468e-05
2024-11-15 20:29:24,3067.92,2.469e-05
2024-11-15 20:29:36,3067.52,2.468e-05
2024-11-15 20:29:48,3066.77,2.467e-05
2024-11-15 20:30:00,3067.52,2.467e-05
2024-11-15 20:30:12,3071.8,2.469e-05
2024-11-15 20:30:24,3073.64,2.471e-05
2024-11-15 20:30:36,3071.86,2.47e-05
2024-11-15 20:30:48,3071.48,2.469e-05
2024-11-15 20:31:00,3071.59,2.47e-05
2024-11-15 20:31:12,3070.6,2.466e-05
2024-11-15 20:31:24,3068.54,2.464e-05
2024-11-15 20:31:36,3067.33,2.46e-05
2024-11-15 20:31:48,3066.5,2.46e-05
2024-11-15 20:32:00,3067.93,2.461e-05
2024-11-15 20:32:12,3064.43,2.458e-05
2024-11-15 20:32:24,3061.95,2.453e-05
2024-11-15 20:32:36,3057.92,2.451e-05
2024-11-15 20:32:48,3057.86,2.452e-05
2024-11-15 20:33:00,3059.39,2.452e-05
2024-11-15 20:33:12,3062.01,2.455e-05
2024-11-15 20:33:24,3063.8,2.456e-05
2024-11-15 20:33:36,3064.19,2.456e-05
2024-11-15 20:33:48,3063.42,2.454e-05
2024-11-15 20:34:00,3064.7,2.454e-05
2024-11-15 20:34:12,3066.99,2.454e-05
2024-11-15 20:34:24,3065.01,2.451e-05
2024-11-15 20:34:36,3063.0,2.45e-05
2024-11-15 20:34:48,3065.12,2.45e-05
2024-11-15 20:35:00,3065.17,2.451e-05
2024-11-15 20:35:12,3067.33,2.452e-05
2024-11-15 20:35:24,3067.53,2.453e-05
2024-11-15 20:35:36,3069.71,2.455e-05
2024-11-15 20:35:48,3069.89,2.455e-05
2024-11-15 20:36:00,3067.17,2.452e-05
2024-11-15 20:36:12,3067.85,2.454e-05
2024-11-15 20:36:24,3069.57,2.452e-05
2024-11-15 20:36:36,3068.75,2.452e-05
2024-11-15 20:36:48,3068.31,2.452e-05
2024-11-15 20:37:00,3069.75,2.452e-05
2024-11-15 20:37:12,3071.11,2.452e-05
2024-11-15 20:37:24,3073.38,2.453e-05
2024-11-15 20:37:36,3074.29,2.453e-05
2024-11-15 20:37:48,3076.58,2.453e-05
2024-11-15 20:38:00,3074.78,2.453e-05
2024-11-15 20:38:12,3074.49,2.453e-05
2024-11-15 20:38:24,3073.47,2.452e-05
2024-11-15 20:38:36,3075.15,2.453e-05
2024-11-15 20:38:48,3074.68,2.454e-05
2024-11-15 20:39:00,3073.81,2.455e-05
2024-11-15 20:39:12,3074.11,2.456e-05
2024-11-15 20:39:24,3075.27,2.459e-05
2024-11-15 20:39:36,3075.38,2.461e-05
2024-11-15 20:39:48,3076.02,2.461e-05
2024-11-15 20:40:00,3077.18,2.459e-05
2024-11-15 20:40:12,3077.73,2.462e-05
2024-11-15 20:40:24,3077.93,2.462e-05
2024-11-15 20:40:36,3078.4,2.465e-05
2024-11-15 20:40:48,3079.18,2.463e-05
2024-11-15 20:41:00,3077.85,2.46e-05
2024-11-15 20:41:12,3078.59,2.462e-05
2024-11-15 20:41:24,3076.87,2.459e-05
2024-11-15 20:41:36,3076.88,2.456e-05
2024-11-15 20:41:48,3078.39,2.456e-05
2024-11-15 20:42:00,3077.83,2.456e-05
2024-11-15 20:42:12,3077.99,2.458e-05
2024-11-15 20:42:24,3074.37,2.454e-05
2024-11-15 20:42:36,3075.82,2.455e-05
2024-11-15 20:42:48,3077.49,2.458e-05
2024-11-15 20:43:00,3076.95,2.456e-05
2024-11-15 20:43:12,3078.77,2.456e-05
2024-11-15 20:43:24,3079.63,2.457e-05
2024-11-15 20:43:36,3080.33,2.457e-05
2024-11-15 20:43:48,3080.2,2.456e-05
2024-11-15 20:44:00,3082.35,2.457e-05
2024-11-15 20:44:12,3080.86,2.451e-05
2024-11-15 20:44:24,3079.06,2.451e-05
2024-11-15 20:44:36,3080.59,2.452e-05
2024-11-15 20:44:48,3079.63,2.452e-05
2024-11-15 20:45:00,3080.79,2.452e-05
2024-11-15 20:45:12,3080.8,2.457e-05
2024-11-15 20:45:24,3079.6,2.454e-05
2024-11-15 20:45:36,3078.88,2.454e-05
2024-11-15 20:45:48,3077.2,2.451e-05
2024-11-15 20:46:00,3075.81,2.451e-05
2024-11-15 20:46:12,3076.82,2.452e-05
2024-11-15 20:46:24,3077.84,2.452e-05
2024-11-15 20:46:36,3076.61,2.452e-05
2024-11-15 20:46:48,3079.49,2.455e-05
2024-11-15 20:47:00,3077.74,2.455e-05
2024-11-15 20:47:12,3078.84,2.456e-05
2024-11-15 20:47:24,3078.01,2.456e-05
2024-11-15 20:47:36,3078.5,2.456e-05
2024-11-15 20:47:48,3079.71,2.456e-05
2024-11-15 20:48:00,3079.01,2.457e-05
2024-11-15 20:48:12,3079.7,2.458e-05
2024-11-15 20:48:24,3076.78,2.455e-05
2024-11-15 20:48:36,3077.5,2.456e-05
2024-11-15 20:48:48,3078.32,2.458e-05
2024-11-15 20:49:00,3079.4,2.461e-05
2024-11-15 20:49:12,3079.0,2.465e-05
2024-11-15 20:49:24,3080.5,2.465e-05
2024-11-15 20:49:36,3081.18,2.465e-05
2024-11-15 20:49:48,3080.07,2.464e-05
2024-11-15 20:50:00,3079.88,2.464e-05
2024-11-15 20:50:12,3079.32,2.465e-05
2024-11-15 20:50:24,3078.81,2.466e-05
2024-11-15 20:50:36,3078.52,2.466e-05
2024-11-15 20:50:48,3079.0,2.466e-05
2024-11-15 20:51:00,3078.22,2.465e-05
2024-11-15 20:51:12,3079.61,2.467e-05
2024-11-15 20:51:24,3078.16,2.466e-05
2024-11-15 20:51:36,3080.75,2.466e-05
2024-11-15 20:51:48,3081.99,2.465e-05
2024-11-15 20:52:00,3082.73,2.465e-05
2024-11-15 20:52:12,3083.09,2.468e-05
2024-11-15 20:52:24,3084.37,2.469e-05
2024-11-15 20:52:36,3085.7,2.471e-05
2024-11-15 20:52:48,3085.72,2.473e-05
2024-11-15 20:53:00,3085.87,2.472e-05
2024-11-15 20:53:12,3086.91,2.473e-05
2024-11-15 20:53:24,3087.07,2.473e-05
2024-11-15 20:53:36,3086.02,2.471e-05
2024-11-15 20:53:48,3087.61,2.471e-05
2024-11-15 20:54:00,3087.62,2.472e-05
2024-11-15 20:54:12,3085.79,2.47e-05
2024-11-15 20:54:24,3088.19,2.47e-05
2024-11-15 20:54:36,3089.31,2.471e-05
2024-11-15 20:54:48,3089.57,2.471e-05
2024-11-15 20:55:00,3088.68,2.471e-05
2024-11-15 20:55:12,3090.38,2.473e-05
2024-11-15 20:55:24,3090.86,2.472e-05
2024-11-15 20:55:36,3090.08,2.471e-05
2024-11-15 20:55:48,3088.83,2.473e-05
2024-11-15 20:56:00,3087.95,2.472e-05
2024-11-15 20:56:12,3087.75,2.47e-05
2024-11-15 20:56:24,3088.42,2.471e-05
2024-11-15 20:56:36,3086.36,2.468e-05
2024-11-15 20:56:48,3086.4,2.468e-05
2024-11-15 20:57:00,3086.51,2.469e-05
2024-11-15 20:57:12,3087.0,2.468e-05
2024-11-15 20:57:24,3086.33,2.467e-05
2024-11-15 20:57:36,3085.53,2.467e-05
2024-11-15 20:57:48,3087.01,2.468e-05
2024-11-15 20:58:00,3085.87,2.468e-05
2024-11-15 20:58:12,3085.99,2.467e-05
2024-11-15 20:58:24,3086.75,2.468e-05
2024-11-15 20:58:36,3087.09,2.47e-05
2024-11-15 20:58:48,3086.74,2.47e-05
2024-11-15 20:59:00,3086.49,2.468e-05
2024-11-15 20:59:12,3089.34,2.471e-05
2024-11-15 20:59:24,3090.43,2.472e-05
2024-11-15 20:59:36,3089.6,2.471e-05
2024-11-15 20:59:48,3089.33,2.474e-05
2024-11-15 21:00:00,3090.62,2.48e-05
2024-11-15 21:00:12,3089.32,2.481e-05
2024-11-15 21:00:24,3088.27,2.476e-05
2024-11-15 21:00:36,3086.89,2.475e-05
2024-11-15 21:00:48,3083.79,2.473e-05
2024-11-15 21:01:00,3085.62,2.473e-05
2024-11-15 21:01:12,3087.49,2.476e-05
2024-11-15 21:01:24,3086.34,2.474e-05
2024-11-15 21:01:36,3086.91,2.472e-05
2024-11-15 21:01:48,3088.0,2.471e-05
2024-11-15 21:02:00,3087.99,2.466e-05
2024-11-15 21:02:12,3086.54,2.464e-05
2024-11-15 21:02:24,3087.0,2.467e-05
2024-11-15 21:02:36,3085.0,2.466e-05
2024-11-15 21:02:48,3086.0,2.469e-05
2024-11-15 21:03:00,3084.9,2.466e-05
2024-11-15 21:03:12,3084.8,2.467e-05
2024-11-15 21:03:24,3084.5,2.469e-05
2024-11-15 21:03:36,3083.01,2.464e-05
2024-11-15 21:03:48,3081.85,2.465e-05
2024-11-15 21:04:00,3080.86,2.466e-05
2024-11-15 21:04:12,3081.99,2.467e-05
2024-11-15 21:04:24,3083.18,2.471e-05
2024-11-15 21:04:36,3083.42,2.471e-05
2024-11-15 21:04:48,3081.83,2.468e-05
2024-11-15 21:05:00,3082.32,2.467e-05
2024-11-15 21:05:12,3082.31,2.467e-05
2024-11-15 21:05:24,3082.8,2.467e-05
2024-11-15 21:05:36,3083.91,2.471e-05
2024-11-15 21:05:48,3086.21,2.472e-05
2024-11-15 21:06:00,3086.32,2.471e-05
2024-11-15 21:06:12,3086.01,2.471e-05
2024-11-15 21:06:24,3085.89,2.47e-05
2024-11-15 21:06:36,3086.13,2.47e-05
2024-11-15 21:06:48,3086.94,2.474e-05
2024-11-15 21:07:00,3087.58,2.475e-05
2024-11-15 21:07:12,3085.83,2.473e-05
2024-11-15 21:07:24,3085.84,2.473e-05
2024-11-15 21:07:36,3086.24,2.474e-05
2024-11-15 21:07:48,3084.29,2.468e-05
2024-11-15 21:08:00,3086.0,2.47e-05
2024-11-15 21:08:12,3086.86,2.474e-05
2024-11-15 21:08:24,3087.87,2.471e-05
2024-11-15 21:08:36,3087.99,2.471e-05
2024-11-15 21:08:48,3089.29,2.471e-05
2024-11-15 21:09:00,3089.0,2.47e-05
2024-11-15 21:09:12,3090.45,2.47e-05
2024-11-15 21:09:24,3089.41,2.469e-05
2024-11-15 21:09:36,3089.19,2.469e-05
2024-11-15 21:09:48,3088.41,2.469e-05
2024-11-15 21:10:00,3088.11,2.469e-05
2024-11-15 21:10:12,3088.12,2.468e-05
2024-11-15 21:10:24,3086.85,2.469e-05
2024-11-15 21:10:36,3087.17,2.47e-05
2024-11-15 21:10:48,3087.79,2.471e-05
2024-11-15 21:11:00,3086.44,2.471e-05
2024-11-15 21:11:12,3085.63,2.472e-05
2024-11-15 21:11:24,3085.04,2.473e-05
2024-11-15 21:11:36,3085.0,2.471e-05
2024-11-15 21:11:48,3086.99,2.473e-05
2024-11-15 21:12:00,3086.74,2.471e-05
2024-11-15 21:12:12,3086.91,2.473e-05
2024-11-15 21:12:24,3087.83,2.473e-05
2024-11-15 21:12:36,3086.6,2.474e-05
2024-11-15 21:12:48,3087.15,2.474e-05
2024-11-15 21:13:00,3089.8,2.477e-05
2024-11-15 21:13:12,3089.5,2.475e-05
2024-11-15 21:13:24,3089.8,2.476e-05
2024-11-15 21:13:36,3089.76,2.473e-05
2024-11-15 21:13:48,3089.28,2.475e-05
2024-11-15 21:14:00,3090.45,2.475e-05
2024-11-15 21:14:12,3090.87,2.475e-05
2024-11-15 21:14:24,3091.34,2.475e-05
2024-11-15 21:14:36,3090.4,2.475e-05
2024-11-15 21:14:48,3090.88,2.475e-05
2024-11-15 21:15:00,3090.88,2.474e-05
2024-11-15 21:15:12,3092.47,2.477e-05
2024-11-15 21:15:24,3091.5,2.474e-05
2024-11-15 21:15:36,3093.7,2.476e-05
2024-11-15 21:15:48,3092.11,2.473e-05
2024-11-15 21:16:00,3090.87,2.47e-05
2024-11-15 21:16:12,3090.9,2.475e-05
2024-11-15 21:16:24,3091.31,2.477e-05
2024-11-15 21:16:36,3092.72,2.48e-05
2024-11-15 21:16:48,3091.28,2.481e-05
2024-11-15 21:17:00,3093.41,2.484e-05
2024-11-15 21:17:12,3091.97,2.483e-05
2024-11-15 21:17:24,3091.61,2.484e-05
2024-11-15 21:17:36,3093.92,2.486e-05
2024-11-15 21:17:48,3095.14,2.485e-05
2024-11-15 21:18:00,3095.16,2.487e-05
2024-11-15 21:18:12,3096.89,2.488e-05
2024-11-15 21:18:24,3098.43,2.488e-05
2024-11-15 21:18:36,3097.99,2.489e-05
2024-11-15 21:18:48,3098.01,2.488e-05
2024-11-15 21:19:00,3098.21,2.488e-05
2024-11-15 21:19:12,3096.38,2.488e-05
2024-11-15 21:19:24,3098.04,2.49e-05
2024-11-15 21:19:36,3099.33,2.493e-05
2024-11-15 21:19:48,3098.78,2.495e-05
2024-11-15 21:20:00,3099.48,2.497e-05
2024-11-15 21:20:12,3099.98,2.498e-05
2024-11-15 21:20:24,3100.0,2.499e-05
2024-11-15 21:20:36,3099.98,2.496e-05
2024-11-15 21:20:48,3098.8,2.494e-05
2024-11-15 21:21:00,3096.78,2.494e-05
2024-11-15 21:21:12,3097.94,2.494e-05
2024-11-15 21:21:24,3098.41,2.495e-05
2024-11-15 21:21:36,3097.51,2.494e-05
2024-11-15 21:21:48,3097.02,2.494e-05
2024-11-15 21:22:00,3094.47,2.489e-05
2024-11-15 21:22:12,3091.48,2.485e-05
2024-11-15 21:22:24,3091.97,2.484e-05
2024-11-15 21:22:36,3091.83,2.484e-05
2024-11-15 21:22:48,3091.39,2.485e-05
2024-11-15 21:23:00,3088.77,2.483e-05
2024-11-15 21:23:12,3088.69,2.482e-05
2024-11-15 21:23:24,3088.4,2.482e-05
2024-11-15 21:23:36,3086.74,2.476e-05
2024-11-15 21:23:48,3085.97,2.477e-05
2024-11-15 21:24:00,3086.55,2.473e-05
2024-11-15 21:24:12,3086.21,2.476e-05
2024-11-15 21:24:24,3086.75,2.477e-05
2024-11-15 21:24:36,3085.88,2.476e-05
2024-11-15 21:24:48,3086.34,2.477e-05
2024-11-15 21:25:00,3088.48,2.479e-05
2024-11-15 21:25:12,3091.45,2.48e-05
2024-11-15 21:25:24,3091.78,2.483e-05
2024-11-15 21:25:36,3091.99,2.482e-05
2024-11-15 21:25:48,3091.6,2.482e-05
2024-11-15 21:26:00,3090.0,2.482e-05
2024-11-15 21:26:12,3091.46,2.485e-05
2024-11-15 21:26:24,3092.97,2.488e-05
2024-11-15 21:26:36,3093.0,2.489e-05
2024-11-15 21:26:48,3092.0,2.486e-05
2024-11-15 21:27:00,3091.51,2.486e-05
2024-11-15 21:27:12,3092.4,2.487e-05
2024-11-15 21:27:24,3089.7,2.485e-05
2024-11-15 21:27:36,3090.27,2.485e-05
2024-11-15 21:27:48,3089.51,2.483e-05
2024-11-15 21:28:00,3088.83,2.482e-05
2024-11-15 21:28:12,3090.0,2.484e-05
2024-11-15 21:28:24,3088.61,2.482e-05
2024-11-15 21:28:36,3089.25,2.481e-05
2024-11-15 21:28:48,3089.01,2.48e-05
2024-11-15 21:29:00,3089.41,2.48e-05
2024-11-15 21:29:12,3089.3,2.481e-05
2024-11-15 21:29:24,3088.96,2.482e-05
2024-11-15 21:29:36,3087.44,2.482e-05
2024-11-15 21:29:48,3086.29,2.482e-05
2024-11-15 21:30:00,3087.12,2.482e-05
2024-11-15 21:30:12,3088.99,2.483e-05
2024-11-15 21:30:24,3090.87,2.486e-05
2024-11-15 21:30:36,3090.37,2.485e-05
2024-11-15 21:30:48,3088.93,2.485e-05
2024-11-15 21:31:00,3088.51,2.484e-05
2024-11-15 21:31:12,3089.05,2.485e-05
2024-11-15 21:31:24,3089.75,2.484e-05
2024-11-15 21:31:36,3090.77,2.486e-05
2024-11-15 21:31:48,3089.89,2.485e-05
2024-11-15 21:32:00,3088.89,2.484e-05
2024-11-15 21:32:12,3089.91,2.492e-05
2024-11-15 21:32:24,3090.46,2.493e-05
2024-11-15 21:32:36,3090.1,2.495e-05
2024-11-15 21:32:48,3090.86,2.495e-05
2024-11-15 21:33:00,3090.46,2.495e-05
2024-11-15 21:33:12,3089.98,2.494e-05
2024-11-15 21:33:24,3088.1,2.49e-05
2024-11-15 21:33:36,3087.32,2.489e-05
2024-11-15 21:33:48,3088.8,2.49e-05
2024-11-15 21:34:00,3087.7,2.49e-05
2024-11-15 21:34:12,3088.78,2.489e-05
2024-11-15 21:34:24,3089.51,2.49e-05
2024-11-15 21:34:36,3089.79,2.488e-05
2024-11-15 21:34:48,3089.01,2.487e-05
2024-11-15 21:35:00,3089.01,2.49e-05
2024-11-15 21:35:12,3091.37,2.493e-05
2024-11-15 21:35:24,3090.81,2.493e-05
2024-11-15 21:35:36,3091.01,2.492e-05
2024-11-15 21:35:48,3091.0,2.491e-05
2024-11-15 21:36:00,3091.7,2.494e-05
2024-11-15 21:36:12,3093.68,2.494e-05
2024-11-15 21:36:24,3095.0,2.495e-05
2024-11-15 21:36:36,3095.01,2.494e-05
2024-11-15 21:36:48,3095.8,2.494e-05
2024-11-15 21:37:00,3096.4,2.495e-05
2024-11-15 21:37:12,3097.94,2.497e-05
2024-11-15 21:37:24,3095.6,2.496e-05
2024-11-15 21:37:36,3096.4,2.497e-05
2024-11-15 21:37:48,3095.14,2.493e-05
2024-11-15 21:38:00,3094.01,2.494e-05
2024-11-15 21:38:12,3093.74,2.492e-05
2024-11-15 21:38:24,3093.02,2.492e-05
2024-11-15 21:38:36,3090.91,2.492e-05
2024-11-15 21:38:48,3080.12,2.489e-05
2024-11-15 21:39:00,3081.35,2.489e-05
2024-11-15 21:39:12,3083.67,2.493e-05
2024-11-15 21:39:24,3085.45,2.495e-05
2024-11-15 21:39:36,3085.03,2.493e-05
2024-11-15 21:39:48,3085.66,2.495e-05
2024-11-15 21:40:00,3086.0,2.495e-05
2024-11-15 21:40:12,3085.05,2.494e-05
2024-11-15 21:40:24,3085.39,2.497e-05
2024-11-15 21:40:36,3087.5,2.497e-05
2024-11-15 21:40:48,3086.61,2.498e-05
2024-11-15 21:41:00,3088.32,2.498e-05
2024-11-15 21:41:12,3087.01,2.496e-05
2024-11-15 21:41:24,3085.01,2.493e-05
2024-11-15 21:41:36,3083.81,2.494e-05
2024-11-15 21:41:48,3080.5,2.491e-05
2024-11-15 21:42:00,3081.37,2.493e-05
2024-11-15 21:42:12,3082.5,2.496e-05
2024-11-15 21:42:24,3079.38,2.495e-05
2024-11-15 21:42:36,3080.0,2.498e-05
2024-11-15 21:42:48,3080.0,2.501e-05
2024-11-15 21:43:00,3080.0,2.501e-05
2024-11-15 21:43:12,3082.94,2.503e-05
2024-11-15 21:43:24,3084.54,2.509e-05
2024-11-15 21:43:36,3085.25,2.513e-05
2024-11-15 21:43:48,3087.54,2.515e-05
2024-11-15 21:44:00,3084.9,2.514e-05
2024-11-15 21:44:12,3084.81,2.511e-05
2024-11-15 21:44:24,3083.54,2.512e-05
2024-11-15 21:44:36,3083.67,2.507e-05
2024-11-15 21:44:48,3084.07,2.51e-05
2024-11-15 21:45:00,3083.61,2.511e-05
2024-11-15 21:45:12,3084.76,2.508e-05
2024-11-15 21:45:24,3085.29,2.507e-05
2024-11-15 21:45:36,3084.01,2.507e-05
2024-11-15 21:45:48,3084.01,2.507e-05
2024-11-15 21:46:00,3084.51,2.506e-05
2024-11-15 21:46:12,3082.59,2.502e-05
2024-11-15 21:46:24,3082.11,2.501e-05
2024-11-15 21:46:36,3081.64,2.499e-05
2024-11-15 21:46:48,3081.52,2.498e-05
2024-11-15 21:47:00,3081.4,2.501e-05
2024-11-15 21:47:12,3081.2,2.501e-05
2024-11-15 21:47:24,3081.01,2.501e-05
2024-11-15 21:47:36,3080.07,2.501e-05
2024-11-15 21:47:48,3080.06,2.5e-05
2024-11-15 21:48:00,3079.55,2.498e-05
2024-11-15 21:48:12,3078.72,2.497e-05
2024-11-15 21:48:24,3079.66,2.499e-05
2024-11-15 21:48:36,3079.62,2.499e-05
2024-11-15 21:48:48,3078.78,2.498e-05
2024-11-15 21:49:00,3079.4,2.496e-05
2024-11-15 21:49:12,3078.8,2.494e-05
2024-11-15 21:49:24,3078.75,2.495e-05
2024-11-15 21:49:36,3078.48,2.494e-05
2024-11-15 21:49:48,3080.07,2.499e-05
2024-11-15 21:50:00,3081.74,2.501e-05
2024-11-15 21:50:12,3082.84,2.503e-05
2024-11-15 21:50:24,3083.49,2.508e-05
2024-11-15 21:50:36,3083.78,2.516e-05
2024-11-15 21:50:48,3084.3,2.517e-05
2024-11-15 21:51:00,3083.6,2.523e-05
2024-11-15 21:51:12,3084.19,2.52e-05
2024-11-15 21:51:24,3086.16,2.521e-05
2024-11-15 21:51:36,3088.79,2.526e-05
2024-11-15 21:51:48,3090.05,2.525e-05
2024-11-15 21:52:00,3092.98,2.527e-05
2024-11-15 21:52:12,3095.73,2.53e-05
2024-11-15 21:52:24,3092.41,2.528e-05
2024-11-15 21:52:36,3093.32,2.532e-05
2024-11-15 21:52:48,3092.4,2.534e-05
2024-11-15 21:53:00,3090.21,2.536e-05
2024-11-15 21:53:12,3092.8,2.54e-05
2024-11-15 21:53:24,3094.2,2.539e-05
2024-11-15 21:53:36,3095.54,2.542e-05
2024-11-15 21:53:48,3096.06,2.541e-05
2024-11-15 21:54:00,3096.06,2.538e-05
2024-11-15 21:54:12,3093.65,2.533e-05
2024-11-15 21:54:24,3094.41,2.533e-05
2024-11-15 21:54:36,3094.89,2.534e-05
2024-11-15 21:54:48,3095.81,2.532e-05
2024-11-15 21:55:00,3095.0,2.529e-05
2024-11-15 21:55:12,3093.82,2.532e-05
2024-11-15 21:55:24,3095.46,2.532e-05
2024-11-15 21:55:36,3095.5,2.53e-05
2024-11-15 21:55:48,3096.2,2.533e-05
2024-11-15 21:56:00,3096.23,2.532e-05
2024-11-15 21:56:12,3096.2,2.534e-05
2024-11-15 21:56:24,3094.51,2.533e-05
2024-11-15 21:56:36,3094.82,2.532e-05
2024-11-15 21:56:48,3095.13,2.531e-05
2024-11-15 21:57:00,3094.59,2.531e-05
2024-11-15 21:57:12,3093.12,2.527e-05
2024-11-15 21:57:24,3092.33,2.525e-05
2024-11-15 21:57:36,3091.8,2.523e-05
2024-11-15 21:57:48,3089.8,2.52e-05
2024-11-15 21:58:00,3091.2,2.52e-05
2024-11-15 21:58:12,3091.78,2.52e-05
2024-11-15 21:58:24,3089.15,2.517e-05
2024-11-15 21:58:36,3088.51,2.517e-05
2024-11-15 21:58:48,3088.47,2.517e-05
2024-11-15 21:59:00,3088.72,2.518e-05
2024-11-15 21:59:12,3089.2,2.517e-05
2024-11-15 21:59:24,3089.16,2.519e-05
2024-11-15 21:59:36,3089.93,2.52e-05
2024-11-15 21:59:48,3089.62,2.52e-05
2024-11-15 22:00:00,3090.01,2.52e-05
2024-11-15 22:00:12,3090.01,2.52e-05
2024-11-15 22:00:24,3090.42,2.52e-05
2024-11-15 22:00:36,3089.23,2.517e-05
2024-11-15 22:00:48,3089.77,2.522e-05
2024-11-15 22:01:00,3091.17,2.523e-05
2024-11-15 22:01:12,3091.89,2.526e-05
2024-11-15 22:01:24,3093.38,2.526e-05
2024-11-15 22:01:36,3094.51,2.528e-05
2024-11-15 22:01:48,3096.4,2.527e-05
2024-11-15 22:02:00,3096.93,2.528e-05
2024-11-15 22:02:12,3096.98,2.528e-05
2024-11-15 22:02:24,3095.37,2.528e-05
2024-11-15 22:02:36,3095.05,2.528e-05
2024-11-15 22:02:48,3093.61,2.528e-05
2024-11-15 22:03:00,3094.97,2.531e-05
2024-11-15 22:03:12,3094.02,2.533e-05
2024-11-15 22:03:24,3093.69,2.534e-05
2024-11-15 22:03:36,3094.99,2.535e-05
2024-11-15 22:03:48,3095.18,2.534e-05
2024-11-15 22:04:00,3093.84,2.533e-05
2024-11-15 22:04:12,3091.5,2.532e-05
2024-11-15 22:04:24,3090.6,2.531e-05
2024-11-15 22:04:36,3089.76,2.531e-05
2024-11-15 22:04:48,3088.99,2.53e-05
2024-11-15 22:05:00,3088.0,2.529e-05
2024-11-15 22:05:12,3089.34,2.528e-05
2024-11-15 22:05:24,3089.84,2.53e-05
2024-11-15 22:05:36,3088.75,2.53e-05
2024-11-15 22:05:48,3089.0,2.535e-05
2024-11-15 22:06:00,3087.59,2.538e-05
2024-11-15 22:06:12,3084.72,2.534e-05
2024-11-15 22:06:24,3084.0,2.529e-05
2024-11-15 22:06:36,3084.4,2.532e-05
2024-11-15 22:06:48,3084.42,2.532e-05
2024-11-15 22:07:00,3084.13,2.534e-05
2024-11-15 22:07:12,3085.95,2.533e-05
2024-11-15 22:07:24,3086.2,2.538e-05
2024-11-15 22:07:36,3085.05,2.541e-05
2024-11-15 22:07:48,3085.8,2.542e-05
2024-11-15 22:08:00,3085.58,2.542e-05
2024-11-15 22:08:12,3085.19,2.543e-05
2024-11-15 22:08:24,3083.8,2.54e-05
2024-11-15 22:08:36,3083.69,2.543e-05
2024-11-15 22:08:48,3083.2,2.545e-05
2024-11-15 22:09:00,3082.4,2.541e-05
2024-11-15 22:09:12,3081.95,2.542e-05
2024-11-15 22:09:24,3081.79,2.544e-05
2024-11-15 22:09:36,3082.38,2.545e-05
2024-11-15 22:09:48,3083.59,2.545e-05
2024-11-15 22:10:00,3083.41,2.549e-05
2024-11-15 22:10:12,3082.5,2.558e-05
2024-11-15 22:10:24,3082.42,2.561e-05
2024-11-15 22:10:36,3083.34,2.563e-05
2024-11-15 22:10:48,3083.1,2.568e-05
2024-11-15 22:11:00,3083.18,2.577e-05
2024-11-15 22:11:12,3083.79,2.586e-05
2024-11-15 22:11:24,3086.41,2.591e-05
2024-11-15 22:11:36,3086.73,2.598e-05
2024-11-15 22:11:48,3084.93,2.6e-05
2024-11-15 22:12:00,3089.1,2.596e-05
2024-11-15 22:12:12,3088.96,2.595e-05
2024-11-15 22:12:24,3088.89,2.591e-05
2024-11-15 22:12:36,3088.27,2.589e-05
2024-11-15 22:12:48,3086.56,2.593e-05
2024-11-15 22:13:00,3085.21,2.592e-05
2024-11-15 22:13:12,3084.14,2.593e-05
2024-11-15 22:13:24,3085.5,2.591e-05
2024-11-15 22:13:36,3086.99,2.59e-05
2024-11-15 22:13:48,3085.6,2.58e-05
2024-11-15 22:14:00,3086.16,2.574e-05
2024-11-15 22:14:12,3085.8,2.572e-05
2024-11-15 22:14:24,3085.6,2.574e-05
2024-11-15 22:14:36,3086.86,2.571e-05
2024-11-15 22:14:48,3086.51,2.565e-05
2024-11-15 22:15:00,3085.61,2.565e-05
2024-11-15 22:15:12,3086.5,2.564e-05
2024-11-15 22:15:24,3086.99,2.56e-05
2024-11-15 22:15:36,3085.02,2.552e-05
2024-11-15 22:15:48,3084.19,2.551e-05
2024-11-15 22:16:00,3084.0,2.552e-05
2024-11-15 22:16:12,3084.02,2.556e-05
2024-11-15 22:16:24,3083.77,2.55e-05
2024-11-15 22:16:36,3082.86,2.544e-05
2024-11-15 22:16:48,3082.95,2.54e-05
2024-11-15 22:17:00,3082.09,2.539e-05
2024-11-15 22:17:12,3083.78,2.547e-05
2024-11-15 22:17:24,3083.96,2.545e-05
2024-11-15 22:17:36,3085.35,2.544e-05
2024-11-15 22:17:48,3085.61,2.548e-05
2024-11-15 22:18:00,3086.15,2.55e-05
2024-11-15 22:18:12,3086.85,2.546e-05
2024-11-15 22:18:24,3087.12,2.545e-05
2024-11-15 22:18:36,3087.76,2.543e-05
2024-11-15 22:18:48,3086.54,2.541e-05
2024-11-15 22:19:00,3085.52,2.547e-05
2024-11-15 22:19:12,3085.52,2.546e-05
2024-11-15 22:19:24,3084.86,2.548e-05
2024-11-15 22:19:36,3084.5,2.547e-05
2024-11-15 22:19:48,3083.91,2.543e-05
2024-11-15 22:20:00,3083.54,2.542e-05
2024-11-15 22:20:12,3083.5,2.544e-05
2024-11-15 22:20:24,3087.39,2.555e-05
2024-11-15 22:20:36,3089.18,2.562e-05
2024-11-15 22:20:48,3089.99,2.562e-05
2024-11-15 22:21:00,3091.36,2.567e-05
2024-11-15 22:21:12,3091.78,2.567e-05
2024-11-15 22:21:24,3093.01,2.566e-05
2024-11-15 22:21:36,3093.46,2.559e-05
2024-11-15 22:21:48,3094.99,2.563e-05
2024-11-15 22:22:00,3092.61,2.567e-05
2024-11-15 22:22:12,3092.33,2.567e-05
2024-11-15 22:22:24,3092.5,2.566e-05
2024-11-15 22:22:36,3094.28,2.562e-05
2024-11-15 22:22:48,3095.38,2.563e-05
2024-11-15 22:23:00,3097.34,2.561e-05
2024-11-15 22:23:12,3098.45,2.556e-05
2024-11-15 22:23:24,3098.45,2.554e-05
2024-11-15 22:23:36,3099.58,2.554e-05
2024-11-15 22:23:48,3099.78,2.559e-05
2024-11-15 22:24:00,3100.14,2.56e-05
2024-11-15 22:24:12,3102.0,2.556e-05
2024-11-15 22:24:24,3100.67,2.552e-05
2024-11-15 22:24:36,3102.74,2.553e-05
2024-11-15 22:24:48,3102.58,2.55e-05
2024-11-15 22:25:00,3103.12,2.549e-05
2024-11-15 22:25:12,3101.91,2.546e-05
2024-11-15 22:25:24,3103.44,2.545e-05
2024-11-15 22:25:36,3104.41,2.546e-05
2024-11-15 22:25:48,3105.9,2.546e-05
2024-11-15 22:26:00,3105.8,2.545e-05
2024-11-15 22:26:12,3105.21,2.547e-05
2024-11-15 22:26:24,3104.68,2.548e-05
2024-11-15 22:26:36,3105.18,2.553e-05
2024-11-15 22:26:48,3104.86,2.552e-05
2024-11-15 22:27:00,3104.85,2.55e-05
2024-11-15 22:27:12,3103.29,2.549e-05
2024-11-15 22:27:24,3102.97,2.551e-05
2024-11-15 22:27:36,3100.01,2.555e-05
2024-11-15 22:27:48,3100.26,2.558e-05
2024-11-15 22:28:00,3098.61,2.552e-05
2024-11-15 22:28:12,3099.69,2.555e-05
2024-11-15 22:28:24,3101.8,2.555e-05
2024-11-15 22:28:36,3102.01,2.558e-05
2024-11-15 22:28:48,3101.52,2.555e-05
2024-11-15 22:29:00,3101.51,2.555e-05
2024-11-15 22:29:12,3101.52,2.555e-05
2024-11-15 22:29:24,3102.74,2.558e-05
2024-11-15 22:29:36,3102.73,2.556e-05
2024-11-15 22:29:48,3101.29,2.555e-05
2024-11-15 22:30:00,3101.29,2.555e-05
2024-11-15 22:30:12,3103.0,2.555e-05
2024-11-15 22:30:24,3101.42,2.551e-05
2024-11-15 22:30:36,3101.99,2.552e-05
2024-11-15 22:30:48,3103.49,2.555e-05
2024-11-15 22:31:00,3103.55,2.553e-05
2024-11-15 22:31:12,3105.53,2.556e-05
2024-11-15 22:31:24,3105.95,2.559e-05
2024-11-15 22:31:36,3109.62,2.558e-05
2024-11-15 22:31:48,3110.0,2.559e-05
2024-11-15 22:32:00,3107.17,2.561e-05
2024-11-15 22:32:12,3107.82,2.562e-05
2024-11-15 22:32:24,3106.0,2.567e-05
2024-11-15 22:32:36,3105.52,2.561e-05
2024-11-15 22:32:48,3106.5,2.562e-05
2024-11-15 22:33:00,3105.4,2.559e-05
2024-11-15 22:33:12,3105.28,2.565e-05
2024-11-15 22:33:24,3103.6,2.567e-05
2024-11-15 22:33:36,3103.3,2.571e-05
2024-11-15 22:33:48,3103.75,2.568e-05
2024-11-15 22:34:00,3102.68,2.565e-05
2024-11-15 22:34:12,3100.51,2.565e-05
2024-11-15 22:34:24,3101.2,2.563e-05
2024-11-15 22:34:36,3100.32,2.568e-05
2024-11-15 22:34:48,3100.5,2.571e-05
2024-11-15 22:35:00,3101.57,2.573e-05
2024-11-15 22:35:12,3102.02,2.569e-05
2024-11-15 22:35:24,3104.49,2.569e-05
2024-11-15 22:35:36,3103.08,2.571e-05
2024-11-15 22:35:48,3101.68,2.571e-05
2024-11-15 22:36:00,3101.41,2.57e-05
2024-11-15 22:36:12,3100.97,2.572e-05
2024-11-15 22:36:24,3101.1,2.572e-05
2024-11-15 22:36:36,3100.25,2.575e-05
2024-11-15 22:36:48,3102.44,2.582e-05
2024-11-15 22:37:00,3103.69,2.584e-05
2024-11-15 22:37:12,3103.07,2.587e-05
2024-11-15 22:37:24,3103.4,2.589e-05
2024-11-15 22:37:36,3104.2,2.583e-05
2024-11-15 22:37:48,3107.45,2.583e-05
2024-11-15 22:38:00,3109.99,2.585e-05
2024-11-15 22:38:12,3110.36,2.585e-05
2024-11-15 22:38:24,3108.29,2.583e-05
2024-11-15 22:38:36,3107.98,2.583e-05
2024-11-15 22:38:48,3108.25,2.59e-05
2024-11-15 22:39:00,3109.91,2.592e-05
2024-11-15 22:39:12,3109.03,2.59e-05
2024-11-15 22:39:24,3112.07,2.591e-05
2024-11-15 22:39:36,3112.03,2.594e-05
2024-11-15 22:39:48,3109.31,2.595e-05
2024-11-15 22:40:00,3108.36,2.592e-05
2024-11-15 22:40:12,3109.12,2.589e-05
2024-11-15 22:40:24,3109.91,2.587e-05
2024-11-15 22:40:36,3110.66,2.587e-05
2024-11-15 22:40:48,3110.66,2.586e-05
2024-11-15 22:41:00,3111.0,2.586e-05
2024-11-15 22:41:12,3111.0,2.587e-05
2024-11-15 22:41:24,3112.06,2.571e-05
2024-11-15 22:41:36,3111.52,2.576e-05
2024-11-15 22:41:48,3117.51,2.582e-05
2024-11-15 22:42:00,3119.49,2.579e-05
2024-11-15 22:42:12,3119.99,2.583e-05
2024-11-15 22:42:24,3118.32,2.588e-05
2024-11-15 22:42:36,3117.53,2.588e-05
2024-11-15 22:42:48,3116.93,2.589e-05
2024-11-15 22:43:00,3113.6,2.587e-05
2024-11-15 22:43:12,3113.29,2.588e-05
2024-11-15 22:43:24,3113.98,2.586e-05
2024-11-15 22:43:36,3115.99,2.585e-05
2024-11-15 22:43:48,3117.91,2.588e-05
2024-11-15 22:44:00,3118.1,2.588e-05
2024-11-15 22:44:12,3116.14,2.585e-05
2024-11-15 22:44:24,3115.01,2.583e-05
2024-11-15 22:44:36,3114.51,2.583e-05
2024-11-15 22:44:48,3114.31,2.583e-05
2024-11-15 22:45:00,3113.16,2.583e-05
2024-11-15 22:45:12,3112.79,2.582e-05
2024-11-15 22:45:24,3112.01,2.58e-05
2024-11-15 22:45:36,3111.66,2.578e-05
2024-11-15 22:45:48,3110.0,2.578e-05
2024-11-15 22:46:00,3109.59,2.58e-05
2024-11-15 22:46:12,3107.91,2.58e-05
2024-11-15 22:46:24,3109.45,2.578e-05
2024-11-15 22:46:36,3108.66,2.574e-05
2024-11-15 22:46:48,3107.7,2.574e-05
2024-11-15 22:47:00,3104.51,2.575e-05
2024-11-15 22:47:12,3102.75,2.57e-05
2024-11-15 22:47:24,3102.79,2.567e-05
2024-11-15 22:47:36,3102.78,2.565e-05
2024-11-15 22:47:48,3102.29,2.564e-05
2024-11-15 22:48:00,3102.01,2.559e-05
2024-11-15 22:48:12,3099.96,2.559e-05
2024-11-15 22:48:24,3098.01,2.559e-05
2024-11-15 22:48:36,3099.76,2.559e-05
2024-11-15 22:48:48,3099.13,2.56e-05
2024-11-15 22:49:00,3098.32,2.558e-05
2024-11-15 22:49:12,3098.92,2.555e-05
2024-11-15 22:49:24,3099.92,2.555e-05
2024-11-15 22:49:36,3100.14,2.553e-05
2024-11-15 22:49:48,3100.51,2.556e-05
2024-11-15 22:50:00,3100.48,2.555e-05
2024-11-15 22:50:12,3098.71,2.553e-05
2024-11-15 22:50:24,3098.0,2.552e-05
2024-11-15 22:50:36,3100.13,2.554e-05
2024-11-15 22:50:48,3100.17,2.551e-05
2024-11-15 22:51:00,3100.17,2.55e-05
2024-11-15 22:51:12,3100.17,2.551e-05
2024-11-15 22:51:24,3100.0,2.55e-05
2024-11-15 22:51:36,3098.5,2.55e-05
2024-11-15 22:51:48,3098.99,2.548e-05
2024-11-15 22:52:00,3099.39,2.544e-05
2024-11-15 22:52:12,3098.45,2.545e-05
2024-11-15 22:52:24,3098.04,2.546e-05
2024-11-15 22:52:36,3097.01,2.542e-05
2024-11-15 22:52:48,3096.93,2.543e-05
2024-11-15 22:53:00,3096.93,2.534e-05
2024-11-15 22:53:12,3096.94,2.537e-05
2024-11-15 22:53:24,3096.49,2.539e-05
2024-11-15 22:53:36,3095.01,2.538e-05
2024-11-15 22:53:48,3095.6,2.541e-05
2024-11-15 22:54:00,3095.09,2.536e-05
2024-11-15 22:54:12,3095.37,2.536e-05
2024-11-15 22:54:24,3095.97,2.538e-05
2024-11-15 22:54:36,3097.67,2.541e-05
2024-11-15 22:54:48,3096.44,2.541e-05
2024-11-15 22:55:00,3096.4,2.54e-05
2024-11-15 22:55:12,3096.78,2.54e-05
2024-11-15 22:55:24,3096.83,2.54e-05
2024-11-15 22:55:36,3096.83,2.539e-05
2024-11-15 22:55:48,3096.83,2.537e-05
2024-11-15 22:56:00,3096.13,2.537e-05
2024-11-15 22:56:12,3096.36,2.537e-05
2024-11-15 22:56:24,3095.21,2.536e-05
2024-11-15 22:56:36,3095.01,2.535e-05
2024-11-15 22:56:48,3096.99,2.538e-05
2024-11-15 22:57:00,3097.48,2.537e-05
2024-11-15 22:57:12,3099.49,2.536e-05
2024-11-15 22:57:24,3100.49,2.536e-05
2024-11-15 22:57:36,3100.82,2.535e-05
2024-11-15 22:57:48,3101.5,2.537e-05
2024-11-15 22:58:00,3102.79,2.538e-05
2024-11-15 22:58:12,3102.5,2.538e-05
2024-11-15 22:58:24,3102.78,2.538e-05
2024-11-15 22:58:36,3102.49,2.539e-05
2024-11-15 22:58:48,3102.1,2.541e-05
2024-11-15 22:59:00,3101.99,2.542e-05
2024-11-15 22:59:12,3102.29,2.543e-05
2024-11-15 22:59:24,3100.59,2.543e-05
2024-11-15 22:59:36,3100.22,2.544e-05
2024-11-15 22:59:48,3100.21,2.543e-05
2024-11-15 23:00:00,3100.49,2.543e-05
2024-11-15 23:00:12,3100.21,2.542e-05
2024-11-15 23:00:24,3100.01,2.542e-05
2024-11-15 23:00:36,3099.49,2.541e-05
2024-11-15 23:00:48,3098.02,2.542e-05
2024-11-15 23:01:00,3099.51,2.542e-05
2024-11-15 23:01:12,3099.8,2.542e-05
2024-11-15 23:01:24,3100.31,2.544e-05
2024-11-15 23:01:36,3100.01,2.544e-05
2024-11-15 23:01:48,3098.61,2.543e-05
2024-11-15 23:02:00,3101.8,2.549e-05
2024-11-15 23:02:12,3100.24,2.55e-05
2024-11-15 23:02:24,3101.21,2.555e-05
2024-11-15 23:02:36,3101.76,2.551e-05
2024-11-15 23:02:48,3101.75,2.555e-05
2024-11-15 23:03:00,3102.42,2.558e-05
2024-11-15 23:03:12,3102.47,2.56e-05
2024-11-15 23:03:24,3102.42,2.56e-05
2024-11-15 23:03:36,3104.99,2.563e-05
2024-11-15 23:03:48,3105.79,2.564e-05
2024-11-15 23:04:00,3106.41,2.566e-05
2024-11-15 23:04:12,3108.0,2.563e-05
2024-11-15 23:04:24,3107.54,2.558e-05
2024-11-15 23:04:36,3107.44,2.557e-05
2024-11-15 23:04:48,3106.62,2.553e-05
2024-11-15 23:05:00,3106.8,2.553e-05
2024-11-15 23:05:12,3107.6,2.557e-05
2024-11-15 23:05:24,3106.41,2.557e-05
2024-11-15 23:05:36,3108.04,2.561e-05
2024-11-15 23:05:48,3108.33,2.559e-05
2024-11-15 23:06:00,3105.52,2.555e-05
2024-11-15 23:06:12,3106.41,2.56e-05
2024-11-15 23:06:24,3106.0,2.556e-05
2024-11-15 23:06:36,3108.89,2.562e-05
2024-11-15 23:06:48,3109.69,2.563e-05
2024-11-15 23:07:00,3110.0,2.567e-05
2024-11-15 23:07:12,3108.84,2.564e-05
2024-11-15 23:07:24,3107.98,2.562e-05
2024-11-15 23:07:36,3110.0,2.561e-05
2024-11-15 23:07:48,3111.57,2.562e-05
2024-11-15 23:08:00,3111.4,2.561e-05
2024-11-15 23:08:12,3109.78,2.559e-05
2024-11-15 23:08:24,3108.4,2.557e-05
2024-11-15 23:08:36,3108.19,2.558e-05
2024-11-15 23:08:48,3107.41,2.56e-05
2024-11-15 23:09:00,3107.93,2.561e-05
2024-11-15 23:09:12,3107.0,2.556e-05
2024-11-15 23:09:24,3105.21,2.555e-05
2024-11-15 23:09:36,3104.8,2.554e-05
2024-11-15 23:09:48,3105.61,2.554e-05
2024-11-15 23:10:00,3105.27,2.556e-05
2024-11-15 23:10:12,3106.0,2.557e-05
2024-11-15 23:10:24,3106.63,2.563e-05
2024-11-15 23:10:36,3107.41,2.565e-05
2024-11-15 23:10:48,3108.01,2.574e-05
2024-11-15 23:11:00,3107.05,2.576e-05
2024-11-15 23:11:12,3108.77,2.577e-05
2024-11-15 23:11:24,3108.63,2.573e-05
2024-11-15 23:11:36,3108.68,2.571e-05
2024-11-15 23:11:48,3107.8,2.568e-05
2024-11-15 23:12:00,3108.15,2.566e-05
2024-11-15 23:12:12,3106.53,2.563e-05
2024-11-15 23:12:24,3106.91,2.561e-05
2024-11-15 23:12:36,3107.21,2.562e-05
2024-11-15 23:12:48,3107.5,2.562e-05
2024-11-15 23:13:00,3106.93,2.565e-05
2024-11-15 23:13:12,3107.31,2.563e-05
2024-11-15 23:13:24,3107.2,2.565e-05
2024-11-15 23:13:36,3106.41,2.563e-05
2024-11-15 23:13:48,3104.8,2.562e-05
2024-11-15 23:14:00,3104.61,2.562e-05
2024-11-15 23:14:12,3104.88,2.562e-05
2024-11-15 23:14:24,3106.0,2.564e-05
2024-11-15 23:14:36,3104.89,2.563e-05
2024-11-15 23:14:48,3104.99,2.565e-05
2024-11-15 23:15:00,3105.6,2.565e-05
2024-11-15 23:15:12,3104.87,2.562e-05
2024-11-15 23:15:24,3104.45,2.564e-05
2024-11-15 23:15:36,3105.21,2.567e-05
2024-11-15 23:15:48,3106.78,2.568e-05
2024-11-15 23:16:00,3104.63,2.567e-05
2024-11-15 23:16:12,3103.82,2.566e-05
2024-11-15 23:16:24,3103.36,2.565e-05
2024-11-15 23:16:36,3103.37,2.566e-05
2024-11-15 23:16:48,3103.0,2.559e-05
2024-11-15 23:17:00,3100.12,2.557e-05
2024-11-15 23:17:12,3099.12,2.553e-05
2024-11-15 23:17:24,3100.83,2.554e-05
2024-11-15 23:17:36,3100.99,2.555e-05
2024-11-15 23:17:48,3101.01,2.554e-05
2024-11-15 23:18:00,3099.92,2.552e-05
2024-11-15 23:18:12,3100.96,2.553e-05
2024-11-15 23:18:24,3101.51,2.553e-05
2024-11-15 23:18:36,3101.68,2.554e-05
2024-11-15 23:18:48,3101.72,2.554e-05
2024-11-15 23:19:00,3101.94,2.553e-05
2024-11-15 23:19:12,3101.76,2.554e-05
2024-11-15 23:19:24,3100.26,2.556e-05
2024-11-15 23:19:36,3099.91,2.557e-05
2024-11-15 23:19:48,3098.68,2.557e-05
2024-11-15 23:20:00,3098.64,2.557e-05
2024-11-15 23:20:12,3099.24,2.555e-05
2024-11-15 23:20:24,3098.51,2.555e-05
2024-11-15 23:20:36,3100.19,2.559e-05
2024-11-15 23:20:48,3099.49,2.558e-05
2024-11-15 23:21:00,3100.0,2.556e-05
2024-11-15 23:21:12,3099.54,2.552e-05
2024-11-15 23:21:24,3100.01,2.552e-05
2024-11-15 23:21:36,3100.19,2.551e-05
2024-11-15 23:21:48,3099.07,2.547e-05
2024-11-15 23:22:00,3098.01,2.545e-05
2024-11-15 23:22:12,3099.54,2.547e-05
2024-11-15 23:22:24,3098.87,2.543e-05
2024-11-15 23:22:36,3099.5,2.541e-05
2024-11-15 23:22:48,3100.48,2.544e-05
2024-11-15 23:23:00,3100.92,2.542e-05
2024-11-15 23:23:12,3101.79,2.544e-05
2024-11-15 23:23:24,3101.48,2.544e-05
2024-11-15 23:23:36,3102.4,2.548e-05
2024-11-15 23:23:48,3101.01,2.545e-05
2024-11-15 23:24:00,3101.34,2.548e-05
2024-11-15 23:24:12,3101.63,2.549e-05
2024-11-15 23:24:24,3101.41,2.551e-05
2024-11-15 23:24:36,3101.04,2.553e-05
2024-11-15 23:24:48,3101.27,2.554e-05
2024-11-15 23:25:00,3101.65,2.554e-05
2024-11-15 23:25:12,3100.4,2.55e-05
2024-11-15 23:25:24,3099.21,2.549e-05
2024-11-15 23:25:36,3100.26,2.55e-05
2024-11-15 23:25:48,3102.15,2.554e-05
2024-11-15 23:26:00,3102.02,2.552e-05
2024-11-15 23:26:12,3102.66,2.551e-05
2024-11-15 23:26:24,3101.51,2.55e-05
2024-11-15 23:26:36,3100.58,2.548e-05
2024-11-15 23:26:48,3100.97,2.548e-05
2024-11-15 23:27:00,3100.57,2.548e-05
2024-11-15 23:27:12,3099.01,2.545e-05
2024-11-15 23:27:24,3098.5,2.545e-05
2024-11-15 23:27:36,3098.68,2.548e-05
2024-11-15 23:27:48,3098.51,2.547e-05
2024-11-15 23:28:00,3098.22,2.545e-05
2024-11-15 23:28:12,3098.81,2.544e-05
2024-11-15 23:28:24,3099.08,2.547e-05
2024-11-15 23:28:36,3099.5,2.548e-05
2024-11-15 23:28:48,3100.08,2.547e-05
2024-11-15 23:29:00,3100.09,2.547e-05
2024-11-15 23:29:12,3100.98,2.552e-05
2024-11-15 23:29:24,3100.01,2.551e-05
2024-11-15 23:29:36,3100.49,2.55e-05
2024-11-15 23:29:48,3101.0,2.551e-05
2024-11-15 23:30:00,3101.01,2.55e-05
2024-11-15 23:30:12,3100.27,2.549e-05
2024-11-15 23:30:24,3099.09,2.548e-05
2024-11-15 23:30:36,3099.39,2.544e-05
2024-11-15 23:30:48,3099.27,2.545e-05
2024-11-15 23:31:00,3099.69,2.549e-05
2024-11-15 23:31:12,3099.01,2.547e-05
2024-11-15 23:31:24,3098.5,2.545e-05
2024-11-15 23:31:36,3098.88,2.543e-05
2024-11-15 23:31:48,3098.88,2.547e-05
2024-11-15 23:32:00,3099.2,2.553e-05
2024-11-15 23:32:12,3099.09,2.55e-05
2024-11-15 23:32:24,3099.96,2.551e-05
2024-11-15 23:32:36,3099.65,2.551e-05
2024-11-15 23:32:48,3101.39,2.552e-05
2024-11-15 23:33:00,3101.51,2.55e-05
2024-11-15 23:33:12,3101.48,2.55e-05
2024-11-15 23:33:24,3102.2,2.555e-05
2024-11-15 23:33:36,3102.67,2.558e-05
2024-11-15 23:33:48,3103.02,2.56e-05
2024-11-15 23:34:00,3102.82,2.558e-05
2024-11-15 23:34:12,3102.87,2.555e-05
2024-11-15 23:34:24,3102.24,2.556e-05
2024-11-15 23:34:36,3101.01,2.553e-05
2024-11-15 23:34:48,3101.2,2.551e-05
2024-11-15 23:35:00,3101.67,2.553e-05
2024-11-15 23:35:12,3101.15,2.555e-05
2024-11-15 23:35:24,3102.53,2.558e-05
2024-11-15 23:35:36,3101.76,2.559e-05
2024-11-15 23:35:48,3101.51,2.561e-05
2024-11-15 23:36:00,3102.02,2.564e-05
2024-11-15 23:36:12,3102.79,2.566e-05
2024-11-15 23:36:24,3103.41,2.567e-05
2024-11-15 23:36:36,3103.4,2.563e-05
2024-11-15 23:36:48,3103.41,2.562e-05
2024-11-15 23:37:00,3103.41,2.56e-05
2024-11-15 23:37:12,3103.2,2.559e-05
2024-11-15 23:37:24,3103.01,2.557e-05
2024-11-15 23:37:36,3102.0,2.556e-05
2024-11-15 23:37:48,3101.93,2.555e-05
2024-11-15 23:38:00,3101.28,2.556e-05
2024-11-15 23:38:12,3100.55,2.553e-05
2024-11-15 23:38:24,3101.09,2.552e-05
2024-11-15 23:38:36,3101.3,2.552e-05
2024-11-15 23:38:48,3101.99,2.552e-05
2024-11-15 23:39:00,3101.44,2.551e-05
2024-11-15 23:39:12,3100.38,2.548e-05
2024-11-15 23:39:24,3100.55,2.546e-05
2024-11-15 23:39:36,3101.02,2.545e-05
2024-11-15 23:39:48,3101.49,2.544e-05
2024-11-15 23:40:00,3101.01,2.544e-05
2024-11-15 23:40:12,3101.15,2.544e-05
2024-11-15 23:40:24,3102.0,2.547e-05
2024-11-15 23:40:36,3101.0,2.546e-05
2024-11-15 23:40:48,3101.49,2.544e-05
2024-11-15 23:41:00,3100.5,2.546e-05
2024-11-15 23:41:12,3101.14,2.547e-05
2024-11-15 23:41:24,3101.97,2.551e-05
2024-11-15 23:41:36,3102.02,2.55e-05
2024-11-15 23:41:48,3102.02,2.55e-05
2024-11-15 23:42:00,3101.36,2.548e-05
2024-11-15 23:42:12,3100.65,2.545e-05
2024-11-15 23:42:24,3099.0,2.545e-05
2024-11-15 23:42:36,3099.27,2.545e-05
2024-11-15 23:42:48,3098.86,2.543e-05
2024-11-15 23:43:00,3097.48,2.544e-05
2024-11-15 23:43:12,3097.18,2.545e-05
2024-11-15 23:43:24,3097.66,2.545e-05
2024-11-15 23:43:36,3097.94,2.546e-05
2024-11-15 23:43:48,3098.27,2.548e-05
2024-11-15 23:44:00,3098.27,2.546e-05
2024-11-15 23:44:12,3098.0,2.544e-05
2024-11-15 23:44:24,3098.86,2.548e-05
2024-11-15 23:44:36,3098.79,2.547e-05
2024-11-15 23:44:48,3098.01,2.543e-05
2024-11-15 23:45:00,3100.42,2.545e-05
2024-11-15 23:45:12,3100.0,2.542e-05
2024-11-15 23:45:24,3098.54,2.542e-05
2024-11-15 23:45:36,3098.5,2.541e-05
2024-11-15 23:45:48,3098.37,2.54e-05
2024-11-15 23:46:00,3098.74,2.54e-05
2024-11-15 23:46:12,3097.5,2.54e-05
2024-11-15 23:46:24,3095.87,2.536e-05
2024-11-15 23:46:36,3095.88,2.534e-05
2024-11-15 23:46:48,3097.67,2.537e-05
2024-11-15 23:47:00,3099.78,2.54e-05
2024-11-15 23:47:12,3098.59,2.537e-05
2024-11-15 23:47:24,3097.97,2.538e-05
2024-11-15 23:47:36,3097.94,2.54e-05
2024-11-15 23:47:48,3097.51,2.538e-05
2024-11-15 23:48:00,3097.04,2.536e-05
2024-11-15 23:48:12,3096.71,2.537e-05
2024-11-15 23:48:24,3096.0,2.537e-05
2024-11-15 23:48:36,3096.66,2.538e-05
2024-11-15 23:48:48,3095.26,2.536e-05
2024-11-15 23:49:00,3095.4,2.535e-05
2024-11-15 23:49:12,3095.4,2.537e-05
2024-11-15 23:49:24,3094.59,2.54e-05
2024-11-15 23:49:36,3094.76,2.538e-05
2024-11-15 23:49:48,3093.51,2.539e-05
2024-11-15 23:50:00,3093.5,2.538e-05
2024-11-15 23:50:12,3091.5,2.537e-05
2024-11-15 23:50:24,3089.51,2.537e-05
2024-11-15 23:50:36,3089.36,2.534e-05
2024-11-15 23:50:48,3089.71,2.533e-05
2024-11-15 23:51:00,3088.7,2.534e-05
2024-11-15 23:51:12,3091.5,2.541e-05
2024-11-15 23:51:24,3094.71,2.544e-05
2024-11-15 23:51:36,3093.04,2.542e-05
2024-11-15 23:51:48,3091.81,2.539e-05
2024-11-15 23:52:00,3091.53,2.538e-05
2024-11-15 23:52:12,3091.82,2.539e-05
2024-11-15 23:52:24,3090.51,2.537e-05
2024-11-15 23:52:36,3090.69,2.538e-05
2024-11-15 23:52:48,3090.79,2.537e-05
2024-11-15 23:53:00,3092.6,2.538e-05
2024-11-15 23:53:12,3091.84,2.538e-05
2024-11-15 23:53:24,3091.0,2.538e-05
2024-11-15 23:53:36,3091.45,2.539e-05
2024-11-15 23:53:48,3090.51,2.541e-05
2024-11-15 23:54:00,3090.75,2.541e-05
2024-11-15 23:54:12,3089.76,2.538e-05
2024-11-15 23:54:24,3090.97,2.544e-05
2024-11-15 23:54:36,3090.75,2.542e-05
2024-11-15 23:54:48,3090.98,2.54e-05
2024-11-15 23:55:00,3090.99,2.541e-05
2024-11-15 23:55:12,3089.08,2.539e-05
2024-11-15 23:55:24,3087.52,2.538e-05
2024-11-15 23:55:36,3087.6,2.537e-05
2024-11-15 23:55:48,3087.44,2.538e-05
2024-11-15 23:56:00,3088.8,2.539e-05
2024-11-15 23:56:12,3091.93,2.544e-05
2024-11-15 23:56:24,3091.19,2.541e-05
2024-11-15 23:56:36,3088.12,2.541e-05
2024-11-15 23:56:48,3088.78,2.54e-05
2024-11-15 23:57:00,3090.5,2.549e-05
2024-11-15 23:57:12,3087.6,2.547e-05
2024-11-15 23:57:24,3087.58,2.552e-05
2024-11-15 23:57:36,3086.61,2.547e-05
2024-11-15 23:57:48,3086.77,2.544e-05
2024-11-15 23:58:00,3086.61,2.543e-05
2024-11-15 23:58:12,3086.72,2.545e-05
2024-11-15 23:58:24,3087.17,2.547e-05
2024-11-15 23:58:36,3089.45,2.55e-05
2024-11-15 23:58:48,3089.52,2.553e-05
2024-11-15 23:59:00,3089.46,2.554e-05
2024-11-15 23:59:12,3089.37,2.554e-05
2024-11-15 23:59:24,3089.37,2.554e-05
2024-11-15 23:59:36,3089.45,2.555e-05
2024-11-15 23:59:48,3090.77,2.555e-05
2024-11-16 00:00:00,3090.01,2.555e-05
2024-11-16 00:00:12,3089.45,2.554e-05
2024-11-16 00:00:24,3090.06,2.554e-05
2024-11-16 00:00:36,3089.13,2.549e-05
2024-11-16 00:00:48,3088.01,2.543e-05
2024-11-16 00:01:00,3087.7,2.543e-05
2024-11-16 00:01:12,3084.8,2.534e-05
2024-11-16 00:01:24,3084.01,2.532e-05
2024-11-16 00:01:36,3082.02,2.53e-05
2024-11-16 00:01:48,3079.6,2.527e-05
2024-11-16 00:02:00,3080.68,2.53e-05
2024-11-16 00:02:12,3080.99,2.527e-05
2024-11-16 00:02:24,3083.57,2.528e-05
2024-11-16 00:02:36,3085.56,2.531e-05
2024-11-16 00:02:48,3083.01,2.53e-05
2024-11-16 00:03:00,3083.54,2.53e-05
2024-11-16 00:03:12,3082.5,2.529e-05
2024-11-16 00:03:24,3084.38,2.53e-05
2024-11-16 00:03:36,3085.49,2.53e-05
2024-11-16 00:03:48,3087.61,2.53e-05
2024-11-16 00:04:00,3087.09,2.532e-05
2024-11-16 00:04:12,3085.83,2.532e-05
2024-11-16 00:04:24,3086.91,2.534e-05
2024-11-16 00:04:36,3087.44,2.533e-05
2024-11-16 00:04:48,3087.83,2.535e-05
2024-11-16 00:05:00,3088.13,2.535e-05
2024-11-16 00:05:12,3087.46,2.538e-05
2024-11-16 00:05:24,3087.21,2.54e-05
2024-11-16 00:05:36,3085.0,2.538e-05
2024-11-16 00:05:48,3083.23,2.538e-05
2024-11-16 00:06:00,3085.08,2.535e-05
2024-11-16 00:06:12,3085.1,2.534e-05
2024-11-16 00:06:24,3086.44,2.535e-05
2024-11-16 00:06:36,3088.0,2.536e-05
2024-11-16 00:06:48,3088.8,2.534e-05
2024-11-16 00:07:00,3088.99,2.535e-05
2024-11-16 00:07:12,3090.4,2.535e-05
2024-11-16 00:07:24,3089.01,2.532e-05
2024-11-16 00:07:36,3089.18,2.53e-05
2024-11-16 00:07:48,3087.81,2.527e-05
2024-11-16 00:08:00,3088.2,2.528e-05
2024-11-16 00:08:12,3087.01,2.527e-05
2024-11-16 00:08:24,3087.01,2.525e-05
2024-11-16 00:08:36,3086.01,2.523e-05
2024-11-16 00:08:48,3086.0,2.524e-05
2024-11-16 00:09:00,3084.88,2.523e-05
2024-11-16 00:09:12,3081.61,2.524e-05
2024-11-16 00:09:24,3081.99,2.524e-05
2024-11-16 00:09:36,3082.45,2.524e-05
2024-11-16 00:09:48,3080.61,2.521e-05
2024-11-16 00:10:00,3083.42,2.523e-05
2024-11-16 00:10:12,3084.42,2.525e-05
2024-11-16 00:10:24,3085.77,2.53e-05
2024-11-16 00:10:36,3085.99,2.525e-05
2024-11-16 00:10:48,3086.1,2.524e-05
2024-11-16 00:11:00,3084.63,2.52e-05
2024-11-16 00:11:12,3085.37,2.521e-05
2024-11-16 00:11:24,3084.21,2.52e-05
2024-11-16 00:11:36,3083.78,2.517e-05
2024-11-16 00:11:48,3083.76,2.516e-05
2024-11-16 00:12:00,3083.74,2.514e-05
2024-11-16 00:12:12,3083.52,2.515e-05
2024-11-16 00:12:24,3081.51,2.511e-05
2024-11-16 00:12:36,3081.62,2.511e-05
2024-11-16 00:12:48,3080.39,2.508e-05
2024-11-16 00:13:00,3080.9,2.509e-05
2024-11-16 00:13:12,3080.01,2.506e-05
2024-11-16 00:13:24,3077.38,2.506e-05
2024-11-16 00:13:36,3076.96,2.508e-05
2024-11-16 00:13:48,3077.79,2.507e-05
2024-11-16 00:14:00,3077.0,2.506e-05
2024-11-16 00:14:12,3076.18,2.503e-05
2024-11-16 00:14:24,3075.7,2.501e-05
2024-11-16 00:14:36,3073.59,2.5e-05
2024-11-16 00:14:48,3074.37,2.5e-05
2024-11-16 00:15:00,3074.37,2.499e-05
2024-11-16 00:15:12,3073.57,2.501e-05
2024-11-16 00:15:24,3075.95,2.509e-05
2024-11-16 00:15:36,3076.96,2.509e-05
2024-11-16 00:15:48,3075.82,2.508e-05
2024-11-16 00:16:00,3076.41,2.511e-05
2024-11-16 00:16:12,3076.98,2.513e-05
2024-11-16 00:16:24,3076.8,2.513e-05
2024-11-16 00:16:36,3077.4,2.514e-05
2024-11-16 00:16:48,3077.31,2.515e-05
2024-11-16 00:17:00,3078.1,2.516e-05
2024-11-16 00:17:12,3078.5,2.516e-05
2024-11-16 00:17:24,3080.41,2.519e-05
2024-11-16 00:17:36,3081.91,2.518e-05
2024-11-16 00:17:48,3081.01,2.516e-05
2024-11-16 00:18:00,3081.5,2.52e-05
2024-11-16 00:18:12,3079.81,2.519e-05
2024-11-16 00:18:24,3079.16,2.517e-05
2024-11-16 00:18:36,3078.86,2.518e-05
2024-11-16 00:18:48,3079.57,2.521e-05
2024-11-16 00:19:00,3079.6,2.52e-05
2024-11-16 00:19:12,3081.99,2.523e-05
2024-11-16 00:19:24,3081.19,2.523e-05
2024-11-16 00:19:36,3081.6,2.522e-05
2024-11-16 00:19:48,3081.33,2.52e-05
2024-11-16 00:20:00,3082.4,2.52e-05
2024-11-16 00:20:12,3082.41,2.52e-05
2024-11-16 00:20:24,3082.33,2.522e-05
2024-11-16 00:20:36,3082.78,2.523e-05
2024-11-16 00:20:48,3083.11,2.526e-05
2024-11-16 00:21:00,3083.38,2.525e-05
2024-11-16 00:21:12,3083.3,2.526e-05
2024-11-16 00:21:24,3083.35,2.524e-05
2024-11-16 00:21:36,3082.78,2.521e-05
2024-11-16 00:21:48,3084.17,2.52e-05
2024-11-16 00:22:00,3083.97,2.523e-05
2024-11-16 00:22:12,3082.6,2.521e-05
2024-11-16 00:22:24,3081.6,2.519e-05
2024-11-16 00:22:36,3081.61,2.517e-05
2024-11-16 00:22:48,3080.19,2.516e-05
2024-11-16 00:23:00,3080.98,2.517e-05
2024-11-16 00:23:12,3080.24,2.515e-05
2024-11-16 00:23:24,3079.8,2.512e-05
2024-11-16 00:23:36,3077.5,2.512e-05
2024-11-16 00:23:48,3077.19,2.508e-05
2024-11-16 00:24:00,3077.77,2.506e-05
2024-11-16 00:24:12,3076.0,2.504e-05
2024-11-16 00:24:24,3077.39,2.507e-05
2024-11-16 00:24:36,3075.71,2.504e-05
2024-11-16 00:24:48,3074.04,2.501e-05
2024-11-16 00:25:00,3073.82,2.502e-05
2024-11-16 00:25:12,3074.36,2.499e-05
2024-11-16 00:25:24,3075.19,2.5e-05
2024-11-16 00:25:36,3076.01,2.505e-05
2024-11-16 00:25:48,3074.12,2.501e-05
2024-11-16 00:26:00,3073.82,2.502e-05
2024-11-16 00:26:12,3073.81,2.506e-05
2024-11-16 00:26:24,3074.38,2.507e-05
2024-11-16 00:26:36,3076.27,2.508e-05
2024-11-16 00:26:48,3075.9,2.506e-05
2024-11-16 00:27:00,3075.51,2.505e-05
2024-11-16 00:27:12,3073.61,2.499e-05
2024-11-16 00:27:24,3073.96,2.502e-05
2024-11-16 00:27:36,3075.34,2.503e-05
2024-11-16 00:27:48,3075.92,2.502e-05
2024-11-16 00:28:00,3077.34,2.504e-05
2024-11-16 00:28:12,3077.0,2.503e-05
2024-11-16 00:28:24,3077.46,2.502e-05
2024-11-16 00:28:36,3076.01,2.502e-05
2024-11-16 00:28:48,3074.0,2.495e-05
2024-11-16 00:29:00,3072.6,2.495e-05
2024-11-16 00:29:12,3073.49,2.5e-05
2024-11-16 00:29:24,3073.18,2.499e-05
2024-11-16 00:29:36,3072.9,2.502e-05
2024-11-16 00:29:48,3072.61,2.499e-05
2024-11-16 00:30:00,3072.62,2.498e-05
2024-11-16 00:30:12,3072.01,2.5e-05
2024-11-16 00:30:24,3072.89,2.499e-05
2024-11-16 00:30:36,3074.98,2.505e-05
2024-11-16 00:30:48,3075.0,2.502e-05
2024-11-16 00:31:00,3076.0,2.505e-05
2024-11-16 00:31:12,3074.75,2.503e-05
2024-11-16 00:31:24,3077.38,2.508e-05
2024-11-16 00:31:36,3078.16,2.505e-05
2024-11-16 00:31:48,3078.84,2.506e-05
2024-11-16 00:32:00,3077.8,2.502e-05
2024-11-16 00:32:12,3078.63,2.505e-05
2024-11-16 00:32:24,3079.49,2.507e-05
2024-11-16 00:32:36,3080.4,2.509e-05
2024-11-16 00:32:48,3079.59,2.507e-05
2024-11-16 00:33:00,3080.0,2.506e-05
2024-11-16 00:33:12,3081.6,2.506e-05
2024-11-16 00:33:24,3080.0,2.505e-05
2024-11-16 00:33:36,3078.13,2.506e-05
2024-11-16 00:33:48,3079.39,2.507e-05
2024-11-16 00:34:00,3079.4,2.508e-05
2024-11-16 00:34:12,3078.38,2.508e-05
2024-11-16 00:34:24,3076.99,2.506e-05
2024-11-16 00:34:36,3078.71,2.508e-05
2024-11-16 00:34:48,3079.24,2.511e-05
2024-11-16 00:35:00,3079.27,2.509e-05
2024-11-16 00:35:12,3077.71,2.508e-05
2024-11-16 00:35:24,3078.0,2.511e-05
2024-11-16 00:35:36,3077.61,2.51e-05
2024-11-16 00:35:48,3077.57,2.51e-05
2024-11-16 00:36:00,3075.73,2.509e-05
2024-11-16 00:36:12,3077.2,2.512e-05
2024-11-16 00:36:24,3077.39,2.512e-05
2024-11-16 00:36:36,3079.32,2.512e-05
2024-11-16 00:36:48,3076.39,2.509e-05
2024-11-16 00:37:00,3076.79,2.512e-05
2024-11-16 00:37:12,3076.6,2.51e-05
2024-11-16 00:37:24,3078.0,2.51e-05
2024-11-16 00:37:36,3079.16,2.509e-05
2024-11-16 00:37:48,3079.59,2.507e-05
2024-11-16 00:38:00,3079.6,2.506e-05
2024-11-16 00:38:12,3078.5,2.506e-05
2024-11-16 00:38:24,3078.51,2.507e-05
2024-11-16 00:38:36,3079.4,2.507e-05
2024-11-16 00:38:48,3079.2,2.506e-05
2024-11-16 00:39:00,3079.6,2.505e-05
2024-11-16 00:39:12,3080.2,2.505e-05
2024-11-16 00:39:24,3080.31,2.505e-05
2024-11-16 00:39:36,3080.5,2.504e-05
2024-11-16 00:39:48,3080.27,2.503e-05
2024-11-16 00:40:00,3079.39,2.502e-05
2024-11-16 00:40:12,3078.61,2.501e-05
2024-11-16 00:40:24,3078.6,2.5e-05
2024-11-16 00:40:36,3078.0,2.498e-05
2024-11-16 00:40:48,3076.36,2.496e-05
2024-11-16 00:41:00,3077.0,2.497e-05
2024-11-16 00:41:12,3078.9,2.498e-05
2024-11-16 00:41:24,3077.2,2.495e-05
2024-11-16 00:41:36,3078.0,2.497e-05
2024-11-16 00:41:48,3080.09,2.503e-05
2024-11-16 00:42:00,3080.32,2.502e-05
2024-11-16 00:42:12,3080.27,2.504e-05
2024-11-16 00:42:24,3080.24,2.504e-05
2024-11-16 00:42:36,3080.41,2.504e-05
2024-11-16 00:42:48,3080.26,2.503e-05
2024-11-16 00:43:00,3078.69,2.502e-05
2024-11-16 00:43:12,3078.52,2.498e-05
2024-11-16 00:43:24,3078.58,2.499e-05
2024-11-16 00:43:36,3078.0,2.501e-05
2024-11-16 00:43:48,3077.38,2.498e-05
2024-11-16 00:44:00,3077.19,2.498e-05
2024-11-16 00:44:12,3075.98,2.496e-05
2024-11-16 00:44:24,3076.35,2.494e-05
2024-11-16 00:44:36,3077.21,2.497e-05
2024-11-16 00:44:48,3078.0,2.499e-05
2024-11-16 00:45:00,3077.0,2.497e-05
2024-11-16 00:45:12,3077.0,2.498e-05
2024-11-16 00:45:24,3076.5,2.5e-05
2024-11-16 00:45:36,3075.38,2.498e-05
2024-11-16 00:45:48,3075.01,2.496e-05
2024-11-16 00:46:00,3072.58,2.492e-05
2024-11-16 00:46:12,3072.36,2.491e-05
2024-11-16 00:46:24,3074.4,2.495e-05
2024-11-16 00:46:36,3077.92,2.502e-05
2024-11-16 00:46:48,3079.02,2.505e-05
2024-11-16 00:47:00,3080.75,2.506e-05
2024-11-16 00:47:12,3083.99,2.509e-05
2024-11-16 00:47:24,3082.57,2.509e-05
2024-11-16 00:47:36,3083.8,2.511e-05
2024-11-16 00:47:48,3083.8,2.512e-05
2024-11-16 00:48:00,3083.39,2.512e-05
2024-11-16 00:48:12,3083.95,2.512e-05
2024-11-16 00:48:24,3083.99,2.515e-05
2024-11-16 00:48:36,3083.21,2.518e-05
2024-11-16 00:48:48,3084.26,2.519e-05
2024-11-16 00:49:00,3084.29,2.522e-05
2024-11-16 00:49:12,3084.39,2.522e-05
2024-11-16 00:49:24,3085.0,2.52e-05
2024-11-16 00:49:36,3084.81,2.519e-05
2024-11-16 00:49:48,3084.39,2.52e-05
2024-11-16 00:50:00,3084.51,2.523e-05
2024-11-16 00:50:12,3085.2,2.524e-05
2024-11-16 00:50:24,3085.28,2.524e-05
2024-11-16 00:50:36,3085.27,2.521e-05
2024-11-16 00:50:48,3085.03,2.52e-05
2024-11-16 00:51:00,3083.04,2.52e-05
2024-11-16 00:51:12,3082.17,2.519e-05
2024-11-16 00:51:24,3081.77,2.516e-05
2024-11-16 00:51:36,3082.13,2.515e-05
2024-11-16 00:51:48,3082.42,2.516e-05
2024-11-16 00:52:00,3082.42,2.518e-05
2024-11-16 00:52:12,3082.22,2.517e-05
2024-11-16 00:52:24,3082.99,2.519e-05
2024-11-16 00:52:36,3083.42,2.519e-05
2024-11-16 00:52:48,3082.61,2.516e-05
2024-11-16 00:53:00,3082.99,2.517e-05
2024-11-16 00:53:12,3083.5,2.518e-05
2024-11-16 00:53:24,3083.49,2.517e-05
2024-11-16 00:53:36,3083.5,2.516e-05
2024-11-16 00:53:48,3083.23,2.517e-05
2024-11-16 00:54:00,3083.81,2.517e-05
2024-11-16 00:54:12,3083.0,2.513e-05
2024-11-16 00:54:24,3083.0,2.512e-05
2024-11-16 00:54:36,3080.3,2.511e-05
2024-11-16 00:54:48,3079.0,2.51e-05
2024-11-16 00:55:00,3081.5,2.512e-05
2024-11-16 00:55:12,3081.0,2.509e-05
2024-11-16 00:55:24,3081.61,2.507e-05
2024-11-16 00:55:36,3083.8,2.509e-05
2024-11-16 00:55:48,3083.48,2.509e-05
2024-11-16 00:56:00,3081.63,2.508e-05
2024-11-16 00:56:12,3082.15,2.509e-05
2024-11-16 00:56:24,3082.99,2.509e-05
2024-11-16 00:56:36,3083.42,2.51e-05
2024-11-16 00:56:48,3083.81,2.513e-05
2024-11-16 00:57:00,3084.13,2.513e-05
2024-11-16 00:57:12,3084.13,2.511e-05
2024-11-16 00:57:24,3083.21,2.508e-05
2024-11-16 00:57:36,3083.0,2.51e-05
2024-11-16 00:57:48,3083.0,2.51e-05
2024-11-16 00:58:00,3083.0,2.507e-05
2024-11-16 00:58:12,3081.4,2.508e-05
2024-11-16 00:58:24,3082.41,2.509e-05
2024-11-16 00:58:36,3081.88,2.509e-05
2024-11-16 00:58:48,3081.97,2.51e-05
2024-11-16 00:59:00,3080.63,2.509e-05
2024-11-16 00:59:12,3081.41,2.507e-05
2024-11-16 00:59:24,3081.81,2.509e-05
2024-11-16 00:59:36,3082.95,2.51e-05
2024-11-16 00:59:48,3083.0,2.511e-05
2024-11-16 01:00:00,3084.91,2.51e-05
2024-11-16 01:00:12,3083.51,2.506e-05
2024-11-16 01:00:24,3082.0,2.505e-05
2024-11-16 01:00:36,3083.32,2.508e-05
2024-11-16 01:00:48,3085.19,2.511e-05
2024-11-16 01:01:00,3085.2,2.518e-05
2024-11-16 01:01:12,3084.22,2.513e-05
2024-11-16 01:01:24,3085.19,2.513e-05
2024-11-16 01:01:36,3086.2,2.514e-05
2024-11-16 01:01:48,3087.37,2.515e-05
2024-11-16 01:02:00,3089.17,2.516e-05
2024-11-16 01:02:12,3088.9,2.515e-05
2024-11-16 01:02:24,3089.18,2.517e-05
2024-11-16 01:02:36,3090.34,2.519e-05
2024-11-16 01:02:48,3090.05,2.519e-05
2024-11-16 01:03:00,3089.6,2.519e-05
2024-11-16 01:03:12,3090.39,2.522e-05
2024-11-16 01:03:24,3090.37,2.521e-05
2024-11-16 01:03:36,3090.61,2.519e-05
2024-11-16 01:03:48,3090.99,2.52e-05
2024-11-16 01:04:00,3090.89,2.521e-05
2024-11-16 01:04:12,3090.8,2.524e-05
2024-11-16 01:04:24,3091.94,2.522e-05
2024-11-16 01:04:36,3092.41,2.522e-05
2024-11-16 01:04:48,3094.44,2.523e-05
2024-11-16 01:05:00,3093.78,2.522e-05
2024-11-16 01:05:12,3094.5,2.525e-05
2024-11-16 01:05:24,3093.5,2.524e-05
2024-11-16 01:05:36,3094.08,2.525e-05
2024-11-16 01:05:48,3093.78,2.522e-05
2024-11-16 01:06:00,3093.21,2.522e-05
2024-11-16 01:06:12,3094.35,2.524e-05
2024-11-16 01:06:24,3094.77,2.525e-05
2024-11-16 01:06:36,3094.78,2.524e-05
2024-11-16 01:06:48,3094.74,2.523e-05
2024-11-16 01:07:00,3094.02,2.523e-05
2024-11-16 01:07:12,3094.48,2.523e-05
2024-11-16 01:07:24,3094.71,2.524e-05
2024-11-16 01:07:36,3094.51,2.526e-05
2024-11-16 01:07:48,3093.48,2.523e-05
2024-11-16 01:08:00,3092.09,2.523e-05
2024-11-16 01:08:12,3091.65,2.521e-05
2024-11-16 01:08:24,3090.87,2.518e-05
2024-11-16 01:08:36,3091.01,2.519e-05
2024-11-16 01:08:48,3091.01,2.519e-05
2024-11-16 01:09:00,3092.47,2.521e-05
2024-11-16 01:09:12,3092.63,2.52e-05
2024-11-16 01:09:24,3090.71,2.517e-05
2024-11-16 01:09:36,3092.12,2.519e-05
2024-11-16 01:09:48,3093.4,2.521e-05
2024-11-16 01:10:00,3093.2,2.522e-05
2024-11-16 01:10:12,3092.26,2.519e-05
2024-11-16 01:10:24,3092.8,2.522e-05
2024-11-16 01:10:36,3092.79,2.52e-05
2024-11-16 01:10:48,3091.45,2.518e-05
2024-11-16 01:11:00,3092.39,2.521e-05
2024-11-16 01:11:12,3093.34,2.521e-05
2024-11-16 01:11:24,3095.16,2.522e-05
2024-11-16 01:11:36,3096.99,2.524e-05
2024-11-16 01:11:48,3097.99,2.524e-05
2024-11-16 01:12:00,3097.3,2.522e-05
2024-11-16 01:12:12,3098.64,2.521e-05
2024-11-16 01:12:24,3098.99,2.521e-05
2024-11-16 01:12:36,3099.15,2.52e-05
2024-11-16 01:12:48,3099.42,2.521e-05
2024-11-16 01:13:00,3099.42,2.52e-05
2024-11-16 01:13:12,3099.43,2.518e-05
2024-11-16 01:13:24,3099.65,2.519e-05
2024-11-16 01:13:36,3098.24,2.517e-05
2024-11-16 01:13:48,3099.41,2.519e-05
2024-11-16 01:14:00,3099.78,2.519e-05
2024-11-16 01:14:12,3100.46,2.52e-05
2024-11-16 01:14:24,3099.82,2.519e-05
2024-11-16 01:14:36,3101.31,2.518e-05
2024-11-16 01:14:48,3103.56,2.52e-05
2024-11-16 01:15:00,3103.56,2.521e-05
2024-11-16 01:15:12,3103.8,2.523e-05
2024-11-16 01:15:24,3101.74,2.522e-05
2024-11-16 01:15:36,3101.51,2.525e-05
2024-11-16 01:15:48,3101.91,2.526e-05
2024-11-16 01:16:00,3101.51,2.525e-05
2024-11-16 01:16:12,3102.4,2.525e-05
2024-11-16 01:16:24,3104.98,2.525e-05
2024-11-16 01:16:36,3106.44,2.526e-05
2024-11-16 01:16:48,3110.77,2.526e-05
2024-11-16 01:17:00,3110.8,2.527e-05
2024-11-16 01:17:12,3109.54,2.525e-05
2024-11-16 01:17:24,3108.51,2.527e-05
2024-11-16 01:17:36,3108.61,2.528e-05
2024-11-16 01:17:48,3110.59,2.528e-05
2024-11-16 01:18:00,3110.82,2.53e-05
2024-11-16 01:18:12,3109.22,2.529e-05
2024-11-16 01:18:24,3108.99,2.532e-05
2024-11-16 01:18:36,3109.8,2.529e-05
2024-11-16 01:18:48,3108.01,2.528e-05
2024-11-16 01:19:00,3110.0,2.528e-05
2024-11-16 01:19:12,3109.5,2.528e-05
2024-11-16 01:19:24,3108.27,2.53e-05
2024-11-16 01:19:36,3106.01,2.528e-05
2024-11-16 01:19:48,3104.54,2.528e-05
2024-11-16 01:20:00,3104.95,2.529e-05
2024-11-16 01:20:12,3107.49,2.531e-05
2024-11-16 01:20:24,3107.99,2.528e-05
2024-11-16 01:20:36,3106.77,2.527e-05
2024-11-16 01:20:48,3107.8,2.528e-05
2024-11-16 01:21:00,3106.27,2.528e-05
2024-11-16 01:21:12,3106.36,2.527e-05
2024-11-16 01:21:24,3105.55,2.527e-05
2024-11-16 01:21:36,3103.28,2.525e-05
2024-11-16 01:21:48,3103.93,2.526e-05
2024-11-16 01:22:00,3102.24,2.527e-05
2024-11-16 01:22:12,3103.52,2.528e-05
2024-11-16 01:22:24,3104.4,2.53e-05
2024-11-16 01:22:36,3103.42,2.53e-05
2024-11-16 01:22:48,3103.72,2.531e-05
2024-11-16 01:23:00,3104.36,2.531e-05
2024-11-16 01:23:12,3104.83,2.533e-05
2024-11-16 01:23:24,3104.79,2.532e-05
2024-11-16 01:23:36,3104.4,2.534e-05
2024-11-16 01:23:48,3106.0,2.537e-05
2024-11-16 01:24:00,3107.5,2.537e-05
2024-11-16 01:24:12,3106.2,2.536e-05
2024-11-16 01:24:24,3104.61,2.536e-05
2024-11-16 01:24:36,3104.33,2.536e-05
2024-11-16 01:24:48,3103.51,2.536e-05
2024-11-16 01:25:00,3102.89,2.537e-05
2024-11-16 01:25:12,3103.5,2.537e-05
2024-11-16 01:25:24,3103.79,2.537e-05
2024-11-16 01:25:36,3105.0,2.539e-05
2024-11-16 01:25:48,3105.03,2.539e-05
2024-11-16 01:26:00,3104.36,2.539e-05
2024-11-16 01:26:12,3103.32,2.537e-05
2024-11-16 01:26:24,3104.0,2.537e-05
2024-11-16 01:26:36,3103.68,2.538e-05
2024-11-16 01:26:48,3103.99,2.536e-05
2024-11-16 01:27:00,3103.68,2.537e-05
2024-11-16 01:27:12,3103.03,2.537e-05
2024-11-16 01:27:24,3103.99,2.537e-05
2024-11-16 01:27:36,3104.0,2.539e-05
2024-11-16 01:27:48,3105.0,2.538e-05
2024-11-16 01:28:00,3106.27,2.539e-05
2024-11-16 01:28:12,3107.96,2.54e-05
2024-11-16 01:28:24,3107.2,2.541e-05
2024-11-16 01:28:36,3106.01,2.539e-05
2024-11-16 01:28:48,3106.88,2.54e-05
2024-11-16 01:29:00,3105.51,2.54e-05
2024-11-16 01:29:12,3105.44,2.54e-05
2024-11-16 01:29:24,3105.98,2.54e-05
2024-11-16 01:29:36,3105.46,2.54e-05
2024-11-16 01:29:48,3105.47,2.539e-05
2024-11-16 01:30:00,3105.14,2.54e-05
2024-11-16 01:30:12,3105.62,2.542e-05
2024-11-16 01:30:24,3105.84,2.541e-05
2024-11-16 01:30:36,3104.01,2.54e-05
2024-11-16 01:30:48,3102.65,2.54e-05
2024-11-16 01:31:00,3102.56,2.539e-05
2024-11-16 01:31:12,3104.52,2.542e-05
2024-11-16 01:31:24,3102.82,2.54e-05
2024-11-16 01:31:36,3102.4,2.54e-05
2024-11-16 01:31:48,3102.32,2.54e-05
2024-11-16 01:32:00,3103.11,2.539e-05
2024-11-16 01:32:12,3102.68,2.534e-05
2024-11-16 01:32:24,3102.26,2.534e-05
2024-11-16 01:32:36,3104.24,2.537e-05
2024-11-16 01:32:48,3102.96,2.536e-05
2024-11-16 01:33:00,3103.51,2.535e-05
2024-11-16 01:33:12,3103.06,2.535e-05
2024-11-16 01:33:24,3103.7,2.534e-05
2024-11-16 01:33:36,3102.89,2.533e-05
2024-11-16 01:33:48,3101.21,2.533e-05
2024-11-16 01:34:00,3100.49,2.533e-05
2024-11-16 01:34:12,3100.03,2.539e-05
2024-11-16 01:34:24,3102.5,2.54e-05
2024-11-16 01:34:36,3102.4,2.542e-05
2024-11-16 01:34:48,3102.83,2.546e-05
2024-11-16 01:35:00,3104.72,2.546e-05
2024-11-16 01:35:12,3104.0,2.545e-05
2024-11-16 01:35:24,3103.01,2.545e-05
2024-11-16 01:35:36,3102.71,2.544e-05
2024-11-16 01:35:48,3102.01,2.544e-05
2024-11-16 01:36:00,3101.98,2.544e-05
2024-11-16 01:36:12,3101.59,2.543e-05
2024-11-16 01:36:24,3102.94,2.548e-05
2024-11-16 01:36:36,3103.33,2.552e-05
2024-11-16 01:36:48,3102.29,2.551e-05
2024-11-16 01:37:00,3101.0,2.552e-05
2024-11-16 01:37:12,3100.56,2.552e-05
2024-11-16 01:37:24,3102.0,2.552e-05
2024-11-16 01:37:36,3104.09,2.555e-05
2024-11-16 01:37:48,3104.2,2.553e-05
2024-11-16 01:38:00,3104.63,2.554e-05
2024-11-16 01:38:12,3104.58,2.552e-05
2024-11-16 01:38:24,3104.06,2.55e-05
2024-11-16 01:38:36,3103.0,2.544e-05
2024-11-16 01:38:48,3103.47,2.547e-05
2024-11-16 01:39:00,3103.77,2.547e-05
2024-11-16 01:39:12,3103.11,2.547e-05
2024-11-16 01:39:24,3103.01,2.547e-05
2024-11-16 01:39:36,3102.01,2.546e-05
2024-11-16 01:39:48,3100.21,2.545e-05
2024-11-16 01:40:00,3100.4,2.544e-05
2024-11-16 01:40:12,3100.99,2.545e-05
2024-11-16 01:40:24,3100.41,2.542e-05
2024-11-16 01:40:36,3100.22,2.543e-05
2024-11-16 01:40:48,3100.23,2.542e-05
2024-11-16 01:41:00,3100.21,2.542e-05
2024-11-16 01:41:12,3099.49,2.543e-05
2024-11-16 01:41:24,3099.86,2.542e-05
2024-11-16 01:41:36,3099.84,2.542e-05
2024-11-16 01:41:48,3100.0,2.543e-05
2024-11-16 01:42:00,3100.58,2.543e-05
2024-11-16 01:42:12,3101.32,2.546e-05
2024-11-16 01:42:24,3101.05,2.546e-05
2024-11-16 01:42:36,3101.81,2.548e-05
2024-11-16 01:42:48,3101.01,2.547e-05
2024-11-16 01:43:00,3100.84,2.546e-05
2024-11-16 01:43:12,3099.74,2.544e-05
2024-11-16 01:43:24,3100.5,2.545e-05
2024-11-16 01:43:36,3100.92,2.546e-05
2024-11-16 01:43:48,3100.31,2.546e-05
2024-11-16 01:44:00,3100.98,2.546e-05
2024-11-16 01:44:12,3100.24,2.548e-05
2024-11-16 01:44:24,3100.51,2.549e-05
2024-11-16 01:44:36,3100.63,2.549e-05
2024-11-16 01:44:48,3100.98,2.55e-05
2024-11-16 01:45:00,3100.51,2.549e-05
2024-11-16 01:45:12,3100.0,2.55e-05
2024-11-16 01:45:24,3099.49,2.548e-05
2024-11-16 01:45:36,3098.64,2.547e-05
2024-11-16 01:45:48,3098.57,2.545e-05
2024-11-16 01:46:00,3098.2,2.546e-05
2024-11-16 01:46:12,3097.65,2.543e-05
2024-11-16 01:46:24,3096.62,2.541e-05
2024-11-16 01:46:36,3095.54,2.538e-05
2024-11-16 01:46:48,3094.5,2.535e-05
2024-11-16 01:47:00,3093.72,2.535e-05
2024-11-16 01:47:12,3093.72,2.536e-05
2024-11-16 01:47:24,3093.61,2.535e-05
2024-11-16 01:47:36,3095.0,2.538e-05
2024-11-16 01:47:48,3095.74,2.537e-05
2024-11-16 01:48:00,3095.88,2.537e-05
2024-11-16 01:48:12,3095.5,2.537e-05
2024-11-16 01:48:24,3096.63,2.54e-05
2024-11-16 01:48:36,3095.94,2.547e-05
2024-11-16 01:48:48,3095.55,2.546e-05
2024-11-16 01:49:00,3095.5,2.547e-05
2024-11-16 01:49:12,3096.17,2.546e-05
2024-11-16 01:49:24,3096.23,2.543e-05
2024-11-16 01:49:36,3096.01,2.543e-05
2024-11-16 01:49:48,3096.0,2.544e-05
2024-11-16 01:50:00,3095.82,2.543e-05
2024-11-16 01:50:12,3095.78,2.542e-05
2024-11-16 01:50:24,3096.48,2.54e-05
2024-11-16 01:50:36,3097.51,2.543e-05
2024-11-16 01:50:48,3098.0,2.544e-05
2024-11-16 01:51:00,3098.28,2.545e-05
2024-11-16 01:51:12,3100.31,2.547e-05
2024-11-16 01:51:24,3102.6,2.548e-05
2024-11-16 01:51:36,3102.83,2.548e-05
2024-11-16 01:51:48,3102.97,2.549e-05
2024-11-16 01:52:00,3102.68,2.548e-05
2024-11-16 01:52:12,3102.7,2.548e-05
2024-11-16 01:52:24,3102.7,2.548e-05
2024-11-16 01:52:36,3101.15,2.545e-05
2024-11-16 01:52:48,3101.67,2.546e-05
2024-11-16 01:53:00,3100.36,2.544e-05
2024-11-16 01:53:12,3100.35,2.542e-05
2024-11-16 01:53:24,3100.98,2.543e-05
2024-11-16 01:53:36,3100.29,2.541e-05
2024-11-16 01:53:48,3100.2,2.542e-05
2024-11-16 01:54:00,3100.5,2.542e-05
2024-11-16 01:54:12,3099.65,2.541e-05
2024-11-16 01:54:24,3101.36,2.542e-05
2024-11-16 01:54:36,3101.13,2.541e-05
2024-11-16 01:54:48,3101.32,2.543e-05
2024-11-16 01:55:00,3101.31,2.543e-05
2024-11-16 01:55:12,3101.87,2.543e-05
2024-11-16 01:55:24,3102.51,2.543e-05
2024-11-16 01:55:36,3101.5,2.541e-05
2024-11-16 01:55:48,3100.82,2.54e-05
2024-11-16 01:56:00,3100.74,2.541e-05
2024-11-16 01:56:12,3100.29,2.541e-05
2024-11-16 01:56:24,3099.05,2.54e-05
2024-11-16 01:56:36,3099.0,2.537e-05
2024-11-16 01:56:48,3100.23,2.537e-05
2024-11-16 01:57:00,3098.6,2.537e-05
2024-11-16 01:57:12,3099.17,2.534e-05
2024-11-16 01:57:24,3099.04,2.536e-05
2024-11-16 01:57:36,3098.64,2.534e-05
2024-11-16 01:57:48,3097.51,2.534e-05
2024-11-16 01:58:00,3097.49,2.534e-05
2024-11-16 01:58:12,3097.48,2.533e-05
2024-11-16 01:58:24,3097.49,2.534e-05
2024-11-16 01:58:36,3097.7,2.534e-05
2024-11-16 01:58:48,3097.69,2.533e-05
2024-11-16 01:59:00,3098.4,2.535e-05
2024-11-16 01:59:12,3098.1,2.534e-05
2024-11-16 01:59:24,3097.51,2.534e-05
2024-11-16 01:59:36,3097.47,2.534e-05
2024-11-16 01:59:48,3098.09,2.534e-05
2024-11-16 02:00:00,3098.0,2.533e-05
2024-11-16 02:00:12,3097.21,2.53e-05
2024-11-16 02:00:24,3097.18,2.528e-05
2024-11-16 02:00:36,3097.39,2.528e-05
2024-11-16 02:00:48,3096.48,2.527e-05
2024-11-16 02:01:00,3097.39,2.527e-05
2024-11-16 02:01:12,3095.81,2.526e-05
2024-11-16 02:01:24,3095.1,2.526e-05
2024-11-16 02:01:36,3095.74,2.526e-05
2024-11-16 02:01:48,3095.67,2.526e-05
2024-11-16 02:02:00,3095.0,2.526e-05
2024-11-16 02:02:12,3095.2,2.526e-05
2024-11-16 02:02:24,3095.44,2.525e-05
2024-11-16 02:02:36,3095.48,2.526e-05
2024-11-16 02:02:48,3095.0,2.526e-05
2024-11-16 02:03:00,3095.24,2.526e-05
2024-11-16 02:03:12,3095.69,2.527e-05
2024-11-16 02:03:24,3097.37,2.529e-05
2024-11-16 02:03:36,3097.93,2.529e-05
2024-11-16 02:03:48,3097.73,2.529e-05
2024-11-16 02:04:00,3096.22,2.528e-05
2024-11-16 02:04:12,3096.01,2.528e-05
2024-11-16 02:04:24,3096.79,2.529e-05
2024-11-16 02:04:36,3096.44,2.53e-05
2024-11-16 02:04:48,3097.48,2.533e-05
2024-11-16 02:05:00,3097.53,2.532e-05
2024-11-16 02:05:12,3097.7,2.532e-05
2024-11-16 02:05:24,3097.81,2.531e-05
2024-11-16 02:05:36,3097.49,2.53e-05
2024-11-16 02:05:48,3097.9,2.529e-05
2024-11-16 02:06:00,3098.35,2.532e-05
2024-11-16 02:06:12,3097.99,2.533e-05
2024-11-16 02:06:24,3098.39,2.532e-05
2024-11-16 02:06:36,3097.37,2.532e-05
2024-11-16 02:06:48,3097.63,2.534e-05
2024-11-16 02:07:00,3097.69,2.534e-05
2024-11-16 02:07:12,3097.06,2.534e-05
2024-11-16 02:07:24,3096.49,2.531e-05
2024-11-16 02:07:36,3096.69,2.532e-05
2024-11-16 02:07:48,3096.4,2.533e-05
2024-11-16 02:08:00,3097.59,2.535e-05
2024-11-16 02:08:12,3098.16,2.534e-05
2024-11-16 02:08:24,3098.44,2.535e-05
2024-11-16 02:08:36,3098.5,2.536e-05
2024-11-16 02:08:48,3098.59,2.537e-05
2024-11-16 02:09:00,3098.9,2.537e-05
2024-11-16 02:09:12,3098.61,2.538e-05
2024-11-16 02:09:24,3098.9,2.542e-05
2024-11-16 02:09:36,3098.9,2.54e-05
2024-11-16 02:09:48,3098.9,2.541e-05
2024-11-16 02:10:00,3101.79,2.544e-05
2024-11-16 02:10:12,3102.49,2.543e-05
2024-11-16 02:10:24,3101.07,2.541e-05
2024-11-16 02:10:36,3101.08,2.541e-05
2024-11-16 02:10:48,3100.4,2.541e-05
2024-11-16 02:11:00,3101.36,2.541e-05
2024-11-16 02:11:12,3101.38,2.54e-05
2024-11-16 02:11:24,3101.01,2.541e-05
2024-11-16 02:11:36,3101.47,2.539e-05
2024-11-16 02:11:48,3101.97,2.539e-05
2024-11-16 02:12:00,3101.81,2.539e-05
2024-11-16 02:12:12,3101.99,2.539e-05
2024-11-16 02:12:24,3102.16,2.539e-05
2024-11-16 02:12:36,3101.97,2.537e-05
2024-11-16 02:12:48,3101.75,2.537e-05
2024-11-16 02:13:00,3101.74,2.539e-05
2024-11-16 02:13:12,3100.68,2.535e-05
2024-11-16 02:13:24,3100.05,2.536e-05
2024-11-16 02:13:36,3100.62,2.536e-05
2024-11-16 02:13:48,3100.79,2.536e-05
2024-11-16 02:14:00,3101.92,2.536e-05
2024-11-16 02:14:12,3101.74,2.536e-05
2024-11-16 02:14:24,3101.75,2.535e-05
2024-11-16 02:14:36,3101.35,2.536e-05
2024-11-16 02:14:48,3101.51,2.535e-05
2024-11-16 02:15:00,3101.57,2.536e-05
2024-11-16 02:15:12,3101.01,2.535e-05
2024-11-16 02:15:24,3101.47,2.534e-05
2024-11-16 02:15:36,3103.04,2.534e-05
2024-11-16 02:15:48,3105.39,2.536e-05
2024-11-16 02:16:00,3105.01,2.535e-05
2024-11-16 02:16:12,3105.03,2.536e-05
2024-11-16 02:16:24,3104.41,2.537e-05
2024-11-16 02:16:36,3105.91,2.539e-05
2024-11-16 02:16:48,3105.22,2.543e-05
2024-11-16 02:17:00,3106.89,2.545e-05
2024-11-16 02:17:12,3106.61,2.545e-05
2024-11-16 02:17:24,3107.5,2.545e-05
2024-11-16 02:17:36,3107.76,2.546e-05
2024-11-16 02:17:48,3106.0,2.546e-05
2024-11-16 02:18:00,3104.25,2.541e-05
2024-11-16 02:18:12,3104.65,2.542e-05
2024-11-16 02:18:24,3105.9,2.543e-05
2024-11-16 02:18:36,3107.19,2.544e-05
2024-11-16 02:18:48,3107.99,2.545e-05
2024-11-16 02:19:00,3107.85,2.544e-05
2024-11-16 02:19:12,3108.01,2.545e-05
2024-11-16 02:19:24,3108.15,2.547e-05
2024-11-16 02:19:36,3108.29,2.545e-05
2024-11-16 02:19:48,3107.04,2.544e-05
2024-11-16 02:20:00,3107.82,2.543e-05
2024-11-16 02:20:12,3108.01,2.544e-05
2024-11-16 02:20:24,3109.42,2.546e-05
2024-11-16 02:20:36,3108.01,2.542e-05
2024-11-16 02:20:48,3107.22,2.543e-05
2024-11-16 02:21:00,3107.01,2.544e-05
2024-11-16 02:21:12,3106.75,2.543e-05
2024-11-16 02:21:24,3104.62,2.542e-05
2024-11-16 02:21:36,3105.23,2.542e-05
2024-11-16 02:21:48,3104.42,2.543e-05
2024-11-16 02:22:00,3105.1,2.544e-05
2024-11-16 02:22:12,3105.11,2.545e-05
2024-11-16 02:22:24,3104.76,2.546e-05
2024-11-16 02:22:36,3105.52,2.546e-05
2024-11-16 02:22:48,3107.34,2.548e-05
2024-11-16 02:23:00,3106.07,2.547e-05
2024-11-16 02:23:12,3105.91,2.543e-05
2024-11-16 02:23:24,3106.07,2.544e-05
2024-11-16 02:23:36,3105.89,2.543e-05
2024-11-16 02:23:48,3105.26,2.542e-05
2024-11-16 02:24:00,3105.16,2.543e-05
2024-11-16 02:24:12,3104.61,2.542e-05
2024-11-16 02:24:24,3104.6,2.542e-05
2024-11-16 02:24:36,3103.89,2.543e-05
2024-11-16 02:24:48,3103.71,2.542e-05
2024-11-16 02:25:00,3103.37,2.543e-05
2024-11-16 02:25:12,3104.5,2.544e-05
2024-11-16 02:25:24,3104.53,2.544e-05
2024-11-16 02:25:36,3105.0,2.546e-05
2024-11-16 02:25:48,3105.5,2.546e-05
2024-11-16 02:26:00,3104.39,2.547e-05
2024-11-16 02:26:12,3105.0,2.548e-05
2024-11-16 02:26:24,3104.84,2.545e-05
2024-11-16 02:26:36,3104.8,2.545e-05
2024-11-16 02:26:48,3104.2,2.543e-05
2024-11-16 02:27:00,3104.6,2.544e-05
2024-11-16 02:27:12,3104.52,2.544e-05
2024-11-16 02:27:24,3104.99,2.545e-05
2024-11-16 02:27:36,3105.49,2.546e-05
2024-11-16 02:27:48,3104.52,2.543e-05
2024-11-16 02:28:00,3105.0,2.545e-05
2024-11-16 02:28:12,3104.66,2.545e-05
2024-11-16 02:28:24,3104.5,2.543e-05
2024-11-16 02:28:36,3104.5,2.544e-05
2024-11-16 02:28:48,3105.75,2.544e-05
2024-11-16 02:29:00,3105.74,2.545e-05
2024-11-16 02:29:12,3105.1,2.547e-05
2024-11-16 02:29:24,3105.5,2.546e-05
2024-11-16 02:29:36,3104.92,2.545e-05
2024-11-16 02:29:48,3104.92,2.545e-05
2024-11-16 02:30:00,3105.8,2.546e-05
2024-11-16 02:30:12,3106.32,2.55e-05
2024-11-16 02:30:24,3107.03,2.55e-05
2024-11-16 02:30:36,3107.02,2.551e-05
2024-11-16 02:30:48,3107.0,2.551e-05
2024-11-16 02:31:00,3108.12,2.551e-05
2024-11-16 02:31:12,3106.25,2.546e-05
2024-11-16 02:31:24,3105.03,2.546e-05
2024-11-16 02:31:36,3105.36,2.544e-05
2024-11-16 02:31:48,3105.23,2.542e-05
2024-11-16 02:32:00,3106.36,2.544e-05
2024-11-16 02:32:12,3108.02,2.546e-05
2024-11-16 02:32:24,3108.38,2.545e-05
2024-11-16 02:32:36,3108.05,2.544e-05
2024-11-16 02:32:48,3107.02,2.545e-05
2024-11-16 02:33:00,3106.8,2.544e-05
2024-11-16 02:33:12,3107.47,2.544e-05
2024-11-16 02:33:24,3110.71,2.547e-05
2024-11-16 02:33:36,3113.95,2.548e-05
2024-11-16 02:33:48,3116.32,2.551e-05
2024-11-16 02:34:00,3114.73,2.551e-05
2024-11-16 02:34:12,3113.64,2.55e-05
2024-11-16 02:34:24,3113.73,2.55e-05
2024-11-16 02:34:36,3112.4,2.548e-05
2024-11-16 02:34:48,3111.84,2.545e-05
2024-11-16 02:35:00,3112.34,2.544e-05
2024-11-16 02:35:12,3112.5,2.546e-05
2024-11-16 02:35:24,3115.14,2.547e-05
2024-11-16 02:35:36,3115.74,2.549e-05
2024-11-16 02:35:48,3117.0,2.551e-05
2024-11-16 02:36:00,3117.49,2.55e-05
2024-11-16 02:36:12,3117.52,2.55e-05
2024-11-16 02:36:24,3117.74,2.551e-05
2024-11-16 02:36:36,3118.52,2.551e-05
2024-11-16 02:36:48,3118.12,2.55e-05
2024-11-16 02:37:00,3118.22,2.55e-05
2024-11-16 02:37:12,3118.97,2.553e-05
2024-11-16 02:37:24,3118.61,2.553e-05
2024-11-16 02:37:36,3121.6,2.552e-05
2024-11-16 02:37:48,3122.71,2.553e-05
2024-11-16 02:38:00,3120.52,2.552e-05
2024-11-16 02:38:12,3120.76,2.554e-05
2024-11-16 02:38:24,3121.19,2.553e-05
2024-11-16 02:38:36,3120.01,2.554e-05
2024-11-16 02:38:48,3118.17,2.551e-05
2024-11-16 02:39:00,3118.78,2.552e-05
2024-11-16 02:39:12,3118.95,2.552e-05
2024-11-16 02:39:24,3119.03,2.551e-05
2024-11-16 02:39:36,3116.21,2.546e-05
2024-11-16 02:39:48,3116.45,2.548e-05
2024-11-16 02:40:00,3116.44,2.549e-05
2024-11-16 02:40:12,3114.46,2.546e-05
2024-11-16 02:40:24,3115.14,2.546e-05
2024-11-16 02:40:36,3117.24,2.548e-05
2024-11-16 02:40:48,3118.34,2.549e-05
2024-11-16 02:41:00,3118.3,2.548e-05
2024-11-16 02:41:12,3119.05,2.549e-05
2024-11-16 02:41:24,3120.03,2.549e-05
2024-11-16 02:41:36,3119.91,2.55e-05
2024-11-16 02:41:48,3120.5,2.549e-05
2024-11-16 02:42:00,3120.36,2.55e-05
2024-11-16 02:42:12,3119.4,2.548e-05
2024-11-16 02:42:24,3118.67,2.547e-05
2024-11-16 02:42:36,3118.67,2.545e-05
2024-11-16 02:42:48,3118.66,2.546e-05
2024-11-16 02:43:00,3117.21,2.544e-05
2024-11-16 02:43:12,3117.8,2.544e-05
2024-11-16 02:43:24,3117.92,2.544e-05
2024-11-16 02:43:36,3118.64,2.545e-05
2024-11-16 02:43:48,3117.83,2.545e-05
2024-11-16 02:44:00,3117.83,2.543e-05
2024-11-16 02:44:12,3116.78,2.542e-05
2024-11-16 02:44:24,3118.87,2.543e-05
2024-11-16 02:44:36,3120.91,2.543e-05
2024-11-16 02:44:48,3120.01,2.545e-05
2024-11-16 02:45:00,3119.03,2.542e-05
2024-11-16 02:45:12,3117.51,2.54e-05
2024-11-16 02:45:24,3115.29,2.538e-05
2024-11-16 02:45:36,3113.6,2.536e-05
2024-11-16 02:45:48,3112.33,2.537e-05
2024-11-16 02:46:00,3111.56,2.536e-05
2024-11-16 02:46:12,3110.55,2.532e-05
2024-11-16 02:46:24,3112.1,2.532e-05
2024-11-16 02:46:36,3111.51,2.532e-05
2024-11-16 02:46:48,3112.4,2.533e-05
2024-11-16 02:47:00,3110.5,2.532e-05
2024-11-16 02:47:12,3111.99,2.534e-05
2024-11-16 02:47:24,3113.19,2.536e-05
2024-11-16 02:47:36,3113.57,2.535e-05
2024-11-16 02:47:48,3113.1,2.535e-05
2024-11-16 02:48:00,3112.63,2.535e-05
2024-11-16 02:48:12,3110.99,2.535e-05
2024-11-16 02:48:24,3111.53,2.536e-05
2024-11-16 02:48:36,3110.65,2.535e-05
2024-11-16 02:48:48,3111.56,2.536e-05
2024-11-16 02:49:00,3112.8,2.539e-05
2024-11-16 02:49:12,3113.73,2.537e-05
2024-11-16 02:49:24,3112.56,2.537e-05
2024-11-16 02:49:36,3113.45,2.539e-05
2024-11-16 02:49:48,3114.0,2.541e-05
2024-11-16 02:50:00,3116.54,2.541e-05
2024-11-16 02:50:12,3115.2,2.539e-05
2024-11-16 02:50:24,3113.8,2.538e-05
2024-11-16 02:50:36,3114.33,2.54e-05
2024-11-16 02:50:48,3113.8,2.539e-05
2024-11-16 02:51:00,3111.77,2.539e-05
2024-11-16 02:51:12,3112.02,2.539e-05
2024-11-16 02:51:24,3110.24,2.537e-05
2024-11-16 02:51:36,3110.15,2.538e-05
2024-11-16 02:51:48,3110.16,2.536e-05
2024-11-16 02:52:00,3111.2,2.538e-05
2024-11-16 02:52:12,3111.14,2.537e-05
2024-11-16 02:52:24,3111.96,2.538e-05
2024-11-16 02:52:36,3111.98,2.538e-05
2024-11-16 02:52:48,3112.57,2.537e-05
2024-11-16 02:53:00,3113.02,2.538e-05
2024-11-16 02:53:12,3113.01,2.537e-05
2024-11-16 02:53:24,3112.9,2.536e-05
2024-11-16 02:53:36,3112.56,2.537e-05
2024-11-16 02:53:48,3111.14,2.534e-05
2024-11-16 02:54:00,3110.96,2.534e-05
2024-11-16 02:54:12,3110.61,2.533e-05
2024-11-16 02:54:24,3110.01,2.531e-05
2024-11-16 02:54:36,3110.0,2.531e-05
2024-11-16 02:54:48,3110.46,2.532e-05
2024-11-16 02:55:00,3110.15,2.531e-05
2024-11-16 02:55:12,3110.21,2.529e-05
2024-11-16 02:55:24,3110.82,2.53e-05
2024-11-16 02:55:36,3111.49,2.531e-05
2024-11-16 02:55:48,3111.52,2.531e-05
2024-11-16 02:56:00,3111.03,2.531e-05
2024-11-16 02:56:12,3111.53,2.532e-05
2024-11-16 02:56:24,3110.5,2.53e-05
2024-11-16 02:56:36,3110.5,2.529e-05
2024-11-16 02:56:48,3110.31,2.53e-05
2024-11-16 02:57:00,3109.6,2.528e-05
2024-11-16 02:57:12,3109.72,2.528e-05
2024-11-16 02:57:24,3111.49,2.528e-05
2024-11-16 02:57:36,3111.79,2.528e-05
2024-11-16 02:57:48,3110.8,2.528e-05
2024-11-16 02:58:00,3109.2,2.527e-05
2024-11-16 02:58:12,3108.7,2.527e-05
2024-11-16 02:58:24,3108.62,2.529e-05
2024-11-16 02:58:36,3109.2,2.529e-05
2024-11-16 02:58:48,3109.98,2.529e-05
2024-11-16 02:59:00,3109.71,2.528e-05
2024-11-16 02:59:12,3109.51,2.528e-05
2024-11-16 02:59:24,3109.5,2.526e-05
2024-11-16 02:59:36,3109.82,2.525e-05
2024-11-16 02:59:48,3110.56,2.526e-05
2024-11-16 03:00:00,3110.77,2.524e-05
2024-11-16 03:00:12,3111.5,2.527e-05
2024-11-16 03:00:24,3111.27,2.526e-05
2024-11-16 03:00:36,3110.22,2.525e-05
2024-11-16 03:00:48,3110.26,2.525e-05
2024-11-16 03:01:00,3110.08,2.52e-05
2024-11-16 03:01:12,3109.3,2.521e-05
2024-11-16 03:01:24,3108.54,2.521e-05
2024-11-16 03:01:36,3109.92,2.521e-05
2024-11-16 03:01:48,3110.8,2.522e-05
2024-11-16 03:02:00,3112.12,2.522e-05
2024-11-16 03:02:12,3112.49,2.521e-05
2024-11-16 03:02:24,3111.46,2.522e-05
2024-11-16 03:02:36,3113.59,2.524e-05
2024-11-16 03:02:48,3113.99,2.524e-05
2024-11-16 03:03:00,3114.0,2.523e-05
2024-11-16 03:03:12,3114.0,2.526e-05
2024-11-16 03:03:24,3114.41,2.526e-05
2024-11-16 03:03:36,3113.8,2.526e-05
2024-11-16 03:03:48,3113.98,2.526e-05
2024-11-16 03:04:00,3112.38,2.525e-05
2024-11-16 03:04:12,3112.4,2.527e-05
2024-11-16 03:04:24,3112.9,2.528e-05
2024-11-16 03:04:36,3112.89,2.53e-05
2024-11-16 03:04:48,3113.54,2.531e-05
2024-11-16 03:05:00,3113.44,2.531e-05
2024-11-16 03:05:12,3112.2,2.526e-05
2024-11-16 03:05:24,3112.45,2.524e-05
2024-11-16 03:05:36,3113.49,2.528e-05
2024-11-16 03:05:48,3113.78,2.528e-05
2024-11-16 03:06:00,3113.68,2.528e-05
2024-11-16 03:06:12,3113.0,2.528e-05
2024-11-16 03:06:24,3113.27,2.528e-05
2024-11-16 03:06:36,3113.41,2.53e-05
2024-11-16 03:06:48,3113.58,2.528e-05
2024-11-16 03:07:00,3113.99,2.529e-05
2024-11-16 03:07:12,3114.31,2.528e-05
2024-11-16 03:07:24,3114.45,2.53e-05
2024-11-16 03:07:36,3115.03,2.53e-05
2024-11-16 03:07:48,3115.49,2.531e-05
2024-11-16 03:08:00,3116.16,2.532e-05
2024-11-16 03:08:12,3116.83,2.532e-05
2024-11-16 03:08:24,3116.9,2.533e-05
2024-11-16 03:08:36,3117.59,2.532e-05
2024-11-16 03:08:48,3117.83,2.534e-05
2024-11-16 03:09:00,3118.6,2.536e-05
2024-11-16 03:09:12,3118.03,2.534e-05
2024-11-16 03:09:24,3118.79,2.536e-05
2024-11-16 03:09:36,3118.98,2.537e-05
2024-11-16 03:09:48,3119.01,2.536e-05
2024-11-16 03:10:00,3119.01,2.537e-05
2024-11-16 03:10:12,3119.01,2.536e-05
2024-11-16 03:10:24,3119.01,2.534e-05
2024-11-16 03:10:36,3119.0,2.532e-05
2024-11-16 03:10:48,3115.96,2.532e-05
2024-11-16 03:11:00,3116.51,2.531e-05
2024-11-16 03:11:12,3116.51,2.531e-05
2024-11-16 03:11:24,3118.0,2.532e-05
2024-11-16 03:11:36,3117.95,2.532e-05
2024-11-16 03:11:48,3118.47,2.533e-05
2024-11-16 03:12:00,3119.19,2.532e-05
2024-11-16 03:12:12,3119.61,2.53e-05
2024-11-16 03:12:24,3119.61,2.53e-05
2024-11-16 03:12:36,3120.4,2.533e-05
2024-11-16 03:12:48,3120.97,2.535e-05
2024-11-16 03:13:00,3122.1,2.537e-05
2024-11-16 03:13:12,3122.31,2.538e-05
2024-11-16 03:13:24,3121.01,2.536e-05
2024-11-16 03:13:36,3120.5,2.532e-05
2024-11-16 03:13:48,3119.32,2.533e-05
2024-11-16 03:14:00,3119.63,2.531e-05
2024-11-16 03:14:12,3119.92,2.53e-05
2024-11-16 03:14:24,3119.92,2.53e-05
2024-11-16 03:14:36,3119.92,2.531e-05
2024-11-16 03:14:48,3120.2,2.531e-05
2024-11-16 03:15:00,3120.23,2.529e-05
2024-11-16 03:15:12,3120.29,2.531e-05
2024-11-16 03:15:24,3120.0,2.53e-05
2024-11-16 03:15:36,3118.22,2.528e-05
2024-11-16 03:15:48,3118.49,2.528e-05
2024-11-16 03:16:00,3118.79,2.527e-05
2024-11-16 03:16:12,3118.89,2.528e-05
2024-11-16 03:16:24,3118.09,2.526e-05
2024-11-16 03:16:36,3117.79,2.528e-05
2024-11-16 03:16:48,3117.01,2.527e-05
2024-11-16 03:17:00,3117.01,2.525e-05
2024-11-16 03:17:12,3114.9,2.527e-05
2024-11-16 03:17:24,3116.43,2.529e-05
2024-11-16 03:17:36,3117.0,2.529e-05
2024-11-16 03:17:48,3116.01,2.529e-05
2024-11-16 03:18:00,3117.0,2.529e-05
2024-11-16 03:18:12,3117.5,2.53e-05
2024-11-16 03:18:24,3116.7,2.53e-05
2024-11-16 03:18:36,3115.66,2.531e-05
2024-11-16 03:18:48,3115.01,2.529e-05
2024-11-16 03:19:00,3115.58,2.529e-05
2024-11-16 03:19:12,3115.83,2.531e-05
2024-11-16 03:19:24,3116.0,2.533e-05
2024-11-16 03:19:36,3116.55,2.533e-05
2024-11-16 03:19:48,3116.86,2.535e-05
2024-11-16 03:20:00,3117.5,2.533e-05
2024-11-16 03:20:12,3118.76,2.535e-05
2024-11-16 03:20:24,3119.88,2.536e-05
2024-11-16 03:20:36,3119.42,2.534e-05
2024-11-16 03:20:48,3119.42,2.534e-05
2024-11-16 03:21:00,3119.83,2.536e-05
2024-11-16 03:21:12,3119.82,2.536e-05
2024-11-16 03:21:24,3121.01,2.536e-05
2024-11-16 03:21:36,3121.16,2.535e-05
2024-11-16 03:21:48,3122.3,2.536e-05
2024-11-16 03:22:00,3122.99,2.537e-05
2024-11-16 03:22:12,3122.22,2.535e-05
2024-11-16 03:22:24,3122.44,2.534e-05
2024-11-16 03:22:36,3122.82,2.535e-05
2024-11-16 03:22:48,3123.39,2.535e-05
2024-11-16 03:23:00,3124.25,2.535e-05
2024-11-16 03:23:12,3123.61,2.533e-05
2024-11-16 03:23:24,3123.02,2.533e-05
2024-11-16 03:23:36,3123.59,2.534e-05
2024-11-16 03:23:48,3123.8,2.532e-05
2024-11-16 03:24:00,3125.55,2.534e-05
2024-11-16 03:24:12,3126.76,2.535e-05
2024-11-16 03:24:24,3127.0,2.535e-05
2024-11-16 03:24:36,3127.21,2.536e-05
2024-11-16 03:24:48,3127.41,2.535e-05
2024-11-16 03:25:00,3126.15,2.533e-05
2024-11-16 03:25:12,3123.98,2.53e-05
2024-11-16 03:25:24,3125.87,2.533e-05
2024-11-16 03:25:36,3124.55,2.532e-05
2024-11-16 03:25:48,3123.68,2.532e-05
2024-11-16 03:26:00,3123.28,2.531e-05
2024-11-16 03:26:12,3126.48,2.533e-05
2024-11-16 03:26:24,3129.29,2.538e-05
2024-11-16 03:26:36,3128.51,2.537e-05
2024-11-16 03:26:48,3128.52,2.537e-05
2024-11-16 03:27:00,3128.5,2.535e-05
2024-11-16 03:27:12,3128.51,2.534e-05
2024-11-16 03:27:24,3128.51,2.537e-05
2024-11-16 03:27:36,3128.19,2.539e-05
2024-11-16 03:27:48,3128.5,2.538e-05
2024-11-16 03:28:00,3127.73,2.538e-05
2024-11-16 03:28:12,3127.29,2.538e-05
2024-11-16 03:28:24,3128.01,2.538e-05
2024-11-16 03:28:36,3129.8,2.54e-05
2024-11-16 03:28:48,3129.21,2.539e-05
2024-11-16 03:29:00,3130.0,2.539e-05
2024-11-16 03:29:12,3128.64,2.538e-05
2024-11-16 03:29:24,3127.83,2.538e-05
2024-11-16 03:29:36,3129.52,2.54e-05
2024-11-16 03:29:48,3132.06,2.54e-05
2024-11-16 03:30:00,3133.4,2.54e-05
2024-11-16 03:30:12,3133.54,2.542e-05
2024-11-16 03:30:24,3133.54,2.542e-05
2024-11-16 03:30:36,3133.11,2.542e-05
2024-11-16 03:30:48,3133.21,2.539e-05
2024-11-16 03:31:00,3133.51,2.541e-05
2024-11-16 03:31:12,3133.18,2.54e-05
2024-11-16 03:31:24,3131.09,2.541e-05
2024-11-16 03:31:36,3132.49,2.54e-05
2024-11-16 03:31:48,3129.69,2.54e-05
2024-11-16 03:32:00,3129.53,2.539e-05
2024-11-16 03:32:12,3128.95,2.539e-05
2024-11-16 03:32:24,3128.5,2.539e-05
2024-11-16 03:32:36,3129.33,2.539e-05
2024-11-16 03:32:48,3128.0,2.539e-05
2024-11-16 03:33:00,3127.01,2.536e-05
2024-11-16 03:33:12,3127.25,2.536e-05
2024-11-16 03:33:24,3125.8,2.533e-05
2024-11-16 03:33:36,3126.0,2.532e-05
2024-11-16 03:33:48,3127.19,2.532e-05
2024-11-16 03:34:00,3127.21,2.532e-05
2024-11-16 03:34:12,3127.88,2.531e-05
2024-11-16 03:34:24,3128.2,2.533e-05
2024-11-16 03:34:36,3126.63,2.532e-05
2024-11-16 03:34:48,3126.49,2.531e-05
2024-11-16 03:35:00,3126.31,2.53e-05
2024-11-16 03:35:12,3124.51,2.528e-05
2024-11-16 03:35:24,3124.72,2.527e-05
2024-11-16 03:35:36,3126.53,2.529e-05
2024-11-16 03:35:48,3129.84,2.533e-05
2024-11-16 03:36:00,3132.21,2.536e-05
2024-11-16 03:36:12,3132.98,2.534e-05
2024-11-16 03:36:24,3132.93,2.534e-05
2024-11-16 03:36:36,3132.88,2.531e-05
2024-11-16 03:36:48,3136.0,2.532e-05
2024-11-16 03:37:00,3136.82,2.533e-05
2024-11-16 03:37:12,3135.1,2.534e-05
2024-11-16 03:37:24,3134.47,2.535e-05
2024-11-16 03:37:36,3133.79,2.534e-05
2024-11-16 03:37:48,3136.0,2.535e-05
2024-11-16 03:38:00,3138.46,2.537e-05
2024-11-16 03:38:12,3140.0,2.544e-05
2024-11-16 03:38:24,3140.36,2.543e-05
2024-11-16 03:38:36,3137.65,2.543e-05
2024-11-16 03:38:48,3137.41,2.543e-05
2024-11-16 03:39:00,3138.12,2.546e-05
2024-11-16 03:39:12,3141.04,2.549e-05
2024-11-16 03:39:24,3141.6,2.548e-05
2024-11-16 03:39:36,3139.66,2.546e-05
2024-11-16 03:39:48,3137.29,2.543e-05
2024-11-16 03:40:00,3138.37,2.545e-05
2024-11-16 03:40:12,3137.9,2.547e-05
2024-11-16 03:40:24,3137.02,2.545e-05
2024-11-16 03:40:36,3137.53,2.543e-05
2024-11-16 03:40:48,3138.49,2.543e-05
2024-11-16 03:41:00,3138.81,2.544e-05
2024-11-16 03:41:12,3138.4,2.544e-05
2024-11-16 03:41:24,3138.93,2.542e-05
2024-11-16 03:41:36,3141.26,2.544e-05
2024-11-16 03:41:48,3140.0,2.541e-05
2024-11-16 03:42:00,3140.61,2.541e-05
2024-11-16 03:42:12,3140.01,2.539e-05
2024-11-16 03:42:24,3137.33,2.535e-05
2024-11-16 03:42:36,3137.01,2.534e-05
2024-11-16 03:42:48,3137.21,2.535e-05
2024-11-16 03:43:00,3136.18,2.532e-05
2024-11-16 03:43:12,3136.6,2.532e-05
2024-11-16 03:43:24,3136.59,2.532e-05
2024-11-16 03:43:36,3136.59,2.531e-05
2024-11-16 03:43:48,3137.18,2.533e-05
2024-11-16 03:44:00,3138.01,2.534e-05
2024-11-16 03:44:12,3136.4,2.533e-05
2024-11-16 03:44:24,3136.01,2.533e-05
2024-11-16 03:44:36,3134.0,2.529e-05
2024-11-16 03:44:48,3134.01,2.529e-05
2024-11-16 03:45:00,3134.49,2.53e-05
2024-11-16 03:45:12,3131.8,2.528e-05
2024-11-16 03:45:24,3132.39,2.528e-05
2024-11-16 03:45:36,3130.0,2.526e-05
2024-11-16 03:45:48,3129.5,2.526e-05
2024-11-16 03:46:00,3130.95,2.525e-05
2024-11-16 03:46:12,3132.2,2.529e-05
2024-11-16 03:46:24,3130.75,2.526e-05
2024-11-16 03:46:36,3130.57,2.528e-05
2024-11-16 03:46:48,3129.71,2.526e-05
2024-11-16 03:47:00,3129.35,2.526e-05
2024-11-16 03:47:12,3131.28,2.528e-05
2024-11-16 03:47:24,3130.8,2.53e-05
2024-11-16 03:47:36,3131.5,2.53e-05
2024-11-16 03:47:48,3132.5,2.53e-05
2024-11-16 03:48:00,3131.03,2.528e-05
2024-11-16 03:48:12,3131.0,2.531e-05
2024-11-16 03:48:24,3131.52,2.532e-05
2024-11-16 03:48:36,3131.8,2.532e-05
2024-11-16 03:48:48,3133.99,2.534e-05
2024-11-16 03:49:00,3133.74,2.532e-05
2024-11-16 03:49:12,3132.6,2.533e-05
2024-11-16 03:49:24,3133.99,2.532e-05
2024-11-16 03:49:36,3134.67,2.533e-05
2024-11-16 03:49:48,3133.52,2.534e-05
2024-11-16 03:50:00,3133.38,2.531e-05
2024-11-16 03:50:12,3133.32,2.53e-05
2024-11-16 03:50:24,3132.67,2.53e-05
2024-11-16 03:50:36,3131.69,2.53e-05
2024-11-16 03:50:48,3132.38,2.53e-05
2024-11-16 03:51:00,3132.54,2.529e-05
2024-11-16 03:51:12,3132.11,2.529e-05
2024-11-16 03:51:24,3132.67,2.533e-05
2024-11-16 03:51:36,3133.0,2.533e-05
2024-11-16 03:51:48,3135.0,2.536e-05
2024-11-16 03:52:00,3135.0,2.536e-05
2024-11-16 03:52:12,3135.13,2.537e-05
2024-11-16 03:52:24,3134.58,2.536e-05
2024-11-16 03:52:36,3134.22,2.535e-05
2024-11-16 03:52:48,3134.34,2.534e-05
2024-11-16 03:53:00,3133.92,2.532e-05
2024-11-16 03:53:12,3134.67,2.534e-05
2024-11-16 03:53:24,3134.89,2.532e-05
2024-11-16 03:53:36,3134.0,2.533e-05
2024-11-16 03:53:48,3135.68,2.536e-05
2024-11-16 03:54:00,3136.0,2.536e-05
2024-11-16 03:54:12,3137.46,2.538e-05
2024-11-16 03:54:24,3137.81,2.54e-05
2024-11-16 03:54:36,3134.61,2.537e-05
2024-11-16 03:54:48,3133.66,2.538e-05
2024-11-16 03:55:00,3134.85,2.539e-05
2024-11-16 03:55:12,3135.99,2.538e-05
2024-11-16 03:55:24,3135.81,2.538e-05
2024-11-16 03:55:36,3136.98,2.539e-05
2024-11-16 03:55:48,3138.34,2.54e-05
2024-11-16 03:56:00,3140.0,2.542e-05
2024-11-16 03:56:12,3140.34,2.545e-05
2024-11-16 03:56:24,3142.88,2.548e-05
2024-11-16 03:56:36,3145.78,2.548e-05
2024-11-16 03:56:48,3147.39,2.547e-05
2024-11-16 03:57:00,3151.18,2.547e-05
2024-11-16 03:57:12,3149.51,2.547e-05
2024-11-16 03:57:24,3151.54,2.548e-05
2024-11-16 03:57:36,3149.51,2.545e-05
2024-11-16 03:57:48,3148.51,2.545e-05
2024-11-16 03:58:00,3148.54,2.545e-05
2024-11-16 03:58:12,3149.23,2.545e-05
2024-11-16 03:58:24,3150.65,2.547e-05
2024-11-16 03:58:36,3152.44,2.548e-05
2024-11-16 03:58:48,3155.0,2.549e-05
2024-11-16 03:59:00,3155.54,2.548e-05
2024-11-16 03:59:12,3156.09,2.548e-05
2024-11-16 03:59:24,3155.61,2.548e-05
2024-11-16 03:59:36,3155.68,2.548e-05
2024-11-16 03:59:48,3155.54,2.549e-05
2024-11-16 04:00:00,3154.77,2.549e-05
2024-11-16 04:00:12,3151.36,2.545e-05
2024-11-16 04:00:24,3153.0,2.546e-05
2024-11-16 04:00:36,3154.19,2.547e-05
2024-11-16 04:00:48,3155.29,2.549e-05
2024-11-16 04:01:00,3156.72,2.548e-05
2024-11-16 04:01:12,3154.8,2.547e-05
2024-11-16 04:01:24,3156.19,2.548e-05
2024-11-16 04:01:36,3156.9,2.548e-05
2024-11-16 04:01:48,3158.08,2.549e-05
2024-11-16 04:02:00,3157.23,2.548e-05
2024-11-16 04:02:12,3157.46,2.549e-05
2024-11-16 04:02:24,3159.82,2.549e-05
2024-11-16 04:02:36,3161.02,2.55e-05
2024-11-16 04:02:48,3162.43,2.55e-05
2024-11-16 04:03:00,3161.65,2.549e-05
2024-11-16 04:03:12,3157.28,2.546e-05
2024-11-16 04:03:24,3156.37,2.543e-05
2024-11-16 04:03:36,3156.51,2.545e-05
2024-11-16 04:03:48,3156.18,2.545e-05
2024-11-16 04:04:00,3155.81,2.544e-05
2024-11-16 04:04:12,3152.95,2.541e-05
2024-11-16 04:04:24,3153.08,2.542e-05
2024-11-16 04:04:36,3154.7,2.542e-05
2024-11-16 04:04:48,3151.81,2.541e-05
2024-11-16 04:05:00,3149.82,2.541e-05
2024-11-16 04:05:12,3151.81,2.543e-05
2024-11-16 04:05:24,3149.19,2.539e-05
2024-11-16 04:05:36,3148.21,2.537e-05
2024-11-16 04:05:48,3147.69,2.536e-05
2024-11-16 04:06:00,3148.42,2.539e-05
2024-11-16 04:06:12,3149.61,2.54e-05
2024-11-16 04:06:24,3150.99,2.541e-05
2024-11-16 04:06:36,3151.46,2.541e-05
2024-11-16 04:06:48,3151.32,2.536e-05
2024-11-16 04:07:00,3150.64,2.537e-05
2024-11-16 04:07:12,3150.42,2.537e-05
2024-11-16 04:07:24,3152.95,2.54e-05
2024-11-16 04:07:36,3154.01,2.539e-05
2024-11-16 04:07:48,3153.67,2.539e-05
2024-11-16 04:08:00,3154.98,2.541e-05
2024-11-16 04:08:12,3153.99,2.541e-05
2024-11-16 04:08:24,3152.84,2.539e-05
2024-11-16 04:08:36,3152.64,2.539e-05
2024-11-16 04:08:48,3151.65,2.541e-05
2024-11-16 04:09:00,3152.76,2.542e-05
2024-11-16 04:09:12,3153.93,2.544e-05
2024-11-16 04:09:24,3153.5,2.546e-05
2024-11-16 04:09:36,3153.67,2.547e-05
2024-11-16 04:09:48,3152.02,2.545e-05
2024-11-16 04:10:00,3150.43,2.543e-05
2024-11-16 04:10:12,3152.14,2.543e-05
2024-11-16 04:10:24,3149.31,2.541e-05
2024-11-16 04:10:36,3148.01,2.542e-05
2024-11-16 04:10:48,3147.63,2.542e-05
2024-11-16 04:11:00,3147.48,2.543e-05
2024-11-16 04:11:12,3147.37,2.542e-05
2024-11-16 04:11:24,3148.19,2.541e-05
2024-11-16 04:11:36,3146.81,2.541e-05
2024-11-16 04:11:48,3146.74,2.541e-05
2024-11-16 04:12:00,3147.69,2.541e-05
2024-11-16 04:12:12,3146.12,2.54e-05
2024-11-16 04:12:24,3145.28,2.538e-05
2024-11-16 04:12:36,3144.29,2.538e-05
2024-11-16 04:12:48,3145.38,2.54e-05
2024-11-16 04:13:00,3146.4,2.541e-05
2024-11-16 04:13:12,3147.1,2.541e-05
2024-11-16 04:13:24,3144.83,2.54e-05
2024-11-16 04:13:36,3144.56,2.54e-05
2024-11-16 04:13:48,3144.56,2.539e-05
2024-11-16 04:14:00,3146.4,2.541e-05
2024-11-16 04:14:12,3144.14,2.538e-05
2024-11-16 04:14:24,3144.61,2.538e-05
2024-11-16 04:14:36,3142.7,2.537e-05
2024-11-16 04:14:48,3143.5,2.538e-05
2024-11-16 04:15:00,3142.56,2.538e-05
2024-11-16 04:15:12,3143.34,2.539e-05
2024-11-16 04:15:24,3143.5,2.538e-05
2024-11-16 04:15:36,3143.41,2.538e-05
2024-11-16 04:15:48,3143.13,2.538e-05
2024-11-16 04:16:00,3143.0,2.537e-05
2024-11-16 04:16:12,3144.5,2.54e-05
2024-11-16 04:16:24,3143.5,2.539e-05
2024-11-16 04:16:36,3143.21,2.539e-05
2024-11-16 04:16:48,3143.79,2.54e-05
2024-11-16 04:17:00,3143.5,2.538e-05
2024-11-16 04:17:12,3144.43,2.538e-05
2024-11-16 04:17:24,3145.0,2.54e-05
2024-11-16 04:17:36,3144.59,2.539e-05
2024-11-16 04:17:48,3144.96,2.54e-05
2024-11-16 04:18:00,3145.42,2.541e-05
2024-11-16 04:18:12,3145.12,2.541e-05
2024-11-16 04:18:24,3146.0,2.541e-05
2024-11-16 04:18:36,3146.45,2.542e-05
2024-11-16 04:18:48,3144.75,2.54e-05
2024-11-16 04:19:00,3144.75,2.539e-05
2024-11-16 04:19:12,3142.5,2.537e-05
2024-11-16 04:19:24,3141.51,2.537e-05
2024-11-16 04:19:36,3142.0,2.538e-05
2024-11-16 04:19:48,3140.34,2.538e-05
2024-11-16 04:20:00,3140.58,2.537e-05
2024-11-16 04:20:12,3141.3,2.54e-05
2024-11-16 04:20:24,3141.47,2.541e-05
2024-11-16 04:20:36,3140.99,2.542e-05
2024-11-16 04:20:48,3142.26,2.544e-05
2024-11-16 04:21:00,3141.02,2.543e-05
2024-11-16 04:21:12,3140.8,2.543e-05
2024-11-16 04:21:24,3140.02,2.543e-05
2024-11-16 04:21:36,3140.1,2.544e-05
2024-11-16 04:21:48,3140.41,2.544e-05
2024-11-16 04:22:00,3140.0,2.543e-05
2024-11-16 04:22:12,3139.8,2.543e-05
2024-11-16 04:22:24,3139.38,2.542e-05
2024-11-16 04:22:36,3138.94,2.542e-05
2024-11-16 04:22:48,3138.59,2.541e-05
2024-11-16 04:23:00,3139.29,2.541e-05
2024-11-16 04:23:12,3140.49,2.543e-05
2024-11-16 04:23:24,3139.01,2.542e-05
2024-11-16 04:23:36,3139.33,2.542e-05
2024-11-16 04:23:48,3139.99,2.545e-05
2024-11-16 04:24:00,3140.33,2.544e-05
2024-11-16 04:24:12,3140.37,2.545e-05
2024-11-16 04:24:24,3140.3,2.543e-05
2024-11-16 04:24:36,3141.0,2.544e-05
2024-11-16 04:24:48,3142.0,2.547e-05
2024-11-16 04:25:00,3142.62,2.546e-05
2024-11-16 04:25:12,3142.72,2.545e-05
2024-11-16 04:25:24,3141.86,2.545e-05
2024-11-16 04:25:36,3141.86,2.544e-05
2024-11-16 04:25:48,3141.2,2.542e-05
2024-11-16 04:26:00,3143.78,2.542e-05
2024-11-16 04:26:12,3144.39,2.544e-05
2024-11-16 04:26:24,3145.37,2.543e-05
2024-11-16 04:26:36,3146.12,2.544e-05
2024-11-16 04:26:48,3144.74,2.542e-05
2024-11-16 04:27:00,3144.74,2.539e-05
2024-11-16 04:27:12,3142.51,2.537e-05
2024-11-16 04:27:24,3143.5,2.538e-05
2024-11-16 04:27:36,3143.29,2.537e-05
2024-11-16 04:27:48,3142.13,2.537e-05
2024-11-16 04:28:00,3142.14,2.537e-05
2024-11-16 04:28:12,3143.0,2.538e-05
2024-11-16 04:28:24,3142.5,2.538e-05
2024-11-16 04:28:36,3140.71,2.538e-05
2024-11-16 04:28:48,3140.41,2.537e-05
2024-11-16 04:29:00,3140.18,2.536e-05
2024-11-16 04:29:12,3141.19,2.537e-05
2024-11-16 04:29:24,3141.48,2.537e-05
2024-11-16 04:29:36,3141.96,2.537e-05
2024-11-16 04:29:48,3141.51,2.538e-05
2024-11-16 04:30:00,3141.26,2.538e-05
2024-11-16 04:30:12,3140.95,2.541e-05
2024-11-16 04:30:24,3140.5,2.539e-05
2024-11-16 04:30:36,3140.01,2.539e-05
2024-11-16 04:30:48,3140.48,2.542e-05
2024-11-16 04:31:00,3140.76,2.542e-05
2024-11-16 04:31:12,3140.01,2.546e-05
2024-11-16 04:31:24,3140.21,2.548e-05
2024-11-16 04:31:36,3141.5,2.547e-05
2024-11-16 04:31:48,3141.2,2.544e-05
2024-11-16 04:32:00,3140.39,2.546e-05
2024-11-16 04:32:12,3140.01,2.545e-05
2024-11-16 04:32:24,3138.21,2.542e-05
2024-11-16 04:32:36,3139.09,2.543e-05
2024-11-16 04:32:48,3138.0,2.541e-05
2024-11-16 04:33:00,3138.69,2.541e-05
2024-11-16 04:33:12,3138.92,2.54e-05
2024-11-16 04:33:24,3139.8,2.539e-05
2024-11-16 04:33:36,3140.6,2.541e-05
2024-11-16 04:33:48,3141.19,2.542e-05
2024-11-16 04:34:00,3141.19,2.541e-05
2024-11-16 04:34:12,3140.51,2.542e-05
2024-11-16 04:34:24,3138.83,2.54e-05
2024-11-16 04:34:36,3137.8,2.537e-05
2024-11-16 04:34:48,3138.57,2.538e-05
2024-11-16 04:35:00,3138.37,2.537e-05
2024-11-16 04:35:12,3138.16,2.538e-05
2024-11-16 04:35:24,3137.5,2.536e-05
2024-11-16 04:35:36,3137.6,2.536e-05
2024-11-16 04:35:48,3137.83,2.537e-05
2024-11-16 04:36:00,3137.83,2.539e-05
2024-11-16 04:36:12,3137.58,2.536e-05
2024-11-16 04:36:24,3136.77,2.537e-05
2024-11-16 04:36:36,3136.01,2.537e-05
2024-11-16 04:36:48,3135.0,2.534e-05
2024-11-16 04:37:00,3134.01,2.533e-05
2024-11-16 04:37:12,3137.0,2.534e-05
2024-11-16 04:37:24,3137.61,2.535e-05
2024-11-16 04:37:36,3135.51,2.532e-05
2024-11-16 04:37:48,3137.47,2.533e-05
2024-11-16 04:38:00,3136.68,2.532e-05
2024-11-16 04:38:12,3134.51,2.53e-05
2024-11-16 04:38:24,3135.19,2.532e-05
2024-11-16 04:38:36,3133.87,2.53e-05
2024-11-16 04:38:48,3134.47,2.531e-05
2024-11-16 04:39:00,3132.6,2.528e-05
2024-11-16 04:39:12,3133.27,2.528e-05
2024-11-16 04:39:24,3132.38,2.528e-05
2024-11-16 04:39:36,3133.79,2.53e-05
2024-11-16 04:39:48,3134.19,2.531e-05
2024-11-16 04:40:00,3134.83,2.531e-05
2024-11-16 04:40:12,3134.1,2.53e-05
2024-11-16 04:40:24,3132.95,2.529e-05
2024-11-16 04:40:36,3134.06,2.53e-05
2024-11-16 04:40:48,3133.66,2.53e-05
2024-11-16 04:41:00,3133.5,2.529e-05
2024-11-16 04:41:12,3133.67,2.529e-05
2024-11-16 04:41:24,3134.39,2.53e-05
2024-11-16 04:41:36,3134.63,2.529e-05
2024-11-16 04:41:48,3135.29,2.531e-05
2024-11-16 04:42:00,3135.4,2.531e-05
2024-11-16 04:42:12,3134.26,2.529e-05
2024-11-16 04:42:24,3133.51,2.527e-05
2024-11-16 04:42:36,3134.06,2.526e-05
2024-11-16 04:42:48,3132.66,2.525e-05
2024-11-16 04:43:00,3131.6,2.522e-05
2024-11-16 04:43:12,3131.08,2.52e-05
2024-11-16 04:43:24,3131.21,2.521e-05
2024-11-16 04:43:36,3131.98,2.522e-05
2024-11-16 04:43:48,3130.5,2.519e-05
2024-11-16 04:44:00,3130.26,2.518e-05
2024-11-16 04:44:12,3130.39,2.516e-05
2024-11-16 04:44:24,3130.39,2.516e-05
2024-11-16 04:44:36,3129.53,2.515e-05
2024-11-16 04:44:48,3129.52,2.512e-05
2024-11-16 04:45:00,3129.51,2.511e-05
2024-11-16 04:45:12,3128.89,2.51e-05
2024-11-16 04:45:24,3128.33,2.508e-05
2024-11-16 04:45:36,3128.26,2.509e-05
2024-11-16 04:45:48,3128.26,2.509e-05
2024-11-16 04:46:00,3130.42,2.511e-05
2024-11-16 04:46:12,3130.69,2.513e-05
2024-11-16 04:46:24,3130.58,2.512e-05
2024-11-16 04:46:36,3132.14,2.514e-05
2024-11-16 04:46:48,3133.38,2.514e-05
2024-11-16 04:47:00,3132.72,2.513e-05
2024-11-16 04:47:12,3133.09,2.514e-05
2024-11-16 04:47:24,3132.35,2.512e-05
2024-11-16 04:47:36,3131.41,2.512e-05
2024-11-16 04:47:48,3132.13,2.513e-05
2024-11-16 04:48:00,3131.71,2.513e-05
2024-11-16 04:48:12,3132.5,2.514e-05
2024-11-16 04:48:24,3132.0,2.513e-05
2024-11-16 04:48:36,3131.84,2.512e-05
2024-11-16 04:48:48,3131.01,2.512e-05
2024-11-16 04:49:00,3129.76,2.509e-05
2024-11-16 04:49:12,3130.3,2.513e-05
2024-11-16 04:49:24,3131.07,2.512e-05
2024-11-16 04:49:36,3131.0,2.513e-05
2024-11-16 04:49:48,3131.5,2.513e-05
2024-11-16 04:50:00,3131.46,2.513e-05
2024-11-16 04:50:12,3132.0,2.514e-05
2024-11-16 04:50:24,3132.19,2.512e-05
2024-11-16 04:50:36,3130.17,2.51e-05
2024-11-16 04:50:48,3130.44,2.509e-05
2024-11-16 04:51:00,3130.68,2.511e-05
2024-11-16 04:51:12,3130.93,2.511e-05
2024-11-16 04:51:24,3131.26,2.511e-05
2024-11-16 04:51:36,3132.2,2.511e-05
2024-11-16 04:51:48,3132.67,2.513e-05
2024-11-16 04:52:00,3133.99,2.514e-05
2024-11-16 04:52:12,3132.8,2.514e-05
2024-11-16 04:52:24,3132.99,2.514e-05
2024-11-16 04:52:36,3132.7,2.513e-05
2024-11-16 04:52:48,3132.93,2.514e-05
2024-11-16 04:53:00,3132.27,2.512e-05
2024-11-16 04:53:12,3132.8,2.512e-05
2024-11-16 04:53:24,3132.82,2.514e-05
2024-11-16 04:53:36,3134.38,2.512e-05
2024-11-16 04:53:48,3134.2,2.514e-05
2024-11-16 04:54:00,3133.76,2.514e-05
2024-11-16 04:54:12,3133.49,2.512e-05
2024-11-16 04:54:24,3132.9,2.511e-05
2024-11-16 04:54:36,3133.11,2.511e-05
2024-11-16 04:54:48,3133.09,2.511e-05
2024-11-16 04:55:00,3132.5,2.511e-05
2024-11-16 04:55:12,3131.65,2.508e-05
2024-11-16 04:55:24,3131.13,2.507e-05
2024-11-16 04:55:36,3131.13,2.506e-05
2024-11-16 04:55:48,3131.24,2.507e-05
2024-11-16 04:56:00,3131.23,2.508e-05
2024-11-16 04:56:12,3129.65,2.508e-05
2024-11-16 04:56:24,3129.8,2.508e-05
2024-11-16 04:56:36,3129.64,2.506e-05
2024-11-16 04:56:48,3129.65,2.507e-05
2024-11-16 04:57:00,3129.0,2.505e-05
2024-11-16 04:57:12,3128.72,2.506e-05
2024-11-16 04:57:24,3128.72,2.506e-05
2024-11-16 04:57:36,3128.95,2.506e-05
2024-11-16 04:57:48,3129.11,2.506e-05
2024-11-16 04:58:00,3129.1,2.505e-05
2024-11-16 04:58:12,3129.11,2.506e-05
2024-11-16 04:58:24,3129.86,2.506e-05
2024-11-16 04:58:36,3129.9,2.505e-05
2024-11-16 04:58:48,3129.33,2.506e-05
2024-11-16 04:59:00,3129.8,2.505e-05
2024-11-16 04:59:12,3131.11,2.505e-05
2024-11-16 04:59:24,3131.11,2.505e-05
2024-11-16 04:59:36,3131.54,2.506e-05
2024-11-16 04:59:48,3131.99,2.506e-05
2024-11-16 05:00:00,3133.5,2.507e-05
2024-11-16 05:00:12,3132.8,2.506e-05
2024-11-16 05:00:24,3131.97,2.507e-05
2024-11-16 05:00:36,3131.5,2.507e-05
2024-11-16 05:00:48,3131.51,2.508e-05
2024-11-16 05:01:00,3130.78,2.509e-05
2024-11-16 05:01:12,3130.65,2.509e-05
2024-11-16 05:01:24,3130.66,2.511e-05
2024-11-16 05:01:36,3131.63,2.509e-05
2024-11-16 05:01:48,3130.68,2.509e-05
2024-11-16 05:02:00,3130.0,2.509e-05
2024-11-16 05:02:12,3129.28,2.507e-05
2024-11-16 05:02:24,3129.53,2.508e-05
2024-11-16 05:02:36,3131.13,2.509e-05
2024-11-16 05:02:48,3130.02,2.508e-05
2024-11-16 05:03:00,3129.36,2.507e-05
2024-11-16 05:03:12,3128.74,2.505e-05
2024-11-16 05:03:24,3127.53,2.506e-05
2024-11-16 05:03:36,3127.4,2.506e-05
2024-11-16 05:03:48,3124.99,2.505e-05
2024-11-16 05:04:00,3124.99,2.504e-05
2024-11-16 05:04:12,3125.05,2.504e-05
2024-11-16 05:04:24,3125.44,2.505e-05
2024-11-16 05:04:36,3125.79,2.506e-05
2024-11-16 05:04:48,3127.29,2.509e-05
2024-11-16 05:05:00,3127.26,2.51e-05
2024-11-16 05:05:12,3126.51,2.506e-05
2024-11-16 05:05:24,3127.63,2.506e-05
2024-11-16 05:05:36,3127.55,2.506e-05
2024-11-16 05:05:48,3127.5,2.507e-05
2024-11-16 05:06:00,3126.99,2.507e-05
2024-11-16 05:06:12,3127.05,2.507e-05
2024-11-16 05:06:24,3127.67,2.508e-05
2024-11-16 05:06:36,3128.39,2.508e-05
2024-11-16 05:06:48,3128.49,2.508e-05
2024-11-16 05:07:00,3127.01,2.509e-05
2024-11-16 05:07:12,3127.0,2.508e-05
2024-11-16 05:07:24,3129.33,2.511e-05
2024-11-16 05:07:36,3129.9,2.509e-05
2024-11-16 05:07:48,3130.4,2.511e-05
2024-11-16 05:08:00,3129.27,2.508e-05
2024-11-16 05:08:12,3130.02,2.509e-05
2024-11-16 05:08:24,3129.71,2.508e-05
2024-11-16 05:08:36,3130.28,2.509e-05
2024-11-16 05:08:48,3130.25,2.509e-05
2024-11-16 05:09:00,3129.8,2.511e-05
2024-11-16 05:09:12,3127.4,2.506e-05
2024-11-16 05:09:24,3127.88,2.501e-05
2024-11-16 05:09:36,3127.4,2.5e-05
2024-11-16 05:09:48,3128.3,2.501e-05
2024-11-16 05:10:00,3127.87,2.501e-05
2024-11-16 05:10:12,3128.45,2.503e-05
2024-11-16 05:10:24,3126.64,2.502e-05
2024-11-16 05:10:36,3127.54,2.504e-05
2024-11-16 05:10:48,3127.0,2.505e-05
2024-11-16 05:11:00,3126.28,2.504e-05
2024-11-16 05:11:12,3126.01,2.504e-05
2024-11-16 05:11:24,3127.68,2.508e-05
2024-11-16 05:11:36,3127.59,2.508e-05
2024-11-16 05:11:48,3128.45,2.508e-05
2024-11-16 05:12:00,3128.68,2.51e-05
2024-11-16 05:12:12,3128.0,2.509e-05
2024-11-16 05:12:24,3128.4,2.51e-05
2024-11-16 05:12:36,3127.21,2.507e-05
2024-11-16 05:12:48,3126.98,2.508e-05
2024-11-16 05:13:00,3127.49,2.509e-05
2024-11-16 05:13:12,3127.2,2.507e-05
2024-11-16 05:13:24,3126.28,2.504e-05
2024-11-16 05:13:36,3125.29,2.504e-05
2024-11-16 05:13:48,3125.43,2.502e-05
2024-11-16 05:14:00,3125.61,2.503e-05
2024-11-16 05:14:12,3126.5,2.507e-05
2024-11-16 05:14:24,3127.48,2.506e-05
2024-11-16 05:14:36,3128.55,2.509e-05
2024-11-16 05:14:48,3129.91,2.509e-05
2024-11-16 05:15:00,3131.0,2.508e-05
2024-11-16 05:15:12,3131.23,2.508e-05
2024-11-16 05:15:24,3131.53,2.509e-05
2024-11-16 05:15:36,3132.0,2.511e-05
2024-11-16 05:15:48,3128.81,2.507e-05
2024-11-16 05:16:00,3128.38,2.507e-05
2024-11-16 05:16:12,3128.4,2.507e-05
2024-11-16 05:16:24,3127.01,2.507e-05
2024-11-16 05:16:36,3124.93,2.506e-05
2024-11-16 05:16:48,3126.29,2.504e-05
2024-11-16 05:17:00,3125.21,2.503e-05
2024-11-16 05:17:12,3127.79,2.504e-05
2024-11-16 05:17:24,3128.48,2.505e-05
2024-11-16 05:17:36,3129.77,2.506e-05
2024-11-16 05:17:48,3128.78,2.504e-05
2024-11-16 05:18:00,3129.15,2.506e-05
2024-11-16 05:18:12,3129.5,2.505e-05
2024-11-16 05:18:24,3127.84,2.507e-05
2024-11-16 05:18:36,3128.02,2.506e-05
2024-11-16 05:18:48,3128.43,2.504e-05
2024-11-16 05:19:00,3128.43,2.504e-05
2024-11-16 05:19:12,3128.99,2.504e-05
2024-11-16 05:19:24,3130.34,2.508e-05
2024-11-16 05:19:36,3129.43,2.507e-05
2024-11-16 05:19:48,3131.32,2.509e-05
2024-11-16 05:20:00,3131.66,2.51e-05
2024-11-16 05:20:12,3131.32,2.51e-05
2024-11-16 05:20:24,3131.39,2.511e-05
2024-11-16 05:20:36,3130.4,2.51e-05
2024-11-16 05:20:48,3130.22,2.512e-05
2024-11-16 05:21:00,3130.9,2.512e-05
2024-11-16 05:21:12,3129.61,2.512e-05
2024-11-16 05:21:24,3131.3,2.514e-05
2024-11-16 05:21:36,3132.07,2.515e-05
2024-11-16 05:21:48,3132.87,2.515e-05
2024-11-16 05:22:00,3131.0,2.515e-05
2024-11-16 05:22:12,3130.61,2.512e-05
2024-11-16 05:22:24,3130.85,2.514e-05
2024-11-16 05:22:36,3131.01,2.515e-05
2024-11-16 05:22:48,3129.77,2.514e-05
2024-11-16 05:23:00,3129.8,2.514e-05
2024-11-16 05:23:12,3129.81,2.514e-05
2024-11-16 05:23:24,3130.83,2.516e-05
2024-11-16 05:23:36,3130.02,2.515e-05
2024-11-16 05:23:48,3130.75,2.516e-05
2024-11-16 05:24:00,3131.57,2.516e-05
2024-11-16 05:24:12,3132.49,2.517e-05
2024-11-16 05:24:24,3132.5,2.519e-05
2024-11-16 05:24:36,3133.32,2.518e-05
2024-11-16 05:24:48,3135.99,2.52e-05
2024-11-16 05:25:00,3136.11,2.519e-05
2024-11-16 05:25:12,3134.0,2.515e-05
2024-11-16 05:25:24,3135.2,2.516e-05
2024-11-16 05:25:36,3135.47,2.516e-05
2024-11-16 05:25:48,3135.22,2.518e-05
2024-11-16 05:26:00,3134.7,2.518e-05
2024-11-16 05:26:12,3134.82,2.517e-05
2024-11-16 05:26:24,3134.81,2.516e-05
2024-11-16 05:26:36,3132.93,2.516e-05
2024-11-16 05:26:48,3135.02,2.518e-05
2024-11-16 05:27:00,3136.23,2.52e-05
2024-11-16 05:27:12,3136.61,2.522e-05
2024-11-16 05:27:24,3135.18,2.52e-05
2024-11-16 05:27:36,3135.0,2.519e-05
2024-11-16 05:27:48,3132.51,2.517e-05
2024-11-16 05:28:00,3132.92,2.518e-05
2024-11-16 05:28:12,3132.4,2.518e-05
2024-11-16 05:28:24,3132.21,2.517e-05
2024-11-16 05:28:36,3130.72,2.516e-05
2024-11-16 05:28:48,3130.01,2.515e-05
2024-11-16 05:29:00,3130.72,2.514e-05
2024-11-16 05:29:12,3130.62,2.513e-05
2024-11-16 05:29:24,3130.62,2.514e-05
2024-11-16 05:29:36,3129.73,2.516e-05
2024-11-16 05:29:48,3130.01,2.516e-05
2024-11-16 05:30:00,3130.27,2.517e-05
2024-11-16 05:30:12,3130.42,2.514e-05
2024-11-16 05:30:24,3131.29,2.517e-05
2024-11-16 05:30:36,3131.48,2.518e-05
2024-11-16 05:30:48,3131.29,2.517e-05
2024-11-16 05:31:00,3130.3,2.517e-05
2024-11-16 05:31:12,3127.86,2.515e-05
2024-11-16 05:31:24,3126.21,2.513e-05
2024-11-16 05:31:36,3126.44,2.513e-05
2024-11-16 05:31:48,3125.1,2.513e-05
2024-11-16 05:32:00,3125.01,2.512e-05
2024-11-16 05:32:12,3127.53,2.516e-05
2024-11-16 05:32:24,3127.63,2.519e-05
2024-11-16 05:32:36,3128.65,2.52e-05
2024-11-16 05:32:48,3129.27,2.523e-05
2024-11-16 05:33:00,3128.82,2.521e-05
2024-11-16 05:33:12,3129.05,2.52e-05
2024-11-16 05:33:24,3129.65,2.519e-05
2024-11-16 05:33:36,3129.79,2.519e-05
2024-11-16 05:33:48,3130.82,2.518e-05
2024-11-16 05:34:00,3130.83,2.518e-05
2024-11-16 05:34:12,3131.0,2.517e-05
2024-11-16 05:34:24,3130.61,2.517e-05
2024-11-16 05:34:36,3130.63,2.517e-05
2024-11-16 05:34:48,3130.91,2.519e-05
2024-11-16 05:35:00,3130.23,2.518e-05
2024-11-16 05:35:12,3131.38,2.519e-05
2024-11-16 05:35:24,3134.36,2.521e-05
2024-11-16 05:35:36,3135.64,2.523e-05
2024-11-16 05:35:48,3136.38,2.523e-05
2024-11-16 05:36:00,3135.23,2.527e-05
2024-11-16 05:36:12,3136.48,2.534e-05
2024-11-16 05:36:24,3135.64,2.534e-05
2024-11-16 05:36:36,3134.2,2.529e-05
2024-11-16 05:36:48,3134.88,2.527e-05
2024-11-16 05:37:00,3133.4,2.526e-05
2024-11-16 05:37:12,3132.04,2.522e-05
2024-11-16 05:37:24,3131.38,2.524e-05
2024-11-16 05:37:36,3131.4,2.524e-05
2024-11-16 05:37:48,3130.31,2.522e-05
2024-11-16 05:38:00,3129.65,2.523e-05
2024-11-16 05:38:12,3130.69,2.527e-05
2024-11-16 05:38:24,3129.65,2.523e-05
2024-11-16 05:38:36,3129.98,2.525e-05
2024-11-16 05:38:48,3129.68,2.525e-05
2024-11-16 05:39:00,3129.0,2.525e-05
2024-11-16 05:39:12,3129.59,2.523e-05
2024-11-16 05:39:24,3128.81,2.524e-05
2024-11-16 05:39:36,3127.52,2.525e-05
2024-11-16 05:39:48,3127.85,2.525e-05
2024-11-16 05:40:00,3127.4,2.525e-05
2024-11-16 05:40:12,3129.0,2.527e-05
2024-11-16 05:40:24,3128.65,2.526e-05
2024-11-16 05:40:36,3129.2,2.527e-05
2024-11-16 05:40:48,3130.0,2.526e-05
2024-11-16 05:41:00,3129.98,2.527e-05
2024-11-16 05:41:12,3128.22,2.525e-05
2024-11-16 05:41:24,3128.12,2.526e-05
2024-11-16 05:41:36,3126.39,2.523e-05
2024-11-16 05:41:48,3126.0,2.525e-05
2024-11-16 05:42:00,3126.25,2.527e-05
2024-11-16 05:42:12,3126.26,2.527e-05
2024-11-16 05:42:24,3126.67,2.528e-05
2024-11-16 05:42:36,3128.32,2.528e-05
2024-11-16 05:42:48,3129.0,2.531e-05
2024-11-16 05:43:00,3127.85,2.529e-05
2024-11-16 05:43:12,3129.26,2.529e-05
2024-11-16 05:43:24,3127.81,2.527e-05
2024-11-16 05:43:36,3127.71,2.528e-05
2024-11-16 05:43:48,3127.01,2.528e-05
2024-11-16 05:44:00,3127.01,2.529e-05
2024-11-16 05:44:12,3128.56,2.53e-05
2024-11-16 05:44:24,3129.26,2.531e-05
2024-11-16 05:44:36,3128.55,2.531e-05
2024-11-16 05:44:48,3128.49,2.529e-05
2024-11-16 05:45:00,3127.8,2.529e-05
2024-11-16 05:45:12,3127.2,2.528e-05
2024-11-16 05:45:24,3128.4,2.528e-05
2024-11-16 05:45:36,3128.27,2.527e-05
2024-11-16 05:45:48,3128.6,2.527e-05
2024-11-16 05:46:00,3128.6,2.529e-05
2024-11-16 05:46:12,3129.79,2.527e-05
2024-11-16 05:46:24,3129.13,2.528e-05
2024-11-16 05:46:36,3127.7,2.523e-05
2024-11-16 05:46:48,3126.74,2.522e-05
2024-11-16 05:47:00,3128.74,2.526e-05
2024-11-16 05:47:12,3129.56,2.528e-05
2024-11-16 05:47:24,3128.51,2.527e-05
2024-11-16 05:47:36,3128.4,2.527e-05
2024-11-16 05:47:48,3128.31,2.526e-05
2024-11-16 05:48:00,3128.8,2.528e-05
2024-11-16 05:48:12,3130.4,2.528e-05
2024-11-16 05:48:24,3131.49,2.529e-05
2024-11-16 05:48:36,3131.28,2.529e-05
2024-11-16 05:48:48,3131.0,2.529e-05
2024-11-16 05:49:00,3132.0,2.533e-05
2024-11-16 05:49:12,3132.19,2.531e-05
2024-11-16 05:49:24,3132.14,2.532e-05
2024-11-16 05:49:36,3132.02,2.533e-05
2024-11-16 05:49:48,3132.6,2.534e-05
2024-11-16 05:50:00,3132.8,2.533e-05
2024-11-16 05:50:12,3132.09,2.533e-05
2024-11-16 05:50:24,3133.31,2.534e-05
2024-11-16 05:50:36,3133.74,2.536e-05
2024-11-16 05:50:48,3134.21,2.536e-05
2024-11-16 05:51:00,3134.34,2.535e-05
2024-11-16 05:51:12,3133.41,2.534e-05
2024-11-16 05:51:24,3134.95,2.536e-05
2024-11-16 05:51:36,3133.51,2.535e-05
2024-11-16 05:51:48,3132.51,2.535e-05
2024-11-16 05:52:00,3132.62,2.535e-05
2024-11-16 05:52:12,3133.67,2.536e-05
2024-11-16 05:52:24,3133.56,2.536e-05
2024-11-16 05:52:36,3132.91,2.536e-05
2024-11-16 05:52:48,3133.35,2.535e-05
2024-11-16 05:53:00,3132.91,2.535e-05
2024-11-16 05:53:12,3133.19,2.532e-05
2024-11-16 05:53:24,3133.12,2.533e-05
2024-11-16 05:53:36,3132.3,2.532e-05
2024-11-16 05:53:48,3131.49,2.531e-05
2024-11-16 05:54:00,3131.49,2.533e-05
2024-11-16 05:54:12,3131.17,2.532e-05
2024-11-16 05:54:24,3131.46,2.534e-05
2024-11-16 05:54:36,3131.11,2.532e-05
2024-11-16 05:54:48,3131.28,2.53e-05
2024-11-16 05:55:00,3131.28,2.532e-05
2024-11-16 05:55:12,3131.0,2.529e-05
2024-11-16 05:55:24,3131.04,2.528e-05
2024-11-16 05:55:36,3130.58,2.525e-05
2024-11-16 05:55:48,3130.62,2.526e-05
2024-11-16 05:56:00,3130.88,2.527e-05
2024-11-16 05:56:12,3130.66,2.526e-05
2024-11-16 05:56:24,3130.77,2.525e-05
2024-11-16 05:56:36,3130.37,2.524e-05
2024-11-16 05:56:48,3130.0,2.525e-05
2024-11-16 05:57:00,3129.8,2.526e-05
2024-11-16 05:57:12,3129.99,2.525e-05
2024-11-16 05:57:24,3129.25,2.525e-05
2024-11-16 05:57:36,3130.0,2.524e-05
2024-11-16 05:57:48,3129.61,2.525e-05
2024-11-16 05:58:00,3130.0,2.526e-05
2024-11-16 05:58:12,3130.75,2.524e-05
2024-11-16 05:58:24,3130.99,2.524e-05
2024-11-16 05:58:36,3130.8,2.524e-05
2024-11-16 05:58:48,3130.76,2.524e-05
2024-11-16 05:59:00,3132.0,2.523e-05
2024-11-16 05:59:12,3132.08,2.523e-05
2024-11-16 05:59:24,3130.65,2.523e-05
2024-11-16 05:59:36,3130.99,2.524e-05
2024-11-16 05:59:48,3130.99,2.524e-05
2024-11-16 06:00:00,3130.51,2.522e-05
2024-11-16 06:00:12,3131.33,2.523e-05
2024-11-16 06:00:24,3130.84,2.522e-05
2024-11-16 06:00:36,3130.0,2.517e-05
2024-11-16 06:00:48,3129.81,2.519e-05
2024-11-16 06:01:00,3129.06,2.518e-05
2024-11-16 06:01:12,3128.61,2.517e-05
2024-11-16 06:01:24,3128.01,2.517e-05
2024-11-16 06:01:36,3128.72,2.519e-05
2024-11-16 06:01:48,3128.73,2.518e-05
2024-11-16 06:02:00,3129.0,2.515e-05
2024-11-16 06:02:12,3129.2,2.517e-05
2024-11-16 06:02:24,3130.35,2.519e-05
2024-11-16 06:02:36,3129.0,2.516e-05
2024-11-16 06:02:48,3128.73,2.516e-05
2024-11-16 06:03:00,3128.73,2.517e-05
2024-11-16 06:03:12,3128.65,2.517e-05
2024-11-16 06:03:24,3128.59,2.516e-05
2024-11-16 06:03:36,3128.75,2.516e-05
2024-11-16 06:03:48,3128.5,2.515e-05
2024-11-16 06:04:00,3128.78,2.516e-05
2024-11-16 06:04:12,3129.99,2.52e-05
2024-11-16 06:04:24,3129.05,2.52e-05
2024-11-16 06:04:36,3128.98,2.518e-05
2024-11-16 06:04:48,3129.01,2.517e-05
2024-11-16 06:05:00,3128.8,2.517e-05
2024-11-16 06:05:12,3128.6,2.515e-05
2024-11-16 06:05:24,3127.64,2.512e-05
2024-11-16 06:05:36,3126.06,2.508e-05
2024-11-16 06:05:48,3126.62,2.507e-05
2024-11-16 06:06:00,3127.21,2.508e-05
2024-11-16 06:06:12,3130.48,2.513e-05
2024-11-16 06:06:24,3130.52,2.514e-05
2024-11-16 06:06:36,3130.2,2.515e-05
2024-11-16 06:06:48,3130.18,2.514e-05
2024-11-16 06:07:00,3128.51,2.51e-05
2024-11-16 06:07:12,3128.02,2.508e-05
2024-11-16 06:07:24,3128.45,2.509e-05
2024-11-16 06:07:36,3129.15,2.511e-05
2024-11-16 06:07:48,3130.0,2.511e-05
2024-11-16 06:08:00,3129.82,2.511e-05
2024-11-16 06:08:12,3129.6,2.51e-05
2024-11-16 06:08:24,3129.79,2.51e-05
2024-11-16 06:08:36,3129.47,2.508e-05
2024-11-16 06:08:48,3129.72,2.509e-05
2024-11-16 06:09:00,3129.64,2.508e-05
2024-11-16 06:09:12,3129.43,2.509e-05
2024-11-16 06:09:24,3129.69,2.509e-05
2024-11-16 06:09:36,3129.04,2.506e-05
2024-11-16 06:09:48,3128.61,2.504e-05
2024-11-16 06:10:00,3128.28,2.504e-05
2024-11-16 06:10:12,3127.04,2.501e-05
2024-11-16 06:10:24,3128.5,2.502e-05
2024-11-16 06:10:36,3129.99,2.505e-05
2024-11-16 06:10:48,3130.59,2.503e-05
2024-11-16 06:11:00,3130.21,2.501e-05
2024-11-16 06:11:12,3129.22,2.502e-05
2024-11-16 06:11:24,3128.49,2.503e-05
2024-11-16 06:11:36,3129.43,2.505e-05
2024-11-16 06:11:48,3128.62,2.506e-05
2024-11-16 06:12:00,3128.63,2.508e-05
2024-11-16 06:12:12,3128.46,2.508e-05
2024-11-16 06:12:24,3128.15,2.512e-05
2024-11-16 06:12:36,3128.58,2.512e-05
2024-11-16 06:12:48,3128.58,2.512e-05
2024-11-16 06:13:00,3127.65,2.508e-05
2024-11-16 06:13:12,3126.79,2.506e-05
2024-11-16 06:13:24,3126.64,2.508e-05
2024-11-16 06:13:36,3125.79,2.508e-05
2024-11-16 06:13:48,3124.95,2.504e-05
2024-11-16 06:14:00,3123.19,2.505e-05
2024-11-16 06:14:12,3120.65,2.501e-05
2024-11-16 06:14:24,3120.65,2.501e-05
2024-11-16 06:14:36,3121.4,2.5e-05
2024-11-16 06:14:48,3121.07,2.492e-05
2024-11-16 06:15:00,3120.02,2.491e-05
2024-11-16 06:15:12,3121.02,2.497e-05
2024-11-16 06:15:24,3120.59,2.496e-05
2024-11-16 06:15:36,3120.31,2.499e-05
2024-11-16 06:15:48,3120.5,2.501e-05
2024-11-16 06:16:00,3122.79,2.501e-05
2024-11-16 06:16:12,3125.96,2.503e-05
2024-11-16 06:16:24,3126.02,2.505e-05
2024-11-16 06:16:36,3124.6,2.504e-05
2024-11-16 06:16:48,3123.51,2.503e-05
2024-11-16 06:17:00,3122.62,2.503e-05
2024-11-16 06:17:12,3123.99,2.504e-05
2024-11-16 06:17:24,3123.6,2.501e-05
2024-11-16 06:17:36,3121.5,2.5e-05
2024-11-16 06:17:48,3120.61,2.497e-05
2024-11-16 06:18:00,3120.6,2.496e-05
2024-11-16 06:18:12,3119.6,2.497e-05
2024-11-16 06:18:24,3117.18,2.498e-05
2024-11-16 06:18:36,3119.36,2.498e-05
2024-11-16 06:18:48,3121.81,2.503e-05
2024-11-16 06:19:00,3124.0,2.506e-05
2024-11-16 06:19:12,3123.2,2.505e-05
2024-11-16 06:19:24,3125.11,2.508e-05
2024-11-16 06:19:36,3126.75,2.511e-05
2024-11-16 06:19:48,3127.39,2.512e-05
2024-11-16 06:20:00,3127.1,2.511e-05
2024-11-16 06:20:12,3128.9,2.516e-05
2024-11-16 06:20:24,3129.01,2.516e-05
2024-11-16 06:20:36,3128.5,2.519e-05
2024-11-16 06:20:48,3127.4,2.523e-05
2024-11-16 06:21:00,3127.25,2.526e-05
2024-11-16 06:21:12,3128.11,2.525e-05
2024-11-16 06:21:24,3127.99,2.52e-05
2024-11-16 06:21:36,3127.01,2.517e-05
2024-11-16 06:21:48,3126.63,2.518e-05
2024-11-16 06:22:00,3127.59,2.519e-05
2024-11-16 06:22:12,3126.3,2.517e-05
2024-11-16 06:22:24,3125.02,2.52e-05
2024-11-16 06:22:36,3124.71,2.522e-05
2024-11-16 06:22:48,3123.61,2.525e-05
2024-11-16 06:23:00,3122.61,2.526e-05
2024-11-16 06:23:12,3122.8,2.528e-05
2024-11-16 06:23:24,3122.13,2.533e-05
2024-11-16 06:23:36,3122.65,2.534e-05
2024-11-16 06:23:48,3122.19,2.549e-05
2024-11-16 06:24:00,3122.2,2.55e-05
2024-11-16 06:24:12,3122.8,2.557e-05
2024-11-16 06:24:24,3122.8,2.558e-05
2024-11-16 06:24:36,3122.01,2.559e-05
2024-11-16 06:24:48,3122.8,2.564e-05
2024-11-16 06:25:00,3122.96,2.562e-05
2024-11-16 06:25:12,3122.45,2.55e-05
2024-11-16 06:25:24,3122.31,2.543e-05
2024-11-16 06:25:36,3121.69,2.544e-05
2024-11-16 06:25:48,3122.6,2.543e-05
2024-11-16 06:26:00,3121.82,2.543e-05
2024-11-16 06:26:12,3122.49,2.561e-05
2024-11-16 06:26:24,3122.96,2.558e-05
2024-11-16 06:26:36,3123.0,2.557e-05
2024-11-16 06:26:48,3122.5,2.551e-05
2024-11-16 06:27:00,3122.51,2.548e-05
2024-11-16 06:27:12,3122.84,2.552e-05
2024-11-16 06:27:24,3122.62,2.565e-05
2024-11-16 06:27:36,3123.0,2.561e-05
2024-11-16 06:27:48,3122.67,2.559e-05
2024-11-16 06:28:00,3121.61,2.56e-05
2024-11-16 06:28:12,3122.7,2.561e-05
2024-11-16 06:28:24,3122.6,2.562e-05
2024-11-16 06:28:36,3123.99,2.565e-05
2024-11-16 06:28:48,3125.46,2.562e-05
2024-11-16 06:29:00,3124.84,2.561e-05
2024-11-16 06:29:12,3124.99,2.56e-05
2024-11-16 06:29:24,3125.4,2.568e-05
2024-11-16 06:29:36,3125.61,2.57e-05
2024-11-16 06:29:48,3126.16,2.572e-05
2024-11-16 06:30:00,3125.55,2.571e-05
2024-11-16 06:30:12,3125.76,2.563e-05
2024-11-16 06:30:24,3125.47,2.571e-05
2024-11-16 06:30:36,3126.16,2.575e-05
2024-11-16 06:30:48,3126.16,2.578e-05
2024-11-16 06:31:00,3125.25,2.581e-05
2024-11-16 06:31:12,3124.24,2.576e-05
2024-11-16 06:31:24,3123.68,2.571e-05
2024-11-16 06:31:36,3123.56,2.577e-05
2024-11-16 06:31:48,3123.09,2.58e-05
2024-11-16 06:32:00,3124.6,2.58e-05
2024-11-16 06:32:12,3124.3,2.58e-05
2024-11-16 06:32:24,3122.3,2.573e-05
2024-11-16 06:32:36,3121.21,2.571e-05
2024-11-16 06:32:48,3120.0,2.563e-05
2024-11-16 06:33:00,3118.27,2.563e-05
2024-11-16 06:33:12,3119.8,2.563e-05
2024-11-16 06:33:24,3120.69,2.557e-05
2024-11-16 06:33:36,3120.3,2.559e-05
2024-11-16 06:33:48,3119.65,2.555e-05
2024-11-16 06:34:00,3118.61,2.554e-05
2024-11-16 06:34:12,3119.04,2.549e-05
2024-11-16 06:34:24,3118.28,2.546e-05
2024-11-16 06:34:36,3118.99,2.542e-05
2024-11-16 06:34:48,3118.69,2.539e-05
2024-11-16 06:35:00,3119.0,2.538e-05
2024-11-16 06:35:12,3118.28,2.536e-05
2024-11-16 06:35:24,3118.0,2.532e-05
2024-11-16 06:35:36,3114.73,2.536e-05
2024-11-16 06:35:48,3114.39,2.538e-05
2024-11-16 06:36:00,3115.08,2.536e-05
2024-11-16 06:36:12,3116.19,2.542e-05
2024-11-16 06:36:24,3115.39,2.545e-05
2024-11-16 06:36:36,3115.4,2.541e-05
2024-11-16 06:36:48,3116.34,2.539e-05
2024-11-16 06:37:00,3117.96,2.541e-05
2024-11-16 06:37:12,3116.5,2.54e-05
2024-11-16 06:37:24,3117.99,2.551e-05
2024-11-16 06:37:36,3119.8,2.577e-05
2024-11-16 06:37:48,3118.58,2.58e-05
2024-11-16 06:38:00,3118.6,2.579e-05
2024-11-16 06:38:12,3118.6,2.584e-05
2024-11-16 06:38:24,3118.4,2.592e-05
2024-11-16 06:38:36,3118.79,2.586e-05
2024-11-16 06:38:48,3118.05,2.584e-05
2024-11-16 06:39:00,3116.81,2.581e-05
2024-11-16 06:39:12,3117.47,2.577e-05
2024-11-16 06:39:24,3116.21,2.571e-05
2024-11-16 06:39:36,3116.8,2.572e-05
2024-11-16 06:39:48,3116.93,2.572e-05
2024-11-16 06:40:00,3118.0,2.576e-05
2024-11-16 06:40:12,3117.98,2.593e-05
2024-11-16 06:40:24,3117.98,2.592e-05
2024-11-16 06:40:36,3117.51,2.588e-05
2024-11-16 06:40:48,3118.2,2.588e-05
2024-11-16 06:41:00,3118.59,2.586e-05
2024-11-16 06:41:12,3117.51,2.575e-05
2024-11-16 06:41:24,3117.0,2.575e-05
2024-11-16 06:41:36,3116.17,2.571e-05
2024-11-16 06:41:48,3117.74,2.571e-05
2024-11-16 06:42:00,3119.35,2.576e-05
2024-11-16 06:42:12,3118.05,2.573e-05
2024-11-16 06:42:24,3118.26,2.576e-05
2024-11-16 06:42:36,3117.78,2.574e-05
2024-11-16 06:42:48,3117.98,2.582e-05
2024-11-16 06:43:00,3117.98,2.581e-05
2024-11-16 06:43:12,3118.86,2.581e-05
2024-11-16 06:43:24,3118.61,2.574e-05
2024-11-16 06:43:36,3120.3,2.573e-05
2024-11-16 06:43:48,3121.17,2.573e-05
2024-11-16 06:44:00,3120.37,2.579e-05
2024-11-16 06:44:12,3120.49,2.579e-05
2024-11-16 06:44:24,3120.63,2.578e-05
2024-11-16 06:44:36,3120.49,2.575e-05
2024-11-16 06:44:48,3120.6,2.573e-05
2024-11-16 06:45:00,3120.8,2.575e-05
2024-11-16 06:45:12,3120.55,2.577e-05
2024-11-16 06:45:24,3119.73,2.568e-05
2024-11-16 06:45:36,3119.68,2.571e-05
2024-11-16 06:45:48,3119.89,2.573e-05
2024-11-16 06:46:00,3120.52,2.574e-05
2024-11-16 06:46:12,3120.3,2.572e-05
2024-11-16 06:46:24,3120.44,2.57e-05
2024-11-16 06:46:36,3120.79,2.568e-05
2024-11-16 06:46:48,3121.81,2.569e-05
2024-11-16 06:47:00,3122.18,2.571e-05
2024-11-16 06:47:12,3122.95,2.573e-05
2024-11-16 06:47:24,3122.74,2.566e-05
2024-11-16 06:47:36,3122.42,2.566e-05
2024-11-16 06:47:48,3122.16,2.568e-05
2024-11-16 06:48:00,3121.53,2.567e-05
2024-11-16 06:48:12,3121.85,2.57e-05
2024-11-16 06:48:24,3120.6,2.568e-05
2024-11-16 06:48:36,3122.6,2.567e-05
2024-11-16 06:48:48,3122.75,2.568e-05
2024-11-16 06:49:00,3122.99,2.565e-05
2024-11-16 06:49:12,3122.99,2.567e-05
2024-11-16 06:49:24,3123.26,2.569e-05
2024-11-16 06:49:36,3123.49,2.57e-05
2024-11-16 06:49:48,3123.34,2.57e-05
2024-11-16 06:50:00,3123.5,2.566e-05
2024-11-16 06:50:12,3122.85,2.565e-05
2024-11-16 06:50:24,3121.45,2.56e-05
2024-11-16 06:50:36,3121.44,2.557e-05
2024-11-16 06:50:48,3121.62,2.559e-05
2024-11-16 06:51:00,3121.7,2.556e-05
2024-11-16 06:51:12,3120.89,2.555e-05
2024-11-16 06:51:24,3119.91,2.55e-05
2024-11-16 06:51:36,3119.09,2.551e-05
2024-11-16 06:51:48,3119.59,2.552e-05
2024-11-16 06:52:00,3121.0,2.553e-05
2024-11-16 06:52:12,3121.0,2.555e-05
2024-11-16 06:52:24,3119.01,2.556e-05
2024-11-16 06:52:36,3119.6,2.555e-05
2024-11-16 06:52:48,3120.79,2.555e-05
2024-11-16 06:53:00,3120.11,2.555e-05
2024-11-16 06:53:12,3120.27,2.554e-05
2024-11-16 06:53:24,3121.0,2.554e-05
2024-11-16 06:53:36,3120.99,2.551e-05
2024-11-16 06:53:48,3120.98,2.55e-05
2024-11-16 06:54:00,3120.15,2.549e-05
2024-11-16 06:54:12,3119.2,2.552e-05
2024-11-16 06:54:24,3118.01,2.553e-05
2024-11-16 06:54:36,3117.58,2.547e-05
2024-11-16 06:54:48,3116.96,2.544e-05
2024-11-16 06:55:00,3113.99,2.542e-05
2024-11-16 06:55:12,3114.96,2.543e-05
2024-11-16 06:55:24,3114.79,2.54e-05
2024-11-16 06:55:36,3113.0,2.539e-05
2024-11-16 06:55:48,3113.17,2.54e-05
2024-11-16 06:56:00,3111.2,2.54e-05
2024-11-16 06:56:12,3111.6,2.542e-05
2024-11-16 06:56:24,3111.0,2.537e-05
2024-11-16 06:56:36,3112.2,2.534e-05
2024-11-16 06:56:48,3111.83,2.537e-05
2024-11-16 06:57:00,3114.11,2.54e-05
2024-11-16 06:57:12,3115.51,2.54e-05
2024-11-16 06:57:24,3115.1,2.541e-05
2024-11-16 06:57:36,3114.57,2.539e-05
2024-11-16 06:57:48,3113.12,2.538e-05
2024-11-16 06:58:00,3113.0,2.536e-05
2024-11-16 06:58:12,3113.33,2.537e-05
2024-11-16 06:58:24,3111.83,2.533e-05
2024-11-16 06:58:36,3112.19,2.536e-05
2024-11-16 06:58:48,3111.17,2.538e-05
2024-11-16 06:59:00,3111.56,2.539e-05
2024-11-16 06:59:12,3112.0,2.538e-05
2024-11-16 06:59:24,3113.0,2.538e-05
2024-11-16 06:59:36,3114.0,2.536e-05
2024-11-16 06:59:48,3114.2,2.535e-05
2024-11-16 07:00:00,3113.8,2.535e-05
2024-11-16 07:00:12,3113.51,2.534e-05
2024-11-16 07:00:24,3114.5,2.534e-05
2024-11-16 07:00:36,3115.0,2.536e-05
2024-11-16 07:00:48,3115.01,2.535e-05
2024-11-16 07:01:00,3114.25,2.534e-05
2024-11-16 07:01:12,3112.6,2.532e-05
2024-11-16 07:01:24,3114.58,2.533e-05
2024-11-16 07:01:36,3114.97,2.531e-05
2024-11-16 07:01:48,3116.31,2.533e-05
2024-11-16 07:02:00,3117.76,2.535e-05
2024-11-16 07:02:12,3117.7,2.535e-05
2024-11-16 07:02:24,3117.0,2.538e-05
2024-11-16 07:02:36,3117.43,2.54e-05
2024-11-16 07:02:48,3117.98,2.54e-05
2024-11-16 07:03:00,3116.63,2.538e-05
2024-11-16 07:03:12,3118.8,2.541e-05
2024-11-16 07:03:24,3119.0,2.541e-05
2024-11-16 07:03:36,3119.88,2.546e-05
2024-11-16 07:03:48,3119.48,2.546e-05
2024-11-16 07:04:00,3119.49,2.548e-05
2024-11-16 07:04:12,3119.77,2.545e-05
2024-11-16 07:04:24,3119.58,2.544e-05
2024-11-16 07:04:36,3119.12,2.542e-05
2024-11-16 07:04:48,3118.0,2.537e-05
2024-11-16 07:05:00,3116.64,2.539e-05
2024-11-16 07:05:12,3117.44,2.542e-05
2024-11-16 07:05:24,3117.95,2.542e-05
2024-11-16 07:05:36,3117.89,2.544e-05
2024-11-16 07:05:48,3117.76,2.544e-05
2024-11-16 07:06:00,3116.9,2.548e-05
2024-11-16 07:06:12,3118.62,2.552e-05
2024-11-16 07:06:24,3118.98,2.551e-05
2024-11-16 07:06:36,3119.89,2.55e-05
2024-11-16 07:06:48,3119.98,2.55e-05
2024-11-16 07:07:00,3119.75,2.55e-05
2024-11-16 07:07:12,3118.83,2.551e-05
2024-11-16 07:07:24,3119.18,2.55e-05
2024-11-16 07:07:36,3119.18,2.549e-05
2024-11-16 07:07:48,3118.8,2.542e-05
2024-11-16 07:08:00,3119.98,2.546e-05
2024-11-16 07:08:12,3119.25,2.548e-05
2024-11-16 07:08:24,3119.6,2.55e-05
2024-11-16 07:08:36,3120.0,2.551e-05
2024-11-16 07:08:48,3119.69,2.548e-05
2024-11-16 07:09:00,3119.93,2.55e-05
2024-11-16 07:09:12,3121.29,2.551e-05
2024-11-16 07:09:24,3121.96,2.552e-05
2024-11-16 07:09:36,3120.82,2.55e-05
2024-11-16 07:09:48,3121.07,2.548e-05
2024-11-16 07:10:00,3120.01,2.547e-05
2024-11-16 07:10:12,3120.12,2.544e-05
2024-11-16 07:10:24,3121.45,2.544e-05
2024-11-16 07:10:36,3120.61,2.544e-05
2024-11-16 07:10:48,3121.61,2.544e-05
2024-11-16 07:11:00,3122.09,2.541e-05
2024-11-16 07:11:12,3121.91,2.537e-05
2024-11-16 07:11:24,3121.47,2.538e-05
2024-11-16 07:11:36,3121.6,2.538e-05
2024-11-16 07:11:48,3120.19,2.536e-05
2024-11-16 07:12:00,3120.98,2.54e-05
2024-11-16 07:12:12,3120.9,2.538e-05
2024-11-16 07:12:24,3120.4,2.536e-05
2024-11-16 07:12:36,3120.59,2.535e-05
2024-11-16 07:12:48,3120.6,2.537e-05
2024-11-16 07:13:00,3120.96,2.538e-05
2024-11-16 07:13:12,3121.0,2.536e-05
2024-11-16 07:13:24,3120.61,2.536e-05
2024-11-16 07:13:36,3121.32,2.538e-05
2024-11-16 07:13:48,3121.24,2.536e-05
2024-11-16 07:14:00,3121.27,2.539e-05
2024-11-16 07:14:12,3121.01,2.538e-05
2024-11-16 07:14:24,3121.0,2.538e-05
2024-11-16 07:14:36,3120.58,2.541e-05
2024-11-16 07:14:48,3120.11,2.539e-05
2024-11-16 07:15:00,3120.79,2.539e-05
2024-11-16 07:15:12,3120.61,2.541e-05
2024-11-16 07:15:24,3120.67,2.543e-05
2024-11-16 07:15:36,3120.61,2.547e-05
2024-11-16 07:15:48,3121.46,2.544e-05
2024-11-16 07:16:00,3121.04,2.546e-05
2024-11-16 07:16:12,3122.3,2.547e-05
2024-11-16 07:16:24,3122.4,2.544e-05
2024-11-16 07:16:36,3122.05,2.543e-05
2024-11-16 07:16:48,3120.79,2.542e-05
2024-11-16 07:17:00,3121.2,2.543e-05
2024-11-16 07:17:12,3120.0,2.542e-05
2024-11-16 07:17:24,3120.79,2.546e-05
2024-11-16 07:17:36,3120.09,2.544e-05
2024-11-16 07:17:48,3119.51,2.545e-05
2024-11-16 07:18:00,3120.06,2.548e-05
2024-11-16 07:18:12,3120.12,2.544e-05
2024-11-16 07:18:24,3120.0,2.55e-05
2024-11-16 07:18:36,3120.59,2.552e-05
2024-11-16 07:18:48,3119.65,2.552e-05
2024-11-16 07:19:00,3120.26,2.553e-05
2024-11-16 07:19:12,3119.0,2.555e-05
2024-11-16 07:19:24,3118.65,2.557e-05
2024-11-16 07:19:36,3118.2,2.558e-05
2024-11-16 07:19:48,3118.16,2.557e-05
2024-11-16 07:20:00,3118.17,2.555e-05
2024-11-16 07:20:12,3117.85,2.554e-05
2024-11-16 07:20:24,3117.97,2.555e-05
2024-11-16 07:20:36,3117.2,2.552e-05
2024-11-16 07:20:48,3116.7,2.552e-05
2024-11-16 07:21:00,3116.45,2.554e-05
2024-11-16 07:21:12,3115.86,2.553e-05
2024-11-16 07:21:24,3114.14,2.551e-05
2024-11-16 07:21:36,3113.79,2.55e-05
2024-11-16 07:21:48,3113.81,2.55e-05
2024-11-16 07:22:00,3112.69,2.549e-05
2024-11-16 07:22:12,3114.1,2.55e-05
2024-11-16 07:22:24,3113.14,2.544e-05
2024-11-16 07:22:36,3113.39,2.544e-05
2024-11-16 07:22:48,3113.13,2.543e-05
2024-11-16 07:23:00,3114.0,2.545e-05
2024-11-16 07:23:12,3113.36,2.544e-05
2024-11-16 07:23:24,3113.37,2.547e-05
2024-11-16 07:23:36,3114.33,2.549e-05
2024-11-16 07:23:48,3113.13,2.548e-05
2024-11-16 07:24:00,3111.79,2.549e-05
2024-11-16 07:24:12,3111.0,2.545e-05
2024-11-16 07:24:24,3111.0,2.545e-05
2024-11-16 07:24:36,3111.79,2.545e-05
2024-11-16 07:24:48,3110.13,2.542e-05
2024-11-16 07:25:00,3112.41,2.547e-05
2024-11-16 07:25:12,3113.01,2.545e-05
2024-11-16 07:25:24,3112.0,2.545e-05
2024-11-16 07:25:36,3111.03,2.542e-05
2024-11-16 07:25:48,3109.99,2.541e-05
2024-11-16 07:26:00,3110.47,2.542e-05
2024-11-16 07:26:12,3110.49,2.543e-05
2024-11-16 07:26:24,3110.01,2.542e-05
2024-11-16 07:26:36,3109.1,2.542e-05
2024-11-16 07:26:48,3108.91,2.542e-05
2024-11-16 07:27:00,3109.81,2.543e-05
2024-11-16 07:27:12,3111.0,2.544e-05
2024-11-16 07:27:24,3111.4,2.545e-05
2024-11-16 07:27:36,3111.14,2.546e-05
2024-11-16 07:27:48,3111.78,2.549e-05
2024-11-16 07:28:00,3111.56,2.551e-05
2024-11-16 07:28:12,3109.61,2.546e-05
2024-11-16 07:28:24,3109.51,2.544e-05
2024-11-16 07:28:36,3110.55,2.544e-05
2024-11-16 07:28:48,3111.56,2.547e-05
2024-11-16 07:29:00,3112.8,2.549e-05
2024-11-16 07:29:12,3112.55,2.549e-05
2024-11-16 07:29:24,3112.4,2.548e-05
2024-11-16 07:29:36,3112.0,2.545e-05
2024-11-16 07:29:48,3111.64,2.545e-05
2024-11-16 07:30:00,3111.56,2.545e-05
2024-11-16 07:30:12,3111.61,2.546e-05
2024-11-16 07:30:24,3111.36,2.542e-05
2024-11-16 07:30:36,3112.39,2.544e-05
2024-11-16 07:30:48,3111.99,2.547e-05
2024-11-16 07:31:00,3111.98,2.545e-05
2024-11-16 07:31:12,3111.6,2.543e-05
2024-11-16 07:31:24,3110.86,2.545e-05
2024-11-16 07:31:36,3111.04,2.545e-05
2024-11-16 07:31:48,3110.38,2.543e-05
2024-11-16 07:32:00,3109.23,2.543e-05
2024-11-16 07:32:12,3111.49,2.546e-05
2024-11-16 07:32:24,3110.0,2.543e-05
2024-11-16 07:32:36,3110.6,2.54e-05
2024-11-16 07:32:48,3109.99,2.538e-05
2024-11-16 07:33:00,3107.4,2.537e-05
2024-11-16 07:33:12,3109.34,2.537e-05
2024-11-16 07:33:24,3111.4,2.543e-05
2024-11-16 07:33:36,3110.61,2.544e-05
2024-11-16 07:33:48,3111.03,2.55e-05
2024-11-16 07:34:00,3111.04,2.548e-05
2024-11-16 07:34:12,3111.04,2.551e-05
2024-11-16 07:34:24,3111.44,2.551e-05
2024-11-16 07:34:36,3111.8,2.552e-05
2024-11-16 07:34:48,3112.45,2.554e-05
2024-11-16 07:35:00,3112.95,2.554e-05
2024-11-16 07:35:12,3113.92,2.561e-05
2024-11-16 07:35:24,3114.05,2.564e-05
2024-11-16 07:35:36,3112.94,2.566e-05
2024-11-16 07:35:48,3112.21,2.57e-05
2024-11-16 07:36:00,3110.39,2.571e-05
2024-11-16 07:36:12,3106.8,2.568e-05
2024-11-16 07:36:24,3105.85,2.564e-05
2024-11-16 07:36:36,3106.59,2.569e-05
2024-11-16 07:36:48,3108.13,2.571e-05
2024-11-16 07:37:00,3107.54,2.565e-05
2024-11-16 07:37:12,3106.89,2.569e-05
2024-11-16 07:37:24,3107.43,2.566e-05
2024-11-16 07:37:36,3107.99,2.566e-05
2024-11-16 07:37:48,3109.02,2.566e-05
2024-11-16 07:38:00,3108.5,2.567e-05
2024-11-16 07:38:12,3108.96,2.564e-05
2024-11-16 07:38:24,3108.79,2.567e-05
2024-11-16 07:38:36,3109.2,2.563e-05
2024-11-16 07:38:48,3108.15,2.562e-05
2024-11-16 07:39:00,3108.34,2.562e-05
2024-11-16 07:39:12,3108.58,2.561e-05
2024-11-16 07:39:24,3108.02,2.558e-05
2024-11-16 07:39:36,3106.8,2.56e-05
2024-11-16 07:39:48,3107.97,2.56e-05
2024-11-16 07:40:00,3107.6,2.563e-05
2024-11-16 07:40:12,3106.66,2.56e-05
2024-11-16 07:40:24,3106.39,2.562e-05
2024-11-16 07:40:36,3106.35,2.565e-05
2024-11-16 07:40:48,3106.17,2.566e-05
2024-11-16 07:41:00,3106.67,2.565e-05
2024-11-16 07:41:12,3106.18,2.564e-05
2024-11-16 07:41:24,3106.53,2.561e-05
2024-11-16 07:41:36,3106.53,2.563e-05
2024-11-16 07:41:48,3106.03,2.567e-05
2024-11-16 07:42:00,3106.01,2.565e-05
2024-11-16 07:42:12,3105.38,2.564e-05
2024-11-16 07:42:24,3104.89,2.563e-05
2024-11-16 07:42:36,3105.15,2.562e-05
2024-11-16 07:42:48,3106.09,2.564e-05
2024-11-16 07:43:00,3106.15,2.563e-05
2024-11-16 07:43:12,3106.15,2.565e-05
2024-11-16 07:43:24,3106.44,2.565e-05
2024-11-16 07:43:36,3106.43,2.566e-05
2024-11-16 07:43:48,3106.43,2.567e-05
2024-11-16 07:44:00,3106.16,2.564e-05
2024-11-16 07:44:12,3105.84,2.564e-05
2024-11-16 07:44:24,3105.07,2.563e-05
2024-11-16 07:44:36,3105.06,2.562e-05
2024-11-16 07:44:48,3104.89,2.561e-05
2024-11-16 07:45:00,3104.11,2.56e-05
2024-11-16 07:45:12,3104.06,2.561e-05
2024-11-16 07:45:24,3103.53,2.562e-05
2024-11-16 07:45:36,3103.51,2.561e-05
2024-11-16 07:45:48,3103.51,2.564e-05
2024-11-16 07:46:00,3103.84,2.565e-05
2024-11-16 07:46:12,3103.84,2.564e-05
2024-11-16 07:46:24,3104.49,2.566e-05
2024-11-16 07:46:36,3102.99,2.567e-05
2024-11-16 07:46:48,3101.49,2.568e-05
2024-11-16 07:47:00,3101.86,2.571e-05
2024-11-16 07:47:12,3102.2,2.571e-05
2024-11-16 07:47:24,3104.2,2.572e-05
2024-11-16 07:47:36,3105.44,2.571e-05
2024-11-16 07:47:48,3105.94,2.574e-05
2024-11-16 07:48:00,3105.06,2.574e-05
2024-11-16 07:48:12,3105.06,2.576e-05
2024-11-16 07:48:24,3105.01,2.576e-05
2024-11-16 07:48:36,3105.38,2.577e-05
2024-11-16 07:48:48,3106.16,2.577e-05
2024-11-16 07:49:00,3105.81,2.577e-05
2024-11-16 07:49:12,3105.81,2.579e-05
2024-11-16 07:49:24,3105.99,2.577e-05
2024-11-16 07:49:36,3106.02,2.576e-05
2024-11-16 07:49:48,3106.21,2.576e-05
2024-11-16 07:50:00,3105.96,2.576e-05
2024-11-16 07:50:12,3105.45,2.577e-05
2024-11-16 07:50:24,3106.53,2.579e-05
2024-11-16 07:50:36,3106.97,2.578e-05
2024-11-16 07:50:48,3107.14,2.578e-05
2024-11-16 07:51:00,3107.19,2.575e-05
2024-11-16 07:51:12,3107.19,2.577e-05
2024-11-16 07:51:24,3107.4,2.577e-05
2024-11-16 07:51:36,3107.25,2.579e-05
2024-11-16 07:51:48,3107.24,2.579e-05
2024-11-16 07:52:00,3107.27,2.58e-05
2024-11-16 07:52:12,3107.36,2.581e-05
2024-11-16 07:52:24,3107.12,2.578e-05
2024-11-16 07:52:36,3107.18,2.579e-05
2024-11-16 07:52:48,3107.17,2.58e-05
2024-11-16 07:53:00,3107.9,2.58e-05
2024-11-16 07:53:12,3107.82,2.582e-05
2024-11-16 07:53:24,3106.64,2.585e-05
2024-11-16 07:53:36,3106.31,2.586e-05
2024-11-16 07:53:48,3106.0,2.586e-05
2024-11-16 07:54:00,3105.99,2.589e-05
2024-11-16 07:54:12,3105.53,2.599e-05
2024-11-16 07:54:24,3105.94,2.601e-05
2024-11-16 07:54:36,3106.29,2.603e-05
2024-11-16 07:54:48,3106.45,2.606e-05
2024-11-16 07:55:00,3106.0,2.616e-05
2024-11-16 07:55:12,3106.0,2.608e-05
2024-11-16 07:55:24,3106.57,2.61e-05
2024-11-16 07:55:36,3108.06,2.615e-05
2024-11-16 07:55:48,3108.97,2.615e-05
2024-11-16 07:56:00,3108.95,2.609e-05
2024-11-16 07:56:12,3110.02,2.604e-05
2024-11-16 07:56:24,3109.01,2.602e-05
2024-11-16 07:56:36,3110.03,2.617e-05
2024-11-16 07:56:48,3110.2,2.619e-05
2024-11-16 07:57:00,3110.41,2.612e-05
2024-11-16 07:57:12,3109.0,2.605e-05
2024-11-16 07:57:24,3109.0,2.605e-05
2024-11-16 07:57:36,3108.26,2.601e-05
2024-11-16 07:57:48,3108.2,2.602e-05
2024-11-16 07:58:00,3108.2,2.6e-05
2024-11-16 07:58:12,3107.31,2.598e-05
2024-11-16 07:58:24,3107.93,2.597e-05
2024-11-16 07:58:36,3108.0,2.597e-05
2024-11-16 07:58:48,3107.91,2.596e-05
2024-11-16 07:59:00,3107.91,2.596e-05
2024-11-16 07:59:12,3106.6,2.588e-05
2024-11-16 07:59:24,3106.6,2.586e-05
2024-11-16 07:59:36,3106.84,2.586e-05
2024-11-16 07:59:48,3106.67,2.585e-05
2024-11-16 08:00:00,3106.67,2.585e-05
2024-11-16 08:00:12,3107.01,2.575e-05
2024-11-16 08:00:24,3107.22,2.573e-05
2024-11-16 08:00:36,3107.92,2.577e-05
2024-11-16 08:00:48,3108.0,2.574e-05
2024-11-16 08:01:00,3108.48,2.572e-05
2024-11-16 08:01:12,3108.88,2.576e-05
2024-11-16 08:01:24,3108.99,2.579e-05
2024-11-16 08:01:36,3109.87,2.578e-05
2024-11-16 08:01:48,3110.4,2.576e-05
2024-11-16 08:02:00,3110.01,2.577e-05
2024-11-16 08:02:12,3109.42,2.581e-05
2024-11-16 08:02:24,3110.45,2.58e-05
2024-11-16 08:02:36,3109.37,2.575e-05
2024-11-16 08:02:48,3110.29,2.576e-05
2024-11-16 08:03:00,3110.61,2.58e-05
2024-11-16 08:03:12,3110.37,2.58e-05
2024-11-16 08:03:24,3110.37,2.574e-05
2024-11-16 08:03:36,3110.49,2.574e-05
2024-11-16 08:03:48,3110.68,2.572e-05
2024-11-16 08:04:00,3110.72,2.571e-05
2024-11-16 08:04:12,3110.7,2.571e-05
2024-11-16 08:04:24,3110.53,2.573e-05
2024-11-16 08:04:36,3110.99,2.573e-05
2024-11-16 08:04:48,3110.01,2.572e-05
2024-11-16 08:05:00,3110.24,2.573e-05
2024-11-16 08:05:12,3110.8,2.577e-05
2024-11-16 08:05:24,3111.06,2.576e-05
2024-11-16 08:05:36,3111.21,2.577e-05
2024-11-16 08:05:48,3111.52,2.578e-05
2024-11-16 08:06:00,3111.55,2.581e-05
2024-11-16 08:06:12,3111.5,2.578e-05
2024-11-16 08:06:24,3110.3,2.579e-05
2024-11-16 08:06:36,3111.27,2.581e-05
2024-11-16 08:06:48,3111.05,2.579e-05
2024-11-16 08:07:00,3111.04,2.577e-05
2024-11-16 08:07:12,3110.1,2.575e-05
2024-11-16 08:07:24,3110.11,2.578e-05
2024-11-16 08:07:36,3110.1,2.578e-05
2024-11-16 08:07:48,3109.78,2.579e-05
2024-11-16 08:08:00,3109.78,2.58e-05
2024-11-16 08:08:12,3109.5,2.574e-05
2024-11-16 08:08:24,3110.7,2.573e-05
2024-11-16 08:08:36,3110.55,2.57e-05
2024-11-16 08:08:48,3110.24,2.57e-05
2024-11-16 08:09:00,3110.24,2.571e-05
2024-11-16 08:09:12,3110.83,2.571e-05
2024-11-16 08:09:24,3111.39,2.572e-05
2024-11-16 08:09:36,3111.17,2.574e-05
2024-11-16 08:09:48,3111.55,2.573e-05
2024-11-16 08:10:00,3111.76,2.574e-05
2024-11-16 08:10:12,3110.8,2.568e-05
2024-11-16 08:10:24,3110.9,2.567e-05
2024-11-16 08:10:36,3111.4,2.566e-05
2024-11-16 08:10:48,3110.61,2.561e-05
2024-11-16 08:11:00,3110.5,2.561e-05
2024-11-16 08:11:12,3111.2,2.564e-05
2024-11-16 08:11:24,3111.35,2.569e-05
2024-11-16 08:11:36,3111.39,2.568e-05
2024-11-16 08:11:48,3110.51,2.564e-05
2024-11-16 08:12:00,3111.22,2.567e-05
2024-11-16 08:12:12,3110.62,2.562e-05
2024-11-16 08:12:24,3111.38,2.562e-05
2024-11-16 08:12:36,3110.81,2.562e-05
2024-11-16 08:12:48,3110.8,2.563e-05
2024-11-16 08:13:00,3110.81,2.564e-05
2024-11-16 08:13:12,3110.62,2.562e-05
2024-11-16 08:13:24,3110.49,2.561e-05
2024-11-16 08:13:36,3109.54,2.559e-05
2024-11-16 08:13:48,3109.22,2.557e-05
2024-11-16 08:14:00,3109.59,2.559e-05
2024-11-16 08:14:12,3107.3,2.556e-05
2024-11-16 08:14:24,3105.7,2.553e-05
2024-11-16 08:14:36,3104.66,2.552e-05
2024-11-16 08:14:48,3104.49,2.551e-05
2024-11-16 08:15:00,3106.5,2.554e-05
2024-11-16 08:15:12,3106.04,2.55e-05
2024-11-16 08:15:24,3104.54,2.546e-05
2024-11-16 08:15:36,3103.73,2.546e-05
2024-11-16 08:15:48,3105.45,2.547e-05
2024-11-16 08:16:00,3107.81,2.55e-05
2024-11-16 08:16:12,3108.39,2.552e-05
2024-11-16 08:16:24,3107.89,2.55e-05
2024-11-16 08:16:36,3108.46,2.552e-05
2024-11-16 08:16:48,3108.55,2.552e-05
2024-11-16 08:17:00,3108.23,2.552e-05
2024-11-16 08:17:12,3109.46,2.552e-05
2024-11-16 08:17:24,3110.8,2.555e-05
2024-11-16 08:17:36,3111.27,2.553e-05
2024-11-16 08:17:48,3111.12,2.553e-05
2024-11-16 08:18:00,3110.78,2.554e-05
2024-11-16 08:18:12,3111.98,2.558e-05
2024-11-16 08:18:24,3111.05,2.556e-05
2024-11-16 08:18:36,3111.79,2.556e-05
2024-11-16 08:18:48,3110.4,2.552e-05
2024-11-16 08:19:00,3111.14,2.555e-05
2024-11-16 08:19:12,3109.21,2.556e-05
2024-11-16 08:19:24,3108.45,2.559e-05
2024-11-16 08:19:36,3107.91,2.559e-05
2024-11-16 08:19:48,3109.0,2.562e-05
2024-11-16 08:20:00,3108.02,2.558e-05
2024-11-16 08:20:12,3108.45,2.555e-05
2024-11-16 08:20:24,3108.95,2.557e-05
2024-11-16 08:20:36,3109.31,2.557e-05
2024-11-16 08:20:48,3108.6,2.557e-05
2024-11-16 08:21:00,3108.66,2.559e-05
2024-11-16 08:21:12,3108.44,2.557e-05
2024-11-16 08:21:24,3108.45,2.556e-05
2024-11-16 08:21:36,3109.58,2.558e-05
2024-11-16 08:21:48,3110.56,2.56e-05
2024-11-16 08:22:00,3111.39,2.558e-05
2024-11-16 08:22:12,3110.87,2.558e-05
2024-11-16 08:22:24,3111.33,2.56e-05
2024-11-16 08:22:36,3110.98,2.56e-05
2024-11-16 08:22:48,3110.97,2.558e-05
2024-11-16 08:23:00,3110.98,2.56e-05
2024-11-16 08:23:12,3111.27,2.564e-05
2024-11-16 08:23:24,3111.32,2.565e-05
2024-11-16 08:23:36,3113.49,2.566e-05
2024-11-16 08:23:48,3113.51,2.565e-05
2024-11-16 08:24:00,3114.43,2.563e-05
2024-11-16 08:24:12,3116.09,2.561e-05
2024-11-16 08:24:24,3114.61,2.56e-05
2024-11-16 08:24:36,3114.08,2.558e-05
2024-11-16 08:24:48,3113.52,2.558e-05
2024-11-16 08:25:00,3113.51,2.557e-05
2024-11-16 08:25:12,3113.2,2.552e-05
2024-11-16 08:25:24,3112.61,2.547e-05
2024-11-16 08:25:36,3112.84,2.547e-05
2024-11-16 08:25:48,3113.87,2.55e-05
2024-11-16 08:26:00,3114.13,2.552e-05
2024-11-16 08:26:12,3112.61,2.549e-05
2024-11-16 08:26:24,3112.5,2.551e-05
2024-11-16 08:26:36,3112.05,2.551e-05
2024-11-16 08:26:48,3112.05,2.549e-05
2024-11-16 08:27:00,3112.05,2.549e-05
2024-11-16 08:27:12,3112.0,2.549e-05
2024-11-16 08:27:24,3112.0,2.549e-05
2024-11-16 08:27:36,3111.51,2.549e-05
2024-11-16 08:27:48,3111.51,2.549e-05
2024-11-16 08:28:00,3110.4,2.548e-05
2024-11-16 08:28:12,3109.84,2.548e-05
2024-11-16 08:28:24,3110.4,2.548e-05
2024-11-16 08:28:36,3110.41,2.547e-05
2024-11-16 08:28:48,3112.0,2.548e-05
2024-11-16 08:29:00,3111.6,2.548e-05
2024-11-16 08:29:12,3111.75,2.551e-05
2024-11-16 08:29:24,3111.8,2.551e-05
2024-11-16 08:29:36,3110.74,2.548e-05
2024-11-16 08:29:48,3110.55,2.548e-05
2024-11-16 08:30:00,3110.05,2.547e-05
2024-11-16 08:30:12,3110.89,2.546e-05
2024-11-16 08:30:24,3111.99,2.549e-05
2024-11-16 08:30:36,3114.58,2.553e-05
2024-11-16 08:30:48,3114.58,2.55e-05
2024-11-16 08:31:00,3114.07,2.551e-05
2024-11-16 08:31:12,3113.57,2.551e-05
2024-11-16 08:31:24,3112.51,2.548e-05
2024-11-16 08:31:36,3112.12,2.546e-05
2024-11-16 08:31:48,3112.07,2.547e-05
2024-11-16 08:32:00,3112.07,2.548e-05
2024-11-16 08:32:12,3112.4,2.55e-05
2024-11-16 08:32:24,3112.32,2.55e-05
2024-11-16 08:32:36,3112.39,2.55e-05
2024-11-16 08:32:48,3112.01,2.549e-05
2024-11-16 08:33:00,3111.5,2.548e-05
2024-11-16 08:33:12,3112.4,2.547e-05
2024-11-16 08:33:24,3111.8,2.546e-05
2024-11-16 08:33:36,3112.36,2.546e-05
2024-11-16 08:33:48,3112.56,2.549e-05
2024-11-16 08:34:00,3113.5,2.548e-05
2024-11-16 08:34:12,3114.07,2.552e-05
2024-11-16 08:34:24,3116.0,2.555e-05
2024-11-16 08:34:36,3115.67,2.555e-05
2024-11-16 08:34:48,3115.67,2.555e-05
2024-11-16 08:35:00,3116.0,2.555e-05
2024-11-16 08:35:12,3115.2,2.554e-05
2024-11-16 08:35:24,3115.39,2.554e-05
2024-11-16 08:35:36,3114.72,2.553e-05
2024-11-16 08:35:48,3114.21,2.553e-05
2024-11-16 08:36:00,3114.05,2.55e-05
2024-11-16 08:36:12,3113.55,2.55e-05
2024-11-16 08:36:24,3113.57,2.551e-05
2024-11-16 08:36:36,3113.57,2.551e-05
2024-11-16 08:36:48,3111.85,2.548e-05
2024-11-16 08:37:00,3110.8,2.543e-05
2024-11-16 08:37:12,3111.49,2.542e-05
2024-11-16 08:37:24,3111.21,2.541e-05
2024-11-16 08:37:36,3112.33,2.542e-05
2024-11-16 08:37:48,3113.28,2.547e-05
2024-11-16 08:38:00,3113.17,2.551e-05
2024-11-16 08:38:12,3113.49,2.553e-05
2024-11-16 08:38:24,3114.2,2.55e-05
2024-11-16 08:38:36,3114.24,2.548e-05
2024-11-16 08:38:48,3114.48,2.546e-05
2024-11-16 08:39:00,3114.99,2.548e-05
2024-11-16 08:39:12,3115.01,2.546e-05
2024-11-16 08:39:24,3115.0,2.546e-05
2024-11-16 08:39:36,3115.2,2.547e-05
2024-11-16 08:39:48,3116.57,2.547e-05
2024-11-16 08:40:00,3117.35,2.546e-05
2024-11-16 08:40:12,3116.54,2.543e-05
2024-11-16 08:40:24,3117.27,2.545e-05
2024-11-16 08:40:36,3117.27,2.542e-05
2024-11-16 08:40:48,3115.81,2.541e-05
2024-11-16 08:41:00,3115.8,2.541e-05
2024-11-16 08:41:12,3115.72,2.542e-05
2024-11-16 08:41:24,3115.4,2.542e-05
2024-11-16 08:41:36,3115.55,2.541e-05
2024-11-16 08:41:48,3116.2,2.541e-05
2024-11-16 08:42:00,3115.82,2.54e-05
2024-11-16 08:42:12,3116.19,2.54e-05
2024-11-16 08:42:24,3115.22,2.54e-05
2024-11-16 08:42:36,3116.99,2.543e-05
2024-11-16 08:42:48,3117.37,2.541e-05
2024-11-16 08:43:00,3117.86,2.547e-05
2024-11-16 08:43:12,3117.86,2.546e-05
2024-11-16 08:43:24,3118.36,2.549e-05
2024-11-16 08:43:36,3117.43,2.544e-05
2024-11-16 08:43:48,3117.45,2.545e-05
2024-11-16 08:44:00,3117.38,2.545e-05
2024-11-16 08:44:12,3117.2,2.542e-05
2024-11-16 08:44:24,3117.0,2.541e-05
2024-11-16 08:44:36,3116.75,2.541e-05
2024-11-16 08:44:48,3116.75,2.541e-05
2024-11-16 08:45:00,3116.95,2.544e-05
2024-11-16 08:45:12,3116.0,2.54e-05
2024-11-16 08:45:24,3116.61,2.54e-05
2024-11-16 08:45:36,3115.43,2.539e-05
2024-11-16 08:45:48,3115.22,2.54e-05
2024-11-16 08:46:00,3116.5,2.542e-05
2024-11-16 08:46:12,3118.21,2.546e-05
2024-11-16 08:46:24,3118.95,2.547e-05
2024-11-16 08:46:36,3118.99,2.55e-05
2024-11-16 08:46:48,3119.33,2.554e-05
2024-11-16 08:47:00,3118.26,2.552e-05
2024-11-16 08:47:12,3118.91,2.554e-05
2024-11-16 08:47:24,3118.8,2.556e-05
2024-11-16 08:47:36,3118.9,2.556e-05
2024-11-16 08:47:48,3119.62,2.555e-05
2024-11-16 08:48:00,3119.51,2.554e-05
2024-11-16 08:48:12,3120.21,2.555e-05
2024-11-16 08:48:24,3120.0,2.554e-05
2024-11-16 08:48:36,3120.36,2.557e-05
2024-11-16 08:48:48,3120.52,2.557e-05
2024-11-16 08:49:00,3120.4,2.556e-05
2024-11-16 08:49:12,3120.21,2.556e-05
2024-11-16 08:49:24,3120.35,2.556e-05
2024-11-16 08:49:36,3120.89,2.556e-05
2024-11-16 08:49:48,3120.63,2.553e-05
2024-11-16 08:50:00,3121.05,2.555e-05
2024-11-16 08:50:12,3120.65,2.553e-05
2024-11-16 08:50:24,3120.81,2.553e-05
2024-11-16 08:50:36,3118.23,2.548e-05
2024-11-16 08:50:48,3117.55,2.552e-05
2024-11-16 08:51:00,3117.69,2.551e-05
2024-11-16 08:51:12,3118.21,2.553e-05
2024-11-16 08:51:24,3118.22,2.554e-05
2024-11-16 08:51:36,3118.2,2.555e-05
2024-11-16 08:51:48,3118.0,2.557e-05
2024-11-16 08:52:00,3117.41,2.557e-05
2024-11-16 08:52:12,3118.0,2.558e-05
2024-11-16 08:52:24,3117.57,2.56e-05
2024-11-16 08:52:36,3117.0,2.559e-05
2024-11-16 08:52:48,3116.02,2.558e-05
2024-11-16 08:53:00,3116.02,2.559e-05
2024-11-16 08:53:12,3116.02,2.557e-05
2024-11-16 08:53:24,3116.02,2.561e-05
2024-11-16 08:53:36,3116.0,2.558e-05
2024-11-16 08:53:48,3116.01,2.558e-05
2024-11-16 08:54:00,3115.84,2.557e-05
2024-11-16 08:54:12,3115.4,2.558e-05
2024-11-16 08:54:24,3115.76,2.558e-05
2024-11-16 08:54:36,3116.02,2.559e-05
2024-11-16 08:54:48,3117.0,2.558e-05
2024-11-16 08:55:00,3117.99,2.558e-05
2024-11-16 08:55:12,3118.9,2.559e-05
2024-11-16 08:55:24,3118.01,2.56e-05
2024-11-16 08:55:36,3118.26,2.561e-05
2024-11-16 08:55:48,3118.87,2.56e-05
2024-11-16 08:56:00,3118.87,2.562e-05
2024-11-16 08:56:12,3118.32,2.562e-05
2024-11-16 08:56:24,3118.51,2.563e-05
2024-11-16 08:56:36,3118.57,2.562e-05
2024-11-16 08:56:48,3118.87,2.563e-05
2024-11-16 08:57:00,3117.66,2.562e-05
2024-11-16 08:57:12,3118.2,2.563e-05
2024-11-16 08:57:24,3118.69,2.561e-05
2024-11-16 08:57:36,3118.64,2.561e-05
2024-11-16 08:57:48,3119.69,2.562e-05
2024-11-16 08:58:00,3119.09,2.565e-05
2024-11-16 08:58:12,3119.1,2.566e-05
2024-11-16 08:58:24,3120.0,2.564e-05
2024-11-16 08:58:36,3118.41,2.561e-05
2024-11-16 08:58:48,3118.25,2.56e-05
2024-11-16 08:59:00,3118.93,2.56e-05
2024-11-16 08:59:12,3118.6,2.563e-05
2024-11-16 08:59:24,3119.01,2.564e-05
2024-11-16 08:59:36,3118.6,2.564e-05
2024-11-16 08:59:48,3119.59,2.564e-05
2024-11-16 09:00:00,3120.38,2.564e-05
