time,price_A,price_B
2024-08-15 09:00:00,2621.79,1.359e-05
2024-08-15 09:00:12,2621.61,1.359e-05
2024-08-15 09:00:24,2621.37,1.36e-05
2024-08-15 09:00:36,2621.0,1.359e-05
2024-08-15 09:00:48,2620.4,1.359e-05
2024-08-15 09:01:00,2619.4,1.36e-05
2024-08-15 09:01:12,2619.81,1.36e-05
2024-08-15 09:01:24,2620.87,1.36e-05
2024-08-15 09:01:36,2621.61,1.36e-05
2024-08-15 09:01:48,2621.97,1.361e-05
2024-08-15 09:02:00,2622.49,1.362e-05
2024-08-15 09:02:12,2622.57,1.363e-05
2024-08-15 09:02:24,2623.2,1.362e-05
2024-08-15 09:02:36,2624.43,1.362e-05
2024-08-15 09:02:48,2625.21,1.363e-05
2024-08-15 09:03:00,2624.48,1.361e-05
2024-08-15 09:03:12,2625.5,1.362e-05
2024-08-15 09:03:24,2625.69,1.361e-05
2024-08-15 09:03:36,2625.67,1.361e-05
2024-08-15 09:03:48,2625.97,1.362e-05
2024-08-15 09:04:00,2628.81,1.363e-05
2024-08-15 09:04:12,2628.4,1.363e-05
2024-08-15 09:04:24,2627.02,1.363e-05
2024-08-15 09:04:36,2627.68,1.363e-05
2024-08-15 09:04:48,2625.47,1.362e-05
2024-08-15 09:05:00,2625.24,1.362e-05
2024-08-15 09:05:12,2625.7,1.362e-05
2024-08-15 09:05:24,2625.01,1.361e-05
2024-08-15 09:05:36,2625.48,1.362e-05
2024-08-15 09:05:48,2625.6,1.362e-05
2024-08-15 09:06:00,2625.18,1.362e-05
2024-08-15 09:06:12,2624.53,1.361e-05
2024-08-15 09:06:24,2622.25,1.361e-05
2024-08-15 09:06:36,2621.43,1.36e-05
2024-08-15 09:06:48,2620.82,1.36e-05
2024-08-15 09:07:00,2620.67,1.36e-05
2024-08-15 09:07:12,2619.3,1.359e-05
2024-08-15 09:07:24,2620.6,1.36e-05
2024-08-15 09:07:36,2619.91,1.36e-05
2024-08-15 09:07:48,2619.64,1.36e-05
2024-08-15 09:08:00,2619.15,1.359e-05
2024-08-15 09:08:12,2618.75,1.358e-05
2024-08-15 09:08:24,2618.5,1.359e-05
2024-08-15 09:08:36,2618.01,1.358e-05
2024-08-15 09:08:48,2618.1,1.358e-05
2024-08-15 09:09:00,2618.09,1.358e-05
2024-08-15 09:09:12,2619.32,1.359e-05
2024-08-15 09:09:24,2619.57,1.359e-05
2024-08-15 09:09:36,2619.83,1.359e-05
2024-08-15 09:09:48,2619.6,1.359e-05
2024-08-15 09:10:00,2618.88,1.359e-05
2024-08-15 09:10:12,2618.91,1.359e-05
2024-08-15 09:10:24,2619.96,1.359e-05
2024-08-15 09:10:36,2619.85,1.359e-05
2024-08-15 09:10:48,2619.53,1.359e-05
2024-08-15 09:11:00,2620.25,1.36e-05
2024-08-15 09:11:12,2621.23,1.359e-05
2024-08-15 09:11:24,2621.39,1.36e-05
2024-08-15 09:11:36,2620.62,1.359e-05
2024-08-15 09:11:48,2620.62,1.359e-05
2024-08-15 09:12:00,2621.88,1.36e-05
2024-08-15 09:12:12,2622.22,1.361e-05
2024-08-15 09:12:24,2622.2,1.36e-05
2024-08-15 09:12:36,2622.2,1.36e-05
2024-08-15 09:12:48,2622.57,1.36e-05
2024-08-15 09:13:00,2621.09,1.36e-05
2024-08-15 09:13:12,2622.24,1.361e-05
2024-08-15 09:13:24,2622.23,1.36e-05
2024-08-15 09:13:36,2621.86,1.36e-05
2024-08-15 09:13:48,2621.8,1.36e-05
2024-08-15 09:14:00,2621.51,1.36e-05
2024-08-15 09:14:12,2622.15,1.359e-05
2024-08-15 09:14:24,2622.03,1.359e-05
2024-08-15 09:14:36,2622.03,1.359e-05
2024-08-15 09:14:48,2622.31,1.36e-05
2024-08-15 09:15:00,2622.8,1.36e-05
2024-08-15 09:15:12,2623.2,1.36e-05
2024-08-15 09:15:24,2624.99,1.361e-05
2024-08-15 09:15:36,2626.0,1.361e-05
2024-08-15 09:15:48,2626.0,1.362e-05
2024-08-15 09:16:00,2626.05,1.362e-05
2024-08-15 09:16:12,2626.61,1.361e-05
2024-08-15 09:16:24,2626.78,1.362e-05
2024-08-15 09:16:36,2626.82,1.361e-05
2024-08-15 09:16:48,2626.01,1.361e-05
2024-08-15 09:17:00,2625.61,1.361e-05
2024-08-15 09:17:12,2625.79,1.361e-05
2024-08-15 09:17:24,2625.31,1.361e-05
2024-08-15 09:17:36,2624.99,1.36e-05
2024-08-15 09:17:48,2624.63,1.361e-05
2024-08-15 09:18:00,2625.31,1.361e-05
2024-08-15 09:18:12,2624.87,1.361e-05
2024-08-15 09:18:24,2625.25,1.36e-05
2024-08-15 09:18:36,2624.45,1.361e-05
2024-08-15 09:18:48,2624.97,1.361e-05
2024-08-15 09:19:00,2624.6,1.36e-05
2024-08-15 09:19:12,2624.45,1.361e-05
2024-08-15 09:19:24,2623.95,1.361e-05
2024-08-15 09:19:36,2622.5,1.36e-05
2024-08-15 09:19:48,2623.1,1.36e-05
2024-08-15 09:20:00,2624.21,1.36e-05
2024-08-15 09:20:12,2623.8,1.36e-05
2024-08-15 09:20:24,2623.11,1.36e-05
2024-08-15 09:20:36,2624.23,1.36e-05
2024-08-15 09:20:48,2624.02,1.36e-05
2024-08-15 09:21:00,2623.61,1.36e-05
2024-08-15 09:21:12,2624.02,1.36e-05
2024-08-15 09:21:24,2623.85,1.36e-05
2024-08-15 09:21:36,2623.86,1.359e-05
2024-08-15 09:21:48,2624.65,1.359e-05
2024-08-15 09:22:00,2624.4,1.359e-05
2024-08-15 09:22:12,2625.12,1.36e-05
2024-08-15 09:22:24,2625.67,1.359e-05
2024-08-15 09:22:36,2625.26,1.36e-05
2024-08-15 09:22:48,2624.4,1.359e-05
2024-08-15 09:23:00,2624.93,1.359e-05
2024-08-15 09:23:12,2624.4,1.359e-05
2024-08-15 09:23:24,2624.4,1.359e-05
2024-08-15 09:23:36,2623.61,1.358e-05
2024-08-15 09:23:48,2623.61,1.359e-05
2024-08-15 09:24:00,2624.3,1.359e-05
2024-08-15 09:24:12,2624.8,1.358e-05
2024-08-15 09:24:24,2624.79,1.359e-05
2024-08-15 09:24:36,2624.99,1.359e-05
2024-08-15 09:24:48,2623.96,1.359e-05
2024-08-15 09:25:00,2624.49,1.359e-05
2024-08-15 09:25:12,2624.48,1.359e-05
2024-08-15 09:25:24,2624.99,1.359e-05
2024-08-15 09:25:36,2625.0,1.36e-05
2024-08-15 09:25:48,2624.99,1.359e-05
2024-08-15 09:26:00,2625.0,1.36e-05
2024-08-15 09:26:12,2625.0,1.36e-05
2024-08-15 09:26:24,2624.49,1.359e-05
2024-08-15 09:26:36,2623.32,1.359e-05
2024-08-15 09:26:48,2622.27,1.359e-05
2024-08-15 09:27:00,2622.4,1.359e-05
2024-08-15 09:27:12,2622.41,1.358e-05
2024-08-15 09:27:24,2623.2,1.358e-05
2024-08-15 09:27:36,2623.19,1.358e-05
2024-08-15 09:27:48,2623.56,1.359e-05
2024-08-15 09:28:00,2623.8,1.359e-05
2024-08-15 09:28:12,2623.15,1.358e-05
2024-08-15 09:28:24,2626.99,1.359e-05
2024-08-15 09:28:36,2626.4,1.359e-05
2024-08-15 09:28:48,2625.96,1.359e-05
2024-08-15 09:29:00,2626.4,1.359e-05
2024-08-15 09:29:12,2626.29,1.36e-05
2024-08-15 09:29:24,2626.28,1.359e-05
2024-08-15 09:29:36,2626.29,1.359e-05
2024-08-15 09:29:48,2626.2,1.359e-05
2024-08-15 09:30:00,2625.58,1.359e-05
2024-08-15 09:30:12,2625.92,1.359e-05
2024-08-15 09:30:24,2625.58,1.359e-05
2024-08-15 09:30:36,2625.19,1.358e-05
2024-08-15 09:30:48,2626.18,1.358e-05
2024-08-15 09:31:00,2626.43,1.358e-05
2024-08-15 09:31:12,2626.1,1.358e-05
2024-08-15 09:31:24,2626.11,1.358e-05
2024-08-15 09:31:36,2626.11,1.358e-05
2024-08-15 09:31:48,2626.1,1.358e-05
2024-08-15 09:32:00,2626.11,1.358e-05
2024-08-15 09:32:12,2626.1,1.358e-05
2024-08-15 09:32:24,2625.89,1.358e-05
2024-08-15 09:32:36,2625.57,1.359e-05
2024-08-15 09:32:48,2625.23,1.359e-05
2024-08-15 09:33:00,2625.22,1.359e-05
2024-08-15 09:33:12,2626.11,1.359e-05
2024-08-15 09:33:24,2626.1,1.358e-05
2024-08-15 09:33:36,2625.03,1.358e-05
2024-08-15 09:33:48,2624.63,1.358e-05
2024-08-15 09:34:00,2624.62,1.358e-05
2024-08-15 09:34:12,2624.62,1.357e-05
2024-08-15 09:34:24,2625.65,1.357e-05
2024-08-15 09:34:36,2626.21,1.358e-05
2024-08-15 09:34:48,2626.2,1.359e-05
2024-08-15 09:35:00,2625.8,1.357e-05
2024-08-15 09:35:12,2626.2,1.358e-05
2024-08-15 09:35:24,2626.32,1.359e-05
2024-08-15 09:35:36,2626.28,1.359e-05
2024-08-15 09:35:48,2626.9,1.358e-05
2024-08-15 09:36:00,2626.4,1.358e-05
2024-08-15 09:36:12,2625.92,1.357e-05
2024-08-15 09:36:24,2626.34,1.358e-05
2024-08-15 09:36:36,2626.34,1.358e-05
2024-08-15 09:36:48,2627.68,1.358e-05
2024-08-15 09:37:00,2627.66,1.357e-05
2024-08-15 09:37:12,2627.0,1.357e-05
2024-08-15 09:37:24,2626.49,1.358e-05
2024-08-15 09:37:36,2625.81,1.357e-05
2024-08-15 09:37:48,2625.81,1.357e-05
2024-08-15 09:38:00,2625.03,1.356e-05
2024-08-15 09:38:12,2624.63,1.356e-05
2024-08-15 09:38:24,2625.39,1.357e-05
2024-08-15 09:38:36,2626.49,1.357e-05
2024-08-15 09:38:48,2625.7,1.357e-05
2024-08-15 09:39:00,2625.71,1.356e-05
2024-08-15 09:39:12,2624.73,1.356e-05
2024-08-15 09:39:24,2624.42,1.356e-05
2024-08-15 09:39:36,2624.75,1.355e-05
2024-08-15 09:39:48,2624.81,1.355e-05
2024-08-15 09:40:00,2626.2,1.356e-05
2024-08-15 09:40:12,2627.2,1.357e-05
2024-08-15 09:40:24,2626.28,1.357e-05
2024-08-15 09:40:36,2626.29,1.356e-05
2024-08-15 09:40:48,2626.55,1.356e-05
2024-08-15 09:41:00,2626.55,1.356e-05
2024-08-15 09:41:12,2625.87,1.356e-05
2024-08-15 09:41:24,2625.54,1.355e-05
2024-08-15 09:41:36,2625.31,1.356e-05
2024-08-15 09:41:48,2625.8,1.356e-05
2024-08-15 09:42:00,2625.8,1.355e-05
2024-08-15 09:42:12,2625.65,1.355e-05
2024-08-15 09:42:24,2625.0,1.356e-05
2024-08-15 09:42:36,2626.98,1.356e-05
2024-08-15 09:42:48,2627.06,1.356e-05
2024-08-15 09:43:00,2627.37,1.356e-05
2024-08-15 09:43:12,2628.82,1.357e-05
2024-08-15 09:43:24,2629.21,1.357e-05
2024-08-15 09:43:36,2630.0,1.357e-05
2024-08-15 09:43:48,2628.41,1.357e-05
2024-08-15 09:44:00,2628.7,1.357e-05
2024-08-15 09:44:12,2628.6,1.357e-05
2024-08-15 09:44:24,2628.99,1.357e-05
2024-08-15 09:44:36,2627.94,1.358e-05
2024-08-15 09:44:48,2628.0,1.357e-05
2024-08-15 09:45:00,2628.0,1.357e-05
2024-08-15 09:45:12,2628.78,1.358e-05
2024-08-15 09:45:24,2628.79,1.358e-05
2024-08-15 09:45:36,2628.66,1.358e-05
2024-08-15 09:45:48,2628.78,1.359e-05
2024-08-15 09:46:00,2628.8,1.358e-05
2024-08-15 09:46:12,2630.17,1.359e-05
2024-08-15 09:46:24,2630.41,1.359e-05
2024-08-15 09:46:36,2629.96,1.359e-05
2024-08-15 09:46:48,2630.59,1.359e-05
2024-08-15 09:47:00,2629.6,1.359e-05
2024-08-15 09:47:12,2627.8,1.359e-05
2024-08-15 09:47:24,2626.95,1.36e-05
2024-08-15 09:47:36,2627.13,1.359e-05
2024-08-15 09:47:48,2626.75,1.359e-05
2024-08-15 09:48:00,2625.6,1.357e-05
2024-08-15 09:48:12,2624.92,1.357e-05
2024-08-15 09:48:24,2625.55,1.358e-05
2024-08-15 09:48:36,2625.71,1.357e-05
2024-08-15 09:48:48,2625.31,1.357e-05
2024-08-15 09:49:00,2624.8,1.356e-05
2024-08-15 09:49:12,2624.99,1.357e-05
2024-08-15 09:49:24,2624.62,1.357e-05
2024-08-15 09:49:36,2624.98,1.357e-05
2024-08-15 09:49:48,2625.96,1.357e-05
2024-08-15 09:50:00,2624.91,1.357e-05
2024-08-15 09:50:12,2625.79,1.356e-05
2024-08-15 09:50:24,2625.26,1.356e-05
2024-08-15 09:50:36,2624.67,1.356e-05
2024-08-15 09:50:48,2624.31,1.356e-05
2024-08-15 09:51:00,2625.19,1.356e-05
2024-08-15 09:51:12,2625.2,1.356e-05
2024-08-15 09:51:24,2625.2,1.356e-05
2024-08-15 09:51:36,2624.01,1.355e-05
2024-08-15 09:51:48,2623.36,1.354e-05
2024-08-15 09:52:00,2624.01,1.354e-05
2024-08-15 09:52:12,2624.66,1.354e-05
2024-08-15 09:52:24,2623.2,1.354e-05
2024-08-15 09:52:36,2623.51,1.354e-05
2024-08-15 09:52:48,2622.99,1.354e-05
2024-08-15 09:53:00,2623.0,1.353e-05
2024-08-15 09:53:12,2623.0,1.353e-05
2024-08-15 09:53:24,2622.65,1.353e-05
2024-08-15 09:53:36,2622.26,1.353e-05
2024-08-15 09:53:48,2623.39,1.353e-05
2024-08-15 09:54:00,2623.59,1.355e-05
2024-08-15 09:54:12,2624.27,1.355e-05
2024-08-15 09:54:24,2623.65,1.354e-05
2024-08-15 09:54:36,2623.49,1.354e-05
2024-08-15 09:54:48,2623.21,1.353e-05
2024-08-15 09:55:00,2622.21,1.353e-05
2024-08-15 09:55:12,2622.79,1.354e-05
2024-08-15 09:55:24,2622.79,1.354e-05
2024-08-15 09:55:36,2624.17,1.353e-05
2024-08-15 09:55:48,2624.17,1.354e-05
2024-08-15 09:56:00,2624.17,1.354e-05
2024-08-15 09:56:12,2624.16,1.354e-05
2024-08-15 09:56:24,2623.77,1.353e-05
2024-08-15 09:56:36,2622.43,1.353e-05
2024-08-15 09:56:48,2622.5,1.353e-05
2024-08-15 09:57:00,2622.25,1.352e-05
2024-08-15 09:57:12,2622.25,1.352e-05
2024-08-15 09:57:24,2622.25,1.353e-05
2024-08-15 09:57:36,2622.21,1.354e-05
2024-08-15 09:57:48,2621.4,1.353e-05
2024-08-15 09:58:00,2621.47,1.353e-05
2024-08-15 09:58:12,2622.54,1.353e-05
2024-08-15 09:58:24,2622.53,1.354e-05
2024-08-15 09:58:36,2622.53,1.354e-05
2024-08-15 09:58:48,2622.54,1.354e-05
2024-08-15 09:59:00,2622.54,1.353e-05
2024-08-15 09:59:12,2622.8,1.353e-05
2024-08-15 09:59:24,2623.18,1.353e-05
2024-08-15 09:59:36,2623.58,1.354e-05
2024-08-15 09:59:48,2623.59,1.354e-05
2024-08-15 10:00:00,2623.23,1.353e-05
2024-08-15 10:00:12,2623.7,1.353e-05
2024-08-15 10:00:24,2623.7,1.353e-05
2024-08-15 10:00:36,2623.71,1.353e-05
2024-08-15 10:00:48,2622.01,1.353e-05
2024-08-15 10:01:00,2622.0,1.353e-05
2024-08-15 10:01:12,2622.13,1.354e-05
2024-08-15 10:01:24,2622.15,1.354e-05
2024-08-15 10:01:36,2623.0,1.354e-05
2024-08-15 10:01:48,2624.33,1.354e-05
2024-08-15 10:02:00,2625.56,1.355e-05
2024-08-15 10:02:12,2625.95,1.355e-05
2024-08-15 10:02:24,2625.19,1.354e-05
2024-08-15 10:02:36,2624.79,1.353e-05
2024-08-15 10:02:48,2624.79,1.354e-05
2024-08-15 10:03:00,2624.79,1.354e-05
2024-08-15 10:03:12,2623.87,1.354e-05
2024-08-15 10:03:24,2623.26,1.353e-05
2024-08-15 10:03:36,2622.0,1.352e-05
2024-08-15 10:03:48,2622.39,1.352e-05
2024-08-15 10:04:00,2621.97,1.352e-05
2024-08-15 10:04:12,2621.75,1.352e-05
2024-08-15 10:04:24,2622.0,1.353e-05
2024-08-15 10:04:36,2621.1,1.352e-05
2024-08-15 10:04:48,2621.0,1.351e-05
2024-08-15 10:05:00,2621.54,1.352e-05
2024-08-15 10:05:12,2621.53,1.353e-05
2024-08-15 10:05:24,2620.44,1.352e-05
2024-08-15 10:05:36,2620.75,1.351e-05
2024-08-15 10:05:48,2620.51,1.351e-05
2024-08-15 10:06:00,2620.4,1.352e-05
2024-08-15 10:06:12,2621.34,1.352e-05
2024-08-15 10:06:24,2622.19,1.352e-05
2024-08-15 10:06:36,2622.7,1.352e-05
2024-08-15 10:06:48,2624.78,1.354e-05
2024-08-15 10:07:00,2624.0,1.353e-05
2024-08-15 10:07:12,2623.48,1.352e-05
2024-08-15 10:07:24,2625.53,1.353e-05
2024-08-15 10:07:36,2624.99,1.353e-05
2024-08-15 10:07:48,2625.28,1.353e-05
2024-08-15 10:08:00,2624.4,1.354e-05
2024-08-15 10:08:12,2624.43,1.354e-05
2024-08-15 10:08:24,2624.61,1.354e-05
2024-08-15 10:08:36,2624.67,1.353e-05
2024-08-15 10:08:48,2625.26,1.353e-05
2024-08-15 10:09:00,2625.86,1.353e-05
2024-08-15 10:09:12,2625.87,1.354e-05
2024-08-15 10:09:24,2625.86,1.355e-05
2024-08-15 10:09:36,2626.11,1.355e-05
2024-08-15 10:09:48,2626.04,1.354e-05
2024-08-15 10:10:00,2624.61,1.353e-05
2024-08-15 10:10:12,2624.61,1.353e-05
2024-08-15 10:10:24,2624.6,1.353e-05
2024-08-15 10:10:36,2624.21,1.354e-05
2024-08-15 10:10:48,2624.53,1.354e-05
2024-08-15 10:11:00,2624.81,1.354e-05
2024-08-15 10:11:12,2624.8,1.354e-05
2024-08-15 10:11:24,2624.2,1.353e-05
2024-08-15 10:11:36,2624.47,1.354e-05
2024-08-15 10:11:48,2624.32,1.354e-05
2024-08-15 10:12:00,2624.32,1.353e-05
2024-08-15 10:12:12,2624.32,1.353e-05
2024-08-15 10:12:24,2622.88,1.354e-05
2024-08-15 10:12:36,2622.89,1.354e-05
2024-08-15 10:12:48,2623.28,1.353e-05
2024-08-15 10:13:00,2624.33,1.354e-05
2024-08-15 10:13:12,2623.57,1.353e-05
2024-08-15 10:13:24,2623.47,1.354e-05
2024-08-15 10:13:36,2623.63,1.354e-05
2024-08-15 10:13:48,2623.22,1.353e-05
2024-08-15 10:14:00,2623.23,1.353e-05
2024-08-15 10:14:12,2622.21,1.353e-05
2024-08-15 10:14:24,2622.68,1.353e-05
2024-08-15 10:14:36,2622.78,1.353e-05
2024-08-15 10:14:48,2622.67,1.354e-05
2024-08-15 10:15:00,2622.03,1.353e-05
2024-08-15 10:15:12,2621.43,1.352e-05
2024-08-15 10:15:24,2620.86,1.352e-05
2024-08-15 10:15:36,2620.79,1.353e-05
2024-08-15 10:15:48,2621.38,1.353e-05
2024-08-15 10:16:00,2622.1,1.352e-05
2024-08-15 10:16:12,2621.99,1.352e-05
2024-08-15 10:16:24,2622.19,1.353e-05
2024-08-15 10:16:36,2621.82,1.353e-05
2024-08-15 10:16:48,2621.83,1.353e-05
2024-08-15 10:17:00,2622.06,1.352e-05
2024-08-15 10:17:12,2620.48,1.352e-05
2024-08-15 10:17:24,2620.29,1.352e-05
2024-08-15 10:17:36,2620.75,1.352e-05
2024-08-15 10:17:48,2620.58,1.351e-05
2024-08-15 10:18:00,2619.69,1.351e-05
2024-08-15 10:18:12,2619.74,1.351e-05
2024-08-15 10:18:24,2620.94,1.351e-05
2024-08-15 10:18:36,2620.77,1.351e-05
2024-08-15 10:18:48,2621.4,1.351e-05
2024-08-15 10:19:00,2621.6,1.352e-05
2024-08-15 10:19:12,2621.66,1.352e-05
2024-08-15 10:19:24,2620.88,1.352e-05
2024-08-15 10:19:36,2621.42,1.352e-05
2024-08-15 10:19:48,2621.03,1.353e-05
2024-08-15 10:20:00,2621.11,1.352e-05
2024-08-15 10:20:12,2622.0,1.353e-05
2024-08-15 10:20:24,2622.0,1.352e-05
2024-08-15 10:20:36,2622.01,1.352e-05
2024-08-15 10:20:48,2620.2,1.352e-05
2024-08-15 10:21:00,2620.21,1.351e-05
2024-08-15 10:21:12,2620.21,1.351e-05
2024-08-15 10:21:24,2620.21,1.351e-05
2024-08-15 10:21:36,2619.61,1.351e-05
2024-08-15 10:21:48,2619.91,1.351e-05
2024-08-15 10:22:00,2619.89,1.352e-05
2024-08-15 10:22:12,2620.97,1.352e-05
2024-08-15 10:22:24,2621.64,1.353e-05
2024-08-15 10:22:36,2621.65,1.352e-05
2024-08-15 10:22:48,2621.65,1.352e-05
2024-08-15 10:23:00,2621.65,1.353e-05
2024-08-15 10:23:12,2621.65,1.353e-05
2024-08-15 10:23:24,2621.64,1.352e-05
2024-08-15 10:23:36,2621.65,1.353e-05
2024-08-15 10:23:48,2621.4,1.352e-05
2024-08-15 10:24:00,2620.24,1.352e-05
2024-08-15 10:24:12,2619.81,1.352e-05
2024-08-15 10:24:24,2619.31,1.352e-05
2024-08-15 10:24:36,2619.31,1.351e-05
2024-08-15 10:24:48,2620.21,1.351e-05
2024-08-15 10:25:00,2619.7,1.351e-05
2024-08-15 10:25:12,2620.0,1.352e-05
2024-08-15 10:25:24,2621.4,1.352e-05
2024-08-15 10:25:36,2621.4,1.352e-05
2024-08-15 10:25:48,2621.2,1.352e-05
2024-08-15 10:26:00,2623.05,1.352e-05
2024-08-15 10:26:12,2623.08,1.352e-05
2024-08-15 10:26:24,2622.45,1.353e-05
2024-08-15 10:26:36,2622.03,1.353e-05
2024-08-15 10:26:48,2622.03,1.353e-05
2024-08-15 10:27:00,2622.03,1.352e-05
2024-08-15 10:27:12,2623.57,1.353e-05
2024-08-15 10:27:24,2623.57,1.353e-05
2024-08-15 10:27:36,2623.58,1.353e-05
2024-08-15 10:27:48,2624.09,1.354e-05
2024-08-15 10:28:00,2623.78,1.352e-05
2024-08-15 10:28:12,2623.3,1.353e-05
2024-08-15 10:28:24,2624.46,1.352e-05
2024-08-15 10:28:36,2624.76,1.352e-05
2024-08-15 10:28:48,2624.62,1.353e-05
2024-08-15 10:29:00,2625.8,1.352e-05
2024-08-15 10:29:12,2626.19,1.353e-05
2024-08-15 10:29:24,2626.05,1.353e-05
2024-08-15 10:29:36,2625.32,1.354e-05
2024-08-15 10:29:48,2624.77,1.353e-05
2024-08-15 10:30:00,2624.76,1.353e-05
2024-08-15 10:30:12,2623.56,1.353e-05
2024-08-15 10:30:24,2622.55,1.352e-05
2024-08-15 10:30:36,2624.2,1.351e-05
2024-08-15 10:30:48,2624.39,1.353e-05
2024-08-15 10:31:00,2624.99,1.353e-05
2024-08-15 10:31:12,2624.52,1.353e-05
2024-08-15 10:31:24,2623.24,1.352e-05
2024-08-15 10:31:36,2622.64,1.351e-05
2024-08-15 10:31:48,2623.0,1.352e-05
2024-08-15 10:32:00,2623.8,1.351e-05
2024-08-15 10:32:12,2624.8,1.352e-05
2024-08-15 10:32:24,2625.79,1.353e-05
2024-08-15 10:32:36,2626.0,1.353e-05
2024-08-15 10:32:48,2626.71,1.354e-05
2024-08-15 10:33:00,2624.52,1.353e-05
2024-08-15 10:33:12,2623.13,1.351e-05
2024-08-15 10:33:24,2623.02,1.352e-05
2024-08-15 10:33:36,2623.02,1.352e-05
2024-08-15 10:33:48,2623.22,1.351e-05
2024-08-15 10:34:00,2623.22,1.351e-05
2024-08-15 10:34:12,2622.28,1.352e-05
2024-08-15 10:34:24,2622.28,1.351e-05
2024-08-15 10:34:36,2622.49,1.351e-05
2024-08-15 10:34:48,2623.72,1.351e-05
2024-08-15 10:35:00,2623.72,1.351e-05
2024-08-15 10:35:12,2623.0,1.351e-05
2024-08-15 10:35:24,2623.72,1.351e-05
2024-08-15 10:35:36,2623.39,1.352e-05
2024-08-15 10:35:48,2623.79,1.351e-05
2024-08-15 10:36:00,2623.84,1.351e-05
2024-08-15 10:36:12,2624.52,1.353e-05
2024-08-15 10:36:24,2623.84,1.353e-05
2024-08-15 10:36:36,2623.55,1.351e-05
2024-08-15 10:36:48,2624.13,1.351e-05
2024-08-15 10:37:00,2622.64,1.351e-05
2024-08-15 10:37:12,2623.0,1.351e-05
2024-08-15 10:37:24,2622.55,1.351e-05
2024-08-15 10:37:36,2622.56,1.351e-05
2024-08-15 10:37:48,2622.15,1.351e-05
2024-08-15 10:38:00,2622.04,1.351e-05
2024-08-15 10:38:12,2622.4,1.351e-05
2024-08-15 10:38:24,2622.41,1.351e-05
2024-08-15 10:38:36,2622.41,1.351e-05
2024-08-15 10:38:48,2621.86,1.351e-05
2024-08-15 10:39:00,2621.32,1.351e-05
2024-08-15 10:39:12,2621.0,1.351e-05
2024-08-15 10:39:24,2620.47,1.351e-05
2024-08-15 10:39:36,2620.26,1.351e-05
2024-08-15 10:39:48,2620.47,1.35e-05
2024-08-15 10:40:00,2619.6,1.35e-05
2024-08-15 10:40:12,2619.6,1.349e-05
2024-08-15 10:40:24,2619.15,1.349e-05
2024-08-15 10:40:36,2617.76,1.349e-05
2024-08-15 10:40:48,2618.59,1.35e-05
2024-08-15 10:41:00,2619.24,1.349e-05
2024-08-15 10:41:12,2618.36,1.349e-05
2024-08-15 10:41:24,2617.94,1.349e-05
2024-08-15 10:41:36,2617.39,1.349e-05
2024-08-15 10:41:48,2616.98,1.348e-05
2024-08-15 10:42:00,2618.02,1.349e-05
2024-08-15 10:42:12,2618.19,1.349e-05
2024-08-15 10:42:24,2617.66,1.348e-05
2024-08-15 10:42:36,2616.56,1.349e-05
2024-08-15 10:42:48,2616.51,1.349e-05
2024-08-15 10:43:00,2616.5,1.349e-05
2024-08-15 10:43:12,2615.9,1.349e-05
2024-08-15 10:43:24,2615.73,1.349e-05
2024-08-15 10:43:36,2615.85,1.349e-05
2024-08-15 10:43:48,2616.06,1.349e-05
2024-08-15 10:44:00,2616.49,1.348e-05
2024-08-15 10:44:12,2616.01,1.349e-05
2024-08-15 10:44:24,2616.67,1.349e-05
2024-08-15 10:44:36,2617.56,1.35e-05
2024-08-15 10:44:48,2616.91,1.349e-05
2024-08-15 10:45:00,2616.79,1.349e-05
2024-08-15 10:45:12,2616.0,1.349e-05
2024-08-15 10:45:24,2616.15,1.349e-05
2024-08-15 10:45:36,2615.15,1.35e-05
2024-08-15 10:45:48,2615.3,1.35e-05
2024-08-15 10:46:00,2615.56,1.349e-05
2024-08-15 10:46:12,2614.1,1.348e-05
2024-08-15 10:46:24,2615.84,1.35e-05
2024-08-15 10:46:36,2615.89,1.349e-05
2024-08-15 10:46:48,2615.6,1.35e-05
2024-08-15 10:47:00,2616.67,1.35e-05
2024-08-15 10:47:12,2616.5,1.35e-05
2024-08-15 10:47:24,2616.9,1.35e-05
2024-08-15 10:47:36,2616.95,1.35e-05
2024-08-15 10:47:48,2616.53,1.35e-05
2024-08-15 10:48:00,2617.17,1.349e-05
2024-08-15 10:48:12,2616.53,1.349e-05
2024-08-15 10:48:24,2616.01,1.35e-05
2024-08-15 10:48:36,2616.4,1.349e-05
2024-08-15 10:48:48,2615.61,1.35e-05
2024-08-15 10:49:00,2615.64,1.349e-05
2024-08-15 10:49:12,2616.87,1.349e-05
2024-08-15 10:49:24,2616.89,1.35e-05
2024-08-15 10:49:36,2617.3,1.349e-05
2024-08-15 10:49:48,2617.31,1.349e-05
2024-08-15 10:50:00,2617.92,1.35e-05
2024-08-15 10:50:12,2619.0,1.351e-05
2024-08-15 10:50:24,2619.17,1.351e-05
2024-08-15 10:50:36,2617.52,1.35e-05
2024-08-15 10:50:48,2617.52,1.351e-05
2024-08-15 10:51:00,2616.64,1.35e-05
2024-08-15 10:51:12,2616.49,1.349e-05
2024-08-15 10:51:24,2616.67,1.349e-05
2024-08-15 10:51:36,2616.67,1.35e-05
2024-08-15 10:51:48,2616.8,1.35e-05
2024-08-15 10:52:00,2619.24,1.352e-05
2024-08-15 10:52:12,2619.68,1.352e-05
2024-08-15 10:52:24,2618.9,1.351e-05
2024-08-15 10:52:36,2618.9,1.351e-05
2024-08-15 10:52:48,2619.6,1.351e-05
2024-08-15 10:53:00,2620.15,1.351e-05
2024-08-15 10:53:12,2619.64,1.351e-05
2024-08-15 10:53:24,2620.05,1.351e-05
2024-08-15 10:53:36,2620.08,1.352e-05
2024-08-15 10:53:48,2620.08,1.352e-05
2024-08-15 10:54:00,2620.09,1.351e-05
2024-08-15 10:54:12,2620.76,1.352e-05
2024-08-15 10:54:24,2619.61,1.352e-05
2024-08-15 10:54:36,2619.34,1.352e-05
2024-08-15 10:54:48,2619.35,1.352e-05
2024-08-15 10:55:00,2619.35,1.352e-05
2024-08-15 10:55:12,2619.0,1.351e-05
2024-08-15 10:55:24,2618.56,1.351e-05
2024-08-15 10:55:36,2619.17,1.351e-05
2024-08-15 10:55:48,2620.2,1.351e-05
2024-08-15 10:56:00,2620.41,1.352e-05
2024-08-15 10:56:12,2620.26,1.351e-05
2024-08-15 10:56:24,2620.49,1.352e-05
2024-08-15 10:56:36,2620.04,1.352e-05
2024-08-15 10:56:48,2620.03,1.351e-05
2024-08-15 10:57:00,2620.03,1.351e-05
2024-08-15 10:57:12,2620.03,1.352e-05
2024-08-15 10:57:24,2620.04,1.352e-05
2024-08-15 10:57:36,2620.04,1.352e-05
2024-08-15 10:57:48,2620.04,1.352e-05
2024-08-15 10:58:00,2618.84,1.351e-05
2024-08-15 10:58:12,2618.6,1.351e-05
2024-08-15 10:58:24,2618.8,1.35e-05
2024-08-15 10:58:36,2618.2,1.351e-05
2024-08-15 10:58:48,2617.81,1.35e-05
2024-08-15 10:59:00,2618.04,1.351e-05
2024-08-15 10:59:12,2618.03,1.35e-05
2024-08-15 10:59:24,2618.04,1.349e-05
2024-08-15 10:59:36,2618.04,1.35e-05
2024-08-15 10:59:48,2618.03,1.35e-05
2024-08-15 11:00:00,2618.03,1.349e-05
2024-08-15 11:00:12,2618.21,1.35e-05
2024-08-15 11:00:24,2618.72,1.35e-05
2024-08-15 11:00:36,2619.75,1.351e-05
2024-08-15 11:00:48,2617.11,1.35e-05
2024-08-15 11:01:00,2619.2,1.35e-05
2024-08-15 11:01:12,2619.53,1.351e-05
2024-08-15 11:01:24,2619.73,1.351e-05
2024-08-15 11:01:36,2619.75,1.35e-05
2024-08-15 11:01:48,2619.73,1.351e-05
2024-08-15 11:02:00,2619.75,1.351e-05
2024-08-15 11:02:12,2620.02,1.351e-05
2024-08-15 11:02:24,2620.77,1.352e-05
2024-08-15 11:02:36,2621.28,1.351e-05
2024-08-15 11:02:48,2621.6,1.352e-05
2024-08-15 11:03:00,2620.91,1.351e-05
2024-08-15 11:03:12,2620.91,1.351e-05
2024-08-15 11:03:24,2621.01,1.351e-05
2024-08-15 11:03:36,2621.78,1.352e-05
2024-08-15 11:03:48,2622.18,1.353e-05
2024-08-15 11:04:00,2623.1,1.353e-05
2024-08-15 11:04:12,2623.01,1.352e-05
2024-08-15 11:04:24,2622.83,1.352e-05
2024-08-15 11:04:36,2623.48,1.352e-05
2024-08-15 11:04:48,2623.17,1.352e-05
2024-08-15 11:05:00,2623.18,1.352e-05
2024-08-15 11:05:12,2622.6,1.353e-05
2024-08-15 11:05:24,2623.34,1.353e-05
2024-08-15 11:05:36,2624.93,1.354e-05
2024-08-15 11:05:48,2624.93,1.354e-05
2024-08-15 11:06:00,2625.9,1.353e-05
2024-08-15 11:06:12,2625.36,1.354e-05
2024-08-15 11:06:24,2625.24,1.353e-05
2024-08-15 11:06:36,2625.42,1.353e-05
2024-08-15 11:06:48,2625.9,1.353e-05
2024-08-15 11:07:00,2626.19,1.353e-05
2024-08-15 11:07:12,2626.07,1.354e-05
2024-08-15 11:07:24,2626.67,1.354e-05
2024-08-15 11:07:36,2627.72,1.355e-05
2024-08-15 11:07:48,2627.84,1.355e-05
2024-08-15 11:08:00,2627.41,1.354e-05
2024-08-15 11:08:12,2626.41,1.353e-05
2024-08-15 11:08:24,2625.91,1.353e-05
2024-08-15 11:08:36,2625.05,1.353e-05
2024-08-15 11:08:48,2625.4,1.354e-05
2024-08-15 11:09:00,2623.81,1.353e-05
2024-08-15 11:09:12,2623.96,1.353e-05
2024-08-15 11:09:24,2623.96,1.353e-05
2024-08-15 11:09:36,2624.19,1.352e-05
2024-08-15 11:09:48,2625.22,1.353e-05
2024-08-15 11:10:00,2625.53,1.354e-05
2024-08-15 11:10:12,2625.59,1.354e-05
2024-08-15 11:10:24,2625.08,1.353e-05
2024-08-15 11:10:36,2625.89,1.354e-05
2024-08-15 11:10:48,2626.99,1.353e-05
2024-08-15 11:11:00,2628.47,1.355e-05
2024-08-15 11:11:12,2628.31,1.355e-05
2024-08-15 11:11:24,2628.28,1.354e-05
2024-08-15 11:11:36,2627.56,1.355e-05
2024-08-15 11:11:48,2627.56,1.354e-05
2024-08-15 11:12:00,2626.07,1.354e-05
2024-08-15 11:12:12,2626.06,1.353e-05
2024-08-15 11:12:24,2626.07,1.354e-05
2024-08-15 11:12:36,2628.19,1.355e-05
2024-08-15 11:12:48,2628.19,1.354e-05
2024-08-15 11:13:00,2627.54,1.354e-05
2024-08-15 11:13:12,2627.8,1.354e-05
2024-08-15 11:13:24,2627.5,1.354e-05
2024-08-15 11:13:36,2627.2,1.354e-05
2024-08-15 11:13:48,2627.34,1.354e-05
2024-08-15 11:14:00,2627.21,1.354e-05
2024-08-15 11:14:12,2627.22,1.354e-05
2024-08-15 11:14:24,2627.22,1.354e-05
2024-08-15 11:14:36,2627.22,1.354e-05
2024-08-15 11:14:48,2626.93,1.354e-05
2024-08-15 11:15:00,2627.19,1.354e-05
2024-08-15 11:15:12,2628.1,1.354e-05
2024-08-15 11:15:24,2628.65,1.354e-05
2024-08-15 11:15:36,2627.94,1.355e-05
2024-08-15 11:15:48,2628.55,1.355e-05
2024-08-15 11:16:00,2628.36,1.355e-05
2024-08-15 11:16:12,2628.13,1.355e-05
2024-08-15 11:16:24,2626.9,1.353e-05
2024-08-15 11:16:36,2627.32,1.355e-05
2024-08-15 11:16:48,2626.8,1.355e-05
2024-08-15 11:17:00,2626.37,1.355e-05
2024-08-15 11:17:12,2626.06,1.354e-05
2024-08-15 11:17:24,2625.74,1.354e-05
2024-08-15 11:17:36,2625.01,1.354e-05
2024-08-15 11:17:48,2625.73,1.354e-05
2024-08-15 11:18:00,2625.89,1.353e-05
2024-08-15 11:18:12,2625.0,1.353e-05
2024-08-15 11:18:24,2625.88,1.353e-05
2024-08-15 11:18:36,2625.75,1.354e-05
2024-08-15 11:18:48,2625.75,1.354e-05
2024-08-15 11:19:00,2627.44,1.354e-05
2024-08-15 11:19:12,2627.45,1.355e-05
2024-08-15 11:19:24,2627.1,1.355e-05
2024-08-15 11:19:36,2627.19,1.355e-05
2024-08-15 11:19:48,2628.18,1.356e-05
2024-08-15 11:20:00,2628.46,1.355e-05
2024-08-15 11:20:12,2628.21,1.356e-05
2024-08-15 11:20:24,2628.73,1.356e-05
2024-08-15 11:20:36,2627.98,1.355e-05
2024-08-15 11:20:48,2627.0,1.355e-05
2024-08-15 11:21:00,2626.6,1.355e-05
2024-08-15 11:21:12,2626.58,1.355e-05
2024-08-15 11:21:24,2627.36,1.356e-05
2024-08-15 11:21:36,2628.52,1.355e-05
2024-08-15 11:21:48,2627.11,1.355e-05
2024-08-15 11:22:00,2626.81,1.354e-05
2024-08-15 11:22:12,2627.03,1.355e-05
2024-08-15 11:22:24,2627.1,1.354e-05
2024-08-15 11:22:36,2627.1,1.354e-05
2024-08-15 11:22:48,2626.99,1.354e-05
2024-08-15 11:23:00,2627.44,1.356e-05
2024-08-15 11:23:12,2627.43,1.355e-05
2024-08-15 11:23:24,2627.95,1.355e-05
2024-08-15 11:23:36,2628.46,1.355e-05
2024-08-15 11:23:48,2628.46,1.356e-05
2024-08-15 11:24:00,2628.46,1.355e-05
2024-08-15 11:24:12,2628.74,1.355e-05
2024-08-15 11:24:24,2628.34,1.356e-05
2024-08-15 11:24:36,2628.21,1.356e-05
2024-08-15 11:24:48,2627.81,1.355e-05
2024-08-15 11:25:00,2627.44,1.355e-05
2024-08-15 11:25:12,2627.43,1.356e-05
2024-08-15 11:25:24,2627.13,1.356e-05
2024-08-15 11:25:36,2628.81,1.356e-05
2024-08-15 11:25:48,2628.58,1.357e-05
2024-08-15 11:26:00,2628.59,1.356e-05
2024-08-15 11:26:12,2628.58,1.356e-05
2024-08-15 11:26:24,2629.48,1.357e-05
2024-08-15 11:26:36,2629.41,1.358e-05
2024-08-15 11:26:48,2629.93,1.357e-05
2024-08-15 11:27:00,2631.01,1.359e-05
2024-08-15 11:27:12,2630.59,1.359e-05
2024-08-15 11:27:24,2631.2,1.359e-05
2024-08-15 11:27:36,2632.54,1.359e-05
2024-08-15 11:27:48,2632.6,1.359e-05
2024-08-15 11:28:00,2633.87,1.36e-05
2024-08-15 11:28:12,2637.65,1.361e-05
2024-08-15 11:28:24,2639.81,1.362e-05
2024-08-15 11:28:36,2643.89,1.362e-05
2024-08-15 11:28:48,2639.8,1.362e-05
2024-08-15 11:29:00,2640.45,1.362e-05
2024-08-15 11:29:12,2638.81,1.362e-05
2024-08-15 11:29:24,2638.61,1.361e-05
2024-08-15 11:29:36,2639.22,1.36e-05
2024-08-15 11:29:48,2638.74,1.361e-05
2024-08-15 11:30:00,2639.01,1.36e-05
2024-08-15 11:30:12,2640.69,1.361e-05
2024-08-15 11:30:24,2640.18,1.362e-05
2024-08-15 11:30:36,2639.4,1.362e-05
2024-08-15 11:30:48,2638.5,1.361e-05
2024-08-15 11:31:00,2636.99,1.361e-05
2024-08-15 11:31:12,2637.51,1.36e-05
2024-08-15 11:31:24,2636.35,1.36e-05
2024-08-15 11:31:36,2636.81,1.36e-05
2024-08-15 11:31:48,2636.2,1.359e-05
2024-08-15 11:32:00,2636.5,1.359e-05
2024-08-15 11:32:12,2636.08,1.36e-05
2024-08-15 11:32:24,2637.51,1.361e-05
2024-08-15 11:32:36,2637.68,1.361e-05
2024-08-15 11:32:48,2640.0,1.362e-05
2024-08-15 11:33:00,2641.6,1.363e-05
2024-08-15 11:33:12,2638.9,1.362e-05
2024-08-15 11:33:24,2639.92,1.362e-05
2024-08-15 11:33:36,2639.96,1.363e-05
2024-08-15 11:33:48,2639.0,1.362e-05
2024-08-15 11:34:00,2639.01,1.362e-05
2024-08-15 11:34:12,2637.04,1.361e-05
2024-08-15 11:34:24,2637.59,1.361e-05
2024-08-15 11:34:36,2636.8,1.361e-05
2024-08-15 11:34:48,2636.4,1.362e-05
2024-08-15 11:35:00,2635.76,1.36e-05
2024-08-15 11:35:12,2636.15,1.36e-05
2024-08-15 11:35:24,2634.98,1.361e-05
2024-08-15 11:35:36,2634.31,1.36e-05
2024-08-15 11:35:48,2633.02,1.359e-05
2024-08-15 11:36:00,2632.83,1.358e-05
2024-08-15 11:36:12,2632.63,1.359e-05
2024-08-15 11:36:24,2634.55,1.36e-05
2024-08-15 11:36:36,2634.45,1.359e-05
2024-08-15 11:36:48,2634.7,1.36e-05
2024-08-15 11:37:00,2634.0,1.359e-05
2024-08-15 11:37:12,2633.16,1.36e-05
2024-08-15 11:37:24,2633.63,1.36e-05
2024-08-15 11:37:36,2633.99,1.359e-05
2024-08-15 11:37:48,2633.99,1.359e-05
2024-08-15 11:38:00,2634.58,1.359e-05
2024-08-15 11:38:12,2634.52,1.36e-05
2024-08-15 11:38:24,2636.01,1.36e-05
2024-08-15 11:38:36,2635.07,1.359e-05
2024-08-15 11:38:48,2635.35,1.36e-05
2024-08-15 11:39:00,2635.6,1.36e-05
2024-08-15 11:39:12,2636.28,1.361e-05
2024-08-15 11:39:24,2639.4,1.362e-05
2024-08-15 11:39:36,2639.78,1.362e-05
2024-08-15 11:39:48,2640.85,1.362e-05
2024-08-15 11:40:00,2640.94,1.363e-05
2024-08-15 11:40:12,2641.0,1.363e-05
2024-08-15 11:40:24,2640.88,1.363e-05
2024-08-15 11:40:36,2641.85,1.363e-05
2024-08-15 11:40:48,2641.14,1.363e-05
2024-08-15 11:41:00,2641.0,1.363e-05
2024-08-15 11:41:12,2641.01,1.361e-05
2024-08-15 11:41:24,2640.96,1.362e-05
2024-08-15 11:41:36,2640.31,1.362e-05
2024-08-15 11:41:48,2640.21,1.362e-05
2024-08-15 11:42:00,2640.21,1.362e-05
2024-08-15 11:42:12,2638.8,1.36e-05
2024-08-15 11:42:24,2637.04,1.36e-05
2024-08-15 11:42:36,2636.9,1.36e-05
2024-08-15 11:42:48,2636.86,1.36e-05
2024-08-15 11:43:00,2636.8,1.359e-05
2024-08-15 11:43:12,2636.8,1.359e-05
2024-08-15 11:43:24,2636.29,1.359e-05
2024-08-15 11:43:36,2636.18,1.36e-05
2024-08-15 11:43:48,2637.62,1.359e-05
2024-08-15 11:44:00,2637.32,1.359e-05
2024-08-15 11:44:12,2636.37,1.359e-05
2024-08-15 11:44:24,2636.75,1.359e-05
2024-08-15 11:44:36,2636.63,1.359e-05
2024-08-15 11:44:48,2636.39,1.36e-05
2024-08-15 11:45:00,2636.0,1.36e-05
2024-08-15 11:45:12,2635.8,1.36e-05
2024-08-15 11:45:24,2637.13,1.361e-05
2024-08-15 11:45:36,2637.68,1.361e-05
2024-08-15 11:45:48,2637.0,1.36e-05
2024-08-15 11:46:00,2636.41,1.36e-05
2024-08-15 11:46:12,2636.0,1.359e-05
2024-08-15 11:46:24,2635.17,1.359e-05
2024-08-15 11:46:36,2637.89,1.36e-05
2024-08-15 11:46:48,2637.8,1.359e-05
2024-08-15 11:47:00,2639.16,1.361e-05
2024-08-15 11:47:12,2639.99,1.36e-05
2024-08-15 11:47:24,2639.8,1.36e-05
2024-08-15 11:47:36,2639.68,1.36e-05
2024-08-15 11:47:48,2639.09,1.361e-05
2024-08-15 11:48:00,2639.52,1.361e-05
2024-08-15 11:48:12,2639.02,1.361e-05
2024-08-15 11:48:24,2639.71,1.361e-05
2024-08-15 11:48:36,2639.28,1.36e-05
2024-08-15 11:48:48,2639.52,1.36e-05
2024-08-15 11:49:00,2639.52,1.36e-05
2024-08-15 11:49:12,2638.71,1.36e-05
2024-08-15 11:49:24,2639.19,1.359e-05
2024-08-15 11:49:36,2638.8,1.359e-05
2024-08-15 11:49:48,2638.61,1.359e-05
2024-08-15 11:50:00,2639.38,1.361e-05
2024-08-15 11:50:12,2639.37,1.361e-05
2024-08-15 11:50:24,2639.89,1.36e-05
2024-08-15 11:50:36,2641.28,1.362e-05
2024-08-15 11:50:48,2638.21,1.36e-05
2024-08-15 11:51:00,2638.01,1.36e-05
2024-08-15 11:51:12,2639.69,1.36e-05
2024-08-15 11:51:24,2639.81,1.362e-05
2024-08-15 11:51:36,2638.03,1.361e-05
2024-08-15 11:51:48,2636.58,1.36e-05
2024-08-15 11:52:00,2636.53,1.36e-05
2024-08-15 11:52:12,2636.28,1.36e-05
2024-08-15 11:52:24,2636.83,1.359e-05
2024-08-15 11:52:36,2635.8,1.359e-05
2024-08-15 11:52:48,2635.16,1.358e-05
2024-08-15 11:53:00,2635.57,1.358e-05
2024-08-15 11:53:12,2635.03,1.359e-05
2024-08-15 11:53:24,2635.41,1.359e-05
2024-08-15 11:53:36,2635.7,1.359e-05
2024-08-15 11:53:48,2635.25,1.358e-05
2024-08-15 11:54:00,2634.45,1.358e-05
2024-08-15 11:54:12,2635.41,1.359e-05
2024-08-15 11:54:24,2635.41,1.359e-05
2024-08-15 11:54:36,2635.57,1.358e-05
2024-08-15 11:54:48,2634.8,1.358e-05
2024-08-15 11:55:00,2634.8,1.358e-05
2024-08-15 11:55:12,2634.82,1.359e-05
2024-08-15 11:55:24,2634.89,1.359e-05
2024-08-15 11:55:36,2634.41,1.359e-05
2024-08-15 11:55:48,2634.44,1.359e-05
2024-08-15 11:56:00,2634.59,1.359e-05
2024-08-15 11:56:12,2634.79,1.359e-05
2024-08-15 11:56:24,2635.58,1.359e-05
2024-08-15 11:56:36,2635.57,1.36e-05
2024-08-15 11:56:48,2634.8,1.358e-05
2024-08-15 11:57:00,2635.18,1.359e-05
2024-08-15 11:57:12,2635.53,1.359e-05
2024-08-15 11:57:24,2635.57,1.358e-05
2024-08-15 11:57:36,2636.64,1.359e-05
2024-08-15 11:57:48,2636.02,1.359e-05
2024-08-15 11:58:00,2636.16,1.358e-05
2024-08-15 11:58:12,2636.52,1.359e-05
2024-08-15 11:58:24,2637.68,1.359e-05
2024-08-15 11:58:36,2638.6,1.359e-05
2024-08-15 11:58:48,2637.61,1.359e-05
2024-08-15 11:59:00,2637.79,1.36e-05
2024-08-15 11:59:12,2637.73,1.359e-05
2024-08-15 11:59:24,2637.73,1.359e-05
2024-08-15 11:59:36,2637.46,1.36e-05
2024-08-15 11:59:48,2637.87,1.36e-05
2024-08-15 12:00:00,2637.73,1.36e-05
2024-08-15 12:00:12,2638.7,1.36e-05
2024-08-15 12:00:24,2638.0,1.36e-05
2024-08-15 12:00:36,2638.4,1.36e-05
2024-08-15 12:00:48,2639.0,1.359e-05
2024-08-15 12:01:00,2639.04,1.36e-05
2024-08-15 12:01:12,2639.36,1.36e-05
2024-08-15 12:01:24,2638.16,1.359e-05
2024-08-15 12:01:36,2638.3,1.36e-05
2024-08-15 12:01:48,2638.29,1.36e-05
2024-08-15 12:02:00,2638.21,1.36e-05
2024-08-15 12:02:12,2638.91,1.36e-05
2024-08-15 12:02:24,2638.21,1.36e-05
2024-08-15 12:02:36,2638.05,1.359e-05
2024-08-15 12:02:48,2636.72,1.358e-05
2024-08-15 12:03:00,2636.41,1.358e-05
2024-08-15 12:03:12,2636.11,1.358e-05
2024-08-15 12:03:24,2635.74,1.358e-05
2024-08-15 12:03:36,2635.62,1.357e-05
2024-08-15 12:03:48,2635.57,1.357e-05
2024-08-15 12:04:00,2635.88,1.357e-05
2024-08-15 12:04:12,2635.1,1.357e-05
2024-08-15 12:04:24,2635.99,1.358e-05
2024-08-15 12:04:36,2635.77,1.358e-05
2024-08-15 12:04:48,2635.99,1.358e-05
2024-08-15 12:05:00,2635.26,1.358e-05
2024-08-15 12:05:12,2636.37,1.357e-05
2024-08-15 12:05:24,2636.72,1.358e-05
2024-08-15 12:05:36,2636.5,1.357e-05
2024-08-15 12:05:48,2639.09,1.359e-05
2024-08-15 12:06:00,2638.66,1.359e-05
2024-08-15 12:06:12,2637.9,1.359e-05
2024-08-15 12:06:24,2637.8,1.358e-05
2024-08-15 12:06:36,2636.98,1.358e-05
2024-08-15 12:06:48,2637.03,1.359e-05
2024-08-15 12:07:00,2636.2,1.358e-05
2024-08-15 12:07:12,2635.6,1.357e-05
2024-08-15 12:07:24,2636.12,1.358e-05
2024-08-15 12:07:36,2635.98,1.358e-05
2024-08-15 12:07:48,2636.09,1.358e-05
2024-08-15 12:08:00,2636.99,1.358e-05
2024-08-15 12:08:12,2635.56,1.357e-05
2024-08-15 12:08:24,2635.59,1.357e-05
2024-08-15 12:08:36,2635.99,1.357e-05
2024-08-15 12:08:48,2635.82,1.357e-05
2024-08-15 12:09:00,2635.83,1.357e-05
2024-08-15 12:09:12,2636.03,1.357e-05
2024-08-15 12:09:24,2636.99,1.357e-05
2024-08-15 12:09:36,2636.47,1.358e-05
2024-08-15 12:09:48,2636.41,1.358e-05
2024-08-15 12:10:00,2636.16,1.358e-05
2024-08-15 12:10:12,2634.8,1.357e-05
2024-08-15 12:10:24,2634.8,1.357e-05
2024-08-15 12:10:36,2634.28,1.357e-05
2024-08-15 12:10:48,2633.39,1.356e-05
2024-08-15 12:11:00,2634.53,1.356e-05
2024-08-15 12:11:12,2634.52,1.357e-05
2024-08-15 12:11:24,2635.68,1.357e-05
2024-08-15 12:11:36,2635.61,1.357e-05
2024-08-15 12:11:48,2634.83,1.357e-05
2024-08-15 12:12:00,2634.59,1.357e-05
2024-08-15 12:12:12,2634.19,1.356e-05
2024-08-15 12:12:24,2633.79,1.357e-05
2024-08-15 12:12:36,2635.5,1.357e-05
2024-08-15 12:12:48,2635.67,1.357e-05
2024-08-15 12:13:00,2635.67,1.358e-05
2024-08-15 12:13:12,2635.79,1.358e-05
2024-08-15 12:13:24,2635.67,1.358e-05
2024-08-15 12:13:36,2635.97,1.359e-05
2024-08-15 12:13:48,2634.66,1.358e-05
2024-08-15 12:14:00,2635.99,1.358e-05
2024-08-15 12:14:12,2636.21,1.358e-05
2024-08-15 12:14:24,2636.22,1.358e-05
2024-08-15 12:14:36,2636.21,1.357e-05
2024-08-15 12:14:48,2636.2,1.358e-05
2024-08-15 12:15:00,2635.06,1.358e-05
2024-08-15 12:15:12,2634.36,1.357e-05
2024-08-15 12:15:24,2635.99,1.358e-05
2024-08-15 12:15:36,2635.03,1.358e-05
2024-08-15 12:15:48,2634.32,1.358e-05
2024-08-15 12:16:00,2634.84,1.358e-05
2024-08-15 12:16:12,2635.95,1.357e-05
2024-08-15 12:16:24,2635.48,1.357e-05
2024-08-15 12:16:36,2636.01,1.357e-05
2024-08-15 12:16:48,2636.11,1.358e-05
2024-08-15 12:17:00,2637.53,1.358e-05
2024-08-15 12:17:12,2637.41,1.359e-05
2024-08-15 12:17:24,2638.08,1.359e-05
2024-08-15 12:17:36,2638.0,1.358e-05
2024-08-15 12:17:48,2636.29,1.358e-05
2024-08-15 12:18:00,2636.58,1.358e-05
2024-08-15 12:18:12,2636.6,1.358e-05
2024-08-15 12:18:24,2636.34,1.358e-05
2024-08-15 12:18:36,2635.63,1.358e-05
2024-08-15 12:18:48,2635.43,1.358e-05
2024-08-15 12:19:00,2636.47,1.358e-05
2024-08-15 12:19:12,2636.2,1.357e-05
2024-08-15 12:19:24,2638.26,1.359e-05
2024-08-15 12:19:36,2638.51,1.359e-05
2024-08-15 12:19:48,2638.79,1.359e-05
2024-08-15 12:20:00,2639.18,1.359e-05
2024-08-15 12:20:12,2640.52,1.359e-05
2024-08-15 12:20:24,2640.56,1.36e-05
2024-08-15 12:20:36,2640.4,1.36e-05
2024-08-15 12:20:48,2640.7,1.36e-05
2024-08-15 12:21:00,2640.47,1.36e-05
2024-08-15 12:21:12,2640.72,1.36e-05
2024-08-15 12:21:24,2642.23,1.36e-05
2024-08-15 12:21:36,2641.77,1.361e-05
2024-08-15 12:21:48,2642.89,1.361e-05
2024-08-15 12:22:00,2644.01,1.362e-05
2024-08-15 12:22:12,2642.81,1.361e-05
2024-08-15 12:22:24,2641.41,1.361e-05
2024-08-15 12:22:36,2641.11,1.361e-05
2024-08-15 12:22:48,2641.21,1.361e-05
2024-08-15 12:23:00,2641.0,1.36e-05
2024-08-15 12:23:12,2639.5,1.359e-05
2024-08-15 12:23:24,2639.5,1.359e-05
2024-08-15 12:23:36,2639.2,1.359e-05
2024-08-15 12:23:48,2640.13,1.359e-05
2024-08-15 12:24:00,2639.86,1.359e-05
2024-08-15 12:24:12,2639.1,1.36e-05
2024-08-15 12:24:24,2639.0,1.359e-05
2024-08-15 12:24:36,2638.25,1.359e-05
2024-08-15 12:24:48,2638.75,1.358e-05
2024-08-15 12:25:00,2638.01,1.358e-05
2024-08-15 12:25:12,2641.04,1.359e-05
2024-08-15 12:25:24,2641.2,1.359e-05
2024-08-15 12:25:36,2641.06,1.359e-05
2024-08-15 12:25:48,2641.02,1.36e-05
2024-08-15 12:26:00,2641.05,1.36e-05
2024-08-15 12:26:12,2640.01,1.359e-05
2024-08-15 12:26:24,2640.76,1.359e-05
2024-08-15 12:26:36,2640.26,1.36e-05
2024-08-15 12:26:48,2640.27,1.359e-05
2024-08-15 12:27:00,2639.43,1.359e-05
2024-08-15 12:27:12,2638.8,1.359e-05
2024-08-15 12:27:24,2638.57,1.359e-05
2024-08-15 12:27:36,2638.44,1.359e-05
2024-08-15 12:27:48,2638.24,1.359e-05
2024-08-15 12:28:00,2638.43,1.36e-05
2024-08-15 12:28:12,2640.39,1.361e-05
2024-08-15 12:28:24,2640.38,1.36e-05
2024-08-15 12:28:36,2640.39,1.36e-05
2024-08-15 12:28:48,2640.0,1.36e-05
2024-08-15 12:29:00,2638.22,1.36e-05
2024-08-15 12:29:12,2638.97,1.36e-05
2024-08-15 12:29:24,2639.6,1.36e-05
2024-08-15 12:29:36,2640.01,1.361e-05
2024-08-15 12:29:48,2639.39,1.36e-05
2024-08-15 12:30:00,2639.9,1.36e-05
2024-08-15 12:30:12,2650.8,1.366e-05
2024-08-15 12:30:24,2645.6,1.364e-05
2024-08-15 12:30:36,2650.58,1.366e-05
2024-08-15 12:30:48,2645.9,1.365e-05
2024-08-15 12:31:00,2644.55,1.364e-05
2024-08-15 12:31:12,2642.77,1.363e-05
2024-08-15 12:31:24,2641.81,1.362e-05
2024-08-15 12:31:36,2640.19,1.36e-05
2024-08-15 12:31:48,2638.66,1.361e-05
2024-08-15 12:32:00,2643.0,1.363e-05
2024-08-15 12:32:12,2644.83,1.364e-05
2024-08-15 12:32:24,2644.46,1.363e-05
2024-08-15 12:32:36,2644.68,1.363e-05
2024-08-15 12:32:48,2644.97,1.363e-05
2024-08-15 12:33:00,2642.1,1.363e-05
2024-08-15 12:33:12,2639.89,1.362e-05
2024-08-15 12:33:24,2639.39,1.362e-05
2024-08-15 12:33:36,2638.6,1.361e-05
2024-08-15 12:33:48,2640.61,1.363e-05
2024-08-15 12:34:00,2639.52,1.362e-05
2024-08-15 12:34:12,2639.5,1.362e-05
2024-08-15 12:34:24,2639.53,1.362e-05
2024-08-15 12:34:36,2640.29,1.362e-05
2024-08-15 12:34:48,2640.36,1.362e-05
2024-08-15 12:35:00,2641.5,1.363e-05
2024-08-15 12:35:12,2642.3,1.363e-05
2024-08-15 12:35:24,2645.52,1.365e-05
2024-08-15 12:35:36,2644.21,1.366e-05
2024-08-15 12:35:48,2646.31,1.366e-05
2024-08-15 12:36:00,2646.82,1.366e-05
2024-08-15 12:36:12,2648.95,1.367e-05
2024-08-15 12:36:24,2650.55,1.368e-05
2024-08-15 12:36:36,2650.91,1.369e-05
2024-08-15 12:36:48,2650.03,1.368e-05
2024-08-15 12:37:00,2654.4,1.369e-05
2024-08-15 12:37:12,2655.5,1.371e-05
2024-08-15 12:37:24,2659.34,1.371e-05
2024-08-15 12:37:36,2658.45,1.371e-05
2024-08-15 12:37:48,2658.2,1.371e-05
2024-08-15 12:38:00,2658.1,1.372e-05
2024-08-15 12:38:12,2656.62,1.371e-05
2024-08-15 12:38:24,2658.39,1.371e-05
2024-08-15 12:38:36,2659.4,1.372e-05
2024-08-15 12:38:48,2658.42,1.372e-05
2024-08-15 12:39:00,2657.67,1.371e-05
2024-08-15 12:39:12,2657.66,1.372e-05
2024-08-15 12:39:24,2659.2,1.373e-05
2024-08-15 12:39:36,2657.27,1.371e-05
2024-08-15 12:39:48,2658.63,1.371e-05
2024-08-15 12:40:00,2658.3,1.371e-05
2024-08-15 12:40:12,2658.96,1.371e-05
2024-08-15 12:40:24,2657.58,1.371e-05
2024-08-15 12:40:36,2658.63,1.37e-05
2024-08-15 12:40:48,2660.16,1.37e-05
2024-08-15 12:41:00,2666.33,1.372e-05
2024-08-15 12:41:12,2662.84,1.373e-05
2024-08-15 12:41:24,2663.2,1.373e-05
2024-08-15 12:41:36,2661.69,1.372e-05
2024-08-15 12:41:48,2661.99,1.371e-05
2024-08-15 12:42:00,2660.65,1.371e-05
2024-08-15 12:42:12,2655.22,1.368e-05
2024-08-15 12:42:24,2658.5,1.369e-05
2024-08-15 12:42:36,2660.53,1.37e-05
2024-08-15 12:42:48,2659.52,1.37e-05
2024-08-15 12:43:00,2659.56,1.371e-05
2024-08-15 12:43:12,2661.9,1.371e-05
2024-08-15 12:43:24,2661.61,1.371e-05
2024-08-15 12:43:36,2660.81,1.37e-05
2024-08-15 12:43:48,2660.51,1.37e-05
2024-08-15 12:44:00,2661.93,1.371e-05
2024-08-15 12:44:12,2662.84,1.37e-05
2024-08-15 12:44:24,2662.97,1.37e-05
2024-08-15 12:44:36,2663.5,1.371e-05
2024-08-15 12:44:48,2662.4,1.371e-05
2024-08-15 12:45:00,2661.7,1.37e-05
2024-08-15 12:45:12,2663.94,1.37e-05
2024-08-15 12:45:24,2665.8,1.372e-05
2024-08-15 12:45:36,2665.01,1.373e-05
2024-08-15 12:45:48,2664.17,1.371e-05
2024-08-15 12:46:00,2663.81,1.372e-05
2024-08-15 12:46:12,2664.21,1.372e-05
2024-08-15 12:46:24,2664.53,1.372e-05
2024-08-15 12:46:36,2663.66,1.372e-05
2024-08-15 12:46:48,2663.8,1.372e-05
2024-08-15 12:47:00,2662.35,1.371e-05
2024-08-15 12:47:12,2664.53,1.372e-05
2024-08-15 12:47:24,2664.29,1.373e-05
2024-08-15 12:47:36,2666.31,1.374e-05
2024-08-15 12:47:48,2664.81,1.373e-05
2024-08-15 12:48:00,2665.8,1.373e-05
2024-08-15 12:48:12,2664.21,1.371e-05
2024-08-15 12:48:24,2661.7,1.371e-05
2024-08-15 12:48:36,2660.34,1.371e-05
2024-08-15 12:48:48,2659.29,1.37e-05
2024-08-15 12:49:00,2658.8,1.371e-05
2024-08-15 12:49:12,2660.0,1.37e-05
2024-08-15 12:49:24,2658.82,1.37e-05
2024-08-15 12:49:36,2658.7,1.369e-05
2024-08-15 12:49:48,2658.81,1.369e-05
2024-08-15 12:50:00,2658.42,1.369e-05
2024-08-15 12:50:12,2656.99,1.368e-05
2024-08-15 12:50:24,2654.47,1.366e-05
2024-08-15 12:50:36,2651.71,1.364e-05
2024-08-15 12:50:48,2652.36,1.365e-05
2024-08-15 12:51:00,2653.99,1.365e-05
2024-08-15 12:51:12,2653.0,1.365e-05
2024-08-15 12:51:24,2648.1,1.363e-05
2024-08-15 12:51:36,2649.89,1.364e-05
2024-08-15 12:51:48,2647.4,1.362e-05
2024-08-15 12:52:00,2646.6,1.362e-05
2024-08-15 12:52:12,2648.17,1.364e-05
2024-08-15 12:52:24,2651.34,1.366e-05
2024-08-15 12:52:36,2651.75,1.366e-05
2024-08-15 12:52:48,2648.79,1.365e-05
2024-08-15 12:53:00,2651.39,1.365e-05
2024-08-15 12:53:12,2649.21,1.365e-05
2024-08-15 12:53:24,2648.17,1.365e-05
2024-08-15 12:53:36,2650.0,1.366e-05
2024-08-15 12:53:48,2650.1,1.366e-05
2024-08-15 12:54:00,2650.9,1.366e-05
2024-08-15 12:54:12,2650.99,1.365e-05
2024-08-15 12:54:24,2649.21,1.365e-05
2024-08-15 12:54:36,2649.4,1.366e-05
2024-08-15 12:54:48,2648.15,1.365e-05
2024-08-15 12:55:00,2648.79,1.365e-05
2024-08-15 12:55:12,2647.61,1.364e-05
2024-08-15 12:55:24,2646.93,1.364e-05
2024-08-15 12:55:36,2646.78,1.363e-05
2024-08-15 12:55:48,2646.76,1.363e-05
2024-08-15 12:56:00,2645.45,1.364e-05
2024-08-15 12:56:12,2645.0,1.363e-05
2024-08-15 12:56:24,2646.5,1.363e-05
2024-08-15 12:56:36,2646.76,1.364e-05
2024-08-15 12:56:48,2648.32,1.364e-05
2024-08-15 12:57:00,2645.63,1.364e-05
2024-08-15 12:57:12,2643.56,1.364e-05
2024-08-15 12:57:24,2644.59,1.363e-05
2024-08-15 12:57:36,2642.65,1.363e-05
2024-08-15 12:57:48,2641.16,1.363e-05
2024-08-15 12:58:00,2641.29,1.362e-05
2024-08-15 12:58:12,2643.11,1.363e-05
2024-08-15 12:58:24,2643.4,1.362e-05
2024-08-15 12:58:36,2642.13,1.363e-05
2024-08-15 12:58:48,2641.79,1.362e-05
2024-08-15 12:59:00,2642.97,1.362e-05
2024-08-15 12:59:12,2642.29,1.362e-05
2024-08-15 12:59:24,2643.2,1.362e-05
2024-08-15 12:59:36,2643.71,1.362e-05
2024-08-15 12:59:48,2642.48,1.362e-05
2024-08-15 13:00:00,2641.53,1.361e-05
2024-08-15 13:00:12,2642.69,1.362e-05
2024-08-15 13:00:24,2643.52,1.362e-05
2024-08-15 13:00:36,2642.01,1.361e-05
2024-08-15 13:00:48,2641.7,1.36e-05
2024-08-15 13:01:00,2639.16,1.36e-05
2024-08-15 13:01:12,2638.0,1.359e-05
2024-08-15 13:01:24,2634.3,1.358e-05
2024-08-15 13:01:36,2638.05,1.359e-05
2024-08-15 13:01:48,2639.41,1.359e-05
2024-08-15 13:02:00,2638.6,1.359e-05
2024-08-15 13:02:12,2641.9,1.361e-05
2024-08-15 13:02:24,2643.32,1.361e-05
2024-08-15 13:02:36,2644.49,1.362e-05
2024-08-15 13:02:48,2644.91,1.362e-05
2024-08-15 13:03:00,2644.53,1.362e-05
2024-08-15 13:03:12,2643.88,1.363e-05
2024-08-15 13:03:24,2645.48,1.362e-05
2024-08-15 13:03:36,2646.78,1.363e-05
2024-08-15 13:03:48,2647.44,1.363e-05
2024-08-15 13:04:00,2646.7,1.364e-05
2024-08-15 13:04:12,2647.49,1.363e-05
2024-08-15 13:04:24,2647.71,1.364e-05
2024-08-15 13:04:36,2647.7,1.364e-05
2024-08-15 13:04:48,2647.48,1.364e-05
2024-08-15 13:05:00,2646.53,1.362e-05
2024-08-15 13:05:12,2647.8,1.363e-05
2024-08-15 13:05:24,2648.59,1.363e-05
2024-08-15 13:05:36,2648.81,1.364e-05
2024-08-15 13:05:48,2648.86,1.365e-05
2024-08-15 13:06:00,2648.79,1.365e-05
2024-08-15 13:06:12,2649.1,1.364e-05
2024-08-15 13:06:24,2649.95,1.364e-05
2024-08-15 13:06:36,2649.79,1.365e-05
2024-08-15 13:06:48,2647.31,1.365e-05
2024-08-15 13:07:00,2648.17,1.365e-05
2024-08-15 13:07:12,2645.99,1.364e-05
2024-08-15 13:07:24,2645.91,1.364e-05
2024-08-15 13:07:36,2645.6,1.364e-05
2024-08-15 13:07:48,2647.91,1.365e-05
2024-08-15 13:08:00,2648.14,1.365e-05
2024-08-15 13:08:12,2647.59,1.364e-05
2024-08-15 13:08:24,2647.69,1.364e-05
2024-08-15 13:08:36,2647.04,1.364e-05
2024-08-15 13:08:48,2647.59,1.364e-05
2024-08-15 13:09:00,2647.73,1.365e-05
2024-08-15 13:09:12,2646.01,1.365e-05
2024-08-15 13:09:24,2645.49,1.365e-05
2024-08-15 13:09:36,2645.46,1.364e-05
2024-08-15 13:09:48,2645.02,1.364e-05
2024-08-15 13:10:00,2646.06,1.365e-05
2024-08-15 13:10:12,2648.0,1.366e-05
2024-08-15 13:10:24,2651.82,1.367e-05
2024-08-15 13:10:36,2651.19,1.366e-05
2024-08-15 13:10:48,2651.41,1.367e-05
2024-08-15 13:11:00,2650.01,1.366e-05
2024-08-15 13:11:12,2651.45,1.366e-05
2024-08-15 13:11:24,2650.85,1.367e-05
2024-08-15 13:11:36,2652.1,1.367e-05
2024-08-15 13:11:48,2651.74,1.366e-05
2024-08-15 13:12:00,2651.8,1.367e-05
2024-08-15 13:12:12,2652.5,1.367e-05
2024-08-15 13:12:24,2654.6,1.368e-05
2024-08-15 13:12:36,2653.88,1.368e-05
2024-08-15 13:12:48,2654.09,1.368e-05
2024-08-15 13:13:00,2654.51,1.368e-05
2024-08-15 13:13:12,2652.4,1.368e-05
2024-08-15 13:13:24,2651.71,1.368e-05
2024-08-15 13:13:36,2650.6,1.367e-05
2024-08-15 13:13:48,2651.34,1.367e-05
2024-08-15 13:14:00,2651.13,1.367e-05
2024-08-15 13:14:12,2650.52,1.366e-05
2024-08-15 13:14:24,2651.49,1.368e-05
2024-08-15 13:14:36,2649.73,1.367e-05
2024-08-15 13:14:48,2650.0,1.367e-05
2024-08-15 13:15:00,2650.0,1.367e-05
2024-08-15 13:15:12,2650.23,1.367e-05
2024-08-15 13:15:24,2652.18,1.367e-05
2024-08-15 13:15:36,2650.59,1.367e-05
2024-08-15 13:15:48,2650.85,1.367e-05
2024-08-15 13:16:00,2649.25,1.367e-05
2024-08-15 13:16:12,2648.02,1.366e-05
2024-08-15 13:16:24,2650.79,1.366e-05
2024-08-15 13:16:36,2650.36,1.367e-05
2024-08-15 13:16:48,2649.72,1.367e-05
2024-08-15 13:17:00,2650.97,1.367e-05
2024-08-15 13:17:12,2650.86,1.367e-05
2024-08-15 13:17:24,2650.08,1.367e-05
2024-08-15 13:17:36,2649.0,1.367e-05
2024-08-15 13:17:48,2648.4,1.366e-05
2024-08-15 13:18:00,2648.4,1.367e-05
2024-08-15 13:18:12,2646.11,1.366e-05
2024-08-15 13:18:24,2647.8,1.366e-05
2024-08-15 13:18:36,2648.45,1.366e-05
2024-08-15 13:18:48,2648.79,1.366e-05
2024-08-15 13:19:00,2647.67,1.366e-05
2024-08-15 13:19:12,2649.36,1.366e-05
2024-08-15 13:19:24,2650.31,1.367e-05
2024-08-15 13:19:36,2649.54,1.367e-05
2024-08-15 13:19:48,2649.75,1.367e-05
2024-08-15 13:20:00,2650.19,1.367e-05
2024-08-15 13:20:12,2648.89,1.366e-05
2024-08-15 13:20:24,2648.11,1.366e-05
2024-08-15 13:20:36,2648.91,1.366e-05
2024-08-15 13:20:48,2647.88,1.366e-05
2024-08-15 13:21:00,2647.63,1.365e-05
2024-08-15 13:21:12,2648.48,1.365e-05
2024-08-15 13:21:24,2649.08,1.366e-05
2024-08-15 13:21:36,2648.6,1.366e-05
2024-08-15 13:21:48,2648.59,1.366e-05
2024-08-15 13:22:00,2648.67,1.365e-05
2024-08-15 13:22:12,2646.62,1.364e-05
2024-08-15 13:22:24,2647.39,1.364e-05
2024-08-15 13:22:36,2647.19,1.364e-05
2024-08-15 13:22:48,2647.31,1.364e-05
2024-08-15 13:23:00,2647.11,1.364e-05
2024-08-15 13:23:12,2646.8,1.364e-05
2024-08-15 13:23:24,2646.7,1.364e-05
2024-08-15 13:23:36,2646.8,1.365e-05
2024-08-15 13:23:48,2646.78,1.365e-05
2024-08-15 13:24:00,2647.02,1.365e-05
2024-08-15 13:24:12,2650.93,1.366e-05
2024-08-15 13:24:24,2651.19,1.367e-05
2024-08-15 13:24:36,2651.18,1.366e-05
2024-08-15 13:24:48,2651.18,1.366e-05
2024-08-15 13:25:00,2651.5,1.367e-05
2024-08-15 13:25:12,2651.33,1.367e-05
2024-08-15 13:25:24,2653.33,1.369e-05
2024-08-15 13:25:36,2653.01,1.369e-05
2024-08-15 13:25:48,2653.2,1.37e-05
2024-08-15 13:26:00,2653.5,1.37e-05
2024-08-15 13:26:12,2655.3,1.37e-05
2024-08-15 13:26:24,2655.3,1.37e-05
2024-08-15 13:26:36,2655.98,1.37e-05
2024-08-15 13:26:48,2657.27,1.371e-05
2024-08-15 13:27:00,2656.34,1.37e-05
2024-08-15 13:27:12,2656.4,1.371e-05
2024-08-15 13:27:24,2656.59,1.371e-05
2024-08-15 13:27:36,2659.0,1.372e-05
2024-08-15 13:27:48,2657.14,1.371e-05
2024-08-15 13:28:00,2656.41,1.37e-05
2024-08-15 13:28:12,2656.58,1.37e-05
2024-08-15 13:28:24,2655.84,1.37e-05
2024-08-15 13:28:36,2656.21,1.37e-05
2024-08-15 13:28:48,2656.16,1.371e-05
2024-08-15 13:29:00,2656.74,1.37e-05
2024-08-15 13:29:12,2657.09,1.37e-05
2024-08-15 13:29:24,2658.67,1.371e-05
2024-08-15 13:29:36,2658.11,1.37e-05
2024-08-15 13:29:48,2655.61,1.369e-05
2024-08-15 13:30:00,2656.32,1.369e-05
2024-08-15 13:30:12,2657.2,1.37e-05
2024-08-15 13:30:24,2658.15,1.369e-05
2024-08-15 13:30:36,2656.2,1.369e-05
2024-08-15 13:30:48,2655.67,1.369e-05
2024-08-15 13:31:00,2655.25,1.369e-05
2024-08-15 13:31:12,2653.2,1.367e-05
2024-08-15 13:31:24,2652.09,1.366e-05
2024-08-15 13:31:36,2654.02,1.368e-05
2024-08-15 13:31:48,2654.96,1.368e-05
2024-08-15 13:32:00,2658.95,1.371e-05
2024-08-15 13:32:12,2657.82,1.369e-05
2024-08-15 13:32:24,2657.84,1.37e-05
2024-08-15 13:32:36,2656.32,1.369e-05
2024-08-15 13:32:48,2654.07,1.368e-05
2024-08-15 13:33:00,2654.92,1.369e-05
2024-08-15 13:33:12,2658.2,1.37e-05
2024-08-15 13:33:24,2658.42,1.37e-05
2024-08-15 13:33:36,2659.99,1.371e-05
2024-08-15 13:33:48,2658.35,1.37e-05
2024-08-15 13:34:00,2659.2,1.37e-05
2024-08-15 13:34:12,2658.21,1.369e-05
2024-08-15 13:34:24,2659.06,1.37e-05
2024-08-15 13:34:36,2658.4,1.37e-05
2024-08-15 13:34:48,2659.66,1.37e-05
2024-08-15 13:35:00,2662.86,1.372e-05
2024-08-15 13:35:12,2661.71,1.371e-05
2024-08-15 13:35:24,2663.51,1.373e-05
2024-08-15 13:35:36,2663.61,1.373e-05
2024-08-15 13:35:48,2661.67,1.372e-05
2024-08-15 13:36:00,2659.61,1.371e-05
2024-08-15 13:36:12,2660.18,1.37e-05
2024-08-15 13:36:24,2658.01,1.369e-05
2024-08-15 13:36:36,2661.78,1.371e-05
2024-08-15 13:36:48,2660.79,1.371e-05
2024-08-15 13:37:00,2662.35,1.372e-05
2024-08-15 13:37:12,2663.4,1.371e-05
2024-08-15 13:37:24,2664.92,1.373e-05
2024-08-15 13:37:36,2667.42,1.373e-05
2024-08-15 13:37:48,2666.22,1.373e-05
2024-08-15 13:38:00,2664.59,1.372e-05
2024-08-15 13:38:12,2664.21,1.372e-05
2024-08-15 13:38:24,2663.5,1.372e-05
2024-08-15 13:38:36,2662.9,1.372e-05
2024-08-15 13:38:48,2662.42,1.371e-05
2024-08-15 13:39:00,2661.24,1.371e-05
2024-08-15 13:39:12,2662.08,1.37e-05
2024-08-15 13:39:24,2662.17,1.371e-05
2024-08-15 13:39:36,2662.3,1.371e-05
2024-08-15 13:39:48,2662.68,1.372e-05
2024-08-15 13:40:00,2664.0,1.372e-05
2024-08-15 13:40:12,2666.41,1.373e-05
2024-08-15 13:40:24,2664.01,1.373e-05
2024-08-15 13:40:36,2661.52,1.371e-05
2024-08-15 13:40:48,2660.52,1.371e-05
2024-08-15 13:41:00,2660.2,1.371e-05
2024-08-15 13:41:12,2660.01,1.371e-05
2024-08-15 13:41:24,2658.74,1.37e-05
2024-08-15 13:41:36,2655.6,1.37e-05
2024-08-15 13:41:48,2658.59,1.371e-05
2024-08-15 13:42:00,2656.8,1.37e-05
2024-08-15 13:42:12,2654.0,1.369e-05
2024-08-15 13:42:24,2655.78,1.37e-05
2024-08-15 13:42:36,2655.8,1.369e-05
2024-08-15 13:42:48,2654.06,1.369e-05
2024-08-15 13:43:00,2654.08,1.368e-05
2024-08-15 13:43:12,2651.79,1.367e-05
2024-08-15 13:43:24,2652.8,1.368e-05
2024-08-15 13:43:36,2654.13,1.368e-05
2024-08-15 13:43:48,2653.92,1.368e-05
2024-08-15 13:44:00,2653.0,1.367e-05
2024-08-15 13:44:12,2654.33,1.368e-05
2024-08-15 13:44:24,2654.29,1.368e-05
2024-08-15 13:44:36,2653.97,1.367e-05
2024-08-15 13:44:48,2652.8,1.367e-05
2024-08-15 13:45:00,2652.93,1.368e-05
2024-08-15 13:45:12,2654.19,1.367e-05
2024-08-15 13:45:24,2652.05,1.367e-05
2024-08-15 13:45:36,2652.18,1.366e-05
2024-08-15 13:45:48,2651.5,1.367e-05
2024-08-15 13:46:00,2651.58,1.366e-05
2024-08-15 13:46:12,2651.68,1.366e-05
2024-08-15 13:46:24,2650.11,1.365e-05
2024-08-15 13:46:36,2648.62,1.365e-05
2024-08-15 13:46:48,2651.01,1.366e-05
2024-08-15 13:47:00,2651.02,1.367e-05
2024-08-15 13:47:12,2652.14,1.367e-05
2024-08-15 13:47:24,2651.64,1.366e-05
2024-08-15 13:47:36,2652.89,1.366e-05
2024-08-15 13:47:48,2651.81,1.366e-05
2024-08-15 13:48:00,2653.37,1.367e-05
2024-08-15 13:48:12,2653.2,1.367e-05
2024-08-15 13:48:24,2652.36,1.368e-05
2024-08-15 13:48:36,2654.19,1.368e-05
2024-08-15 13:48:48,2652.22,1.367e-05
2024-08-15 13:49:00,2652.99,1.368e-05
2024-08-15 13:49:12,2653.76,1.367e-05
2024-08-15 13:49:24,2654.74,1.367e-05
2024-08-15 13:49:36,2654.68,1.368e-05
2024-08-15 13:49:48,2654.39,1.367e-05
2024-08-15 13:50:00,2655.49,1.368e-05
2024-08-15 13:50:12,2655.64,1.368e-05
2024-08-15 13:50:24,2656.43,1.369e-05
2024-08-15 13:50:36,2657.34,1.368e-05
2024-08-15 13:50:48,2656.52,1.369e-05
2024-08-15 13:51:00,2656.6,1.369e-05
2024-08-15 13:51:12,2658.39,1.368e-05
2024-08-15 13:51:24,2658.01,1.369e-05
2024-08-15 13:51:36,2658.38,1.369e-05
2024-08-15 13:51:48,2656.85,1.368e-05
2024-08-15 13:52:00,2655.54,1.368e-05
2024-08-15 13:52:12,2656.56,1.367e-05
2024-08-15 13:52:24,2656.0,1.368e-05
2024-08-15 13:52:36,2657.39,1.368e-05
2024-08-15 13:52:48,2659.4,1.369e-05
2024-08-15 13:53:00,2658.7,1.368e-05
2024-08-15 13:53:12,2658.73,1.368e-05
2024-08-15 13:53:24,2661.01,1.368e-05
2024-08-15 13:53:36,2660.97,1.368e-05
2024-08-15 13:53:48,2660.67,1.368e-05
2024-08-15 13:54:00,2659.5,1.368e-05
2024-08-15 13:54:12,2658.75,1.367e-05
2024-08-15 13:54:24,2658.74,1.367e-05
2024-08-15 13:54:36,2657.9,1.368e-05
2024-08-15 13:54:48,2657.68,1.368e-05
2024-08-15 13:55:00,2657.99,1.368e-05
2024-08-15 13:55:12,2659.72,1.367e-05
2024-08-15 13:55:24,2660.65,1.367e-05
2024-08-15 13:55:36,2660.01,1.367e-05
2024-08-15 13:55:48,2659.09,1.367e-05
2024-08-15 13:56:00,2660.74,1.368e-05
2024-08-15 13:56:12,2660.64,1.367e-05
2024-08-15 13:56:24,2660.92,1.368e-05
2024-08-15 13:56:36,2660.21,1.368e-05
2024-08-15 13:56:48,2660.12,1.368e-05
2024-08-15 13:57:00,2658.8,1.367e-05
2024-08-15 13:57:12,2659.75,1.367e-05
2024-08-15 13:57:24,2657.51,1.366e-05
2024-08-15 13:57:36,2658.01,1.366e-05
2024-08-15 13:57:48,2658.96,1.368e-05
2024-08-15 13:58:00,2659.0,1.368e-05
2024-08-15 13:58:12,2659.54,1.367e-05
2024-08-15 13:58:24,2659.42,1.368e-05
2024-08-15 13:58:36,2660.35,1.368e-05
2024-08-15 13:58:48,2660.64,1.369e-05
2024-08-15 13:59:00,2660.32,1.368e-05
2024-08-15 13:59:12,2660.61,1.369e-05
2024-08-15 13:59:24,2661.17,1.369e-05
2024-08-15 13:59:36,2661.55,1.369e-05
2024-08-15 13:59:48,2661.73,1.369e-05
2024-08-15 14:00:00,2662.74,1.369e-05
2024-08-15 14:00:12,2663.0,1.37e-05
2024-08-15 14:00:24,2664.12,1.37e-05
2024-08-15 14:00:36,2662.81,1.369e-05
2024-08-15 14:00:48,2661.64,1.369e-05
2024-08-15 14:01:00,2661.11,1.369e-05
2024-08-15 14:01:12,2660.63,1.369e-05
2024-08-15 14:01:24,2661.25,1.369e-05
2024-08-15 14:01:36,2663.93,1.37e-05
2024-08-15 14:01:48,2665.05,1.371e-05
2024-08-15 14:02:00,2665.54,1.372e-05
2024-08-15 14:02:12,2668.12,1.373e-05
2024-08-15 14:02:24,2668.03,1.373e-05
2024-08-15 14:02:36,2668.39,1.373e-05
2024-08-15 14:02:48,2667.54,1.373e-05
2024-08-15 14:03:00,2668.99,1.374e-05
2024-08-15 14:03:12,2667.79,1.374e-05
2024-08-15 14:03:24,2666.51,1.373e-05
2024-08-15 14:03:36,2665.83,1.372e-05
2024-08-15 14:03:48,2664.28,1.372e-05
2024-08-15 14:04:00,2665.77,1.373e-05
2024-08-15 14:04:12,2666.32,1.373e-05
2024-08-15 14:04:24,2663.66,1.372e-05
2024-08-15 14:04:36,2658.05,1.371e-05
2024-08-15 14:04:48,2657.62,1.371e-05
2024-08-15 14:05:00,2656.6,1.371e-05
2024-08-15 14:05:12,2655.78,1.369e-05
2024-08-15 14:05:24,2653.46,1.369e-05
2024-08-15 14:05:36,2657.6,1.37e-05
2024-08-15 14:05:48,2655.92,1.371e-05
2024-08-15 14:06:00,2658.0,1.372e-05
2024-08-15 14:06:12,2658.27,1.371e-05
2024-08-15 14:06:24,2659.19,1.371e-05
2024-08-15 14:06:36,2655.6,1.37e-05
2024-08-15 14:06:48,2656.3,1.371e-05
2024-08-15 14:07:00,2657.57,1.372e-05
2024-08-15 14:07:12,2655.54,1.371e-05
2024-08-15 14:07:24,2655.95,1.371e-05
2024-08-15 14:07:36,2657.06,1.372e-05
2024-08-15 14:07:48,2657.0,1.372e-05
2024-08-15 14:08:00,2656.8,1.372e-05
2024-08-15 14:08:12,2659.0,1.372e-05
2024-08-15 14:08:24,2657.63,1.372e-05
2024-08-15 14:08:36,2659.21,1.372e-05
2024-08-15 14:08:48,2658.17,1.373e-05
2024-08-15 14:09:00,2657.15,1.372e-05
2024-08-15 14:09:12,2657.55,1.372e-05
2024-08-15 14:09:24,2656.41,1.371e-05
2024-08-15 14:09:36,2656.89,1.372e-05
2024-08-15 14:09:48,2655.74,1.372e-05
2024-08-15 14:10:00,2655.4,1.37e-05
2024-08-15 14:10:12,2655.95,1.371e-05
2024-08-15 14:10:24,2655.02,1.37e-05
2024-08-15 14:10:36,2654.69,1.37e-05
2024-08-15 14:10:48,2654.35,1.37e-05
2024-08-15 14:11:00,2657.01,1.371e-05
2024-08-15 14:11:12,2657.02,1.371e-05
2024-08-15 14:11:24,2658.59,1.372e-05
2024-08-15 14:11:36,2658.41,1.371e-05
2024-08-15 14:11:48,2658.4,1.372e-05
2024-08-15 14:12:00,2655.04,1.371e-05
2024-08-15 14:12:12,2653.95,1.37e-05
2024-08-15 14:12:24,2653.44,1.37e-05
2024-08-15 14:12:36,2653.04,1.369e-05
2024-08-15 14:12:48,2652.75,1.369e-05
2024-08-15 14:13:00,2653.16,1.369e-05
2024-08-15 14:13:12,2654.3,1.37e-05
2024-08-15 14:13:24,2656.12,1.371e-05
2024-08-15 14:13:36,2657.59,1.371e-05
2024-08-15 14:13:48,2657.89,1.371e-05
2024-08-15 14:14:00,2656.9,1.371e-05
2024-08-15 14:14:12,2654.65,1.37e-05
2024-08-15 14:14:24,2654.78,1.37e-05
2024-08-15 14:14:36,2653.7,1.37e-05
2024-08-15 14:14:48,2654.0,1.371e-05
2024-08-15 14:15:00,2652.01,1.369e-05
2024-08-15 14:15:12,2652.5,1.37e-05
2024-08-15 14:15:24,2654.32,1.371e-05
2024-08-15 14:15:36,2652.51,1.37e-05
2024-08-15 14:15:48,2651.46,1.369e-05
2024-08-15 14:16:00,2650.2,1.369e-05
2024-08-15 14:16:12,2650.36,1.368e-05
2024-08-15 14:16:24,2647.06,1.367e-05
2024-08-15 14:16:36,2649.39,1.369e-05
2024-08-15 14:16:48,2650.79,1.369e-05
2024-08-15 14:17:00,2650.99,1.369e-05
2024-08-15 14:17:12,2651.44,1.369e-05
2024-08-15 14:17:24,2648.42,1.369e-05
2024-08-15 14:17:36,2649.2,1.369e-05
2024-08-15 14:17:48,2650.46,1.37e-05
2024-08-15 14:18:00,2650.36,1.37e-05
2024-08-15 14:18:12,2651.2,1.369e-05
2024-08-15 14:18:24,2650.76,1.369e-05
2024-08-15 14:18:36,2649.98,1.369e-05
2024-08-15 14:18:48,2650.7,1.368e-05
2024-08-15 14:19:00,2651.39,1.368e-05
2024-08-15 14:19:12,2652.2,1.369e-05
2024-08-15 14:19:24,2651.44,1.369e-05
2024-08-15 14:19:36,2651.14,1.369e-05
2024-08-15 14:19:48,2651.99,1.368e-05
2024-08-15 14:20:00,2652.1,1.368e-05
2024-08-15 14:20:12,2652.09,1.368e-05
2024-08-15 14:20:24,2652.57,1.369e-05
2024-08-15 14:20:36,2651.04,1.368e-05
2024-08-15 14:20:48,2649.67,1.367e-05
2024-08-15 14:21:00,2649.34,1.367e-05
2024-08-15 14:21:12,2649.23,1.368e-05
2024-08-15 14:21:24,2649.19,1.368e-05
2024-08-15 14:21:36,2651.08,1.367e-05
2024-08-15 14:21:48,2651.85,1.369e-05
2024-08-15 14:22:00,2650.2,1.368e-05
2024-08-15 14:22:12,2650.22,1.368e-05
2024-08-15 14:22:24,2650.27,1.367e-05
2024-08-15 14:22:36,2648.01,1.367e-05
2024-08-15 14:22:48,2649.99,1.367e-05
2024-08-15 14:23:00,2649.29,1.367e-05
2024-08-15 14:23:12,2649.03,1.367e-05
2024-08-15 14:23:24,2648.26,1.367e-05
2024-08-15 14:23:36,2649.51,1.367e-05
2024-08-15 14:23:48,2649.4,1.367e-05
2024-08-15 14:24:00,2649.15,1.368e-05
2024-08-15 14:24:12,2649.14,1.367e-05
2024-08-15 14:24:24,2648.36,1.367e-05
2024-08-15 14:24:36,2647.43,1.366e-05
2024-08-15 14:24:48,2648.32,1.367e-05
2024-08-15 14:25:00,2649.16,1.367e-05
2024-08-15 14:25:12,2650.6,1.367e-05
2024-08-15 14:25:24,2650.34,1.367e-05
2024-08-15 14:25:36,2651.1,1.368e-05
2024-08-15 14:25:48,2651.8,1.369e-05
2024-08-15 14:26:00,2650.83,1.369e-05
2024-08-15 14:26:12,2651.6,1.369e-05
2024-08-15 14:26:24,2649.86,1.369e-05
2024-08-15 14:26:36,2650.43,1.368e-05
2024-08-15 14:26:48,2651.49,1.368e-05
2024-08-15 14:27:00,2651.41,1.368e-05
2024-08-15 14:27:12,2651.42,1.368e-05
2024-08-15 14:27:24,2651.49,1.368e-05
2024-08-15 14:27:36,2651.68,1.37e-05
2024-08-15 14:27:48,2651.68,1.37e-05
2024-08-15 14:28:00,2651.7,1.369e-05
2024-08-15 14:28:12,2651.6,1.369e-05
2024-08-15 14:28:24,2650.28,1.37e-05
2024-08-15 14:28:36,2651.67,1.37e-05
2024-08-15 14:28:48,2651.67,1.37e-05
2024-08-15 14:29:00,2651.68,1.37e-05
2024-08-15 14:29:12,2656.0,1.371e-05
2024-08-15 14:29:24,2654.8,1.371e-05
2024-08-15 14:29:36,2653.89,1.371e-05
2024-08-15 14:29:48,2654.29,1.371e-05
2024-08-15 14:30:00,2654.01,1.371e-05
2024-08-15 14:30:12,2654.74,1.371e-05
2024-08-15 14:30:24,2657.29,1.372e-05
2024-08-15 14:30:36,2656.46,1.372e-05
2024-08-15 14:30:48,2656.38,1.373e-05
2024-08-15 14:31:00,2657.56,1.373e-05
2024-08-15 14:31:12,2657.99,1.374e-05
2024-08-15 14:31:24,2657.99,1.375e-05
2024-08-15 14:31:36,2659.69,1.375e-05
2024-08-15 14:31:48,2658.4,1.374e-05
2024-08-15 14:32:00,2659.78,1.373e-05
2024-08-15 14:32:12,2659.68,1.374e-05
2024-08-15 14:32:24,2660.33,1.374e-05
2024-08-15 14:32:36,2661.6,1.374e-05
2024-08-15 14:32:48,2661.07,1.374e-05
2024-08-15 14:33:00,2660.8,1.375e-05
2024-08-15 14:33:12,2659.96,1.375e-05
2024-08-15 14:33:24,2659.04,1.375e-05
2024-08-15 14:33:36,2658.87,1.375e-05
2024-08-15 14:33:48,2658.48,1.374e-05
2024-08-15 14:34:00,2656.7,1.373e-05
2024-08-15 14:34:12,2658.36,1.373e-05
2024-08-15 14:34:24,2657.98,1.373e-05
2024-08-15 14:34:36,2658.23,1.374e-05
2024-08-15 14:34:48,2659.61,1.374e-05
2024-08-15 14:35:00,2660.21,1.374e-05
2024-08-15 14:35:12,2659.65,1.375e-05
2024-08-15 14:35:24,2659.99,1.374e-05
2024-08-15 14:35:36,2659.39,1.373e-05
2024-08-15 14:35:48,2657.93,1.373e-05
2024-08-15 14:36:00,2658.3,1.373e-05
2024-08-15 14:36:12,2658.63,1.372e-05
2024-08-15 14:36:24,2659.6,1.374e-05
2024-08-15 14:36:36,2659.99,1.373e-05
2024-08-15 14:36:48,2660.46,1.373e-05
2024-08-15 14:37:00,2661.8,1.374e-05
2024-08-15 14:37:12,2662.86,1.374e-05
2024-08-15 14:37:24,2663.34,1.375e-05
2024-08-15 14:37:36,2663.01,1.374e-05
2024-08-15 14:37:48,2663.1,1.374e-05
2024-08-15 14:38:00,2661.51,1.374e-05
2024-08-15 14:38:12,2660.49,1.373e-05
2024-08-15 14:38:24,2659.97,1.372e-05
2024-08-15 14:38:36,2658.0,1.371e-05
2024-08-15 14:38:48,2658.82,1.371e-05
2024-08-15 14:39:00,2659.16,1.371e-05
2024-08-15 14:39:12,2658.75,1.371e-05
2024-08-15 14:39:24,2659.0,1.371e-05
2024-08-15 14:39:36,2659.06,1.371e-05
2024-08-15 14:39:48,2659.25,1.372e-05
2024-08-15 14:40:00,2659.46,1.372e-05
2024-08-15 14:40:12,2659.99,1.371e-05
2024-08-15 14:40:24,2659.97,1.371e-05
2024-08-15 14:40:36,2658.26,1.371e-05
2024-08-15 14:40:48,2657.97,1.371e-05
2024-08-15 14:41:00,2658.3,1.371e-05
2024-08-15 14:41:12,2658.86,1.371e-05
2024-08-15 14:41:24,2658.0,1.371e-05
2024-08-15 14:41:36,2658.69,1.371e-05
2024-08-15 14:41:48,2657.81,1.371e-05
2024-08-15 14:42:00,2658.35,1.371e-05
2024-08-15 14:42:12,2659.49,1.37e-05
2024-08-15 14:42:24,2657.4,1.37e-05
2024-08-15 14:42:36,2656.04,1.369e-05
2024-08-15 14:42:48,2655.5,1.369e-05
2024-08-15 14:43:00,2654.17,1.369e-05
2024-08-15 14:43:12,2654.49,1.368e-05
2024-08-15 14:43:24,2656.19,1.369e-05
2024-08-15 14:43:36,2656.55,1.369e-05
2024-08-15 14:43:48,2657.38,1.37e-05
2024-08-15 14:44:00,2656.61,1.369e-05
2024-08-15 14:44:12,2655.8,1.369e-05
2024-08-15 14:44:24,2654.31,1.369e-05
2024-08-15 14:44:36,2654.49,1.369e-05
2024-08-15 14:44:48,2654.51,1.368e-05
2024-08-15 14:45:00,2655.0,1.369e-05
2024-08-15 14:45:12,2655.41,1.369e-05
2024-08-15 14:45:24,2655.13,1.369e-05
2024-08-15 14:45:36,2656.55,1.37e-05
2024-08-15 14:45:48,2656.0,1.37e-05
2024-08-15 14:46:00,2655.99,1.369e-05
2024-08-15 14:46:12,2655.4,1.369e-05
2024-08-15 14:46:24,2655.8,1.369e-05
2024-08-15 14:46:36,2657.33,1.37e-05
2024-08-15 14:46:48,2657.78,1.369e-05
2024-08-15 14:47:00,2658.17,1.37e-05
2024-08-15 14:47:12,2661.39,1.371e-05
2024-08-15 14:47:24,2660.61,1.372e-05
2024-08-15 14:47:36,2661.52,1.372e-05
2024-08-15 14:47:48,2662.91,1.373e-05
2024-08-15 14:48:00,2661.1,1.372e-05
2024-08-15 14:48:12,2662.99,1.372e-05
2024-08-15 14:48:24,2664.59,1.373e-05
2024-08-15 14:48:36,2665.85,1.374e-05
2024-08-15 14:48:48,2663.7,1.374e-05
2024-08-15 14:49:00,2663.18,1.372e-05
2024-08-15 14:49:12,2664.6,1.374e-05
2024-08-15 14:49:24,2663.6,1.374e-05
2024-08-15 14:49:36,2664.18,1.374e-05
2024-08-15 14:49:48,2664.8,1.374e-05
2024-08-15 14:50:00,2665.65,1.374e-05
2024-08-15 14:50:12,2666.4,1.374e-05
2024-08-15 14:50:24,2663.77,1.373e-05
2024-08-15 14:50:36,2662.71,1.372e-05
2024-08-15 14:50:48,2661.36,1.372e-05
2024-08-15 14:51:00,2661.14,1.373e-05
2024-08-15 14:51:12,2659.71,1.373e-05
2024-08-15 14:51:24,2659.69,1.372e-05
2024-08-15 14:51:36,2659.24,1.373e-05
2024-08-15 14:51:48,2658.81,1.372e-05
2024-08-15 14:52:00,2658.81,1.373e-05
2024-08-15 14:52:12,2658.75,1.371e-05
2024-08-15 14:52:24,2658.59,1.372e-05
2024-08-15 14:52:36,2657.4,1.372e-05
2024-08-15 14:52:48,2657.3,1.372e-05
2024-08-15 14:53:00,2657.98,1.371e-05
2024-08-15 14:53:12,2658.0,1.371e-05
2024-08-15 14:53:24,2658.12,1.372e-05
2024-08-15 14:53:36,2658.09,1.372e-05
2024-08-15 14:53:48,2657.65,1.371e-05
2024-08-15 14:54:00,2658.27,1.37e-05
2024-08-15 14:54:12,2657.99,1.371e-05
2024-08-15 14:54:24,2659.2,1.372e-05
2024-08-15 14:54:36,2659.51,1.371e-05
2024-08-15 14:54:48,2658.44,1.371e-05
2024-08-15 14:55:00,2659.21,1.37e-05
2024-08-15 14:55:12,2659.58,1.371e-05
2024-08-15 14:55:24,2657.41,1.37e-05
2024-08-15 14:55:36,2657.25,1.37e-05
2024-08-15 14:55:48,2656.8,1.369e-05
2024-08-15 14:56:00,2656.55,1.369e-05
2024-08-15 14:56:12,2656.11,1.37e-05
2024-08-15 14:56:24,2656.01,1.37e-05
2024-08-15 14:56:36,2654.58,1.368e-05
2024-08-15 14:56:48,2653.78,1.369e-05
2024-08-15 14:57:00,2652.64,1.368e-05
2024-08-15 14:57:12,2652.81,1.367e-05
2024-08-15 14:57:24,2651.42,1.367e-05
2024-08-15 14:57:36,2651.39,1.367e-05
2024-08-15 14:57:48,2653.11,1.369e-05
2024-08-15 14:58:00,2653.21,1.368e-05
2024-08-15 14:58:12,2653.21,1.369e-05
2024-08-15 14:58:24,2652.89,1.368e-05
2024-08-15 14:58:36,2653.47,1.369e-05
2024-08-15 14:58:48,2652.78,1.369e-05
2024-08-15 14:59:00,2653.46,1.369e-05
2024-08-15 14:59:12,2654.91,1.37e-05
2024-08-15 14:59:24,2654.81,1.37e-05
2024-08-15 14:59:36,2655.1,1.369e-05
2024-08-15 14:59:48,2653.21,1.37e-05
2024-08-15 15:00:00,2654.39,1.37e-05
2024-08-15 15:00:12,2654.43,1.37e-05
2024-08-15 15:00:24,2655.0,1.369e-05
2024-08-15 15:00:36,2653.41,1.368e-05
2024-08-15 15:00:48,2652.5,1.368e-05
2024-08-15 15:01:00,2653.67,1.368e-05
2024-08-15 15:01:12,2654.56,1.369e-05
2024-08-15 15:01:24,2654.56,1.369e-05
2024-08-15 15:01:36,2654.16,1.368e-05
2024-08-15 15:01:48,2655.47,1.369e-05
2024-08-15 15:02:00,2655.59,1.369e-05
2024-08-15 15:02:12,2656.16,1.368e-05
2024-08-15 15:02:24,2656.14,1.368e-05
2024-08-15 15:02:36,2657.79,1.369e-05
2024-08-15 15:02:48,2657.94,1.369e-05
2024-08-15 15:03:00,2658.82,1.37e-05
2024-08-15 15:03:12,2658.99,1.369e-05
2024-08-15 15:03:24,2658.59,1.369e-05
2024-08-15 15:03:36,2658.19,1.369e-05
2024-08-15 15:03:48,2658.18,1.368e-05
2024-08-15 15:04:00,2658.98,1.368e-05
2024-08-15 15:04:12,2659.2,1.369e-05
2024-08-15 15:04:24,2659.5,1.368e-05
2024-08-15 15:04:36,2660.77,1.369e-05
2024-08-15 15:04:48,2660.99,1.369e-05
2024-08-15 15:05:00,2659.87,1.369e-05
2024-08-15 15:05:12,2660.98,1.37e-05
2024-08-15 15:05:24,2660.99,1.37e-05
2024-08-15 15:05:36,2658.81,1.368e-05
2024-08-15 15:05:48,2658.21,1.368e-05
2024-08-15 15:06:00,2657.59,1.368e-05
2024-08-15 15:06:12,2657.18,1.368e-05
2024-08-15 15:06:24,2656.35,1.367e-05
2024-08-15 15:06:36,2656.89,1.369e-05
2024-08-15 15:06:48,2657.2,1.368e-05
2024-08-15 15:07:00,2656.43,1.368e-05
2024-08-15 15:07:12,2656.35,1.368e-05
2024-08-15 15:07:24,2654.16,1.368e-05
2024-08-15 15:07:36,2654.02,1.367e-05
2024-08-15 15:07:48,2652.98,1.367e-05
2024-08-15 15:08:00,2652.53,1.366e-05
2024-08-15 15:08:12,2651.64,1.366e-05
2024-08-15 15:08:24,2650.44,1.365e-05
2024-08-15 15:08:36,2651.79,1.366e-05
2024-08-15 15:08:48,2651.11,1.366e-05
2024-08-15 15:09:00,2651.11,1.366e-05
2024-08-15 15:09:12,2650.99,1.366e-05
2024-08-15 15:09:24,2650.96,1.366e-05
2024-08-15 15:09:36,2651.66,1.366e-05
2024-08-15 15:09:48,2652.59,1.367e-05
2024-08-15 15:10:00,2651.86,1.366e-05
2024-08-15 15:10:12,2652.72,1.367e-05
2024-08-15 15:10:24,2652.81,1.367e-05
2024-08-15 15:10:36,2651.55,1.367e-05
2024-08-15 15:10:48,2651.72,1.368e-05
2024-08-15 15:11:00,2651.0,1.367e-05
2024-08-15 15:11:12,2650.48,1.367e-05
2024-08-15 15:11:24,2650.47,1.367e-05
2024-08-15 15:11:36,2650.02,1.366e-05
2024-08-15 15:11:48,2648.32,1.366e-05
2024-08-15 15:12:00,2650.63,1.367e-05
2024-08-15 15:12:12,2649.97,1.367e-05
2024-08-15 15:12:24,2650.31,1.368e-05
2024-08-15 15:12:36,2649.84,1.366e-05
2024-08-15 15:12:48,2649.81,1.368e-05
2024-08-15 15:13:00,2649.47,1.368e-05
2024-08-15 15:13:12,2649.2,1.368e-05
2024-08-15 15:13:24,2647.81,1.367e-05
2024-08-15 15:13:36,2649.48,1.367e-05
2024-08-15 15:13:48,2649.32,1.367e-05
2024-08-15 15:14:00,2647.81,1.367e-05
2024-08-15 15:14:12,2647.14,1.368e-05
2024-08-15 15:14:24,2648.96,1.368e-05
2024-08-15 15:14:36,2649.67,1.367e-05
2024-08-15 15:14:48,2649.8,1.368e-05
2024-08-15 15:15:00,2649.57,1.367e-05
2024-08-15 15:15:12,2648.62,1.367e-05
2024-08-15 15:15:24,2649.11,1.367e-05
2024-08-15 15:15:36,2650.8,1.368e-05
2024-08-15 15:15:48,2650.99,1.369e-05
2024-08-15 15:16:00,2650.8,1.368e-05
2024-08-15 15:16:12,2652.62,1.369e-05
2024-08-15 15:16:24,2650.93,1.369e-05
2024-08-15 15:16:36,2650.35,1.369e-05
2024-08-15 15:16:48,2650.62,1.369e-05
2024-08-15 15:17:00,2650.32,1.368e-05
2024-08-15 15:17:12,2651.15,1.368e-05
2024-08-15 15:17:24,2650.82,1.369e-05
2024-08-15 15:17:36,2651.12,1.369e-05
2024-08-15 15:17:48,2652.02,1.369e-05
2024-08-15 15:18:00,2653.93,1.369e-05
2024-08-15 15:18:12,2653.44,1.37e-05
2024-08-15 15:18:24,2654.29,1.369e-05
2024-08-15 15:18:36,2653.18,1.369e-05
2024-08-15 15:18:48,2653.01,1.369e-05
2024-08-15 15:19:00,2652.15,1.369e-05
2024-08-15 15:19:12,2653.46,1.369e-05
2024-08-15 15:19:24,2660.81,1.37e-05
2024-08-15 15:19:36,2665.38,1.373e-05
2024-08-15 15:19:48,2662.09,1.371e-05
2024-08-15 15:20:00,2662.53,1.371e-05
2024-08-15 15:20:12,2663.07,1.372e-05
2024-08-15 15:20:24,2666.66,1.372e-05
2024-08-15 15:20:36,2666.6,1.373e-05
2024-08-15 15:20:48,2667.92,1.372e-05
2024-08-15 15:21:00,2668.74,1.373e-05
2024-08-15 15:21:12,2672.92,1.374e-05
2024-08-15 15:21:24,2669.0,1.374e-05
2024-08-15 15:21:36,2668.41,1.373e-05
2024-08-15 15:21:48,2670.35,1.374e-05
2024-08-15 15:22:00,2668.59,1.374e-05
2024-08-15 15:22:12,2666.21,1.373e-05
2024-08-15 15:22:24,2664.53,1.371e-05
2024-08-15 15:22:36,2663.44,1.371e-05
2024-08-15 15:22:48,2662.81,1.371e-05
2024-08-15 15:23:00,2662.6,1.371e-05
2024-08-15 15:23:12,2662.03,1.371e-05
2024-08-15 15:23:24,2665.3,1.373e-05
2024-08-15 15:23:36,2665.02,1.372e-05
2024-08-15 15:23:48,2663.41,1.372e-05
2024-08-15 15:24:00,2660.99,1.371e-05
2024-08-15 15:24:12,2661.57,1.371e-05
2024-08-15 15:24:24,2664.04,1.372e-05
2024-08-15 15:24:36,2664.01,1.372e-05
2024-08-15 15:24:48,2663.1,1.373e-05
2024-08-15 15:25:00,2663.77,1.372e-05
2024-08-15 15:25:12,2664.38,1.372e-05
2024-08-15 15:25:24,2666.27,1.373e-05
2024-08-15 15:25:36,2666.99,1.373e-05
2024-08-15 15:25:48,2667.47,1.374e-05
2024-08-15 15:26:00,2667.49,1.374e-05
2024-08-15 15:26:12,2667.14,1.373e-05
2024-08-15 15:26:24,2666.03,1.372e-05
2024-08-15 15:26:36,2666.36,1.372e-05
2024-08-15 15:26:48,2664.9,1.371e-05
2024-08-15 15:27:00,2665.54,1.372e-05
2024-08-15 15:27:12,2665.99,1.373e-05
2024-08-15 15:27:24,2666.01,1.373e-05
2024-08-15 15:27:36,2666.8,1.373e-05
2024-08-15 15:27:48,2668.2,1.372e-05
2024-08-15 15:28:00,2667.25,1.373e-05
2024-08-15 15:28:12,2666.94,1.373e-05
2024-08-15 15:28:24,2667.01,1.372e-05
2024-08-15 15:28:36,2667.18,1.372e-05
2024-08-15 15:28:48,2667.05,1.373e-05
2024-08-15 15:29:00,2667.35,1.372e-05
2024-08-15 15:29:12,2665.3,1.372e-05
2024-08-15 15:29:24,2665.17,1.372e-05
2024-08-15 15:29:36,2664.68,1.371e-05
2024-08-15 15:29:48,2664.11,1.371e-05
2024-08-15 15:30:00,2664.01,1.371e-05
2024-08-15 15:30:12,2664.79,1.371e-05
2024-08-15 15:30:24,2657.13,1.369e-05
2024-08-15 15:30:36,2657.16,1.368e-05
2024-08-15 15:30:48,2658.88,1.368e-05
2024-08-15 15:31:00,2659.09,1.368e-05
2024-08-15 15:31:12,2660.79,1.369e-05
2024-08-15 15:31:24,2661.08,1.37e-05
2024-08-15 15:31:36,2661.12,1.369e-05
2024-08-15 15:31:48,2660.91,1.369e-05
2024-08-15 15:32:00,2661.52,1.369e-05
2024-08-15 15:32:12,2661.52,1.368e-05
2024-08-15 15:32:24,2661.91,1.369e-05
2024-08-15 15:32:36,2663.0,1.369e-05
2024-08-15 15:32:48,2663.0,1.37e-05
2024-08-15 15:33:00,2661.96,1.369e-05
2024-08-15 15:33:12,2663.5,1.369e-05
2024-08-15 15:33:24,2662.5,1.369e-05
2024-08-15 15:33:36,2661.92,1.369e-05
2024-08-15 15:33:48,2661.0,1.368e-05
2024-08-15 15:34:00,2661.35,1.369e-05
2024-08-15 15:34:12,2661.34,1.368e-05
2024-08-15 15:34:24,2661.02,1.368e-05
2024-08-15 15:34:36,2661.21,1.368e-05
2024-08-15 15:34:48,2661.01,1.368e-05
2024-08-15 15:35:00,2661.53,1.368e-05
2024-08-15 15:35:12,2661.1,1.368e-05
2024-08-15 15:35:24,2661.79,1.368e-05
2024-08-15 15:35:36,2663.2,1.369e-05
2024-08-15 15:35:48,2663.85,1.369e-05
2024-08-15 15:36:00,2664.0,1.369e-05
2024-08-15 15:36:12,2663.4,1.369e-05
2024-08-15 15:36:24,2662.2,1.369e-05
2024-08-15 15:36:36,2661.92,1.369e-05
2024-08-15 15:36:48,2660.01,1.367e-05
2024-08-15 15:37:00,2660.54,1.367e-05
2024-08-15 15:37:12,2660.41,1.367e-05
2024-08-15 15:37:24,2660.32,1.367e-05
2024-08-15 15:37:36,2660.92,1.367e-05
2024-08-15 15:37:48,2662.32,1.369e-05
2024-08-15 15:38:00,2662.35,1.368e-05
2024-08-15 15:38:12,2663.2,1.368e-05
2024-08-15 15:38:24,2662.91,1.369e-05
2024-08-15 15:38:36,2663.27,1.369e-05
2024-08-15 15:38:48,2662.21,1.368e-05
2024-08-15 15:39:00,2662.37,1.368e-05
2024-08-15 15:39:12,2662.57,1.368e-05
2024-08-15 15:39:24,2661.26,1.368e-05
2024-08-15 15:39:36,2662.11,1.368e-05
2024-08-15 15:39:48,2662.08,1.369e-05
2024-08-15 15:40:00,2662.12,1.369e-05
2024-08-15 15:40:12,2661.2,1.367e-05
2024-08-15 15:40:24,2661.31,1.368e-05
2024-08-15 15:40:36,2661.31,1.367e-05
2024-08-15 15:40:48,2661.64,1.367e-05
2024-08-15 15:41:00,2661.63,1.368e-05
2024-08-15 15:41:12,2661.63,1.368e-05
2024-08-15 15:41:24,2663.28,1.369e-05
2024-08-15 15:41:36,2662.99,1.368e-05
2024-08-15 15:41:48,2663.12,1.368e-05
2024-08-15 15:42:00,2662.75,1.369e-05
2024-08-15 15:42:12,2663.27,1.368e-05
2024-08-15 15:42:24,2663.6,1.368e-05
2024-08-15 15:42:36,2665.29,1.369e-05
2024-08-15 15:42:48,2666.19,1.37e-05
2024-08-15 15:43:00,2666.5,1.37e-05
2024-08-15 15:43:12,2667.46,1.37e-05
2024-08-15 15:43:24,2667.94,1.371e-05
2024-08-15 15:43:36,2666.82,1.37e-05
2024-08-15 15:43:48,2666.45,1.369e-05
2024-08-15 15:44:00,2665.61,1.37e-05
2024-08-15 15:44:12,2667.08,1.369e-05
2024-08-15 15:44:24,2666.81,1.369e-05
2024-08-15 15:44:36,2667.06,1.37e-05
2024-08-15 15:44:48,2667.01,1.37e-05
2024-08-15 15:45:00,2666.96,1.37e-05
2024-08-15 15:45:12,2667.0,1.37e-05
2024-08-15 15:45:24,2667.06,1.37e-05
2024-08-15 15:45:36,2666.81,1.37e-05
2024-08-15 15:45:48,2666.8,1.37e-05
2024-08-15 15:46:00,2667.99,1.371e-05
2024-08-15 15:46:12,2667.79,1.37e-05
2024-08-15 15:46:24,2667.46,1.369e-05
2024-08-15 15:46:36,2667.46,1.369e-05
2024-08-15 15:46:48,2667.45,1.369e-05
2024-08-15 15:47:00,2667.6,1.37e-05
2024-08-15 15:47:12,2667.06,1.369e-05
2024-08-15 15:47:24,2667.4,1.37e-05
2024-08-15 15:47:36,2667.55,1.371e-05
2024-08-15 15:47:48,2668.5,1.371e-05
2024-08-15 15:48:00,2668.79,1.371e-05
2024-08-15 15:48:12,2669.04,1.371e-05
2024-08-15 15:48:24,2669.67,1.372e-05
2024-08-15 15:48:36,2670.61,1.372e-05
2024-08-15 15:48:48,2669.52,1.372e-05
2024-08-15 15:49:00,2669.0,1.371e-05
2024-08-15 15:49:12,2667.93,1.371e-05
2024-08-15 15:49:24,2669.1,1.371e-05
2024-08-15 15:49:36,2669.67,1.372e-05
2024-08-15 15:49:48,2669.86,1.371e-05
2024-08-15 15:50:00,2669.86,1.372e-05
2024-08-15 15:50:12,2668.37,1.371e-05
2024-08-15 15:50:24,2669.06,1.372e-05
2024-08-15 15:50:36,2668.98,1.372e-05
2024-08-15 15:50:48,2668.66,1.372e-05
2024-08-15 15:51:00,2669.81,1.372e-05
2024-08-15 15:51:12,2669.41,1.372e-05
2024-08-15 15:51:24,2671.19,1.373e-05
2024-08-15 15:51:36,2670.87,1.373e-05
2024-08-15 15:51:48,2672.23,1.374e-05
2024-08-15 15:52:00,2672.61,1.373e-05
2024-08-15 15:52:12,2671.45,1.372e-05
2024-08-15 15:52:24,2672.4,1.373e-05
2024-08-15 15:52:36,2671.51,1.373e-05
2024-08-15 15:52:48,2671.37,1.372e-05
2024-08-15 15:53:00,2671.22,1.373e-05
2024-08-15 15:53:12,2671.22,1.373e-05
2024-08-15 15:53:24,2671.19,1.372e-05
2024-08-15 15:53:36,2672.6,1.373e-05
2024-08-15 15:53:48,2672.69,1.374e-05
2024-08-15 15:54:00,2671.41,1.372e-05
2024-08-15 15:54:12,2671.07,1.372e-05
2024-08-15 15:54:24,2671.49,1.372e-05
2024-08-15 15:54:36,2671.47,1.373e-05
2024-08-15 15:54:48,2671.48,1.373e-05
2024-08-15 15:55:00,2671.78,1.373e-05
2024-08-15 15:55:12,2671.78,1.374e-05
2024-08-15 15:55:24,2672.09,1.373e-05
2024-08-15 15:55:36,2672.5,1.373e-05
2024-08-15 15:55:48,2672.67,1.373e-05
2024-08-15 15:56:00,2672.67,1.373e-05
2024-08-15 15:56:12,2673.41,1.373e-05
2024-08-15 15:56:24,2674.38,1.374e-05
2024-08-15 15:56:36,2674.23,1.373e-05
2024-08-15 15:56:48,2674.21,1.374e-05
2024-08-15 15:57:00,2674.42,1.373e-05
2024-08-15 15:57:12,2675.16,1.374e-05
2024-08-15 15:57:24,2674.9,1.374e-05
2024-08-15 15:57:36,2674.71,1.374e-05
2024-08-15 15:57:48,2674.15,1.373e-05
2024-08-15 15:58:00,2672.2,1.372e-05
2024-08-15 15:58:12,2670.2,1.371e-05
2024-08-15 15:58:24,2670.75,1.371e-05
2024-08-15 15:58:36,2670.39,1.371e-05
2024-08-15 15:58:48,2670.58,1.372e-05
2024-08-15 15:59:00,2670.42,1.372e-05
2024-08-15 15:59:12,2670.59,1.372e-05
2024-08-15 15:59:24,2669.12,1.37e-05
2024-08-15 15:59:36,2668.42,1.37e-05
2024-08-15 15:59:48,2668.35,1.371e-05
2024-08-15 16:00:00,2668.4,1.371e-05
2024-08-15 16:00:12,2668.36,1.371e-05
2024-08-15 16:00:24,2669.69,1.371e-05
2024-08-15 16:00:36,2669.42,1.371e-05
2024-08-15 16:00:48,2669.69,1.371e-05
2024-08-15 16:01:00,2670.36,1.371e-05
2024-08-15 16:01:12,2670.99,1.371e-05
2024-08-15 16:01:24,2669.82,1.371e-05
2024-08-15 16:01:36,2670.79,1.372e-05
2024-08-15 16:01:48,2670.01,1.372e-05
2024-08-15 16:02:00,2670.7,1.372e-05
2024-08-15 16:02:12,2671.4,1.372e-05
2024-08-15 16:02:24,2671.98,1.373e-05
2024-08-15 16:02:36,2671.64,1.372e-05
2024-08-15 16:02:48,2672.28,1.372e-05
2024-08-15 16:03:00,2671.6,1.372e-05
2024-08-15 16:03:12,2670.4,1.372e-05
2024-08-15 16:03:24,2670.77,1.372e-05
2024-08-15 16:03:36,2671.48,1.372e-05
2024-08-15 16:03:48,2672.4,1.372e-05
2024-08-15 16:04:00,2673.16,1.373e-05
2024-08-15 16:04:12,2673.41,1.373e-05
2024-08-15 16:04:24,2673.74,1.372e-05
2024-08-15 16:04:36,2673.78,1.372e-05
2024-08-15 16:04:48,2673.44,1.372e-05
2024-08-15 16:05:00,2674.0,1.372e-05
2024-08-15 16:05:12,2674.58,1.373e-05
2024-08-15 16:05:24,2670.77,1.372e-05
2024-08-15 16:05:36,2670.22,1.371e-05
2024-08-15 16:05:48,2670.1,1.371e-05
2024-08-15 16:06:00,2668.95,1.371e-05
2024-08-15 16:06:12,2670.0,1.371e-05
2024-08-15 16:06:24,2669.6,1.371e-05
2024-08-15 16:06:36,2671.04,1.372e-05
2024-08-15 16:06:48,2671.2,1.371e-05
2024-08-15 16:07:00,2671.21,1.372e-05
2024-08-15 16:07:12,2671.26,1.372e-05
2024-08-15 16:07:24,2671.22,1.372e-05
2024-08-15 16:07:36,2669.29,1.371e-05
2024-08-15 16:07:48,2669.8,1.371e-05
2024-08-15 16:08:00,2669.9,1.371e-05
2024-08-15 16:08:12,2670.56,1.371e-05
2024-08-15 16:08:24,2670.43,1.372e-05
2024-08-15 16:08:36,2669.28,1.372e-05
2024-08-15 16:08:48,2669.12,1.372e-05
2024-08-15 16:09:00,2668.11,1.371e-05
2024-08-15 16:09:12,2666.88,1.37e-05
2024-08-15 16:09:24,2667.19,1.37e-05
2024-08-15 16:09:36,2667.23,1.37e-05
2024-08-15 16:09:48,2666.67,1.371e-05
2024-08-15 16:10:00,2666.66,1.37e-05
2024-08-15 16:10:12,2665.04,1.37e-05
2024-08-15 16:10:24,2664.53,1.37e-05
2024-08-15 16:10:36,2665.19,1.37e-05
2024-08-15 16:10:48,2664.86,1.371e-05
2024-08-15 16:11:00,2665.09,1.37e-05
2024-08-15 16:11:12,2664.8,1.37e-05
2024-08-15 16:11:24,2664.34,1.369e-05
2024-08-15 16:11:36,2663.71,1.369e-05
2024-08-15 16:11:48,2663.49,1.37e-05
2024-08-15 16:12:00,2663.38,1.37e-05
2024-08-15 16:12:12,2663.2,1.369e-05
2024-08-15 16:12:24,2662.9,1.369e-05
2024-08-15 16:12:36,2664.69,1.371e-05
2024-08-15 16:12:48,2663.24,1.369e-05
2024-08-15 16:13:00,2663.39,1.369e-05
2024-08-15 16:13:12,2664.37,1.369e-05
2024-08-15 16:13:24,2664.47,1.369e-05
2024-08-15 16:13:36,2663.94,1.369e-05
2024-08-15 16:13:48,2663.95,1.369e-05
2024-08-15 16:14:00,2664.4,1.369e-05
2024-08-15 16:14:12,2664.18,1.369e-05
2024-08-15 16:14:24,2664.93,1.369e-05
2024-08-15 16:14:36,2664.99,1.369e-05
2024-08-15 16:14:48,2664.02,1.368e-05
2024-08-15 16:15:00,2663.54,1.369e-05
2024-08-15 16:15:12,2664.09,1.368e-05
2024-08-15 16:15:24,2664.04,1.369e-05
2024-08-15 16:15:36,2664.17,1.369e-05
2024-08-15 16:15:48,2664.9,1.37e-05
2024-08-15 16:16:00,2666.0,1.369e-05
2024-08-15 16:16:12,2666.4,1.369e-05
2024-08-15 16:16:24,2665.71,1.369e-05
2024-08-15 16:16:36,2665.0,1.369e-05
2024-08-15 16:16:48,2667.0,1.371e-05
2024-08-15 16:17:00,2667.01,1.371e-05
2024-08-15 16:17:12,2667.55,1.371e-05
2024-08-15 16:17:24,2668.19,1.371e-05
2024-08-15 16:17:36,2669.1,1.371e-05
2024-08-15 16:17:48,2668.31,1.371e-05
2024-08-15 16:18:00,2669.19,1.371e-05
2024-08-15 16:18:12,2669.19,1.372e-05
2024-08-15 16:18:24,2669.12,1.371e-05
2024-08-15 16:18:36,2669.84,1.373e-05
2024-08-15 16:18:48,2670.69,1.373e-05
2024-08-15 16:19:00,2669.79,1.373e-05
2024-08-15 16:19:12,2670.39,1.373e-05
2024-08-15 16:19:24,2670.39,1.373e-05
2024-08-15 16:19:36,2670.04,1.372e-05
2024-08-15 16:19:48,2668.37,1.371e-05
2024-08-15 16:20:00,2668.41,1.371e-05
2024-08-15 16:20:12,2668.42,1.371e-05
2024-08-15 16:20:24,2669.5,1.372e-05
2024-08-15 16:20:36,2670.85,1.372e-05
2024-08-15 16:20:48,2670.99,1.373e-05
2024-08-15 16:21:00,2670.48,1.372e-05
2024-08-15 16:21:12,2671.31,1.373e-05
2024-08-15 16:21:24,2671.51,1.373e-05
2024-08-15 16:21:36,2672.1,1.373e-05
2024-08-15 16:21:48,2673.25,1.373e-05
2024-08-15 16:22:00,2672.74,1.373e-05
2024-08-15 16:22:12,2672.28,1.373e-05
2024-08-15 16:22:24,2673.0,1.372e-05
2024-08-15 16:22:36,2673.1,1.372e-05
2024-08-15 16:22:48,2670.58,1.371e-05
2024-08-15 16:23:00,2670.13,1.372e-05
2024-08-15 16:23:12,2670.35,1.371e-05
2024-08-15 16:23:24,2670.73,1.372e-05
2024-08-15 16:23:36,2670.71,1.372e-05
2024-08-15 16:23:48,2671.02,1.371e-05
2024-08-15 16:24:00,2670.4,1.371e-05
2024-08-15 16:24:12,2668.8,1.371e-05
2024-08-15 16:24:24,2669.02,1.371e-05
2024-08-15 16:24:36,2669.02,1.37e-05
2024-08-15 16:24:48,2669.53,1.37e-05
2024-08-15 16:25:00,2669.89,1.37e-05
2024-08-15 16:25:12,2669.61,1.37e-05
2024-08-15 16:25:24,2669.06,1.37e-05
2024-08-15 16:25:36,2669.81,1.371e-05
2024-08-15 16:25:48,2668.86,1.371e-05
2024-08-15 16:26:00,2669.01,1.37e-05
2024-08-15 16:26:12,2669.64,1.37e-05
2024-08-15 16:26:24,2669.8,1.37e-05
2024-08-15 16:26:36,2669.8,1.37e-05
2024-08-15 16:26:48,2670.86,1.37e-05
2024-08-15 16:27:00,2669.71,1.37e-05
2024-08-15 16:27:12,2669.71,1.37e-05
2024-08-15 16:27:24,2669.29,1.369e-05
2024-08-15 16:27:36,2669.29,1.369e-05
2024-08-15 16:27:48,2670.18,1.371e-05
2024-08-15 16:28:00,2670.32,1.371e-05
2024-08-15 16:28:12,2670.31,1.369e-05
2024-08-15 16:28:24,2670.59,1.37e-05
2024-08-15 16:28:36,2670.32,1.37e-05
2024-08-15 16:28:48,2670.32,1.369e-05
2024-08-15 16:29:00,2669.31,1.37e-05
2024-08-15 16:29:12,2670.31,1.369e-05
2024-08-15 16:29:24,2669.29,1.369e-05
2024-08-15 16:29:36,2669.38,1.369e-05
2024-08-15 16:29:48,2669.59,1.37e-05
2024-08-15 16:30:00,2669.6,1.37e-05
2024-08-15 16:30:12,2669.29,1.369e-05
2024-08-15 16:30:24,2667.48,1.37e-05
2024-08-15 16:30:36,2667.73,1.369e-05
2024-08-15 16:30:48,2665.79,1.369e-05
2024-08-15 16:31:00,2670.01,1.37e-05
2024-08-15 16:31:12,2668.91,1.37e-05
2024-08-15 16:31:24,2669.4,1.37e-05
2024-08-15 16:31:36,2668.0,1.369e-05
2024-08-15 16:31:48,2665.8,1.369e-05
2024-08-15 16:32:00,2667.18,1.369e-05
2024-08-15 16:32:12,2666.46,1.368e-05
2024-08-15 16:32:24,2667.33,1.368e-05
2024-08-15 16:32:36,2667.93,1.369e-05
2024-08-15 16:32:48,2667.7,1.37e-05
2024-08-15 16:33:00,2667.37,1.368e-05
2024-08-15 16:33:12,2666.31,1.368e-05
2024-08-15 16:33:24,2664.35,1.368e-05
2024-08-15 16:33:36,2664.13,1.367e-05
2024-08-15 16:33:48,2664.34,1.367e-05
2024-08-15 16:34:00,2665.22,1.368e-05
2024-08-15 16:34:12,2665.8,1.369e-05
2024-08-15 16:34:24,2665.35,1.368e-05
2024-08-15 16:34:36,2664.44,1.368e-05
2024-08-15 16:34:48,2662.6,1.368e-05
2024-08-15 16:35:00,2663.69,1.368e-05
2024-08-15 16:35:12,2663.95,1.367e-05
2024-08-15 16:35:24,2663.73,1.367e-05
2024-08-15 16:35:36,2662.96,1.367e-05
2024-08-15 16:35:48,2663.34,1.367e-05
2024-08-15 16:36:00,2663.5,1.368e-05
2024-08-15 16:36:12,2663.14,1.367e-05
2024-08-15 16:36:24,2663.39,1.367e-05
2024-08-15 16:36:36,2663.22,1.367e-05
2024-08-15 16:36:48,2663.53,1.367e-05
2024-08-15 16:37:00,2665.63,1.368e-05
2024-08-15 16:37:12,2666.91,1.368e-05
2024-08-15 16:37:24,2666.64,1.368e-05
2024-08-15 16:37:36,2666.11,1.367e-05
2024-08-15 16:37:48,2664.99,1.367e-05
2024-08-15 16:38:00,2664.91,1.368e-05
2024-08-15 16:38:12,2664.6,1.367e-05
2024-08-15 16:38:24,2664.27,1.367e-05
2024-08-15 16:38:36,2664.95,1.367e-05
2024-08-15 16:38:48,2664.96,1.367e-05
2024-08-15 16:39:00,2665.43,1.367e-05
2024-08-15 16:39:12,2665.52,1.367e-05
2024-08-15 16:39:24,2666.27,1.367e-05
2024-08-15 16:39:36,2665.69,1.367e-05
2024-08-15 16:39:48,2665.69,1.368e-05
2024-08-15 16:40:00,2664.63,1.367e-05
2024-08-15 16:40:12,2664.06,1.367e-05
2024-08-15 16:40:24,2662.5,1.367e-05
2024-08-15 16:40:36,2662.5,1.367e-05
2024-08-15 16:40:48,2660.6,1.367e-05
2024-08-15 16:41:00,2661.6,1.366e-05
2024-08-15 16:41:12,2660.63,1.366e-05
2024-08-15 16:41:24,2659.26,1.366e-05
2024-08-15 16:41:36,2658.45,1.366e-05
2024-08-15 16:41:48,2658.06,1.365e-05
2024-08-15 16:42:00,2657.7,1.365e-05
2024-08-15 16:42:12,2657.08,1.365e-05
2024-08-15 16:42:24,2655.8,1.365e-05
2024-08-15 16:42:36,2656.74,1.365e-05
2024-08-15 16:42:48,2655.41,1.364e-05
2024-08-15 16:43:00,2653.44,1.363e-05
2024-08-15 16:43:12,2654.39,1.362e-05
2024-08-15 16:43:24,2655.41,1.364e-05
2024-08-15 16:43:36,2655.44,1.364e-05
2024-08-15 16:43:48,2654.41,1.364e-05
2024-08-15 16:44:00,2655.51,1.364e-05
2024-08-15 16:44:12,2655.1,1.364e-05
2024-08-15 16:44:24,2655.2,1.364e-05
2024-08-15 16:44:36,2655.08,1.364e-05
2024-08-15 16:44:48,2655.25,1.363e-05
2024-08-15 16:45:00,2655.65,1.363e-05
2024-08-15 16:45:12,2653.81,1.363e-05
2024-08-15 16:45:24,2653.86,1.363e-05
2024-08-15 16:45:36,2653.46,1.363e-05
2024-08-15 16:45:48,2654.86,1.362e-05
2024-08-15 16:46:00,2654.86,1.362e-05
2024-08-15 16:46:12,2654.91,1.362e-05
2024-08-15 16:46:24,2654.8,1.363e-05
2024-08-15 16:46:36,2656.39,1.363e-05
2024-08-15 16:46:48,2657.34,1.363e-05
2024-08-15 16:47:00,2657.69,1.363e-05
2024-08-15 16:47:12,2656.21,1.364e-05
2024-08-15 16:47:24,2654.28,1.363e-05
2024-08-15 16:47:36,2653.56,1.362e-05
2024-08-15 16:47:48,2654.67,1.362e-05
2024-08-15 16:48:00,2654.28,1.361e-05
2024-08-15 16:48:12,2654.78,1.362e-05
2024-08-15 16:48:24,2655.22,1.362e-05
2024-08-15 16:48:36,2655.42,1.363e-05
2024-08-15 16:48:48,2655.96,1.362e-05
2024-08-15 16:49:00,2653.55,1.361e-05
2024-08-15 16:49:12,2654.1,1.361e-05
2024-08-15 16:49:24,2653.54,1.361e-05
2024-08-15 16:49:36,2654.24,1.362e-05
2024-08-15 16:49:48,2654.94,1.361e-05
2024-08-15 16:50:00,2655.11,1.362e-05
2024-08-15 16:50:12,2656.21,1.362e-05
2024-08-15 16:50:24,2656.81,1.362e-05
2024-08-15 16:50:36,2656.87,1.362e-05
2024-08-15 16:50:48,2656.53,1.362e-05
2024-08-15 16:51:00,2656.55,1.362e-05
2024-08-15 16:51:12,2658.33,1.362e-05
2024-08-15 16:51:24,2658.33,1.362e-05
2024-08-15 16:51:36,2658.22,1.362e-05
2024-08-15 16:51:48,2658.34,1.361e-05
2024-08-15 16:52:00,2658.86,1.361e-05
2024-08-15 16:52:12,2658.3,1.362e-05
2024-08-15 16:52:24,2658.3,1.361e-05
2024-08-15 16:52:36,2658.6,1.362e-05
2024-08-15 16:52:48,2657.62,1.361e-05
2024-08-15 16:53:00,2658.68,1.361e-05
2024-08-15 16:53:12,2659.19,1.362e-05
2024-08-15 16:53:24,2659.24,1.361e-05
2024-08-15 16:53:36,2659.12,1.362e-05
2024-08-15 16:53:48,2659.39,1.362e-05
2024-08-15 16:54:00,2659.12,1.362e-05
2024-08-15 16:54:12,2658.01,1.361e-05
2024-08-15 16:54:24,2658.67,1.363e-05
2024-08-15 16:54:36,2658.89,1.362e-05
2024-08-15 16:54:48,2659.05,1.363e-05
2024-08-15 16:55:00,2658.81,1.363e-05
2024-08-15 16:55:12,2659.38,1.362e-05
2024-08-15 16:55:24,2659.58,1.362e-05
2024-08-15 16:55:36,2658.58,1.363e-05
2024-08-15 16:55:48,2659.59,1.363e-05
2024-08-15 16:56:00,2659.42,1.362e-05
2024-08-15 16:56:12,2657.86,1.362e-05
2024-08-15 16:56:24,2658.59,1.362e-05
2024-08-15 16:56:36,2657.87,1.363e-05
2024-08-15 16:56:48,2658.27,1.363e-05
2024-08-15 16:57:00,2658.59,1.363e-05
2024-08-15 16:57:12,2659.66,1.364e-05
2024-08-15 16:57:24,2658.07,1.363e-05
2024-08-15 16:57:36,2657.92,1.363e-05
2024-08-15 16:57:48,2657.58,1.362e-05
2024-08-15 16:58:00,2658.07,1.363e-05
2024-08-15 16:58:12,2657.48,1.363e-05
2024-08-15 16:58:24,2658.07,1.364e-05
2024-08-15 16:58:36,2658.77,1.364e-05
2024-08-15 16:58:48,2658.61,1.363e-05
2024-08-15 16:59:00,2658.62,1.364e-05
2024-08-15 16:59:12,2659.53,1.363e-05
2024-08-15 16:59:24,2659.79,1.363e-05
2024-08-15 16:59:36,2658.68,1.363e-05
2024-08-15 16:59:48,2658.0,1.363e-05
2024-08-15 17:00:00,2658.01,1.364e-05
2024-08-15 17:00:12,2658.54,1.364e-05
2024-08-15 17:00:24,2658.4,1.363e-05
2024-08-15 17:00:36,2657.31,1.363e-05
2024-08-15 17:00:48,2656.51,1.362e-05
2024-08-15 17:01:00,2656.4,1.362e-05
2024-08-15 17:01:12,2655.56,1.362e-05
2024-08-15 17:01:24,2655.97,1.362e-05
2024-08-15 17:01:36,2656.67,1.362e-05
2024-08-15 17:01:48,2657.59,1.362e-05
2024-08-15 17:02:00,2658.18,1.362e-05
2024-08-15 17:02:12,2658.79,1.363e-05
2024-08-15 17:02:24,2660.23,1.363e-05
2024-08-15 17:02:36,2659.2,1.363e-05
2024-08-15 17:02:48,2657.26,1.363e-05
2024-08-15 17:03:00,2657.72,1.363e-05
2024-08-15 17:03:12,2657.25,1.362e-05
2024-08-15 17:03:24,2657.24,1.362e-05
2024-08-15 17:03:36,2656.94,1.362e-05
2024-08-15 17:03:48,2656.94,1.362e-05
2024-08-15 17:04:00,2656.17,1.363e-05
2024-08-15 17:04:12,2655.88,1.362e-05
2024-08-15 17:04:24,2653.63,1.361e-05
2024-08-15 17:04:36,2655.2,1.362e-05
2024-08-15 17:04:48,2655.64,1.361e-05
2024-08-15 17:05:00,2655.24,1.361e-05
2024-08-15 17:05:12,2655.25,1.361e-05
2024-08-15 17:05:24,2653.45,1.36e-05
2024-08-15 17:05:36,2652.8,1.36e-05
2024-08-15 17:05:48,2652.5,1.36e-05
2024-08-15 17:06:00,2652.87,1.359e-05
2024-08-15 17:06:12,2652.86,1.359e-05
2024-08-15 17:06:24,2652.85,1.359e-05
2024-08-15 17:06:36,2654.04,1.359e-05
2024-08-15 17:06:48,2653.72,1.36e-05
2024-08-15 17:07:00,2653.12,1.359e-05
2024-08-15 17:07:12,2653.62,1.359e-05
2024-08-15 17:07:24,2652.83,1.359e-05
2024-08-15 17:07:36,2652.46,1.359e-05
2024-08-15 17:07:48,2654.32,1.359e-05
2024-08-15 17:08:00,2653.87,1.36e-05
2024-08-15 17:08:12,2652.81,1.359e-05
2024-08-15 17:08:24,2652.48,1.359e-05
2024-08-15 17:08:36,2651.23,1.357e-05
2024-08-15 17:08:48,2652.35,1.358e-05
2024-08-15 17:09:00,2652.09,1.358e-05
2024-08-15 17:09:12,2651.58,1.358e-05
2024-08-15 17:09:24,2651.94,1.359e-05
2024-08-15 17:09:36,2652.44,1.36e-05
2024-08-15 17:09:48,2651.0,1.359e-05
2024-08-15 17:10:00,2648.94,1.358e-05
2024-08-15 17:10:12,2652.19,1.359e-05
2024-08-15 17:10:24,2651.88,1.358e-05
2024-08-15 17:10:36,2649.78,1.359e-05
2024-08-15 17:10:48,2650.6,1.358e-05
2024-08-15 17:11:00,2650.32,1.358e-05
2024-08-15 17:11:12,2651.11,1.358e-05
2024-08-15 17:11:24,2651.59,1.359e-05
2024-08-15 17:11:36,2651.24,1.359e-05
2024-08-15 17:11:48,2651.54,1.359e-05
2024-08-15 17:12:00,2651.8,1.359e-05
2024-08-15 17:12:12,2650.99,1.36e-05
2024-08-15 17:12:24,2651.17,1.359e-05
2024-08-15 17:12:36,2651.8,1.359e-05
2024-08-15 17:12:48,2651.61,1.358e-05
2024-08-15 17:13:00,2651.78,1.359e-05
2024-08-15 17:13:12,2650.63,1.357e-05
2024-08-15 17:13:24,2649.67,1.358e-05
2024-08-15 17:13:36,2649.41,1.357e-05
2024-08-15 17:13:48,2650.41,1.357e-05
2024-08-15 17:14:00,2650.2,1.358e-05
2024-08-15 17:14:12,2651.58,1.358e-05
2024-08-15 17:14:24,2651.41,1.359e-05
2024-08-15 17:14:36,2651.98,1.359e-05
2024-08-15 17:14:48,2651.98,1.359e-05
2024-08-15 17:15:00,2652.6,1.358e-05
2024-08-15 17:15:12,2651.9,1.358e-05
2024-08-15 17:15:24,2652.42,1.359e-05
2024-08-15 17:15:36,2650.79,1.359e-05
2024-08-15 17:15:48,2651.48,1.357e-05
2024-08-15 17:16:00,2650.93,1.357e-05
2024-08-15 17:16:12,2650.01,1.357e-05
2024-08-15 17:16:24,2651.33,1.357e-05
2024-08-15 17:16:36,2651.79,1.358e-05
2024-08-15 17:16:48,2651.78,1.358e-05
2024-08-15 17:17:00,2651.35,1.358e-05
2024-08-15 17:17:12,2649.69,1.358e-05
2024-08-15 17:17:24,2649.57,1.357e-05
2024-08-15 17:17:36,2649.98,1.357e-05
2024-08-15 17:17:48,2649.94,1.357e-05
2024-08-15 17:18:00,2649.8,1.357e-05
2024-08-15 17:18:12,2651.5,1.358e-05
2024-08-15 17:18:24,2651.32,1.358e-05
2024-08-15 17:18:36,2649.91,1.358e-05
2024-08-15 17:18:48,2648.95,1.357e-05
2024-08-15 17:19:00,2648.76,1.356e-05
2024-08-15 17:19:12,2649.4,1.357e-05
2024-08-15 17:19:24,2648.99,1.357e-05
2024-08-15 17:19:36,2648.32,1.357e-05
2024-08-15 17:19:48,2648.0,1.356e-05
2024-08-15 17:20:00,2645.54,1.355e-05
2024-08-15 17:20:12,2646.79,1.355e-05
2024-08-15 17:20:24,2648.2,1.355e-05
2024-08-15 17:20:36,2646.01,1.356e-05
2024-08-15 17:20:48,2646.67,1.356e-05
2024-08-15 17:21:00,2646.39,1.355e-05
2024-08-15 17:21:12,2646.86,1.356e-05
2024-08-15 17:21:24,2647.19,1.356e-05
2024-08-15 17:21:36,2647.53,1.356e-05
2024-08-15 17:21:48,2647.72,1.355e-05
2024-08-15 17:22:00,2648.58,1.355e-05
2024-08-15 17:22:12,2648.67,1.356e-05
2024-08-15 17:22:24,2649.44,1.356e-05
2024-08-15 17:22:36,2648.43,1.356e-05
2024-08-15 17:22:48,2648.21,1.356e-05
2024-08-15 17:23:00,2649.97,1.357e-05
2024-08-15 17:23:12,2649.2,1.357e-05
2024-08-15 17:23:24,2650.3,1.357e-05
2024-08-15 17:23:36,2650.82,1.357e-05
2024-08-15 17:23:48,2651.07,1.356e-05
2024-08-15 17:24:00,2652.79,1.357e-05
2024-08-15 17:24:12,2653.54,1.358e-05
2024-08-15 17:24:24,2652.96,1.359e-05
2024-08-15 17:24:36,2652.9,1.358e-05
2024-08-15 17:24:48,2652.6,1.357e-05
2024-08-15 17:25:00,2651.21,1.356e-05
2024-08-15 17:25:12,2651.74,1.357e-05
2024-08-15 17:25:24,2650.48,1.356e-05
2024-08-15 17:25:36,2650.66,1.356e-05
2024-08-15 17:25:48,2652.06,1.356e-05
2024-08-15 17:26:00,2651.81,1.357e-05
2024-08-15 17:26:12,2651.63,1.357e-05
2024-08-15 17:26:24,2651.5,1.357e-05
2024-08-15 17:26:36,2650.7,1.356e-05
2024-08-15 17:26:48,2651.79,1.356e-05
2024-08-15 17:27:00,2652.0,1.356e-05
2024-08-15 17:27:12,2652.9,1.356e-05
2024-08-15 17:27:24,2652.72,1.356e-05
2024-08-15 17:27:36,2652.72,1.357e-05
2024-08-15 17:27:48,2653.51,1.357e-05
2024-08-15 17:28:00,2652.41,1.357e-05
2024-08-15 17:28:12,2651.69,1.358e-05
2024-08-15 17:28:24,2652.39,1.358e-05
2024-08-15 17:28:36,2652.21,1.358e-05
2024-08-15 17:28:48,2652.9,1.357e-05
2024-08-15 17:29:00,2652.77,1.357e-05
2024-08-15 17:29:12,2652.78,1.357e-05
2024-08-15 17:29:24,2653.0,1.357e-05
2024-08-15 17:29:36,2651.42,1.357e-05
2024-08-15 17:29:48,2651.68,1.357e-05
2024-08-15 17:30:00,2651.29,1.357e-05
2024-08-15 17:30:12,2650.91,1.356e-05
2024-08-15 17:30:24,2648.22,1.355e-05
2024-08-15 17:30:36,2649.42,1.355e-05
2024-08-15 17:30:48,2650.42,1.355e-05
2024-08-15 17:31:00,2651.33,1.355e-05
2024-08-15 17:31:12,2650.61,1.355e-05
2024-08-15 17:31:24,2648.8,1.354e-05
2024-08-15 17:31:36,2647.25,1.353e-05
2024-08-15 17:31:48,2648.15,1.353e-05
2024-08-15 17:32:00,2648.73,1.354e-05
2024-08-15 17:32:12,2650.31,1.354e-05
2024-08-15 17:32:24,2649.01,1.354e-05
2024-08-15 17:32:36,2649.59,1.353e-05
2024-08-15 17:32:48,2650.36,1.354e-05
2024-08-15 17:33:00,2649.78,1.353e-05
2024-08-15 17:33:12,2651.15,1.353e-05
2024-08-15 17:33:24,2649.4,1.352e-05
2024-08-15 17:33:36,2649.88,1.353e-05
2024-08-15 17:33:48,2651.14,1.352e-05
2024-08-15 17:34:00,2651.93,1.353e-05
2024-08-15 17:34:12,2651.82,1.353e-05
2024-08-15 17:34:24,2652.19,1.354e-05
2024-08-15 17:34:36,2652.54,1.353e-05
2024-08-15 17:34:48,2651.14,1.353e-05
2024-08-15 17:35:00,2650.14,1.351e-05
2024-08-15 17:35:12,2648.76,1.351e-05
2024-08-15 17:35:24,2648.92,1.352e-05
2024-08-15 17:35:36,2649.1,1.351e-05
2024-08-15 17:35:48,2649.18,1.351e-05
2024-08-15 17:36:00,2649.86,1.352e-05
2024-08-15 17:36:12,2649.8,1.351e-05
2024-08-15 17:36:24,2650.12,1.352e-05
2024-08-15 17:36:36,2650.86,1.352e-05
2024-08-15 17:36:48,2650.23,1.352e-05
2024-08-15 17:37:00,2650.73,1.353e-05
2024-08-15 17:37:12,2650.92,1.352e-05
2024-08-15 17:37:24,2650.6,1.352e-05
2024-08-15 17:37:36,2650.9,1.352e-05
2024-08-15 17:37:48,2650.73,1.352e-05
2024-08-15 17:38:00,2650.92,1.352e-05
2024-08-15 17:38:12,2650.91,1.353e-05
2024-08-15 17:38:24,2650.91,1.352e-05
2024-08-15 17:38:36,2652.32,1.353e-05
2024-08-15 17:38:48,2652.73,1.352e-05
2024-08-15 17:39:00,2652.72,1.352e-05
2024-08-15 17:39:12,2653.92,1.353e-05
2024-08-15 17:39:24,2655.16,1.355e-05
2024-08-15 17:39:36,2654.85,1.355e-05
2024-08-15 17:39:48,2654.41,1.355e-05
2024-08-15 17:40:00,2654.4,1.355e-05
2024-08-15 17:40:12,2655.11,1.354e-05
2024-08-15 17:40:24,2654.41,1.354e-05
2024-08-15 17:40:36,2655.99,1.355e-05
2024-08-15 17:40:48,2655.04,1.353e-05
2024-08-15 17:41:00,2654.71,1.354e-05
2024-08-15 17:41:12,2655.36,1.354e-05
2024-08-15 17:41:24,2655.38,1.354e-05
2024-08-15 17:41:36,2654.6,1.354e-05
2024-08-15 17:41:48,2654.32,1.354e-05
2024-08-15 17:42:00,2653.88,1.353e-05
2024-08-15 17:42:12,2653.2,1.354e-05
2024-08-15 17:42:24,2654.11,1.354e-05
2024-08-15 17:42:36,2654.87,1.354e-05
2024-08-15 17:42:48,2654.46,1.354e-05
2024-08-15 17:43:00,2653.52,1.353e-05
2024-08-15 17:43:12,2653.85,1.354e-05
2024-08-15 17:43:24,2653.6,1.354e-05
2024-08-15 17:43:36,2653.37,1.353e-05
2024-08-15 17:43:48,2653.37,1.354e-05
2024-08-15 17:44:00,2652.83,1.353e-05
2024-08-15 17:44:12,2652.83,1.353e-05
2024-08-15 17:44:24,2650.17,1.351e-05
2024-08-15 17:44:36,2650.59,1.352e-05
2024-08-15 17:44:48,2649.8,1.352e-05
2024-08-15 17:45:00,2650.75,1.352e-05
2024-08-15 17:45:12,2650.41,1.352e-05
2024-08-15 17:45:24,2651.07,1.352e-05
2024-08-15 17:45:36,2651.61,1.351e-05
2024-08-15 17:45:48,2650.27,1.351e-05
2024-08-15 17:46:00,2648.9,1.351e-05
2024-08-15 17:46:12,2647.69,1.349e-05
2024-08-15 17:46:24,2645.5,1.349e-05
2024-08-15 17:46:36,2644.49,1.348e-05
2024-08-15 17:46:48,2646.6,1.349e-05
2024-08-15 17:47:00,2647.29,1.348e-05
2024-08-15 17:47:12,2648.2,1.349e-05
2024-08-15 17:47:24,2647.9,1.349e-05
2024-08-15 17:47:36,2647.5,1.349e-05
2024-08-15 17:47:48,2647.58,1.348e-05
2024-08-15 17:48:00,2648.6,1.349e-05
2024-08-15 17:48:12,2648.41,1.349e-05
2024-08-15 17:48:24,2648.03,1.35e-05
2024-08-15 17:48:36,2647.89,1.35e-05
2024-08-15 17:48:48,2647.52,1.35e-05
2024-08-15 17:49:00,2648.17,1.349e-05
2024-08-15 17:49:12,2648.4,1.351e-05
2024-08-15 17:49:24,2647.4,1.349e-05
2024-08-15 17:49:36,2646.7,1.35e-05
2024-08-15 17:49:48,2646.59,1.35e-05
2024-08-15 17:50:00,2646.9,1.349e-05
2024-08-15 17:50:12,2646.25,1.348e-05
2024-08-15 17:50:24,2642.89,1.348e-05
2024-08-15 17:50:36,2641.13,1.348e-05
2024-08-15 17:50:48,2642.19,1.348e-05
2024-08-15 17:51:00,2641.59,1.348e-05
2024-08-15 17:51:12,2638.05,1.347e-05
2024-08-15 17:51:24,2637.56,1.347e-05
2024-08-15 17:51:36,2637.95,1.347e-05
2024-08-15 17:51:48,2638.72,1.348e-05
2024-08-15 17:52:00,2635.89,1.347e-05
2024-08-15 17:52:12,2635.32,1.347e-05
2024-08-15 17:52:24,2636.77,1.347e-05
2024-08-15 17:52:36,2636.92,1.348e-05
2024-08-15 17:52:48,2637.21,1.347e-05
2024-08-15 17:53:00,2637.51,1.348e-05
2024-08-15 17:53:12,2638.19,1.348e-05
2024-08-15 17:53:24,2637.67,1.348e-05
2024-08-15 17:53:36,2637.26,1.347e-05
2024-08-15 17:53:48,2637.68,1.347e-05
2024-08-15 17:54:00,2637.67,1.347e-05
2024-08-15 17:54:12,2637.63,1.347e-05
2024-08-15 17:54:24,2637.23,1.346e-05
2024-08-15 17:54:36,2637.22,1.345e-05
2024-08-15 17:54:48,2637.99,1.346e-05
2024-08-15 17:55:00,2638.17,1.346e-05
2024-08-15 17:55:12,2639.52,1.346e-05
2024-08-15 17:55:24,2637.51,1.345e-05
2024-08-15 17:55:36,2638.19,1.346e-05
2024-08-15 17:55:48,2640.29,1.347e-05
2024-08-15 17:56:00,2640.6,1.347e-05
2024-08-15 17:56:12,2640.6,1.346e-05
2024-08-15 17:56:24,2640.55,1.346e-05
2024-08-15 17:56:36,2639.34,1.346e-05
2024-08-15 17:56:48,2638.29,1.345e-05
2024-08-15 17:57:00,2637.26,1.345e-05
2024-08-15 17:57:12,2635.47,1.345e-05
2024-08-15 17:57:24,2634.9,1.344e-05
2024-08-15 17:57:36,2631.61,1.344e-05
2024-08-15 17:57:48,2629.27,1.344e-05
2024-08-15 17:58:00,2632.28,1.345e-05
2024-08-15 17:58:12,2631.98,1.345e-05
2024-08-15 17:58:24,2631.39,1.344e-05
2024-08-15 17:58:36,2630.53,1.344e-05
2024-08-15 17:58:48,2623.0,1.343e-05
2024-08-15 17:59:00,2615.35,1.341e-05
2024-08-15 17:59:12,2611.0,1.338e-05
2024-08-15 17:59:24,2614.5,1.339e-05
2024-08-15 17:59:36,2614.41,1.339e-05
2024-08-15 17:59:48,2616.6,1.339e-05
2024-08-15 18:00:00,2614.0,1.339e-05
2024-08-15 18:00:12,2607.2,1.335e-05
2024-08-15 18:00:24,2600.93,1.332e-05
2024-08-15 18:00:36,2598.6,1.33e-05
2024-08-15 18:00:48,2596.04,1.328e-05
2024-08-15 18:01:00,2601.8,1.33e-05
2024-08-15 18:01:12,2598.97,1.326e-05
2024-08-15 18:01:24,2597.15,1.325e-05
2024-08-15 18:01:36,2597.66,1.325e-05
2024-08-15 18:01:48,2591.86,1.323e-05
2024-08-15 18:02:00,2590.89,1.322e-05
2024-08-15 18:02:12,2590.44,1.321e-05
2024-08-15 18:02:24,2577.28,1.318e-05
2024-08-15 18:02:36,2576.65,1.318e-05
2024-08-15 18:02:48,2574.2,1.317e-05
2024-08-15 18:03:00,2569.79,1.316e-05
2024-08-15 18:03:12,2568.73,1.316e-05
2024-08-15 18:03:24,2566.18,1.314e-05
2024-08-15 18:03:36,2558.01,1.312e-05
2024-08-15 18:03:48,2560.72,1.312e-05
2024-08-15 18:04:00,2569.68,1.316e-05
2024-08-15 18:04:12,2566.12,1.315e-05
2024-08-15 18:04:24,2569.01,1.317e-05
2024-08-15 18:04:36,2569.19,1.317e-05
2024-08-15 18:04:48,2571.73,1.318e-05
2024-08-15 18:05:00,2577.21,1.319e-05
2024-08-15 18:05:12,2574.4,1.318e-05
2024-08-15 18:05:24,2575.88,1.318e-05
2024-08-15 18:05:36,2575.69,1.318e-05
2024-08-15 18:05:48,2580.1,1.322e-05
2024-08-15 18:06:00,2579.06,1.321e-05
2024-08-15 18:06:12,2579.19,1.321e-05
2024-08-15 18:06:24,2578.39,1.32e-05
2024-08-15 18:06:36,2574.68,1.318e-05
2024-08-15 18:06:48,2571.6,1.319e-05
2024-08-15 18:07:00,2571.88,1.317e-05
2024-08-15 18:07:12,2571.26,1.317e-05
2024-08-15 18:07:24,2572.3,1.318e-05
2024-08-15 18:07:36,2572.95,1.318e-05
2024-08-15 18:07:48,2573.0,1.319e-05
2024-08-15 18:08:00,2569.4,1.318e-05
2024-08-15 18:08:12,2568.11,1.318e-05
2024-08-15 18:08:24,2565.81,1.317e-05
2024-08-15 18:08:36,2570.2,1.318e-05
2024-08-15 18:08:48,2574.4,1.32e-05
2024-08-15 18:09:00,2575.64,1.321e-05
2024-08-15 18:09:12,2572.0,1.321e-05
2024-08-15 18:09:24,2572.2,1.321e-05
2024-08-15 18:09:36,2572.01,1.321e-05
2024-08-15 18:09:48,2569.79,1.321e-05
2024-08-15 18:10:00,2568.99,1.321e-05
2024-08-15 18:10:12,2565.0,1.319e-05
2024-08-15 18:10:24,2566.14,1.321e-05
2024-08-15 18:10:36,2571.47,1.322e-05
2024-08-15 18:10:48,2572.95,1.322e-05
2024-08-15 18:11:00,2568.19,1.323e-05
2024-08-15 18:11:12,2565.19,1.321e-05
2024-08-15 18:11:24,2563.19,1.32e-05
2024-08-15 18:11:36,2561.39,1.32e-05
2024-08-15 18:11:48,2564.37,1.321e-05
2024-08-15 18:12:00,2562.11,1.322e-05
2024-08-15 18:12:12,2560.79,1.321e-05
2024-08-15 18:12:24,2557.0,1.32e-05
2024-08-15 18:12:36,2553.85,1.319e-05
2024-08-15 18:12:48,2553.82,1.318e-05
2024-08-15 18:13:00,2558.39,1.319e-05
2024-08-15 18:13:12,2562.14,1.321e-05
2024-08-15 18:13:24,2564.82,1.323e-05
2024-08-15 18:13:36,2565.96,1.323e-05
2024-08-15 18:13:48,2566.69,1.324e-05
2024-08-15 18:14:00,2563.29,1.323e-05
2024-08-15 18:14:12,2560.17,1.322e-05
2024-08-15 18:14:24,2561.3,1.321e-05
2024-08-15 18:14:36,2558.12,1.32e-05
2024-08-15 18:14:48,2561.8,1.321e-05
2024-08-15 18:15:00,2558.77,1.32e-05
2024-08-15 18:15:12,2563.87,1.321e-05
2024-08-15 18:15:24,2566.4,1.322e-05
2024-08-15 18:15:36,2562.83,1.322e-05
2024-08-15 18:15:48,2564.85,1.322e-05
2024-08-15 18:16:00,2564.98,1.322e-05
2024-08-15 18:16:12,2562.2,1.32e-05
2024-08-15 18:16:24,2558.68,1.318e-05
2024-08-15 18:16:36,2557.88,1.319e-05
2024-08-15 18:16:48,2557.44,1.317e-05
2024-08-15 18:17:00,2560.83,1.318e-05
2024-08-15 18:17:12,2557.4,1.316e-05
2024-08-15 18:17:24,2552.31,1.315e-05
2024-08-15 18:17:36,2552.68,1.315e-05
2024-08-15 18:17:48,2552.78,1.316e-05
2024-08-15 18:18:00,2555.94,1.317e-05
2024-08-15 18:18:12,2556.18,1.317e-05
2024-08-15 18:18:24,2554.98,1.317e-05
2024-08-15 18:18:36,2551.94,1.316e-05
2024-08-15 18:18:48,2545.81,1.315e-05
2024-08-15 18:19:00,2548.99,1.316e-05
2024-08-15 18:19:12,2551.92,1.316e-05
2024-08-15 18:19:24,2551.11,1.315e-05
2024-08-15 18:19:36,2551.41,1.316e-05
2024-08-15 18:19:48,2554.98,1.316e-05
2024-08-15 18:20:00,2552.83,1.317e-05
2024-08-15 18:20:12,2551.8,1.316e-05
2024-08-15 18:20:24,2556.92,1.317e-05
2024-08-15 18:20:36,2558.6,1.318e-05
2024-08-15 18:20:48,2557.94,1.318e-05
2024-08-15 18:21:00,2556.77,1.318e-05
2024-08-15 18:21:12,2561.29,1.321e-05
2024-08-15 18:21:24,2557.92,1.319e-05
2024-08-15 18:21:36,2559.03,1.32e-05
2024-08-15 18:21:48,2561.3,1.32e-05
2024-08-15 18:22:00,2559.98,1.32e-05
2024-08-15 18:22:12,2559.01,1.32e-05
2024-08-15 18:22:24,2556.11,1.318e-05
2024-08-15 18:22:36,2556.11,1.318e-05
2024-08-15 18:22:48,2554.11,1.317e-05
2024-08-15 18:23:00,2554.12,1.318e-05
2024-08-15 18:23:12,2555.88,1.318e-05
2024-08-15 18:23:24,2558.8,1.319e-05
2024-08-15 18:23:36,2557.27,1.318e-05
2024-08-15 18:23:48,2555.21,1.318e-05
2024-08-15 18:24:00,2561.09,1.321e-05
2024-08-15 18:24:12,2558.13,1.321e-05
2024-08-15 18:24:24,2557.57,1.322e-05
2024-08-15 18:24:36,2561.27,1.322e-05
2024-08-15 18:24:48,2560.83,1.322e-05
2024-08-15 18:25:00,2560.61,1.323e-05
2024-08-15 18:25:12,2561.63,1.323e-05
2024-08-15 18:25:24,2559.04,1.321e-05
2024-08-15 18:25:36,2560.32,1.321e-05
2024-08-15 18:25:48,2562.04,1.322e-05
2024-08-15 18:26:00,2562.13,1.323e-05
2024-08-15 18:26:12,2561.76,1.322e-05
2024-08-15 18:26:24,2564.41,1.323e-05
2024-08-15 18:26:36,2561.94,1.322e-05
2024-08-15 18:26:48,2562.51,1.323e-05
2024-08-15 18:27:00,2563.08,1.322e-05
2024-08-15 18:27:12,2562.71,1.322e-05
2024-08-15 18:27:24,2561.79,1.322e-05
2024-08-15 18:27:36,2560.99,1.322e-05
2024-08-15 18:27:48,2560.87,1.322e-05
2024-08-15 18:28:00,2560.18,1.322e-05
2024-08-15 18:28:12,2561.0,1.322e-05
2024-08-15 18:28:24,2558.6,1.322e-05
2024-08-15 18:28:36,2558.17,1.321e-05
2024-08-15 18:28:48,2557.11,1.321e-05
2024-08-15 18:29:00,2559.81,1.321e-05
2024-08-15 18:29:12,2558.99,1.321e-05
2024-08-15 18:29:24,2559.48,1.322e-05
2024-08-15 18:29:36,2557.51,1.321e-05
2024-08-15 18:29:48,2557.31,1.32e-05
2024-08-15 18:30:00,2557.11,1.321e-05
2024-08-15 18:30:12,2557.63,1.321e-05
2024-08-15 18:30:24,2559.28,1.321e-05
2024-08-15 18:30:36,2558.6,1.321e-05
2024-08-15 18:30:48,2557.24,1.319e-05
2024-08-15 18:31:00,2556.2,1.319e-05
2024-08-15 18:31:12,2555.01,1.318e-05
2024-08-15 18:31:24,2558.75,1.319e-05
2024-08-15 18:31:36,2560.97,1.321e-05
2024-08-15 18:31:48,2559.32,1.319e-05
2024-08-15 18:32:00,2557.78,1.319e-05
2024-08-15 18:32:12,2555.64,1.317e-05
2024-08-15 18:32:24,2553.59,1.316e-05
2024-08-15 18:32:36,2554.32,1.316e-05
2024-08-15 18:32:48,2552.99,1.314e-05
2024-08-15 18:33:00,2549.6,1.313e-05
2024-08-15 18:33:12,2554.39,1.315e-05
2024-08-15 18:33:24,2551.19,1.315e-05
2024-08-15 18:33:36,2553.69,1.315e-05
2024-08-15 18:33:48,2552.19,1.315e-05
2024-08-15 18:34:00,2551.21,1.316e-05
2024-08-15 18:34:12,2556.84,1.317e-05
2024-08-15 18:34:24,2555.92,1.315e-05
2024-08-15 18:34:36,2555.99,1.316e-05
2024-08-15 18:34:48,2553.4,1.314e-05
2024-08-15 18:35:00,2552.8,1.315e-05
2024-08-15 18:35:12,2554.6,1.316e-05
2024-08-15 18:35:24,2554.41,1.315e-05
2024-08-15 18:35:36,2554.61,1.318e-05
2024-08-15 18:35:48,2553.65,1.317e-05
2024-08-15 18:36:00,2552.63,1.318e-05
2024-08-15 18:36:12,2551.81,1.318e-05
2024-08-15 18:36:24,2551.79,1.318e-05
2024-08-15 18:36:36,2554.95,1.318e-05
2024-08-15 18:36:48,2555.8,1.318e-05
2024-08-15 18:37:00,2555.28,1.318e-05
2024-08-15 18:37:12,2554.95,1.317e-05
2024-08-15 18:37:24,2557.0,1.319e-05
2024-08-15 18:37:36,2559.27,1.319e-05
2024-08-15 18:37:48,2557.31,1.318e-05
2024-08-15 18:38:00,2556.4,1.319e-05
2024-08-15 18:38:12,2557.3,1.32e-05
2024-08-15 18:38:24,2558.26,1.319e-05
2024-08-15 18:38:36,2558.8,1.32e-05
2024-08-15 18:38:48,2560.9,1.321e-05
2024-08-15 18:39:00,2561.0,1.32e-05
2024-08-15 18:39:12,2557.02,1.319e-05
2024-08-15 18:39:24,2556.33,1.318e-05
2024-08-15 18:39:36,2556.43,1.318e-05
2024-08-15 18:39:48,2557.53,1.319e-05
2024-08-15 18:40:00,2557.61,1.319e-05
2024-08-15 18:40:12,2556.12,1.319e-05
2024-08-15 18:40:24,2554.41,1.319e-05
2024-08-15 18:40:36,2554.23,1.318e-05
2024-08-15 18:40:48,2553.56,1.319e-05
2024-08-15 18:41:00,2552.55,1.318e-05
2024-08-15 18:41:12,2553.4,1.319e-05
2024-08-15 18:41:24,2552.83,1.319e-05
2024-08-15 18:41:36,2550.85,1.317e-05
2024-08-15 18:41:48,2552.94,1.318e-05
2024-08-15 18:42:00,2551.01,1.317e-05
2024-08-15 18:42:12,2552.81,1.317e-05
2024-08-15 18:42:24,2550.9,1.317e-05
2024-08-15 18:42:36,2553.15,1.319e-05
2024-08-15 18:42:48,2552.6,1.319e-05
2024-08-15 18:43:00,2550.85,1.319e-05
2024-08-15 18:43:12,2555.25,1.321e-05
2024-08-15 18:43:24,2556.35,1.321e-05
2024-08-15 18:43:36,2558.25,1.323e-05
2024-08-15 18:43:48,2558.94,1.323e-05
2024-08-15 18:44:00,2559.44,1.322e-05
2024-08-15 18:44:12,2560.0,1.324e-05
2024-08-15 18:44:24,2559.6,1.323e-05
2024-08-15 18:44:36,2562.2,1.323e-05
2024-08-15 18:44:48,2561.91,1.323e-05
2024-08-15 18:45:00,2562.19,1.324e-05
2024-08-15 18:45:12,2560.01,1.323e-05
2024-08-15 18:45:24,2556.42,1.322e-05
2024-08-15 18:45:36,2555.2,1.321e-05
2024-08-15 18:45:48,2556.38,1.322e-05
2024-08-15 18:46:00,2553.58,1.322e-05
2024-08-15 18:46:12,2557.3,1.322e-05
2024-08-15 18:46:24,2554.95,1.32e-05
2024-08-15 18:46:36,2553.83,1.321e-05
2024-08-15 18:46:48,2553.4,1.32e-05
2024-08-15 18:47:00,2552.4,1.32e-05
2024-08-15 18:47:12,2552.6,1.321e-05
2024-08-15 18:47:24,2552.8,1.321e-05
2024-08-15 18:47:36,2552.94,1.321e-05
2024-08-15 18:47:48,2552.53,1.322e-05
2024-08-15 18:48:00,2552.41,1.322e-05
2024-08-15 18:48:12,2551.4,1.321e-05
2024-08-15 18:48:24,2552.21,1.321e-05
2024-08-15 18:48:36,2552.09,1.321e-05
2024-08-15 18:48:48,2552.8,1.322e-05
2024-08-15 18:49:00,2551.95,1.321e-05
2024-08-15 18:49:12,2552.34,1.322e-05
2024-08-15 18:49:24,2553.6,1.325e-05
2024-08-15 18:49:36,2552.41,1.325e-05
2024-08-15 18:49:48,2551.66,1.325e-05
2024-08-15 18:50:00,2552.5,1.325e-05
2024-08-15 18:50:12,2551.53,1.323e-05
2024-08-15 18:50:24,2547.85,1.322e-05
2024-08-15 18:50:36,2548.58,1.323e-05
2024-08-15 18:50:48,2547.9,1.323e-05
2024-08-15 18:51:00,2547.5,1.322e-05
2024-08-15 18:51:12,2544.31,1.32e-05
2024-08-15 18:51:24,2543.62,1.321e-05
2024-08-15 18:51:36,2542.9,1.32e-05
2024-08-15 18:51:48,2543.95,1.32e-05
2024-08-15 18:52:00,2544.3,1.321e-05
2024-08-15 18:52:12,2545.21,1.322e-05
2024-08-15 18:52:24,2545.6,1.322e-05
2024-08-15 18:52:36,2544.35,1.322e-05
2024-08-15 18:52:48,2545.99,1.322e-05
2024-08-15 18:53:00,2544.65,1.322e-05
2024-08-15 18:53:12,2545.8,1.322e-05
2024-08-15 18:53:24,2545.74,1.322e-05
2024-08-15 18:53:36,2545.19,1.322e-05
2024-08-15 18:53:48,2545.06,1.322e-05
2024-08-15 18:54:00,2543.47,1.322e-05
2024-08-15 18:54:12,2545.13,1.322e-05
2024-08-15 18:54:24,2546.54,1.323e-05
2024-08-15 18:54:36,2546.44,1.323e-05
2024-08-15 18:54:48,2548.57,1.324e-05
2024-08-15 18:55:00,2546.14,1.323e-05
2024-08-15 18:55:12,2546.82,1.323e-05
2024-08-15 18:55:24,2550.0,1.323e-05
2024-08-15 18:55:36,2549.38,1.323e-05
2024-08-15 18:55:48,2548.53,1.322e-05
2024-08-15 18:56:00,2548.13,1.322e-05
2024-08-15 18:56:12,2548.31,1.322e-05
2024-08-15 18:56:24,2549.18,1.322e-05
2024-08-15 18:56:36,2548.49,1.322e-05
2024-08-15 18:56:48,2549.8,1.323e-05
2024-08-15 18:57:00,2550.59,1.322e-05
2024-08-15 18:57:12,2551.3,1.323e-05
2024-08-15 18:57:24,2551.57,1.322e-05
2024-08-15 18:57:36,2552.31,1.322e-05
2024-08-15 18:57:48,2552.9,1.322e-05
2024-08-15 18:58:00,2553.08,1.322e-05
2024-08-15 18:58:12,2553.41,1.324e-05
2024-08-15 18:58:24,2554.59,1.323e-05
2024-08-15 18:58:36,2553.5,1.323e-05
2024-08-15 18:58:48,2554.78,1.323e-05
2024-08-15 18:59:00,2553.61,1.323e-05
2024-08-15 18:59:12,2553.19,1.322e-05
2024-08-15 18:59:24,2554.33,1.322e-05
2024-08-15 18:59:36,2554.21,1.323e-05
2024-08-15 18:59:48,2553.76,1.323e-05
2024-08-15 19:00:00,2554.31,1.323e-05
2024-08-15 19:00:12,2551.46,1.322e-05
2024-08-15 19:00:24,2550.47,1.322e-05
2024-08-15 19:00:36,2550.8,1.321e-05
2024-08-15 19:00:48,2547.41,1.32e-05
2024-08-15 19:01:00,2548.4,1.322e-05
2024-08-15 19:01:12,2549.0,1.32e-05
2024-08-15 19:01:24,2548.13,1.32e-05
2024-08-15 19:01:36,2549.8,1.32e-05
2024-08-15 19:01:48,2552.34,1.32e-05
2024-08-15 19:02:00,2553.04,1.321e-05
2024-08-15 19:02:12,2553.5,1.321e-05
2024-08-15 19:02:24,2551.0,1.321e-05
2024-08-15 19:02:36,2553.0,1.322e-05
2024-08-15 19:02:48,2552.16,1.321e-05
2024-08-15 19:03:00,2553.2,1.322e-05
2024-08-15 19:03:12,2553.02,1.321e-05
2024-08-15 19:03:24,2550.59,1.321e-05
2024-08-15 19:03:36,2547.13,1.32e-05
2024-08-15 19:03:48,2548.24,1.319e-05
2024-08-15 19:04:00,2547.98,1.318e-05
2024-08-15 19:04:12,2549.69,1.318e-05
2024-08-15 19:04:24,2549.35,1.318e-05
2024-08-15 19:04:36,2545.09,1.317e-05
2024-08-15 19:04:48,2546.37,1.318e-05
2024-08-15 19:05:00,2546.73,1.318e-05
2024-08-15 19:05:12,2547.68,1.319e-05
2024-08-15 19:05:24,2547.52,1.318e-05
2024-08-15 19:05:36,2548.61,1.318e-05
2024-08-15 19:05:48,2547.61,1.318e-05
2024-08-15 19:06:00,2547.59,1.318e-05
2024-08-15 19:06:12,2546.91,1.317e-05
2024-08-15 19:06:24,2545.53,1.318e-05
2024-08-15 19:06:36,2544.57,1.317e-05
2024-08-15 19:06:48,2544.53,1.318e-05
2024-08-15 19:07:00,2545.32,1.319e-05
2024-08-15 19:07:12,2543.31,1.317e-05
2024-08-15 19:07:24,2541.1,1.316e-05
2024-08-15 19:07:36,2546.98,1.319e-05
2024-08-15 19:07:48,2547.02,1.317e-05
2024-08-15 19:08:00,2548.4,1.319e-05
2024-08-15 19:08:12,2544.79,1.317e-05
2024-08-15 19:08:24,2547.38,1.318e-05
2024-08-15 19:08:36,2546.0,1.318e-05
2024-08-15 19:08:48,2547.2,1.317e-05
2024-08-15 19:09:00,2543.77,1.316e-05
2024-08-15 19:09:12,2536.38,1.314e-05
2024-08-15 19:09:24,2536.77,1.315e-05
2024-08-15 19:09:36,2538.84,1.317e-05
2024-08-15 19:09:48,2541.54,1.316e-05
2024-08-15 19:10:00,2544.0,1.317e-05
2024-08-15 19:10:12,2544.09,1.318e-05
2024-08-15 19:10:24,2538.4,1.317e-05
2024-08-15 19:10:36,2537.75,1.316e-05
2024-08-15 19:10:48,2534.4,1.317e-05
2024-08-15 19:11:00,2537.98,1.318e-05
2024-08-15 19:11:12,2534.34,1.315e-05
2024-08-15 19:11:24,2532.8,1.314e-05
2024-08-15 19:11:36,2535.08,1.315e-05
2024-08-15 19:11:48,2535.6,1.315e-05
2024-08-15 19:12:00,2532.79,1.315e-05
2024-08-15 19:12:12,2534.4,1.317e-05
2024-08-15 19:12:24,2536.8,1.317e-05
2024-08-15 19:12:36,2538.71,1.319e-05
2024-08-15 19:12:48,2536.89,1.318e-05
2024-08-15 19:13:00,2536.6,1.318e-05
2024-08-15 19:13:12,2538.12,1.318e-05
2024-08-15 19:13:24,2538.1,1.318e-05
2024-08-15 19:13:36,2538.25,1.318e-05
2024-08-15 19:13:48,2539.4,1.318e-05
2024-08-15 19:14:00,2538.69,1.318e-05
2024-08-15 19:14:12,2537.73,1.318e-05
2024-08-15 19:14:24,2539.81,1.318e-05
2024-08-15 19:14:36,2537.09,1.317e-05
2024-08-15 19:14:48,2536.29,1.318e-05
2024-08-15 19:15:00,2540.58,1.319e-05
2024-08-15 19:15:12,2540.92,1.319e-05
2024-08-15 19:15:24,2542.4,1.32e-05
2024-08-15 19:15:36,2543.32,1.32e-05
2024-08-15 19:15:48,2545.01,1.321e-05
2024-08-15 19:16:00,2545.57,1.321e-05
2024-08-15 19:16:12,2547.99,1.322e-05
2024-08-15 19:16:24,2547.4,1.322e-05
2024-08-15 19:16:36,2547.7,1.322e-05
2024-08-15 19:16:48,2548.11,1.322e-05
2024-08-15 19:17:00,2547.46,1.323e-05
2024-08-15 19:17:12,2545.8,1.322e-05
2024-08-15 19:17:24,2545.62,1.321e-05
2024-08-15 19:17:36,2544.08,1.32e-05
2024-08-15 19:17:48,2541.8,1.32e-05
2024-08-15 19:18:00,2541.11,1.319e-05
2024-08-15 19:18:12,2539.99,1.318e-05
2024-08-15 19:18:24,2539.5,1.318e-05
2024-08-15 19:18:36,2540.8,1.317e-05
2024-08-15 19:18:48,2540.5,1.318e-05
2024-08-15 19:19:00,2541.24,1.322e-05
2024-08-15 19:19:12,2542.82,1.323e-05
2024-08-15 19:19:24,2541.61,1.322e-05
2024-08-15 19:19:36,2541.92,1.325e-05
2024-08-15 19:19:48,2540.0,1.324e-05
2024-08-15 19:20:00,2538.12,1.323e-05
2024-08-15 19:20:12,2537.61,1.323e-05
2024-08-15 19:20:24,2535.35,1.322e-05
2024-08-15 19:20:36,2535.24,1.322e-05
2024-08-15 19:20:48,2535.74,1.322e-05
2024-08-15 19:21:00,2535.21,1.322e-05
2024-08-15 19:21:12,2540.26,1.323e-05
2024-08-15 19:21:24,2536.25,1.322e-05
2024-08-15 19:21:36,2539.3,1.321e-05
2024-08-15 19:21:48,2539.76,1.322e-05
2024-08-15 19:22:00,2539.21,1.321e-05
2024-08-15 19:22:12,2538.38,1.321e-05
2024-08-15 19:22:24,2537.59,1.322e-05
2024-08-15 19:22:36,2537.15,1.321e-05
2024-08-15 19:22:48,2538.6,1.321e-05
2024-08-15 19:23:00,2538.87,1.321e-05
2024-08-15 19:23:12,2539.7,1.322e-05
2024-08-15 19:23:24,2539.59,1.323e-05
2024-08-15 19:23:36,2539.6,1.322e-05
2024-08-15 19:23:48,2539.7,1.322e-05
2024-08-15 19:24:00,2540.37,1.323e-05
2024-08-15 19:24:12,2540.2,1.323e-05
2024-08-15 19:24:24,2538.61,1.322e-05
2024-08-15 19:24:36,2539.58,1.323e-05
2024-08-15 19:24:48,2539.4,1.321e-05
2024-08-15 19:25:00,2537.47,1.321e-05
2024-08-15 19:25:12,2538.6,1.321e-05
2024-08-15 19:25:24,2537.94,1.321e-05
2024-08-15 19:25:36,2541.21,1.322e-05
2024-08-15 19:25:48,2541.39,1.322e-05
2024-08-15 19:26:00,2540.25,1.322e-05
2024-08-15 19:26:12,2539.63,1.322e-05
2024-08-15 19:26:24,2540.45,1.322e-05
2024-08-15 19:26:36,2542.6,1.322e-05
2024-08-15 19:26:48,2542.41,1.322e-05
2024-08-15 19:27:00,2540.66,1.322e-05
2024-08-15 19:27:12,2540.21,1.321e-05
2024-08-15 19:27:24,2540.73,1.322e-05
2024-08-15 19:27:36,2539.41,1.321e-05
2024-08-15 19:27:48,2541.06,1.322e-05
2024-08-15 19:28:00,2541.2,1.322e-05
2024-08-15 19:28:12,2541.07,1.321e-05
2024-08-15 19:28:24,2540.66,1.321e-05
2024-08-15 19:28:36,2541.2,1.321e-05
2024-08-15 19:28:48,2538.57,1.32e-05
2024-08-15 19:29:00,2537.99,1.32e-05
2024-08-15 19:29:12,2536.35,1.32e-05
2024-08-15 19:29:24,2534.69,1.318e-05
2024-08-15 19:29:36,2532.98,1.319e-05
2024-08-15 19:29:48,2535.99,1.32e-05
2024-08-15 19:30:00,2537.79,1.32e-05
2024-08-15 19:30:12,2536.3,1.319e-05
2024-08-15 19:30:24,2533.5,1.318e-05
2024-08-15 19:30:36,2533.21,1.318e-05
2024-08-15 19:30:48,2537.49,1.319e-05
2024-08-15 19:31:00,2541.42,1.32e-05
2024-08-15 19:31:12,2545.74,1.322e-05
2024-08-15 19:31:24,2545.19,1.321e-05
2024-08-15 19:31:36,2545.78,1.321e-05
2024-08-15 19:31:48,2543.36,1.32e-05
2024-08-15 19:32:00,2543.11,1.32e-05
2024-08-15 19:32:12,2543.4,1.319e-05
2024-08-15 19:32:24,2543.62,1.32e-05
2024-08-15 19:32:36,2543.21,1.319e-05
2024-08-15 19:32:48,2544.48,1.32e-05
2024-08-15 19:33:00,2543.85,1.319e-05
2024-08-15 19:33:12,2544.0,1.319e-05
2024-08-15 19:33:24,2543.02,1.319e-05
2024-08-15 19:33:36,2542.02,1.316e-05
2024-08-15 19:33:48,2540.25,1.316e-05
2024-08-15 19:34:00,2539.2,1.316e-05
2024-08-15 19:34:12,2537.64,1.315e-05
2024-08-15 19:34:24,2540.0,1.316e-05
2024-08-15 19:34:36,2538.01,1.315e-05
2024-08-15 19:34:48,2536.83,1.314e-05
2024-08-15 19:35:00,2536.09,1.315e-05
2024-08-15 19:35:12,2532.94,1.313e-05
2024-08-15 19:35:24,2535.0,1.314e-05
2024-08-15 19:35:36,2532.19,1.314e-05
2024-08-15 19:35:48,2532.4,1.313e-05
2024-08-15 19:36:00,2532.68,1.315e-05
2024-08-15 19:36:12,2523.0,1.313e-05
2024-08-15 19:36:24,2525.6,1.314e-05
2024-08-15 19:36:36,2526.72,1.315e-05
2024-08-15 19:36:48,2530.41,1.317e-05
2024-08-15 19:37:00,2530.19,1.316e-05
2024-08-15 19:37:12,2526.3,1.315e-05
2024-08-15 19:37:24,2530.07,1.317e-05
2024-08-15 19:37:36,2529.33,1.315e-05
2024-08-15 19:37:48,2530.6,1.317e-05
2024-08-15 19:38:00,2532.2,1.317e-05
2024-08-15 19:38:12,2532.6,1.318e-05
2024-08-15 19:38:24,2532.7,1.318e-05
2024-08-15 19:38:36,2531.18,1.318e-05
2024-08-15 19:38:48,2531.62,1.317e-05
2024-08-15 19:39:00,2532.64,1.317e-05
2024-08-15 19:39:12,2530.68,1.317e-05
2024-08-15 19:39:24,2531.54,1.317e-05
2024-08-15 19:39:36,2531.72,1.317e-05
2024-08-15 19:39:48,2536.8,1.319e-05
2024-08-15 19:40:00,2539.12,1.32e-05
2024-08-15 19:40:12,2540.91,1.321e-05
2024-08-15 19:40:24,2541.88,1.321e-05
2024-08-15 19:40:36,2540.41,1.321e-05
2024-08-15 19:40:48,2540.91,1.322e-05
2024-08-15 19:41:00,2537.68,1.32e-05
2024-08-15 19:41:12,2535.0,1.319e-05
2024-08-15 19:41:24,2534.33,1.319e-05
2024-08-15 19:41:36,2533.68,1.318e-05
2024-08-15 19:41:48,2532.4,1.317e-05
2024-08-15 19:42:00,2531.21,1.317e-05
2024-08-15 19:42:12,2531.36,1.317e-05
2024-08-15 19:42:24,2530.87,1.317e-05
2024-08-15 19:42:36,2536.23,1.318e-05
2024-08-15 19:42:48,2533.97,1.318e-05
2024-08-15 19:43:00,2533.05,1.318e-05
2024-08-15 19:43:12,2535.4,1.319e-05
2024-08-15 19:43:24,2534.4,1.318e-05
2024-08-15 19:43:36,2532.41,1.319e-05
2024-08-15 19:43:48,2533.53,1.319e-05
2024-08-15 19:44:00,2535.43,1.319e-05
2024-08-15 19:44:12,2535.2,1.319e-05
2024-08-15 19:44:24,2536.33,1.318e-05
2024-08-15 19:44:36,2536.4,1.319e-05
2024-08-15 19:44:48,2535.8,1.319e-05
2024-08-15 19:45:00,2537.01,1.319e-05
2024-08-15 19:45:12,2539.21,1.319e-05
2024-08-15 19:45:24,2537.91,1.319e-05
2024-08-15 19:45:36,2537.25,1.32e-05
2024-08-15 19:45:48,2535.79,1.319e-05
2024-08-15 19:46:00,2536.39,1.32e-05
2024-08-15 19:46:12,2537.27,1.32e-05
2024-08-15 19:46:24,2538.65,1.32e-05
2024-08-15 19:46:36,2537.75,1.321e-05
2024-08-15 19:46:48,2540.63,1.322e-05
2024-08-15 19:47:00,2541.3,1.321e-05
2024-08-15 19:47:12,2550.0,1.324e-05
2024-08-15 19:47:24,2552.0,1.326e-05
2024-08-15 19:47:36,2552.69,1.325e-05
2024-08-15 19:47:48,2549.2,1.324e-05
2024-08-15 19:48:00,2548.61,1.324e-05
2024-08-15 19:48:12,2546.19,1.322e-05
2024-08-15 19:48:24,2548.31,1.323e-05
2024-08-15 19:48:36,2549.0,1.323e-05
2024-08-15 19:48:48,2550.2,1.323e-05
2024-08-15 19:49:00,2550.99,1.324e-05
2024-08-15 19:49:12,2550.46,1.324e-05
2024-08-15 19:49:24,2551.79,1.323e-05
2024-08-15 19:49:36,2551.3,1.324e-05
2024-08-15 19:49:48,2550.11,1.324e-05
2024-08-15 19:50:00,2550.7,1.323e-05
2024-08-15 19:50:12,2551.21,1.323e-05
2024-08-15 19:50:24,2550.66,1.323e-05
2024-08-15 19:50:36,2553.08,1.324e-05
2024-08-15 19:50:48,2552.6,1.322e-05
2024-08-15 19:51:00,2553.34,1.324e-05
2024-08-15 19:51:12,2552.47,1.323e-05
2024-08-15 19:51:24,2550.2,1.323e-05
2024-08-15 19:51:36,2548.94,1.321e-05
2024-08-15 19:51:48,2544.0,1.32e-05
2024-08-15 19:52:00,2542.07,1.321e-05
2024-08-15 19:52:12,2543.4,1.321e-05
2024-08-15 19:52:24,2544.05,1.322e-05
2024-08-15 19:52:36,2544.23,1.321e-05
2024-08-15 19:52:48,2551.19,1.324e-05
2024-08-15 19:53:00,2553.22,1.323e-05
2024-08-15 19:53:12,2553.2,1.323e-05
2024-08-15 19:53:24,2553.06,1.322e-05
2024-08-15 19:53:36,2555.01,1.323e-05
2024-08-15 19:53:48,2554.47,1.322e-05
2024-08-15 19:54:00,2552.4,1.322e-05
2024-08-15 19:54:12,2553.4,1.323e-05
2024-08-15 19:54:24,2552.12,1.321e-05
2024-08-15 19:54:36,2554.11,1.322e-05
2024-08-15 19:54:48,2553.72,1.322e-05
2024-08-15 19:55:00,2552.61,1.322e-05
2024-08-15 19:55:12,2554.21,1.322e-05
2024-08-15 19:55:24,2554.91,1.322e-05
2024-08-15 19:55:36,2556.09,1.322e-05
2024-08-15 19:55:48,2555.36,1.322e-05
2024-08-15 19:56:00,2556.41,1.322e-05
2024-08-15 19:56:12,2553.0,1.322e-05
2024-08-15 19:56:24,2551.96,1.32e-05
2024-08-15 19:56:36,2552.21,1.321e-05
2024-08-15 19:56:48,2551.75,1.321e-05
2024-08-15 19:57:00,2551.21,1.32e-05
2024-08-15 19:57:12,2551.2,1.321e-05
2024-08-15 19:57:24,2551.04,1.322e-05
2024-08-15 19:57:36,2551.72,1.322e-05
2024-08-15 19:57:48,2550.73,1.322e-05
2024-08-15 19:58:00,2550.99,1.322e-05
2024-08-15 19:58:12,2550.18,1.322e-05
2024-08-15 19:58:24,2549.84,1.321e-05
2024-08-15 19:58:36,2550.7,1.321e-05
2024-08-15 19:58:48,2551.06,1.322e-05
2024-08-15 19:59:00,2552.0,1.322e-05
2024-08-15 19:59:12,2552.21,1.322e-05
2024-08-15 19:59:24,2550.8,1.321e-05
2024-08-15 19:59:36,2550.71,1.32e-05
2024-08-15 19:59:48,2548.61,1.321e-05
2024-08-15 20:00:00,2549.59,1.32e-05
2024-08-15 20:00:12,2550.41,1.32e-05
2024-08-15 20:00:24,2548.94,1.32e-05
2024-08-15 20:00:36,2549.3,1.319e-05
2024-08-15 20:00:48,2549.2,1.319e-05
2024-08-15 20:01:00,2550.31,1.32e-05
2024-08-15 20:01:12,2549.37,1.319e-05
2024-08-15 20:01:24,2548.8,1.319e-05
2024-08-15 20:01:36,2548.46,1.319e-05
2024-08-15 20:01:48,2548.89,1.319e-05
2024-08-15 20:02:00,2548.64,1.318e-05
2024-08-15 20:02:12,2547.41,1.319e-05
2024-08-15 20:02:24,2548.28,1.319e-05
2024-08-15 20:02:36,2545.75,1.319e-05
2024-08-15 20:02:48,2548.35,1.32e-05
2024-08-15 20:03:00,2548.59,1.319e-05
2024-08-15 20:03:12,2547.48,1.321e-05
2024-08-15 20:03:24,2546.42,1.32e-05
2024-08-15 20:03:36,2546.3,1.32e-05
2024-08-15 20:03:48,2545.1,1.32e-05
2024-08-15 20:04:00,2544.09,1.319e-05
2024-08-15 20:04:12,2544.38,1.32e-05
2024-08-15 20:04:24,2544.8,1.32e-05
2024-08-15 20:04:36,2543.01,1.319e-05
2024-08-15 20:04:48,2543.96,1.32e-05
2024-08-15 20:05:00,2544.4,1.32e-05
2024-08-15 20:05:12,2543.3,1.319e-05
2024-08-15 20:05:24,2545.51,1.32e-05
2024-08-15 20:05:36,2544.11,1.32e-05
2024-08-15 20:05:48,2544.63,1.32e-05
2024-08-15 20:06:00,2545.19,1.32e-05
2024-08-15 20:06:12,2544.0,1.319e-05
2024-08-15 20:06:24,2544.35,1.319e-05
2024-08-15 20:06:36,2546.6,1.319e-05
2024-08-15 20:06:48,2545.71,1.32e-05
2024-08-15 20:07:00,2543.1,1.319e-05
2024-08-15 20:07:12,2541.63,1.318e-05
2024-08-15 20:07:24,2540.33,1.317e-05
2024-08-15 20:07:36,2540.2,1.318e-05
2024-08-15 20:07:48,2539.99,1.317e-05
2024-08-15 20:08:00,2541.79,1.319e-05
2024-08-15 20:08:12,2541.32,1.317e-05
2024-08-15 20:08:24,2532.8,1.315e-05
2024-08-15 20:08:36,2533.02,1.317e-05
2024-08-15 20:08:48,2533.8,1.316e-05
2024-08-15 20:09:00,2534.99,1.317e-05
2024-08-15 20:09:12,2535.09,1.318e-05
2024-08-15 20:09:24,2535.76,1.318e-05
2024-08-15 20:09:36,2536.24,1.318e-05
2024-08-15 20:09:48,2536.74,1.318e-05
2024-08-15 20:10:00,2537.7,1.319e-05
2024-08-15 20:10:12,2542.94,1.319e-05
2024-08-15 20:10:24,2538.58,1.318e-05
2024-08-15 20:10:36,2537.48,1.318e-05
2024-08-15 20:10:48,2536.76,1.318e-05
2024-08-15 20:11:00,2536.76,1.317e-05
2024-08-15 20:11:12,2535.39,1.316e-05
2024-08-15 20:11:24,2536.81,1.318e-05
2024-08-15 20:11:36,2535.61,1.317e-05
2024-08-15 20:11:48,2534.48,1.317e-05
2024-08-15 20:12:00,2535.7,1.317e-05
2024-08-15 20:12:12,2534.79,1.317e-05
2024-08-15 20:12:24,2534.28,1.316e-05
2024-08-15 20:12:36,2534.12,1.317e-05
2024-08-15 20:12:48,2534.6,1.316e-05
2024-08-15 20:13:00,2534.46,1.316e-05
2024-08-15 20:13:12,2538.76,1.319e-05
2024-08-15 20:13:24,2537.23,1.318e-05
2024-08-15 20:13:36,2538.3,1.318e-05
2024-08-15 20:13:48,2536.51,1.318e-05
2024-08-15 20:14:00,2537.46,1.317e-05
2024-08-15 20:14:12,2539.07,1.319e-05
2024-08-15 20:14:24,2540.19,1.318e-05
2024-08-15 20:14:36,2540.54,1.318e-05
2024-08-15 20:14:48,2540.11,1.318e-05
2024-08-15 20:15:00,2540.47,1.319e-05
2024-08-15 20:15:12,2539.27,1.317e-05
2024-08-15 20:15:24,2539.26,1.317e-05
2024-08-15 20:15:36,2539.5,1.318e-05
2024-08-15 20:15:48,2538.7,1.317e-05
2024-08-15 20:16:00,2538.08,1.318e-05
2024-08-15 20:16:12,2534.13,1.318e-05
2024-08-15 20:16:24,2534.57,1.316e-05
2024-08-15 20:16:36,2537.41,1.316e-05
2024-08-15 20:16:48,2538.5,1.317e-05
2024-08-15 20:17:00,2536.71,1.316e-05
2024-08-15 20:17:12,2537.5,1.317e-05
2024-08-15 20:17:24,2536.4,1.316e-05
2024-08-15 20:17:36,2536.56,1.317e-05
2024-08-15 20:17:48,2536.68,1.317e-05
2024-08-15 20:18:00,2537.62,1.316e-05
2024-08-15 20:18:12,2536.69,1.317e-05
2024-08-15 20:18:24,2537.58,1.318e-05
2024-08-15 20:18:36,2538.81,1.318e-05
2024-08-15 20:18:48,2537.22,1.317e-05
2024-08-15 20:19:00,2536.01,1.316e-05
2024-08-15 20:19:12,2539.2,1.315e-05
2024-08-15 20:19:24,2538.9,1.317e-05
2024-08-15 20:19:36,2538.0,1.316e-05
2024-08-15 20:19:48,2537.31,1.316e-05
2024-08-15 20:20:00,2538.49,1.316e-05
2024-08-15 20:20:12,2538.5,1.317e-05
2024-08-15 20:20:24,2538.1,1.317e-05
2024-08-15 20:20:36,2539.37,1.316e-05
2024-08-15 20:20:48,2539.03,1.317e-05
2024-08-15 20:21:00,2539.19,1.318e-05
2024-08-15 20:21:12,2541.39,1.318e-05
2024-08-15 20:21:24,2539.75,1.317e-05
2024-08-15 20:21:36,2541.03,1.317e-05
2024-08-15 20:21:48,2541.13,1.318e-05
2024-08-15 20:22:00,2540.48,1.318e-05
2024-08-15 20:22:12,2540.9,1.318e-05
2024-08-15 20:22:24,2539.81,1.319e-05
2024-08-15 20:22:36,2539.12,1.318e-05
2024-08-15 20:22:48,2538.81,1.318e-05
2024-08-15 20:23:00,2539.31,1.318e-05
2024-08-15 20:23:12,2539.41,1.318e-05
2024-08-15 20:23:24,2540.0,1.319e-05
2024-08-15 20:23:36,2541.12,1.32e-05
2024-08-15 20:23:48,2541.51,1.319e-05
2024-08-15 20:24:00,2541.53,1.32e-05
2024-08-15 20:24:12,2543.12,1.319e-05
2024-08-15 20:24:24,2543.31,1.319e-05
2024-08-15 20:24:36,2542.42,1.319e-05
2024-08-15 20:24:48,2542.07,1.319e-05
2024-08-15 20:25:00,2542.07,1.318e-05
2024-08-15 20:25:12,2542.86,1.318e-05
2024-08-15 20:25:24,2543.75,1.319e-05
2024-08-15 20:25:36,2542.79,1.319e-05
2024-08-15 20:25:48,2542.59,1.318e-05
2024-08-15 20:26:00,2542.1,1.319e-05
2024-08-15 20:26:12,2544.76,1.32e-05
2024-08-15 20:26:24,2544.89,1.32e-05
2024-08-15 20:26:36,2544.88,1.319e-05
2024-08-15 20:26:48,2545.98,1.32e-05
2024-08-15 20:27:00,2546.32,1.319e-05
2024-08-15 20:27:12,2546.45,1.32e-05
2024-08-15 20:27:24,2546.22,1.319e-05
2024-08-15 20:27:36,2546.62,1.32e-05
2024-08-15 20:27:48,2546.56,1.319e-05
2024-08-15 20:28:00,2546.57,1.32e-05
2024-08-15 20:28:12,2546.57,1.32e-05
2024-08-15 20:28:24,2546.57,1.32e-05
2024-08-15 20:28:36,2547.79,1.32e-05
2024-08-15 20:28:48,2547.93,1.32e-05
2024-08-15 20:29:00,2546.52,1.32e-05
2024-08-15 20:29:12,2546.95,1.32e-05
2024-08-15 20:29:24,2546.28,1.32e-05
2024-08-15 20:29:36,2545.78,1.319e-05
2024-08-15 20:29:48,2545.43,1.319e-05
2024-08-15 20:30:00,2544.1,1.319e-05
2024-08-15 20:30:12,2544.72,1.318e-05
2024-08-15 20:30:24,2543.27,1.318e-05
2024-08-15 20:30:36,2542.31,1.319e-05
2024-08-15 20:30:48,2542.22,1.318e-05
2024-08-15 20:31:00,2542.22,1.318e-05
2024-08-15 20:31:12,2541.74,1.318e-05
2024-08-15 20:31:24,2543.99,1.319e-05
2024-08-15 20:31:36,2545.66,1.32e-05
2024-08-15 20:31:48,2543.68,1.32e-05
2024-08-15 20:32:00,2543.07,1.32e-05
2024-08-15 20:32:12,2543.1,1.319e-05
2024-08-15 20:32:24,2543.55,1.32e-05
2024-08-15 20:32:36,2544.83,1.319e-05
2024-08-15 20:32:48,2543.81,1.319e-05
2024-08-15 20:33:00,2543.6,1.32e-05
2024-08-15 20:33:12,2544.5,1.32e-05
2024-08-15 20:33:24,2544.96,1.319e-05
2024-08-15 20:33:36,2545.42,1.32e-05
2024-08-15 20:33:48,2545.43,1.319e-05
2024-08-15 20:34:00,2544.97,1.32e-05
2024-08-15 20:34:12,2543.7,1.319e-05
2024-08-15 20:34:24,2544.39,1.319e-05
2024-08-15 20:34:36,2544.1,1.319e-05
2024-08-15 20:34:48,2545.15,1.319e-05
2024-08-15 20:35:00,2544.89,1.319e-05
2024-08-15 20:35:12,2544.88,1.319e-05
2024-08-15 20:35:24,2544.7,1.319e-05
2024-08-15 20:35:36,2546.2,1.319e-05
2024-08-15 20:35:48,2545.69,1.319e-05
2024-08-15 20:36:00,2544.03,1.319e-05
2024-08-15 20:36:12,2543.55,1.318e-05
2024-08-15 20:36:24,2542.2,1.318e-05
2024-08-15 20:36:36,2541.9,1.317e-05
2024-08-15 20:36:48,2542.01,1.318e-05
2024-08-15 20:37:00,2542.51,1.319e-05
2024-08-15 20:37:12,2543.5,1.318e-05
2024-08-15 20:37:24,2544.4,1.319e-05
2024-08-15 20:37:36,2543.1,1.318e-05
2024-08-15 20:37:48,2543.09,1.319e-05
2024-08-15 20:38:00,2543.1,1.318e-05
2024-08-15 20:38:12,2543.11,1.318e-05
2024-08-15 20:38:24,2543.19,1.32e-05
2024-08-15 20:38:36,2543.39,1.319e-05
2024-08-15 20:38:48,2543.39,1.319e-05
2024-08-15 20:39:00,2543.72,1.319e-05
2024-08-15 20:39:12,2543.1,1.32e-05
2024-08-15 20:39:24,2543.58,1.319e-05
2024-08-15 20:39:36,2543.6,1.319e-05
2024-08-15 20:39:48,2543.26,1.32e-05
2024-08-15 20:40:00,2544.19,1.32e-05
2024-08-15 20:40:12,2542.82,1.32e-05
2024-08-15 20:40:24,2543.02,1.32e-05
2024-08-15 20:40:36,2543.07,1.32e-05
2024-08-15 20:40:48,2542.62,1.32e-05
2024-08-15 20:41:00,2542.52,1.32e-05
2024-08-15 20:41:12,2542.61,1.321e-05
2024-08-15 20:41:24,2541.93,1.321e-05
2024-08-15 20:41:36,2542.05,1.32e-05
2024-08-15 20:41:48,2543.03,1.322e-05
2024-08-15 20:42:00,2543.71,1.322e-05
2024-08-15 20:42:12,2542.72,1.322e-05
2024-08-15 20:42:24,2542.52,1.321e-05
2024-08-15 20:42:36,2542.99,1.321e-05
2024-08-15 20:42:48,2542.4,1.321e-05
2024-08-15 20:43:00,2542.7,1.321e-05
2024-08-15 20:43:12,2542.7,1.322e-05
2024-08-15 20:43:24,2542.53,1.321e-05
2024-08-15 20:43:36,2541.86,1.322e-05
2024-08-15 20:43:48,2541.62,1.321e-05
2024-08-15 20:44:00,2541.62,1.322e-05
2024-08-15 20:44:12,2543.17,1.322e-05
2024-08-15 20:44:24,2542.62,1.321e-05
2024-08-15 20:44:36,2543.0,1.321e-05
2024-08-15 20:44:48,2542.63,1.321e-05
2024-08-15 20:45:00,2543.0,1.321e-05
2024-08-15 20:45:12,2541.0,1.321e-05
2024-08-15 20:45:24,2540.6,1.321e-05
2024-08-15 20:45:36,2541.6,1.321e-05
2024-08-15 20:45:48,2542.95,1.321e-05
2024-08-15 20:46:00,2542.57,1.321e-05
2024-08-15 20:46:12,2542.86,1.321e-05
2024-08-15 20:46:24,2543.04,1.321e-05
2024-08-15 20:46:36,2543.32,1.321e-05
2024-08-15 20:46:48,2544.7,1.321e-05
2024-08-15 20:47:00,2543.61,1.321e-05
2024-08-15 20:47:12,2544.42,1.321e-05
2024-08-15 20:47:24,2543.76,1.321e-05
2024-08-15 20:47:36,2544.2,1.322e-05
2024-08-15 20:47:48,2542.21,1.32e-05
2024-08-15 20:48:00,2541.83,1.321e-05
2024-08-15 20:48:12,2539.3,1.319e-05
2024-08-15 20:48:24,2540.01,1.319e-05
2024-08-15 20:48:36,2540.4,1.319e-05
2024-08-15 20:48:48,2540.48,1.32e-05
2024-08-15 20:49:00,2538.96,1.319e-05
2024-08-15 20:49:12,2538.34,1.32e-05
2024-08-15 20:49:24,2538.73,1.319e-05
2024-08-15 20:49:36,2538.8,1.32e-05
2024-08-15 20:49:48,2538.95,1.319e-05
2024-08-15 20:50:00,2539.55,1.319e-05
2024-08-15 20:50:12,2538.96,1.32e-05
2024-08-15 20:50:24,2538.19,1.32e-05
2024-08-15 20:50:36,2536.94,1.32e-05
2024-08-15 20:50:48,2535.95,1.319e-05
2024-08-15 20:51:00,2536.99,1.319e-05
2024-08-15 20:51:12,2535.62,1.32e-05
2024-08-15 20:51:24,2534.8,1.319e-05
2024-08-15 20:51:36,2536.48,1.318e-05
2024-08-15 20:51:48,2535.35,1.319e-05
2024-08-15 20:52:00,2535.58,1.319e-05
2024-08-15 20:52:12,2535.81,1.319e-05
2024-08-15 20:52:24,2535.44,1.319e-05
2024-08-15 20:52:36,2534.57,1.319e-05
2024-08-15 20:52:48,2534.14,1.318e-05
2024-08-15 20:53:00,2533.89,1.317e-05
2024-08-15 20:53:12,2533.89,1.318e-05
2024-08-15 20:53:24,2534.96,1.317e-05
2024-08-15 20:53:36,2534.23,1.318e-05
2024-08-15 20:53:48,2534.22,1.317e-05
2024-08-15 20:54:00,2534.12,1.318e-05
2024-08-15 20:54:12,2534.23,1.317e-05
2024-08-15 20:54:24,2534.81,1.317e-05
2024-08-15 20:54:36,2533.73,1.317e-05
2024-08-15 20:54:48,2532.07,1.316e-05
2024-08-15 20:55:00,2532.2,1.316e-05
2024-08-15 20:55:12,2530.37,1.316e-05
2024-08-15 20:55:24,2529.03,1.315e-05
2024-08-15 20:55:36,2528.76,1.315e-05
2024-08-15 20:55:48,2527.89,1.315e-05
2024-08-15 20:56:00,2518.07,1.313e-05
2024-08-15 20:56:12,2522.42,1.314e-05
2024-08-15 20:56:24,2527.89,1.316e-05
2024-08-15 20:56:36,2527.88,1.316e-05
2024-08-15 20:56:48,2526.7,1.317e-05
2024-08-15 20:57:00,2528.74,1.315e-05
2024-08-15 20:57:12,2530.42,1.317e-05
2024-08-15 20:57:24,2530.89,1.315e-05
2024-08-15 20:57:36,2529.79,1.315e-05
2024-08-15 20:57:48,2529.0,1.315e-05
2024-08-15 20:58:00,2528.7,1.315e-05
2024-08-15 20:58:12,2527.0,1.314e-05
2024-08-15 20:58:24,2524.21,1.313e-05
2024-08-15 20:58:36,2525.21,1.314e-05
2024-08-15 20:58:48,2529.85,1.316e-05
2024-08-15 20:59:00,2529.0,1.314e-05
2024-08-15 20:59:12,2530.59,1.315e-05
2024-08-15 20:59:24,2530.81,1.314e-05
2024-08-15 20:59:36,2538.64,1.318e-05
2024-08-15 20:59:48,2544.61,1.321e-05
2024-08-15 21:00:00,2549.45,1.321e-05
2024-08-15 21:00:12,2545.58,1.321e-05
2024-08-15 21:00:24,2545.29,1.32e-05
2024-08-15 21:00:36,2545.52,1.32e-05
2024-08-15 21:00:48,2546.04,1.32e-05
2024-08-15 21:01:00,2546.68,1.32e-05
2024-08-15 21:01:12,2546.89,1.32e-05
2024-08-15 21:01:24,2549.1,1.32e-05
2024-08-15 21:01:36,2549.47,1.321e-05
2024-08-15 21:01:48,2550.6,1.321e-05
2024-08-15 21:02:00,2551.0,1.322e-05
2024-08-15 21:02:12,2552.51,1.322e-05
2024-08-15 21:02:24,2552.98,1.322e-05
2024-08-15 21:02:36,2553.71,1.322e-05
2024-08-15 21:02:48,2554.88,1.323e-05
2024-08-15 21:03:00,2544.69,1.321e-05
2024-08-15 21:03:12,2544.33,1.32e-05
2024-08-15 21:03:24,2543.79,1.32e-05
2024-08-15 21:03:36,2542.39,1.32e-05
2024-08-15 21:03:48,2542.66,1.32e-05
2024-08-15 21:04:00,2541.93,1.319e-05
2024-08-15 21:04:12,2542.56,1.319e-05
2024-08-15 21:04:24,2541.8,1.32e-05
2024-08-15 21:04:36,2542.52,1.32e-05
2024-08-15 21:04:48,2544.49,1.32e-05
2024-08-15 21:05:00,2544.98,1.321e-05
2024-08-15 21:05:12,2544.99,1.321e-05
2024-08-15 21:05:24,2544.19,1.322e-05
2024-08-15 21:05:36,2543.61,1.321e-05
2024-08-15 21:05:48,2542.8,1.321e-05
2024-08-15 21:06:00,2543.19,1.32e-05
2024-08-15 21:06:12,2544.2,1.321e-05
2024-08-15 21:06:24,2545.0,1.321e-05
2024-08-15 21:06:36,2544.5,1.322e-05
2024-08-15 21:06:48,2542.71,1.322e-05
2024-08-15 21:07:00,2544.99,1.323e-05
2024-08-15 21:07:12,2545.6,1.323e-05
2024-08-15 21:07:24,2543.38,1.323e-05
2024-08-15 21:07:36,2544.73,1.323e-05
2024-08-15 21:07:48,2544.5,1.323e-05
2024-08-15 21:08:00,2544.48,1.323e-05
2024-08-15 21:08:12,2544.82,1.323e-05
2024-08-15 21:08:24,2542.33,1.322e-05
2024-08-15 21:08:36,2541.72,1.322e-05
2024-08-15 21:08:48,2541.94,1.321e-05
2024-08-15 21:09:00,2542.62,1.321e-05
2024-08-15 21:09:12,2542.78,1.322e-05
2024-08-15 21:09:24,2542.01,1.322e-05
2024-08-15 21:09:36,2540.89,1.322e-05
2024-08-15 21:09:48,2540.99,1.321e-05
2024-08-15 21:10:00,2541.19,1.322e-05
2024-08-15 21:10:12,2540.8,1.322e-05
2024-08-15 21:10:24,2538.49,1.32e-05
2024-08-15 21:10:36,2538.36,1.321e-05
2024-08-15 21:10:48,2539.74,1.321e-05
2024-08-15 21:11:00,2539.6,1.322e-05
2024-08-15 21:11:12,2540.61,1.321e-05
2024-08-15 21:11:24,2540.63,1.322e-05
2024-08-15 21:11:36,2540.89,1.322e-05
2024-08-15 21:11:48,2541.86,1.322e-05
2024-08-15 21:12:00,2541.36,1.322e-05
2024-08-15 21:12:12,2540.4,1.32e-05
2024-08-15 21:12:24,2540.59,1.321e-05
2024-08-15 21:12:36,2540.59,1.321e-05
2024-08-15 21:12:48,2541.42,1.321e-05
2024-08-15 21:13:00,2541.78,1.321e-05
2024-08-15 21:13:12,2541.84,1.322e-05
2024-08-15 21:13:24,2541.2,1.321e-05
2024-08-15 21:13:36,2540.92,1.321e-05
2024-08-15 21:13:48,2541.85,1.321e-05
2024-08-15 21:14:00,2540.79,1.321e-05
2024-08-15 21:14:12,2542.09,1.321e-05
2024-08-15 21:14:24,2542.52,1.32e-05
2024-08-15 21:14:36,2543.11,1.321e-05
2024-08-15 21:14:48,2543.03,1.32e-05
2024-08-15 21:15:00,2543.13,1.319e-05
2024-08-15 21:15:12,2543.67,1.319e-05
2024-08-15 21:15:24,2542.34,1.319e-05
2024-08-15 21:15:36,2543.4,1.319e-05
2024-08-15 21:15:48,2541.24,1.32e-05
2024-08-15 21:16:00,2539.5,1.319e-05
2024-08-15 21:16:12,2538.89,1.318e-05
2024-08-15 21:16:24,2539.99,1.319e-05
2024-08-15 21:16:36,2539.33,1.319e-05
2024-08-15 21:16:48,2539.9,1.319e-05
2024-08-15 21:17:00,2539.34,1.318e-05
2024-08-15 21:17:12,2537.78,1.318e-05
2024-08-15 21:17:24,2536.55,1.318e-05
2024-08-15 21:17:36,2535.13,1.318e-05
2024-08-15 21:17:48,2534.29,1.318e-05
2024-08-15 21:18:00,2535.22,1.318e-05
2024-08-15 21:18:12,2537.4,1.318e-05
2024-08-15 21:18:24,2535.79,1.318e-05
2024-08-15 21:18:36,2535.92,1.318e-05
2024-08-15 21:18:48,2536.19,1.318e-05
2024-08-15 21:19:00,2536.69,1.318e-05
2024-08-15 21:19:12,2538.59,1.318e-05
2024-08-15 21:19:24,2538.9,1.318e-05
2024-08-15 21:19:36,2538.4,1.317e-05
2024-08-15 21:19:48,2537.6,1.317e-05
2024-08-15 21:20:00,2536.0,1.316e-05
2024-08-15 21:20:12,2535.2,1.316e-05
2024-08-15 21:20:24,2534.22,1.317e-05
2024-08-15 21:20:36,2533.81,1.316e-05
2024-08-15 21:20:48,2535.13,1.317e-05
2024-08-15 21:21:00,2535.58,1.317e-05
2024-08-15 21:21:12,2536.41,1.317e-05
2024-08-15 21:21:24,2536.41,1.317e-05
2024-08-15 21:21:36,2536.25,1.317e-05
2024-08-15 21:21:48,2536.61,1.317e-05
2024-08-15 21:22:00,2537.08,1.316e-05
2024-08-15 21:22:12,2536.61,1.317e-05
2024-08-15 21:22:24,2536.41,1.317e-05
2024-08-15 21:22:36,2534.21,1.317e-05
2024-08-15 21:22:48,2533.56,1.315e-05
2024-08-15 21:23:00,2533.57,1.315e-05
2024-08-15 21:23:12,2534.78,1.316e-05
2024-08-15 21:23:24,2535.51,1.316e-05
2024-08-15 21:23:36,2536.15,1.315e-05
2024-08-15 21:23:48,2536.52,1.315e-05
2024-08-15 21:24:00,2535.5,1.315e-05
2024-08-15 21:24:12,2535.55,1.315e-05
2024-08-15 21:24:24,2537.0,1.315e-05
2024-08-15 21:24:36,2537.08,1.315e-05
2024-08-15 21:24:48,2537.07,1.315e-05
2024-08-15 21:25:00,2537.08,1.316e-05
2024-08-15 21:25:12,2537.27,1.315e-05
2024-08-15 21:25:24,2537.89,1.316e-05
2024-08-15 21:25:36,2538.09,1.316e-05
2024-08-15 21:25:48,2537.92,1.316e-05
2024-08-15 21:26:00,2538.4,1.316e-05
2024-08-15 21:26:12,2538.6,1.316e-05
2024-08-15 21:26:24,2538.73,1.316e-05
2024-08-15 21:26:36,2539.91,1.316e-05
2024-08-15 21:26:48,2540.57,1.317e-05
2024-08-15 21:27:00,2543.59,1.317e-05
2024-08-15 21:27:12,2542.4,1.318e-05
2024-08-15 21:27:24,2543.32,1.317e-05
2024-08-15 21:27:36,2545.59,1.319e-05
2024-08-15 21:27:48,2545.91,1.318e-05
2024-08-15 21:28:00,2545.01,1.318e-05
2024-08-15 21:28:12,2547.27,1.318e-05
2024-08-15 21:28:24,2548.69,1.318e-05
2024-08-15 21:28:36,2548.61,1.318e-05
2024-08-15 21:28:48,2549.21,1.319e-05
2024-08-15 21:29:00,2547.6,1.318e-05
2024-08-15 21:29:12,2549.91,1.318e-05
2024-08-15 21:29:24,2547.61,1.319e-05
2024-08-15 21:29:36,2548.98,1.319e-05
2024-08-15 21:29:48,2548.85,1.319e-05
2024-08-15 21:30:00,2549.0,1.318e-05
2024-08-15 21:30:12,2546.29,1.318e-05
2024-08-15 21:30:24,2545.58,1.317e-05
2024-08-15 21:30:36,2545.01,1.317e-05
2024-08-15 21:30:48,2545.2,1.317e-05
2024-08-15 21:31:00,2545.06,1.316e-05
2024-08-15 21:31:12,2545.06,1.315e-05
2024-08-15 21:31:24,2542.82,1.315e-05
2024-08-15 21:31:36,2543.2,1.315e-05
2024-08-15 21:31:48,2544.81,1.315e-05
2024-08-15 21:32:00,2544.4,1.315e-05
2024-08-15 21:32:12,2544.41,1.315e-05
2024-08-15 21:32:24,2548.01,1.316e-05
2024-08-15 21:32:36,2545.61,1.315e-05
2024-08-15 21:32:48,2545.79,1.315e-05
2024-08-15 21:33:00,2547.22,1.315e-05
2024-08-15 21:33:12,2547.01,1.315e-05
2024-08-15 21:33:24,2546.68,1.316e-05
2024-08-15 21:33:36,2547.99,1.315e-05
2024-08-15 21:33:48,2547.99,1.316e-05
2024-08-15 21:34:00,2547.9,1.315e-05
2024-08-15 21:34:12,2547.74,1.316e-05
2024-08-15 21:34:24,2547.47,1.315e-05
2024-08-15 21:34:36,2547.35,1.315e-05
2024-08-15 21:34:48,2547.48,1.315e-05
2024-08-15 21:35:00,2547.99,1.315e-05
2024-08-15 21:35:12,2549.5,1.314e-05
2024-08-15 21:35:24,2551.35,1.316e-05
2024-08-15 21:35:36,2550.3,1.316e-05
2024-08-15 21:35:48,2550.79,1.316e-05
2024-08-15 21:36:00,2550.51,1.315e-05
2024-08-15 21:36:12,2548.26,1.315e-05
2024-08-15 21:36:24,2547.99,1.315e-05
2024-08-15 21:36:36,2550.13,1.315e-05
2024-08-15 21:36:48,2550.39,1.316e-05
2024-08-15 21:37:00,2550.32,1.316e-05
2024-08-15 21:37:12,2549.48,1.315e-05
2024-08-15 21:37:24,2550.57,1.315e-05
2024-08-15 21:37:36,2551.0,1.316e-05
2024-08-15 21:37:48,2554.43,1.316e-05
2024-08-15 21:38:00,2554.33,1.317e-05
2024-08-15 21:38:12,2551.77,1.316e-05
2024-08-15 21:38:24,2555.0,1.317e-05
2024-08-15 21:38:36,2555.9,1.318e-05
2024-08-15 21:38:48,2564.93,1.32e-05
2024-08-15 21:39:00,2570.23,1.321e-05
2024-08-15 21:39:12,2563.8,1.32e-05
2024-08-15 21:39:24,2561.74,1.319e-05
2024-08-15 21:39:36,2563.2,1.319e-05
2024-08-15 21:39:48,2564.02,1.319e-05
2024-08-15 21:40:00,2564.25,1.319e-05
2024-08-15 21:40:12,2564.97,1.319e-05
2024-08-15 21:40:24,2565.85,1.319e-05
2024-08-15 21:40:36,2563.51,1.319e-05
2024-08-15 21:40:48,2561.74,1.32e-05
2024-08-15 21:41:00,2561.0,1.319e-05
2024-08-15 21:41:12,2555.73,1.318e-05
2024-08-15 21:41:24,2555.11,1.318e-05
2024-08-15 21:41:36,2554.41,1.318e-05
2024-08-15 21:41:48,2553.67,1.318e-05
2024-08-15 21:42:00,2553.68,1.317e-05
2024-08-15 21:42:12,2554.96,1.318e-05
2024-08-15 21:42:24,2555.74,1.318e-05
2024-08-15 21:42:36,2555.74,1.318e-05
2024-08-15 21:42:48,2555.74,1.317e-05
2024-08-15 21:43:00,2555.5,1.317e-05
2024-08-15 21:43:12,2555.58,1.317e-05
2024-08-15 21:43:24,2555.88,1.318e-05
2024-08-15 21:43:36,2555.96,1.318e-05
2024-08-15 21:43:48,2556.03,1.318e-05
2024-08-15 21:44:00,2556.23,1.318e-05
2024-08-15 21:44:12,2556.23,1.318e-05
2024-08-15 21:44:24,2557.37,1.318e-05
2024-08-15 21:44:36,2559.96,1.319e-05
2024-08-15 21:44:48,2560.18,1.319e-05
2024-08-15 21:45:00,2560.2,1.318e-05
2024-08-15 21:45:12,2560.21,1.319e-05
2024-08-15 21:45:24,2560.45,1.318e-05
2024-08-15 21:45:36,2561.24,1.318e-05
2024-08-15 21:45:48,2561.33,1.318e-05
2024-08-15 21:46:00,2561.33,1.318e-05
2024-08-15 21:46:12,2560.53,1.318e-05
2024-08-15 21:46:24,2557.83,1.319e-05
2024-08-15 21:46:36,2556.92,1.318e-05
2024-08-15 21:46:48,2558.06,1.318e-05
2024-08-15 21:47:00,2558.56,1.318e-05
2024-08-15 21:47:12,2558.72,1.319e-05
2024-08-15 21:47:24,2560.8,1.319e-05
2024-08-15 21:47:36,2561.77,1.319e-05
2024-08-15 21:47:48,2561.3,1.318e-05
2024-08-15 21:48:00,2561.6,1.319e-05
2024-08-15 21:48:12,2562.13,1.319e-05
2024-08-15 21:48:24,2563.23,1.318e-05
2024-08-15 21:48:36,2563.23,1.318e-05
2024-08-15 21:48:48,2562.81,1.319e-05
2024-08-15 21:49:00,2557.8,1.318e-05
2024-08-15 21:49:12,2557.38,1.319e-05
2024-08-15 21:49:24,2556.99,1.319e-05
2024-08-15 21:49:36,2556.5,1.319e-05
2024-08-15 21:49:48,2556.9,1.319e-05
2024-08-15 21:50:00,2557.8,1.318e-05
2024-08-15 21:50:12,2559.55,1.319e-05
2024-08-15 21:50:24,2560.53,1.318e-05
2024-08-15 21:50:36,2561.15,1.319e-05
2024-08-15 21:50:48,2562.27,1.319e-05
2024-08-15 21:51:00,2562.26,1.319e-05
2024-08-15 21:51:12,2562.2,1.318e-05
2024-08-15 21:51:24,2561.53,1.318e-05
2024-08-15 21:51:36,2561.52,1.318e-05
2024-08-15 21:51:48,2562.86,1.319e-05
2024-08-15 21:52:00,2562.27,1.319e-05
2024-08-15 21:52:12,2563.2,1.319e-05
2024-08-15 21:52:24,2563.87,1.319e-05
2024-08-15 21:52:36,2562.88,1.318e-05
2024-08-15 21:52:48,2562.88,1.318e-05
2024-08-15 21:53:00,2563.0,1.318e-05
2024-08-15 21:53:12,2563.21,1.319e-05
2024-08-15 21:53:24,2563.24,1.318e-05
2024-08-15 21:53:36,2563.38,1.318e-05
2024-08-15 21:53:48,2562.89,1.318e-05
2024-08-15 21:54:00,2561.82,1.319e-05
2024-08-15 21:54:12,2561.6,1.319e-05
2024-08-15 21:54:24,2562.45,1.319e-05
2024-08-15 21:54:36,2563.79,1.319e-05
2024-08-15 21:54:48,2562.88,1.319e-05
2024-08-15 21:55:00,2563.73,1.319e-05
2024-08-15 21:55:12,2564.1,1.319e-05
2024-08-15 21:55:24,2564.8,1.318e-05
2024-08-15 21:55:36,2566.9,1.319e-05
2024-08-15 21:55:48,2568.23,1.32e-05
2024-08-15 21:56:00,2567.0,1.319e-05
2024-08-15 21:56:12,2567.01,1.319e-05
2024-08-15 21:56:24,2567.38,1.319e-05
2024-08-15 21:56:36,2567.6,1.319e-05
2024-08-15 21:56:48,2568.07,1.319e-05
2024-08-15 21:57:00,2568.43,1.32e-05
2024-08-15 21:57:12,2568.4,1.32e-05
2024-08-15 21:57:24,2568.0,1.32e-05
2024-08-15 21:57:36,2566.89,1.32e-05
2024-08-15 21:57:48,2566.6,1.319e-05
2024-08-15 21:58:00,2567.49,1.32e-05
2024-08-15 21:58:12,2569.69,1.319e-05
2024-08-15 21:58:24,2570.63,1.32e-05
2024-08-15 21:58:36,2571.09,1.319e-05
2024-08-15 21:58:48,2570.51,1.32e-05
2024-08-15 21:59:00,2569.48,1.319e-05
2024-08-15 21:59:12,2570.86,1.32e-05
2024-08-15 21:59:24,2570.55,1.32e-05
2024-08-15 21:59:36,2570.79,1.32e-05
2024-08-15 21:59:48,2572.17,1.32e-05
2024-08-15 22:00:00,2572.08,1.321e-05
2024-08-15 22:00:12,2568.62,1.321e-05
2024-08-15 22:00:24,2568.13,1.321e-05
2024-08-15 22:00:36,2568.98,1.32e-05
2024-08-15 22:00:48,2567.29,1.319e-05
2024-08-15 22:01:00,2567.28,1.319e-05
2024-08-15 22:01:12,2565.8,1.319e-05
2024-08-15 22:01:24,2567.77,1.319e-05
2024-08-15 22:01:36,2565.96,1.319e-05
2024-08-15 22:01:48,2568.14,1.32e-05
2024-08-15 22:02:00,2566.2,1.319e-05
2024-08-15 22:02:12,2565.51,1.319e-05
2024-08-15 22:02:24,2565.41,1.318e-05
2024-08-15 22:02:36,2565.1,1.319e-05
2024-08-15 22:02:48,2565.01,1.319e-05
2024-08-15 22:03:00,2566.89,1.32e-05
2024-08-15 22:03:12,2567.49,1.32e-05
2024-08-15 22:03:24,2567.29,1.319e-05
2024-08-15 22:03:36,2567.34,1.319e-05
2024-08-15 22:03:48,2566.0,1.318e-05
2024-08-15 22:04:00,2565.42,1.318e-05
2024-08-15 22:04:12,2565.85,1.319e-05
2024-08-15 22:04:24,2565.05,1.317e-05
2024-08-15 22:04:36,2563.67,1.317e-05
2024-08-15 22:04:48,2564.52,1.318e-05
2024-08-15 22:05:00,2565.34,1.319e-05
2024-08-15 22:05:12,2565.05,1.318e-05
2024-08-15 22:05:24,2564.88,1.318e-05
2024-08-15 22:05:36,2564.51,1.318e-05
2024-08-15 22:05:48,2562.75,1.317e-05
2024-08-15 22:06:00,2562.6,1.317e-05
2024-08-15 22:06:12,2560.59,1.316e-05
2024-08-15 22:06:24,2562.7,1.316e-05
2024-08-15 22:06:36,2562.69,1.315e-05
2024-08-15 22:06:48,2564.4,1.316e-05
2024-08-15 22:07:00,2563.59,1.315e-05
2024-08-15 22:07:12,2563.42,1.316e-05
2024-08-15 22:07:24,2562.99,1.316e-05
2024-08-15 22:07:36,2562.6,1.315e-05
2024-08-15 22:07:48,2565.27,1.316e-05
2024-08-15 22:08:00,2565.3,1.316e-05
2024-08-15 22:08:12,2565.01,1.316e-05
2024-08-15 22:08:24,2563.87,1.315e-05
2024-08-15 22:08:36,2563.45,1.315e-05
2024-08-15 22:08:48,2564.88,1.315e-05
2024-08-15 22:09:00,2563.46,1.315e-05
2024-08-15 22:09:12,2563.34,1.315e-05
2024-08-15 22:09:24,2563.01,1.315e-05
2024-08-15 22:09:36,2561.44,1.315e-05
2024-08-15 22:09:48,2561.1,1.315e-05
2024-08-15 22:10:00,2562.01,1.315e-05
2024-08-15 22:10:12,2562.4,1.314e-05
2024-08-15 22:10:24,2562.75,1.315e-05
2024-08-15 22:10:36,2561.97,1.313e-05
2024-08-15 22:10:48,2561.61,1.314e-05
2024-08-15 22:11:00,2562.88,1.315e-05
2024-08-15 22:11:12,2562.83,1.315e-05
2024-08-15 22:11:24,2562.6,1.315e-05
2024-08-15 22:11:36,2562.0,1.314e-05
2024-08-15 22:11:48,2562.14,1.315e-05
2024-08-15 22:12:00,2564.72,1.315e-05
2024-08-15 22:12:12,2564.51,1.315e-05
2024-08-15 22:12:24,2563.93,1.315e-05
2024-08-15 22:12:36,2563.7,1.314e-05
2024-08-15 22:12:48,2564.0,1.315e-05
2024-08-15 22:13:00,2565.19,1.314e-05
2024-08-15 22:13:12,2565.13,1.315e-05
2024-08-15 22:13:24,2565.9,1.315e-05
2024-08-15 22:13:36,2566.87,1.316e-05
2024-08-15 22:13:48,2565.42,1.316e-05
2024-08-15 22:14:00,2567.31,1.317e-05
2024-08-15 22:14:12,2565.67,1.316e-05
2024-08-15 22:14:24,2565.99,1.316e-05
2024-08-15 22:14:36,2565.29,1.316e-05
2024-08-15 22:14:48,2565.48,1.316e-05
2024-08-15 22:15:00,2565.04,1.315e-05
2024-08-15 22:15:12,2562.66,1.313e-05
2024-08-15 22:15:24,2562.14,1.315e-05
2024-08-15 22:15:36,2562.98,1.315e-05
2024-08-15 22:15:48,2564.4,1.315e-05
2024-08-15 22:16:00,2564.54,1.315e-05
2024-08-15 22:16:12,2564.05,1.316e-05
2024-08-15 22:16:24,2564.4,1.315e-05
2024-08-15 22:16:36,2565.62,1.316e-05
2024-08-15 22:16:48,2564.24,1.316e-05
2024-08-15 22:17:00,2565.51,1.316e-05
2024-08-15 22:17:12,2566.41,1.316e-05
2024-08-15 22:17:24,2565.51,1.316e-05
2024-08-15 22:17:36,2564.41,1.315e-05
2024-08-15 22:17:48,2564.79,1.316e-05
2024-08-15 22:18:00,2564.2,1.316e-05
2024-08-15 22:18:12,2562.24,1.315e-05
2024-08-15 22:18:24,2563.1,1.315e-05
2024-08-15 22:18:36,2564.45,1.316e-05
2024-08-15 22:18:48,2564.91,1.316e-05
2024-08-15 22:19:00,2564.07,1.316e-05
2024-08-15 22:19:12,2564.78,1.316e-05
2024-08-15 22:19:24,2564.5,1.316e-05
2024-08-15 22:19:36,2566.5,1.318e-05
2024-08-15 22:19:48,2566.4,1.318e-05
2024-08-15 22:20:00,2568.05,1.318e-05
2024-08-15 22:20:12,2567.8,1.318e-05
2024-08-15 22:20:24,2566.6,1.319e-05
2024-08-15 22:20:36,2566.64,1.318e-05
2024-08-15 22:20:48,2567.4,1.319e-05
2024-08-15 22:21:00,2568.75,1.318e-05
2024-08-15 22:21:12,2567.48,1.318e-05
2024-08-15 22:21:24,2568.99,1.319e-05
2024-08-15 22:21:36,2567.6,1.319e-05
2024-08-15 22:21:48,2568.61,1.318e-05
2024-08-15 22:22:00,2569.39,1.32e-05
2024-08-15 22:22:12,2570.47,1.32e-05
2024-08-15 22:22:24,2570.43,1.32e-05
2024-08-15 22:22:36,2571.67,1.32e-05
2024-08-15 22:22:48,2570.28,1.319e-05
2024-08-15 22:23:00,2570.33,1.319e-05
2024-08-15 22:23:12,2570.57,1.32e-05
2024-08-15 22:23:24,2571.0,1.32e-05
2024-08-15 22:23:36,2571.0,1.32e-05
2024-08-15 22:23:48,2571.34,1.319e-05
2024-08-15 22:24:00,2570.49,1.32e-05
2024-08-15 22:24:12,2570.28,1.32e-05
2024-08-15 22:24:24,2569.62,1.318e-05
2024-08-15 22:24:36,2569.76,1.318e-05
2024-08-15 22:24:48,2570.25,1.32e-05
2024-08-15 22:25:00,2569.55,1.318e-05
2024-08-15 22:25:12,2568.91,1.318e-05
2024-08-15 22:25:24,2570.7,1.319e-05
2024-08-15 22:25:36,2570.08,1.318e-05
2024-08-15 22:25:48,2570.61,1.319e-05
2024-08-15 22:26:00,2571.33,1.319e-05
2024-08-15 22:26:12,2571.34,1.32e-05
2024-08-15 22:26:24,2571.9,1.32e-05
2024-08-15 22:26:36,2572.2,1.32e-05
2024-08-15 22:26:48,2573.1,1.321e-05
2024-08-15 22:27:00,2572.78,1.321e-05
2024-08-15 22:27:12,2572.71,1.32e-05
2024-08-15 22:27:24,2573.57,1.32e-05
2024-08-15 22:27:36,2575.81,1.322e-05
2024-08-15 22:27:48,2573.72,1.322e-05
2024-08-15 22:28:00,2573.38,1.321e-05
2024-08-15 22:28:12,2575.14,1.322e-05
2024-08-15 22:28:24,2576.35,1.323e-05
2024-08-15 22:28:36,2574.81,1.323e-05
2024-08-15 22:28:48,2574.79,1.322e-05
2024-08-15 22:29:00,2576.0,1.323e-05
2024-08-15 22:29:12,2576.24,1.324e-05
2024-08-15 22:29:24,2576.62,1.324e-05
2024-08-15 22:29:36,2578.0,1.324e-05
2024-08-15 22:29:48,2576.8,1.325e-05
2024-08-15 22:30:00,2576.6,1.325e-05
2024-08-15 22:30:12,2575.44,1.324e-05
2024-08-15 22:30:24,2575.4,1.324e-05
2024-08-15 22:30:36,2577.39,1.325e-05
2024-08-15 22:30:48,2576.41,1.325e-05
2024-08-15 22:31:00,2575.29,1.324e-05
2024-08-15 22:31:12,2576.54,1.324e-05
2024-08-15 22:31:24,2576.5,1.325e-05
2024-08-15 22:31:36,2578.17,1.326e-05
2024-08-15 22:31:48,2578.16,1.327e-05
2024-08-15 22:32:00,2578.93,1.326e-05
2024-08-15 22:32:12,2579.08,1.328e-05
2024-08-15 22:32:24,2578.61,1.326e-05
2024-08-15 22:32:36,2576.46,1.326e-05
2024-08-15 22:32:48,2575.59,1.325e-05
2024-08-15 22:33:00,2575.09,1.325e-05
2024-08-15 22:33:12,2574.28,1.325e-05
2024-08-15 22:33:24,2575.1,1.325e-05
2024-08-15 22:33:36,2576.33,1.325e-05
2024-08-15 22:33:48,2576.67,1.325e-05
2024-08-15 22:34:00,2576.32,1.325e-05
2024-08-15 22:34:12,2577.09,1.325e-05
2024-08-15 22:34:24,2577.46,1.326e-05
2024-08-15 22:34:36,2578.1,1.325e-05
2024-08-15 22:34:48,2577.98,1.325e-05
2024-08-15 22:35:00,2578.19,1.325e-05
2024-08-15 22:35:12,2577.1,1.325e-05
2024-08-15 22:35:24,2576.7,1.325e-05
2024-08-15 22:35:36,2576.52,1.325e-05
2024-08-15 22:35:48,2577.36,1.325e-05
2024-08-15 22:36:00,2579.03,1.326e-05
2024-08-15 22:36:12,2578.91,1.326e-05
2024-08-15 22:36:24,2581.04,1.327e-05
2024-08-15 22:36:36,2581.4,1.328e-05
2024-08-15 22:36:48,2581.96,1.327e-05
2024-08-15 22:37:00,2583.59,1.329e-05
2024-08-15 22:37:12,2583.69,1.33e-05
2024-08-15 22:37:24,2584.34,1.33e-05
2024-08-15 22:37:36,2584.81,1.33e-05
2024-08-15 22:37:48,2585.6,1.329e-05
2024-08-15 22:38:00,2583.12,1.329e-05
2024-08-15 22:38:12,2583.37,1.328e-05
2024-08-15 22:38:24,2585.52,1.329e-05
2024-08-15 22:38:36,2585.73,1.331e-05
2024-08-15 22:38:48,2585.54,1.33e-05
2024-08-15 22:39:00,2587.0,1.33e-05
2024-08-15 22:39:12,2587.19,1.331e-05
2024-08-15 22:39:24,2588.24,1.331e-05
2024-08-15 22:39:36,2588.85,1.332e-05
2024-08-15 22:39:48,2589.41,1.333e-05
2024-08-15 22:40:00,2589.2,1.333e-05
2024-08-15 22:40:12,2586.41,1.331e-05
2024-08-15 22:40:24,2585.93,1.33e-05
2024-08-15 22:40:36,2585.3,1.331e-05
2024-08-15 22:40:48,2585.32,1.331e-05
2024-08-15 22:41:00,2585.2,1.33e-05
2024-08-15 22:41:12,2585.15,1.329e-05
2024-08-15 22:41:24,2584.17,1.329e-05
2024-08-15 22:41:36,2586.07,1.33e-05
2024-08-15 22:41:48,2585.25,1.329e-05
2024-08-15 22:42:00,2585.82,1.33e-05
2024-08-15 22:42:12,2584.7,1.329e-05
2024-08-15 22:42:24,2586.13,1.33e-05
2024-08-15 22:42:36,2586.1,1.329e-05
2024-08-15 22:42:48,2586.22,1.329e-05
2024-08-15 22:43:00,2586.34,1.329e-05
2024-08-15 22:43:12,2585.86,1.329e-05
2024-08-15 22:43:24,2585.82,1.329e-05
2024-08-15 22:43:36,2585.82,1.329e-05
2024-08-15 22:43:48,2584.8,1.329e-05
2024-08-15 22:44:00,2584.81,1.328e-05
2024-08-15 22:44:12,2583.54,1.328e-05
2024-08-15 22:44:24,2584.78,1.328e-05
2024-08-15 22:44:36,2584.36,1.328e-05
2024-08-15 22:44:48,2584.01,1.328e-05
2024-08-15 22:45:00,2584.0,1.329e-05
2024-08-15 22:45:12,2582.58,1.327e-05
2024-08-15 22:45:24,2581.76,1.328e-05
2024-08-15 22:45:36,2580.9,1.327e-05
2024-08-15 22:45:48,2581.3,1.326e-05
2024-08-15 22:46:00,2580.9,1.326e-05
2024-08-15 22:46:12,2581.3,1.327e-05
2024-08-15 22:46:24,2580.88,1.326e-05
2024-08-15 22:46:36,2580.89,1.326e-05
2024-08-15 22:46:48,2580.57,1.326e-05
2024-08-15 22:47:00,2580.98,1.327e-05
2024-08-15 22:47:12,2581.2,1.327e-05
2024-08-15 22:47:24,2579.61,1.325e-05
2024-08-15 22:47:36,2580.74,1.326e-05
2024-08-15 22:47:48,2581.2,1.326e-05
2024-08-15 22:48:00,2581.55,1.327e-05
2024-08-15 22:48:12,2581.44,1.326e-05
2024-08-15 22:48:24,2580.28,1.326e-05
2024-08-15 22:48:36,2580.16,1.326e-05
2024-08-15 22:48:48,2580.86,1.326e-05
2024-08-15 22:49:00,2581.36,1.326e-05
2024-08-15 22:49:12,2582.17,1.327e-05
2024-08-15 22:49:24,2581.94,1.327e-05
2024-08-15 22:49:36,2581.51,1.327e-05
2024-08-15 22:49:48,2581.09,1.327e-05
2024-08-15 22:50:00,2580.98,1.327e-05
2024-08-15 22:50:12,2580.25,1.326e-05
2024-08-15 22:50:24,2578.84,1.325e-05
2024-08-15 22:50:36,2578.9,1.325e-05
2024-08-15 22:50:48,2578.23,1.325e-05
2024-08-15 22:51:00,2578.24,1.325e-05
2024-08-15 22:51:12,2578.0,1.324e-05
2024-08-15 22:51:24,2577.28,1.324e-05
2024-08-15 22:51:36,2577.91,1.324e-05
2024-08-15 22:51:48,2578.28,1.325e-05
2024-08-15 22:52:00,2578.43,1.325e-05
2024-08-15 22:52:12,2578.29,1.325e-05
2024-08-15 22:52:24,2578.17,1.326e-05
2024-08-15 22:52:36,2577.43,1.324e-05
2024-08-15 22:52:48,2577.49,1.324e-05
2024-08-15 22:53:00,2577.25,1.325e-05
2024-08-15 22:53:12,2577.11,1.325e-05
2024-08-15 22:53:24,2575.67,1.323e-05
2024-08-15 22:53:36,2575.36,1.323e-05
2024-08-15 22:53:48,2574.79,1.323e-05
2024-08-15 22:54:00,2576.25,1.323e-05
2024-08-15 22:54:12,2573.19,1.323e-05
2024-08-15 22:54:24,2574.99,1.323e-05
2024-08-15 22:54:36,2575.0,1.324e-05
2024-08-15 22:54:48,2575.4,1.324e-05
2024-08-15 22:55:00,2576.02,1.324e-05
2024-08-15 22:55:12,2576.68,1.325e-05
2024-08-15 22:55:24,2575.98,1.325e-05
2024-08-15 22:55:36,2575.0,1.324e-05
2024-08-15 22:55:48,2575.49,1.324e-05
2024-08-15 22:56:00,2575.99,1.325e-05
2024-08-15 22:56:12,2575.98,1.326e-05
2024-08-15 22:56:24,2576.79,1.326e-05
2024-08-15 22:56:36,2576.79,1.325e-05
2024-08-15 22:56:48,2576.92,1.326e-05
2024-08-15 22:57:00,2577.55,1.326e-05
2024-08-15 22:57:12,2577.39,1.326e-05
2024-08-15 22:57:24,2578.15,1.327e-05
2024-08-15 22:57:36,2577.48,1.326e-05
2024-08-15 22:57:48,2577.39,1.326e-05
2024-08-15 22:58:00,2577.34,1.326e-05
2024-08-15 22:58:12,2577.98,1.325e-05
2024-08-15 22:58:24,2577.32,1.325e-05
2024-08-15 22:58:36,2577.32,1.325e-05
2024-08-15 22:58:48,2577.33,1.326e-05
2024-08-15 22:59:00,2577.32,1.326e-05
2024-08-15 22:59:12,2577.33,1.326e-05
2024-08-15 22:59:24,2576.59,1.326e-05
2024-08-15 22:59:36,2576.81,1.325e-05
2024-08-15 22:59:48,2576.44,1.326e-05
2024-08-15 23:00:00,2576.45,1.326e-05
2024-08-15 23:00:12,2577.07,1.326e-05
2024-08-15 23:00:24,2577.9,1.327e-05
2024-08-15 23:00:36,2578.14,1.327e-05
2024-08-15 23:00:48,2578.15,1.326e-05
2024-08-15 23:01:00,2577.99,1.327e-05
2024-08-15 23:01:12,2578.38,1.326e-05
2024-08-15 23:01:24,2578.01,1.327e-05
2024-08-15 23:01:36,2578.39,1.327e-05
2024-08-15 23:01:48,2577.69,1.327e-05
2024-08-15 23:02:00,2577.36,1.327e-05
2024-08-15 23:02:12,2577.06,1.327e-05
2024-08-15 23:02:24,2576.56,1.325e-05
2024-08-15 23:02:36,2576.51,1.325e-05
2024-08-15 23:02:48,2577.06,1.325e-05
2024-08-15 23:03:00,2576.35,1.325e-05
2024-08-15 23:03:12,2576.69,1.325e-05
2024-08-15 23:03:24,2576.27,1.325e-05
2024-08-15 23:03:36,2574.5,1.324e-05
2024-08-15 23:03:48,2573.56,1.323e-05
2024-08-15 23:04:00,2573.2,1.323e-05
2024-08-15 23:04:12,2573.0,1.323e-05
2024-08-15 23:04:24,2572.28,1.323e-05
2024-08-15 23:04:36,2572.58,1.323e-05
2024-08-15 23:04:48,2572.58,1.323e-05
2024-08-15 23:05:00,2573.66,1.325e-05
2024-08-15 23:05:12,2573.7,1.325e-05
2024-08-15 23:05:24,2572.68,1.324e-05
2024-08-15 23:05:36,2573.39,1.324e-05
2024-08-15 23:05:48,2573.27,1.324e-05
2024-08-15 23:06:00,2572.99,1.324e-05
2024-08-15 23:06:12,2572.39,1.324e-05
2024-08-15 23:06:24,2569.6,1.323e-05
2024-08-15 23:06:36,2570.73,1.322e-05
2024-08-15 23:06:48,2570.95,1.322e-05
2024-08-15 23:07:00,2570.93,1.323e-05
2024-08-15 23:07:12,2572.39,1.323e-05
2024-08-15 23:07:24,2572.15,1.324e-05
2024-08-15 23:07:36,2570.95,1.322e-05
2024-08-15 23:07:48,2572.69,1.323e-05
2024-08-15 23:08:00,2573.7,1.324e-05
2024-08-15 23:08:12,2573.47,1.325e-05
2024-08-15 23:08:24,2573.01,1.324e-05
2024-08-15 23:08:36,2573.39,1.325e-05
2024-08-15 23:08:48,2573.49,1.324e-05
2024-08-15 23:09:00,2572.61,1.323e-05
2024-08-15 23:09:12,2573.18,1.324e-05
2024-08-15 23:09:24,2573.93,1.323e-05
2024-08-15 23:09:36,2573.92,1.324e-05
2024-08-15 23:09:48,2574.08,1.324e-05
2024-08-15 23:10:00,2575.22,1.324e-05
2024-08-15 23:10:12,2574.0,1.325e-05
2024-08-15 23:10:24,2574.06,1.325e-05
2024-08-15 23:10:36,2574.53,1.326e-05
2024-08-15 23:10:48,2575.01,1.326e-05
2024-08-15 23:11:00,2574.26,1.326e-05
2024-08-15 23:11:12,2571.79,1.326e-05
2024-08-15 23:11:24,2571.5,1.326e-05
2024-08-15 23:11:36,2571.8,1.326e-05
2024-08-15 23:11:48,2571.8,1.325e-05
2024-08-15 23:12:00,2571.41,1.325e-05
2024-08-15 23:12:12,2570.55,1.326e-05
2024-08-15 23:12:24,2571.45,1.325e-05
2024-08-15 23:12:36,2571.74,1.325e-05
2024-08-15 23:12:48,2571.73,1.326e-05
2024-08-15 23:13:00,2571.8,1.326e-05
2024-08-15 23:13:12,2572.9,1.326e-05
2024-08-15 23:13:24,2573.58,1.326e-05
2024-08-15 23:13:36,2573.5,1.326e-05
2024-08-15 23:13:48,2574.4,1.328e-05
2024-08-15 23:14:00,2574.73,1.328e-05
2024-08-15 23:14:12,2574.99,1.328e-05
2024-08-15 23:14:24,2573.4,1.327e-05
2024-08-15 23:14:36,2574.53,1.328e-05
2024-08-15 23:14:48,2576.4,1.328e-05
2024-08-15 23:15:00,2575.85,1.328e-05
2024-08-15 23:15:12,2576.21,1.329e-05
2024-08-15 23:15:24,2576.61,1.33e-05
2024-08-15 23:15:36,2577.71,1.33e-05
2024-08-15 23:15:48,2576.16,1.329e-05
2024-08-15 23:16:00,2576.0,1.329e-05
2024-08-15 23:16:12,2576.16,1.33e-05
2024-08-15 23:16:24,2575.21,1.329e-05
2024-08-15 23:16:36,2575.56,1.329e-05
2024-08-15 23:16:48,2574.53,1.329e-05
2024-08-15 23:17:00,2573.67,1.328e-05
2024-08-15 23:17:12,2572.4,1.327e-05
2024-08-15 23:17:24,2572.02,1.328e-05
2024-08-15 23:17:36,2572.55,1.327e-05
2024-08-15 23:17:48,2572.64,1.328e-05
2024-08-15 23:18:00,2572.68,1.327e-05
2024-08-15 23:18:12,2573.64,1.328e-05
2024-08-15 23:18:24,2573.65,1.328e-05
2024-08-15 23:18:36,2572.83,1.328e-05
2024-08-15 23:18:48,2572.43,1.327e-05
2024-08-15 23:19:00,2573.03,1.328e-05
2024-08-15 23:19:12,2573.63,1.329e-05
2024-08-15 23:19:24,2573.11,1.328e-05
2024-08-15 23:19:36,2572.68,1.329e-05
2024-08-15 23:19:48,2572.79,1.329e-05
2024-08-15 23:20:00,2572.01,1.328e-05
2024-08-15 23:20:12,2571.32,1.327e-05
2024-08-15 23:20:24,2572.81,1.327e-05
2024-08-15 23:20:36,2572.42,1.327e-05
2024-08-15 23:20:48,2571.81,1.327e-05
2024-08-15 23:21:00,2572.2,1.327e-05
2024-08-15 23:21:12,2571.29,1.327e-05
2024-08-15 23:21:24,2570.26,1.326e-05
2024-08-15 23:21:36,2570.0,1.326e-05
2024-08-15 23:21:48,2570.03,1.324e-05
2024-08-15 23:22:00,2571.85,1.325e-05
2024-08-15 23:22:12,2571.56,1.327e-05
2024-08-15 23:22:24,2571.56,1.326e-05
2024-08-15 23:22:36,2571.31,1.326e-05
2024-08-15 23:22:48,2571.2,1.326e-05
2024-08-15 23:23:00,2571.4,1.325e-05
2024-08-15 23:23:12,2572.68,1.326e-05
2024-08-15 23:23:24,2572.19,1.326e-05
2024-08-15 23:23:36,2571.93,1.327e-05
2024-08-15 23:23:48,2571.6,1.326e-05
2024-08-15 23:24:00,2571.98,1.327e-05
2024-08-15 23:24:12,2572.34,1.327e-05
2024-08-15 23:24:24,2572.7,1.327e-05
2024-08-15 23:24:36,2572.01,1.328e-05
2024-08-15 23:24:48,2571.99,1.328e-05
2024-08-15 23:25:00,2571.92,1.328e-05
2024-08-15 23:25:12,2573.44,1.328e-05
2024-08-15 23:25:24,2573.61,1.328e-05
2024-08-15 23:25:36,2573.59,1.328e-05
2024-08-15 23:25:48,2573.65,1.328e-05
2024-08-15 23:26:00,2574.35,1.327e-05
2024-08-15 23:26:12,2574.04,1.327e-05
2024-08-15 23:26:24,2574.56,1.328e-05
2024-08-15 23:26:36,2574.72,1.328e-05
2024-08-15 23:26:48,2573.65,1.328e-05
2024-08-15 23:27:00,2574.15,1.328e-05
2024-08-15 23:27:12,2573.26,1.327e-05
2024-08-15 23:27:24,2573.35,1.328e-05
2024-08-15 23:27:36,2573.68,1.328e-05
2024-08-15 23:27:48,2575.79,1.328e-05
2024-08-15 23:28:00,2576.59,1.328e-05
2024-08-15 23:28:12,2577.2,1.329e-05
2024-08-15 23:28:24,2577.45,1.328e-05
2024-08-15 23:28:36,2577.21,1.328e-05
2024-08-15 23:28:48,2577.21,1.329e-05
2024-08-15 23:29:00,2577.6,1.329e-05
2024-08-15 23:29:12,2578.17,1.329e-05
2024-08-15 23:29:24,2579.09,1.329e-05
2024-08-15 23:29:36,2579.08,1.329e-05
2024-08-15 23:29:48,2578.07,1.329e-05
2024-08-15 23:30:00,2577.4,1.329e-05
2024-08-15 23:30:12,2577.82,1.329e-05
2024-08-15 23:30:24,2578.02,1.328e-05
2024-08-15 23:30:36,2579.33,1.329e-05
2024-08-15 23:30:48,2578.81,1.329e-05
2024-08-15 23:31:00,2579.3,1.329e-05
2024-08-15 23:31:12,2579.81,1.33e-05
2024-08-15 23:31:24,2579.53,1.329e-05
2024-08-15 23:31:36,2579.1,1.33e-05
2024-08-15 23:31:48,2579.12,1.331e-05
2024-08-15 23:32:00,2579.62,1.331e-05
2024-08-15 23:32:12,2580.8,1.332e-05
2024-08-15 23:32:24,2580.61,1.331e-05
2024-08-15 23:32:36,2581.5,1.331e-05
2024-08-15 23:32:48,2581.41,1.332e-05
2024-08-15 23:33:00,2581.66,1.332e-05
2024-08-15 23:33:12,2581.66,1.331e-05
2024-08-15 23:33:24,2581.68,1.332e-05
2024-08-15 23:33:36,2581.21,1.332e-05
2024-08-15 23:33:48,2581.3,1.332e-05
2024-08-15 23:34:00,2581.29,1.331e-05
2024-08-15 23:34:12,2581.38,1.331e-05
2024-08-15 23:34:24,2581.37,1.331e-05
2024-08-15 23:34:36,2581.02,1.331e-05
2024-08-15 23:34:48,2580.88,1.331e-05
2024-08-15 23:35:00,2580.01,1.331e-05
2024-08-15 23:35:12,2579.38,1.33e-05
2024-08-15 23:35:24,2578.61,1.33e-05
2024-08-15 23:35:36,2577.59,1.329e-05
2024-08-15 23:35:48,2578.36,1.331e-05
2024-08-15 23:36:00,2579.37,1.331e-05
2024-08-15 23:36:12,2579.39,1.331e-05
2024-08-15 23:36:24,2579.4,1.33e-05
2024-08-15 23:36:36,2579.39,1.33e-05
2024-08-15 23:36:48,2580.4,1.331e-05
2024-08-15 23:37:00,2580.6,1.332e-05
2024-08-15 23:37:12,2579.0,1.331e-05
2024-08-15 23:37:24,2579.63,1.331e-05
2024-08-15 23:37:36,2578.45,1.331e-05
2024-08-15 23:37:48,2577.72,1.33e-05
2024-08-15 23:38:00,2576.96,1.33e-05
2024-08-15 23:38:12,2576.7,1.33e-05
2024-08-15 23:38:24,2576.28,1.33e-05
2024-08-15 23:38:36,2576.6,1.331e-05
2024-08-15 23:38:48,2576.72,1.331e-05
2024-08-15 23:39:00,2576.16,1.33e-05
2024-08-15 23:39:12,2576.08,1.329e-05
2024-08-15 23:39:24,2576.23,1.33e-05
2024-08-15 23:39:36,2576.16,1.331e-05
2024-08-15 23:39:48,2576.72,1.331e-05
2024-08-15 23:40:00,2576.46,1.331e-05
2024-08-15 23:40:12,2576.16,1.331e-05
2024-08-15 23:40:24,2576.37,1.33e-05
2024-08-15 23:40:36,2576.17,1.33e-05
2024-08-15 23:40:48,2576.16,1.33e-05
2024-08-15 23:41:00,2576.17,1.329e-05
2024-08-15 23:41:12,2575.39,1.329e-05
2024-08-15 23:41:24,2574.46,1.329e-05
2024-08-15 23:41:36,2574.25,1.329e-05
2024-08-15 23:41:48,2574.25,1.329e-05
2024-08-15 23:42:00,2573.83,1.328e-05
2024-08-15 23:42:12,2573.49,1.328e-05
2024-08-15 23:42:24,2574.3,1.327e-05
2024-08-15 23:42:36,2574.89,1.327e-05
2024-08-15 23:42:48,2574.89,1.327e-05
2024-08-15 23:43:00,2575.26,1.328e-05
2024-08-15 23:43:12,2574.84,1.327e-05
2024-08-15 23:43:24,2574.0,1.327e-05
2024-08-15 23:43:36,2573.68,1.327e-05
2024-08-15 23:43:48,2573.5,1.327e-05
2024-08-15 23:44:00,2574.01,1.327e-05
2024-08-15 23:44:12,2574.02,1.327e-05
2024-08-15 23:44:24,2573.8,1.328e-05
2024-08-15 23:44:36,2573.88,1.327e-05
2024-08-15 23:44:48,2574.1,1.327e-05
2024-08-15 23:45:00,2573.59,1.328e-05
2024-08-15 23:45:12,2571.66,1.327e-05
2024-08-15 23:45:24,2572.24,1.326e-05
2024-08-15 23:45:36,2571.31,1.327e-05
2024-08-15 23:45:48,2571.39,1.326e-05
2024-08-15 23:46:00,2571.0,1.326e-05
2024-08-15 23:46:12,2571.39,1.326e-05
2024-08-15 23:46:24,2571.79,1.327e-05
2024-08-15 23:46:36,2571.99,1.327e-05
2024-08-15 23:46:48,2573.0,1.328e-05
2024-08-15 23:47:00,2573.7,1.328e-05
2024-08-15 23:47:12,2572.88,1.328e-05
2024-08-15 23:47:24,2573.8,1.327e-05
2024-08-15 23:47:36,2574.0,1.328e-05
2024-08-15 23:47:48,2573.22,1.328e-05
2024-08-15 23:48:00,2572.95,1.328e-05
2024-08-15 23:48:12,2574.0,1.329e-05
2024-08-15 23:48:24,2573.59,1.329e-05
2024-08-15 23:48:36,2574.29,1.329e-05
2024-08-15 23:48:48,2573.83,1.328e-05
2024-08-15 23:49:00,2574.0,1.329e-05
2024-08-15 23:49:12,2573.59,1.329e-05
2024-08-15 23:49:24,2574.5,1.329e-05
2024-08-15 23:49:36,2574.26,1.328e-05
2024-08-15 23:49:48,2570.36,1.328e-05
2024-08-15 23:50:00,2567.8,1.327e-05
2024-08-15 23:50:12,2569.2,1.327e-05
2024-08-15 23:50:24,2568.19,1.326e-05
2024-08-15 23:50:36,2568.19,1.326e-05
2024-08-15 23:50:48,2568.84,1.327e-05
2024-08-15 23:51:00,2568.65,1.327e-05
2024-08-15 23:51:12,2568.8,1.328e-05
2024-08-15 23:51:24,2568.75,1.328e-05
2024-08-15 23:51:36,2568.59,1.328e-05
2024-08-15 23:51:48,2568.92,1.328e-05
2024-08-15 23:52:00,2569.59,1.328e-05
2024-08-15 23:52:12,2569.47,1.327e-05
2024-08-15 23:52:24,2570.39,1.328e-05
2024-08-15 23:52:36,2570.35,1.328e-05
2024-08-15 23:52:48,2570.39,1.328e-05
2024-08-15 23:53:00,2570.74,1.328e-05
2024-08-15 23:53:12,2570.29,1.328e-05
2024-08-15 23:53:24,2570.29,1.327e-05
2024-08-15 23:53:36,2569.81,1.327e-05
2024-08-15 23:53:48,2569.99,1.327e-05
2024-08-15 23:54:00,2570.0,1.327e-05
2024-08-15 23:54:12,2571.34,1.328e-05
2024-08-15 23:54:24,2571.52,1.328e-05
2024-08-15 23:54:36,2570.84,1.328e-05
2024-08-15 23:54:48,2570.84,1.327e-05
2024-08-15 23:55:00,2571.32,1.327e-05
2024-08-15 23:55:12,2571.08,1.327e-05
2024-08-15 23:55:24,2571.08,1.328e-05
2024-08-15 23:55:36,2570.01,1.327e-05
2024-08-15 23:55:48,2570.15,1.327e-05
2024-08-15 23:56:00,2571.2,1.327e-05
2024-08-15 23:56:12,2571.23,1.327e-05
2024-08-15 23:56:24,2570.46,1.327e-05
2024-08-15 23:56:36,2570.45,1.327e-05
2024-08-15 23:56:48,2570.69,1.327e-05
2024-08-15 23:57:00,2570.15,1.327e-05
2024-08-15 23:57:12,2569.8,1.327e-05
2024-08-15 23:57:24,2570.13,1.327e-05
2024-08-15 23:57:36,2569.47,1.326e-05
2024-08-15 23:57:48,2569.47,1.326e-05
2024-08-15 23:58:00,2569.49,1.326e-05
2024-08-15 23:58:12,2569.16,1.326e-05
2024-08-15 23:58:24,2568.69,1.327e-05
2024-08-15 23:58:36,2569.18,1.326e-05
2024-08-15 23:58:48,2569.17,1.326e-05
2024-08-15 23:59:00,2569.59,1.327e-05
2024-08-15 23:59:12,2569.39,1.326e-05
2024-08-15 23:59:24,2568.51,1.326e-05
2024-08-15 23:59:36,2568.51,1.325e-05
2024-08-15 23:59:48,2569.79,1.327e-05
2024-08-16 00:00:00,2569.9,1.327e-05
2024-08-16 00:00:12,2568.99,1.326e-05
2024-08-16 00:00:24,2567.0,1.325e-05
2024-08-16 00:00:36,2566.54,1.324e-05
2024-08-16 00:00:48,2566.84,1.325e-05
2024-08-16 00:01:00,2567.52,1.325e-05
2024-08-16 00:01:12,2568.84,1.326e-05
2024-08-16 00:01:24,2569.79,1.326e-05
2024-08-16 00:01:36,2569.32,1.325e-05
2024-08-16 00:01:48,2568.99,1.325e-05
2024-08-16 00:02:00,2569.51,1.326e-05
2024-08-16 00:02:12,2568.7,1.325e-05
2024-08-16 00:02:24,2568.21,1.324e-05
2024-08-16 00:02:36,2568.27,1.325e-05
2024-08-16 00:02:48,2569.09,1.326e-05
2024-08-16 00:03:00,2568.02,1.326e-05
2024-08-16 00:03:12,2568.67,1.325e-05
2024-08-16 00:03:24,2570.91,1.326e-05
2024-08-16 00:03:36,2571.59,1.326e-05
2024-08-16 00:03:48,2571.85,1.328e-05
2024-08-16 00:04:00,2571.92,1.327e-05
2024-08-16 00:04:12,2571.41,1.327e-05
2024-08-16 00:04:24,2571.79,1.327e-05
2024-08-16 00:04:36,2570.64,1.327e-05
2024-08-16 00:04:48,2570.65,1.327e-05
2024-08-16 00:05:00,2568.98,1.326e-05
2024-08-16 00:05:12,2568.18,1.326e-05
2024-08-16 00:05:24,2568.0,1.325e-05
2024-08-16 00:05:36,2568.39,1.326e-05
2024-08-16 00:05:48,2569.2,1.327e-05
2024-08-16 00:06:00,2569.07,1.328e-05
2024-08-16 00:06:12,2568.8,1.328e-05
2024-08-16 00:06:24,2567.43,1.327e-05
2024-08-16 00:06:36,2567.42,1.328e-05
2024-08-16 00:06:48,2568.0,1.327e-05
2024-08-16 00:07:00,2568.15,1.328e-05
2024-08-16 00:07:12,2570.34,1.328e-05
2024-08-16 00:07:24,2570.36,1.328e-05
2024-08-16 00:07:36,2570.72,1.329e-05
2024-08-16 00:07:48,2571.31,1.328e-05
2024-08-16 00:08:00,2571.49,1.329e-05
2024-08-16 00:08:12,2572.64,1.328e-05
2024-08-16 00:08:24,2573.0,1.329e-05
2024-08-16 00:08:36,2572.63,1.329e-05
2024-08-16 00:08:48,2572.43,1.329e-05
2024-08-16 00:09:00,2571.83,1.329e-05
2024-08-16 00:09:12,2570.51,1.328e-05
2024-08-16 00:09:24,2572.32,1.328e-05
2024-08-16 00:09:36,2572.22,1.328e-05
2024-08-16 00:09:48,2572.29,1.328e-05
2024-08-16 00:10:00,2572.62,1.328e-05
2024-08-16 00:10:12,2573.12,1.329e-05
2024-08-16 00:10:24,2573.41,1.33e-05
2024-08-16 00:10:36,2573.53,1.33e-05
2024-08-16 00:10:48,2573.23,1.33e-05
2024-08-16 00:11:00,2573.22,1.33e-05
2024-08-16 00:11:12,2573.01,1.329e-05
2024-08-16 00:11:24,2573.87,1.329e-05
2024-08-16 00:11:36,2573.19,1.329e-05
2024-08-16 00:11:48,2574.34,1.329e-05
2024-08-16 00:12:00,2574.71,1.329e-05
2024-08-16 00:12:12,2574.68,1.329e-05
2024-08-16 00:12:24,2574.96,1.329e-05
2024-08-16 00:12:36,2574.38,1.329e-05
2024-08-16 00:12:48,2572.7,1.328e-05
2024-08-16 00:13:00,2573.35,1.328e-05
2024-08-16 00:13:12,2573.42,1.328e-05
2024-08-16 00:13:24,2574.21,1.328e-05
2024-08-16 00:13:36,2573.27,1.327e-05
2024-08-16 00:13:48,2573.26,1.328e-05
2024-08-16 00:14:00,2571.6,1.327e-05
2024-08-16 00:14:12,2572.03,1.327e-05
2024-08-16 00:14:24,2571.48,1.327e-05
2024-08-16 00:14:36,2571.49,1.327e-05
2024-08-16 00:14:48,2571.2,1.327e-05
2024-08-16 00:15:00,2571.2,1.327e-05
2024-08-16 00:15:12,2571.22,1.326e-05
2024-08-16 00:15:24,2570.61,1.326e-05
2024-08-16 00:15:36,2569.59,1.326e-05
2024-08-16 00:15:48,2570.99,1.327e-05
2024-08-16 00:16:00,2572.06,1.327e-05
2024-08-16 00:16:12,2572.37,1.327e-05
2024-08-16 00:16:24,2572.36,1.327e-05
2024-08-16 00:16:36,2572.36,1.327e-05
2024-08-16 00:16:48,2568.75,1.326e-05
2024-08-16 00:17:00,2570.25,1.327e-05
2024-08-16 00:17:12,2571.88,1.328e-05
2024-08-16 00:17:24,2571.88,1.327e-05
2024-08-16 00:17:36,2571.01,1.327e-05
2024-08-16 00:17:48,2571.75,1.327e-05
2024-08-16 00:18:00,2572.37,1.328e-05
2024-08-16 00:18:12,2574.1,1.328e-05
2024-08-16 00:18:24,2574.99,1.329e-05
2024-08-16 00:18:36,2575.9,1.33e-05
2024-08-16 00:18:48,2576.4,1.329e-05
2024-08-16 00:19:00,2575.97,1.33e-05
2024-08-16 00:19:12,2576.49,1.329e-05
2024-08-16 00:19:24,2576.79,1.33e-05
2024-08-16 00:19:36,2577.87,1.331e-05
2024-08-16 00:19:48,2576.17,1.33e-05
2024-08-16 00:20:00,2577.13,1.33e-05
2024-08-16 00:20:12,2577.2,1.33e-05
2024-08-16 00:20:24,2577.77,1.33e-05
2024-08-16 00:20:36,2577.41,1.329e-05
2024-08-16 00:20:48,2576.21,1.329e-05
2024-08-16 00:21:00,2575.31,1.328e-05
2024-08-16 00:21:12,2576.86,1.329e-05
2024-08-16 00:21:24,2576.5,1.327e-05
2024-08-16 00:21:36,2576.91,1.328e-05
2024-08-16 00:21:48,2576.99,1.328e-05
2024-08-16 00:22:00,2577.3,1.328e-05
2024-08-16 00:22:12,2578.53,1.329e-05
2024-08-16 00:22:24,2578.42,1.329e-05
2024-08-16 00:22:36,2577.81,1.33e-05
2024-08-16 00:22:48,2577.29,1.328e-05
2024-08-16 00:23:00,2577.81,1.329e-05
2024-08-16 00:23:12,2578.26,1.329e-05
2024-08-16 00:23:24,2577.17,1.328e-05
2024-08-16 00:23:36,2577.0,1.327e-05
2024-08-16 00:23:48,2575.56,1.327e-05
2024-08-16 00:24:00,2575.02,1.327e-05
2024-08-16 00:24:12,2574.81,1.328e-05
2024-08-16 00:24:24,2573.85,1.326e-05
2024-08-16 00:24:36,2571.79,1.326e-05
2024-08-16 00:24:48,2570.25,1.325e-05
2024-08-16 00:25:00,2570.13,1.325e-05
2024-08-16 00:25:12,2569.61,1.326e-05
2024-08-16 00:25:24,2570.84,1.325e-05
2024-08-16 00:25:36,2570.94,1.327e-05
2024-08-16 00:25:48,2571.36,1.327e-05
2024-08-16 00:26:00,2570.72,1.327e-05
2024-08-16 00:26:12,2571.01,1.327e-05
2024-08-16 00:26:24,2570.88,1.327e-05
2024-08-16 00:26:36,2571.51,1.327e-05
2024-08-16 00:26:48,2572.08,1.328e-05
2024-08-16 00:27:00,2572.16,1.328e-05
2024-08-16 00:27:12,2571.48,1.327e-05
2024-08-16 00:27:24,2572.15,1.327e-05
2024-08-16 00:27:36,2572.15,1.327e-05
2024-08-16 00:27:48,2572.57,1.327e-05
2024-08-16 00:28:00,2573.19,1.328e-05
2024-08-16 00:28:12,2572.3,1.327e-05
2024-08-16 00:28:24,2571.21,1.326e-05
2024-08-16 00:28:36,2571.02,1.326e-05
2024-08-16 00:28:48,2569.41,1.327e-05
2024-08-16 00:29:00,2568.15,1.326e-05
2024-08-16 00:29:12,2566.82,1.326e-05
2024-08-16 00:29:24,2566.92,1.325e-05
2024-08-16 00:29:36,2568.92,1.326e-05
2024-08-16 00:29:48,2568.5,1.326e-05
2024-08-16 00:30:00,2568.93,1.326e-05
2024-08-16 00:30:12,2567.87,1.327e-05
2024-08-16 00:30:24,2568.45,1.327e-05
2024-08-16 00:30:36,2567.48,1.327e-05
2024-08-16 00:30:48,2568.16,1.326e-05
2024-08-16 00:31:00,2569.07,1.326e-05
2024-08-16 00:31:12,2569.0,1.327e-05
2024-08-16 00:31:24,2569.11,1.326e-05
2024-08-16 00:31:36,2568.99,1.326e-05
2024-08-16 00:31:48,2569.33,1.326e-05
2024-08-16 00:32:00,2569.39,1.327e-05
2024-08-16 00:32:12,2569.26,1.327e-05
2024-08-16 00:32:24,2569.38,1.327e-05
2024-08-16 00:32:36,2569.22,1.327e-05
2024-08-16 00:32:48,2570.06,1.327e-05
2024-08-16 00:33:00,2570.52,1.328e-05
2024-08-16 00:33:12,2570.52,1.327e-05
2024-08-16 00:33:24,2572.8,1.329e-05
2024-08-16 00:33:36,2573.0,1.329e-05
2024-08-16 00:33:48,2572.21,1.329e-05
2024-08-16 00:34:00,2574.41,1.33e-05
2024-08-16 00:34:12,2575.62,1.33e-05
2024-08-16 00:34:24,2575.17,1.329e-05
2024-08-16 00:34:36,2575.4,1.329e-05
2024-08-16 00:34:48,2575.33,1.329e-05
2024-08-16 00:35:00,2575.9,1.33e-05
2024-08-16 00:35:12,2574.27,1.328e-05
2024-08-16 00:35:24,2575.19,1.329e-05
2024-08-16 00:35:36,2575.76,1.329e-05
2024-08-16 00:35:48,2577.19,1.329e-05
2024-08-16 00:36:00,2577.63,1.329e-05
2024-08-16 00:36:12,2577.5,1.33e-05
2024-08-16 00:36:24,2578.17,1.329e-05
2024-08-16 00:36:36,2577.04,1.329e-05
2024-08-16 00:36:48,2577.29,1.33e-05
2024-08-16 00:37:00,2576.48,1.33e-05
2024-08-16 00:37:12,2575.08,1.329e-05
2024-08-16 00:37:24,2576.12,1.328e-05
2024-08-16 00:37:36,2577.0,1.329e-05
2024-08-16 00:37:48,2577.0,1.329e-05
2024-08-16 00:38:00,2576.8,1.33e-05
2024-08-16 00:38:12,2576.22,1.33e-05
2024-08-16 00:38:24,2576.22,1.329e-05
2024-08-16 00:38:36,2576.61,1.33e-05
2024-08-16 00:38:48,2576.23,1.329e-05
2024-08-16 00:39:00,2575.24,1.329e-05
2024-08-16 00:39:12,2575.29,1.329e-05
2024-08-16 00:39:24,2575.3,1.329e-05
2024-08-16 00:39:36,2575.29,1.329e-05
2024-08-16 00:39:48,2575.25,1.329e-05
2024-08-16 00:40:00,2575.29,1.33e-05
2024-08-16 00:40:12,2573.91,1.33e-05
2024-08-16 00:40:24,2574.81,1.329e-05
2024-08-16 00:40:36,2575.65,1.329e-05
2024-08-16 00:40:48,2575.51,1.329e-05
2024-08-16 00:41:00,2576.24,1.329e-05
2024-08-16 00:41:12,2576.17,1.329e-05
2024-08-16 00:41:24,2576.59,1.329e-05
2024-08-16 00:41:36,2577.43,1.331e-05
2024-08-16 00:41:48,2575.81,1.329e-05
2024-08-16 00:42:00,2575.78,1.329e-05
2024-08-16 00:42:12,2576.71,1.329e-05
2024-08-16 00:42:24,2576.57,1.329e-05
2024-08-16 00:42:36,2576.42,1.329e-05
2024-08-16 00:42:48,2575.66,1.329e-05
2024-08-16 00:43:00,2576.21,1.33e-05
2024-08-16 00:43:12,2575.51,1.33e-05
2024-08-16 00:43:24,2576.05,1.33e-05
2024-08-16 00:43:36,2576.17,1.33e-05
2024-08-16 00:43:48,2576.39,1.329e-05
2024-08-16 00:44:00,2576.8,1.329e-05
2024-08-16 00:44:12,2576.8,1.329e-05
2024-08-16 00:44:24,2576.53,1.33e-05
2024-08-16 00:44:36,2576.49,1.33e-05
2024-08-16 00:44:48,2576.24,1.33e-05
2024-08-16 00:45:00,2576.24,1.33e-05
2024-08-16 00:45:12,2576.21,1.33e-05
2024-08-16 00:45:24,2575.6,1.329e-05
2024-08-16 00:45:36,2575.6,1.329e-05
2024-08-16 00:45:48,2575.61,1.329e-05
2024-08-16 00:46:00,2575.21,1.33e-05
2024-08-16 00:46:12,2574.41,1.329e-05
2024-08-16 00:46:24,2574.79,1.329e-05
2024-08-16 00:46:36,2574.6,1.329e-05
2024-08-16 00:46:48,2575.6,1.33e-05
2024-08-16 00:47:00,2577.8,1.331e-05
2024-08-16 00:47:12,2578.44,1.332e-05
2024-08-16 00:47:24,2579.2,1.331e-05
2024-08-16 00:47:36,2579.01,1.331e-05
2024-08-16 00:47:48,2577.9,1.331e-05
2024-08-16 00:48:00,2577.8,1.331e-05
2024-08-16 00:48:12,2577.55,1.33e-05
2024-08-16 00:48:24,2577.4,1.33e-05
2024-08-16 00:48:36,2577.78,1.33e-05
2024-08-16 00:48:48,2578.05,1.33e-05
2024-08-16 00:49:00,2578.05,1.331e-05
2024-08-16 00:49:12,2577.47,1.33e-05
2024-08-16 00:49:24,2578.38,1.33e-05
2024-08-16 00:49:36,2577.56,1.33e-05
2024-08-16 00:49:48,2577.78,1.33e-05
2024-08-16 00:50:00,2577.58,1.329e-05
2024-08-16 00:50:12,2576.45,1.329e-05
2024-08-16 00:50:24,2576.13,1.329e-05
2024-08-16 00:50:36,2575.75,1.329e-05
2024-08-16 00:50:48,2576.12,1.329e-05
2024-08-16 00:51:00,2576.41,1.329e-05
2024-08-16 00:51:12,2576.45,1.329e-05
2024-08-16 00:51:24,2576.12,1.329e-05
2024-08-16 00:51:36,2575.38,1.329e-05
2024-08-16 00:51:48,2574.41,1.329e-05
2024-08-16 00:52:00,2573.91,1.327e-05
2024-08-16 00:52:12,2571.94,1.328e-05
2024-08-16 00:52:24,2572.14,1.328e-05
2024-08-16 00:52:36,2572.05,1.328e-05
2024-08-16 00:52:48,2572.91,1.327e-05
2024-08-16 00:53:00,2573.0,1.327e-05
2024-08-16 00:53:12,2573.85,1.328e-05
2024-08-16 00:53:24,2574.37,1.329e-05
2024-08-16 00:53:36,2574.39,1.328e-05
2024-08-16 00:53:48,2574.1,1.328e-05
2024-08-16 00:54:00,2573.78,1.329e-05
2024-08-16 00:54:12,2573.89,1.329e-05
2024-08-16 00:54:24,2574.38,1.328e-05
2024-08-16 00:54:36,2574.99,1.328e-05
2024-08-16 00:54:48,2574.87,1.329e-05
2024-08-16 00:55:00,2574.99,1.328e-05
2024-08-16 00:55:12,2575.0,1.329e-05
2024-08-16 00:55:24,2575.37,1.329e-05
2024-08-16 00:55:36,2574.99,1.329e-05
2024-08-16 00:55:48,2574.42,1.329e-05
2024-08-16 00:56:00,2574.1,1.328e-05
2024-08-16 00:56:12,2573.21,1.327e-05
2024-08-16 00:56:24,2571.64,1.327e-05
2024-08-16 00:56:36,2571.63,1.327e-05
2024-08-16 00:56:48,2571.49,1.327e-05
2024-08-16 00:57:00,2571.95,1.328e-05
2024-08-16 00:57:12,2571.89,1.328e-05
2024-08-16 00:57:24,2571.97,1.328e-05
2024-08-16 00:57:36,2571.96,1.328e-05
2024-08-16 00:57:48,2573.38,1.329e-05
2024-08-16 00:58:00,2574.0,1.329e-05
2024-08-16 00:58:12,2574.11,1.33e-05
2024-08-16 00:58:24,2574.74,1.33e-05
2024-08-16 00:58:36,2574.11,1.33e-05
2024-08-16 00:58:48,2574.11,1.329e-05
2024-08-16 00:59:00,2573.81,1.329e-05
2024-08-16 00:59:12,2574.1,1.329e-05
2024-08-16 00:59:24,2574.09,1.329e-05
2024-08-16 00:59:36,2573.49,1.329e-05
2024-08-16 00:59:48,2572.94,1.329e-05
2024-08-16 01:00:00,2572.94,1.329e-05
2024-08-16 01:00:12,2573.19,1.329e-05
2024-08-16 01:00:24,2572.59,1.328e-05
2024-08-16 01:00:36,2572.59,1.328e-05
2024-08-16 01:00:48,2572.82,1.328e-05
2024-08-16 01:01:00,2574.1,1.329e-05
2024-08-16 01:01:12,2574.1,1.329e-05
2024-08-16 01:01:24,2574.09,1.33e-05
2024-08-16 01:01:36,2573.21,1.33e-05
2024-08-16 01:01:48,2573.51,1.33e-05
2024-08-16 01:02:00,2573.07,1.329e-05
2024-08-16 01:02:12,2573.46,1.329e-05
2024-08-16 01:02:24,2573.84,1.33e-05
2024-08-16 01:02:36,2575.0,1.33e-05
2024-08-16 01:02:48,2575.48,1.33e-05
2024-08-16 01:03:00,2575.48,1.331e-05
2024-08-16 01:03:12,2577.31,1.332e-05
2024-08-16 01:03:24,2577.8,1.332e-05
2024-08-16 01:03:36,2578.7,1.332e-05
2024-08-16 01:03:48,2578.97,1.331e-05
2024-08-16 01:04:00,2578.07,1.332e-05
2024-08-16 01:04:12,2577.3,1.331e-05
2024-08-16 01:04:24,2576.17,1.33e-05
2024-08-16 01:04:36,2576.72,1.33e-05
2024-08-16 01:04:48,2575.01,1.331e-05
2024-08-16 01:05:00,2575.6,1.33e-05
2024-08-16 01:05:12,2574.04,1.33e-05
2024-08-16 01:05:24,2573.74,1.329e-05
2024-08-16 01:05:36,2573.2,1.329e-05
2024-08-16 01:05:48,2573.2,1.33e-05
2024-08-16 01:06:00,2571.91,1.329e-05
2024-08-16 01:06:12,2571.0,1.328e-05
2024-08-16 01:06:24,2569.97,1.329e-05
2024-08-16 01:06:36,2571.3,1.329e-05
2024-08-16 01:06:48,2572.11,1.329e-05
2024-08-16 01:07:00,2572.12,1.329e-05
2024-08-16 01:07:12,2571.27,1.329e-05
2024-08-16 01:07:24,2572.39,1.329e-05
2024-08-16 01:07:36,2572.73,1.33e-05
2024-08-16 01:07:48,2572.49,1.33e-05
2024-08-16 01:08:00,2571.51,1.329e-05
2024-08-16 01:08:12,2571.4,1.328e-05
2024-08-16 01:08:24,2571.8,1.33e-05
2024-08-16 01:08:36,2571.92,1.33e-05
2024-08-16 01:08:48,2571.53,1.33e-05
2024-08-16 01:09:00,2570.48,1.329e-05
2024-08-16 01:09:12,2570.01,1.329e-05
2024-08-16 01:09:24,2569.01,1.329e-05
2024-08-16 01:09:36,2570.01,1.329e-05
2024-08-16 01:09:48,2570.99,1.329e-05
2024-08-16 01:10:00,2570.3,1.329e-05
2024-08-16 01:10:12,2570.13,1.329e-05
2024-08-16 01:10:24,2570.11,1.329e-05
2024-08-16 01:10:36,2570.12,1.329e-05
2024-08-16 01:10:48,2570.11,1.329e-05
2024-08-16 01:11:00,2569.05,1.329e-05
2024-08-16 01:11:12,2568.43,1.328e-05
2024-08-16 01:11:24,2568.01,1.328e-05
2024-08-16 01:11:36,2568.0,1.328e-05
2024-08-16 01:11:48,2567.68,1.328e-05
2024-08-16 01:12:00,2567.68,1.328e-05
2024-08-16 01:12:12,2567.52,1.328e-05
2024-08-16 01:12:24,2567.1,1.328e-05
2024-08-16 01:12:36,2567.09,1.328e-05
2024-08-16 01:12:48,2566.82,1.328e-05
2024-08-16 01:13:00,2566.22,1.328e-05
2024-08-16 01:13:12,2566.18,1.327e-05
2024-08-16 01:13:24,2566.99,1.327e-05
2024-08-16 01:13:36,2566.99,1.328e-05
2024-08-16 01:13:48,2566.99,1.328e-05
2024-08-16 01:14:00,2566.46,1.328e-05
2024-08-16 01:14:12,2566.18,1.327e-05
2024-08-16 01:14:24,2566.12,1.328e-05
2024-08-16 01:14:36,2565.61,1.327e-05
2024-08-16 01:14:48,2565.37,1.328e-05
2024-08-16 01:15:00,2566.0,1.327e-05
2024-08-16 01:15:12,2565.35,1.327e-05
2024-08-16 01:15:24,2565.73,1.328e-05
2024-08-16 01:15:36,2566.97,1.327e-05
2024-08-16 01:15:48,2565.6,1.326e-05
2024-08-16 01:16:00,2564.89,1.327e-05
2024-08-16 01:16:12,2564.41,1.327e-05
2024-08-16 01:16:24,2562.99,1.326e-05
2024-08-16 01:16:36,2561.44,1.325e-05
2024-08-16 01:16:48,2559.98,1.325e-05
2024-08-16 01:17:00,2562.31,1.326e-05
2024-08-16 01:17:12,2560.3,1.326e-05
2024-08-16 01:17:24,2559.2,1.324e-05
2024-08-16 01:17:36,2559.4,1.325e-05
2024-08-16 01:17:48,2560.58,1.324e-05
2024-08-16 01:18:00,2560.55,1.324e-05
2024-08-16 01:18:12,2559.14,1.325e-05
2024-08-16 01:18:24,2558.53,1.324e-05
2024-08-16 01:18:36,2558.71,1.324e-05
2024-08-16 01:18:48,2558.4,1.324e-05
2024-08-16 01:19:00,2558.99,1.324e-05
2024-08-16 01:19:12,2558.12,1.324e-05
2024-08-16 01:19:24,2557.06,1.324e-05
2024-08-16 01:19:36,2557.45,1.324e-05
2024-08-16 01:19:48,2558.58,1.323e-05
2024-08-16 01:20:00,2557.5,1.323e-05
2024-08-16 01:20:12,2557.35,1.323e-05
2024-08-16 01:20:24,2557.29,1.324e-05
2024-08-16 01:20:36,2558.57,1.324e-05
2024-08-16 01:20:48,2558.19,1.324e-05
2024-08-16 01:21:00,2556.99,1.324e-05
2024-08-16 01:21:12,2555.52,1.324e-05
2024-08-16 01:21:24,2555.46,1.323e-05
2024-08-16 01:21:36,2555.75,1.323e-05
2024-08-16 01:21:48,2555.71,1.323e-05
2024-08-16 01:22:00,2554.01,1.322e-05
2024-08-16 01:22:12,2552.94,1.322e-05
2024-08-16 01:22:24,2553.2,1.322e-05
2024-08-16 01:22:36,2555.17,1.323e-05
2024-08-16 01:22:48,2556.12,1.323e-05
2024-08-16 01:23:00,2558.82,1.323e-05
2024-08-16 01:23:12,2558.42,1.323e-05
2024-08-16 01:23:24,2558.46,1.323e-05
2024-08-16 01:23:36,2557.8,1.323e-05
2024-08-16 01:23:48,2558.2,1.323e-05
2024-08-16 01:24:00,2557.0,1.322e-05
2024-08-16 01:24:12,2556.87,1.322e-05
2024-08-16 01:24:24,2557.84,1.323e-05
2024-08-16 01:24:36,2558.81,1.323e-05
2024-08-16 01:24:48,2559.1,1.323e-05
2024-08-16 01:25:00,2559.81,1.323e-05
2024-08-16 01:25:12,2560.65,1.322e-05
2024-08-16 01:25:24,2560.29,1.322e-05
2024-08-16 01:25:36,2561.5,1.323e-05
2024-08-16 01:25:48,2562.13,1.323e-05
2024-08-16 01:26:00,2562.14,1.322e-05
2024-08-16 01:26:12,2562.99,1.323e-05
2024-08-16 01:26:24,2562.9,1.323e-05
2024-08-16 01:26:36,2562.39,1.322e-05
2024-08-16 01:26:48,2562.64,1.323e-05
2024-08-16 01:27:00,2563.26,1.323e-05
2024-08-16 01:27:12,2563.63,1.323e-05
2024-08-16 01:27:24,2563.0,1.323e-05
2024-08-16 01:27:36,2563.01,1.323e-05
2024-08-16 01:27:48,2562.68,1.323e-05
2024-08-16 01:28:00,2563.0,1.324e-05
2024-08-16 01:28:12,2562.91,1.324e-05
2024-08-16 01:28:24,2562.36,1.323e-05
2024-08-16 01:28:36,2562.75,1.324e-05
2024-08-16 01:28:48,2562.46,1.324e-05
2024-08-16 01:29:00,2561.85,1.324e-05
2024-08-16 01:29:12,2561.21,1.323e-05
2024-08-16 01:29:24,2560.88,1.323e-05
2024-08-16 01:29:36,2560.81,1.322e-05
2024-08-16 01:29:48,2560.71,1.322e-05
2024-08-16 01:30:00,2559.2,1.322e-05
2024-08-16 01:30:12,2560.66,1.322e-05
2024-08-16 01:30:24,2558.4,1.322e-05
2024-08-16 01:30:36,2559.69,1.321e-05
2024-08-16 01:30:48,2561.19,1.323e-05
2024-08-16 01:31:00,2561.85,1.323e-05
2024-08-16 01:31:12,2562.07,1.323e-05
2024-08-16 01:31:24,2561.85,1.323e-05
2024-08-16 01:31:36,2562.75,1.324e-05
2024-08-16 01:31:48,2562.32,1.323e-05
2024-08-16 01:32:00,2563.0,1.324e-05
2024-08-16 01:32:12,2562.09,1.324e-05
2024-08-16 01:32:24,2562.79,1.323e-05
2024-08-16 01:32:36,2562.01,1.323e-05
2024-08-16 01:32:48,2561.9,1.323e-05
2024-08-16 01:33:00,2561.67,1.323e-05
2024-08-16 01:33:12,2560.58,1.323e-05
2024-08-16 01:33:24,2560.99,1.323e-05
2024-08-16 01:33:36,2561.36,1.323e-05
2024-08-16 01:33:48,2562.61,1.323e-05
2024-08-16 01:34:00,2563.32,1.324e-05
2024-08-16 01:34:12,2562.76,1.323e-05
2024-08-16 01:34:24,2562.87,1.323e-05
2024-08-16 01:34:36,2562.02,1.323e-05
2024-08-16 01:34:48,2562.34,1.323e-05
2024-08-16 01:35:00,2563.2,1.323e-05
2024-08-16 01:35:12,2562.88,1.323e-05
2024-08-16 01:35:24,2564.0,1.324e-05
2024-08-16 01:35:36,2564.0,1.324e-05
2024-08-16 01:35:48,2564.63,1.324e-05
2024-08-16 01:36:00,2566.54,1.324e-05
2024-08-16 01:36:12,2565.7,1.324e-05
2024-08-16 01:36:24,2565.7,1.324e-05
2024-08-16 01:36:36,2565.5,1.324e-05
2024-08-16 01:36:48,2565.2,1.324e-05
2024-08-16 01:37:00,2565.21,1.323e-05
2024-08-16 01:37:12,2565.63,1.323e-05
2024-08-16 01:37:24,2565.21,1.324e-05
2024-08-16 01:37:36,2564.61,1.323e-05
2024-08-16 01:37:48,2564.49,1.323e-05
2024-08-16 01:38:00,2563.86,1.322e-05
2024-08-16 01:38:12,2563.99,1.322e-05
2024-08-16 01:38:24,2565.36,1.322e-05
2024-08-16 01:38:36,2566.08,1.323e-05
2024-08-16 01:38:48,2566.57,1.323e-05
2024-08-16 01:39:00,2566.71,1.323e-05
2024-08-16 01:39:12,2567.13,1.324e-05
2024-08-16 01:39:24,2566.8,1.323e-05
2024-08-16 01:39:36,2566.81,1.323e-05
2024-08-16 01:39:48,2567.32,1.323e-05
2024-08-16 01:40:00,2569.42,1.324e-05
2024-08-16 01:40:12,2569.01,1.324e-05
2024-08-16 01:40:24,2568.8,1.325e-05
2024-08-16 01:40:36,2567.41,1.323e-05
2024-08-16 01:40:48,2567.41,1.323e-05
2024-08-16 01:41:00,2567.68,1.324e-05
2024-08-16 01:41:12,2567.68,1.322e-05
2024-08-16 01:41:24,2566.67,1.323e-05
2024-08-16 01:41:36,2566.5,1.322e-05
2024-08-16 01:41:48,2566.41,1.322e-05
2024-08-16 01:42:00,2566.3,1.322e-05
2024-08-16 01:42:12,2566.88,1.322e-05
2024-08-16 01:42:24,2567.16,1.322e-05
2024-08-16 01:42:36,2567.15,1.323e-05
2024-08-16 01:42:48,2567.63,1.323e-05
2024-08-16 01:43:00,2567.9,1.323e-05
2024-08-16 01:43:12,2568.19,1.324e-05
2024-08-16 01:43:24,2568.58,1.324e-05
2024-08-16 01:43:36,2568.21,1.324e-05
2024-08-16 01:43:48,2568.21,1.323e-05
2024-08-16 01:44:00,2568.21,1.324e-05
2024-08-16 01:44:12,2567.43,1.323e-05
2024-08-16 01:44:24,2567.77,1.323e-05
2024-08-16 01:44:36,2567.63,1.322e-05
2024-08-16 01:44:48,2567.7,1.322e-05
2024-08-16 01:45:00,2567.81,1.322e-05
2024-08-16 01:45:12,2567.9,1.323e-05
2024-08-16 01:45:24,2568.27,1.322e-05
2024-08-16 01:45:36,2568.0,1.322e-05
2024-08-16 01:45:48,2568.01,1.323e-05
2024-08-16 01:46:00,2568.09,1.322e-05
2024-08-16 01:46:12,2566.2,1.322e-05
2024-08-16 01:46:24,2564.91,1.321e-05
2024-08-16 01:46:36,2565.0,1.321e-05
2024-08-16 01:46:48,2564.33,1.321e-05
2024-08-16 01:47:00,2564.16,1.321e-05
2024-08-16 01:47:12,2562.6,1.32e-05
2024-08-16 01:47:24,2563.28,1.319e-05
2024-08-16 01:47:36,2564.2,1.321e-05
2024-08-16 01:47:48,2563.57,1.321e-05
2024-08-16 01:48:00,2564.02,1.321e-05
2024-08-16 01:48:12,2562.83,1.321e-05
2024-08-16 01:48:24,2562.98,1.32e-05
2024-08-16 01:48:36,2563.41,1.321e-05
2024-08-16 01:48:48,2562.6,1.321e-05
2024-08-16 01:49:00,2562.21,1.32e-05
2024-08-16 01:49:12,2562.72,1.32e-05
2024-08-16 01:49:24,2562.3,1.321e-05
2024-08-16 01:49:36,2562.72,1.321e-05
2024-08-16 01:49:48,2562.61,1.32e-05
2024-08-16 01:50:00,2562.79,1.321e-05
2024-08-16 01:50:12,2564.53,1.321e-05
2024-08-16 01:50:24,2564.59,1.322e-05
2024-08-16 01:50:36,2564.11,1.321e-05
2024-08-16 01:50:48,2563.81,1.321e-05
2024-08-16 01:51:00,2563.99,1.321e-05
2024-08-16 01:51:12,2562.82,1.32e-05
2024-08-16 01:51:24,2563.67,1.321e-05
2024-08-16 01:51:36,2563.99,1.32e-05
2024-08-16 01:51:48,2564.43,1.32e-05
2024-08-16 01:52:00,2563.43,1.32e-05
2024-08-16 01:52:12,2563.99,1.32e-05
2024-08-16 01:52:24,2564.43,1.321e-05
2024-08-16 01:52:36,2564.43,1.32e-05
2024-08-16 01:52:48,2564.76,1.32e-05
2024-08-16 01:53:00,2564.76,1.32e-05
2024-08-16 01:53:12,2564.9,1.322e-05
2024-08-16 01:53:24,2565.11,1.321e-05
2024-08-16 01:53:36,2564.35,1.32e-05
2024-08-16 01:53:48,2565.29,1.321e-05
2024-08-16 01:54:00,2565.38,1.321e-05
2024-08-16 01:54:12,2564.99,1.32e-05
2024-08-16 01:54:24,2566.14,1.322e-05
2024-08-16 01:54:36,2566.13,1.322e-05
2024-08-16 01:54:48,2567.56,1.323e-05
2024-08-16 01:55:00,2567.77,1.323e-05
2024-08-16 01:55:12,2567.92,1.322e-05
2024-08-16 01:55:24,2568.28,1.323e-05
2024-08-16 01:55:36,2569.19,1.323e-05
2024-08-16 01:55:48,2569.19,1.323e-05
2024-08-16 01:56:00,2569.59,1.324e-05
2024-08-16 01:56:12,2570.15,1.324e-05
2024-08-16 01:56:24,2570.46,1.325e-05
2024-08-16 01:56:36,2570.95,1.325e-05
2024-08-16 01:56:48,2571.0,1.325e-05
2024-08-16 01:57:00,2571.0,1.325e-05
2024-08-16 01:57:12,2571.86,1.325e-05
2024-08-16 01:57:24,2572.26,1.325e-05
2024-08-16 01:57:36,2572.3,1.325e-05
2024-08-16 01:57:48,2571.49,1.326e-05
2024-08-16 01:58:00,2571.21,1.326e-05
2024-08-16 01:58:12,2572.42,1.326e-05
2024-08-16 01:58:24,2571.49,1.325e-05
2024-08-16 01:58:36,2572.19,1.325e-05
2024-08-16 01:58:48,2572.53,1.325e-05
2024-08-16 01:59:00,2572.64,1.325e-05
2024-08-16 01:59:12,2572.92,1.326e-05
2024-08-16 01:59:24,2573.29,1.326e-05
2024-08-16 01:59:36,2573.11,1.326e-05
2024-08-16 01:59:48,2573.11,1.326e-05
2024-08-16 02:00:00,2572.63,1.326e-05
2024-08-16 02:00:12,2572.41,1.326e-05
2024-08-16 02:00:24,2573.32,1.326e-05
2024-08-16 02:00:36,2573.81,1.326e-05
2024-08-16 02:00:48,2572.41,1.326e-05
2024-08-16 02:01:00,2571.83,1.326e-05
2024-08-16 02:01:12,2571.4,1.326e-05
2024-08-16 02:01:24,2570.97,1.325e-05
2024-08-16 02:01:36,2569.81,1.325e-05
2024-08-16 02:01:48,2569.99,1.325e-05
2024-08-16 02:02:00,2570.31,1.325e-05
2024-08-16 02:02:12,2569.81,1.323e-05
2024-08-16 02:02:24,2571.07,1.325e-05
2024-08-16 02:02:36,2571.19,1.325e-05
2024-08-16 02:02:48,2570.33,1.323e-05
2024-08-16 02:03:00,2569.58,1.323e-05
2024-08-16 02:03:12,2569.59,1.323e-05
2024-08-16 02:03:24,2569.3,1.323e-05
2024-08-16 02:03:36,2568.84,1.323e-05
2024-08-16 02:03:48,2567.02,1.323e-05
2024-08-16 02:04:00,2567.13,1.323e-05
2024-08-16 02:04:12,2567.18,1.323e-05
2024-08-16 02:04:24,2566.67,1.323e-05
2024-08-16 02:04:36,2566.66,1.322e-05
2024-08-16 02:04:48,2566.33,1.323e-05
2024-08-16 02:05:00,2566.33,1.322e-05
2024-08-16 02:05:12,2566.34,1.323e-05
2024-08-16 02:05:24,2566.67,1.322e-05
2024-08-16 02:05:36,2567.05,1.322e-05
2024-08-16 02:05:48,2567.04,1.323e-05
2024-08-16 02:06:00,2566.21,1.323e-05
2024-08-16 02:06:12,2566.22,1.323e-05
2024-08-16 02:06:24,2566.15,1.323e-05
2024-08-16 02:06:36,2565.43,1.322e-05
2024-08-16 02:06:48,2565.33,1.322e-05
2024-08-16 02:07:00,2565.68,1.322e-05
2024-08-16 02:07:12,2565.16,1.323e-05
2024-08-16 02:07:24,2565.24,1.322e-05
2024-08-16 02:07:36,2565.66,1.322e-05
2024-08-16 02:07:48,2565.85,1.322e-05
2024-08-16 02:08:00,2565.46,1.322e-05
2024-08-16 02:08:12,2565.08,1.322e-05
2024-08-16 02:08:24,2565.08,1.322e-05
2024-08-16 02:08:36,2565.0,1.322e-05
2024-08-16 02:08:48,2566.67,1.322e-05
2024-08-16 02:09:00,2566.19,1.322e-05
2024-08-16 02:09:12,2566.0,1.322e-05
2024-08-16 02:09:24,2565.31,1.322e-05
2024-08-16 02:09:36,2565.24,1.322e-05
2024-08-16 02:09:48,2564.35,1.322e-05
2024-08-16 02:10:00,2564.35,1.322e-05
2024-08-16 02:10:12,2564.18,1.322e-05
2024-08-16 02:10:24,2562.78,1.32e-05
2024-08-16 02:10:36,2563.38,1.32e-05
2024-08-16 02:10:48,2563.25,1.321e-05
2024-08-16 02:11:00,2563.2,1.321e-05
2024-08-16 02:11:12,2562.79,1.321e-05
2024-08-16 02:11:24,2562.6,1.321e-05
2024-08-16 02:11:36,2562.7,1.321e-05
2024-08-16 02:11:48,2561.32,1.321e-05
2024-08-16 02:12:00,2561.71,1.321e-05
2024-08-16 02:12:12,2561.4,1.321e-05
2024-08-16 02:12:24,2562.51,1.32e-05
2024-08-16 02:12:36,2562.68,1.32e-05
2024-08-16 02:12:48,2561.77,1.32e-05
2024-08-16 02:13:00,2561.77,1.32e-05
2024-08-16 02:13:12,2561.78,1.32e-05
2024-08-16 02:13:24,2562.16,1.321e-05
2024-08-16 02:13:36,2562.57,1.321e-05
2024-08-16 02:13:48,2562.6,1.321e-05
2024-08-16 02:14:00,2563.08,1.322e-05
2024-08-16 02:14:12,2563.11,1.322e-05
2024-08-16 02:14:24,2563.11,1.322e-05
2024-08-16 02:14:36,2563.1,1.322e-05
2024-08-16 02:14:48,2564.35,1.321e-05
2024-08-16 02:15:00,2564.43,1.322e-05
2024-08-16 02:15:12,2565.29,1.322e-05
2024-08-16 02:15:24,2566.14,1.323e-05
2024-08-16 02:15:36,2565.82,1.323e-05
2024-08-16 02:15:48,2564.91,1.322e-05
2024-08-16 02:16:00,2563.0,1.322e-05
2024-08-16 02:16:12,2563.79,1.321e-05
2024-08-16 02:16:24,2562.8,1.32e-05
2024-08-16 02:16:36,2563.79,1.32e-05
2024-08-16 02:16:48,2564.49,1.32e-05
2024-08-16 02:17:00,2564.41,1.32e-05
2024-08-16 02:17:12,2564.69,1.32e-05
2024-08-16 02:17:24,2565.7,1.32e-05
2024-08-16 02:17:36,2565.79,1.321e-05
2024-08-16 02:17:48,2565.96,1.321e-05
2024-08-16 02:18:00,2566.28,1.322e-05
2024-08-16 02:18:12,2565.52,1.322e-05
2024-08-16 02:18:24,2565.09,1.322e-05
2024-08-16 02:18:36,2563.88,1.321e-05
2024-08-16 02:18:48,2564.19,1.321e-05
2024-08-16 02:19:00,2563.73,1.321e-05
2024-08-16 02:19:12,2564.0,1.321e-05
2024-08-16 02:19:24,2564.0,1.321e-05
2024-08-16 02:19:36,2565.52,1.321e-05
2024-08-16 02:19:48,2565.75,1.321e-05
2024-08-16 02:20:00,2565.76,1.322e-05
2024-08-16 02:20:12,2565.4,1.322e-05
2024-08-16 02:20:24,2565.76,1.321e-05
2024-08-16 02:20:36,2565.8,1.321e-05
2024-08-16 02:20:48,2565.85,1.321e-05
2024-08-16 02:21:00,2565.84,1.322e-05
2024-08-16 02:21:12,2566.0,1.321e-05
2024-08-16 02:21:24,2566.0,1.322e-05
2024-08-16 02:21:36,2566.0,1.322e-05
2024-08-16 02:21:48,2565.9,1.321e-05
2024-08-16 02:22:00,2565.31,1.321e-05
2024-08-16 02:22:12,2565.91,1.321e-05
2024-08-16 02:22:24,2565.99,1.321e-05
2024-08-16 02:22:36,2566.0,1.321e-05
2024-08-16 02:22:48,2566.0,1.322e-05
2024-08-16 02:23:00,2566.0,1.321e-05
2024-08-16 02:23:12,2566.69,1.321e-05
2024-08-16 02:23:24,2567.7,1.322e-05
2024-08-16 02:23:36,2569.15,1.322e-05
2024-08-16 02:23:48,2569.47,1.323e-05
2024-08-16 02:24:00,2569.66,1.323e-05
2024-08-16 02:24:12,2569.48,1.324e-05
2024-08-16 02:24:24,2569.99,1.323e-05
2024-08-16 02:24:36,2571.53,1.325e-05
2024-08-16 02:24:48,2571.42,1.325e-05
2024-08-16 02:25:00,2571.41,1.325e-05
2024-08-16 02:25:12,2571.8,1.325e-05
2024-08-16 02:25:24,2573.72,1.326e-05
2024-08-16 02:25:36,2575.86,1.326e-05
2024-08-16 02:25:48,2575.9,1.325e-05
2024-08-16 02:26:00,2575.81,1.325e-05
2024-08-16 02:26:12,2575.21,1.325e-05
2024-08-16 02:26:24,2574.6,1.325e-05
2024-08-16 02:26:36,2573.61,1.326e-05
2024-08-16 02:26:48,2573.41,1.326e-05
2024-08-16 02:27:00,2573.24,1.325e-05
2024-08-16 02:27:12,2573.12,1.325e-05
2024-08-16 02:27:24,2572.47,1.325e-05
2024-08-16 02:27:36,2573.38,1.326e-05
2024-08-16 02:27:48,2573.51,1.325e-05
2024-08-16 02:28:00,2574.57,1.326e-05
2024-08-16 02:28:12,2574.99,1.326e-05
2024-08-16 02:28:24,2576.74,1.327e-05
2024-08-16 02:28:36,2576.79,1.327e-05
2024-08-16 02:28:48,2576.91,1.327e-05
2024-08-16 02:29:00,2577.2,1.327e-05
2024-08-16 02:29:12,2577.75,1.327e-05
2024-08-16 02:29:24,2578.61,1.328e-05
2024-08-16 02:29:36,2578.62,1.328e-05
2024-08-16 02:29:48,2580.01,1.329e-05
2024-08-16 02:30:00,2578.4,1.328e-05
2024-08-16 02:30:12,2578.4,1.328e-05
2024-08-16 02:30:24,2577.94,1.328e-05
2024-08-16 02:30:36,2578.34,1.329e-05
2024-08-16 02:30:48,2580.68,1.33e-05
2024-08-16 02:31:00,2581.95,1.331e-05
2024-08-16 02:31:12,2585.54,1.332e-05
2024-08-16 02:31:24,2589.13,1.335e-05
2024-08-16 02:31:36,2594.85,1.337e-05
2024-08-16 02:31:48,2597.75,1.338e-05
2024-08-16 02:32:00,2598.2,1.339e-05
2024-08-16 02:32:12,2601.01,1.34e-05
2024-08-16 02:32:24,2604.9,1.342e-05
2024-08-16 02:32:36,2605.4,1.342e-05
2024-08-16 02:32:48,2603.6,1.341e-05
2024-08-16 02:33:00,2607.48,1.343e-05
2024-08-16 02:33:12,2607.8,1.344e-05
2024-08-16 02:33:24,2605.21,1.343e-05
2024-08-16 02:33:36,2608.6,1.344e-05
2024-08-16 02:33:48,2605.61,1.342e-05
2024-08-16 02:34:00,2603.95,1.342e-05
2024-08-16 02:34:12,2607.59,1.343e-05
2024-08-16 02:34:24,2607.8,1.341e-05
2024-08-16 02:34:36,2604.01,1.341e-05
2024-08-16 02:34:48,2602.91,1.341e-05
2024-08-16 02:35:00,2602.31,1.34e-05
2024-08-16 02:35:12,2604.5,1.341e-05
2024-08-16 02:35:24,2601.24,1.34e-05
2024-08-16 02:35:36,2600.21,1.339e-05
2024-08-16 02:35:48,2600.11,1.339e-05
2024-08-16 02:36:00,2601.0,1.34e-05
2024-08-16 02:36:12,2600.48,1.34e-05
2024-08-16 02:36:24,2601.3,1.341e-05
2024-08-16 02:36:36,2601.0,1.34e-05
2024-08-16 02:36:48,2600.68,1.34e-05
2024-08-16 02:37:00,2600.85,1.341e-05
2024-08-16 02:37:12,2599.41,1.34e-05
2024-08-16 02:37:24,2599.8,1.34e-05
2024-08-16 02:37:36,2599.31,1.339e-05
2024-08-16 02:37:48,2596.31,1.339e-05
2024-08-16 02:38:00,2596.3,1.338e-05
2024-08-16 02:38:12,2594.8,1.338e-05
2024-08-16 02:38:24,2596.2,1.338e-05
2024-08-16 02:38:36,2595.67,1.337e-05
2024-08-16 02:38:48,2595.68,1.338e-05
2024-08-16 02:39:00,2596.81,1.337e-05
2024-08-16 02:39:12,2596.2,1.338e-05
2024-08-16 02:39:24,2597.0,1.337e-05
2024-08-16 02:39:36,2599.4,1.339e-05
2024-08-16 02:39:48,2600.01,1.339e-05
2024-08-16 02:40:00,2600.0,1.339e-05
2024-08-16 02:40:12,2600.41,1.339e-05
2024-08-16 02:40:24,2599.79,1.338e-05
2024-08-16 02:40:36,2598.54,1.339e-05
2024-08-16 02:40:48,2595.85,1.338e-05
2024-08-16 02:41:00,2595.57,1.336e-05
2024-08-16 02:41:12,2595.71,1.337e-05
2024-08-16 02:41:24,2595.68,1.336e-05
2024-08-16 02:41:36,2596.42,1.335e-05
2024-08-16 02:41:48,2595.36,1.336e-05
2024-08-16 02:42:00,2594.8,1.336e-05
2024-08-16 02:42:12,2594.36,1.335e-05
2024-08-16 02:42:24,2593.42,1.335e-05
2024-08-16 02:42:36,2594.73,1.335e-05
2024-08-16 02:42:48,2594.74,1.336e-05
2024-08-16 02:43:00,2593.61,1.335e-05
2024-08-16 02:43:12,2592.47,1.335e-05
2024-08-16 02:43:24,2591.09,1.335e-05
2024-08-16 02:43:36,2591.21,1.333e-05
2024-08-16 02:43:48,2590.64,1.334e-05
2024-08-16 02:44:00,2589.01,1.334e-05
2024-08-16 02:44:12,2589.12,1.333e-05
2024-08-16 02:44:24,2590.9,1.334e-05
2024-08-16 02:44:36,2591.0,1.334e-05
2024-08-16 02:44:48,2591.67,1.333e-05
2024-08-16 02:45:00,2591.28,1.334e-05
2024-08-16 02:45:12,2591.41,1.335e-05
2024-08-16 02:45:24,2592.62,1.335e-05
2024-08-16 02:45:36,2593.66,1.335e-05
2024-08-16 02:45:48,2594.35,1.335e-05
2024-08-16 02:46:00,2593.89,1.335e-05
2024-08-16 02:46:12,2593.78,1.336e-05
2024-08-16 02:46:24,2592.92,1.336e-05
2024-08-16 02:46:36,2593.07,1.335e-05
2024-08-16 02:46:48,2592.22,1.336e-05
2024-08-16 02:47:00,2592.22,1.336e-05
2024-08-16 02:47:12,2590.81,1.335e-05
2024-08-16 02:47:24,2590.0,1.334e-05
2024-08-16 02:47:36,2589.91,1.334e-05
2024-08-16 02:47:48,2588.6,1.334e-05
2024-08-16 02:48:00,2586.68,1.333e-05
2024-08-16 02:48:12,2586.52,1.333e-05
2024-08-16 02:48:24,2587.1,1.332e-05
2024-08-16 02:48:36,2587.0,1.332e-05
2024-08-16 02:48:48,2586.88,1.333e-05
2024-08-16 02:49:00,2589.43,1.333e-05
2024-08-16 02:49:12,2589.29,1.334e-05
2024-08-16 02:49:24,2589.28,1.332e-05
2024-08-16 02:49:36,2589.41,1.332e-05
2024-08-16 02:49:48,2588.0,1.332e-05
2024-08-16 02:50:00,2587.9,1.332e-05
2024-08-16 02:50:12,2589.28,1.332e-05
2024-08-16 02:50:24,2589.19,1.332e-05
2024-08-16 02:50:36,2589.04,1.332e-05
2024-08-16 02:50:48,2589.14,1.332e-05
2024-08-16 02:51:00,2589.58,1.332e-05
2024-08-16 02:51:12,2590.6,1.333e-05
2024-08-16 02:51:24,2590.21,1.333e-05
2024-08-16 02:51:36,2589.59,1.333e-05
2024-08-16 02:51:48,2589.72,1.332e-05
2024-08-16 02:52:00,2588.71,1.331e-05
2024-08-16 02:52:12,2586.99,1.331e-05
2024-08-16 02:52:24,2586.67,1.33e-05
2024-08-16 02:52:36,2585.46,1.329e-05
2024-08-16 02:52:48,2587.21,1.33e-05
2024-08-16 02:53:00,2587.41,1.33e-05
2024-08-16 02:53:12,2589.21,1.329e-05
2024-08-16 02:53:24,2590.82,1.33e-05
2024-08-16 02:53:36,2591.09,1.33e-05
2024-08-16 02:53:48,2591.01,1.331e-05
2024-08-16 02:54:00,2591.09,1.331e-05
2024-08-16 02:54:12,2590.22,1.33e-05
2024-08-16 02:54:24,2590.5,1.33e-05
2024-08-16 02:54:36,2590.88,1.33e-05
2024-08-16 02:54:48,2591.09,1.331e-05
2024-08-16 02:55:00,2591.09,1.332e-05
2024-08-16 02:55:12,2592.49,1.332e-05
2024-08-16 02:55:24,2591.13,1.332e-05
2024-08-16 02:55:36,2592.04,1.332e-05
2024-08-16 02:55:48,2591.09,1.332e-05
2024-08-16 02:56:00,2590.7,1.331e-05
2024-08-16 02:56:12,2591.24,1.332e-05
2024-08-16 02:56:24,2592.19,1.333e-05
2024-08-16 02:56:36,2593.26,1.333e-05
2024-08-16 02:56:48,2593.26,1.332e-05
2024-08-16 02:57:00,2591.6,1.332e-05
2024-08-16 02:57:12,2591.89,1.331e-05
2024-08-16 02:57:24,2591.81,1.332e-05
2024-08-16 02:57:36,2592.26,1.332e-05
2024-08-16 02:57:48,2593.21,1.332e-05
2024-08-16 02:58:00,2593.39,1.332e-05
2024-08-16 02:58:12,2593.57,1.332e-05
2024-08-16 02:58:24,2593.6,1.332e-05
2024-08-16 02:58:36,2593.6,1.333e-05
2024-08-16 02:58:48,2593.67,1.333e-05
2024-08-16 02:59:00,2593.69,1.333e-05
2024-08-16 02:59:12,2593.7,1.333e-05
2024-08-16 02:59:24,2593.2,1.333e-05
2024-08-16 02:59:36,2593.76,1.334e-05
2024-08-16 02:59:48,2594.19,1.334e-05
2024-08-16 03:00:00,2594.2,1.334e-05
2024-08-16 03:00:12,2593.59,1.333e-05
2024-08-16 03:00:24,2593.0,1.333e-05
2024-08-16 03:00:36,2592.01,1.332e-05
2024-08-16 03:00:48,2591.8,1.332e-05
2024-08-16 03:01:00,2591.65,1.332e-05
2024-08-16 03:01:12,2592.19,1.332e-05
2024-08-16 03:01:24,2590.38,1.331e-05
2024-08-16 03:01:36,2590.75,1.331e-05
2024-08-16 03:01:48,2589.72,1.331e-05
2024-08-16 03:02:00,2590.59,1.332e-05
2024-08-16 03:02:12,2591.24,1.332e-05
2024-08-16 03:02:24,2591.79,1.333e-05
2024-08-16 03:02:36,2591.81,1.334e-05
2024-08-16 03:02:48,2591.81,1.334e-05
2024-08-16 03:03:00,2592.17,1.334e-05
2024-08-16 03:03:12,2592.26,1.335e-05
2024-08-16 03:03:24,2591.81,1.334e-05
2024-08-16 03:03:36,2591.01,1.334e-05
2024-08-16 03:03:48,2590.84,1.334e-05
2024-08-16 03:04:00,2589.71,1.333e-05
2024-08-16 03:04:12,2588.81,1.333e-05
2024-08-16 03:04:24,2588.2,1.333e-05
2024-08-16 03:04:36,2587.48,1.333e-05
2024-08-16 03:04:48,2587.7,1.332e-05
2024-08-16 03:05:00,2587.31,1.332e-05
2024-08-16 03:05:12,2587.26,1.333e-05
2024-08-16 03:05:24,2587.41,1.333e-05
2024-08-16 03:05:36,2589.4,1.333e-05
2024-08-16 03:05:48,2589.69,1.334e-05
2024-08-16 03:06:00,2589.69,1.333e-05
2024-08-16 03:06:12,2589.1,1.334e-05
2024-08-16 03:06:24,2588.71,1.333e-05
2024-08-16 03:06:36,2588.72,1.334e-05
2024-08-16 03:06:48,2587.7,1.333e-05
2024-08-16 03:07:00,2587.08,1.333e-05
2024-08-16 03:07:12,2585.1,1.332e-05
2024-08-16 03:07:24,2584.62,1.332e-05
2024-08-16 03:07:36,2585.16,1.332e-05
2024-08-16 03:07:48,2585.93,1.332e-05
2024-08-16 03:08:00,2587.47,1.333e-05
2024-08-16 03:08:12,2587.7,1.333e-05
2024-08-16 03:08:24,2589.69,1.333e-05
2024-08-16 03:08:36,2590.1,1.334e-05
2024-08-16 03:08:48,2589.7,1.335e-05
2024-08-16 03:09:00,2590.18,1.335e-05
2024-08-16 03:09:12,2590.31,1.335e-05
2024-08-16 03:09:24,2590.74,1.335e-05
2024-08-16 03:09:36,2590.3,1.335e-05
2024-08-16 03:09:48,2590.18,1.335e-05
2024-08-16 03:10:00,2589.83,1.335e-05
2024-08-16 03:10:12,2590.05,1.334e-05
2024-08-16 03:10:24,2589.91,1.334e-05
2024-08-16 03:10:36,2590.21,1.335e-05
2024-08-16 03:10:48,2590.35,1.336e-05
2024-08-16 03:11:00,2590.42,1.335e-05
2024-08-16 03:11:12,2590.13,1.334e-05
2024-08-16 03:11:24,2590.69,1.335e-05
2024-08-16 03:11:36,2591.2,1.336e-05
2024-08-16 03:11:48,2591.24,1.336e-05
2024-08-16 03:12:00,2591.2,1.336e-05
2024-08-16 03:12:12,2589.81,1.336e-05
2024-08-16 03:12:24,2589.81,1.335e-05
2024-08-16 03:12:36,2589.8,1.335e-05
2024-08-16 03:12:48,2589.81,1.335e-05
2024-08-16 03:13:00,2589.28,1.335e-05
2024-08-16 03:13:12,2588.71,1.335e-05
2024-08-16 03:13:24,2586.49,1.334e-05
2024-08-16 03:13:36,2587.69,1.335e-05
2024-08-16 03:13:48,2587.16,1.335e-05
2024-08-16 03:14:00,2585.48,1.334e-05
2024-08-16 03:14:12,2586.17,1.334e-05
2024-08-16 03:14:24,2585.81,1.334e-05
2024-08-16 03:14:36,2586.16,1.334e-05
2024-08-16 03:14:48,2586.16,1.334e-05
2024-08-16 03:15:00,2586.15,1.334e-05
2024-08-16 03:15:12,2586.59,1.335e-05
2024-08-16 03:15:24,2586.99,1.335e-05
2024-08-16 03:15:36,2586.8,1.336e-05
2024-08-16 03:15:48,2587.18,1.336e-05
2024-08-16 03:16:00,2586.03,1.336e-05
2024-08-16 03:16:12,2584.99,1.336e-05
2024-08-16 03:16:24,2585.15,1.336e-05
2024-08-16 03:16:36,2585.6,1.336e-05
2024-08-16 03:16:48,2585.16,1.336e-05
2024-08-16 03:17:00,2585.16,1.336e-05
2024-08-16 03:17:12,2585.55,1.335e-05
2024-08-16 03:17:24,2585.55,1.335e-05
2024-08-16 03:17:36,2585.56,1.336e-05
2024-08-16 03:17:48,2586.68,1.336e-05
2024-08-16 03:18:00,2586.66,1.337e-05
2024-08-16 03:18:12,2585.82,1.337e-05
2024-08-16 03:18:24,2585.01,1.335e-05
2024-08-16 03:18:36,2584.79,1.336e-05
2024-08-16 03:18:48,2585.41,1.335e-05
2024-08-16 03:19:00,2585.29,1.335e-05
2024-08-16 03:19:12,2585.6,1.335e-05
2024-08-16 03:19:24,2583.33,1.334e-05
2024-08-16 03:19:36,2583.8,1.334e-05
2024-08-16 03:19:48,2584.8,1.334e-05
2024-08-16 03:20:00,2583.12,1.334e-05
2024-08-16 03:20:12,2582.82,1.334e-05
2024-08-16 03:20:24,2581.99,1.334e-05
2024-08-16 03:20:36,2581.21,1.334e-05
2024-08-16 03:20:48,2579.22,1.333e-05
2024-08-16 03:21:00,2580.39,1.332e-05
2024-08-16 03:21:12,2580.05,1.332e-05
2024-08-16 03:21:24,2578.0,1.331e-05
2024-08-16 03:21:36,2579.2,1.331e-05
2024-08-16 03:21:48,2579.8,1.333e-05
2024-08-16 03:22:00,2580.81,1.332e-05
2024-08-16 03:22:12,2580.5,1.333e-05
2024-08-16 03:22:24,2580.78,1.332e-05
2024-08-16 03:22:36,2581.57,1.333e-05
2024-08-16 03:22:48,2581.85,1.333e-05
2024-08-16 03:23:00,2581.99,1.334e-05
2024-08-16 03:23:12,2581.06,1.333e-05
2024-08-16 03:23:24,2578.59,1.332e-05
2024-08-16 03:23:36,2579.19,1.331e-05
2024-08-16 03:23:48,2578.51,1.331e-05
2024-08-16 03:24:00,2579.74,1.331e-05
2024-08-16 03:24:12,2578.99,1.332e-05
2024-08-16 03:24:24,2580.4,1.332e-05
2024-08-16 03:24:36,2580.9,1.332e-05
2024-08-16 03:24:48,2580.6,1.332e-05
2024-08-16 03:25:00,2581.0,1.333e-05
2024-08-16 03:25:12,2578.84,1.332e-05
2024-08-16 03:25:24,2578.8,1.333e-05
2024-08-16 03:25:36,2578.45,1.333e-05
2024-08-16 03:25:48,2578.35,1.333e-05
2024-08-16 03:26:00,2578.87,1.333e-05
2024-08-16 03:26:12,2579.41,1.332e-05
2024-08-16 03:26:24,2579.99,1.332e-05
2024-08-16 03:26:36,2579.99,1.333e-05
2024-08-16 03:26:48,2579.62,1.334e-05
2024-08-16 03:27:00,2578.97,1.333e-05
2024-08-16 03:27:12,2579.85,1.334e-05
2024-08-16 03:27:24,2579.5,1.334e-05
2024-08-16 03:27:36,2580.51,1.334e-05
2024-08-16 03:27:48,2579.58,1.334e-05
2024-08-16 03:28:00,2581.14,1.334e-05
2024-08-16 03:28:12,2582.43,1.334e-05
2024-08-16 03:28:24,2582.71,1.334e-05
2024-08-16 03:28:36,2582.8,1.334e-05
2024-08-16 03:28:48,2583.11,1.333e-05
2024-08-16 03:29:00,2583.01,1.333e-05
2024-08-16 03:29:12,2582.73,1.333e-05
2024-08-16 03:29:24,2582.74,1.333e-05
2024-08-16 03:29:36,2582.74,1.332e-05
2024-08-16 03:29:48,2583.33,1.333e-05
2024-08-16 03:30:00,2583.33,1.333e-05
2024-08-16 03:30:12,2583.01,1.333e-05
2024-08-16 03:30:24,2582.98,1.333e-05
2024-08-16 03:30:36,2582.19,1.332e-05
2024-08-16 03:30:48,2582.34,1.332e-05
2024-08-16 03:31:00,2582.18,1.333e-05
2024-08-16 03:31:12,2582.17,1.332e-05
2024-08-16 03:31:24,2581.77,1.332e-05
2024-08-16 03:31:36,2582.41,1.332e-05
2024-08-16 03:31:48,2582.09,1.332e-05
2024-08-16 03:32:00,2581.8,1.333e-05
2024-08-16 03:32:12,2581.8,1.332e-05
2024-08-16 03:32:24,2580.81,1.332e-05
2024-08-16 03:32:36,2580.41,1.331e-05
2024-08-16 03:32:48,2580.0,1.331e-05
2024-08-16 03:33:00,2580.09,1.331e-05
2024-08-16 03:33:12,2580.32,1.332e-05
2024-08-16 03:33:24,2580.96,1.331e-05
2024-08-16 03:33:36,2581.28,1.331e-05
2024-08-16 03:33:48,2580.45,1.332e-05
2024-08-16 03:34:00,2580.59,1.331e-05
2024-08-16 03:34:12,2580.33,1.331e-05
2024-08-16 03:34:24,2579.49,1.331e-05
2024-08-16 03:34:36,2579.49,1.331e-05
2024-08-16 03:34:48,2580.59,1.331e-05
2024-08-16 03:35:00,2580.01,1.331e-05
2024-08-16 03:35:12,2580.21,1.331e-05
2024-08-16 03:35:24,2580.0,1.33e-05
2024-08-16 03:35:36,2578.71,1.33e-05
2024-08-16 03:35:48,2580.26,1.33e-05
2024-08-16 03:36:00,2581.2,1.332e-05
2024-08-16 03:36:12,2580.27,1.331e-05
2024-08-16 03:36:24,2579.09,1.33e-05
2024-08-16 03:36:36,2580.48,1.33e-05
2024-08-16 03:36:48,2580.56,1.33e-05
2024-08-16 03:37:00,2579.87,1.33e-05
2024-08-16 03:37:12,2579.35,1.331e-05
2024-08-16 03:37:24,2579.43,1.331e-05
2024-08-16 03:37:36,2579.19,1.331e-05
2024-08-16 03:37:48,2579.08,1.33e-05
2024-08-16 03:38:00,2579.08,1.331e-05
2024-08-16 03:38:12,2578.75,1.33e-05
2024-08-16 03:38:24,2578.89,1.33e-05
2024-08-16 03:38:36,2579.58,1.33e-05
2024-08-16 03:38:48,2579.22,1.33e-05
2024-08-16 03:39:00,2579.22,1.33e-05
2024-08-16 03:39:12,2580.0,1.331e-05
2024-08-16 03:39:24,2578.95,1.33e-05
2024-08-16 03:39:36,2577.7,1.329e-05
2024-08-16 03:39:48,2576.89,1.329e-05
2024-08-16 03:40:00,2576.53,1.329e-05
2024-08-16 03:40:12,2578.2,1.33e-05
2024-08-16 03:40:24,2578.04,1.329e-05
2024-08-16 03:40:36,2578.57,1.33e-05
2024-08-16 03:40:48,2578.37,1.33e-05
2024-08-16 03:41:00,2579.36,1.33e-05
2024-08-16 03:41:12,2579.09,1.33e-05
2024-08-16 03:41:24,2579.18,1.33e-05
2024-08-16 03:41:36,2578.12,1.329e-05
2024-08-16 03:41:48,2578.12,1.33e-05
2024-08-16 03:42:00,2578.12,1.33e-05
2024-08-16 03:42:12,2578.62,1.33e-05
2024-08-16 03:42:24,2578.12,1.33e-05
2024-08-16 03:42:36,2578.21,1.33e-05
2024-08-16 03:42:48,2578.52,1.33e-05
2024-08-16 03:43:00,2578.52,1.33e-05
2024-08-16 03:43:12,2578.38,1.33e-05
2024-08-16 03:43:24,2578.61,1.33e-05
2024-08-16 03:43:36,2578.61,1.33e-05
2024-08-16 03:43:48,2579.1,1.329e-05
2024-08-16 03:44:00,2579.1,1.329e-05
2024-08-16 03:44:12,2579.49,1.33e-05
2024-08-16 03:44:24,2579.56,1.331e-05
2024-08-16 03:44:36,2580.35,1.33e-05
2024-08-16 03:44:48,2580.36,1.331e-05
2024-08-16 03:45:00,2579.75,1.331e-05
2024-08-16 03:45:12,2579.0,1.33e-05
2024-08-16 03:45:24,2578.62,1.33e-05
2024-08-16 03:45:36,2578.01,1.33e-05
2024-08-16 03:45:48,2578.29,1.33e-05
2024-08-16 03:46:00,2578.57,1.331e-05
2024-08-16 03:46:12,2579.5,1.331e-05
2024-08-16 03:46:24,2579.8,1.331e-05
2024-08-16 03:46:36,2580.15,1.332e-05
2024-08-16 03:46:48,2580.07,1.331e-05
2024-08-16 03:47:00,2579.89,1.331e-05
2024-08-16 03:47:12,2579.89,1.331e-05
2024-08-16 03:47:24,2579.33,1.33e-05
2024-08-16 03:47:36,2579.12,1.33e-05
2024-08-16 03:47:48,2579.0,1.33e-05
2024-08-16 03:48:00,2579.09,1.33e-05
2024-08-16 03:48:12,2577.99,1.33e-05
2024-08-16 03:48:24,2577.48,1.329e-05
2024-08-16 03:48:36,2579.28,1.33e-05
2024-08-16 03:48:48,2579.38,1.329e-05
2024-08-16 03:49:00,2580.0,1.33e-05
2024-08-16 03:49:12,2580.2,1.329e-05
2024-08-16 03:49:24,2580.2,1.33e-05
2024-08-16 03:49:36,2580.2,1.329e-05
2024-08-16 03:49:48,2580.49,1.329e-05
2024-08-16 03:50:00,2580.97,1.33e-05
2024-08-16 03:50:12,2581.28,1.331e-05
2024-08-16 03:50:24,2582.12,1.331e-05
2024-08-16 03:50:36,2582.58,1.331e-05
2024-08-16 03:50:48,2581.9,1.331e-05
2024-08-16 03:51:00,2582.47,1.33e-05
2024-08-16 03:51:12,2582.4,1.33e-05
2024-08-16 03:51:24,2582.38,1.33e-05
2024-08-16 03:51:36,2582.38,1.331e-05
2024-08-16 03:51:48,2582.45,1.33e-05
2024-08-16 03:52:00,2582.1,1.33e-05
2024-08-16 03:52:12,2582.1,1.329e-05
2024-08-16 03:52:24,2581.47,1.329e-05
2024-08-16 03:52:36,2581.61,1.33e-05
2024-08-16 03:52:48,2581.6,1.33e-05
2024-08-16 03:53:00,2581.6,1.33e-05
2024-08-16 03:53:12,2581.0,1.329e-05
2024-08-16 03:53:24,2579.97,1.329e-05
2024-08-16 03:53:36,2579.96,1.328e-05
2024-08-16 03:53:48,2580.07,1.328e-05
2024-08-16 03:54:00,2579.84,1.328e-05
2024-08-16 03:54:12,2578.68,1.327e-05
2024-08-16 03:54:24,2578.39,1.328e-05
2024-08-16 03:54:36,2577.9,1.328e-05
2024-08-16 03:54:48,2576.72,1.328e-05
2024-08-16 03:55:00,2577.21,1.327e-05
2024-08-16 03:55:12,2576.64,1.327e-05
2024-08-16 03:55:24,2576.96,1.327e-05
2024-08-16 03:55:36,2577.4,1.328e-05
2024-08-16 03:55:48,2577.9,1.328e-05
2024-08-16 03:56:00,2578.4,1.328e-05
2024-08-16 03:56:12,2578.57,1.329e-05
2024-08-16 03:56:24,2578.67,1.329e-05
2024-08-16 03:56:36,2578.95,1.329e-05
2024-08-16 03:56:48,2578.95,1.329e-05
2024-08-16 03:57:00,2578.95,1.329e-05
2024-08-16 03:57:12,2577.7,1.329e-05
2024-08-16 03:57:24,2578.06,1.328e-05
2024-08-16 03:57:36,2579.0,1.329e-05
2024-08-16 03:57:48,2579.19,1.328e-05
2024-08-16 03:58:00,2579.18,1.329e-05
2024-08-16 03:58:12,2579.4,1.329e-05
2024-08-16 03:58:24,2579.4,1.329e-05
2024-08-16 03:58:36,2579.99,1.329e-05
2024-08-16 03:58:48,2580.0,1.33e-05
2024-08-16 03:59:00,2579.99,1.329e-05
2024-08-16 03:59:12,2579.99,1.329e-05
2024-08-16 03:59:24,2580.0,1.329e-05
2024-08-16 03:59:36,2580.08,1.329e-05
2024-08-16 03:59:48,2580.07,1.329e-05
2024-08-16 04:00:00,2580.08,1.329e-05
2024-08-16 04:00:12,2580.53,1.328e-05
2024-08-16 04:00:24,2579.61,1.329e-05
2024-08-16 04:00:36,2579.6,1.328e-05
2024-08-16 04:00:48,2579.12,1.328e-05
2024-08-16 04:01:00,2579.01,1.328e-05
2024-08-16 04:01:12,2578.56,1.328e-05
2024-08-16 04:01:24,2578.57,1.329e-05
2024-08-16 04:01:36,2579.0,1.329e-05
2024-08-16 04:01:48,2579.67,1.329e-05
2024-08-16 04:02:00,2580.65,1.329e-05
2024-08-16 04:02:12,2581.1,1.33e-05
2024-08-16 04:02:24,2581.5,1.33e-05
2024-08-16 04:02:36,2582.0,1.329e-05
2024-08-16 04:02:48,2582.0,1.33e-05
2024-08-16 04:03:00,2582.5,1.33e-05
2024-08-16 04:03:12,2582.61,1.33e-05
2024-08-16 04:03:24,2582.61,1.331e-05
2024-08-16 04:03:36,2582.62,1.331e-05
2024-08-16 04:03:48,2582.92,1.331e-05
2024-08-16 04:04:00,2582.91,1.329e-05
2024-08-16 04:04:12,2584.05,1.33e-05
2024-08-16 04:04:24,2584.05,1.33e-05
2024-08-16 04:04:36,2584.13,1.33e-05
2024-08-16 04:04:48,2584.15,1.33e-05
2024-08-16 04:05:00,2585.19,1.331e-05
2024-08-16 04:05:12,2584.64,1.33e-05
2024-08-16 04:05:24,2585.1,1.331e-05
2024-08-16 04:05:36,2585.09,1.331e-05
2024-08-16 04:05:48,2584.79,1.331e-05
2024-08-16 04:06:00,2585.42,1.33e-05
2024-08-16 04:06:12,2584.92,1.33e-05
2024-08-16 04:06:24,2584.69,1.331e-05
2024-08-16 04:06:36,2584.7,1.331e-05
2024-08-16 04:06:48,2585.4,1.331e-05
2024-08-16 04:07:00,2584.61,1.331e-05
2024-08-16 04:07:12,2584.6,1.331e-05
2024-08-16 04:07:24,2584.6,1.331e-05
2024-08-16 04:07:36,2585.87,1.333e-05
2024-08-16 04:07:48,2586.07,1.332e-05
2024-08-16 04:08:00,2586.68,1.332e-05
2024-08-16 04:08:12,2586.67,1.332e-05
2024-08-16 04:08:24,2586.53,1.332e-05
2024-08-16 04:08:36,2585.74,1.332e-05
2024-08-16 04:08:48,2584.8,1.332e-05
2024-08-16 04:09:00,2584.28,1.332e-05
2024-08-16 04:09:12,2584.13,1.332e-05
2024-08-16 04:09:24,2583.74,1.331e-05
2024-08-16 04:09:36,2584.1,1.332e-05
2024-08-16 04:09:48,2583.81,1.332e-05
2024-08-16 04:10:00,2583.35,1.332e-05
2024-08-16 04:10:12,2583.55,1.332e-05
2024-08-16 04:10:24,2582.74,1.332e-05
2024-08-16 04:10:36,2582.0,1.332e-05
2024-08-16 04:10:48,2580.56,1.331e-05
2024-08-16 04:11:00,2580.36,1.331e-05
2024-08-16 04:11:12,2580.2,1.33e-05
2024-08-16 04:11:24,2580.16,1.331e-05
2024-08-16 04:11:36,2581.85,1.33e-05
2024-08-16 04:11:48,2581.86,1.33e-05
2024-08-16 04:12:00,2581.35,1.33e-05
2024-08-16 04:12:12,2580.47,1.33e-05
2024-08-16 04:12:24,2580.47,1.33e-05
2024-08-16 04:12:36,2580.41,1.33e-05
2024-08-16 04:12:48,2581.23,1.331e-05
2024-08-16 04:13:00,2581.08,1.331e-05
2024-08-16 04:13:12,2581.0,1.331e-05
2024-08-16 04:13:24,2580.18,1.331e-05
2024-08-16 04:13:36,2580.18,1.331e-05
2024-08-16 04:13:48,2580.01,1.331e-05
2024-08-16 04:14:00,2579.2,1.331e-05
2024-08-16 04:14:12,2579.58,1.331e-05
2024-08-16 04:14:24,2580.2,1.33e-05
2024-08-16 04:14:36,2580.61,1.33e-05
2024-08-16 04:14:48,2580.35,1.331e-05
2024-08-16 04:15:00,2580.36,1.331e-05
2024-08-16 04:15:12,2580.05,1.33e-05
2024-08-16 04:15:24,2579.52,1.33e-05
2024-08-16 04:15:36,2580.09,1.33e-05
2024-08-16 04:15:48,2580.13,1.329e-05
2024-08-16 04:16:00,2580.36,1.33e-05
2024-08-16 04:16:12,2580.49,1.33e-05
2024-08-16 04:16:24,2581.01,1.331e-05
2024-08-16 04:16:36,2581.84,1.331e-05
2024-08-16 04:16:48,2581.0,1.33e-05
2024-08-16 04:17:00,2581.01,1.33e-05
2024-08-16 04:17:12,2581.67,1.33e-05
2024-08-16 04:17:24,2581.68,1.33e-05
2024-08-16 04:17:36,2582.8,1.331e-05
2024-08-16 04:17:48,2582.96,1.332e-05
2024-08-16 04:18:00,2582.94,1.332e-05
2024-08-16 04:18:12,2582.3,1.332e-05
2024-08-16 04:18:24,2582.8,1.331e-05
2024-08-16 04:18:36,2583.13,1.332e-05
2024-08-16 04:18:48,2583.55,1.332e-05
2024-08-16 04:19:00,2583.54,1.333e-05
2024-08-16 04:19:12,2583.55,1.333e-05
2024-08-16 04:19:24,2583.59,1.333e-05
2024-08-16 04:19:36,2583.59,1.333e-05
2024-08-16 04:19:48,2582.21,1.332e-05
2024-08-16 04:20:00,2583.26,1.333e-05
2024-08-16 04:20:12,2583.63,1.333e-05
2024-08-16 04:20:24,2583.29,1.332e-05
2024-08-16 04:20:36,2583.3,1.332e-05
2024-08-16 04:20:48,2583.8,1.332e-05
2024-08-16 04:21:00,2583.29,1.331e-05
2024-08-16 04:21:12,2583.29,1.331e-05
2024-08-16 04:21:24,2583.36,1.331e-05
2024-08-16 04:21:36,2583.36,1.331e-05
2024-08-16 04:21:48,2583.36,1.331e-05
2024-08-16 04:22:00,2583.72,1.331e-05
2024-08-16 04:22:12,2584.72,1.332e-05
2024-08-16 04:22:24,2584.41,1.332e-05
2024-08-16 04:22:36,2584.49,1.332e-05
2024-08-16 04:22:48,2585.23,1.332e-05
2024-08-16 04:23:00,2585.23,1.332e-05
2024-08-16 04:23:12,2585.23,1.333e-05
2024-08-16 04:23:24,2584.83,1.333e-05
2024-08-16 04:23:36,2584.41,1.333e-05
2024-08-16 04:23:48,2584.6,1.332e-05
2024-08-16 04:24:00,2584.76,1.333e-05
2024-08-16 04:24:12,2585.67,1.333e-05
2024-08-16 04:24:24,2586.02,1.333e-05
2024-08-16 04:24:36,2585.4,1.333e-05
2024-08-16 04:24:48,2586.84,1.333e-05
2024-08-16 04:25:00,2586.98,1.334e-05
2024-08-16 04:25:12,2586.85,1.334e-05
2024-08-16 04:25:24,2587.99,1.335e-05
2024-08-16 04:25:36,2587.99,1.334e-05
2024-08-16 04:25:48,2587.27,1.334e-05
2024-08-16 04:26:00,2587.59,1.334e-05
2024-08-16 04:26:12,2587.41,1.334e-05
2024-08-16 04:26:24,2586.81,1.333e-05
2024-08-16 04:26:36,2587.99,1.334e-05
2024-08-16 04:26:48,2587.69,1.334e-05
2024-08-16 04:27:00,2587.8,1.334e-05
2024-08-16 04:27:12,2587.48,1.335e-05
2024-08-16 04:27:24,2587.07,1.335e-05
2024-08-16 04:27:36,2587.71,1.335e-05
2024-08-16 04:27:48,2588.2,1.336e-05
2024-08-16 04:28:00,2587.33,1.334e-05
2024-08-16 04:28:12,2587.08,1.334e-05
2024-08-16 04:28:24,2587.08,1.334e-05
2024-08-16 04:28:36,2588.04,1.335e-05
2024-08-16 04:28:48,2588.04,1.335e-05
2024-08-16 04:29:00,2587.69,1.335e-05
2024-08-16 04:29:12,2587.68,1.335e-05
2024-08-16 04:29:24,2587.69,1.335e-05
2024-08-16 04:29:36,2587.68,1.335e-05
2024-08-16 04:29:48,2587.69,1.335e-05
2024-08-16 04:30:00,2587.8,1.335e-05
2024-08-16 04:30:12,2588.74,1.335e-05
2024-08-16 04:30:24,2588.25,1.335e-05
2024-08-16 04:30:36,2587.69,1.335e-05
2024-08-16 04:30:48,2587.69,1.336e-05
2024-08-16 04:31:00,2587.68,1.335e-05
2024-08-16 04:31:12,2587.8,1.336e-05
2024-08-16 04:31:24,2587.44,1.335e-05
2024-08-16 04:31:36,2588.01,1.336e-05
2024-08-16 04:31:48,2587.67,1.336e-05
2024-08-16 04:32:00,2587.64,1.335e-05
2024-08-16 04:32:12,2585.9,1.334e-05
2024-08-16 04:32:24,2584.53,1.333e-05
2024-08-16 04:32:36,2584.95,1.335e-05
2024-08-16 04:32:48,2584.86,1.335e-05
2024-08-16 04:33:00,2584.64,1.334e-05
2024-08-16 04:33:12,2584.84,1.334e-05
2024-08-16 04:33:24,2586.06,1.336e-05
2024-08-16 04:33:36,2585.9,1.335e-05
2024-08-16 04:33:48,2586.9,1.335e-05
2024-08-16 04:34:00,2587.9,1.336e-05
2024-08-16 04:34:12,2587.74,1.336e-05
2024-08-16 04:34:24,2588.19,1.337e-05
2024-08-16 04:34:36,2587.89,1.337e-05
2024-08-16 04:34:48,2587.26,1.336e-05
2024-08-16 04:35:00,2587.15,1.336e-05
2024-08-16 04:35:12,2587.45,1.335e-05
2024-08-16 04:35:24,2586.94,1.336e-05
2024-08-16 04:35:36,2586.0,1.335e-05
2024-08-16 04:35:48,2586.67,1.335e-05
2024-08-16 04:36:00,2586.66,1.335e-05
2024-08-16 04:36:12,2587.53,1.336e-05
2024-08-16 04:36:24,2587.7,1.337e-05
2024-08-16 04:36:36,2587.63,1.337e-05
2024-08-16 04:36:48,2587.55,1.336e-05
2024-08-16 04:37:00,2587.55,1.335e-05
2024-08-16 04:37:12,2587.7,1.335e-05
2024-08-16 04:37:24,2587.7,1.336e-05
2024-08-16 04:37:36,2587.7,1.335e-05
2024-08-16 04:37:48,2587.62,1.335e-05
2024-08-16 04:38:00,2587.68,1.335e-05
2024-08-16 04:38:12,2587.7,1.335e-05
2024-08-16 04:38:24,2587.69,1.335e-05
2024-08-16 04:38:36,2587.69,1.335e-05
2024-08-16 04:38:48,2587.41,1.336e-05
2024-08-16 04:39:00,2587.17,1.336e-05
2024-08-16 04:39:12,2587.4,1.336e-05
2024-08-16 04:39:24,2588.51,1.336e-05
2024-08-16 04:39:36,2588.7,1.336e-05
2024-08-16 04:39:48,2588.31,1.337e-05
2024-08-16 04:40:00,2588.96,1.336e-05
2024-08-16 04:40:12,2588.81,1.336e-05
2024-08-16 04:40:24,2588.21,1.335e-05
2024-08-16 04:40:36,2587.8,1.335e-05
2024-08-16 04:40:48,2588.32,1.336e-05
2024-08-16 04:41:00,2588.32,1.335e-05
2024-08-16 04:41:12,2588.11,1.335e-05
2024-08-16 04:41:24,2588.36,1.335e-05
2024-08-16 04:41:36,2589.67,1.336e-05
2024-08-16 04:41:48,2589.71,1.336e-05
2024-08-16 04:42:00,2590.19,1.336e-05
2024-08-16 04:42:12,2590.6,1.338e-05
2024-08-16 04:42:24,2590.6,1.337e-05
2024-08-16 04:42:36,2590.6,1.337e-05
2024-08-16 04:42:48,2590.18,1.337e-05
2024-08-16 04:43:00,2589.91,1.337e-05
2024-08-16 04:43:12,2589.21,1.338e-05
2024-08-16 04:43:24,2589.22,1.338e-05
2024-08-16 04:43:36,2589.0,1.338e-05
2024-08-16 04:43:48,2588.41,1.336e-05
2024-08-16 04:44:00,2588.7,1.336e-05
2024-08-16 04:44:12,2589.33,1.337e-05
2024-08-16 04:44:24,2589.71,1.337e-05
2024-08-16 04:44:36,2589.59,1.336e-05
2024-08-16 04:44:48,2589.59,1.336e-05
2024-08-16 04:45:00,2589.58,1.337e-05
2024-08-16 04:45:12,2589.98,1.337e-05
2024-08-16 04:45:24,2590.74,1.338e-05
2024-08-16 04:45:36,2591.98,1.338e-05
2024-08-16 04:45:48,2592.26,1.338e-05
2024-08-16 04:46:00,2591.95,1.338e-05
2024-08-16 04:46:12,2591.53,1.337e-05
2024-08-16 04:46:24,2591.11,1.336e-05
2024-08-16 04:46:36,2591.23,1.337e-05
2024-08-16 04:46:48,2593.31,1.338e-05
2024-08-16 04:47:00,2593.06,1.338e-05
2024-08-16 04:47:12,2592.24,1.337e-05
2024-08-16 04:47:24,2591.72,1.338e-05
2024-08-16 04:47:36,2593.0,1.337e-05
2024-08-16 04:47:48,2592.99,1.338e-05
2024-08-16 04:48:00,2591.68,1.338e-05
2024-08-16 04:48:12,2591.7,1.338e-05
2024-08-16 04:48:24,2592.19,1.338e-05
2024-08-16 04:48:36,2592.18,1.338e-05
2024-08-16 04:48:48,2591.42,1.337e-05
2024-08-16 04:49:00,2590.81,1.337e-05
2024-08-16 04:49:12,2590.55,1.337e-05
2024-08-16 04:49:24,2590.55,1.337e-05
2024-08-16 04:49:36,2590.6,1.337e-05
2024-08-16 04:49:48,2590.44,1.337e-05
2024-08-16 04:50:00,2589.64,1.337e-05
2024-08-16 04:50:12,2588.9,1.336e-05
2024-08-16 04:50:24,2587.8,1.336e-05
2024-08-16 04:50:36,2587.01,1.335e-05
2024-08-16 04:50:48,2587.2,1.335e-05
2024-08-16 04:51:00,2587.99,1.335e-05
2024-08-16 04:51:12,2588.2,1.335e-05
2024-08-16 04:51:24,2588.6,1.335e-05
2024-08-16 04:51:36,2588.59,1.336e-05
2024-08-16 04:51:48,2589.46,1.336e-05
2024-08-16 04:52:00,2590.6,1.336e-05
2024-08-16 04:52:12,2590.74,1.337e-05
2024-08-16 04:52:24,2590.52,1.336e-05
2024-08-16 04:52:36,2590.02,1.336e-05
2024-08-16 04:52:48,2590.31,1.336e-05
2024-08-16 04:53:00,2590.46,1.337e-05
2024-08-16 04:53:12,2590.5,1.337e-05
2024-08-16 04:53:24,2591.34,1.336e-05
2024-08-16 04:53:36,2591.59,1.337e-05
2024-08-16 04:53:48,2591.6,1.337e-05
2024-08-16 04:54:00,2591.65,1.338e-05
2024-08-16 04:54:12,2591.4,1.337e-05
2024-08-16 04:54:24,2591.0,1.338e-05
2024-08-16 04:54:36,2590.91,1.338e-05
2024-08-16 04:54:48,2590.9,1.337e-05
2024-08-16 04:55:00,2590.9,1.337e-05
2024-08-16 04:55:12,2590.91,1.337e-05
2024-08-16 04:55:24,2591.67,1.337e-05
2024-08-16 04:55:36,2591.66,1.337e-05
2024-08-16 04:55:48,2591.67,1.337e-05
2024-08-16 04:56:00,2592.0,1.337e-05
2024-08-16 04:56:12,2593.99,1.338e-05
2024-08-16 04:56:24,2594.2,1.338e-05
2024-08-16 04:56:36,2594.89,1.338e-05
2024-08-16 04:56:48,2595.15,1.338e-05
2024-08-16 04:57:00,2595.15,1.338e-05
2024-08-16 04:57:12,2597.11,1.338e-05
2024-08-16 04:57:24,2597.06,1.338e-05
2024-08-16 04:57:36,2597.07,1.339e-05
2024-08-16 04:57:48,2596.85,1.338e-05
2024-08-16 04:58:00,2595.4,1.339e-05
2024-08-16 04:58:12,2595.4,1.339e-05
2024-08-16 04:58:24,2595.8,1.338e-05
2024-08-16 04:58:36,2596.8,1.338e-05
2024-08-16 04:58:48,2597.01,1.339e-05
2024-08-16 04:59:00,2597.99,1.339e-05
2024-08-16 04:59:12,2597.25,1.339e-05
2024-08-16 04:59:24,2597.38,1.339e-05
2024-08-16 04:59:36,2597.21,1.339e-05
2024-08-16 04:59:48,2596.21,1.339e-05
2024-08-16 05:00:00,2597.13,1.339e-05
2024-08-16 05:00:12,2596.47,1.339e-05
2024-08-16 05:00:24,2595.88,1.339e-05
2024-08-16 05:00:36,2595.91,1.338e-05
2024-08-16 05:00:48,2596.31,1.338e-05
2024-08-16 05:01:00,2596.23,1.339e-05
2024-08-16 05:01:12,2595.82,1.339e-05
2024-08-16 05:01:24,2595.66,1.339e-05
2024-08-16 05:01:36,2596.77,1.339e-05
2024-08-16 05:01:48,2596.79,1.339e-05
2024-08-16 05:02:00,2597.38,1.338e-05
2024-08-16 05:02:12,2599.6,1.339e-05
2024-08-16 05:02:24,2599.61,1.34e-05
2024-08-16 05:02:36,2600.0,1.339e-05
2024-08-16 05:02:48,2598.55,1.339e-05
2024-08-16 05:03:00,2598.65,1.339e-05
2024-08-16 05:03:12,2600.0,1.34e-05
2024-08-16 05:03:24,2599.73,1.339e-05
2024-08-16 05:03:36,2598.4,1.339e-05
2024-08-16 05:03:48,2597.61,1.338e-05
2024-08-16 05:04:00,2596.2,1.338e-05
2024-08-16 05:04:12,2595.74,1.338e-05
2024-08-16 05:04:24,2595.75,1.337e-05
2024-08-16 05:04:36,2595.61,1.338e-05
2024-08-16 05:04:48,2596.38,1.339e-05
2024-08-16 05:05:00,2596.38,1.339e-05
2024-08-16 05:05:12,2594.63,1.338e-05
2024-08-16 05:05:24,2593.85,1.337e-05
2024-08-16 05:05:36,2594.51,1.337e-05
2024-08-16 05:05:48,2594.65,1.337e-05
2024-08-16 05:06:00,2595.59,1.337e-05
2024-08-16 05:06:12,2595.03,1.337e-05
2024-08-16 05:06:24,2594.19,1.337e-05
2024-08-16 05:06:36,2595.11,1.338e-05
2024-08-16 05:06:48,2595.0,1.338e-05
2024-08-16 05:07:00,2594.39,1.338e-05
2024-08-16 05:07:12,2594.61,1.338e-05
2024-08-16 05:07:24,2595.39,1.338e-05
2024-08-16 05:07:36,2595.39,1.338e-05
2024-08-16 05:07:48,2595.91,1.339e-05
2024-08-16 05:08:00,2595.91,1.339e-05
2024-08-16 05:08:12,2595.91,1.339e-05
2024-08-16 05:08:24,2595.9,1.339e-05
2024-08-16 05:08:36,2594.69,1.339e-05
2024-08-16 05:08:48,2593.8,1.338e-05
2024-08-16 05:09:00,2593.81,1.339e-05
2024-08-16 05:09:12,2593.8,1.339e-05
2024-08-16 05:09:24,2593.27,1.338e-05
2024-08-16 05:09:36,2593.25,1.337e-05
2024-08-16 05:09:48,2593.8,1.337e-05
2024-08-16 05:10:00,2593.81,1.338e-05
2024-08-16 05:10:12,2594.42,1.338e-05
2024-08-16 05:10:24,2594.54,1.338e-05
2024-08-16 05:10:36,2593.61,1.338e-05
2024-08-16 05:10:48,2593.4,1.338e-05
2024-08-16 05:11:00,2594.05,1.337e-05
2024-08-16 05:11:12,2594.27,1.337e-05
2024-08-16 05:11:24,2593.4,1.337e-05
2024-08-16 05:11:36,2593.41,1.337e-05
2024-08-16 05:11:48,2593.4,1.337e-05
2024-08-16 05:12:00,2593.41,1.337e-05
2024-08-16 05:12:12,2593.41,1.337e-05
2024-08-16 05:12:24,2592.89,1.337e-05
2024-08-16 05:12:36,2592.68,1.338e-05
2024-08-16 05:12:48,2592.97,1.337e-05
2024-08-16 05:13:00,2593.26,1.337e-05
2024-08-16 05:13:12,2593.91,1.337e-05
2024-08-16 05:13:24,2594.1,1.337e-05
2024-08-16 05:13:36,2593.2,1.338e-05
2024-08-16 05:13:48,2593.21,1.338e-05
2024-08-16 05:14:00,2593.19,1.338e-05
2024-08-16 05:14:12,2593.03,1.338e-05
2024-08-16 05:14:24,2593.0,1.338e-05
2024-08-16 05:14:36,2593.0,1.338e-05
2024-08-16 05:14:48,2593.01,1.338e-05
2024-08-16 05:15:00,2593.26,1.337e-05
2024-08-16 05:15:12,2593.84,1.337e-05
2024-08-16 05:15:24,2594.13,1.337e-05
2024-08-16 05:15:36,2592.77,1.338e-05
2024-08-16 05:15:48,2593.6,1.338e-05
2024-08-16 05:16:00,2593.22,1.338e-05
2024-08-16 05:16:12,2595.45,1.338e-05
2024-08-16 05:16:24,2595.48,1.339e-05
2024-08-16 05:16:36,2595.49,1.339e-05
2024-08-16 05:16:48,2594.95,1.338e-05
2024-08-16 05:17:00,2595.19,1.339e-05
2024-08-16 05:17:12,2595.38,1.338e-05
2024-08-16 05:17:24,2594.44,1.337e-05
2024-08-16 05:17:36,2595.59,1.337e-05
2024-08-16 05:17:48,2596.61,1.338e-05
2024-08-16 05:18:00,2595.83,1.338e-05
2024-08-16 05:18:12,2596.2,1.338e-05
2024-08-16 05:18:24,2596.33,1.337e-05
2024-08-16 05:18:36,2595.84,1.337e-05
2024-08-16 05:18:48,2595.99,1.337e-05
2024-08-16 05:19:00,2595.99,1.338e-05
2024-08-16 05:19:12,2595.81,1.338e-05
2024-08-16 05:19:24,2595.97,1.338e-05
2024-08-16 05:19:36,2596.36,1.338e-05
2024-08-16 05:19:48,2595.41,1.338e-05
2024-08-16 05:20:00,2595.67,1.338e-05
2024-08-16 05:20:12,2596.15,1.338e-05
2024-08-16 05:20:24,2596.16,1.338e-05
2024-08-16 05:20:36,2596.16,1.338e-05
2024-08-16 05:20:48,2596.52,1.338e-05
2024-08-16 05:21:00,2596.52,1.338e-05
2024-08-16 05:21:12,2596.51,1.338e-05
2024-08-16 05:21:24,2598.49,1.339e-05
2024-08-16 05:21:36,2600.39,1.339e-05
2024-08-16 05:21:48,2598.2,1.339e-05
2024-08-16 05:22:00,2597.6,1.34e-05
2024-08-16 05:22:12,2598.72,1.339e-05
2024-08-16 05:22:24,2598.55,1.339e-05
2024-08-16 05:22:36,2598.72,1.339e-05
2024-08-16 05:22:48,2600.2,1.339e-05
2024-08-16 05:23:00,2600.63,1.339e-05
2024-08-16 05:23:12,2599.65,1.339e-05
2024-08-16 05:23:24,2599.27,1.338e-05
2024-08-16 05:23:36,2599.21,1.338e-05
2024-08-16 05:23:48,2599.04,1.338e-05
2024-08-16 05:24:00,2597.0,1.338e-05
2024-08-16 05:24:12,2596.4,1.337e-05
2024-08-16 05:24:24,2597.04,1.336e-05
2024-08-16 05:24:36,2596.81,1.336e-05
2024-08-16 05:24:48,2596.6,1.336e-05
2024-08-16 05:25:00,2596.3,1.337e-05
2024-08-16 05:25:12,2596.75,1.337e-05
2024-08-16 05:25:24,2597.85,1.336e-05
2024-08-16 05:25:36,2597.81,1.336e-05
2024-08-16 05:25:48,2598.31,1.336e-05
2024-08-16 05:26:00,2598.92,1.336e-05
2024-08-16 05:26:12,2599.99,1.338e-05
2024-08-16 05:26:24,2599.61,1.338e-05
2024-08-16 05:26:36,2600.83,1.338e-05
2024-08-16 05:26:48,2601.35,1.337e-05
2024-08-16 05:27:00,2601.09,1.337e-05
2024-08-16 05:27:12,2601.01,1.337e-05
2024-08-16 05:27:24,2601.08,1.337e-05
2024-08-16 05:27:36,2602.49,1.338e-05
2024-08-16 05:27:48,2602.5,1.338e-05
2024-08-16 05:28:00,2599.22,1.338e-05
2024-08-16 05:28:12,2601.03,1.337e-05
2024-08-16 05:28:24,2599.44,1.337e-05
2024-08-16 05:28:36,2599.39,1.337e-05
2024-08-16 05:28:48,2599.5,1.337e-05
2024-08-16 05:29:00,2599.4,1.337e-05
2024-08-16 05:29:12,2599.6,1.337e-05
2024-08-16 05:29:24,2599.06,1.337e-05
2024-08-16 05:29:36,2599.39,1.337e-05
2024-08-16 05:29:48,2599.39,1.337e-05
2024-08-16 05:30:00,2600.0,1.337e-05
2024-08-16 05:30:12,2600.3,1.337e-05
2024-08-16 05:30:24,2600.81,1.337e-05
2024-08-16 05:30:36,2602.45,1.338e-05
2024-08-16 05:30:48,2600.66,1.337e-05
2024-08-16 05:31:00,2601.56,1.337e-05
2024-08-16 05:31:12,2601.88,1.337e-05
2024-08-16 05:31:24,2601.9,1.338e-05
2024-08-16 05:31:36,2602.07,1.338e-05
2024-08-16 05:31:48,2602.56,1.338e-05
2024-08-16 05:32:00,2602.91,1.339e-05
2024-08-16 05:32:12,2603.85,1.339e-05
2024-08-16 05:32:24,2603.59,1.338e-05
2024-08-16 05:32:36,2603.81,1.338e-05
2024-08-16 05:32:48,2603.99,1.337e-05
2024-08-16 05:33:00,2604.07,1.337e-05
2024-08-16 05:33:12,2604.21,1.338e-05
2024-08-16 05:33:24,2604.4,1.338e-05
2024-08-16 05:33:36,2603.85,1.339e-05
2024-08-16 05:33:48,2602.0,1.338e-05
2024-08-16 05:34:00,2602.4,1.339e-05
2024-08-16 05:34:12,2601.8,1.339e-05
2024-08-16 05:34:24,2602.38,1.339e-05
2024-08-16 05:34:36,2601.88,1.339e-05
2024-08-16 05:34:48,2601.6,1.339e-05
2024-08-16 05:35:00,2601.2,1.338e-05
2024-08-16 05:35:12,2600.46,1.338e-05
2024-08-16 05:35:24,2601.6,1.338e-05
2024-08-16 05:35:36,2600.4,1.338e-05
2024-08-16 05:35:48,2599.9,1.338e-05
2024-08-16 05:36:00,2600.39,1.338e-05
2024-08-16 05:36:12,2600.11,1.337e-05
2024-08-16 05:36:24,2600.11,1.337e-05
2024-08-16 05:36:36,2599.8,1.337e-05
2024-08-16 05:36:48,2599.8,1.337e-05
2024-08-16 05:37:00,2599.8,1.338e-05
2024-08-16 05:37:12,2599.09,1.338e-05
2024-08-16 05:37:24,2599.19,1.339e-05
2024-08-16 05:37:36,2598.7,1.338e-05
2024-08-16 05:37:48,2600.88,1.338e-05
2024-08-16 05:38:00,2600.79,1.339e-05
2024-08-16 05:38:12,2599.63,1.339e-05
2024-08-16 05:38:24,2600.2,1.339e-05
2024-08-16 05:38:36,2600.37,1.338e-05
2024-08-16 05:38:48,2600.01,1.339e-05
2024-08-16 05:39:00,2601.17,1.338e-05
2024-08-16 05:39:12,2601.45,1.338e-05
2024-08-16 05:39:24,2601.44,1.338e-05
2024-08-16 05:39:36,2601.84,1.339e-05
2024-08-16 05:39:48,2601.8,1.34e-05
2024-08-16 05:40:00,2601.79,1.34e-05
2024-08-16 05:40:12,2601.21,1.339e-05
2024-08-16 05:40:24,2601.0,1.339e-05
2024-08-16 05:40:36,2600.9,1.339e-05
2024-08-16 05:40:48,2600.41,1.34e-05
2024-08-16 05:41:00,2600.84,1.34e-05
2024-08-16 05:41:12,2601.41,1.339e-05
2024-08-16 05:41:24,2602.0,1.34e-05
2024-08-16 05:41:36,2601.07,1.339e-05
2024-08-16 05:41:48,2600.81,1.339e-05
2024-08-16 05:42:00,2600.01,1.339e-05
2024-08-16 05:42:12,2600.01,1.339e-05
2024-08-16 05:42:24,2600.0,1.338e-05
2024-08-16 05:42:36,2600.01,1.339e-05
2024-08-16 05:42:48,2600.01,1.338e-05
2024-08-16 05:43:00,2601.38,1.339e-05
2024-08-16 05:43:12,2601.6,1.339e-05
2024-08-16 05:43:24,2601.2,1.339e-05
2024-08-16 05:43:36,2601.21,1.339e-05
2024-08-16 05:43:48,2601.3,1.339e-05
2024-08-16 05:44:00,2601.3,1.339e-05
2024-08-16 05:44:12,2601.29,1.339e-05
2024-08-16 05:44:24,2601.34,1.339e-05
2024-08-16 05:44:36,2602.05,1.339e-05
2024-08-16 05:44:48,2602.06,1.339e-05
2024-08-16 05:45:00,2602.32,1.34e-05
2024-08-16 05:45:12,2600.02,1.338e-05
2024-08-16 05:45:24,2600.37,1.338e-05
2024-08-16 05:45:36,2600.0,1.339e-05
2024-08-16 05:45:48,2600.8,1.338e-05
2024-08-16 05:46:00,2600.79,1.338e-05
2024-08-16 05:46:12,2600.6,1.338e-05
2024-08-16 05:46:24,2599.5,1.338e-05
2024-08-16 05:46:36,2599.5,1.338e-05
2024-08-16 05:46:48,2599.9,1.339e-05
2024-08-16 05:47:00,2599.9,1.338e-05
2024-08-16 05:47:12,2601.6,1.34e-05
2024-08-16 05:47:24,2601.52,1.339e-05
2024-08-16 05:47:36,2601.35,1.339e-05
2024-08-16 05:47:48,2601.36,1.34e-05
2024-08-16 05:48:00,2600.79,1.34e-05
2024-08-16 05:48:12,2599.36,1.339e-05
2024-08-16 05:48:24,2598.95,1.338e-05
2024-08-16 05:48:36,2598.18,1.339e-05
2024-08-16 05:48:48,2598.8,1.338e-05
2024-08-16 05:49:00,2599.19,1.338e-05
2024-08-16 05:49:12,2598.89,1.339e-05
2024-08-16 05:49:24,2598.87,1.339e-05
2024-08-16 05:49:36,2598.99,1.339e-05
2024-08-16 05:49:48,2599.0,1.339e-05
2024-08-16 05:50:00,2598.86,1.339e-05
2024-08-16 05:50:12,2599.0,1.339e-05
2024-08-16 05:50:24,2599.05,1.338e-05
2024-08-16 05:50:36,2600.32,1.339e-05
2024-08-16 05:50:48,2600.54,1.339e-05
2024-08-16 05:51:00,2600.53,1.34e-05
2024-08-16 05:51:12,2599.94,1.34e-05
2024-08-16 05:51:24,2598.92,1.339e-05
2024-08-16 05:51:36,2599.16,1.339e-05
2024-08-16 05:51:48,2599.41,1.338e-05
2024-08-16 05:52:00,2599.1,1.339e-05
2024-08-16 05:52:12,2599.54,1.34e-05
2024-08-16 05:52:24,2599.99,1.34e-05
2024-08-16 05:52:36,2599.98,1.34e-05
2024-08-16 05:52:48,2599.77,1.34e-05
2024-08-16 05:53:00,2599.86,1.34e-05
2024-08-16 05:53:12,2599.47,1.34e-05
2024-08-16 05:53:24,2599.27,1.34e-05
2024-08-16 05:53:36,2599.28,1.34e-05
2024-08-16 05:53:48,2599.27,1.34e-05
2024-08-16 05:54:00,2599.28,1.339e-05
2024-08-16 05:54:12,2599.28,1.339e-05
2024-08-16 05:54:24,2599.28,1.339e-05
2024-08-16 05:54:36,2599.67,1.339e-05
2024-08-16 05:54:48,2599.67,1.339e-05
2024-08-16 05:55:00,2599.98,1.339e-05
2024-08-16 05:55:12,2599.99,1.339e-05
2024-08-16 05:55:24,2599.99,1.339e-05
2024-08-16 05:55:36,2600.67,1.339e-05
2024-08-16 05:55:48,2600.61,1.34e-05
2024-08-16 05:56:00,2600.6,1.34e-05
2024-08-16 05:56:12,2600.75,1.339e-05
2024-08-16 05:56:24,2600.2,1.339e-05
2024-08-16 05:56:36,2599.81,1.339e-05
2024-08-16 05:56:48,2599.96,1.339e-05
2024-08-16 05:57:00,2599.97,1.339e-05
2024-08-16 05:57:12,2599.65,1.339e-05
2024-08-16 05:57:24,2599.64,1.339e-05
2024-08-16 05:57:36,2599.57,1.339e-05
2024-08-16 05:57:48,2598.61,1.339e-05
2024-08-16 05:58:00,2598.4,1.34e-05
2024-08-16 05:58:12,2597.61,1.34e-05
2024-08-16 05:58:24,2597.69,1.339e-05
2024-08-16 05:58:36,2597.69,1.34e-05
2024-08-16 05:58:48,2597.8,1.339e-05
2024-08-16 05:59:00,2597.79,1.339e-05
2024-08-16 05:59:12,2596.9,1.339e-05
2024-08-16 05:59:24,2596.9,1.338e-05
2024-08-16 05:59:36,2597.68,1.339e-05
2024-08-16 05:59:48,2597.06,1.339e-05
2024-08-16 06:00:00,2596.91,1.338e-05
2024-08-16 06:00:12,2596.92,1.338e-05
2024-08-16 06:00:24,2597.79,1.339e-05
2024-08-16 06:00:36,2597.27,1.338e-05
2024-08-16 06:00:48,2598.8,1.338e-05
2024-08-16 06:01:00,2598.85,1.338e-05
2024-08-16 06:01:12,2597.6,1.337e-05
2024-08-16 06:01:24,2597.83,1.336e-05
2024-08-16 06:01:36,2597.84,1.337e-05
2024-08-16 06:01:48,2597.84,1.336e-05
2024-08-16 06:02:00,2596.01,1.336e-05
2024-08-16 06:02:12,2595.83,1.335e-05
2024-08-16 06:02:24,2594.3,1.335e-05
2024-08-16 06:02:36,2594.3,1.336e-05
2024-08-16 06:02:48,2595.78,1.336e-05
2024-08-16 06:03:00,2595.27,1.336e-05
2024-08-16 06:03:12,2593.6,1.336e-05
2024-08-16 06:03:24,2594.8,1.336e-05
2024-08-16 06:03:36,2595.0,1.336e-05
2024-08-16 06:03:48,2596.15,1.336e-05
2024-08-16 06:04:00,2597.58,1.338e-05
2024-08-16 06:04:12,2597.47,1.337e-05
2024-08-16 06:04:24,2597.83,1.338e-05
2024-08-16 06:04:36,2598.97,1.337e-05
2024-08-16 06:04:48,2599.79,1.338e-05
2024-08-16 06:05:00,2599.79,1.338e-05
2024-08-16 06:05:12,2600.94,1.337e-05
2024-08-16 06:05:24,2600.95,1.337e-05
2024-08-16 06:05:36,2600.94,1.338e-05
2024-08-16 06:05:48,2602.19,1.337e-05
2024-08-16 06:06:00,2604.1,1.339e-05
2024-08-16 06:06:12,2604.01,1.338e-05
2024-08-16 06:06:24,2604.51,1.339e-05
2024-08-16 06:06:36,2606.06,1.339e-05
2024-08-16 06:06:48,2604.69,1.339e-05
2024-08-16 06:07:00,2605.64,1.339e-05
2024-08-16 06:07:12,2607.77,1.34e-05
2024-08-16 06:07:24,2609.26,1.341e-05
2024-08-16 06:07:36,2607.3,1.341e-05
2024-08-16 06:07:48,2606.81,1.34e-05
2024-08-16 06:08:00,2606.49,1.34e-05
2024-08-16 06:08:12,2604.81,1.339e-05
2024-08-16 06:08:24,2605.0,1.34e-05
2024-08-16 06:08:36,2604.81,1.339e-05
2024-08-16 06:08:48,2604.8,1.339e-05
2024-08-16 06:09:00,2606.21,1.34e-05
2024-08-16 06:09:12,2606.33,1.341e-05
2024-08-16 06:09:24,2604.67,1.339e-05
2024-08-16 06:09:36,2605.91,1.34e-05
2024-08-16 06:09:48,2605.44,1.34e-05
2024-08-16 06:10:00,2605.95,1.34e-05
2024-08-16 06:10:12,2605.32,1.339e-05
2024-08-16 06:10:24,2607.8,1.34e-05
2024-08-16 06:10:36,2607.97,1.34e-05
2024-08-16 06:10:48,2607.82,1.34e-05
2024-08-16 06:11:00,2606.4,1.34e-05
2024-08-16 06:11:12,2605.44,1.339e-05
2024-08-16 06:11:24,2607.6,1.34e-05
2024-08-16 06:11:36,2608.0,1.341e-05
2024-08-16 06:11:48,2607.99,1.341e-05
2024-08-16 06:12:00,2608.31,1.34e-05
2024-08-16 06:12:12,2608.51,1.34e-05
2024-08-16 06:12:24,2608.23,1.341e-05
2024-08-16 06:12:36,2608.1,1.341e-05
2024-08-16 06:12:48,2608.12,1.34e-05
2024-08-16 06:13:00,2608.12,1.34e-05
2024-08-16 06:13:12,2608.12,1.34e-05
2024-08-16 06:13:24,2607.86,1.341e-05
2024-08-16 06:13:36,2607.4,1.341e-05
2024-08-16 06:13:48,2606.95,1.341e-05
2024-08-16 06:14:00,2608.12,1.341e-05
2024-08-16 06:14:12,2607.71,1.341e-05
2024-08-16 06:14:24,2607.92,1.34e-05
2024-08-16 06:14:36,2607.65,1.34e-05
2024-08-16 06:14:48,2607.4,1.34e-05
2024-08-16 06:15:00,2606.76,1.341e-05
2024-08-16 06:15:12,2607.92,1.341e-05
2024-08-16 06:15:24,2607.89,1.341e-05
2024-08-16 06:15:36,2607.93,1.341e-05
2024-08-16 06:15:48,2608.81,1.341e-05
2024-08-16 06:16:00,2608.81,1.34e-05
2024-08-16 06:16:12,2608.79,1.34e-05
2024-08-16 06:16:24,2608.98,1.342e-05
2024-08-16 06:16:36,2609.4,1.342e-05
2024-08-16 06:16:48,2609.39,1.342e-05
2024-08-16 06:17:00,2609.29,1.342e-05
2024-08-16 06:17:12,2609.29,1.341e-05
2024-08-16 06:17:24,2609.3,1.342e-05
2024-08-16 06:17:36,2609.3,1.342e-05
2024-08-16 06:17:48,2609.29,1.341e-05
2024-08-16 06:18:00,2609.29,1.342e-05
2024-08-16 06:18:12,2609.3,1.342e-05
2024-08-16 06:18:24,2609.61,1.342e-05
2024-08-16 06:18:36,2610.68,1.341e-05
2024-08-16 06:18:48,2611.85,1.342e-05
2024-08-16 06:19:00,2611.52,1.342e-05
2024-08-16 06:19:12,2611.2,1.341e-05
2024-08-16 06:19:24,2611.74,1.342e-05
2024-08-16 06:19:36,2611.5,1.342e-05
2024-08-16 06:19:48,2610.54,1.342e-05
2024-08-16 06:20:00,2610.23,1.342e-05
2024-08-16 06:20:12,2608.99,1.341e-05
2024-08-16 06:20:24,2608.58,1.34e-05
2024-08-16 06:20:36,2609.03,1.341e-05
2024-08-16 06:20:48,2608.22,1.341e-05
2024-08-16 06:21:00,2608.1,1.341e-05
2024-08-16 06:21:12,2607.4,1.341e-05
2024-08-16 06:21:24,2607.78,1.341e-05
2024-08-16 06:21:36,2606.81,1.34e-05
2024-08-16 06:21:48,2606.53,1.339e-05
2024-08-16 06:22:00,2605.99,1.339e-05
2024-08-16 06:22:12,2608.2,1.34e-05
2024-08-16 06:22:24,2607.74,1.341e-05
2024-08-16 06:22:36,2607.34,1.341e-05
2024-08-16 06:22:48,2607.0,1.341e-05
2024-08-16 06:23:00,2605.41,1.34e-05
2024-08-16 06:23:12,2605.42,1.34e-05
2024-08-16 06:23:24,2605.41,1.339e-05
2024-08-16 06:23:36,2604.66,1.339e-05
2024-08-16 06:23:48,2604.79,1.339e-05
2024-08-16 06:24:00,2604.79,1.339e-05
2024-08-16 06:24:12,2605.73,1.34e-05
2024-08-16 06:24:24,2605.73,1.339e-05
2024-08-16 06:24:36,2605.63,1.339e-05
2024-08-16 06:24:48,2605.4,1.339e-05
2024-08-16 06:25:00,2605.41,1.339e-05
2024-08-16 06:25:12,2605.49,1.339e-05
2024-08-16 06:25:24,2605.48,1.34e-05
2024-08-16 06:25:36,2605.49,1.34e-05
2024-08-16 06:25:48,2606.83,1.339e-05
2024-08-16 06:26:00,2607.98,1.34e-05
2024-08-16 06:26:12,2607.8,1.34e-05
2024-08-16 06:26:24,2605.49,1.339e-05
2024-08-16 06:26:36,2605.2,1.339e-05
2024-08-16 06:26:48,2604.67,1.34e-05
2024-08-16 06:27:00,2605.07,1.34e-05
2024-08-16 06:27:12,2604.97,1.339e-05
2024-08-16 06:27:24,2604.79,1.339e-05
2024-08-16 06:27:36,2605.58,1.339e-05
2024-08-16 06:27:48,2607.2,1.341e-05
2024-08-16 06:28:00,2607.39,1.341e-05
2024-08-16 06:28:12,2607.47,1.341e-05
2024-08-16 06:28:24,2608.5,1.341e-05
2024-08-16 06:28:36,2608.64,1.341e-05
2024-08-16 06:28:48,2608.33,1.341e-05
2024-08-16 06:29:00,2608.69,1.34e-05
2024-08-16 06:29:12,2608.95,1.341e-05
2024-08-16 06:29:24,2609.03,1.34e-05
2024-08-16 06:29:36,2609.49,1.34e-05
2024-08-16 06:29:48,2610.0,1.341e-05
2024-08-16 06:30:00,2610.0,1.341e-05
2024-08-16 06:30:12,2611.84,1.341e-05
2024-08-16 06:30:24,2612.23,1.341e-05
2024-08-16 06:30:36,2612.0,1.341e-05
2024-08-16 06:30:48,2611.82,1.341e-05
2024-08-16 06:31:00,2612.37,1.342e-05
2024-08-16 06:31:12,2612.21,1.341e-05
2024-08-16 06:31:24,2612.65,1.343e-05
2024-08-16 06:31:36,2614.5,1.342e-05
2024-08-16 06:31:48,2613.57,1.342e-05
2024-08-16 06:32:00,2613.82,1.343e-05
2024-08-16 06:32:12,2614.99,1.343e-05
2024-08-16 06:32:24,2613.82,1.342e-05
2024-08-16 06:32:36,2614.06,1.343e-05
2024-08-16 06:32:48,2613.12,1.342e-05
2024-08-16 06:33:00,2613.2,1.343e-05
2024-08-16 06:33:12,2613.52,1.342e-05
2024-08-16 06:33:24,2613.3,1.342e-05
2024-08-16 06:33:36,2613.41,1.342e-05
2024-08-16 06:33:48,2612.83,1.341e-05
2024-08-16 06:34:00,2612.79,1.341e-05
2024-08-16 06:34:12,2613.66,1.342e-05
2024-08-16 06:34:24,2615.9,1.342e-05
2024-08-16 06:34:36,2614.85,1.342e-05
2024-08-16 06:34:48,2613.81,1.342e-05
2024-08-16 06:35:00,2613.85,1.343e-05
2024-08-16 06:35:12,2616.15,1.344e-05
2024-08-16 06:35:24,2616.15,1.343e-05
2024-08-16 06:35:36,2615.6,1.343e-05
2024-08-16 06:35:48,2614.98,1.343e-05
2024-08-16 06:36:00,2615.93,1.343e-05
2024-08-16 06:36:12,2614.7,1.343e-05
2024-08-16 06:36:24,2615.41,1.343e-05
2024-08-16 06:36:36,2615.4,1.344e-05
2024-08-16 06:36:48,2615.11,1.343e-05
2024-08-16 06:37:00,2615.28,1.344e-05
2024-08-16 06:37:12,2616.18,1.344e-05
2024-08-16 06:37:24,2616.18,1.344e-05
2024-08-16 06:37:36,2615.6,1.343e-05
2024-08-16 06:37:48,2615.56,1.343e-05
2024-08-16 06:38:00,2614.41,1.343e-05
2024-08-16 06:38:12,2614.45,1.343e-05
2024-08-16 06:38:24,2614.65,1.343e-05
2024-08-16 06:38:36,2614.0,1.342e-05
2024-08-16 06:38:48,2613.65,1.343e-05
2024-08-16 06:39:00,2613.24,1.343e-05
2024-08-16 06:39:12,2613.25,1.343e-05
2024-08-16 06:39:24,2612.71,1.343e-05
2024-08-16 06:39:36,2613.38,1.342e-05
2024-08-16 06:39:48,2613.01,1.342e-05
2024-08-16 06:40:00,2614.19,1.343e-05
2024-08-16 06:40:12,2614.97,1.343e-05
2024-08-16 06:40:24,2615.24,1.343e-05
2024-08-16 06:40:36,2615.7,1.344e-05
2024-08-16 06:40:48,2615.92,1.344e-05
2024-08-16 06:41:00,2616.25,1.344e-05
2024-08-16 06:41:12,2616.99,1.344e-05
2024-08-16 06:41:24,2617.16,1.344e-05
2024-08-16 06:41:36,2617.61,1.345e-05
2024-08-16 06:41:48,2618.04,1.345e-05
2024-08-16 06:42:00,2618.06,1.345e-05
2024-08-16 06:42:12,2618.64,1.345e-05
2024-08-16 06:42:24,2617.8,1.345e-05
2024-08-16 06:42:36,2617.98,1.345e-05
2024-08-16 06:42:48,2618.0,1.345e-05
2024-08-16 06:43:00,2617.84,1.345e-05
2024-08-16 06:43:12,2617.21,1.345e-05
2024-08-16 06:43:24,2617.02,1.344e-05
2024-08-16 06:43:36,2616.36,1.343e-05
2024-08-16 06:43:48,2616.01,1.343e-05
2024-08-16 06:44:00,2616.15,1.344e-05
2024-08-16 06:44:12,2615.8,1.343e-05
2024-08-16 06:44:24,2616.14,1.343e-05
2024-08-16 06:44:36,2615.8,1.343e-05
2024-08-16 06:44:48,2615.36,1.343e-05
2024-08-16 06:45:00,2615.01,1.343e-05
2024-08-16 06:45:12,2616.72,1.344e-05
2024-08-16 06:45:24,2617.19,1.344e-05
2024-08-16 06:45:36,2617.2,1.344e-05
2024-08-16 06:45:48,2617.2,1.344e-05
2024-08-16 06:46:00,2617.2,1.344e-05
2024-08-16 06:46:12,2617.32,1.344e-05
2024-08-16 06:46:24,2619.06,1.345e-05
2024-08-16 06:46:36,2618.75,1.345e-05
2024-08-16 06:46:48,2619.0,1.346e-05
2024-08-16 06:47:00,2618.79,1.345e-05
2024-08-16 06:47:12,2620.6,1.346e-05
2024-08-16 06:47:24,2621.01,1.346e-05
2024-08-16 06:47:36,2621.25,1.346e-05
2024-08-16 06:47:48,2619.73,1.346e-05
2024-08-16 06:48:00,2622.58,1.345e-05
2024-08-16 06:48:12,2623.8,1.346e-05
2024-08-16 06:48:24,2622.15,1.345e-05
2024-08-16 06:48:36,2622.39,1.345e-05
2024-08-16 06:48:48,2622.23,1.345e-05
2024-08-16 06:49:00,2623.79,1.346e-05
2024-08-16 06:49:12,2624.0,1.346e-05
2024-08-16 06:49:24,2623.84,1.347e-05
2024-08-16 06:49:36,2622.64,1.346e-05
2024-08-16 06:49:48,2622.4,1.347e-05
2024-08-16 06:50:00,2623.1,1.347e-05
2024-08-16 06:50:12,2624.5,1.347e-05
2024-08-16 06:50:24,2624.67,1.347e-05
2024-08-16 06:50:36,2624.71,1.347e-05
2024-08-16 06:50:48,2624.86,1.348e-05
2024-08-16 06:51:00,2627.16,1.348e-05
2024-08-16 06:51:12,2628.01,1.349e-05
2024-08-16 06:51:24,2626.34,1.349e-05
2024-08-16 06:51:36,2626.41,1.349e-05
2024-08-16 06:51:48,2625.1,1.347e-05
2024-08-16 06:52:00,2625.02,1.348e-05
2024-08-16 06:52:12,2624.32,1.347e-05
2024-08-16 06:52:24,2624.81,1.348e-05
2024-08-16 06:52:36,2624.4,1.348e-05
2024-08-16 06:52:48,2622.73,1.346e-05
2024-08-16 06:53:00,2623.66,1.347e-05
2024-08-16 06:53:12,2624.76,1.348e-05
2024-08-16 06:53:24,2624.24,1.348e-05
2024-08-16 06:53:36,2624.23,1.348e-05
2024-08-16 06:53:48,2622.71,1.347e-05
2024-08-16 06:54:00,2622.83,1.347e-05
2024-08-16 06:54:12,2622.6,1.347e-05
2024-08-16 06:54:24,2623.76,1.346e-05
2024-08-16 06:54:36,2626.0,1.348e-05
2024-08-16 06:54:48,2626.0,1.347e-05
2024-08-16 06:55:00,2626.0,1.348e-05
2024-08-16 06:55:12,2625.87,1.348e-05
2024-08-16 06:55:24,2625.87,1.347e-05
2024-08-16 06:55:36,2625.99,1.348e-05
2024-08-16 06:55:48,2625.99,1.347e-05
2024-08-16 06:56:00,2626.61,1.347e-05
2024-08-16 06:56:12,2626.6,1.348e-05
2024-08-16 06:56:24,2627.0,1.347e-05
2024-08-16 06:56:36,2627.09,1.347e-05
2024-08-16 06:56:48,2627.1,1.347e-05
2024-08-16 06:57:00,2627.09,1.347e-05
2024-08-16 06:57:12,2627.01,1.347e-05
2024-08-16 06:57:24,2626.75,1.347e-05
2024-08-16 06:57:36,2626.28,1.346e-05
2024-08-16 06:57:48,2626.47,1.346e-05
2024-08-16 06:58:00,2626.61,1.346e-05
2024-08-16 06:58:12,2626.48,1.347e-05
2024-08-16 06:58:24,2626.23,1.347e-05
2024-08-16 06:58:36,2626.22,1.347e-05
2024-08-16 06:58:48,2625.96,1.347e-05
2024-08-16 06:59:00,2626.22,1.346e-05
2024-08-16 06:59:12,2626.46,1.346e-05
2024-08-16 06:59:24,2626.07,1.346e-05
2024-08-16 06:59:36,2625.88,1.346e-05
2024-08-16 06:59:48,2626.59,1.347e-05
2024-08-16 07:00:00,2626.32,1.347e-05
2024-08-16 07:00:12,2626.67,1.346e-05
2024-08-16 07:00:24,2626.93,1.346e-05
2024-08-16 07:00:36,2626.8,1.346e-05
2024-08-16 07:00:48,2626.4,1.346e-05
2024-08-16 07:01:00,2626.4,1.346e-05
2024-08-16 07:01:12,2626.41,1.346e-05
2024-08-16 07:01:24,2625.67,1.346e-05
2024-08-16 07:01:36,2626.16,1.345e-05
2024-08-16 07:01:48,2625.8,1.345e-05
2024-08-16 07:02:00,2625.67,1.346e-05
2024-08-16 07:02:12,2624.41,1.345e-05
2024-08-16 07:02:24,2625.06,1.346e-05
2024-08-16 07:02:36,2623.89,1.346e-05
2024-08-16 07:02:48,2622.68,1.345e-05
2024-08-16 07:03:00,2622.68,1.344e-05
2024-08-16 07:03:12,2621.6,1.345e-05
2024-08-16 07:03:24,2621.79,1.344e-05
2024-08-16 07:03:36,2621.36,1.344e-05
2024-08-16 07:03:48,2622.19,1.346e-05
2024-08-16 07:04:00,2622.6,1.345e-05
2024-08-16 07:04:12,2622.79,1.345e-05
2024-08-16 07:04:24,2621.6,1.345e-05
2024-08-16 07:04:36,2622.07,1.346e-05
2024-08-16 07:04:48,2621.2,1.346e-05
2024-08-16 07:05:00,2620.82,1.345e-05
2024-08-16 07:05:12,2620.8,1.345e-05
2024-08-16 07:05:24,2621.02,1.346e-05
2024-08-16 07:05:36,2619.39,1.346e-05
2024-08-16 07:05:48,2620.0,1.346e-05
2024-08-16 07:06:00,2619.11,1.345e-05
2024-08-16 07:06:12,2618.22,1.345e-05
2024-08-16 07:06:24,2619.01,1.345e-05
2024-08-16 07:06:36,2620.0,1.345e-05
2024-08-16 07:06:48,2620.31,1.346e-05
2024-08-16 07:07:00,2620.84,1.346e-05
2024-08-16 07:07:12,2620.14,1.345e-05
2024-08-16 07:07:24,2619.84,1.346e-05
2024-08-16 07:07:36,2620.12,1.346e-05
2024-08-16 07:07:48,2620.17,1.346e-05
2024-08-16 07:08:00,2620.58,1.346e-05
2024-08-16 07:08:12,2620.66,1.346e-05
2024-08-16 07:08:24,2620.1,1.345e-05
2024-08-16 07:08:36,2619.51,1.346e-05
2024-08-16 07:08:48,2618.35,1.345e-05
2024-08-16 07:09:00,2622.26,1.346e-05
2024-08-16 07:09:12,2622.41,1.346e-05
2024-08-16 07:09:24,2622.4,1.346e-05
2024-08-16 07:09:36,2621.75,1.346e-05
2024-08-16 07:09:48,2622.63,1.345e-05
2024-08-16 07:10:00,2622.4,1.345e-05
2024-08-16 07:10:12,2624.1,1.347e-05
2024-08-16 07:10:24,2624.7,1.346e-05
2024-08-16 07:10:36,2624.78,1.346e-05
2024-08-16 07:10:48,2624.98,1.347e-05
2024-08-16 07:11:00,2624.79,1.346e-05
2024-08-16 07:11:12,2626.0,1.347e-05
2024-08-16 07:11:24,2625.94,1.347e-05
2024-08-16 07:11:36,2624.88,1.347e-05
2024-08-16 07:11:48,2625.55,1.347e-05
2024-08-16 07:12:00,2624.66,1.347e-05
2024-08-16 07:12:12,2622.49,1.346e-05
2024-08-16 07:12:24,2622.17,1.345e-05
2024-08-16 07:12:36,2621.7,1.346e-05
2024-08-16 07:12:48,2621.97,1.345e-05
2024-08-16 07:13:00,2621.87,1.346e-05
2024-08-16 07:13:12,2621.8,1.346e-05
2024-08-16 07:13:24,2620.3,1.345e-05
2024-08-16 07:13:36,2620.4,1.345e-05
2024-08-16 07:13:48,2620.39,1.345e-05
2024-08-16 07:14:00,2620.43,1.345e-05
2024-08-16 07:14:12,2619.63,1.344e-05
2024-08-16 07:14:24,2619.64,1.344e-05
2024-08-16 07:14:36,2619.64,1.345e-05
2024-08-16 07:14:48,2619.24,1.345e-05
2024-08-16 07:15:00,2618.81,1.344e-05
2024-08-16 07:15:12,2618.42,1.344e-05
2024-08-16 07:15:24,2619.58,1.344e-05
2024-08-16 07:15:36,2619.58,1.344e-05
2024-08-16 07:15:48,2619.58,1.345e-05
2024-08-16 07:16:00,2619.19,1.345e-05
2024-08-16 07:16:12,2618.57,1.344e-05
2024-08-16 07:16:24,2619.58,1.345e-05
2024-08-16 07:16:36,2620.0,1.345e-05
2024-08-16 07:16:48,2620.67,1.345e-05
2024-08-16 07:17:00,2621.92,1.345e-05
2024-08-16 07:17:12,2621.81,1.346e-05
2024-08-16 07:17:24,2621.72,1.346e-05
2024-08-16 07:17:36,2621.8,1.346e-05
2024-08-16 07:17:48,2621.78,1.346e-05
2024-08-16 07:18:00,2621.77,1.345e-05
2024-08-16 07:18:12,2621.72,1.345e-05
2024-08-16 07:18:24,2620.5,1.345e-05
2024-08-16 07:18:36,2619.63,1.345e-05
2024-08-16 07:18:48,2619.13,1.344e-05
2024-08-16 07:19:00,2618.91,1.344e-05
2024-08-16 07:19:12,2618.62,1.344e-05
2024-08-16 07:19:24,2618.38,1.344e-05
2024-08-16 07:19:36,2618.38,1.345e-05
2024-08-16 07:19:48,2617.66,1.344e-05
2024-08-16 07:20:00,2617.61,1.344e-05
2024-08-16 07:20:12,2617.13,1.344e-05
2024-08-16 07:20:24,2618.74,1.343e-05
2024-08-16 07:20:36,2618.62,1.344e-05
2024-08-16 07:20:48,2618.62,1.344e-05
2024-08-16 07:21:00,2620.34,1.344e-05
2024-08-16 07:21:12,2617.96,1.344e-05
2024-08-16 07:21:24,2618.36,1.344e-05
2024-08-16 07:21:36,2617.71,1.344e-05
2024-08-16 07:21:48,2617.99,1.345e-05
2024-08-16 07:22:00,2617.11,1.343e-05
2024-08-16 07:22:12,2617.2,1.343e-05
2024-08-16 07:22:24,2616.79,1.344e-05
2024-08-16 07:22:36,2616.53,1.343e-05
2024-08-16 07:22:48,2616.51,1.343e-05
2024-08-16 07:23:00,2615.8,1.343e-05
2024-08-16 07:23:12,2615.32,1.342e-05
2024-08-16 07:23:24,2615.2,1.343e-05
2024-08-16 07:23:36,2615.21,1.343e-05
2024-08-16 07:23:48,2614.99,1.343e-05
2024-08-16 07:24:00,2615.21,1.342e-05
2024-08-16 07:24:12,2615.06,1.342e-05
2024-08-16 07:24:24,2616.0,1.344e-05
2024-08-16 07:24:36,2615.37,1.343e-05
2024-08-16 07:24:48,2615.8,1.343e-05
2024-08-16 07:25:00,2615.8,1.343e-05
2024-08-16 07:25:12,2616.0,1.343e-05
2024-08-16 07:25:24,2615.77,1.343e-05
2024-08-16 07:25:36,2617.28,1.343e-05
2024-08-16 07:25:48,2617.27,1.344e-05
2024-08-16 07:26:00,2617.4,1.344e-05
2024-08-16 07:26:12,2616.92,1.343e-05
2024-08-16 07:26:24,2616.18,1.343e-05
2024-08-16 07:26:36,2616.7,1.344e-05
2024-08-16 07:26:48,2615.81,1.344e-05
2024-08-16 07:27:00,2615.21,1.343e-05
2024-08-16 07:27:12,2615.78,1.343e-05
2024-08-16 07:27:24,2616.12,1.343e-05
2024-08-16 07:27:36,2616.41,1.344e-05
2024-08-16 07:27:48,2616.16,1.343e-05
2024-08-16 07:28:00,2616.11,1.343e-05
2024-08-16 07:28:12,2616.03,1.344e-05
2024-08-16 07:28:24,2615.2,1.343e-05
2024-08-16 07:28:36,2614.58,1.343e-05
2024-08-16 07:28:48,2614.17,1.343e-05
2024-08-16 07:29:00,2614.17,1.342e-05
2024-08-16 07:29:12,2614.16,1.343e-05
2024-08-16 07:29:24,2613.5,1.343e-05
2024-08-16 07:29:36,2614.17,1.343e-05
2024-08-16 07:29:48,2614.35,1.343e-05
2024-08-16 07:30:00,2614.35,1.342e-05
2024-08-16 07:30:12,2614.59,1.343e-05
2024-08-16 07:30:24,2614.98,1.344e-05
2024-08-16 07:30:36,2614.1,1.342e-05
2024-08-16 07:30:48,2613.59,1.342e-05
2024-08-16 07:31:00,2614.08,1.342e-05
2024-08-16 07:31:12,2615.0,1.343e-05
2024-08-16 07:31:24,2615.99,1.344e-05
2024-08-16 07:31:36,2615.83,1.343e-05
2024-08-16 07:31:48,2616.11,1.343e-05
2024-08-16 07:32:00,2616.61,1.343e-05
2024-08-16 07:32:12,2616.61,1.343e-05
2024-08-16 07:32:24,2616.61,1.344e-05
2024-08-16 07:32:36,2616.0,1.343e-05
2024-08-16 07:32:48,2616.45,1.343e-05
2024-08-16 07:33:00,2616.51,1.344e-05
2024-08-16 07:33:12,2617.8,1.345e-05
2024-08-16 07:33:24,2617.12,1.344e-05
2024-08-16 07:33:36,2616.56,1.343e-05
2024-08-16 07:33:48,2616.26,1.343e-05
2024-08-16 07:34:00,2614.54,1.343e-05
2024-08-16 07:34:12,2615.04,1.342e-05
2024-08-16 07:34:24,2614.67,1.342e-05
2024-08-16 07:34:36,2613.62,1.342e-05
2024-08-16 07:34:48,2613.3,1.342e-05
2024-08-16 07:35:00,2613.3,1.342e-05
2024-08-16 07:35:12,2613.3,1.342e-05
2024-08-16 07:35:24,2614.01,1.342e-05
2024-08-16 07:35:36,2614.37,1.342e-05
2024-08-16 07:35:48,2614.01,1.342e-05
2024-08-16 07:36:00,2614.36,1.341e-05
2024-08-16 07:36:12,2614.08,1.341e-05
2024-08-16 07:36:24,2614.78,1.342e-05
2024-08-16 07:36:36,2616.26,1.342e-05
2024-08-16 07:36:48,2616.1,1.342e-05
2024-08-16 07:37:00,2615.91,1.342e-05
2024-08-16 07:37:12,2615.76,1.343e-05
2024-08-16 07:37:24,2615.77,1.343e-05
2024-08-16 07:37:36,2615.11,1.342e-05
2024-08-16 07:37:48,2614.6,1.342e-05
2024-08-16 07:38:00,2614.6,1.342e-05
2024-08-16 07:38:12,2614.61,1.343e-05
2024-08-16 07:38:24,2614.6,1.343e-05
2024-08-16 07:38:36,2614.61,1.343e-05
2024-08-16 07:38:48,2614.61,1.343e-05
2024-08-16 07:39:00,2614.46,1.342e-05
2024-08-16 07:39:12,2614.6,1.342e-05
2024-08-16 07:39:24,2614.61,1.343e-05
2024-08-16 07:39:36,2614.6,1.343e-05
2024-08-16 07:39:48,2614.6,1.342e-05
2024-08-16 07:40:00,2614.59,1.343e-05
2024-08-16 07:40:12,2614.6,1.343e-05
2024-08-16 07:40:24,2615.76,1.343e-05
2024-08-16 07:40:36,2615.76,1.343e-05
2024-08-16 07:40:48,2615.34,1.344e-05
2024-08-16 07:41:00,2615.48,1.343e-05
2024-08-16 07:41:12,2615.49,1.343e-05
2024-08-16 07:41:24,2616.51,1.343e-05
2024-08-16 07:41:36,2617.35,1.345e-05
2024-08-16 07:41:48,2617.12,1.344e-05
2024-08-16 07:42:00,2617.12,1.344e-05
2024-08-16 07:42:12,2617.82,1.344e-05
2024-08-16 07:42:24,2617.85,1.344e-05
2024-08-16 07:42:36,2617.77,1.344e-05
2024-08-16 07:42:48,2617.77,1.345e-05
2024-08-16 07:43:00,2617.77,1.344e-05
2024-08-16 07:43:12,2617.77,1.345e-05
2024-08-16 07:43:24,2617.37,1.345e-05
2024-08-16 07:43:36,2617.24,1.344e-05
2024-08-16 07:43:48,2617.25,1.345e-05
2024-08-16 07:44:00,2617.78,1.344e-05
2024-08-16 07:44:12,2617.79,1.344e-05
2024-08-16 07:44:24,2617.79,1.345e-05
2024-08-16 07:44:36,2617.79,1.345e-05
2024-08-16 07:44:48,2617.99,1.345e-05
2024-08-16 07:45:00,2618.25,1.344e-05
2024-08-16 07:45:12,2616.58,1.345e-05
2024-08-16 07:45:24,2616.1,1.344e-05
2024-08-16 07:45:36,2616.57,1.344e-05
2024-08-16 07:45:48,2616.58,1.344e-05
2024-08-16 07:46:00,2616.57,1.345e-05
2024-08-16 07:46:12,2616.57,1.345e-05
2024-08-16 07:46:24,2616.76,1.345e-05
2024-08-16 07:46:36,2618.12,1.345e-05
2024-08-16 07:46:48,2618.13,1.345e-05
2024-08-16 07:47:00,2617.6,1.344e-05
2024-08-16 07:47:12,2617.23,1.345e-05
2024-08-16 07:47:24,2616.71,1.345e-05
2024-08-16 07:47:36,2616.8,1.344e-05
2024-08-16 07:47:48,2615.4,1.344e-05
2024-08-16 07:48:00,2615.76,1.343e-05
2024-08-16 07:48:12,2615.77,1.344e-05
2024-08-16 07:48:24,2615.76,1.344e-05
2024-08-16 07:48:36,2616.69,1.345e-05
2024-08-16 07:48:48,2616.23,1.345e-05
2024-08-16 07:49:00,2616.23,1.344e-05
2024-08-16 07:49:12,2616.22,1.345e-05
2024-08-16 07:49:24,2616.1,1.345e-05
2024-08-16 07:49:36,2616.79,1.344e-05
2024-08-16 07:49:48,2615.81,1.345e-05
2024-08-16 07:50:00,2615.76,1.344e-05
2024-08-16 07:50:12,2614.8,1.343e-05
2024-08-16 07:50:24,2614.68,1.343e-05
2024-08-16 07:50:36,2614.6,1.344e-05
2024-08-16 07:50:48,2614.58,1.344e-05
2024-08-16 07:51:00,2613.4,1.344e-05
2024-08-16 07:51:12,2613.59,1.344e-05
2024-08-16 07:51:24,2613.59,1.343e-05
2024-08-16 07:51:36,2613.8,1.343e-05
2024-08-16 07:51:48,2614.2,1.343e-05
2024-08-16 07:52:00,2614.19,1.343e-05
2024-08-16 07:52:12,2614.2,1.343e-05
2024-08-16 07:52:24,2615.3,1.343e-05
2024-08-16 07:52:36,2614.6,1.343e-05
2024-08-16 07:52:48,2614.21,1.343e-05
2024-08-16 07:53:00,2614.31,1.343e-05
2024-08-16 07:53:12,2614.91,1.343e-05
2024-08-16 07:53:24,2614.53,1.343e-05
2024-08-16 07:53:36,2614.46,1.342e-05
2024-08-16 07:53:48,2615.41,1.342e-05
2024-08-16 07:54:00,2614.4,1.343e-05
2024-08-16 07:54:12,2614.81,1.342e-05
2024-08-16 07:54:24,2615.91,1.342e-05
2024-08-16 07:54:36,2616.69,1.342e-05
2024-08-16 07:54:48,2616.69,1.342e-05
2024-08-16 07:55:00,2616.69,1.342e-05
2024-08-16 07:55:12,2617.4,1.343e-05
2024-08-16 07:55:24,2617.23,1.343e-05
2024-08-16 07:55:36,2616.7,1.344e-05
2024-08-16 07:55:48,2616.58,1.344e-05
2024-08-16 07:56:00,2616.59,1.344e-05
2024-08-16 07:56:12,2616.75,1.343e-05
2024-08-16 07:56:24,2617.04,1.343e-05
2024-08-16 07:56:36,2617.04,1.344e-05
2024-08-16 07:56:48,2616.98,1.342e-05
2024-08-16 07:57:00,2616.99,1.343e-05
2024-08-16 07:57:12,2616.99,1.343e-05
2024-08-16 07:57:24,2616.98,1.342e-05
2024-08-16 07:57:36,2616.99,1.343e-05
2024-08-16 07:57:48,2616.98,1.342e-05
2024-08-16 07:58:00,2616.99,1.343e-05
2024-08-16 07:58:12,2617.27,1.342e-05
2024-08-16 07:58:24,2618.41,1.343e-05
2024-08-16 07:58:36,2618.41,1.343e-05
2024-08-16 07:58:48,2618.0,1.343e-05
2024-08-16 07:59:00,2616.89,1.343e-05
2024-08-16 07:59:12,2617.15,1.342e-05
2024-08-16 07:59:24,2617.54,1.342e-05
2024-08-16 07:59:36,2617.44,1.342e-05
2024-08-16 07:59:48,2617.44,1.343e-05
2024-08-16 08:00:00,2617.44,1.342e-05
2024-08-16 08:00:12,2617.45,1.342e-05
2024-08-16 08:00:24,2617.44,1.343e-05
2024-08-16 08:00:36,2617.82,1.344e-05
2024-08-16 08:00:48,2619.35,1.345e-05
2024-08-16 08:01:00,2619.26,1.345e-05
2024-08-16 08:01:12,2619.4,1.344e-05
2024-08-16 08:01:24,2619.41,1.344e-05
2024-08-16 08:01:36,2619.4,1.344e-05
2024-08-16 08:01:48,2619.41,1.344e-05
2024-08-16 08:02:00,2619.63,1.344e-05
2024-08-16 08:02:12,2619.7,1.344e-05
2024-08-16 08:02:24,2619.71,1.344e-05
2024-08-16 08:02:36,2619.73,1.345e-05
2024-08-16 08:02:48,2619.73,1.344e-05
2024-08-16 08:03:00,2619.86,1.344e-05
2024-08-16 08:03:12,2619.86,1.345e-05
2024-08-16 08:03:24,2619.27,1.345e-05
2024-08-16 08:03:36,2619.27,1.344e-05
2024-08-16 08:03:48,2619.21,1.344e-05
2024-08-16 08:04:00,2617.61,1.344e-05
2024-08-16 08:04:12,2617.61,1.343e-05
2024-08-16 08:04:24,2617.12,1.342e-05
2024-08-16 08:04:36,2618.38,1.343e-05
2024-08-16 08:04:48,2618.67,1.344e-05
2024-08-16 08:05:00,2618.16,1.344e-05
2024-08-16 08:05:12,2618.18,1.344e-05
2024-08-16 08:05:24,2618.13,1.344e-05
2024-08-16 08:05:36,2618.15,1.344e-05
2024-08-16 08:05:48,2618.59,1.343e-05
2024-08-16 08:06:00,2619.2,1.343e-05
2024-08-16 08:06:12,2619.03,1.343e-05
2024-08-16 08:06:24,2617.26,1.343e-05
2024-08-16 08:06:36,2616.87,1.343e-05
2024-08-16 08:06:48,2616.64,1.343e-05
2024-08-16 08:07:00,2617.0,1.343e-05
2024-08-16 08:07:12,2617.2,1.343e-05
2024-08-16 08:07:24,2617.49,1.343e-05
2024-08-16 08:07:36,2617.74,1.344e-05
2024-08-16 08:07:48,2617.97,1.344e-05
2024-08-16 08:08:00,2618.0,1.343e-05
2024-08-16 08:08:12,2619.26,1.345e-05
2024-08-16 08:08:24,2619.27,1.344e-05
2024-08-16 08:08:36,2618.5,1.344e-05
2024-08-16 08:08:48,2619.54,1.344e-05
2024-08-16 08:09:00,2621.04,1.344e-05
2024-08-16 08:09:12,2621.67,1.344e-05
2024-08-16 08:09:24,2621.67,1.344e-05
2024-08-16 08:09:36,2622.47,1.346e-05
2024-08-16 08:09:48,2622.69,1.346e-05
2024-08-16 08:10:00,2622.6,1.345e-05
2024-08-16 08:10:12,2622.68,1.345e-05
2024-08-16 08:10:24,2622.88,1.344e-05
2024-08-16 08:10:36,2622.58,1.344e-05
2024-08-16 08:10:48,2621.78,1.344e-05
2024-08-16 08:11:00,2622.21,1.344e-05
2024-08-16 08:11:12,2623.03,1.345e-05
2024-08-16 08:11:24,2623.4,1.344e-05
2024-08-16 08:11:36,2621.95,1.345e-05
2024-08-16 08:11:48,2621.18,1.344e-05
2024-08-16 08:12:00,2619.99,1.343e-05
2024-08-16 08:12:12,2619.71,1.343e-05
2024-08-16 08:12:24,2619.6,1.342e-05
2024-08-16 08:12:36,2619.98,1.343e-05
2024-08-16 08:12:48,2620.38,1.343e-05
2024-08-16 08:13:00,2622.96,1.343e-05
2024-08-16 08:13:12,2623.5,1.343e-05
2024-08-16 08:13:24,2623.15,1.344e-05
2024-08-16 08:13:36,2622.4,1.344e-05
2024-08-16 08:13:48,2623.33,1.343e-05
2024-08-16 08:14:00,2623.83,1.343e-05
2024-08-16 08:14:12,2625.63,1.343e-05
2024-08-16 08:14:24,2624.78,1.343e-05
2024-08-16 08:14:36,2623.4,1.343e-05
2024-08-16 08:14:48,2622.51,1.342e-05
2024-08-16 08:15:00,2620.77,1.342e-05
2024-08-16 08:15:12,2620.76,1.342e-05
2024-08-16 08:15:24,2619.75,1.343e-05
2024-08-16 08:15:36,2619.27,1.343e-05
2024-08-16 08:15:48,2619.49,1.343e-05
2024-08-16 08:16:00,2618.86,1.342e-05
2024-08-16 08:16:12,2619.75,1.342e-05
2024-08-16 08:16:24,2620.76,1.343e-05
2024-08-16 08:16:36,2621.54,1.343e-05
2024-08-16 08:16:48,2621.48,1.343e-05
2024-08-16 08:17:00,2622.12,1.343e-05
2024-08-16 08:17:12,2620.63,1.343e-05
2024-08-16 08:17:24,2621.34,1.344e-05
2024-08-16 08:17:36,2620.82,1.343e-05
2024-08-16 08:17:48,2618.91,1.343e-05
2024-08-16 08:18:00,2618.68,1.343e-05
2024-08-16 08:18:12,2618.62,1.342e-05
2024-08-16 08:18:24,2619.0,1.342e-05
2024-08-16 08:18:36,2619.5,1.343e-05
2024-08-16 08:18:48,2618.52,1.343e-05
2024-08-16 08:19:00,2618.51,1.343e-05
2024-08-16 08:19:12,2618.68,1.343e-05
2024-08-16 08:19:24,2619.51,1.342e-05
2024-08-16 08:19:36,2619.5,1.342e-05
2024-08-16 08:19:48,2619.21,1.342e-05
2024-08-16 08:20:00,2619.73,1.343e-05
2024-08-16 08:20:12,2618.89,1.343e-05
2024-08-16 08:20:24,2618.62,1.342e-05
2024-08-16 08:20:36,2618.89,1.343e-05
2024-08-16 08:20:48,2618.88,1.343e-05
2024-08-16 08:21:00,2618.59,1.342e-05
2024-08-16 08:21:12,2618.43,1.342e-05
2024-08-16 08:21:24,2618.14,1.342e-05
2024-08-16 08:21:36,2617.5,1.342e-05
2024-08-16 08:21:48,2617.29,1.342e-05
2024-08-16 08:22:00,2617.29,1.342e-05
2024-08-16 08:22:12,2618.19,1.343e-05
2024-08-16 08:22:24,2618.12,1.343e-05
2024-08-16 08:22:36,2616.98,1.342e-05
2024-08-16 08:22:48,2617.18,1.342e-05
2024-08-16 08:23:00,2617.18,1.342e-05
2024-08-16 08:23:12,2617.06,1.342e-05
2024-08-16 08:23:24,2616.7,1.342e-05
2024-08-16 08:23:36,2616.84,1.341e-05
2024-08-16 08:23:48,2616.99,1.341e-05
2024-08-16 08:24:00,2616.46,1.341e-05
2024-08-16 08:24:12,2616.68,1.342e-05
2024-08-16 08:24:24,2617.0,1.341e-05
2024-08-16 08:24:36,2616.76,1.341e-05
2024-08-16 08:24:48,2616.24,1.341e-05
2024-08-16 08:25:00,2615.85,1.342e-05
2024-08-16 08:25:12,2616.23,1.342e-05
2024-08-16 08:25:24,2615.6,1.342e-05
2024-08-16 08:25:36,2616.0,1.342e-05
2024-08-16 08:25:48,2615.81,1.342e-05
2024-08-16 08:26:00,2615.81,1.342e-05
2024-08-16 08:26:12,2615.81,1.342e-05
2024-08-16 08:26:24,2615.3,1.342e-05
2024-08-16 08:26:36,2614.59,1.341e-05
2024-08-16 08:26:48,2614.34,1.34e-05
2024-08-16 08:27:00,2614.45,1.34e-05
2024-08-16 08:27:12,2613.76,1.34e-05
2024-08-16 08:27:24,2613.31,1.34e-05
2024-08-16 08:27:36,2613.31,1.34e-05
2024-08-16 08:27:48,2613.3,1.34e-05
2024-08-16 08:28:00,2614.2,1.34e-05
2024-08-16 08:28:12,2614.06,1.341e-05
2024-08-16 08:28:24,2614.2,1.34e-05
2024-08-16 08:28:36,2615.57,1.341e-05
2024-08-16 08:28:48,2615.81,1.341e-05
2024-08-16 08:29:00,2615.96,1.34e-05
2024-08-16 08:29:12,2615.96,1.341e-05
2024-08-16 08:29:24,2615.52,1.341e-05
2024-08-16 08:29:36,2615.3,1.341e-05
2024-08-16 08:29:48,2615.31,1.341e-05
2024-08-16 08:30:00,2614.59,1.34e-05
2024-08-16 08:30:12,2614.59,1.341e-05
2024-08-16 08:30:24,2615.32,1.34e-05
2024-08-16 08:30:36,2615.68,1.341e-05
2024-08-16 08:30:48,2615.95,1.342e-05
2024-08-16 08:31:00,2615.69,1.342e-05
2024-08-16 08:31:12,2614.72,1.341e-05
2024-08-16 08:31:24,2614.68,1.341e-05
2024-08-16 08:31:36,2614.41,1.34e-05
2024-08-16 08:31:48,2614.19,1.34e-05
2024-08-16 08:32:00,2614.31,1.341e-05
2024-08-16 08:32:12,2614.01,1.341e-05
2024-08-16 08:32:24,2614.01,1.34e-05
2024-08-16 08:32:36,2613.91,1.34e-05
2024-08-16 08:32:48,2615.11,1.34e-05
2024-08-16 08:33:00,2614.79,1.341e-05
2024-08-16 08:33:12,2613.91,1.341e-05
2024-08-16 08:33:24,2613.6,1.34e-05
2024-08-16 08:33:36,2612.88,1.34e-05
2024-08-16 08:33:48,2612.76,1.34e-05
2024-08-16 08:34:00,2612.76,1.341e-05
2024-08-16 08:34:12,2612.72,1.341e-05
2024-08-16 08:34:24,2612.72,1.341e-05
2024-08-16 08:34:36,2613.79,1.341e-05
2024-08-16 08:34:48,2612.88,1.341e-05
2024-08-16 08:35:00,2612.71,1.34e-05
2024-08-16 08:35:12,2611.01,1.34e-05
2024-08-16 08:35:24,2611.57,1.339e-05
2024-08-16 08:35:36,2612.07,1.339e-05
2024-08-16 08:35:48,2612.87,1.339e-05
2024-08-16 08:36:00,2612.87,1.34e-05
2024-08-16 08:36:12,2613.27,1.34e-05
2024-08-16 08:36:24,2614.17,1.341e-05
2024-08-16 08:36:36,2614.24,1.34e-05
2024-08-16 08:36:48,2613.86,1.34e-05
2024-08-16 08:37:00,2614.24,1.341e-05
2024-08-16 08:37:12,2616.29,1.341e-05
2024-08-16 08:37:24,2618.24,1.341e-05
2024-08-16 08:37:36,2618.05,1.342e-05
2024-08-16 08:37:48,2617.2,1.34e-05
2024-08-16 08:38:00,2615.4,1.34e-05
2024-08-16 08:38:12,2616.59,1.34e-05
2024-08-16 08:38:24,2616.4,1.341e-05
2024-08-16 08:38:36,2616.32,1.341e-05
2024-08-16 08:38:48,2616.4,1.341e-05
2024-08-16 08:39:00,2615.21,1.341e-05
2024-08-16 08:39:12,2614.58,1.34e-05
2024-08-16 08:39:24,2615.0,1.34e-05
2024-08-16 08:39:36,2615.99,1.34e-05
2024-08-16 08:39:48,2615.64,1.34e-05
2024-08-16 08:40:00,2616.3,1.34e-05
2024-08-16 08:40:12,2616.33,1.341e-05
2024-08-16 08:40:24,2618.57,1.341e-05
2024-08-16 08:40:36,2618.51,1.341e-05
2024-08-16 08:40:48,2618.5,1.341e-05
2024-08-16 08:41:00,2618.91,1.341e-05
2024-08-16 08:41:12,2619.51,1.341e-05
2024-08-16 08:41:24,2619.52,1.341e-05
2024-08-16 08:41:36,2619.32,1.34e-05
2024-08-16 08:41:48,2619.12,1.34e-05
2024-08-16 08:42:00,2617.99,1.341e-05
2024-08-16 08:42:12,2619.11,1.341e-05
2024-08-16 08:42:24,2619.12,1.341e-05
2024-08-16 08:42:36,2619.11,1.341e-05
2024-08-16 08:42:48,2618.0,1.34e-05
2024-08-16 08:43:00,2619.01,1.341e-05
2024-08-16 08:43:12,2619.11,1.34e-05
2024-08-16 08:43:24,2619.95,1.341e-05
2024-08-16 08:43:36,2619.91,1.341e-05
2024-08-16 08:43:48,2620.26,1.341e-05
2024-08-16 08:44:00,2620.59,1.34e-05
2024-08-16 08:44:12,2620.58,1.341e-05
2024-08-16 08:44:24,2620.98,1.341e-05
2024-08-16 08:44:36,2620.64,1.341e-05
2024-08-16 08:44:48,2620.64,1.34e-05
2024-08-16 08:45:00,2620.36,1.34e-05
2024-08-16 08:45:12,2620.41,1.34e-05
2024-08-16 08:45:24,2621.92,1.341e-05
2024-08-16 08:45:36,2622.08,1.341e-05
2024-08-16 08:45:48,2622.2,1.34e-05
2024-08-16 08:46:00,2622.47,1.34e-05
2024-08-16 08:46:12,2622.47,1.34e-05
2024-08-16 08:46:24,2622.61,1.341e-05
2024-08-16 08:46:36,2622.62,1.34e-05
2024-08-16 08:46:48,2621.81,1.34e-05
2024-08-16 08:47:00,2621.14,1.339e-05
2024-08-16 08:47:12,2620.68,1.339e-05
2024-08-16 08:47:24,2622.24,1.34e-05
2024-08-16 08:47:36,2622.68,1.34e-05
2024-08-16 08:47:48,2623.07,1.341e-05
2024-08-16 08:48:00,2623.27,1.34e-05
2024-08-16 08:48:12,2622.44,1.34e-05
2024-08-16 08:48:24,2622.49,1.339e-05
2024-08-16 08:48:36,2622.49,1.339e-05
2024-08-16 08:48:48,2622.37,1.341e-05
2024-08-16 08:49:00,2621.96,1.341e-05
2024-08-16 08:49:12,2621.65,1.339e-05
2024-08-16 08:49:24,2621.97,1.339e-05
2024-08-16 08:49:36,2622.17,1.339e-05
2024-08-16 08:49:48,2622.23,1.34e-05
2024-08-16 08:50:00,2622.6,1.34e-05
2024-08-16 08:50:12,2621.97,1.34e-05
2024-08-16 08:50:24,2622.67,1.339e-05
2024-08-16 08:50:36,2622.27,1.34e-05
2024-08-16 08:50:48,2622.0,1.339e-05
2024-08-16 08:51:00,2622.0,1.339e-05
2024-08-16 08:51:12,2620.64,1.34e-05
2024-08-16 08:51:24,2620.77,1.34e-05
2024-08-16 08:51:36,2621.83,1.34e-05
2024-08-16 08:51:48,2620.25,1.339e-05
2024-08-16 08:52:00,2619.24,1.338e-05
2024-08-16 08:52:12,2619.23,1.339e-05
2024-08-16 08:52:24,2619.26,1.339e-05
2024-08-16 08:52:36,2619.3,1.339e-05
2024-08-16 08:52:48,2618.63,1.338e-05
2024-08-16 08:53:00,2618.01,1.338e-05
2024-08-16 08:53:12,2618.36,1.338e-05
2024-08-16 08:53:24,2619.08,1.339e-05
2024-08-16 08:53:36,2618.61,1.338e-05
2024-08-16 08:53:48,2618.6,1.338e-05
2024-08-16 08:54:00,2618.6,1.338e-05
2024-08-16 08:54:12,2618.61,1.339e-05
2024-08-16 08:54:24,2619.02,1.338e-05
2024-08-16 08:54:36,2619.42,1.338e-05
2024-08-16 08:54:48,2619.42,1.339e-05
2024-08-16 08:55:00,2619.99,1.339e-05
2024-08-16 08:55:12,2620.83,1.339e-05
2024-08-16 08:55:24,2621.04,1.339e-05
2024-08-16 08:55:36,2620.8,1.339e-05
2024-08-16 08:55:48,2620.81,1.338e-05
2024-08-16 08:56:00,2620.0,1.338e-05
2024-08-16 08:56:12,2618.62,1.338e-05
2024-08-16 08:56:24,2618.61,1.338e-05
2024-08-16 08:56:36,2618.62,1.339e-05
2024-08-16 08:56:48,2618.49,1.339e-05
2024-08-16 08:57:00,2618.99,1.339e-05
2024-08-16 08:57:12,2618.62,1.339e-05
2024-08-16 08:57:24,2618.19,1.339e-05
2024-08-16 08:57:36,2618.18,1.339e-05
2024-08-16 08:57:48,2617.01,1.337e-05
2024-08-16 08:58:00,2616.99,1.338e-05
2024-08-16 08:58:12,2617.59,1.338e-05
2024-08-16 08:58:24,2617.49,1.337e-05
2024-08-16 08:58:36,2616.89,1.337e-05
2024-08-16 08:58:48,2617.59,1.337e-05
2024-08-16 08:59:00,2617.99,1.338e-05
2024-08-16 08:59:12,2617.72,1.339e-05
2024-08-16 08:59:24,2617.5,1.339e-05
2024-08-16 08:59:36,2617.68,1.338e-05
2024-08-16 08:59:48,2617.71,1.339e-05
2024-08-16 09:00:00,2618.0,1.339e-05
