fee_algo_name,lp_yield,density
FX_fee,19.51,0.012384865487211122
FX_fee,19.513426853707415,0.01262002424584774
FX_fee,19.516853707414832,0.01284119347196445
FX_fee,19.520280561122245,0.013049541290948463
FX_fee,19.523707414829662,0.013246624154357975
FX_fee,19.527134268537075,0.013434394193491848
FX_fee,19.53056112224449,0.013615201666789653
FX_fee,19.533987975951906,0.013791792236662248
FX_fee,19.53741482965932,0.013967298880780273
FX_fee,19.540841683366736,0.01414522831816084
FX_fee,19.54426853707415,0.014329441910645158
FX_fee,19.547695390781566,0.014524131084546078
FX_fee,19.55112224448898,0.014733787404224472
FX_fee,19.554549098196393,0.01496316751801156
FX_fee,19.55797595190381,0.015217253285965711
FX_fee,19.561402805611223,0.015501207487208993
FX_fee,19.56482965931864,0.015820325590696824
FX_fee,19.568256513026054,0.01617998415587337
FX_fee,19.571683366733467,0.01658558650740752
FX_fee,19.575110220440884,0.01704250639961464
FX_fee,19.578537074148297,0.017556030449875262
FX_fee,19.581963927855714,0.018131300174892246
FX_fee,19.585390781563127,0.01877325450753813
FX_fee,19.58881763527054,0.019486573704017678
FX_fee,19.592244488977958,0.02027562556965964
FX_fee,19.59567134268537,0.021144414935735843
FX_fee,19.599098196392788,0.022096537308111116
FX_fee,19.6025250501002,0.023135137580295947
FX_fee,19.605951903807618,0.024262874658017398
FX_fee,19.60937875751503,0.025481892779091585
FX_fee,19.612805611222445,0.026793800231285986
FX_fee,19.616232464929862,0.02819965607196506
FX_fee,19.619659318637275,0.029699965337476413
FX_fee,19.623086172344692,0.031294683098383375
FX_fee,19.626513026052105,0.03298322757026942
FX_fee,19.62993987975952,0.03476450233112917
FX_fee,19.633366733466936,0.03663692752746111
FX_fee,19.63679358717435,0.03859847977532833
FX_fee,19.640220440881766,0.04064674028299805
FX_fee,19.64364729458918,0.04277895054198716
FX_fee,19.647074148296596,0.04499207475770855
FX_fee,19.65050100200401,0.0472828680232141
FX_fee,19.653927855711423,0.049647949084637044
FX_fee,19.65735470941884,0.052083876408637444
FX_fee,19.660781563126253,0.054587226145147556
FX_fee,19.66420841683367,0.05715467048668192
FX_fee,19.667635270541084,0.05978305486195279
FX_fee,19.671062124248497,0.062469472369923076
FX_fee,19.674488977955914,0.06521133386260981
FX_fee,19.677915831663327,0.06800643212309444
FX_fee,19.681342685370744,0.07085299865980128
FX_fee,19.684769539078157,0.07374975174900718
FX_fee,19.68819639278557,0.07669593450403792
FX_fee,19.691623246492988,0.079691341928995
FX_fee,19.6950501002004,0.08273633612466354
FX_fee,19.698476953907818,0.085831849050072
FX_fee,19.70190380761523,0.0889793725001103
FX_fee,19.705330661322648,0.09218093523238396
FX_fee,19.70875751503006,0.09543906745812357
FX_fee,19.712184368737475,0.09875675319648772
FX_fee,19.715611222444892,0.1021373712710949
FX_fee,19.719038076152305,0.1055846259956336
FX_fee,19.722464929859722,0.10910246884440876
FX_fee,19.725891783567135,0.11269501262693087
FX_fee,19.72931863727455,0.11636643987734559
FX_fee,19.732745490981966,0.12012090732340694
FX_fee,19.73617234468938,0.12396244841193371
FX_fee,19.739599198396796,0.1278948759342783
FX_fee,19.74302605210421,0.1319216868138684
FX_fee,19.746452905811623,0.1360459710878701
FX_fee,19.74987975951904,0.14027032703588568
FX_fee,19.753306613226453,0.14459678428284028
FX_fee,19.75673346693387,0.14902673653331877
FX_fee,19.760160320641283,0.1535608853847972
FX_fee,19.7635871743487,0.15819919642349017
FX_fee,19.767014028056114,0.16294086853434978
FX_fee,19.770440881763527,0.16778431706450622
FX_fee,19.773867735470944,0.1727271711738123
FX_fee,19.777294589178357,0.17776628539638348
FX_fee,19.780721442885774,0.1828977651308704
FX_fee,19.784148296593187,0.18811700548280047
FX_fee,19.7875751503006,0.19341874260820477
FX_fee,19.791002004008018,0.19879711645994283
FX_fee,19.79442885771543,0.20424574362406786
FX_fee,19.797855711422848,0.20975779875771236
FX_fee,19.80128256513026,0.21532610300631114
FX_fee,19.804709418837675,0.22094321768978784
FX_fee,19.80813627254509,0.22660154150463155
FX_fee,19.811563126252505,0.23229340949231583
FX_fee,19.814989979959922,0.23801119207186766
FX_fee,19.818416833667335,0.243747392522174
FX_fee,19.821843687374752,0.24949474142427142
FX_fee,19.825270541082165,0.255246286728475
FX_fee,19.82869739478958,0.2609954782907658
FX_fee,19.832124248496996,0.26673624591882494
FX_fee,19.83555110220441,0.2724630701741872
FX_fee,19.838977955911826,0.27817104538482745
FX_fee,19.84240480961924,0.28385593452466873
FX_fee,19.845831663326653,0.2895142158068204
FX_fee,19.84925851703407,0.29514312100829737
FX_fee,19.852685370741483,0.30074066569158214
FX_fee,19.8561122244489,0.30630567160770295
FX_fee,19.859539078156313,0.3118377816538047
FX_fee,19.86296593186373,0.31733746781477107
FX_fee,19.866392785571144,0.32280603254229445
FX_fee,19.869819639278557,0.32824560401870434
FX_fee,19.873246492985974,0.33365912571851886
FX_fee,19.876673346693387,0.33905034062329564
FX_fee,19.880100200400804,0.3444237703696141
FX_fee,19.883527054108217,0.3497846895217643
FX_fee,19.88695390781563,0.3551390950675807
FX_fee,19.890380761523048,0.3604936711433363
FX_fee,19.89380761523046,0.36585574890994993
FX_fee,19.897234468937878,0.3712332614336035
FX_fee,19.90066132264529,0.37663469337540245
FX_fee,19.904088176352705,0.38206902527221925
FX_fee,19.90751503006012,0.3875456721975955
FX_fee,19.910941883767535,0.39307441663065373
FX_fee,19.914368737474952,0.3986653354331251
FX_fee,19.917795591182365,0.40432872093900246
FX_fee,19.921222444889782,0.410074996296808
FX_fee,19.924649298597195,0.4159146253659416
FX_fee,19.92807615230461,0.4218580176528136
FX_fee,19.931503006012026,0.4279154289712515
FX_fee,19.93492985971944,0.4340968587195578
FX_fee,19.938356713426856,0.44041194487441165
FX_fee,19.94178356713427,0.44686985800146467
FX_fee,19.945210420841683,0.4534791957661024
FX_fee,19.9486372745491,0.4602478795861634
FX_fee,19.952064128256513,0.46718305519488484
FX_fee,19.95549098196393,0.4742909989696011
FX_fee,19.958917835671343,0.48157703192409734
FX_fee,19.96234468937876,0.4890454432567615
FX_fee,19.965771543086174,0.49669942528867433
FX_fee,19.969198396793587,0.5045410215164569
FX_fee,19.972625250501004,0.5125710893428538
FX_fee,19.976052104208417,0.5207892788381251
FX_fee,19.979478957915834,0.5291940286301847
FX_fee,19.982905811623247,0.5377825797268687
FX_fee,19.98633266533066,0.5465510077477748
FX_fee,19.989759519038078,0.5554942736917294
FX_fee,19.99318637274549,0.5646062930000355
FX_fee,19.996613226452908,0.5738800223028936
FX_fee,20.00004008016032,0.5833075628663237
FX_fee,20.003466933867735,0.5928802793998591
FX_fee,20.00689378757515,0.6025889325480487
FX_fee,20.010320641282565,0.6124238230814012
FX_fee,20.013747494989982,0.6223749455306269
FX_fee,20.017174348697395,0.63243214877804
FX_fee,20.020601202404812,0.6425853009376316
FX_fee,20.024028056112225,0.6528244557220733
FX_fee,20.02745490981964,0.6631400174152574
FX_fee,20.030881763527056,0.6735229015413554
FX_fee,20.03430861723447,0.6839646883474312
FX_fee,20.037735470941886,0.6944577662934794
FX_fee,20.0411623246493,0.7049954628690889
FX_fee,20.044589178356713,0.7155721602274273
FX_fee,20.04801603206413,0.7261833933391121
FX_fee,20.051442885771543,0.7368259286183153
FX_fee,20.05486973947896,0.7474978212552655
FX_fee,20.058296593186373,0.7581984497981326
FX_fee,20.061723446893787,0.7689285268599444
FX_fee,20.065150300601204,0.7796900851754287
FX_fee,20.068577154308617,0.7904864385964658
FX_fee,20.072004008016034,0.8013221179873303
FX_fee,20.075430861723447,0.812202782357707
FX_fee,20.078857715430864,0.8231351059506216
FX_fee,20.082284569138277,0.8341266423773281
FX_fee,20.08571142284569,0.8451856672603286
FX_fee,20.089138276553108,0.856321001204641
FX_fee,20.09256513026052,0.8675418152614736
FX_fee,20.095991983967938,0.8788574213756393
FX_fee,20.09941883767535,0.8902770506116912
FX_fee,20.102845691382765,0.9018096222324639
FX_fee,20.10627254509018,0.9134635069498848
FX_fee,20.109699398797595,0.9252462878796023
FX_fee,20.113126252505012,0.9371645229015287
FX_fee,20.116553106212425,0.9492235122532705
FX_fee,20.11997995991984,0.9614270752592773
FX_fee,20.123406813627255,0.9737773401182649
FX_fee,20.12683366733467,0.9862745506338617
FX_fee,20.130260521042086,0.998916893673311
FX_fee,20.1336873747495,1.011700350973688
FX_fee,20.137114228456916,1.024618578684719
FX_fee,20.14054108216433,1.0376628177386824
FX_fee,20.143967935871743,1.0508218377749499
FX_fee,20.14739478957916,1.0640819169186753
FX_fee,20.150821643286573,1.0774268592268226
FX_fee,20.15424849699399,1.0908380510731324
FX_fee,20.157675350701403,1.104294557154617
FX_fee,20.161102204408817,1.1177732561750122
FX_fee,20.164529058116234,1.131249015602898
FX_fee,20.167955911823647,1.1446949042274581
FX_fee,20.171382765531064,1.1580824405533587
FX_fee,20.174809619238477,1.1713818744009878
FX_fee,20.17823647294589,1.1845624984242005
FX_fee,20.181663326653307,1.1975929856355774
FX_fee,20.18509018036072,1.2104417484551466
FX_fee,20.188517034068138,1.2230773142842257
FX_fee,20.19194388777555,1.2354687121629502
FX_fee,20.195370741482968,1.2475858647121498
FX_fee,20.19879759519038,1.2593999792934176
FX_fee,20.202224448897795,1.2708839321580552
FX_fee,20.20565130260521,1.2820126392979634
FX_fee,20.209078156312625,1.292763407767969
FX_fee,20.212505010020042,1.3031162614183407
FX_fee,20.215931863727455,1.3130542352594448
FX_fee,20.21935871743487,1.3225636330759223
FX_fee,20.222785571142285,1.331634243407729
FX_fee,20.2262124248497,1.3402595096158338
FX_fee,20.229639278557116,1.3484366504390461
FX_fee,20.23306613226453,1.3561667282151162
FX_fee,20.236492985971946,1.3634546627708064
FX_fee,20.23991983967936,1.370309189865425
FX_fee,20.243346693386773,1.3767427639865348
FX_fee,20.24677354709419,1.3827714062253575
FX_fee,20.250200400801603,1.3884144988873166
FX_fee,20.25362725450902,1.3936945294009926
FX_fee,20.257054108216433,1.3986367869584988
FX_fee,20.260480961923847,1.4032690161363766
FX_fee,20.263907815631264,1.4076210324903522
FX_fee,20.267334669338677,1.4117243057765567
FX_fee,20.270761523046094,1.4156115170122532
FX_fee,20.274188376753507,1.4193160960395745
FX_fee,20.27761523046092,1.422871746588145
FX_fee,20.281042084168337,1.4263119660398358
FX_fee,20.28446893787575,1.4296695671777346
FX_fee,20.287895791583168,1.4329762091512366
FX_fee,20.29132264529058,1.4362619447110878
FX_fee,20.294749498997998,1.439554790467246
FX_fee,20.29817635270541,1.442880326505245
FX_fee,20.301603206412825,1.446261331173176
FX_fee,20.30503006012024,1.4497174562321422
FX_fee,20.308456913827655,1.4532649468624592
FX_fee,20.311883767535072,1.4569164102496996
FX_fee,20.315310621242485,1.4606806356556306
FX_fee,20.3187374749499,1.464562468025133
FX_fee,20.322164328657315,1.4685627363085352
FX_fee,20.32559118236473,1.4726782368059776
FX_fee,20.329018036072146,1.4769017709830716
FX_fee,20.33244488977956,1.4812222363797278
FX_fee,20.335871743486976,1.4856247684523387
FX_fee,20.33929859719439,1.4900909304643866
FX_fee,20.342725450901803,1.494598947884999
FX_fee,20.34615230460922,1.499123983176475
FX_fee,20.349579158316633,1.503638446359003
FX_fee,20.35300601202405,1.5081123363383333
FX_fee,20.356432865731463,1.5125136076725016
FX_fee,20.359859719438877,1.516808557240327
FX_fee,20.363286573146294,1.5209622251536885
FX_fee,20.366713426853707,1.5249388042278333
FX_fee,20.370140280561124,1.5287020523838584
FX_fee,20.373567134268537,1.5322157024998742
FX_fee,20.37699398797595,1.5354438644465527
FX_fee,20.380420841683367,1.5383514143304693
FX_fee,20.38384769539078,1.5409043663176276
FX_fee,20.387274549098198,1.5430702228106365
FX_fee,20.39070140280561,1.5448182991980994
FX_fee,20.394128256513028,1.5461200198736538
FX_fee,20.39755511022044,1.546949182727639
FX_fee,20.400981963927855,1.5472821898359965
FX_fee,20.40440881763527,1.5470982426017499
FX_fee,20.407835671342685,1.5463795001354723
FX_fee,20.411262525050102,1.5451112001853724
FX_fee,20.414689378757515,1.5432817424382612
FX_fee,20.41811623246493,1.54088273450266
FX_fee,20.421543086172345,1.5379090013504397
FX_fee,20.42496993987976,1.534358559426727
FX_fee,20.428396793587176,1.5302325570371653
FX_fee,20.43182364729459,1.5255351829815311
FX_fee,20.435250501002002,1.52027354572171
FX_fee,20.43867735470942,1.514457525646652
FX_fee,20.442104208416833,1.5080996032269154
FX_fee,20.44553106212425,1.5012146660343244
FX_fee,20.448957915831663,1.493819797739681
FX_fee,20.45238476953908,1.4859340522917603
FX_fee,20.455811623246493,1.4775782165268652
FX_fee,20.459238476953907,1.468774564459961
FX_fee,20.462665330661324,1.4595466064692162
FX_fee,20.466092184368737,1.4499188365068845
FX_fee,20.469519038076154,1.4399164803549986
FX_fee,20.472945891783567,1.429565247797018
FX_fee,20.47637274549098,1.418891091399493
FX_fee,20.479799599198397,1.4079199743963469
FX_fee,20.48322645290581,1.3966776499445188
FX_fee,20.486653306613228,1.385189453778827
FX_fee,20.49008016032064,1.3734801120404305
FX_fee,20.493507014028054,1.361573565788915
FX_fee,20.49693386773547,1.349492813440031
FX_fee,20.500360721442885,1.3372597721001493
FX_fee,20.5037875751503,1.3248951584993762
FX_fee,20.507214428857715,1.3124183899621698
FX_fee,20.510641282565132,1.299847505597038
FX_fee,20.514068136272545,1.2871991076422802
FX_fee,20.51749498997996,1.2744883226705561
FX_fee,20.520921843687375,1.2617287821372956
FX_fee,20.52434869739479,1.2489326215550216
FX_fee,20.527775551102206,1.2361104973905055
FX_fee,20.53120240480962,1.2232716206157137
FX_fee,20.534629258517032,1.210423805695133
FX_fee,20.53805611222445,1.19757353366539
FX_fee,20.541482965931863,1.184726027854932
FX_fee,20.54490981963928,1.1718853407042553
FX_fee,20.548336673346693,1.159054450080753
FX_fee,20.551763527054106,1.1462353634348013
FX_fee,20.555190380761523,1.133429228117585
FX_fee,20.558617234468937,1.120636446173797
FX_fee,20.562044088176354,1.1078567919346158
FX_fee,20.565470941883767,1.0950895307678035
FX_fee,20.568897795591184,1.082333537390329
FX_fee,20.572324649298597,1.0695874122162772
FX_fee,20.57575150300601,1.0568495942951668
FX_fee,20.579178356713427,1.0441184694949543
FX_fee,20.58260521042084,1.0313924726965507
FX_fee,20.586032064128258,1.0186701828921076
FX_fee,20.58945891783567,1.0059504102168182
FX_fee,20.592885771543084,0.9932322740895994
FX_fee,20.5963126252505,0.9805152717925263
FX_fee,20.599739478957915,0.9677993369778429
FX_fee,20.60316633266533,0.9550848877534412
FX_fee,20.606593186372745,0.942372864161254
FX_fee,20.61002004008016,0.9296647550232745
FX_fee,20.613446893787575,0.9169626142871586
FX_fee,20.61687374749499,0.9042690671525856
FX_fee,20.620300601202405,0.8915873063996297
FX_fee,20.62372745490982,0.8789210794690496
FX_fee,20.627154308617236,0.8662746669578897
FX_fee,20.63058116232465,0.8536528532930062
FX_fee,20.634008016032062,0.8410608904247758
FX_fee,20.63743486973948,0.8285044554460655
FX_fee,20.640861723446893,0.8159896030832504
FX_fee,20.64428857715431,0.803522714028242
FX_fee,20.647715430861723,0.7911104400832553
FX_fee,20.65114228456914,0.7787596470720973
FX_fee,20.654569138276553,0.7664773564372059
FX_fee,20.657995991983967,0.7542706863883895
FX_fee,20.661422845691384,0.7421467934027899
FX_fee,20.664849699398797,0.7301128147953754
FX_fee,20.668276553106214,0.7181758129893434
FX_fee,20.671703406813627,0.7063427220196936
FX_fee,20.67513026052104,0.6946202967014143
FX_fee,20.678557114228457,0.6830150647929429
FX_fee,20.68198396793587,0.67153328238543
FX_fee,20.685410821643288,0.6601808926541122
FX_fee,20.6888376753507,0.6489634880221463
FX_fee,20.692264529058114,0.6378862757107163
FX_fee,20.69569138276553,0.6269540465864827
FX_fee,20.699118236472945,0.6161711471679562
FX_fee,20.70254509018036,0.6055414546184723
FX_fee,20.705971943887775,0.5950683545360647
FX_fee,20.709398797595192,0.5847547213479375
FX_fee,20.712825651302605,0.5746029011314453
FX_fee,20.71625250501002,0.5646146967107163
FX_fee,20.719679358717435,0.5547913549191391
FX_fee,20.72310621242485,0.545133555968641
FX_fee,20.726533066132266,0.5356414049258962
FX_fee,20.72995991983968,0.526314425360278
FX_fee,20.733386773547092,0.5171515552941816
FX_fee,20.73681362725451,0.5081511456521186
FX_fee,20.740240480961923,0.4993109614654545
FX_fee,20.74366733466934,0.49062818614260545
FX_fee,20.747094188376753,0.4820994291572738
FX_fee,20.750521042084166,0.473720737535649
FX_fee,20.753947895791583,0.46548761153691925
FX_fee,20.757374749498997,0.4573950249168158
FX_fee,20.760801603206414,0.4494374501399147
FX_fee,20.764228456913827,0.44160888886375477
FX_fee,20.767655310621244,0.4339029079541919
FX_fee,20.771082164328657,0.4263126812100384
FX_fee,20.77450901803607,0.4188310368748889
FX_fee,20.777935871743487,0.4114505108992825
FX_fee,20.7813627254509,0.4041634057880448
FX_fee,20.784789579158318,0.3969618547299893
FX_fee,20.78821643286573,0.3898378905639506
FX_fee,20.791643286573144,0.38278351898957924
FX_fee,20.79507014028056,0.3757907952894263
FX_fee,20.798496993987975,0.3688519036935636
FX_fee,20.80192384769539,0.3619592383949998
FX_fee,20.805350701402805,0.3551054851175959
FX_fee,20.80877755511022,0.3482837020516546
FX_fee,20.812204408817635,0.34148739891046676
FX_fee,20.81563126252505,0.3347106128259024
FX_fee,20.819058116232465,0.3279479797955064
FX_fee,20.82248496993988,0.32119480041931003
FX_fee,20.825911823647296,0.31444709872113796
FX_fee,20.82933867735471,0.3077016729379035
FX_fee,20.832765531062122,0.3009561372781274
FX_fee,20.83619238476954,0.2942089537971058
FX_fee,20.839619238476953,0.2874594537061037
FX_fee,20.84304609218437,0.2807078476236266
FX_fee,20.846472945891783,0.2739552244832458
FX_fee,20.849899799599196,0.26720353902870686
FX_fee,20.853326653306613,0.26045558804846275
FX_fee,20.856753507014027,0.2537149757212603
FX_fee,20.860180360721444,0.24698606865661307
FX_fee,20.863607214428857,0.24027394141322717
FX_fee,20.86703406813627,0.23358431345818756
FX_fee,20.870460921843687,0.2269234786866827
FX_fee,20.8738877755511,0.22029822875031796
FX_fee,20.877314629258517,0.2137157715395064
FX_fee,20.88074148296593,0.20718364622941504
FX_fee,20.884168336673348,0.20070963632747024
FX_fee,20.88759519038076,0.194301682154689
FX_fee,20.891022044088174,0.1879677941522928
FX_fee,20.89444889779559,0.1817159683328813
FX_fee,20.897875751503005,0.17555410509333416
FX_fee,20.90130260521042,0.16948993247927122
FX_fee,20.904729458917835,0.16353093484283218
FX_fee,20.90815631262525,0.15768428767098058
FX_fee,20.911583166332665,0.15195679918720278
FX_fee,20.91501002004008,0.14635485914971247
FX_fee,20.918436873747495,0.14088439509034612
FX_fee,20.92186372745491,0.13555083606561594
FX_fee,20.925290581162322,0.1303590838289683
FX_fee,20.92871743486974,0.12531349118672033
FX_fee,20.932144288577152,0.12041784717180141
FX_fee,20.93557114228457,0.1156753685629123
FX_fee,20.938997995991983,0.111088697193818
FX_fee,20.9424248496994,0.10665990243864383
FX_fee,20.945851703406813,0.10239048822537172
FX_fee,20.949278557114226,0.09828140391918772
FX_fee,20.952705410821643,0.09433305842960357
FX_fee,20.956132264529057,0.09054533692693215
FX_fee,20.959559118236474,0.0869176196025999
FX_fee,20.962985971943887,0.0834488019704387
FX_fee,20.9664128256513,0.08013731627845483
FX_fee,20.969839679358717,0.07698115367965044
FX_fee,20.97326653306613,0.0739778868916916
FX_fee,20.976693386773547,0.07112469315549456
FX_fee,20.98012024048096,0.06841837737877891
FX_fee,20.983547094188374,0.06585539541896518
FX_fee,20.98697394789579,0.06343187751872086
FX_fee,20.990400801603204,0.06114365195444447
FX_fee,20.99382765531062,0.05898626899216387
FX_fee,20.997254509018035,0.05695502526599884
FX_fee,21.00068136272545,0.05504498870114309
FX_fee,21.004108216432865,0.05325102409728647
FX_fee,21.00753507014028,0.05156781946996666
FX_fee,21.010961923847695,0.049989913218563144
FX_fee,21.01438877755511,0.0485117221518813
FX_fee,21.017815631262525,0.04712757035794078
FX_fee,21.02124248496994,0.045831718855901385
FX_fee,21.024669338677356,0.04461839591720063
FX_fee,21.02809619238477,0.04348182789259882
FX_fee,21.031523046092182,0.0424162703337565
FX_fee,21.0349498997996,0.041416039154598364
FX_fee,21.038376753507013,0.040475541540490316
FX_fee,21.04180360721443,0.03958930628381686
FX_fee,21.045230460921843,0.03875201320396443
FX_fee,21.048657314629256,0.03795852129860616
FX_fee,21.052084168336673,0.03720389527210585
FX_fee,21.055511022044087,0.036483430095618594
FX_fee,21.058937875751504,0.0357926732718451
FX_fee,21.062364729458917,0.03512744450472585
FX_fee,21.06579158316633,0.034483852509665854
FX_fee,21.069218436873747,0.03385830874214719
FX_fee,21.07264529058116,0.03324753787042213
FX_fee,21.076072144288577,0.032648584870055994
FX_fee,21.07949899799599,0.03205881867296922
FX_fee,21.082925851703408,0.03147593235978295
FX_fee,21.08635270541082,0.030897939940433987
FX_fee,21.089779559118234,0.030323169822703163
FX_fee,21.09320641282565,0.029750255120462546
FX_fee,21.096633266533065,0.029178121001876424
FX_fee,21.10006012024048,0.028605969321664156
FX_fee,21.103486973947895,0.028033260820105137
FX_fee,21.10691382765531,0.027459695204088357
FX_fee,21.110340681362725,0.02688518945189076
FX_fee,21.11376753507014,0.026309854703147784
FX_fee,21.117194388777556,0.025733972108613477
FX_fee,21.12062124248497,0.025157968020844135
FX_fee,21.124048096192382,0.024582388906921694
FX_fee,21.1274749498998,0.024007876358140272
FX_fee,21.130901803607212,0.023435142559405875
FX_fee,21.13432865731463,0.022864946563409483
FX_fee,21.137755511022043,0.022298071691877388
FX_fee,21.14118236472946,0.021735304358795074
FX_fee,21.144609218436873,0.021177414579093397
FX_fee,21.148036072144286,0.020625138391293343
FX_fee,21.151462925851703,0.020079162384763868
FX_fee,21.154889779559117,0.019540110482036195
FX_fee,21.158316633266534,0.019008533084754836
FX_fee,21.161743486973947,0.018484898648976122
FX_fee,21.16517034068136,0.017969587712256724
FX_fee,21.168597194388777,0.01746288935210251
FX_fee,21.17202404809619,0.01696500001345989
FX_fee,21.175450901803607,0.016476024602787114
FX_fee,21.17887775551102,0.015995979708538603
FX_fee,21.182304609218434,0.015524798773221774
FX_fee,21.18573146292585,0.015062339011292206
FX_fee,21.189158316633264,0.014608389840515084
FX_fee,21.19258517034068,0.014162682572624286
FX_fee,21.196012024048095,0.013724901092595247
FX_fee,21.19943887775551,0.01329469324489025
FX_fee,21.202865731462925,0.012871682639970723
FX_fee,21.20629258517034,0.012455480595185515
FX_fee,21.209719438877755,0.012045697930929782
FX_fee,21.21314629258517,0.011641956355459589
FX_fee,21.216573146292586,0.011243899189700483
FX_fee,21.22,0.010851201206359464
DA_fee,10.62,0.0006960201862421445
DA_fee,10.646633266533065,0.0007012800622702276
DA_fee,10.673266533066132,0.0007058678542402484
DA_fee,10.699899799599198,0.000709821658670749
DA_fee,10.726533066132264,0.0007131863672282935
DA_fee,10.75316633266533,0.0007160134513243414
DA_fee,10.779799599198396,0.000718360690560071
DA_fee,10.806432865731463,0.0007202918489444811
DA_fee,10.833066132264529,0.0007218763036157317
DA_fee,10.859699398797595,0.0007231886315379664
DA_fee,10.886332665330661,0.0007243081603124487
DA_fee,10.912965931863727,0.0007253184898205207
DA_fee,10.939599198396794,0.000726306991895613
DA_fee,10.96623246492986,0.0007273642955928713
DA_fee,10.992865731462926,0.0007285837658801446
DA_fee,11.019498997995992,0.0007300609837071232
DA_fee,11.046132264529056,0.0007318932354163677
DA_fee,11.072765531062123,0.0007341790193388883
DA_fee,11.099398797595189,0.0007370175771679551
DA_fee,11.126032064128255,0.0007405084573302187
DA_fee,11.152665330661321,0.0007447511170773503
DA_fee,11.179298597194387,0.0007498445694106052
DA_fee,11.205931863727454,0.0007558870802333087
DA_fee,11.23256513026052,0.0007629759203123551
DA_fee,11.259198396793586,0.0007712071757311171
DA_fee,11.285831663326652,0.0007806756195459411
DA_fee,11.312464929859718,0.0007914746463310832
DA_fee,11.339098196392785,0.0008036962702280207
DA_fee,11.36573146292585,0.0008174311860208232
DA_fee,11.392364729458917,0.0008327688916564436
DA_fee,11.418997995991983,0.0008497978695344996
DA_fee,11.44563126252505,0.0008686058228222957
DA_fee,11.472264529058116,0.0008892799620243057
DA_fee,11.498897795591182,0.0009119073360672886
DA_fee,11.525531062124248,0.0009365752012680858
DA_fee,11.552164328657314,0.0009633714207452538
DA_fee,11.57879759519038,0.0009923848861313877
DA_fee,11.605430861723447,0.0010237059528517638
DA_fee,11.632064128256513,0.0010574268797670897
DA_fee,11.658697394789579,0.0010936422636420235
DA_fee,11.685330661322645,0.001132449458703159
DA_fee,11.711963927855711,0.0011739489714949999
DA_fee,11.738597194388777,0.0012182448213326118
DA_fee,11.765230460921844,0.0012654448568857602
DA_fee,11.79186372745491,0.0013156610198097039
DA_fee,11.818496993987976,0.0013690095468593894
DA_fee,11.845130260521042,0.0014256111025806116
DA_fee,11.871763527054107,0.0014855908354574111
DA_fee,11.898396793587175,0.0015490783512997156
DA_fee,11.925030060120239,0.0016162075986692211
DA_fee,11.951663326653307,0.001687116662252942
DA_fee,11.978296593186371,0.0017619474612883216
DA_fee,12.004929859719438,0.0018408453514093882
DA_fee,12.031563126252504,0.0019239586296018647
DA_fee,12.05819639278557,0.002011437943313773
DA_fee,12.084829659318636,0.002103435606147618
DA_fee,12.111462925851702,0.002200104823945644
DA_fee,12.138096192384769,0.0023015988364534674
DA_fee,12.164729458917835,0.0024080699810918155
DA_fee,12.191362725450901,0.0025196686866654724
DA_fee,12.217995991983967,0.002636542406075036
DA_fee,12.244629258517033,0.002758834498255595
DA_fee,12.2712625250501,0.0028866830706303953
DA_fee,12.297895791583166,0.003020219794322974
DA_fee,12.324529058116232,0.0031595687052033846
DA_fee,12.351162324649298,0.003304845004540929
DA_fee,12.377795591182364,0.003456153873584079
DA_fee,12.40442885771543,0.00361358931677891
DA_fee,12.431062124248497,0.003777233048559945
DA_fee,12.457695390781563,0.0039471534386945764
DA_fee,12.484328657314629,0.0041234045310286635
DA_fee,12.510961923847695,0.004306025150160991
DA_fee,12.537595190380761,0.004495038110066963
DA_fee,12.564228456913828,0.0046904495379961175
DA_fee,12.590861723446894,0.004892248326086313
DA_fee,12.61749498997996,0.005100405722073053
DA_fee,12.644128256513024,0.005314875069233371
DA_fee,12.670761523046092,0.00553559170429765
DA_fee,12.697394789579157,0.0057624730205026045
DA_fee,12.724028056112225,0.0059954187012588285
DA_fee,12.75066132264529,0.006234311128080594
DA_fee,12.777294589178357,0.0064790159645002985
DA_fee,12.803927855711422,0.00672938291567662
DA_fee,12.83056112224449,0.006985246661340354
DA_fee,12.857194388777554,0.0072464279576180644
DA_fee,12.88382765531062,0.0075127349011719765
DA_fee,12.910460921843686,0.007783964347011797
DA_fee,12.937094188376753,0.008059903469311383
DA_fee,12.963727454909819,0.008340331452623398
DA_fee,12.990360721442885,0.008625021299062877
DA_fee,13.016993987975951,0.008913741735355975
DA_fee,13.043627254509017,0.009206259202150912
DA_fee,13.070260521042083,0.009502339906693236
DA_fee,13.09689378757515,0.009801751918901426
DA_fee,13.123527054108216,0.010104267290063713
DA_fee,13.150160320641282,0.010409664172831953
DA_fee,13.176793587174348,0.010717728920928864
DA_fee,13.203426853707414,0.011028258147018938
DA_fee,13.23006012024048,0.011341060717528675
DA_fee,13.256693386773547,0.011655959663837678
DA_fee,13.283326653306613,0.011972793990191738
DA_fee,13.30995991983968,0.012291420359904803
DA_fee,13.336593186372745,0.012611714642897957
DA_fee,13.363226452905812,0.012933573309352839
DA_fee,13.389859719438878,0.013256914656203518
DA_fee,13.416492985971944,0.013581679855326956
DA_fee,13.44312625250501,0.013907833814578927
DA_fee,13.469759519038076,0.014235365845223249
DA_fee,13.496392785571143,0.014564290131773648
DA_fee,13.523026052104207,0.014894646002769164
DA_fee,13.549659318637275,0.015226498003486532
DA_fee,13.57629258517034,0.015559935774017403
DA_fee,13.602925851703407,0.015895073738458425
DA_fee,13.629559118236472,0.016232050613136047
DA_fee,13.65619238476954,0.01657102874378238
DA_fee,13.682825651302604,0.01691219328335068
DA_fee,13.709458917835672,0.01725575122369049
DA_fee,13.736092184368736,0.017601930295557573
DA_fee,13.762725450901803,0.017950977752405384
DA_fee,13.789358717434869,0.01830315905407102
DA_fee,13.815991983967935,0.01865875646683467
DA_fee,13.842625250501001,0.019018067596390298
DA_fee,13.869258517034067,0.019381403870032118
DA_fee,13.895891783567134,0.019749088983848837
DA_fee,13.9225250501002,0.020121457329947225
DA_fee,13.949158316633266,0.02049885241772658
DA_fee,13.975791583166332,0.020881625302026984
DA_fee,14.002424849699398,0.021270133029614603
DA_fee,14.029058116232465,0.021664737113984155
DA_fee,14.05569138276553,0.022065802046895466
DA_fee,14.082324649298597,0.022473693853457693
DA_fee,14.108957915831663,0.022888778695977968
DA_fee,14.13559118236473,0.02331142153023693
DA_fee,14.162224448897796,0.023741984816385526
DA_fee,14.188857715430862,0.024180827285310336
DA_fee,14.215490981963928,0.024628302760116974
DA_fee,14.242124248496994,0.02508475903136767
DA_fee,14.26875751503006,0.025550536783892266
DA_fee,14.295390781563126,0.026025968572394215
DA_fee,14.322024048096193,0.02651137784269926
DA_fee,14.348657314629257,0.0270070779953512
DA_fee,14.375290581162325,0.027513371488337456
DA_fee,14.40192384769539,0.028030548976019865
DA_fee,14.428557114228457,0.028558888481837977
DA_fee,14.455190380761522,0.029098654603015566
DA_fee,14.48182364729459,0.02965009774631839
DA_fee,14.508456913827654,0.030213453394837872
DA_fee,14.535090180360722,0.03078894140679582
DA_fee,14.561723446893787,0.03137676534841713
DA_fee,14.588356713426853,0.03197711186399735
DA_fee,14.614989979959919,0.032590150087317304
DA_fee,14.641623246492987,0.03321603109953769
DA_fee,14.668256513026051,0.033854887439563275
DA_fee,14.694889779559118,0.03450683267360009
DA_fee,14.721523046092184,0.0351719610311796
DA_fee,14.74815631262525,0.03585034711529567
DA_fee,14.774789579158316,0.03654204569443817
DA_fee,14.801422845691382,0.037247091584230514
DA_fee,14.828056112224449,0.03796549962604196
DA_fee,14.854689378757515,0.038697264769377016
DA_fee,14.881322645290581,0.039442362264017754
DA_fee,14.907955911823647,0.040200747966838604
DA_fee,14.934589178356713,0.04097235876692344
DA_fee,14.96122244488978,0.04175711313112973
DA_fee,14.987855711422846,0.04255491177055968
DA_fee,15.014488977955912,0.04336563842657724
DA_fee,15.041122244488978,0.0441891607730474
DA_fee,15.067755511022044,0.04502533142943891
DA_fee,15.09438877755511,0.04587398907733168
DA_fee,15.121022044088175,0.046734959670769655
DA_fee,15.147655310621243,0.04760805772881877
DA_fee,15.174288577154307,0.04849308769668013
DA_fee,15.200921843687375,0.04938984535981126
DA_fee,15.22755511022044,0.050298119293743386
DA_fee,15.254188376753508,0.051217692330716796
DA_fee,15.280821643286572,0.05214834302289072
DA_fee,15.30745490981964,0.05308984708078077
DA_fee,15.334088176352704,0.054041978764731546
DA_fee,15.360721442885772,0.0550045122067012
DA_fee,15.387354709418837,0.05597722263941139
DA_fee,15.413987975951905,0.056959887510034245
DA_fee,15.44062124248497,0.057952287456046754
DA_fee,15.467254509018037,0.05895420712170464
DA_fee,15.493887775551102,0.05996543579475266
DA_fee,15.520521042084168,0.06098576784452829
DA_fee,15.547154308617234,0.062015002944486385
DA_fee,15.5737875751503,0.06305294606439804
DA_fee,15.600420841683366,0.06409940722002597
DA_fee,15.627054108216432,0.06515420097092957
DA_fee,15.653687374749499,0.06621714566020363
DA_fee,15.680320641282565,0.06728806239335179
DA_fee,15.706953907815631,0.06836677375713238
DA_fee,15.733587174348697,0.0694531022830384
DA_fee,15.760220440881763,0.0705468686640594
DA_fee,15.78685370741483,0.0716478897374646
DA_fee,15.813486973947896,0.07275597625050852
DA_fee,15.840120240480962,0.07387093043013249
DA_fee,15.866753507014028,0.07499254338186596
DA_fee,15.893386773547094,0.07612059234716391
DA_fee,15.92002004008016,0.07725483785227906
DA_fee,15.946653306613227,0.07839502078540977
DA_fee,15.973286573146293,0.07954085944220145
DA_fee,15.999919839679357,0.080692046582656
DA_fee,16.026553106212425,0.08184824654504556
DA_fee,16.05318637274549,0.08300909246445558
DA_fee,16.079819639278558,0.08417418364505015
DA_fee,16.106452905811622,0.08534308313596559
DA_fee,16.13308617234469,0.08651531556087348
DA_fee,16.159719438877755,0.08769036525061336
DA_fee,16.186352705410822,0.08886767472687569
DA_fee,16.212985971943887,0.09004664358263868
DA_fee,16.239619238476955,0.09122662780194288
DA_fee,16.26625250501002,0.0924069395575724
DA_fee,16.292885771543087,0.09358684752033722
DA_fee,16.31951903807615,0.09476557770790595
DA_fee,16.34615230460922,0.09594231489458317
DA_fee,16.372785571142284,0.09711620459608523
DA_fee,16.39941883767535,0.09828635563534377
DA_fee,16.426052104208416,0.09945184328671587
DA_fee,16.452685370741484,0.1006117129868383
DA_fee,16.47931863727455,0.1017649845908425
DA_fee,16.505951903807613,0.10291065714289162
DA_fee,16.53258517034068,0.10404771412016953
DA_fee,16.55921843687375,0.10517512909972596
DA_fee,16.585851703406814,0.10629187178811299
DA_fee,16.612484969939878,0.10739691434477325
DA_fee,16.639118236472946,0.1084892379217872
DA_fee,16.665751503006014,0.1095678393351225
DA_fee,16.69238476953908,0.11063173777607237
DA_fee,16.719018036072143,0.1116799814663435
DA_fee,16.74565130260521,0.11271165415641902
DA_fee,16.77228456913828,0.11372588136450577
DA_fee,16.798917835671343,0.11472183625274034
DA_fee,16.825551102204408,0.11569874503845158
DA_fee,16.852184368737475,0.11665589184123336
DA_fee,16.87881763527054,0.11759262287144417
DA_fee,16.905450901803608,0.11850834987247504
DA_fee,16.932084168336672,0.11940255273773158
DA_fee,16.95871743486974,0.12027478123366221
DA_fee,16.985350701402805,0.12112465577223179
DA_fee,17.011983967935873,0.12195186718985561
DA_fee,17.038617234468937,0.12275617550475827
DA_fee,17.065250501002005,0.12353740764083668
DA_fee,17.09188376753507,0.12429545412305941
DA_fee,17.118517034068137,0.12503026476705226
DA_fee,17.145150300601202,0.12574184340337438
DA_fee,17.17178356713427,0.12643024169488667
DA_fee,17.198416833667334,0.12709555212310134
DA_fee,17.2250501002004,0.1277379002362462
DA_fee,17.251683366733467,0.12835743626754842
DA_fee,17.278316633266535,0.12895432624669229
DA_fee,17.3049498997996,0.1295287427401341
DA_fee,17.331583166332663,0.13008085536676525
DA_fee,17.35821643286573,0.13061082124394618
DA_fee,17.3848496993988,0.13111877552503412
DA_fee,17.411482965931864,0.13160482219295822
DA_fee,17.438116232464928,0.1320690252750597
DA_fee,17.464749498997996,0.13251140064217376
DA_fee,17.491382765531064,0.1329319085497932
DA_fee,17.51801603206413,0.13333044707111655
DA_fee,17.544649298597193,0.13370684656090775
DA_fee,17.57128256513026,0.1340608652755676
DA_fee,17.59791583166333,0.13439218625873997
DA_fee,17.624549098196393,0.13470041558349513
DA_fee,17.651182364729458,0.13498508202181875
DA_fee,17.677815631262526,0.13524563819023544
DA_fee,17.70444889779559,0.13548146319718743
DA_fee,17.731082164328658,0.13569186679372686
DA_fee,17.757715430861722,0.135876095004564
DA_fee,17.78434869739479,0.1360333371919995
DA_fee,17.810981963927855,0.1361627344811607
DA_fee,17.837615230460923,0.13626338945176814
DA_fee,17.864248496993987,0.13633437697973527
DA_fee,17.890881763527055,0.13637475609172012
DA_fee,17.91751503006012,0.1363835826776349
DA_fee,17.944148296593188,0.13635992289047846
DA_fee,17.970781563126252,0.13630286704990943
DA_fee,17.99741482965932,0.13621154385605933
DA_fee,18.024048096192384,0.1360851347133248
DA_fee,18.050681362725452,0.13592288796043756
DA_fee,18.077314629258517,0.13572413280306017
DA_fee,18.103947895791585,0.13548829274850793
DA_fee,18.13058116232465,0.1352148983488704
DA_fee,18.157214428857714,0.1349035990687253
DA_fee,18.18384769539078,0.13455417410657233
DA_fee,18.21048096192385,0.13416654201487255
DA_fee,18.237114228456914,0.13374076898183943
DA_fee,18.26374749498998,0.13327707565857086
DA_fee,18.290380761523046,0.13277584243736512
DA_fee,18.317014028056114,0.13223761311069582
DA_fee,18.34364729458918,0.13166309686495264
DA_fee,18.370280561122243,0.13105316858816993
DA_fee,18.39691382765531,0.1304088674961996
DA_fee,18.42354709418838,0.12973139410658815
DA_fee,18.450180360721443,0.12902210561347421
DA_fee,18.476813627254508,0.12828250973959662
DA_fee,18.503446893787576,0.12751425716269965
DA_fee,18.53008016032064,0.1267191326328554
DA_fee,18.556713426853708,0.12589904491415216
DA_fee,18.583346693386773,0.12505601569864336
DA_fee,18.60997995991984,0.12419216765210615
DA_fee,18.63661322645291,0.12330971175995735
DA_fee,18.663246492985973,0.1224109341474463
DA_fee,18.689879759519037,0.12149818255101512
DA_fee,18.716513026052105,0.12057385261745338
DA_fee,18.74314629258517,0.11964037420429544
DA_fee,18.769779559118234,0.1187001978489081
DA_fee,18.796412825651302,0.1177557815651147
DA_fee,18.82304609218437,0.11680957811517562
DA_fee,18.849679358717434,0.11586402289182263
DA_fee,18.8763126252505,0.11492152253005959
DA_fee,18.902945891783567,0.1139844443519781
DA_fee,18.929579158316635,0.11305510673021191
DA_fee,18.9562124248497,0.11213577043722146
DA_fee,18.982845691382764,0.11122863102877388
DA_fee,19.00947895791583,0.11033581229104213
DA_fee,19.0361122244489,0.1094593607621491
DA_fee,19.062745490981964,0.10860124132096026
DA_fee,19.08937875751503,0.10776333381889083
DA_fee,19.116012024048096,0.1069474307146439
DA_fee,19.142645290581164,0.10615523565746397
DA_fee,19.16927855711423,0.10538836295183317
DA_fee,19.195911823647293,0.10464833782574626
DA_fee,19.22254509018036,0.10393659741594947
DA_fee,19.24917835671343,0.10325449237681716
DA_fee,19.275811623246494,0.10260328901501854
DA_fee,19.302444889779558,0.10198417184968452
DA_fee,19.329078156312626,0.10139824649747194
DA_fee,19.355711422845694,0.10084654278358743
DA_fee,19.38234468937876,0.1003300179833714
DA_fee,19.408977955911823,0.09984956010432165
DA_fee,19.43561122244489,0.09940599112521258
DA_fee,19.46224448897796,0.09900007011708396
DA_fee,19.488877755511023,0.09863249618005722
DA_fee,19.515511022044087,0.09830391113996306
DA_fee,19.542144288577155,0.09801490195936484
DA_fee,19.568777555110223,0.097766002828476
DA_fee,19.595410821643284,0.09755769691245618
DA_fee,19.622044088176352,0.0973904177423548
DA_fee,19.64867735470942,0.0972645502473469
DA_fee,19.675310621242485,0.09718043143562413
DA_fee,19.70194388777555,0.09713835074020337
DA_fee,19.728577154308617,0.09713855005379651
DA_fee,19.755210420841685,0.09718122348361889
DA_fee,19.78184368737475,0.09726651686251177
DA_fee,19.808476953907814,0.09739452705688163
DA_fee,19.835110220440882,0.09756530111475749
DA_fee,19.86174348697395,0.09777883529863679
DA_fee,19.888376753507014,0.09803507404783418
DA_fee,19.91501002004008,0.09833390891376577
DA_fee,19.941643286573147,0.09867517750910508
DA_fee,19.968276553106215,0.09905866250815375
DA_fee,19.99490981963928,0.09948409073119875
DA_fee,20.021543086172343,0.09995113234024329
DA_fee,20.04817635270541,0.10045940016749326
DA_fee,20.07480961923848,0.10100844919150925
DA_fee,20.101442885771544,0.101597776169207
DA_fee,20.128076152304608,0.1022268194251158
DA_fee,20.154709418837676,0.10289495879264753
DA_fee,20.181342685370744,0.10360151569580654
DA_fee,20.20797595190381,0.1043457533539515
DA_fee,20.234609218436873,0.10512687708705286
DA_fee,20.26124248496994,0.10594403469455003
DA_fee,20.28787575150301,0.10679631687749577
DA_fee,20.314509018036073,0.10768275767129264
DA_fee,20.341142284569138,0.10860233485505834
DA_fee,20.367775551102206,0.10955397030353253
DA_fee,20.394408817635274,0.110536530248488
DA_fee,20.421042084168334,0.11154882541882497
DA_fee,20.447675350701402,0.11258961103183956
DA_fee,20.47430861723447,0.11365758661254298
DA_fee,20.500941883767535,0.1147513956232424
DA_fee,20.5275751503006,0.11586962489176152
DA_fee,20.554208416833667,0.11701080383356158
DA_fee,20.580841683366735,0.11817340347044454
DA_fee,20.6074749498998,0.11935583525633099
DA_fee,20.634108216432864,0.12055644972860795
DA_fee,20.660741482965932,0.12177353501155781
DA_fee,20.687374749499,0.12300531520624483
DA_fee,20.714008016032064,0.12424994870871456
DA_fee,20.74064128256513,0.12550552650532645
DA_fee,20.767274549098197,0.12677007050030487
DA_fee,20.793907815631265,0.12804153193597106
DA_fee,20.82054108216433,0.12931778997054735
DA_fee,20.847174348697393,0.13059665048168131
DA_fee,20.87380761523046,0.13187584516594408
DA_fee,20.90044088176353,0.13315303100533565
DA_fee,20.927074148296594,0.13442579017130116
DA_fee,20.95370741482966,0.13569163043489757
DA_fee,20.980340681362726,0.13694798614852177
DA_fee,21.006973947895794,0.13819221986009794
DA_fee,21.03360721442886,0.13942162461486704
DA_fee,21.060240480961923,0.14063342699297995
DA_fee,21.08687374749499,0.14182479092313227
DA_fee,21.11350701402806,0.14299282230356003
DA_fee,21.140140280561123,0.14413457445202343
DA_fee,21.166773547094188,0.145247054396078
DA_fee,21.193406813627256,0.14632723000414183
DA_fee,21.220040080160324,0.14737203794679132
DA_fee,21.246673346693388,0.1483783924665327
DA_fee,21.273306613226453,0.14934319492316797
DA_fee,21.29993987975952,0.15026334407101025
DA_fee,21.326573146292585,0.15113574701373572
DA_fee,21.35320641282565,0.15195733077276385
DA_fee,21.379839679358717,0.15272505439589776
DA_fee,21.406472945891785,0.1534359215246218
DA_fee,21.43310621242485,0.1540869933311045
DA_fee,21.459739478957914,0.15467540172966926
DA_fee,21.486372745490982,0.15519836276231538
DA_fee,21.51300601202405,0.15565319005395425
DA_fee,21.539639278557114,0.15603730823025777
DA_fee,21.56627254509018,0.15634826618957065
DA_fee,21.592905811623247,0.15658375012009335
DA_fee,21.619539078156315,0.1567415961545259
DA_fee,21.64617234468938,0.15681980255654815
DA_fee,21.672805611222444,0.1568165413368004
DA_fee,21.69943887775551,0.15673016920038232
DA_fee,21.72607214428858,0.15655923773322974
DA_fee,21.752705410821644,0.15630250274093044
DA_fee,21.77933867735471,0.15595893266056307
DA_fee,21.805971943887776,0.1555277159738158
DA_fee,21.832605210420844,0.15500826755792416
DA_fee,21.85923847695391,0.1544002339196975
DA_fee,21.885871743486973,0.1537034972670207
DA_fee,21.91250501002004,0.1529181783815857
DA_fee,21.93913827655311,0.15204463826613956
DA_fee,21.965771543086174,0.15108347854915263
DA_fee,21.992404809619238,0.15003554063938543
DA_fee,22.019038076152306,0.14890190363233685
DA_fee,22.045671342685374,0.14768388097987034
DA_fee,22.07230460921844,0.1463830159433822
DA_fee,22.098937875751503,0.14500107585966818
DA_fee,22.12557114228457,0.14354004525706032
DA_fee,22.152204408817635,0.14200211786742456
DA_fee,22.1788376753507,0.14038968758718667
DA_fee,22.205470941883767,0.1387053384476562
DA_fee,22.232104208416835,0.13695183366148606
DA_fee,22.2587374749499,0.13513210381815272
DA_fee,22.285370741482964,0.13324923430678692
DA_fee,22.312004008016032,0.1313064520495746
DA_fee,22.3386372745491,0.12930711163317005
DA_fee,22.365270541082165,0.12725468092917636
DA_fee,22.39190380761523,0.12515272629769245
DA_fee,22.418537074148297,0.12300489747018004
DA_fee,22.445170340681365,0.12081491220946929
DA_fee,22.47180360721443,0.11858654084556433
DA_fee,22.498436873747494,0.11632359078604673
DA_fee,22.52507014028056,0.11402989109924501
DA_fee,22.55170340681363,0.11170927726699692
DA_fee,22.578336673346694,0.1093655762017237
DA_fee,22.60496993987976,0.10700259161971283
DA_fee,22.631603206412827,0.10462408985892543
DA_fee,22.658236472945894,0.10223378622538956
DA_fee,22.68486973947896,0.09983533194725426
DA_fee,22.711503006012023,0.09743230180998323
DA_fee,22.73813627254509,0.09502818253993382
DA_fee,22.76476953907816,0.09262636199675367
DA_fee,22.791402805611224,0.09023011922774982
DA_fee,22.818036072144288,0.08784261542962359
DA_fee,22.844669338677356,0.08546688585485653
DA_fee,22.871302605210424,0.08310583269163352
DA_fee,22.89793587174349,0.08076221893756999
DA_fee,22.924569138276553,0.0784386632788105
DA_fee,22.95120240480962,0.07613763597731692
DA_fee,22.97783567134269,0.07386145576050539
DA_fee,23.00446893787575,0.07161228769891868
DA_fee,23.031102204408818,0.06939214204939143
DA_fee,23.057735470941886,0.06720287403335194
DA_fee,23.08436873747495,0.06504618451247239
DA_fee,23.111002004008014,0.06292362151705823
DA_fee,23.137635270541082,0.06083658257632645
DA_fee,23.16426853707415,0.05878631779415555
DA_fee,23.190901803607215,0.056773933609094496
DA_fee,23.21753507014028,0.05480039717339103
DA_fee,23.244168336673347,0.052866541282599544
DA_fee,23.270801603206415,0.050973069785000234
DA_fee,23.29743486973948,0.04912056339854703
DA_fee,23.324068136272544,0.04730948586247463
DA_fee,23.350701402805612,0.045540190350890505
DA_fee,23.37733466933868,0.04381292607673686
DA_fee,23.403967935871744,0.04212784501633595
DA_fee,23.43060120240481,0.04048500868730297
DA_fee,23.457234468937877,0.03888439491585643
DA_fee,23.483867735470945,0.037325904533433256
DA_fee,23.51050100200401,0.03580936794691042
DA_fee,23.537134268537073,0.03433455153162391
DA_fee,23.56376753507014,0.032901163801629454
DA_fee,23.59040080160321,0.03150886131719589
DA_fee,23.617034068136274,0.030157254295296573
DA_fee,23.64366733466934,0.028845911894743854
DA_fee,23.670300601202406,0.027574367153533775
DA_fee,23.696933867735474,0.02634212156185196
DA_fee,23.72356713426854,0.02514864925992939
DA_fee,23.750200400801603,0.02399340085550362
DA_fee,23.77683366733467,0.022875806860918467
DA_fee,23.80346693386774,0.02179528075485068
DA_fee,23.8301002004008,0.020751221678237165
DA_fee,23.856733466933868,0.0197430167781142
DA_fee,23.883366733466936,0.018770043216785298
DA_fee,23.91,0.01783166986690988
BA_fee,19.22,0.013105007194606902
BA_fee,19.23951903807615,0.013858374517301913
BA_fee,19.259038076152304,0.014640750597398935
BA_fee,19.278557114228455,0.015452562727327911
BA_fee,19.29807615230461,0.01629421799359767
BA_fee,19.31759519038076,0.017166100579993654
BA_fee,19.33711422845691,0.018068568682333187
BA_fee,19.356633266533066,0.0190019510416904
BA_fee,19.376152304609217,0.019966543114109656
BA_fee,19.395671342685368,0.02096260290657012
BA_fee,19.415190380761523,0.02199034652111749
BA_fee,19.434709418837674,0.023049943461406926
BA_fee,19.454228456913828,0.024141511768098728
BA_fee,19.47374749498998,0.02526511306133067
BA_fee,19.49326653306613,0.026420747579547262
BA_fee,19.512785571142285,0.027608349313945155
BA_fee,19.532304609218436,0.028827781346408808
BA_fee,19.551823647294587,0.030078831505698195
BA_fee,19.57134268537074,0.031361208461529795
BA_fee,19.590861723446892,0.03267453837876561
BA_fee,19.610380761523047,0.03401836225394788
BA_fee,19.629899799599198,0.03539213405365132
BA_fee,19.64941883767535,0.03679521976844225
BA_fee,19.668937875751503,0.038226897487489205
BA_fee,19.688456913827654,0.039686358587040935
BA_fee,19.707975951903805,0.04117271011111504
BA_fee,19.72749498997996,0.042684978404889336
BA_fee,19.74701402805611,0.04422211404069472
BA_fee,19.766533066132265,0.04578299805342066
BA_fee,19.786052104208416,0.0473664494768898
BA_fee,19.805571142284567,0.04897123414584342
BA_fee,19.82509018036072,0.05059607470000725
BA_fee,19.844609218436872,0.05223966169795753
BA_fee,19.864128256513027,0.05390066571973966
BA_fee,19.883647294589178,0.055577750309095564
BA_fee,19.90316633266533,0.05726958557948658
BA_fee,19.922685370741483,0.05897486228348458
BA_fee,19.942204408817634,0.06069230612334506
BA_fee,19.961723446893785,0.06242069206231247
BA_fee,19.98124248496994,0.06415885838207608
BA_fee,20.00076152304609,0.06590572022241349
BA_fee,20.020280561122245,0.0676602823348696
BA_fee,20.039799599198396,0.06942165078373506
BA_fee,20.059318637274547,0.07118904333488489
BA_fee,20.0788376753507,0.0729617982863127
BA_fee,20.098356713426853,0.07473938151348083
BA_fee,20.117875751503004,0.07652139152770311
BA_fee,20.137394789579158,0.07830756237637565
BA_fee,20.15691382765531,0.08009776424951355
BA_fee,20.176432865731464,0.08189200169710077
BA_fee,20.195951903807615,0.08369040940545819
BA_fee,20.215470941883765,0.08549324552732684
BA_fee,20.23498997995992,0.087300882608632
BA_fee,20.25450901803607,0.08911379620391156
BA_fee,20.274028056112222,0.09093255132103091
BA_fee,20.293547094188376,0.09275778688291111
BA_fee,20.313066132264527,0.09459019843846661
BA_fee,20.332585170340682,0.09643051939566218
BA_fee,20.352104208416833,0.09827950108550841
BA_fee,20.371623246492984,0.10013789199603688
BA_fee,20.39114228456914,0.10200641653894743
BA_fee,20.41066132264529,0.10388575372808412
BA_fee,20.430180360721444,0.10577651615765997
BA_fee,20.449699398797595,0.10767922966886333
BA_fee,20.469218436873746,0.10959431408608021
BA_fee,20.4887374749499,0.11152206538845667
BA_fee,20.50825651302605,0.11346263965922825
BA_fee,20.527775551102202,0.11541603912460499
BA_fee,20.547294589178357,0.11738210055664583
BA_fee,20.566813627254508,0.11936048627133224
BA_fee,20.58633266533066,0.121350677904861
BA_fee,20.605851703406813,0.1233519730991199
BA_fee,20.625370741482964,0.12536348517252446
BA_fee,20.64488977955912,0.1273841457961157
BA_fee,20.66440881763527,0.12941271063822618
BA_fee,20.68392785571142,0.13144776788546383
BA_fee,20.703446893787575,0.13348774949429376
BA_fee,20.722965931863726,0.13553094497738266
BA_fee,20.74248496993988,0.13757551748306052
BA_fee,20.76200400801603,0.13961952188570736
BA_fee,20.781523046092182,0.14166092457037
BA_fee,20.801042084168337,0.14369762456708277
BA_fee,20.820561122244488,0.14572747566966548
BA_fee,20.84008016032064,0.14774830916053225
BA_fee,20.859599198396793,0.1497579567573205
BA_fee,20.879118236472944,0.15175427339898553
BA_fee,20.8986372745491,0.1537351594981082
BA_fee,20.91815631262525,0.15569858230222666
BA_fee,20.9376753507014,0.15764259602951158
BA_fee,20.957194388777555,0.15956536047242956
BA_fee,20.976713426853706,0.16146515779649026
BA_fee,20.99623246492986,0.1633404072989233
BA_fee,21.015751503006012,0.16518967793333386
BA_fee,21.035270541082163,0.1670116984501724
BA_fee,21.054789579158317,0.16880536504823518
BA_fee,21.07430861723447,0.17056974647860032
BA_fee,21.09382765531062,0.1723040865883736
BA_fee,21.113346693386774,0.17400780433663882
BA_fee,21.132865731462925,0.17568049135819785
BA_fee,21.152384769539076,0.17732190719135968
BA_fee,21.17190380761523,0.178931972323502
BA_fee,21.19142284569138,0.1805107592418405
BA_fee,21.210941883767536,0.18205848170627517
BA_fee,21.230460921843687,0.18357548248593714
BA_fee,21.249979959919838,0.18506221982087398
BA_fee,21.269498997995992,0.18651925288489477
BA_fee,21.289018036072143,0.18794722653486884
BA_fee,21.308537074148298,0.18934685563570688
BA_fee,21.32805611222445,0.19071890924883866
BA_fee,21.3475751503006,0.1920641949654395
BA_fee,21.367094188376754,0.19338354365411534
BA_fee,21.386613226452905,0.1946777948765101
BA_fee,21.406132264529056,0.1959477832037568
BA_fee,21.42565130260521,0.1971943256421917
BA_fee,21.44517034068136,0.1984182103488561
BA_fee,21.464689378757516,0.1996201867864841
BA_fee,21.484208416833667,0.20080095743453383
BA_fee,21.503727454909818,0.2019611711379895
BA_fee,21.523246492985972,0.20310141813977933
BA_fee,21.542765531062123,0.20422222680640223
BA_fee,21.562284569138278,0.20532406202046088
BA_fee,21.58180360721443,0.206407325178913
BA_fee,21.60132264529058,0.207472355702727
BA_fee,21.620841683366734,0.20851943393287542
BA_fee,21.640360721442885,0.20954878525993198
BA_fee,21.659879759519036,0.21056058531048116
BA_fee,21.67939879759519,0.21155496599370643
BA_fee,21.69891783567134,0.2125320221962967
BA_fee,21.718436873747493,0.2134918189036053
BA_fee,21.737955911823647,0.21443439852006793
BA_fee,21.757474949899798,0.21535978816242077
BA_fee,21.776993987975953,0.21626800670522714
BA_fee,21.796513026052104,0.21715907136961587
BA_fee,21.816032064128255,0.21803300366267292
BA_fee,21.83555110220441,0.21888983449626717
BA_fee,21.85507014028056,0.21972960833976435
BA_fee,21.874589178356715,0.22055238629048035
BA_fee,21.894108216432866,0.22135824797809914
BA_fee,21.913627254509016,0.22214729225389893
BA_fee,21.93314629258517,0.22291963665150383
BA_fee,21.952665330661322,0.22367541564215304
BA_fee,21.972184368737473,0.22441477774314933
BA_fee,21.991703406813627,0.2251378815722086
BA_fee,22.01122244488978,0.2258448909719971
BA_fee,22.03074148296593,0.2265359693572469
BA_fee,22.050260521042084,0.22721127346067388
BA_fee,22.069779559118235,0.22787094667282645
BA_fee,22.08929859719439,0.22851511218428086
BA_fee,22.10881763527054,0.22914386614592278
BA_fee,22.128336673346695,0.22975727106409086
BA_fee,22.147855711422846,0.23035534964204
BA_fee,22.167374749498997,0.23093807926757623
BA_fee,22.18689378757515,0.23150538732915668
BA_fee,22.206412825651302,0.23205714751960813
BA_fee,22.225931863727453,0.23259317725862666
BA_fee,22.245450901803608,0.2331132363330832
BA_fee,22.26496993987976,0.23361702681884425
BA_fee,22.28448897795591,0.23410419431030965
BA_fee,22.304008016032064,0.23457433044529877
BA_fee,22.323527054108215,0.2350269766743819
BA_fee,22.34304609218437,0.2354616291864611
BA_fee,22.36256513026052,0.23587774486739027
BA_fee,22.38208416833667,0.23627474813683746
BA_fee,22.401603206412826,0.23665203848129235
BA_fee,22.421122244488977,0.23700899847903834
BA_fee,22.44064128256513,0.23734500209662793
BA_fee,22.460160320641283,0.2376594230265041
BA_fee,22.479679358717434,0.2379516428321702
BA_fee,22.499198396793588,0.2382210586708203
BA_fee,22.51871743486974,0.23846709037360167
BA_fee,22.53823647294589,0.2386891866802748
BA_fee,22.557755511022044,0.23888683044759423
BA_fee,22.577274549098195,0.23905954267854634
BA_fee,22.596793587174346,0.23920688525184045
BA_fee,22.6163126252505,0.23932846226684754
BA_fee,22.635831663326652,0.23942391995747492
BA_fee,22.655350701402806,0.2394929451681392
BA_fee,22.674869739478957,0.23953526242496392
BA_fee,22.694388777555112,0.23955062967441207
BA_fee,22.713907815631263,0.23953883279876098
BA_fee,22.733426853707414,0.23949967905199684
BA_fee,22.75294589178357,0.23943298959009293
BA_fee,22.77246492985972,0.2393385912952814
BA_fee,22.79198396793587,0.23921630811436137
BA_fee,22.811503006012025,0.23906595214563917
BA_fee,22.831022044088176,0.23888731471765834
BA_fee,22.850541082164327,0.23868015770509482
BA_fee,22.87006012024048,0.23844420532335583
BA_fee,22.889579158316632,0.23817913663347975
BA_fee,22.909098196392787,0.23788457897349782
BA_fee,22.928617234468938,0.23756010251179777
BA_fee,22.94813627254509,0.23720521609303263
BA_fee,22.967655310621243,0.2368193645183257
BA_fee,22.987174348697394,0.23640192736984808
BA_fee,23.00669338677355,0.2359522194561066
BA_fee,23.0262124248497,0.23546949291934416
BA_fee,23.04573146292585,0.23495294101121908
BA_fee,23.065250501002005,0.23440170350822992
BA_fee,23.084769539078156,0.23381487370499626
BA_fee,23.104288577154307,0.2331915068921728
BA_fee,23.12380761523046,0.23253063019719428
BA_fee,23.143326653306612,0.2318312536406515
BA_fee,23.162845691382763,0.23109238223940387
BA_fee,23.182364729458918,0.2303130289697957
BA_fee,23.20188376753507,0.22949222839082295
BA_fee,23.221402805611223,0.2286290507177815
BA_fee,23.240921843687374,0.2277226161319537
BA_fee,23.26044088176353,0.22677210911093865
BA_fee,23.27995991983968,0.2257767925672845
BA_fee,23.29947895791583,0.22473602158971134
BA_fee,23.318997995991985,0.22364925659112841
BA_fee,23.338517034068136,0.2225160756804798
BA_fee,23.358036072144287,0.22133618609070002
BA_fee,23.37755511022044,0.22010943451230872
BA_fee,23.397074148296593,0.21883581620100848
BA_fee,23.416593186372744,0.2175154827475515
BA_fee,23.436112224448898,0.2161487484187084
BA_fee,23.45563126252505,0.21473609499907612
BA_fee,23.4751503006012,0.2132781750841749
BA_fee,23.494669338677355,0.21177581379570837
BA_fee,23.514188376753506,0.21023000890948274
BA_fee,23.53370741482966,0.2086419294052479
BA_fee,23.55322645290581,0.20701291246537912
BA_fee,23.572745490981966,0.20534445896566342
BA_fee,23.592264529058117,0.20363822751654068
BA_fee,23.611783567134268,0.20189602712671395
BA_fee,23.631302605210422,0.20011980857324396
BA_fee,23.650821643286573,0.19831165457293073
BA_fee,23.670340681362724,0.1964737688590222
BA_fee,23.68985971943888,0.19460846427517392
BA_fee,23.70937875751503,0.1927181500050035
BA_fee,23.72889779559118,0.19080531806075673
BA_fee,23.748416833667335,0.1888725291584408
BA_fee,23.767935871743486,0.18692239810942307
BA_fee,23.78745490981964,0.18495757885993414
BA_fee,23.80697394789579,0.18298074931024305
BA_fee,23.826492985971946,0.18099459604446447
BA_fee,23.846012024048097,0.17900179910013878
BA_fee,23.865531062124248,0.1770050169038351
BA_fee,23.885050100200402,0.17500687149516556
BA_fee,23.904569138276553,0.17300993415679825
BA_fee,23.924088176352704,0.17101671156228138
BA_fee,23.94360721442886,0.1690296325468978
BA_fee,23.96312625250501,0.16705103559932613
BA_fee,23.98264529058116,0.16508315716364047
BA_fee,24.002164328657315,0.1631281208323325
BA_fee,24.021683366733466,0.16118792750145544
BA_fee,24.041202404809617,0.1592644465489904
BA_fee,24.06072144288577,0.15735940808704219
BA_fee,24.080240480961923,0.15547439632772783
BA_fee,24.099759519038077,0.1536108440916363
BA_fee,24.119278557114228,0.15177002847676208
BA_fee,24.138797595190383,0.14995306769485106
BA_fee,24.158316633266534,0.14816091907140733
BA_fee,24.177835671342685,0.14639437819520806
BA_fee,24.19735470941884,0.14465407919328555
BA_fee,24.21687374749499,0.14294049609800566
BA_fee,24.23639278557114,0.14125394526426333
BA_fee,24.255911823647295,0.13959458878698136
BA_fee,24.275430861723446,0.13796243886215193
BA_fee,24.294949899799597,0.13635736302862428
BA_fee,24.314468937875752,0.13477909022279844
BA_fee,24.333987975951903,0.1332272175743272
BA_fee,24.353507014028057,0.13170121786784744
BA_fee,24.37302605210421,0.13020044759369698
BA_fee,24.392545090180363,0.1287241555093998
BA_fee,24.412064128256514,0.12727149163344587
BA_fee,24.431583166332665,0.12584151659343168
BA_fee,24.45110220440882,0.12443321125190153
BA_fee,24.47062124248497,0.1230454865351493
BA_fee,24.49014028056112,0.12167719339268537
BA_fee,24.509659318637276,0.12032713281797346
BA_fee,24.529178356713427,0.11899406586426951
BA_fee,24.548697394789578,0.11767672359285199
BA_fee,24.568216432865732,0.11637381689456135
BA_fee,24.587735470941883,0.11508404612923111
BA_fee,24.607254509018034,0.11380611053124931
BA_fee,24.62677354709419,0.11253871733310922
BA_fee,24.64629258517034,0.11128059056227202
BA_fee,24.665811623246494,0.11003047947001074
BA_fee,24.685330661322645,0.10878716655411177
BA_fee,24.7048496993988,0.10754947514032534
BA_fee,24.72436873747495,0.10631627649037691
BA_fee,24.7438877755511,0.10508649640714536
BA_fee,24.763406813627256,0.10385912131033953
BA_fee,24.782925851703407,0.10263320375872267
BA_fee,24.802444889779558,0.10140786739766618
BA_fee,24.821963927855712,0.10018231131364588
BA_fee,24.841482965931863,0.09895581378025484
BA_fee,24.861002004008014,0.09772773538344263
BA_fee,24.88052104208417,0.09649752151706523
BA_fee,24.90004008016032,0.09526470424343773
BA_fee,24.919559118236474,0.09402890351745255
BA_fee,24.939078156312625,0.09278982777698921
BA_fee,24.95859719438878,0.09154727390670106
BA_fee,24.97811623246493,0.09030112658690652
BA_fee,24.997635270541082,0.0890513570440575
BA_fee,25.017154308617236,0.08779802122415661
BA_fee,25.036673346693387,0.08654125741540071
BA_fee,25.05619238476954,0.08528128335115985
BA_fee,25.075711422845693,0.08401839282911706
BA_fee,25.095230460921844,0.08275295188679198
BA_fee,25.114749498997995,0.0814853945777594
BA_fee,25.13426853707415,0.08021621839646599
BA_fee,25.1537875751503,0.07894597940259479
BA_fee,25.17330661322645,0.07767528709831648
BA_fee,25.192825651302606,0.07640479911346398
BA_fee,25.212344689378757,0.0751352157545738
BA_fee,25.23186372745491,0.07386727447383441
BA_fee,25.251382765531062,0.07260174431328525
BA_fee,25.270901803607217,0.07133942037804855
BA_fee,25.290420841683368,0.07008111839006119
BA_fee,25.30993987975952,0.06882766937068206
BA_fee,25.329458917835673,0.06757991449679304
BA_fee,25.348977955911824,0.06633870017063774
BA_fee,25.368496993987975,0.06510487333877107
BA_fee,25.38801603206413,0.0638792770902122
BA_fee,25.40753507014028,0.0626627465583449
BA_fee,25.42705410821643,0.06145610514535589
BA_fee,25.446573146292586,0.06026016108224302
BA_fee,25.466092184368737,0.059075704331684034
BA_fee,25.48561122244489,0.05790350383551768
BA_fee,25.505130260521042,0.05674430510330146
BA_fee,25.524649298597197,0.05559882813346999
BA_fee,25.544168336673348,0.05446776565411914
BA_fee,25.5636873747495,0.05335178166640227
BA_fee,25.583206412825653,0.05225151027001931
BA_fee,25.602725450901804,0.05116755474732455
BA_fee,25.622244488977955,0.05010048688016295
BA_fee,25.64176352705411,0.049050846471724543
BA_fee,25.66128256513026,0.048019141044390326
BA_fee,25.68080160320641,0.04700584568378957
BA_fee,25.700320641282566,0.046011402999016085
BA_fee,25.719839679358717,0.04503622316914599
BA_fee,25.739358717434868,0.04408068404683191
BA_fee,25.758877755511023,0.04314513129078038
BA_fee,25.778396793587174,0.04222987850032001
BA_fee,25.797915831663328,0.04133520732698876
BA_fee,25.81743486973948,0.04046136754013529
BA_fee,25.836953907815634,0.03960857702584753
BA_fee,25.856472945891785,0.03877702170114596
BA_fee,25.875991983967936,0.037966855328242524
BA_fee,25.89551102204409,0.0371781992167924
BA_fee,25.91503006012024,0.03641114180541703
BA_fee,25.934549098196392,0.035665738117365696
BA_fee,25.954068136272546,0.03494200908897808
BA_fee,25.973587174348697,0.034239940773601374
BA_fee,25.99310621242485,0.033559483427760106
BA_fee,26.012625250501003,0.03290055049067393
BA_fee,26.032144288577154,0.032263017472568496
BA_fee,26.051663326653305,0.03164672077162751
BA_fee,26.07118236472946,0.03105145644377569
BA_fee,26.090701402805614,0.030476978953704853
BA_fee,26.110220440881765,0.02992299993955667
BA_fee,26.129739478957916,0.029389187027364632
BA_fee,26.14925851703407,0.028875162734609477
BA_fee,26.16877755511022,0.028380503504961997
BA_fee,26.188296593186372,0.0279047389183415
BA_fee,26.207815631262527,0.027447351121719896
BA_fee,26.227334669338678,0.027007774526519906
BA_fee,26.24685370741483,0.026585395817923182
BA_fee,26.266372745490983,0.026179554319830906
BA_fee,26.285891783567134,0.025789542756553093
BA_fee,26.305410821643285,0.025414608448515043
BA_fee,26.32492985971944,0.02505395497435613
BA_fee,26.34444889779559,0.02470674432578508
BA_fee,26.363967935871745,0.024372099574499793
BA_fee,26.383486973947896,0.024049108062487657
BA_fee,26.40300601202405,0.023736825118197274
BA_fee,26.4225250501002,0.023434278291589835
BA_fee,26.442044088176353,0.023140472091112
BA_fee,26.461563126252507,0.022854393195394687
BA_fee,26.481082164328658,0.022575016102204012
BA_fee,26.50060120240481,0.02230130916709273
BA_fee,26.520120240480964,0.022032240974578177
BA_fee,26.539639278557114,0.02176678697575584
BA_fee,26.559158316633265,0.021503936318285455
BA_fee,26.57867735470942,0.021242698787904322
BA_fee,26.59819639278557,0.020982111775217773
BA_fee,26.617715430861722,0.020721247177688737
BA_fee,26.637234468937876,0.020459218144626968
BA_fee,26.656753507014027,0.02019518557267192
BA_fee,26.676272545090182,0.019928364260829303
BA_fee,26.695791583166333,0.01965802863757095
BA_fee,26.715310621242487,0.019383517977795278
BA_fee,26.73482965931864,0.0191042410344908
BA_fee,26.75434869739479,0.018819680018599814
BA_fee,26.773867735470944,0.018529393870675297
BA_fee,26.793386773547095,0.018233020779222366
BA_fee,26.812905811623246,0.017930279912876296
BA_fee,26.8324248496994,0.01762097234649908
BA_fee,26.85194388777555,0.017304981174576167
BA_fee,26.871462925851702,0.01698227081865161
BA_fee,26.890981963927857,0.01665288554864545
BA_fee,26.910501002004008,0.016316947250437284
BA_fee,26.930020040080162,0.015974652483790534
BA_fee,26.949539078156313,0.015626268885276934
BA_fee,26.969058116232468,0.015272130980092249
BA_fee,26.98857715430862,0.014912635474361644
BA_fee,27.00809619238477,0.014548236105551329
BA_fee,27.027615230460924,0.01417943813284682
BA_fee,27.047134268537075,0.013806792551767401
BA_fee,27.066653306613226,0.013430890117869935
BA_fee,27.08617234468938,0.013052355263201627
BA_fee,27.10569138276553,0.012671839986289225
BA_fee,27.125210420841682,0.012290017792035243
BA_fee,27.144729458917837,0.011907577752124282
BA_fee,27.164248496993988,0.011525218749611417
BA_fee,27.18376753507014,0.011143643963521998
BA_fee,27.203286573146293,0.010763555640776802
BA_fee,27.222805611222448,0.01038565019382454
BA_fee,27.242324649298595,0.01001061365327772
BA_fee,27.26184368737475,0.009639117495852851
BA_fee,27.281362725450904,0.009271814859248627
BA_fee,27.300881763527055,0.008909337147461815
BA_fee,27.320400801603206,0.008552291022638402
BA_fee,27.33991983967936,0.008201255773029725
BA_fee,27.35943887775551,0.007856781041091176
BA_fee,27.378957915831663,0.007519384891314789
BA_fee,27.398476953907817,0.007189552194061959
BA_fee,27.417995991983968,0.0068677332994706115
BA_fee,27.43751503006012,0.006554342974424866
BA_fee,27.457034068136274,0.006249759575533782
BA_fee,27.476553106212428,0.00595432443197828
BA_fee,27.496072144288576,0.005668341413833836
BA_fee,27.51559118236473,0.005392076663933961
BA_fee,27.535110220440885,0.005125758474347576
BA_fee,27.554629258517036,0.00486957729194422
BA_fee,27.574148296593187,0.004623685841156846
BA_fee,27.59366733466934,0.004388199355754291
BA_fee,27.613186372745492,0.004163195915050823
BA_fee,27.632705410821643,0.0039487168833656815
BA_fee,27.652224448897798,0.0037447674545704793
BA_fee,27.67174348697395,0.0035513173061152694
BA_fee,27.6912625250501,0.003368301368912138
BA_fee,27.710781563126254,0.003195620720818485
BA_fee,27.730300601202405,0.0030331436121448724
BA_fee,27.749819639278556,0.0028807066316067042
BA_fee,27.76933867735471,0.0027381160204410834
BA_fee,27.788857715430865,0.0026051491410499753
BA_fee,27.808376753507012,0.0024815561045565984
BA_fee,27.827895791583167,0.002367061559141317
BA_fee,27.84741482965932,0.0022613666380392984
BA_fee,27.866933867735472,0.002164151062732441
BA_fee,27.886452905811623,0.0020750753932633976
BA_fee,27.905971943887778,0.0019937834138528997
BA_fee,27.92549098196393,0.0019199046382334841
BA_fee,27.94501002004008,0.0018530569154452325
BA_fee,27.964529058116234,0.0017928491133878924
BA_fee,27.984048096192385,0.0017388838543016486
BA_fee,28.003567134268536,0.0016907602736592302
BA_fee,28.02308617234469,0.001648076771787308
BA_fee,28.042605210420845,0.0016104337259728852
BA_fee,28.062124248496993,0.0015774361299136011
BA_fee,28.081643286573147,0.001548696127186129
BA_fee,28.1011623246493,0.0015238354059601918
BA_fee,28.120681362725453,0.0015024874234858387
BA_fee,28.140200400801604,0.0014842994309180707
BA_fee,28.159719438877758,0.0014689342717844824
BA_fee,28.17923847695391,0.0014560719308002446
BA_fee,28.19875751503006,0.0014454108137242178
BA_fee,28.218276553106215,0.0014366687434482466
BA_fee,28.237795591182365,0.001429583662422668
BA_fee,28.257314629258516,0.001423914036736998
BA_fee,28.27683366733467,0.0014194389625787854
BA_fee,28.296352705410822,0.0014159579812621217
BA_fee,28.315871743486973,0.0014132906144239494
BA_fee,28.335390781563127,0.001411275636203854
BA_fee,28.354909819639282,0.0014097701041277692
BA_fee,28.37442885771543,0.0014086481748901071
BA_fee,28.393947895791584,0.0014077997351639629
BA_fee,28.41346693386774,0.0014071288808681932
BA_fee,28.43298597194389,0.001406552280902394
BA_fee,28.45250501002004,0.001405997463160467
BA_fee,28.472024048096195,0.00140540106160501
BA_fee,28.491543086172346,0.0014047070633019698
BA_fee,28.511062124248497,0.0014038650935730005
BA_fee,28.53058116232465,0.001402828775837982
BA_fee,28.550100200400802,0.00140155420032951
BA_fee,28.569619238476953,0.0013999985327222235
BA_fee,28.589138276553108,0.0013981187899088766
BA_fee,28.608657314629262,0.0013958708057649118
BA_fee,28.62817635270541,0.001393208404881617
BA_fee,28.647695390781564,0.0013900827970334973
BA_fee,28.66721442885772,0.0013864421997061957
BA_fee,28.68673346693387,0.0013822316904793352
BA_fee,28.70625250501002,0.0013773932855687641
BA_fee,28.725771543086175,0.001371866235516627
BA_fee,28.745290581162326,0.0013655875240025988
BA_fee,28.764809619238477,0.0013584925511530563
BA_fee,28.78432865731463,0.00135051597865319
BA_fee,28.803847695390782,0.0013415927105111581
BA_fee,28.823366733466933,0.0013316589805577484
BA_fee,28.842885771543088,0.0013206535157454609
BA_fee,28.86240480961924,0.0013085187430726239
BA_fee,28.88192384769539,0.0012952020075165844
BA_fee,28.901442885771544,0.0012806567687089466
BA_fee,28.9209619238477,0.0012648437451995456
BA_fee,28.940480961923846,0.0012477319769890788
BA_fee,28.96,0.001229299779500602
AMM_fee,24.35,0.0048080099816812764
AMM_fee,24.365110220440883,0.004998222083911926
AMM_fee,24.380220440881764,0.005194614377850181
AMM_fee,24.395330661322646,0.00539770367199782
AMM_fee,24.410440881763527,0.00560805269621376
AMM_fee,24.42555110220441,0.005826268825138494
AMM_fee,24.44066132264529,0.006053002233468339
AMM_fee,24.455771543086176,0.0062889434776958976
AMM_fee,24.470881763527057,0.006534820505695056
AMM_fee,24.48599198396794,0.006791395102432619
AMM_fee,24.50110220440882,0.007059458787036633
AMM_fee,24.5162124248497,0.00733982818337184
AMM_fee,24.531322645290583,0.007633339893059947
AMM_fee,24.546432865731465,0.007940844906470866
AMM_fee,24.561543086172346,0.008263202593511574
AMM_fee,24.576653306613228,0.008601274321982237
AMM_fee,24.59176352705411,0.008955916756786498
AMM_fee,24.60687374749499,0.00932797489830885
AMM_fee,24.621983967935872,0.009718274922759219
AMM_fee,24.637094188376754,0.010127616891172284
AMM_fee,24.652204408817635,0.010556767397006506
AMM_fee,24.66731462925852,0.011006452224869649
AMM_fee,24.6824248496994,0.011477349094779061
AMM_fee,24.697535070140283,0.011970080567519508
AMM_fee,24.712645290581165,0.012485207187069336
AMM_fee,24.727755511022046,0.01302322093571549
AMM_fee,24.742865731462928,0.013584539076356665
AMM_fee,24.75797595190381,0.01416949845459958
AMM_fee,24.77308617234469,0.014778350330583865
AMM_fee,24.788196392785572,0.01541125580702561
AMM_fee,24.803306613226454,0.01606828191576823
AMM_fee,24.818416833667335,0.016749398420165464
AMM_fee,24.833527054108217,0.017454475384927972
AMM_fee,24.848637274549098,0.018183281558658306
AMM_fee,24.86374749498998,0.018935483607205414
AMM_fee,24.878857715430865,0.01971064622823297
AMM_fee,24.893967935871746,0.02050823316904346
AMM_fee,24.909078156312628,0.0213276091608192
AMM_fee,24.92418837675351,0.022168042773040235
AMM_fee,24.93929859719439,0.023028710182054598
AMM_fee,24.954408817635272,0.023908699837644293
AMM_fee,24.969519038076154,0.024807018001076854
AMM_fee,24.984629258517035,0.02572259511765107
AMM_fee,24.999739478957917,0.026654292976284667
AMM_fee,25.0148496993988,0.027600912598348674
AMM_fee,25.02995991983968,0.028561202787919324
AMM_fee,25.04507014028056,0.02953386926601562
AMM_fee,25.060180360721443,0.030517584302406964
AMM_fee,25.075290581162324,0.03151099675037642
AMM_fee,25.09040080160321,0.03251274238257777
AMM_fee,25.10551102204409,0.03352145442002763
AMM_fee,25.120621242484972,0.03453577414147099
AMM_fee,25.135731462925854,0.035554361457022635
AMM_fee,25.150841683366735,0.03657590532828857
AMM_fee,25.165951903807617,0.03759913391719319
AMM_fee,25.1810621242485,0.038622824347648486
AMM_fee,25.19617234468938,0.03964581196802112
AMM_fee,25.21128256513026,0.04066699900817588
AMM_fee,25.226392785571143,0.04168536253267773
AMM_fee,25.241503006012024,0.0426999616015096
AMM_fee,25.256613226452906,0.043709943561312185
AMM_fee,25.271723446893787,0.04471454940356785
AMM_fee,25.28683366733467,0.04571311814116549
AMM_fee,25.301943887775554,0.04670509017115628
AMM_fee,25.317054108216436,0.04769000960900204
AMM_fee,25.332164328657317,0.04866752559791693
AMM_fee,25.3472745490982,0.049637392615636856
AMM_fee,25.36238476953908,0.05059946981977674
AMM_fee,25.37749498997996,0.05155371949142228
AMM_fee,25.392605210420843,0.05250020465431858
AMM_fee,25.407715430861725,0.05343908596355172
AMM_fee,25.422825651302606,0.054370617972515495
AMM_fee,25.437935871743488,0.055295144899801245
AMM_fee,25.45304609218437,0.05621309602805115
AMM_fee,25.46815631262525,0.05712498087439538
AMM_fee,25.483266533066132,0.05803138427656798
AMM_fee,25.498376753507017,0.05893296153986749
AMM_fee,25.5134869739479,0.059830433787642204
AMM_fee,25.52859719438878,0.06072458365181773
AMM_fee,25.54370741482966,0.06161625143008729
AMM_fee,25.558817635270543,0.06250633182288537
AMM_fee,25.573927855711425,0.06339577134623088
AMM_fee,25.589038076152306,0.06428556649628676
AMM_fee,25.604148296593188,0.06517676271833206
AMM_fee,25.61925851703407,0.06607045420723365
AMM_fee,25.63436873747495,0.06696778453895136
AMM_fee,25.649478957915832,0.06786994810368824
AMM_fee,25.664589178356714,0.06877819228169116
AMM_fee,25.679699398797595,0.06969382027305666
AMM_fee,25.694809619238477,0.07061819446400991
AMM_fee,25.70991983967936,0.07155274018468231
AMM_fee,25.725030060120243,0.07249894968820614
AMM_fee,25.740140280561125,0.07345838615867922
AMM_fee,25.755250501002006,0.07443268753692614
AMM_fee,25.770360721442888,0.07542356993860737
AMM_fee,25.78547094188377,0.07643283042968284
AMM_fee,25.80058116232465,0.07746234891994534
AMM_fee,25.815691382765532,0.07851408893669266
AMM_fee,25.830801603206414,0.07959009704780184
AMM_fee,25.845911823647295,0.08069250071662167
AMM_fee,25.861022044088177,0.08182350439018699
AMM_fee,25.87613226452906,0.08298538364706912
AMM_fee,25.89124248496994,0.0841804772614294
AMM_fee,25.90635270541082,0.0854111770750577
AMM_fee,25.921462925851706,0.08667991560878592
AMM_fee,25.936573146292588,0.08798915138793606
AMM_fee,25.95168336673347,0.08934135200261542
AMM_fee,25.96679358717435,0.09073897497176771
AMM_fee,25.981903807615232,0.09218444652897345
AMM_fee,25.997014028056114,0.0936801384970337
AMM_fee,26.012124248496995,0.09522834346631714
AMM_fee,26.027234468937877,0.09683124853762515
AMM_fee,26.04234468937876,0.09849090793295151
AMM_fee,26.05745490981964,0.10020921481590184
AMM_fee,26.07256513026052,0.1019878726968837
AMM_fee,26.087675350701403,0.10382836682554962
AMM_fee,26.102785571142284,0.10573193599373176
AMM_fee,26.117895791583166,0.10769954518563679
AMM_fee,26.133006012024047,0.10973185951789959
AMM_fee,26.148116232464933,0.11182921991004252
AMM_fee,26.163226452905814,0.11399162091568638
AMM_fee,26.178336673346696,0.11621869112674389
AMM_fee,26.193446893787577,0.11850967653683758
AMM_fee,26.20855711422846,0.1208634272168601
AMM_fee,26.22366733466934,0.1232783876154023
AMM_fee,26.23877755511022,0.12575259075040465
AMM_fee,26.253887775551103,0.12828365650670745
AMM_fee,26.268997995991985,0.1308687941980811
AMM_fee,26.284108216432866,0.13350480949283391
AMM_fee,26.299218436873748,0.13618811574034262
AMM_fee,26.31432865731463,0.13891474967291398
AMM_fee,26.32943887775551,0.14168039139447688
AMM_fee,26.344549098196396,0.14448038850579462
AMM_fee,26.359659318637277,0.14730978415632784
AMM_fee,26.37476953907816,0.1501633487566328
AMM_fee,26.38987975951904,0.15303561503313554
AMM_fee,26.40498997995992,0.15592091606023545
AMM_fee,26.420100200400803,0.15881342586368616
AMM_fee,26.435210420841685,0.1617072021546287
AMM_fee,26.450320641282566,0.1645962307260945
AMM_fee,26.465430861723448,0.16747447102350577
AMM_fee,26.48054108216433,0.17033590238785837
AMM_fee,26.49565130260521,0.17317457046497645
AMM_fee,26.510761523046092,0.17598463327622652
AMM_fee,26.525871743486974,0.17876040645529398
AMM_fee,26.540981963927855,0.1814964071714875
AMM_fee,26.556092184368737,0.18418739628221772
AMM_fee,26.571202404809622,0.18682841828511715
AMM_fee,26.586312625250503,0.18941483867306702
AMM_fee,26.601422845691385,0.1919423783325378
AMM_fee,26.616533066132266,0.19440714466623105
AMM_fee,26.631643286573148,0.19680565916439938
AMM_fee,26.64675350701403,0.1991348811945295
AMM_fee,26.66186372745491,0.2013922278255702
AMM_fee,26.676973947895792,0.2035755895498893
AMM_fee,26.692084168336674,0.20568334181281034
AMM_fee,26.707194388777555,0.20771435230552363
AMM_fee,26.722304609218437,0.20966798402153095
AMM_fee,26.73741482965932,0.21154409411931915
AMM_fee,26.752525050100203,0.21334302867410357
AMM_fee,26.767635270541085,0.2150656134389316
AMM_fee,26.782745490981966,0.21671314076994494
AMM_fee,26.797855711422848,0.21828735290192394
AMM_fee,26.81296593186373,0.21979042178830652
AMM_fee,26.82807615230461,0.22122492574457261
AMM_fee,26.843186372745492,0.22259382315523205
AMM_fee,26.858296593186374,0.22390042352265804
AMM_fee,26.873406813627255,0.22514835615079978
AMM_fee,26.888517034068137,0.22634153676835603
AMM_fee,26.90362725450902,0.22748413240462684
AMM_fee,26.9187374749499,0.22858052483688085
AMM_fee,26.93384769539078,0.22963527293103478
AMM_fee,26.948957915831663,0.23065307419772962
AMM_fee,26.964068136272545,0.23163872588377604
AMM_fee,26.97917835671343,0.23259708591446762
AMM_fee,26.99428857715431,0.2335330339956197
AMM_fee,27.009398797595193,0.23445143317553588
AMM_fee,27.024509018036074,0.23535709215645778
AMM_fee,27.039619238476956,0.23625472863268115
AMM_fee,27.054729458917837,0.2371489339184077
AMM_fee,27.06983967935872,0.23804413911274896
AMM_fee,27.0849498997996,0.23894458303221844
AMM_fee,27.10006012024048,0.2398542821226039
AMM_fee,27.115170340681363,0.24077700254257023
AMM_fee,27.130280561122245,0.24171623459066388
AMM_fee,27.145390781563126,0.24267516962593136
AMM_fee,27.16050100200401,0.24365667961010043
AMM_fee,27.175611222444893,0.24466329937654388
AMM_fee,27.190721442885774,0.24569721170809955
AMM_fee,27.205831663326656,0.24676023528255053
AMM_fee,27.220941883767537,0.24785381552130298
AMM_fee,27.23605210420842,0.24897901835380956
AMM_fee,27.2511623246493,0.25013652688765875
AMM_fee,27.26627254509018,0.251326640952315
AMM_fee,27.281382765531063,0.2525492794633163
AMM_fee,27.296492985971945,0.25380398553354905
AMM_fee,27.311603206412826,0.255089934239183
AMM_fee,27.326713426853708,0.25640594293001134
AMM_fee,27.34182364729459,0.25775048395757866
AMM_fee,27.35693386773547,0.2591216996794677
AMM_fee,27.372044088176352,0.26051741958474023
AMM_fee,27.387154308617234,0.2619351793736385
AMM_fee,27.40226452905812,0.26337224181441005
AMM_fee,27.417374749499,0.26482561919139636
AMM_fee,27.432484969939882,0.26629209715145924
AMM_fee,27.447595190380763,0.26776825975009944
AMM_fee,27.462705410821645,0.2692505154945769
AMM_fee,27.477815631262526,0.27073512417846884
AMM_fee,27.492925851703408,0.27221822430073483
AMM_fee,27.50803607214429,0.27369586086211545
AMM_fee,27.52314629258517,0.2751640133326875
AMM_fee,27.538256513026052,0.2766186235865132
AMM_fee,27.553366733466934,0.27805562360245895
AMM_fee,27.568476953907815,0.2794709627344463
AMM_fee,27.5835871743487,0.28086063435955944
AMM_fee,27.598697394789582,0.28222070171853225
AMM_fee,27.613807615230463,0.28354732277023775
AMM_fee,27.628917835671345,0.28483677388982404
AMM_fee,27.644028056112226,0.2860854722491431
AMM_fee,27.659138276553108,0.2872899967281451
AMM_fee,27.67424849699399,0.2884471072169119
AMM_fee,27.68935871743487,0.2895537621801019
AMM_fee,27.704468937875752,0.2906071343687011
AMM_fee,27.719579158316634,0.2916046245782018
AMM_fee,27.734689378757515,0.2925438733676399
AMM_fee,27.749799599198397,0.29342277067025824
AMM_fee,27.76490981963928,0.2942394632439607
AMM_fee,27.78002004008016,0.29499235992803285
AMM_fee,27.79513026052104,0.295680134691796
AMM_fee,27.810240480961923,0.2963017274807519
AMM_fee,27.825350701402808,0.29685634288628143
AMM_fee,27.84046092184369,0.29734344668579055
AMM_fee,27.85557114228457,0.2977627603212284
AMM_fee,27.870681362725453,0.29811425340482234
AMM_fee,27.885791583166334,0.2983981343614279
AMM_fee,27.900901803607216,0.29861483933676464
AMM_fee,27.916012024048097,0.2987650195197308
AMM_fee,27.93112224448898,0.29884952704454076
AMM_fee,27.94623246492986,0.29886939965442777
AMM_fee,27.96134268537074,0.29882584432258175
AMM_fee,27.976452905811623,0.2987202200377431
AMM_fee,27.991563126252505,0.2985540199709835
AMM_fee,28.00667334669339,0.2983288532465141
AMM_fee,28.02178356713427,0.2980464265426103
AMM_fee,28.036893787575153,0.29770852574875734
AMM_fee,28.052004008016034,0.2973169979017581
AMM_fee,28.067114228456916,0.296873733616779
AMM_fee,28.082224448897797,0.2963806502191001
AMM_fee,28.09733466933868,0.2958396757687607
AMM_fee,28.11244488977956,0.29525273415352005
AMM_fee,28.12755511022044,0.2946217314057351
AMM_fee,28.142665330661323,0.2939485433762537
AMM_fee,28.157775551102205,0.29323500487352466
AMM_fee,28.172885771543086,0.2924829003492627
AMM_fee,28.187995991983968,0.2916939561837183
AMM_fee,28.20310621242485,0.290869834594295
AMM_fee,28.21821643286573,0.2900121291616121
AMM_fee,28.233326653306616,0.2891223619376309
AMM_fee,28.248436873747497,0.28820198207185055
AMM_fee,28.26354709418838,0.28725236586430075
AMM_fee,28.27865731462926,0.2862748181288717
AMM_fee,28.293767535070142,0.28527057472786327
AMM_fee,28.308877755511023,0.2842408061190606
AMM_fee,28.323987975951905,0.28318662174065345
AMM_fee,28.339098196392786,0.28210907504721416
AMM_fee,28.354208416833668,0.2810091690021412
AMM_fee,28.36931863727455,0.2798878618285157
AMM_fee,28.38442885771543,0.27874607282151126
AMM_fee,28.399539078156312,0.2775846880311205
AMM_fee,28.414649298597197,0.27640456563405885
AMM_fee,28.42975951903808,0.27520654082795837
AMM_fee,28.44486973947896,0.27399143009905075
AMM_fee,28.459979959919842,0.2727600347360533
AMM_fee,28.475090180360723,0.27151314348730704
AMM_fee,28.490200400801605,0.27025153428484605
AMM_fee,28.505310621242486,0.2689759749872491
AMM_fee,28.520420841683368,0.2676872231222044
AMM_fee,28.53553106212425,0.26638602463882616
AMM_fee,28.55064128256513,0.2650731117083377
AMM_fee,28.565751503006013,0.263749199638805
AMM_fee,28.580861723446894,0.2624149829947161
AMM_fee,28.595971943887776,0.26107113103447677
AMM_fee,28.611082164328657,0.259718282597953
AMM_fee,28.62619238476954,0.25835704059142695
AMM_fee,28.64130260521042,0.25698796622846176
AMM_fee,28.6564128256513,0.2556115731918796
AMM_fee,28.671523046092187,0.25422832188426525
AMM_fee,28.686633266533068,0.2528386139320903
AMM_fee,28.70174348697395,0.2514427871018627
AMM_fee,28.71685370741483,0.25004111077586505
AMM_fee,28.731963927855713,0.24863378212048673
AMM_fee,28.747074148296594,0.2472209230622855
AMM_fee,28.762184368737476,0.24580257816634232
AMM_fee,28.777294589178357,0.2443787134888403
AMM_fee,28.79240480961924,0.24294921645175022
AMM_fee,28.80751503006012,0.24151389676278878
AMM_fee,28.822625250501005,0.2400724883791501
AMM_fee,28.837735470941887,0.2386246524895679
AMM_fee,28.852845691382768,0.23716998146672139
AMM_fee,28.86795591182365,0.2357080037215119
AMM_fee,28.88306613226453,0.23423818937265764
AMM_fee,28.898176352705413,0.23275995663007562
AMM_fee,28.913286573146294,0.23127267877869195
AMM_fee,28.928396793587176,0.22977569164105896
AMM_fee,28.943507014028057,0.22826830139243082
AMM_fee,28.95861723446894,0.22674979260079747
AMM_fee,28.97372745490982,0.22521943636661987
AMM_fee,28.9888376753507,0.22367649844242896
AMM_fee,29.003947895791583,0.22212024722067816
AMM_fee,29.019058116232465,0.22054996148891323
AMM_fee,29.034168336673346,0.21896493786385185
AMM_fee,29.049278557114228,0.21736449782996264
AMM_fee,29.06438877755511,0.2157479943229304
AMM_fee,29.07949899799599,0.21411481781350641
AMM_fee,29.094609218436876,0.21246440186210738
AMM_fee,29.109719438877757,0.2107962281286528
AMM_fee,29.12482965931864,0.20910983083506202
AMM_fee,29.13993987975952,0.20740480068920575
AMM_fee,29.155050100200402,0.20568078828858546
AMM_fee,29.170160320641283,0.2039375070294335
AMM_fee,29.185270541082165,0.2021747355521079
AMM_fee,29.200380761523046,0.20039231975661673
AMM_fee,29.215490981963928,0.1985901744228923
AMM_fee,29.23060120240481,0.19676828446916186
AMM_fee,29.245711422845694,0.19492670587873231
AMM_fee,29.260821643286576,0.19306556632090027
AMM_fee,29.275931863727457,0.1911850654859846
AMM_fee,29.29104208416834,0.18928547514790842
AMM_fee,29.30615230460922,0.18736713896083768
AMM_fee,29.321262525050102,0.1854304719894469
AMM_fee,29.336372745490984,0.1834759599658573
AMM_fee,29.351482965931865,0.1815041582605274
AMM_fee,29.366593186372747,0.17951569054971947
AMM_fee,29.381703406813628,0.177511247158822
AMM_fee,29.39681362725451,0.17549158305912246
AMM_fee,29.41192384769539,0.17345751549555263
AMM_fee,29.427034068136273,0.1714099212247223
AMM_fee,29.442144288577154,0.16934973334605652
AMM_fee,29.457254509018036,0.1672779377141189
AMM_fee,29.472364729458917,0.1651955689269135
AMM_fee,29.4874749498998,0.16310370589312406
AMM_fee,29.502585170340684,0.16100346699037119
AMM_fee,29.517695390781565,0.1588960048365354
AMM_fee,29.532805611222447,0.15678250070651706
AMM_fee,29.547915831663328,0.15466415863726427
AMM_fee,29.56302605210421,0.15254219927397353
AMM_fee,29.57813627254509,0.15041785351985676
AMM_fee,29.593246492985973,0.14829235606030836
AMM_fee,29.608356713426854,0.1461669388394698
AMM_fee,29.623466933867736,0.14404282457275316
AMM_fee,29.638577154308617,0.14192122038264735
AMM_fee,29.6536873747495,0.1398033116469613
AMM_fee,29.668797595190384,0.13769025614833555
AMM_fee,29.683907815631265,0.13558317861150937
AMM_fee,29.699018036072147,0.1334831657102652
AMM_fee,29.71412825651303,0.1313912616194771
AMM_fee,29.72923847695391,0.12930846417921002
AMM_fee,29.74434869739479,0.12723572172766914
AMM_fee,29.759458917835673,0.12517393064815052
AMM_fee,29.774569138276554,0.12312393366228983
AMM_fee,29.789679358717436,0.12108651888811867
AMM_fee,29.804789579158317,0.11906241966710626
AMM_fee,29.8198997995992,0.11705231514971894
AMM_fee,29.83501002004008,0.11505683161454892
AMM_fee,29.850120240480962,0.11307654448193172
AMM_fee,29.865230460921843,0.11111198096965744
AMM_fee,29.880340681362725,0.10916362332606562
AMM_fee,29.895450901803606,0.10723191256486105
AMM_fee,29.910561122244488,0.10531725261657396
AMM_fee,29.925671342685373,0.10342001480396583
AMM_fee,29.940781563126254,0.10154054254297969
AMM_fee,29.955891783567136,0.09967915616716136
AMM_fee,29.971002004008017,0.0978361577719644
AMM_fee,29.9861122244489,0.0960118359759143
AMM_fee,30.00122244488978,0.09420647049833154
AMM_fee,30.016332665330662,0.09242033645805958
AMM_fee,30.031442885771543,0.09065370830430798
AMM_fee,30.046553106212425,0.08890686329919778
AMM_fee,30.061663326653306,0.08718008448163941
AMM_fee,30.07677354709419,0.08547366305359662
AMM_fee,30.091883767535073,0.08378790014235768
AMM_fee,30.106993987975954,0.08212310790585277
AMM_fee,30.122104208416836,0.08047960996207187
AMM_fee,30.137214428857718,0.07885774113793784
AMM_fee,30.1523246492986,0.0772578465473022
AMM_fee,30.16743486973948,0.07568028002173707
AMM_fee,30.182545090180362,0.07412540193123537
AMM_fee,30.197655310621244,0.07259357644451106
AMM_fee,30.212765531062125,0.07108516829007763
AMM_fee,30.227875751503007,0.06960053908940442
AMM_fee,30.242985971943888,0.06814004334206272
AMM_fee,30.25809619238477,0.06670402414964863
AMM_fee,30.27320641282565,0.06529280877029711
AMM_fee,30.288316633266533,0.06390670409868263
AMM_fee,30.303426853707414,0.06254599216746098
AMM_fee,30.318537074148296,0.06121092576515535
AMM_fee,30.333647294589177,0.059901724262502794
AMM_fee,30.348757515030062,0.05861856973439049
AMM_fee,30.363867735470944,0.05736160345776538
AMM_fee,30.378977955911825,0.05613092285748081
AMM_fee,30.394088176352707,0.05492657896214486
AMM_fee,30.409198396793588,0.05374857442081816
AMM_fee,30.42430861723447,0.05259686211919779
AMM_fee,30.43941883767535,0.05147134442092434
AMM_fee,30.454529058116233,0.05037187304618356
AMM_fee,30.469639278557114,0.04929824958613346
AMM_fee,30.484749498997996,0.04825022663818142
AMM_fee,30.49985971943888,0.04722750953406459
AMM_fee,30.514969939879762,0.04622975862035082
AMM_fee,30.530080160320644,0.04525659203965191
AMM_fee,30.545190380761525,0.04430758895080905
AMM_fee,30.560300601202407,0.04338229311775257
AMM_fee,30.57541082164329,0.04248021678991663
AMM_fee,30.59052104208417,0.04160084479210544
AMM_fee,30.60563126252505,0.0407436387387068
AMM_fee,30.620741482965933,0.03990804128619109
AMM_fee,30.635851703406814,0.039093480338931785
AMM_fee,30.650961923847696,0.03829937312651186
AMM_fee,30.666072144288577,0.0375251300757573
AMM_fee,30.68118236472946,0.03677015840762765
AMM_fee,30.69629258517034,0.0360338653976363
AMM_fee,30.711402805611222,0.03531566124842724
AMM_fee,30.726513026052103,0.03461496153427883
AMM_fee,30.741623246492985,0.03393118918933246
AMM_fee,30.75673346693387,0.03326377602396008
AMM_fee,30.77184368737475,0.032612163766569266
AMM_fee,30.786953907815633,0.031975804640963744
AMM_fee,30.802064128256514,0.03135416150181332
AMM_fee,30.817174348697396,0.03074670756251045
AMM_fee,30.832284569138277,0.030152925760417018
AMM_fee,30.84739478957916,0.029572307813945514
AMM_fee,30.86250501002004,0.029004353033845926
AMM_fee,30.877615230460922,0.028448566957276038
AMM_fee,30.892725450901803,0.02790445987755776
AMM_fee,30.907835671342685,0.027371545344871528
AMM_fee,30.92294589178357,0.02684933871344484
AMM_fee,30.93805611222445,0.026337355809051777
AMM_fee,30.953166332665333,0.025835111786911127
AMM_fee,30.968276553106215,0.025342120244453474
AMM_fee,30.983386773547096,0.024857892646059008
AMM_fee,30.998496993987978,0.024381938107969257
AMM_fee,31.01360721442886,0.023913763581354976
AMM_fee,31.02871743486974,0.02345287446026507
AMM_fee,31.043827655310622,0.022998775629170975
AMM_fee,31.058937875751504,0.022550972952372877
AMM_fee,31.074048096192385,0.022108975194968492
AMM_fee,31.089158316633267,0.02167229635271804
AMM_fee,31.104268537074148,0.02124045835629488
AMM_fee,31.11937875751503,0.020812994104377664
AMM_fee,31.13448897795591,0.02038945077009916
AMM_fee,31.149599198396793,0.019969393316761667
AMM_fee,31.164709418837674,0.019552408151669795
AMM_fee,31.17981963927856,0.019138106841586847
AMM_fee,31.19492985971944,0.0187261298098111
AMM_fee,31.210040080160322,0.018316149933275905
AMM_fee,31.225150300601204,0.01790787595842891
AMM_fee,31.240260521042085,0.017501055656910843
AMM_fee,31.255370741482967,0.017095478646185942
AMM_fee,31.270480961923848,0.016690978806138193
AMM_fee,31.28559118236473,0.01628743623010842
AMM_fee,31.30070140280561,0.015884778657704733
AMM_fee,31.315811623246493,0.01548298234675578
AMM_fee,31.330921843687378,0.015082072352752522
AMM_fee,31.34603206412826,0.014682122195769332
AMM_fee,31.36114228456914,0.01428325290690245
AMM_fee,31.376252505010022,0.01388563145842877
AMM_fee,31.391362725450904,0.013489468593896764
AMM_fee,31.406472945891785,0.013095016085949054
AMM_fee,31.421583166332667,0.012702563460586793
AMM_fee,31.43669338677355,0.012312434236592585
AMM_fee,31.45180360721443,0.011924981737727713
AMM_fee,31.46691382765531,0.011540584542927878
AMM_fee,31.482024048096193,0.011159641645913905
AMM_fee,31.497134268537074,0.010782567400287373
AMM_fee,31.512244488977956,0.010409786329242053
AMM_fee,31.527354709418837,0.010041727880450638
AMM_fee,31.54246492985972,0.009678821206495629
AMM_fee,31.5575751503006,0.009321490049444249
AMM_fee,31.572685370741482,0.008970147804893582
AMM_fee,31.587795591182363,0.008625192836150214
AMM_fee,31.60290581162325,0.008287004103284656
AMM_fee,31.61801603206413,0.007955937164779893
AMM_fee,31.63312625250501,0.007632320601551625
AMM_fee,31.648236472945893,0.007316452904448268
AMM_fee,31.663346693386774,0.007008599857142832
AMM_fee,31.678456913827656,0.00670899243681472
AMM_fee,31.693567134268537,0.006417825245392309
AMM_fee,31.70867735470942,0.006135255474589036
AMM_fee,31.7237875751503,0.0058614023987088445
AMM_fee,31.738897795591182,0.005596347380402397
AMM_fee,31.754008016032067,0.0053401343663785
AMM_fee,31.76911823647295,0.005092770842670543
AMM_fee,31.78422845691383,0.00485422921253083
AMM_fee,31.79933867735471,0.004624448554486431
AMM_fee,31.814448897795593,0.004403336713598761
AMM_fee,31.829559118236475,0.004190772675575448
AMM_fee,31.844669338677356,0.003986609171108475
AMM_fee,31.859779559118238,0.0037906754566454995
AMM_fee,31.87488977955912,0.0036027802177173176
AMM_fee,31.89,0.0034227145418895244
OB_fee,31.83,0.008948882692318777
OB_fee,31.83372745490982,0.00928909727450454
OB_fee,31.837454909819638,0.009641249402553436
OB_fee,31.84118236472946,0.010006817595104753
OB_fee,31.844909819639277,0.010387313334069549
OB_fee,31.848637274549098,0.010784249265358833
OB_fee,31.852364729458916,0.01119910494110036
OB_fee,31.856092184368737,0.011633290753670615
OB_fee,31.859819639278555,0.0120881107928316
OB_fee,31.863547094188377,0.012564725423396731
OB_fee,31.867274549098195,0.013064114429593784
OB_fee,31.871002004008016,0.013587041601839104
OB_fee,31.874729458917834,0.014134021650337721
OB_fee,31.878456913827655,0.014705290317050172
OB_fee,31.882184368737473,0.01530077852263685
OB_fee,31.885911823647294,0.015920091328548727
OB_fee,31.889639278557112,0.01656249241724304
OB_fee,31.893366733466934,0.017226894697372847
OB_fee,31.89709418837675,0.0179118575276769
OB_fee,31.900821643286573,0.01861559092611239
OB_fee,31.90454909819639,0.01933596699239941
OB_fee,31.908276553106212,0.02007053862628945
OB_fee,31.91200400801603,0.020816565473961206
OB_fee,31.91573146292585,0.021571046885057968
OB_fee,31.91945891783567,0.022330761516506644
OB_fee,31.92318637274549,0.023092313080321406
OB_fee,31.92691382765531,0.02385218160418883
OB_fee,31.93064128256513,0.02460677945907662
OB_fee,31.934368737474948,0.02535251130965407
OB_fee,31.93809619238477,0.026085837063263985
OB_fee,31.941823647294587,0.02680333683267451
OB_fee,31.94555110220441,0.027501776887962136
OB_fee,31.949278557114226,0.028178175553492658
OB_fee,31.953006012024048,0.028829868006912732
OB_fee,31.956733466933866,0.029454568957034962
OB_fee,31.960460921843687,0.03005043221525701
OB_fee,31.964188376753505,0.030616106228477165
OB_fee,31.967915831663326,0.031150784708349286
OB_fee,31.971643286573144,0.03165425156945327
OB_fee,31.975370741482966,0.032126919475236264
OB_fee,31.979098196392783,0.0325698613826462
OB_fee,31.982825651302605,0.03298483457208096
OB_fee,31.986553106212423,0.033374296746273416
OB_fee,31.990280561122244,0.03374141387842686
OB_fee,31.994008016032062,0.034090059584709564
OB_fee,31.997735470941883,0.034424805888301324
OB_fee,32.001462925851705,0.03475090533087838
OB_fee,32.00519038076152,0.03507426447277706
OB_fee,32.00891783567134,0.03540140890526034
OB_fee,32.01264529058116,0.035739439978044046
OB_fee,32.01637274549098,0.036095983523368555
OB_fee,32.0201002004008,0.03647913093544191
OB_fee,32.02382765531062,0.03689737304212117
OB_fee,32.02755511022044,0.03735952728518832
OB_fee,32.03128256513026,0.037874658807333525
OB_fee,32.035010020040076,0.03845199612840722
OB_fee,32.0387374749499,0.03910084218076502
OB_fee,32.04246492985972,0.03983048156314393
OB_fee,32.04619238476954,0.04065008496360573
OB_fee,32.049919839679355,0.04156861179308007
OB_fee,32.053647294589176,0.04259471215998551
OB_fee,32.057374749499,0.043736629400656035
OB_fee,32.06110220440882,0.04500210445694859
OB_fee,32.06482965931863,0.046398283457978765
OB_fee,32.068557114228454,0.04793162991396391
OB_fee,32.072284569138276,0.049607842962838475
OB_fee,32.0760120240481,0.05143178312118536
OB_fee,32.07973947895791,0.053407406976514034
OB_fee,32.08346693386773,0.055537712215214065
OB_fee,32.087194388777554,0.05782469430698639
OB_fee,32.090921843687376,0.06026931606066891
OB_fee,32.09464929859719,0.06287149112695321
OB_fee,32.09837675350701,0.06563008235082271
OB_fee,32.10210420841683,0.06854291567139327
OB_fee,32.105831663326654,0.07160681003158507
OB_fee,32.10955911823647,0.07481762349748988
OB_fee,32.11328657314629,0.07817031550195418
OB_fee,32.11701402805611,0.08165902482359756
OB_fee,32.12074148296593,0.08527716259760594
OB_fee,32.12446893787575,0.08901751933449896
OB_fee,32.12819639278557,0.09287238460545563
OB_fee,32.13192384769539,0.09683367774499785
OB_fee,32.13565130260521,0.10089308763223807
OB_fee,32.139378757515026,0.10504221934785125
OB_fee,32.14310621242485,0.10927274527359015
OB_fee,32.14683366733467,0.11357655801121148
OB_fee,32.15056112224449,0.1179459223550466
OB_fee,32.154288577154304,0.12237362346216102
OB_fee,32.158016032064126,0.1268531083311054
OB_fee,32.16174348697395,0.1313786177274218
OB_fee,32.16547094188377,0.13594530578372332
OB_fee,32.16919839679358,0.14054934465405175
OB_fee,32.172925851703404,0.1451880118158763
OB_fee,32.176653306613225,0.14985975788524922
OB_fee,32.18038076152305,0.15456425313766758
OB_fee,32.18410821643286,0.15930241130278663
OB_fee,32.18783567134268,0.16407638961894858
OB_fee,32.191563126252504,0.1688895645846885
OB_fee,32.195290581162325,0.17374648332037806
OB_fee,32.19901803607214,0.1786527909431375
OB_fee,32.20274549098196,0.18361513485220887
OB_fee,32.20647294589178,0.18864104730851852
OB_fee,32.210200400801604,0.19373880816077638
OB_fee,32.21392785571142,0.19891729000968214
OB_fee,32.21765531062124,0.2041857885020092
OB_fee,32.22138276553106,0.20955384079741152
OB_fee,32.22511022044088,0.21503103554476533
OB_fee,32.2288376753507,0.22062681793378924
OB_fee,32.23256513026052,0.22635029354635836
OB_fee,32.23629258517034,0.23221003481540894
OB_fee,32.24002004008016,0.238213893905698
OB_fee,32.243747494989975,0.2443688257582695
OB_fee,32.2474749498998,0.25068072489101156
OB_fee,32.25120240480962,0.2571542793231878
OB_fee,32.25492985971944,0.2637928446973317
OB_fee,32.258657314629254,0.27059834131263094
OB_fee,32.262384769539075,0.2775711763680702
OB_fee,32.2661122244489,0.2847101932491272
OB_fee,32.26983967935872,0.29201264918918685
OB_fee,32.27356713426853,0.2994742221056642
OB_fee,32.277294589178354,0.3070890468631746
OB_fee,32.281022044088175,0.31484978066243874
OB_fee,32.284749498997996,0.3227476967063494
OB_fee,32.28847695390781,0.3307728047639448
OB_fee,32.29220440881763,0.33891399675068534
OB_fee,32.29593186372745,0.3471592149787047
OB_fee,32.299659318637275,0.355495640313581
OB_fee,32.30338677354709,0.36390989711174976
OB_fee,32.30711422845691,0.3723882715129072
OB_fee,32.31084168336673,0.38091693942904215
OB_fee,32.31456913827655,0.3894822004110829
OB_fee,32.31829659318637,0.3980707134868302
OB_fee,32.32202404809619,0.406669731051774
OB_fee,32.32575150300601,0.4152673269557289
OB_fee,32.32947895791583,0.4238526150616546
OB_fee,32.333206412825646,0.43241595475326433
OB_fee,32.33693386773547,0.4409491401311581
OB_fee,32.34066132264529,0.44944556995513835
OB_fee,32.34438877755511,0.4579003957565528
OB_fee,32.348116232464925,0.46631064594869354
OB_fee,32.351843687374746,0.47467532419712954
OB_fee,32.35557114228457,0.48299548076395027
OB_fee,32.35929859719439,0.4912742560010335
OB_fee,32.3630260521042,0.49951689562553436
OB_fee,32.366753507014025,0.5077307378571014
OB_fee,32.370480961923846,0.5159251729197712
OB_fee,32.37420841683367,0.524111575804203
OB_fee,32.37793587174348,0.5323032135390923
OB_fee,32.3816633266533,0.5405151285284088
OB_fee,32.385390781563125,0.5487639997680559
OB_fee,32.389118236472946,0.5570679839588942
OB_fee,32.39284569138276,0.5654465386806379
OB_fee,32.39657314629258,0.5739202298842161
OB_fee,32.4003006012024,0.5825105260005217
OB_fee,32.404028056112224,0.5912395809559792
OB_fee,32.40775551102204,0.6001300083351878
OB_fee,32.41148296593186,0.6092046488465045
OB_fee,32.41521042084168,0.6184863331354745
OB_fee,32.4189378757515,0.6279976418642921
OB_fee,32.42266533066132,0.6377606648415992
OB_fee,32.42639278557114,0.6477967608574042
OB_fee,32.43012024048096,0.6581263197611861
OB_fee,32.43384769539078,0.6687685282271936
OB_fee,32.4375751503006,0.6797411405857327
OB_fee,32.44130260521042,0.6910602560695135
OB_fee,32.44503006012024,0.7027401038330359
OB_fee,32.44875751503006,0.7147928371502287
OB_fee,32.452484969939874,0.7272283382825827
OB_fee,32.456212424849696,0.7400540356281601
OB_fee,32.45993987975952,0.7532747349076375
OB_fee,32.46366733466934,0.7668924663054651
OB_fee,32.46739478957916,0.7809063496504864
OB_fee,32.471122244488974,0.7953124798776409
OB_fee,32.474849699398796,0.810103835145963
OB_fee,32.47857715430862,0.8252702100803091
OB_fee,32.48230460921844,0.8407981766435807
OB_fee,32.48603206412825,0.8566710751125357
OB_fee,32.489759519038074,0.8728690375158824
OB_fee,32.493486973947896,0.8893690456824216
OB_fee,32.49721442885772,0.9061450257375284
OB_fee,32.50094188376753,0.9231679804679014
OB_fee,32.50466933867735,0.9404061604540767
OB_fee,32.508396793587174,0.9578252742465293
OB_fee,32.512124248496995,0.9753887371500024
OB_fee,32.51585170340681,0.993057957390019
OB_fee,32.51957915831663,1.010792657589984
OB_fee,32.52330661322645,1.028551228604042
OB_fee,32.527034068136274,1.046291111862259
OB_fee,32.53076152304609,1.0639692055122685
OB_fee,32.53448897795591,1.0815422888222261
OB_fee,32.53821643286573,1.0989674585679123
OB_fee,32.54194388777555,1.1162025704987035
OB_fee,32.54567134268537,1.1332066784829955
OB_fee,32.54939879759519,1.1499404636055255
OB_fee,32.55312625250501,1.1663666453404515
OB_fee,32.55685370741483,1.18245036697704
OB_fee,32.560581162324645,1.198159547730622
OB_fee,32.56430861723447,1.2134651944399184
OB_fee,32.56803607214429,1.228341666421288
OB_fee,32.57176352705411,1.2427668879159497
OB_fee,32.575490981963924,1.2567225036017953
OB_fee,32.579218436873745,1.2701939738285288
OB_fee,32.58294589178357,1.2831706075368086
OB_fee,32.58667334669339,1.2956455322090332
OB_fee,32.5904008016032,1.3076156016260505
OB_fee,32.594128256513024,1.3190812436349766
OB_fee,32.597855711422845,1.3300462515212865
OB_fee,32.60158316633267,1.3405175238867804
OB_fee,32.60531062124248,1.3505047591204156
OB_fee,32.6090380761523,1.3600201115792425
OB_fee,32.612765531062124,1.3690778174388456
OB_fee,32.616492985971945,1.3776937988042488
OB_fee,32.62022044088176,1.3858852550726353
OB_fee,32.62394789579158,1.3936702507008536
OB_fee,32.6276753507014,1.4010673084479877
OB_fee,32.63140280561122,1.4080950168440443
OB_fee,32.63513026052104,1.4147716600893323
OB_fee,32.63885771543086,1.4211148778374363
OB_fee,32.64258517034068,1.4271413613808481
OB_fee,32.6463126252505,1.43286659167481
OB_fee,32.650040080160316,1.4383046234339458
OB_fee,32.65376753507014,1.4434679182570633
OB_fee,32.65749498997996,1.4483672284140814
OB_fee,32.66122244488978,1.4530115316061913
OB_fee,32.664949899799595,1.457408015720766
OB_fee,32.668677354709416,1.4615621113826407
OB_fee,32.67240480961924,1.4654775689829074
OB_fee,32.67613226452906,1.4691565758733174
OB_fee,32.67985971943887,1.4725999085692159
OB_fee,32.683587174348695,1.4758071141241418
OB_fee,32.687314629258516,1.4787767143346964
OB_fee,32.69104208416834,1.481506426110983
OB_fee,32.69476953907815,1.4839933912045429
OB_fee,32.69849699398797,1.4862344085185437
OB_fee,32.702224448897795,1.4882261624224813
OB_fee,32.705951903807616,1.489965440844788
OB_fee,32.70967935871743,1.4914493374026143
OB_fee,32.71340681362725,1.4926754324322016
OB_fee,32.71713426853707,1.4936419484837662
OB_fee,32.720861723446895,1.4943478766222227
OB_fee,32.72458917835671,1.494793070706962
OB_fee,32.72831663326653,1.4949783076910312
OB_fee,32.73204408817635,1.4949053128616265
OB_fee,32.73577154308617,1.494576749822516
OB_fee,32.73949899799599,1.4939961758771128
OB_fee,32.74322645290581,1.4931679642939424
OB_fee,32.74695390781563,1.4920971957106668
OB_fee,32.75068136272545,1.4907895216458844
OB_fee,32.754408817635266,1.489251003730919
OB_fee,32.75813627254509,1.4874879328362645
OB_fee,32.76186372745491,1.4855066327424629
OB_fee,32.76559118236473,1.4833132533860798
OB_fee,32.769318637274544,1.4809135589928157
OB_fee,32.773046092184366,1.4783127165862686
OB_fee,32.77677354709419,1.4755150904302499
OB_fee,32.78050100200401,1.4725240479201402
OB_fee,32.78422845691382,1.4693417822855876
OB_fee,32.787955911823644,1.4659691572001756
OB_fee,32.791683366733466,1.4624055780175649
OB_fee,32.79541082164329,1.4586488938690034
OB_fee,32.7991382765531,1.4546953342711963
OB_fee,32.80286573146292,1.4505394832128184
OB_fee,32.806593186372744,1.446174292923271
OB_fee,32.810320641282566,1.4415911386904396
OB_fee,32.81404809619238,1.4367799152014762
OB_fee,32.8177755511022,1.431729173948382
OB_fee,32.82150300601202,1.4264263002892126
OB_fee,32.825230460921844,1.420857727806483
OB_fee,32.82895791583166,1.4150091866810743
OB_fee,32.83268537074148,1.4088659819241778
OB_fee,32.8364128256513,1.4024132965077918
OB_fee,32.84014028056112,1.3956365137251758
OB_fee,32.84386773547094,1.3885215525218515
OB_fee,32.84759519038076,1.3810552090797568
OB_fee,32.85132264529058,1.3732254976317313
OB_fee,32.8550501002004,1.3650219833387462
OB_fee,32.858777555110215,1.3564361000890772
OB_fee,32.86250501002004,1.3474614462769074
OB_fee,32.86623246492986,1.3380940519876423
OB_fee,32.86995991983968,1.3283326115481084
OB_fee,32.873687374749494,1.3181786760831367
OB_fee,32.877414829659315,1.3076368015341773
OB_fee,32.88114228456914,1.2967146485236756
OB_fee,32.88486973947896,1.2854230314617356
OB_fee,32.88859719438877,1.2737759153658705
OB_fee,32.892324649298594,1.2617903599677796
OB_fee,32.896052104208415,1.2494864117863398
OB_fee,32.89977955911824,1.2368869459207308
OB_fee,32.90350701402805,1.2240174603380138
OB_fee,32.90723446893787,1.2109058263654917
OB_fee,32.910961923847694,1.1975819999320692
OB_fee,32.914689378757515,1.1840776988114547
OB_fee,32.91841683366733,1.1704260516940865
OB_fee,32.92214428857715,1.1566612253410788
OB_fee,32.92587174348697,1.1428180363511964
OB_fee,32.929599198396794,1.1289315541977938
OB_fee,32.93332665330661,1.115036702176055
OB_fee,32.93705410821643,1.101167862746481
OB_fee,32.94078156312625,1.087358493485054
OB_fee,32.94450901803607,1.0736407594643431
OB_fee,32.94823647294589,1.060045187415238
OB_fee,32.95196392785571,1.0466003464693427
OB_fee,32.95569138276553,1.0333325596799594
OB_fee,32.95941883767535,1.0202656498782292
OB_fee,32.963146292585165,1.0074207227625174
OB_fee,32.966873747494986,0.9948159894528938
OB_fee,32.97060120240481,0.982466630086662
OB_fee,32.97432865731463,0.9703846993899359
OB_fee,32.97805611222444,0.958579074548751
OB_fee,32.981783567134265,0.9470554451200388
OB_fee,32.985511022044086,0.9358163441774046
OB_fee,32.98923847695391,0.9248612193745636
OB_fee,32.99296593186372,0.9141865421365414
OB_fee,32.99669338677354,0.9037859527489821
OB_fee,33.000420841683365,0.8936504387127367
OB_fee,33.004148296593186,0.8837685433579241
OB_fee,33.007875751503,0.874126601373763
OB_fee,33.01160320641282,0.8647089976022537
OB_fee,33.01533066132264,0.855498445171488
OB_fee,33.019058116232465,0.8464762788055733
OB_fee,33.02278557114228,0.8376227589515328
OB_fee,33.0265130260521,0.8289173822098128
OB_fee,33.03024048096192,0.8203391934531917
OB_fee,33.03396793587174,0.8118670949728477
OB_fee,33.037695390781565,0.8034801480090531
OB_fee,33.04142284569138,0.7951578621114378
OB_fee,33.0451503006012,0.7868804679370798
OB_fee,33.04887775551102,0.778629169336892
OB_fee,33.052605210420836,0.7703863709037482
OB_fee,33.05633266533066,0.762135877560445
OB_fee,33.06006012024048,0.7538630632486678
OB_fee,33.0637875751503,0.7455550063350159
OB_fee,33.06751503006012,0.7372005899708169
OB_fee,33.071242484969936,0.7287905663157441
OB_fee,33.07496993987976,0.7203175842485738
OB_fee,33.07869739478958,0.7117761809258547
OB_fee,33.08242484969939,0.7031627382923596
OB_fee,33.086152304609215,0.6944754063785177
OB_fee,33.089879759519036,0.6857139959196605
OB_fee,33.09360721442886,0.6768798434791827
OB_fee,33.09733466933868,0.6679756528374932
OB_fee,33.10106212424849,0.6590053169004045
OB_fee,33.104789579158314,0.6499737247723397
OB_fee,33.108517034068136,0.6408865589180391
OB_fee,33.11224448897796,0.6317500874923345
OB_fee,33.11597194388777,0.6225709569468703
OB_fee,33.11969939879759,0.6133559899225457
OB_fee,33.123426853707414,0.6041119932099127
OB_fee,33.127154308617236,0.5948455802122554
OB_fee,33.13088176352705,0.5855630118883294
OB_fee,33.13460921843687,0.5762700595956829
OB_fee,33.13833667334669,0.566971892617681
OB_fee,33.142064128256514,0.5576729924554479
OB_fee,33.14579158316633,0.5483770952210206
OB_fee,33.14951903807615,0.539087162700179
OB_fee,33.15324649298597,0.5298053818850847
OB_fee,33.15697394789579,0.5205331920285247
OB_fee,33.16070140280561,0.5112713375651393
OB_fee,33.16442885771543,0.502019944598251
OB_fee,33.16815631262525,0.49277861808134765
OB_fee,33.17188376753507,0.4835465563448125
OB_fee,33.175611222444886,0.47432267924352645
OB_fee,33.17933867735471,0.4651057659364154
OB_fee,33.18306613226453,0.4558945981606971
OB_fee,33.18679358717435,0.44668810483136695
OB_fee,33.190521042084164,0.4374855038799872
OB_fee,33.194248496993985,0.4282864374386672
OB_fee,33.19797595190381,0.41909109676776574
OB_fee,33.20170340681363,0.40990033370696943
OB_fee,33.20543086172344,0.400715755886537
OB_fee,33.209158316633264,0.3915398034516995
OB_fee,33.212885771543085,0.38237580561279144
OB_fee,33.21661322645291,0.37322801591758237
OB_fee,33.22034068136272,0.3641016257346423
OB_fee,33.22406813627254,0.3550027560180836
OB_fee,33.227795591182364,0.345938427979454
OB_fee,33.231523046092185,0.33691651380565757
OB_fee,33.235250501002,0.32794566902084615
OB_fee,33.23897795591182,0.319035248482695
OB_fee,33.24270541082164,0.31019520832194664
OB_fee,33.246432865731464,0.30143599637166146
OB_fee,33.25016032064128,0.29276843378769507
OB_fee,33.2538877755511,0.28420359063290035
OB_fee,33.25761523046092,0.2757526581878558
OB_fee,33.26134268537074,0.26742682066452367
OB_fee,33.26507014028056,0.25923712884488137
OB_fee,33.26879759519038,0.2511943779518394
OB_fee,33.2725250501002,0.2433089917963762
OB_fee,33.27625250501002,0.2355909149435247
OB_fee,33.279979959919835,0.2280495143142616
OB_fee,33.28370741482966,0.22069349130166985
OB_fee,33.28743486973948,0.21353080514094214
OB_fee,33.2911623246493,0.20656860794450196
OB_fee,33.294889779559114,0.19981319150713642
OB_fee,33.298617234468935,0.19326994570920047
OB_fee,33.30234468937876,0.18694332810666536
OB_fee,33.30607214428858,0.18083684409916756
OB_fee,33.30979959919839,0.17495303691638306
OB_fee,33.313527054108214,0.16929348655775076
OB_fee,33.317254509018035,0.16385881676249944
OB_fee,33.320981963927856,0.15864870907129966
OB_fee,33.32470941883767,0.15366192306590976
OB_fee,33.32843687374749,0.14889632193107008
OB_fee,33.33216432865731,0.14434890256922403
OB_fee,33.335891783567135,0.14001582960432743
OB_fee,33.33961923847695,0.1358924727304549
OB_fee,33.34334669338677,0.13197344698451163
OB_fee,33.34707414829659,0.1282526556446822
OB_fee,33.35080160320641,0.12472333556891828
OB_fee,33.35452905811623,0.12137810488671007
OB_fee,33.35825651302605,0.11820901303608712
OB_fee,33.36198396793587,0.11520759319422197
OB_fee,33.36571142284569,0.11236491718057996
OB_fee,33.369438877755506,0.10967165291667381
OB_fee,33.37316633266533,0.10711812450519681
OB_fee,33.37689378757515,0.10469437494639963
OB_fee,33.38062124248497,0.10239023144267637
OB_fee,33.384348697394785,0.10019537315815483
OB_fee,33.388076152304606,0.09809940120188793
OB_fee,33.39180360721443,0.0960919104968187
OB_fee,33.39553106212425,0.09416256308636609
OB_fee,33.39925851703406,0.09230116232224668
OB_fee,33.402985971943885,0.09049772727519605
OB_fee,33.406713426853706,0.0887425666199836
OB_fee,33.41044088176353,0.08702635117095148
OB_fee,33.41416833667334,0.08534018418839433
OB_fee,33.41789579158316,0.08367566854134817
OB_fee,33.421623246492985,0.08202496980121117
OB_fee,33.425350701402806,0.08038087435336494
OB_fee,33.42907815631262,0.07873684165127003
OB_fee,33.43280561122244,0.07708704979786674
OB_fee,33.43653306613226,0.07542643372154031
OB_fee,33.440260521042084,0.07375071531554381
OB_fee,33.4439879759519,0.07205642502839534
OB_fee,33.44771543086172,0.07034091452444281
OB_fee,33.45144288577154,0.06860236017554275
OB_fee,33.45517034068136,0.06683975729227905
OB_fee,33.45889779559118,0.06505290515323942
OB_fee,33.462625250501,0.06324238303916445
OB_fee,33.46635270541082,0.061409517622458235
OB_fee,33.47008016032064,0.05955634219775121
OB_fee,33.473807615230456,0.05768554836381894
OB_fee,33.47753507014028,0.0558004308780491
OB_fee,33.4812625250501,0.05390482650055671
OB_fee,33.48498997995992,0.05200304772387762
OB_fee,33.488717434869734,0.050099812345679735
OB_fee,33.492444889779556,0.04820016988488179
OB_fee,33.49617234468938,0.046309425866610535
OB_fee,33.4998997995992,0.044433065008242754
OB_fee,33.50362725450901,0.042576674328833615
OB_fee,33.507354709418834,0.04074586717776956
OB_fee,33.511082164328656,0.038946209137486656
OB_fee,33.51480961923848,0.03718314670036009
OB_fee,33.51853707414829,0.03546193955373981
OB_fee,33.52226452905811,0.0337875972305324
OB_fee,33.525991983967934,0.03216482079814998
OB_fee,33.529719438877756,0.030597950167198146
OB_fee,33.53344689378757,0.02909091750538217
OB_fee,33.53717434869739,0.027647207142770257
OB_fee,33.54090180360721,0.02626982225403191
OB_fee,33.544629258517034,0.024961258502527887
OB_fee,33.54835671342685,0.023723484732223986
OB_fee,33.55208416833667,0.022557930697049488
OB_fee,33.55581162324649,0.021465481725304932
OB_fee,33.55953907815631,0.020446480129657857
OB_fee,33.56326653306613,0.019500733092627842
OB_fee,33.56699398797595,0.018627526683629044
OB_fee,33.57072144288577,0.017825645597757254
OB_fee,33.57444889779559,0.01709339814881266
OB_fee,33.578176352705405,0.016428646000374487
OB_fee,33.58190380761523,0.015828838079029274
OB_fee,33.58563126252505,0.015291048083617757
OB_fee,33.58935871743487,0.014812014983356912
OB_fee,33.593086172344684,0.014388185886084209
OB_fee,33.596813627254505,0.014015760655147222
OB_fee,33.60054108216433,0.013690737659468424
OB_fee,33.60426853707415,0.013408960055365545
OB_fee,33.60799599198396,0.013166162020345899
OB_fee,33.611723446893784,0.012958014387436524
OB_fee,33.615450901803605,0.012780169162990051
OB_fee,33.61917835671343,0.012628302450342159
OB_fee,33.62290581162324,0.012498155345373487
OB_fee,33.62663326653306,0.012385572416930068
OB_fee,33.630360721442884,0.012286537434324224
OB_fee,33.634088176352705,0.012197206054817897
OB_fee,33.63781563126253,0.012113935235281086
OB_fee,33.64154308617234,0.012033309183277857
OB_fee,33.64527054108216,0.011952161712998231
OB_fee,33.648997995991984,0.011867594920081808
OB_fee,33.6527254509018,0.011776994135962685
OB_fee,33.65645290581162,0.01167803916648391
OB_fee,33.66018036072144,0.011568711860870391
OB_fee,33.66390781563126,0.011447300095470072
OB_fee,33.66763527054108,0.011312398291863418
OB_fee,33.6713627254509,0.011162904620890323
OB_fee,33.67509018036072,0.01099801507286935
OB_fee,33.67881763527054,0.010817214599796114
OB_fee,33.682545090180355,0.010620265557653186
OB_fee,33.686272545090176,0.010407193696218663
OB_fee,33.69,0.01017827195997917
IMPROVED_FX_fee,19.51,0.012385074322379773
IMPROVED_FX_fee,19.513426853707415,0.012620221938517289
IMPROVED_FX_fee,19.516853707414832,0.012841374709912675
IMPROVED_FX_fee,19.520280561122245,0.013049700593002594
IMPROVED_FX_fee,19.523707414829662,0.013246755934932762
IMPROVED_FX_fee,19.527134268537075,0.013434492831718171
IMPROVED_FX_fee,19.53056112224449,0.0136152615793397
IMPROVED_FX_fee,19.533987975951906,0.013791807953278591
IMPROVED_FX_fee,19.53741482965932,0.013967265121429328
IMPROVED_FX_fee,19.540841683366736,0.014145140070656594
IMPROVED_FX_fee,19.54426853707415,0.014329294507526947
IMPROVED_FX_fee,19.547695390781566,0.014523920277946648
IMPROVED_FX_fee,19.55112224448898,0.014733509437430983
IMPROVED_FX_fee,19.554549098196393,0.01496281919240271
IMPROVED_FX_fee,19.55797595190381,0.015216832022004034
IMPROVED_FX_fee,19.561402805611223,0.015500711378176917
IMPROVED_FX_fee,19.56482965931864,0.015819753447887597
IMPROVED_FX_fee,19.568256513026054,0.01617933554398958
IMPROVED_FX_fee,19.571683366733467,0.016584861768963507
IMPROVED_FX_fee,19.575110220440884,0.017041706667204788
IMPROVED_FX_fee,19.578537074148297,0.01755515764523881
IMPROVED_FX_fee,19.581963927855714,0.01813035699378308
IMPROVED_FX_fee,19.585390781563127,0.01877224438949039
IMPROVED_FX_fee,19.58881763527054,0.0194855007861801
IMPROVED_FX_fee,19.592244488977958,0.020274494623951447
IMPROVED_FX_fee,19.59567134268537,0.021143231288646258
IMPROVED_FX_fee,19.599098196392788,0.022095306742519135
IMPROVED_FX_fee,19.6025250501002,0.023133866218719403
IMPROVED_FX_fee,19.605951903807618,0.024261568826699755
IMPROVED_FX_fee,19.60937875751503,0.025480558852296057
IMPROVED_FX_fee,19.612805611222445,0.02679244445507525
IMPROVED_FX_fee,19.616232464929862,0.02819828436659246
IMPROVED_FX_fee,19.619659318637275,0.029698583077289207
IMPROVED_FX_fee,19.623086172344692,0.03129329486782875
IMPROVED_FX_fee,19.626513026052105,0.0329818368941873
IMPROVED_FX_fee,19.62993987975952,0.03476311137700648
IMPROVED_FX_fee,19.633366733466936,0.036635536776681944
IMPROVED_FX_fee,19.63679358717435,0.038597087659733166
IMPROVED_FX_fee,19.640220440881766,0.04064534278214978
IMPROVED_FX_fee,19.64364729458918,0.04277754073556449
IMPROVED_FX_fee,19.647074148296596,0.04499064232630664
IMPROVED_FX_fee,19.65050100200401,0.047281398689589714
IMPROVED_FX_fee,19.653927855711423,0.04964642398609061
IMPROVED_FX_fee,19.65735470941884,0.05208227138980104
IMPROVED_FX_fee,19.660781563126253,0.05458551095897923
IMPROVED_FX_fee,19.66420841683367,0.05715280788998683
IMPROVED_FX_fee,19.667635270541084,0.05978099959031305
IMPROVED_FX_fee,19.671062124248497,0.062467169975579266
IMPROVED_FX_fee,19.674488977955914,0.0652087193976612
IMPROVED_FX_fee,19.677915831663327,0.06800342864945685
IMPROVED_FX_fee,19.681342685370744,0.0708495155667664
IMPROVED_FX_fee,19.684769539078157,0.07374568285907922
IMPROVED_FX_fee,19.68819639278557,0.07669115594809446
IMPROVED_FX_fee,19.691623246492988,0.07968570977283246
IMPROVED_FX_fee,19.6950501002004,0.08272968373075984
IMPROVED_FX_fee,19.698476953907818,0.08582398416105606
IMPROVED_FX_fee,19.70190380761523,0.08897007403404082
IMPROVED_FX_fee,19.705330661322648,0.09216994978472355
IMPROVED_FX_fee,19.70875751503006,0.09542610551114715
IMPROVED_FX_fee,19.712184368737475,0.09874148504409726
IMPROVED_FX_fee,19.715611222444892,0.10211942267550392
IMPROVED_FX_fee,19.719038076152305,0.1055635736022395
IMPROVED_FX_fee,19.722464929859722,0.10907783539237043
IMPROVED_FX_fee,19.725891783567135,0.11266626200545234
IMPROVED_FX_fee,19.72931863727455,0.11633297209134649
IMPROVED_FX_fee,19.732745490981966,0.12008205344698004
IMPROVED_FX_fee,19.73617234468938,0.12391746562354203
IMPROVED_FX_fee,19.739599198396796,0.1278429427437509
IMPROVED_FX_fee,19.74302605210421,0.13186189860759095
IMPROVED_FX_fee,19.746452905811623,0.13597733613470284
IMPROVED_FX_fee,19.74987975951904,0.14019176311183637
IMPROVED_FX_fee,19.753306613226453,0.14450711608682612
IMPROVED_FX_fee,19.75673346693387,0.14892469407887918
IMPROVED_FX_fee,19.760160320641283,0.15344510356275673
IMPROVED_FX_fee,19.7635871743487,0.1580682159376263
IMPROVED_FX_fee,19.767014028056114,0.1627931384154554
IMPROVED_FX_fee,19.770440881763527,0.1676181989670927
IMPROVED_FX_fee,19.773867735470944,0.17254094565360312
IMPROVED_FX_fee,19.777294589178357,0.17755816035479033
IMPROVED_FX_fee,19.780721442885774,0.18266588659467
IMPROVED_FX_fee,19.784148296593187,0.18785947086250915
IMPROVED_FX_fee,19.7875751503006,0.19313361654708877
IMPROVED_FX_fee,19.791002004008018,0.19848244934696116
IMPROVED_FX_fee,19.79442885771543,0.20389959279847258
IMPROVED_FX_fee,19.797855711422848,0.2093782523807396
IMPROVED_FX_fee,19.80128256513026,0.2149113065169257
IMPROVED_FX_fee,19.804709418837675,0.2204914026975517
IMPROVED_FX_fee,19.80813627254509,0.2261110569044155
IMPROVED_FX_fee,19.811563126252505,0.23176275451409833
IMPROVED_FX_fee,19.814989979959922,0.2374390509056723
IMPROVED_FX_fee,19.818416833667335,0.24313267008510292
IMPROVED_FX_fee,19.821843687374752,0.2488365997654521
IMPROVED_FX_fee,19.825270541082165,0.2545441815006555
IMPROVED_FX_fee,19.82869739478958,0.26024919465645646
IMPROVED_FX_fee,19.832124248496996,0.26594593320650706
IMPROVED_FX_fee,19.83555110220441,0.2716292745584099
IMPROVED_FX_fee,19.838977955911826,0.2772947398351374
IMPROVED_FX_fee,19.84240480961924,0.28293854525417816
IMPROVED_FX_fee,19.845831663326653,0.28855764445365795
IMPROVED_FX_fee,19.84925851703407,0.2941497618033471
IMPROVED_FX_fee,19.852685370741483,0.299713416905156
IMPROVED_FX_fee,19.8561122244489,0.30524794062635463
IMPROVED_FX_fee,19.859539078156313,0.31075348311659357
IMPROVED_FX_fee,19.86296593186373,0.31623101433536366
IMPROVED_FX_fee,19.866392785571144,0.32168231765819444
IMPROVED_FX_fee,19.869819639278557,0.3271099771400762
IMPROVED_FX_fee,19.873246492985974,0.33251735899409396
IMPROVED_FX_fee,19.876673346693387,0.3379085877970581
IMPROVED_FX_fee,19.880100200400804,0.34328851786591164
IMPROVED_FX_fee,19.883527054108217,0.34866270016462275
IMPROVED_FX_fee,19.88695390781563,0.3540373450080416
IMPROVED_FX_fee,19.890380761523048,0.35941928073251866
IMPROVED_FX_fee,19.89380761523046,0.3648159084107174
IMPROVED_FX_fee,19.897234468937878,0.3702351526059442
IMPROVED_FX_fee,19.90066132264529,0.37568540809558665
IMPROVED_FX_fee,19.904088176352705,0.3811754824498014
IMPROVED_FX_fee,19.90751503006012,0.3867145343336444
IMPROVED_FX_fee,19.910941883767535,0.39231200741259165
IMPROVED_FX_fee,19.914368737474952,0.3979775597838881
IMPROVED_FX_fee,19.917795591182365,0.4037209889293322
IMPROVED_FX_fee,19.921222444889782,0.40955215228893654
IMPROVED_FX_fee,19.924649298597195,0.41548088368483904
IMPROVED_FX_fee,19.92807615230461,0.4215169059785315
IMPROVED_FX_fee,19.931503006012026,0.42766974051500206
IMPROVED_FX_fee,19.93492985971944,0.4339486140895049
IMPROVED_FX_fee,19.938356713426856,0.4403623643585242
IMPROVED_FX_fee,19.94178356713427,0.4469193447982696
IMPROVED_FX_fee,19.945210420841683,0.45362733048463183
IMPROVED_FX_fee,19.9486372745491,0.46049342611887634
IMPROVED_FX_fee,19.952064128256513,0.46752397784729055
IMPROVED_FX_fee,19.95549098196393,0.47472449051322685
IMPROVED_FX_fee,19.958917835671343,0.4820995520305902
IMPROVED_FX_fee,19.96234468937876,0.48965276657552764
IMPROVED_FX_fee,19.965771543086174,0.4973866982531703
IMPROVED_FX_fee,19.969198396793587,0.5053028268092589
IMPROVED_FX_fee,19.972625250501004,0.513401516820485
IMPROVED_FX_fee,19.976052104208417,0.5216820016159993
IMPROVED_FX_fee,19.979478957915834,0.5301423829577782
IMPROVED_FX_fee,19.982905811623247,0.5387796472447907
IMPROVED_FX_fee,19.98633266533066,0.5475896987111323
IMPROVED_FX_fee,19.989759519038078,0.5565674097683874
IMPROVED_FX_fee,19.99318637274549,0.5657066883056361
IMPROVED_FX_fee,19.996613226452908,0.5750005614150476
IMPROVED_FX_fee,20.00004008016032,0.5844412746651342
IMPROVED_FX_fee,20.003466933867735,0.5940204057073489
IMPROVED_FX_fee,20.00689378757515,0.6037289906813403
IMPROVED_FX_fee,20.010320641282565,0.6135576615892762
IMPROVED_FX_fee,20.013747494989982,0.6234967925462617
IMPROVED_FX_fee,20.017174348697395,0.6335366525876448
IMPROVED_FX_fee,20.020601202404812,0.6436675625313658
IMPROVED_FX_fee,20.024028056112225,0.6538800532558301
IMPROVED_FX_fee,20.02745490981964,0.6641650226661617
IMPROVED_FX_fee,20.030881763527056,0.6745138885826882
IMPROVED_FX_fee,20.03430861723447,0.6849187347975958
IMPROVED_FX_fee,20.037735470941886,0.6953724476063663
IMPROVED_FX_fee,20.0411623246493,0.7058688402280329
IMPROVED_FX_fee,20.044589178356713,0.7164027626810815
IMPROVED_FX_fee,20.04801603206413,0.726970194874337
IMPROVED_FX_fee,20.051442885771543,0.7375683209031262
IMPROVED_FX_fee,20.05486973947896,0.7481955828038779
IMPROVED_FX_fee,20.058296593186373,0.7588517123123504
IMPROVED_FX_fee,20.061723446893787,0.7695377394869597
IMPROVED_FX_fee,20.065150300601204,0.7802559773941024
IMPROVED_FX_fee,20.068577154308617,0.7910099824040459
IMPROVED_FX_fee,20.072004008016034,0.8018044900084139
IMPROVED_FX_fee,20.075430861723447,0.8126453264396416
IMPROVED_FX_fee,20.078857715430864,0.8235392967465053
IMPROVED_FX_fee,20.082284569138277,0.8344940503512487
IMPROVED_FX_fee,20.08571142284569,0.8455179254825965
IMPROVED_FX_fee,20.089138276553108,0.8566197742376064
IMPROVED_FX_fee,20.09256513026052,0.8678087703727297
IMPROVED_FX_fee,20.095991983967938,0.8790942022549577
IMPROVED_FX_fee,20.09941883767535,0.8904852537127861
IMPROVED_FX_fee,20.102845691382765,0.9019907758112203
IMPROVED_FX_fee,20.10627254509018,0.9136190528278559
IMPROVED_FX_fee,20.109699398797595,0.9253775659252977
IMPROVED_FX_fee,20.113126252505012,0.9372727581926629
IMPROVED_FX_fee,20.116553106212425,0.9493098048605543
IMPROVED_FX_fee,20.11997995991984,0.9614923925754144
IMPROVED_FX_fee,20.123406813627255,0.973822511645259
IMPROVED_FX_fee,20.12683366733467,0.9863002651351663
IMPROVED_FX_fee,20.130260521042086,0.9989236985953075
IMPROVED_FX_fee,20.1336873747495,1.0116886540416323
IMPROVED_FX_fee,20.137114228456916,1.024588651580932
IMPROVED_FX_fee,20.14054108216433,1.0376148017744304
IMPROVED_FX_fee,20.143967935871743,1.0507557514709367
IMPROVED_FX_fee,20.14739478957916,1.0639976654118108
IMPROVED_FX_fee,20.150821643286573,1.0773242454215293
IMPROVED_FX_fee,20.15424849699399,1.09071678845392
IMPROVED_FX_fee,20.157675350701403,1.1041542841717389
IMPROVED_FX_fee,20.161102204408817,1.1176135521067145
IMPROVED_FX_fee,20.164529058116234,1.1310694177858227
IMPROVED_FX_fee,20.167955911823647,1.1444949265309026
IMPROVED_FX_fee,20.171382765531064,1.1578615929537461
IMPROVED_FX_fee,20.174809619238477,1.1711396834903802
IMPROVED_FX_fee,20.17823647294589,1.1842985286612286
IMPROVED_FX_fee,20.181663326653307,1.1973068611199529
IMPROVED_FX_fee,20.18509018036072,1.2101331749787492
IMPROVED_FX_fee,20.188517034068138,1.2227461013829286
IMPROVED_FX_fee,20.19194388777555,1.2351147948666188
IMPROVED_FX_fee,20.195370741482968,1.247209324664611
IMPROVED_FX_fee,20.19879759519038,1.2590010648931718
IMPROVED_FX_fee,20.202224448897795,1.2704630773535064
IMPROVED_FX_fee,20.20565130260521,1.28157048066048
IMPROVED_FX_fee,20.209078156312625,1.2923007994621774
IMPROVED_FX_fee,20.212505010020042,1.3026342876937593
IMPROVED_FX_fee,20.215931863727455,1.3125542201006601
IMPROVED_FX_fee,20.21935871743487,1.3220471466713561
IMPROVED_FX_fee,20.222785571142285,1.3311031051294269
IMPROVED_FX_fee,20.2262124248497,1.3397157872448926
IMPROVED_FX_fee,20.229639278557116,1.3478826554230705
IMPROVED_FX_fee,20.23306613226453,1.3556050068047159
IMPROVED_FX_fee,20.236492985971946,1.3628879829506426
IMPROVED_FX_fee,20.23991983967936,1.3697405240708633
IMPROVED_FX_fee,20.243346693386773,1.3761752676775048
IMPROVED_FX_fee,20.24677354709419,1.3822083924733393
IMPROVED_FX_fee,20.250200400801603,1.3878594092170147
IMPROVED_FX_fee,20.25362725450902,1.3931509012135255
IMPROVED_FX_fee,20.257054108216433,1.3981082179451487
IMPROVED_FX_fee,20.260480961923847,1.4027591261693053
IMPROVED_FX_fee,20.263907815631264,1.4071334235465456
IMPROVED_FX_fee,20.267334669338677,1.4112625205116327
IMPROVED_FX_fee,20.270761523046094,1.4151789966498178
IMPROVED_FX_fee,20.274188376753507,1.418916138277657
IMPROVED_FX_fee,20.27761523046092,1.42250746424557
IMPROVED_FX_fee,20.281042084168337,1.4259862471710882
IMPROVED_FX_fee,20.28446893787575,1.4293850373745869
IMPROVED_FX_fee,20.287895791583168,1.4327351967224424
IMPROVED_FX_fee,20.29132264529058,1.4360664493886868
IMPROVED_FX_fee,20.294749498997998,1.4394064562297535
IMPROVED_FX_fee,20.29817635270541,1.4427804190356748
IMPROVED_FX_fee,20.301603206412825,1.4462107203847305
IMPROVED_FX_fee,20.30503006012024,1.4497166041991363
IMPROVED_FX_fee,20.308456913827655,1.4533139013899574
IMPROVED_FX_fee,20.311883767535072,1.457014804206057
IMPROVED_FX_fee,20.315310621242485,1.4608276920793142
IMPROVED_FX_fee,20.3187374749499,1.4647570109047443
IMPROVED_FX_fee,20.322164328657315,1.4688032068245718
IMPROVED_FX_fee,20.32559118236473,1.472962714718284
IMPROVED_FX_fee,20.329018036072146,1.4772280007509802
IMPROVED_FX_fee,20.33244488977956,1.481587657515506
IMPROVED_FX_fee,20.335871743486976,1.4860265495341054
IMPROVED_FX_fee,20.33929859719439,1.4905260061744814
IMPROVED_FX_fee,20.342725450901803,1.4950640583946668
IMPROVED_FX_fee,20.34615230460922,1.499615715168448
IMPROVED_FX_fee,20.349579158316633,1.504153274967027
IMPROVED_FX_fee,20.35300601202405,1.5086466672857548
IMPROVED_FX_fee,20.356432865731463,1.5130638189114347
IMPROVED_FX_fee,20.359859719438877,1.5173710394263247
IMPROVED_FX_fee,20.363286573146294,1.521533420338253
IMPROVED_FX_fee,20.366713426853707,1.5255152422096103
IMPROVED_FX_fee,20.370140280561124,1.5292803842280742
IMPROVED_FX_fee,20.373567134268537,1.532792730811712
IMPROVED_FX_fee,20.37699398797595,1.5360165700658621
IMPROVED_FX_fee,20.380420841683367,1.538916979200123
IMPROVED_FX_fee,20.38384769539078,1.541460192363515
IMPROVED_FX_fee,20.387274549098198,1.5436139467562209
IMPROVED_FX_fee,20.39070140280561,1.5453478033175676
IMPROVED_FX_fee,20.394128256513028,1.5466334387644622
IMPROVED_FX_fee,20.39755511022044,1.547444906252976
IMPROVED_FX_fee,20.400981963927855,1.5477588624499796
IMPROVED_FX_fee,20.40440881763527,1.5475547593233543
IMPROVED_FX_fee,20.407835671342685,1.5468149994810798
IMPROVED_FX_fee,20.411262525050102,1.5455250544037846
IMPROVED_FX_fee,20.414689378757515,1.5436735454159607
IMPROVED_FX_fee,20.41811623246493,1.5412522877215251
IMPROVED_FX_fee,20.421543086172345,1.5382562982847194
IMPROVED_FX_fee,20.42496993987976,1.5346837687626602
IMPROVED_FX_fee,20.428396793587176,1.530536005086644
IMPROVED_FX_fee,20.43182364729459,1.5258173356430667
IMPROVED_FX_fee,20.435250501002002,1.5205349903171643
IMPROVED_FX_fee,20.43867735470942,1.5146989529336
IMPROVED_FX_fee,20.442104208416833,1.5083217898535162
IMPROVED_FX_fee,20.44553106212425,1.5014184576687561
IMPROVED_FX_fee,20.448957915831663,1.4940060930696761
IMPROVED_FX_fee,20.45238476953908,1.486103788053072
IMPROVED_FX_fee,20.455811623246493,1.477732353683345
IMPROVED_FX_fee,20.459238476953907,1.4689140756230168
IMPROVED_FX_fee,20.462665330661324,1.4596724646116856
IMPROVED_FX_fee,20.466092184368737,1.4500320049962294
IMPROVED_FX_fee,20.469519038076154,1.4400179043034835
IMPROVED_FX_fee,20.472945891783567,1.4296558467026101
IMPROVED_FX_fee,20.47637274549098,1.4189717530309673
IMPROVED_FX_fee,20.479799599198397,1.4079915498590014
IMPROVED_FX_fee,20.48322645290581,1.396740949849642
IMPROVED_FX_fee,20.486653306613228,1.3852452454299469
IMPROVED_FX_fee,20.49008016032064,1.373529117542463
IMPROVED_FX_fee,20.493507014028054,1.3616164609823114
IMPROVED_FX_fee,20.49693386773547,1.3495302275607612
IMPROVED_FX_fee,20.500360721442885,1.3372922880670208
IMPROVED_FX_fee,20.5037875751503,1.3249233137332026
IMPROVED_FX_fee,20.507214428857715,1.312442677645596
IMPROVED_FX_fee,20.510641282565132,1.2998683762895464
IMPROVED_FX_fee,20.514068136272545,1.287216971171517
IMPROVED_FX_fee,20.51749498997996,1.2745035502283921
IMPROVED_FX_fee,20.520921843687375,1.2617417085166438
IMPROVED_FX_fee,20.52434869739479,1.2489435474712185
IMPROVED_FX_fee,20.527775551102206,1.2361196918388357
IMPROVED_FX_fee,20.53120240480962,1.2232793232240282
IMPROVED_FX_fee,20.534629258517032,1.2104302290376747
IMPROVED_FX_fee,20.53805611222445,1.1975788655106554
IMPROVED_FX_fee,20.541482965931863,1.1847304333261104
IMPROVED_FX_fee,20.54490981963928,1.1718889643366996
IMPROVED_FX_fee,20.548336673346693,1.1590574177654236
IMPROVED_FX_fee,20.551763527054106,1.1462377842408675
IMPROVED_FX_fee,20.555190380761523,1.1334311959909207
IMPROVED_FX_fee,20.558617234468937,1.120638041511125
IMPROVED_FX_fee,20.562044088176354,1.1078580830352376
IMPROVED_FX_fee,20.565470941883767,1.0950905751668552
IMPROVED_FX_fee,20.568897795591184,1.0823343830788716
IMPROVED_FX_fee,20.572324649298597,1.0695880987543478
IMPROVED_FX_fee,20.57575150300601,1.056850153824687
IMPROVED_FX_fee,20.579178356713427,1.0441189276595975
IMPROVED_FX_fee,20.58260521042084,1.031392849475657
IMPROVED_FX_fee,20.586032064128258,1.0186704933556876
IMPROVED_FX_fee,20.58945891783567,1.0059506652082326
IMPROVED_FX_fee,20.592885771543084,0.9932324808421076
IMPROVED_FX_fee,20.5963126252505,0.9805154344854199
IMPROVED_FX_fee,20.599739478957915,0.9677994572371337
IMPROVED_FX_fee,20.60316633266533,0.9550849651016986
IMPROVED_FX_fee,20.606593186372745,0.9423728964203651
IMPROVED_FX_fee,20.61002004008016,0.9296647386735211
IMPROVED_FX_fee,20.613446893787575,0.916962544785212
IMPROVED_FX_fee,20.61687374749499,0.9042689392107353
IMPROVED_FX_fee,20.620300601202405,0.891587114227933
IMPROVED_FX_fee,20.62372745490982,0.8789208169816838
IMPROVED_FX_fee,20.627154308617236,0.8662743279446834
IMPROVED_FX_fee,20.63058116232465,0.8536524315565693
IMPROVED_FX_fee,20.634008016032062,0.8410603798835322
IMPROVED_FX_fee,20.63743486973948,0.8285038502030587
IMPROVED_FX_fee,20.640861723446893,0.8159888974602739
IMPROVED_FX_fee,20.64428857715431,0.8035219025646073
IMPROVED_FX_fee,20.647715430861723,0.7911095174981545
IMPROVED_FX_fee,20.65114228456914,0.7787586081891885
IMPROVED_FX_fee,20.654569138276553,0.766476196069618
IMPROVED_FX_fee,20.657995991983967,0.7542693991820373
IMPROVED_FX_fee,20.661422845691384,0.7421453736353327
IMPROVED_FX_fee,20.664849699398797,0.7301112561276681
IMPROVED_FX_fee,20.668276553106214,0.7181741081657187
IMPROVED_FX_fee,20.671703406813627,0.7063408625127615
IMPROVED_FX_fee,20.67513026052104,0.694618272296439
IMPROVED_FX_fee,20.678557114228457,0.6830128631062771
IMPROVED_FX_fee,20.68198396793587,0.6715308883106769
IMPROVED_FX_fee,20.685410821643288,0.6601782877292921
IMPROVED_FX_fee,20.6888376753507,0.6489606497103423
IMPROVED_FX_fee,20.692264529058114,0.6378831765863789
IMPROVED_FX_fee,20.69569138276553,0.6269506534191049
IMPROVED_FX_fee,20.699118236472945,0.6161674198947662
IMPROVED_FX_fee,20.70254509018036,0.6055373451978038
IMPROVED_FX_fee,20.705971943887775,0.5950638056734793
IMPROVED_FX_fee,20.709398797595192,0.5847496650878271
IMPROVED_FX_fee,20.712825651302605,0.5745972573080583
IMPROVED_FX_fee,20.71625250501002,0.5646083712541017
IMPROVED_FX_fee,20.719679358717435,0.5547842380135929
IMPROVED_FX_fee,20.72310621242485,0.5451255200640338
IMPROVED_FX_fee,20.726533066132266,0.5356323026055402
IMPROVED_FX_fee,20.72995991983968,0.5263040870730064
IMPROVED_FX_fee,20.733386773547092,0.5171397869629729
IMPROVED_FX_fee,20.73681362725451,0.508137726177066
IMPROVED_FX_fee,20.740240480961923,0.4992956401447823
IMPROVED_FX_fee,20.74366733466934,0.4906106800422773
IMPROVED_FX_fee,20.747094188376753,0.4820794204669202
IMPROVED_FX_fee,20.750521042084166,0.47369787095621974
IMPROVED_FX_fee,20.753947895791583,0.46546149175375895
IMPROVED_FX_fee,20.757374749498997,0.45736521421989645
IMPROVED_FX_fee,20.760801603206414,0.44940346626141886
IMPROVED_FX_fee,20.764228456913827,0.4415702031111233
IMPROVED_FX_fee,20.767655310621244,0.4338589437243934
IMPROVED_FX_fee,20.771082164328657,0.42626281297746466
IMPROVED_FX_fee,20.77450901803607,0.4187745897509993
IMPROVED_FX_fee,20.777935871743487,0.41138676086627
IMPROVED_FX_fee,20.7813627254509,0.40409158071119783
IMPROVED_FX_fee,20.784789579158318,0.3968811362536521
IMPROVED_FX_fee,20.78821643286573,0.38974741699372184
IMPROVED_FX_fee,20.791643286573144,0.38268238925831305
IMPROVED_FX_fee,20.79507014028056,0.37567807409639525
IMPROVED_FX_fee,20.798496993987975,0.36872662789460076
IMPROVED_FX_fee,20.80192384769539,0.3618204247063329
IMPROVED_FX_fee,20.805350701402805,0.35495213917746343
IMPROVED_FX_fee,20.80877755511022,0.34811482886138706
IMPROVED_FX_fee,20.812204408817635,0.3413020146509615
IMPROVED_FX_fee,20.81563126252505,0.33450775801620025
IMPROVED_FX_fee,20.819058116232465,0.3277267337282258
IMPROVED_FX_fee,20.82248496993988,0.3209542967729703
IMPROVED_FX_fee,20.825911823647296,0.31418654221316583
IMPROVED_FX_fee,20.82933867735471,0.30742035684452124
IMPROVED_FX_fee,20.832765531062122,0.3006534616095338
IMPROVED_FX_fee,20.83619238476954,0.29388444387933277
IMPROVED_FX_fee,20.839619238476953,0.2871127788856355
IMPROVED_FX_fee,20.84304609218437,0.28033883977842916
IMPROVED_FX_fee,20.846472945891783,0.2735638959955423
IMPROVED_FX_fee,20.849899799599196,0.2667900998516113
IMPROVED_FX_fee,20.853326653306613,0.2600204614817583
IMPROVED_FX_fee,20.856753507014027,0.2532588125021145
IMPROVED_FX_fee,20.860180360721444,0.24650975896980373
IMPROVED_FX_fee,20.863607214428857,0.23977862443331965
IMPROVED_FX_fee,20.86703406813627,0.2330713840536372
IMPROVED_FX_fee,20.870460921843687,0.2263945909433142
IMPROVED_FX_fee,20.8738877755511,0.21975529600927293
IMPROVED_FX_fee,20.877314629258517,0.21316096269224524
IMPROVED_FX_fee,20.88074148296593,0.20661937806929595
IMPROVED_FX_fee,20.884168336673348,0.200138561822976
IMPROVED_FX_fee,20.88759519038076,0.19372667458247939
IMPROVED_FX_fee,20.891022044088174,0.18739192710738706
IMPROVED_FX_fee,20.89444889779559,0.1811424917170854
IMPROVED_FX_fee,20.897875751503005,0.17498641726923989
IMPROVED_FX_fee,20.90130260521042,0.16893154886401637
IMPROVED_FX_fee,20.904729458917835,0.16298545330097905
IMPROVED_FX_fee,20.90815631262525,0.1571553511470981
IMPROVED_FX_fee,20.911583166332665,0.15144805609379786
IMPROVED_FX_fee,20.91501002004008,0.14586992209278607
IMPROVED_FX_fee,20.918436873747495,0.14042679857105397
IMPROVED_FX_fee,20.92186372745491,0.13512399384040488
IMPROVED_FX_fee,20.925290581162322,0.12996624664058695
IMPROVED_FX_fee,20.92871743486974,0.1249577055934106
IMPROVED_FX_fee,20.932144288577152,0.12010191620095996
IMPROVED_FX_fee,20.93557114228457,0.11540181489806904
IMPROVED_FX_fee,20.938997995991983,0.11085972957002443
IMPROVED_FX_fee,20.9424248496994,0.1064773858717006
IMPROVED_FX_fee,20.945851703406813,0.10225591863573041
IMPROVED_FX_fee,20.949278557114226,0.09819588763321771
IMPROVED_FX_fee,20.952705410821643,0.09429729695094408
IMPROVED_FX_fee,20.956132264529057,0.09055961727107163
IMPROVED_FX_fee,20.959559118236474,0.08698181038088146
IMPROVED_FX_fee,20.962985971943887,0.08356235529829825
IMPROVED_FX_fee,20.9664128256513,0.08029927546929973
IMPROVED_FX_fee,20.969839679358717,0.07719016657348099
IMPROVED_FX_fee,20.97326653306613,0.074232224559013
IMPROVED_FX_fee,20.976693386773547,0.07142227361499598
IMPROVED_FX_fee,20.98012024048096,0.06875679387414281
IMPROVED_FX_fee,20.983547094188374,0.06623194871823929
IMPROVED_FX_fee,20.98697394789579,0.06384361163081294
IMPROVED_FX_fee,20.990400801603204,0.06158739260297965
IMPROVED_FX_fee,20.99382765531062,0.05945866414824799
IMPROVED_FX_fee,20.997254509018035,0.057452587018970484
IMPROVED_FX_fee,21.00068136272545,0.05556413574033216
IMPROVED_FX_fee,21.004108216432865,0.0537881240878294
IMPROVED_FX_fee,21.00753507014028,0.05211923063113527
IMPROVED_FX_fee,21.010961923847695,0.05055202445270829
IMPROVED_FX_fee,21.01438877755511,0.04908099112451985
IMPROVED_FX_fee,21.017815631262525,0.047700558992928285
IMPROVED_FX_fee,21.02124248496994,0.04640512578205813
IMPROVED_FX_fee,21.024669338677356,0.04518908548203206
IMPROVED_FX_fee,21.02809619238477,0.04404685544258091
IMPROVED_FX_fee,21.031523046092182,0.04297290354687442
IMPROVED_FX_fee,21.0349498997996,0.04196177529708867
IMPROVED_FX_fee,21.038376753507013,0.04100812060404039
IMPROVED_FX_fee,21.04180360721443,0.040106720039835564
IMPROVED_FX_fee,21.045230460921843,0.03925251028625394
IMPROVED_FX_fee,21.048657314629256,0.0384406084933727
IMPROVED_FX_fee,21.052084168336673,0.03766633525357084
IMPROVED_FX_fee,21.055511022044087,0.03692523589565029
IMPROVED_FX_fee,21.058937875751504,0.03621309981245244
IMPROVED_FX_fee,21.062364729458917,0.035525977552677106
IMPROVED_FX_fee,21.06579158316633,0.034860195432908636
IMPROVED_FX_fee,21.069218436873747,0.03421236745842921
IMPROVED_FX_fee,21.07264529058116,0.033579404380022444
IMPROVED_FX_fee,21.076072144288577,0.03295851975758972
IMPROVED_FX_fee,21.07949899799599,0.03234723294868868
IMPROVED_FX_fee,21.082925851703408,0.031743368989682386
IMPROVED_FX_fee,21.08635270541082,0.031145055387873943
IMPROVED_FX_fee,21.089779559118234,0.03055071589333541
IMPROVED_FX_fee,21.09320641282565,0.029959061368113465
IMPROVED_FX_fee,21.096633266533065,0.029369077916859544
IMPROVED_FX_fee,21.10006012024048,0.028780012485788146
IMPROVED_FX_fee,21.103486973947895,0.028191356175447102
IMPROVED_FX_fee,21.10691382765531,0.027602825546245824
IMPROVED_FX_fee,21.110340681362725,0.02701434222371775
IMPROVED_FX_fee,21.11376753507014,0.026426011132536266
IMPROVED_FX_fee,21.117194388777556,0.025838097704225193
IMPROVED_FX_fee,21.12062124248497,0.02525100441319774
IMPROVED_FX_fee,21.124048096192382,0.024665246999155663
IMPROVED_FX_fee,21.1274749498998,0.024081430731235223
IMPROVED_FX_fee,21.130901803607212,0.02350022706068304
IMPROVED_FX_fee,21.13432865731463,0.022922350994655814
IMPROVED_FX_fee,21.137755511022043,0.022348539504330186
IMPROVED_FX_fee,21.14118236472946,0.021779531256225993
IMPROVED_FX_fee,21.144609218436873,0.021216047927092578
IMPROVED_FX_fee,21.148036072144286,0.02065877733025883
IMPROVED_FX_fee,21.151462925851703,0.020108358545712784
IMPROVED_FX_fee,21.154889779559117,0.019565369207829888
IMPROVED_FX_fee,21.158316633266534,0.019030315064320354
IMPROVED_FX_fee,21.161743486973947,0.018503621878282056
IMPROVED_FX_fee,21.16517034068136,0.017985629702841847
IMPROVED_FX_fee,21.168597194388777,0.017476589515558912
IMPROVED_FX_fee,21.17202404809619,0.016976662158202007
IMPROVED_FX_fee,21.175450901803607,0.016485919487425345
IMPROVED_FX_fee,21.17887775551102,0.01600434760405326
IMPROVED_FX_fee,21.182304609218434,0.01553185199372207
IMPROVED_FX_fee,21.18573146292585,0.01506826438031847
IMPROVED_FX_fee,21.189158316633264,0.014613351066502734
IMPROVED_FX_fee,21.19258517034068,0.014166822513224686
IMPROVED_FX_fee,21.196012024048095,0.013728343893000632
IMPROVED_FX_fee,21.19943887775551,0.013297546340116677
IMPROVED_FX_fee,21.202865731462925,0.012874038615215348
IMPROVED_FX_fee,21.20629258517034,0.012457418901911961
IMPROVED_FX_fee,21.209719438877755,0.01204728645927421
IMPROVED_FX_fee,21.21314629258517,0.011643252865935401
IMPROVED_FX_fee,21.216573146292586,0.011244952609055723
IMPROVED_FX_fee,21.22,0.010852052793862175
IMPROVED_DA_fee,10.62,0.0006960201862421445
IMPROVED_DA_fee,10.646633266533065,0.0007012800622702276
IMPROVED_DA_fee,10.673266533066132,0.0007058678542402484
IMPROVED_DA_fee,10.699899799599198,0.000709821658670749
IMPROVED_DA_fee,10.726533066132264,0.0007131863672282935
IMPROVED_DA_fee,10.75316633266533,0.0007160134513243414
IMPROVED_DA_fee,10.779799599198396,0.000718360690560071
IMPROVED_DA_fee,10.806432865731463,0.0007202918489444811
IMPROVED_DA_fee,10.833066132264529,0.0007218763036157317
IMPROVED_DA_fee,10.859699398797595,0.0007231886315379664
IMPROVED_DA_fee,10.886332665330661,0.0007243081603124487
IMPROVED_DA_fee,10.912965931863727,0.0007253184898205207
IMPROVED_DA_fee,10.939599198396794,0.000726306991895613
IMPROVED_DA_fee,10.96623246492986,0.0007273642955928713
IMPROVED_DA_fee,10.992865731462926,0.0007285837658801446
IMPROVED_DA_fee,11.019498997995992,0.0007300609837071232
IMPROVED_DA_fee,11.046132264529056,0.0007318932354163677
IMPROVED_DA_fee,11.072765531062123,0.0007341790193388883
IMPROVED_DA_fee,11.099398797595189,0.0007370175771679551
IMPROVED_DA_fee,11.126032064128255,0.0007405084573302187
IMPROVED_DA_fee,11.152665330661321,0.0007447511170773503
IMPROVED_DA_fee,11.179298597194387,0.0007498445694106052
IMPROVED_DA_fee,11.205931863727454,0.0007558870802333087
IMPROVED_DA_fee,11.23256513026052,0.0007629759203123551
IMPROVED_DA_fee,11.259198396793586,0.0007712071757311171
IMPROVED_DA_fee,11.285831663326652,0.0007806756195459411
IMPROVED_DA_fee,11.312464929859718,0.0007914746463310832
IMPROVED_DA_fee,11.339098196392785,0.0008036962702280207
IMPROVED_DA_fee,11.36573146292585,0.0008174311860208232
IMPROVED_DA_fee,11.392364729458917,0.0008327688916564436
IMPROVED_DA_fee,11.418997995991983,0.0008497978695344996
IMPROVED_DA_fee,11.44563126252505,0.0008686058228222957
IMPROVED_DA_fee,11.472264529058116,0.0008892799620243057
IMPROVED_DA_fee,11.498897795591182,0.0009119073360672886
IMPROVED_DA_fee,11.525531062124248,0.0009365752012680858
IMPROVED_DA_fee,11.552164328657314,0.0009633714207452538
IMPROVED_DA_fee,11.57879759519038,0.0009923848861313875
IMPROVED_DA_fee,11.605430861723447,0.0010237059528517638
IMPROVED_DA_fee,11.632064128256513,0.0010574268797670897
IMPROVED_DA_fee,11.658697394789579,0.0010936422636420235
IMPROVED_DA_fee,11.685330661322645,0.001132449458703159
IMPROVED_DA_fee,11.711963927855711,0.0011739489714949999
IMPROVED_DA_fee,11.738597194388777,0.0012182448213326118
IMPROVED_DA_fee,11.765230460921844,0.0012654448568857602
IMPROVED_DA_fee,11.79186372745491,0.0013156610198097039
IMPROVED_DA_fee,11.818496993987976,0.0013690095468593894
IMPROVED_DA_fee,11.845130260521042,0.0014256111025806116
IMPROVED_DA_fee,11.871763527054107,0.0014855908354574111
IMPROVED_DA_fee,11.898396793587175,0.0015490783512997156
IMPROVED_DA_fee,11.925030060120239,0.0016162075986692211
IMPROVED_DA_fee,11.951663326653307,0.001687116662252942
IMPROVED_DA_fee,11.978296593186371,0.0017619474612883216
IMPROVED_DA_fee,12.004929859719438,0.0018408453514093882
IMPROVED_DA_fee,12.031563126252504,0.0019239586296018647
IMPROVED_DA_fee,12.05819639278557,0.002011437943313773
IMPROVED_DA_fee,12.084829659318636,0.002103435606147618
IMPROVED_DA_fee,12.111462925851702,0.002200104823945644
IMPROVED_DA_fee,12.138096192384769,0.0023015988364534674
IMPROVED_DA_fee,12.164729458917835,0.0024080699810918155
IMPROVED_DA_fee,12.191362725450901,0.0025196686866654724
IMPROVED_DA_fee,12.217995991983967,0.002636542406075036
IMPROVED_DA_fee,12.244629258517033,0.002758834498255595
IMPROVED_DA_fee,12.2712625250501,0.0028866830706303953
IMPROVED_DA_fee,12.297895791583166,0.003020219794322974
IMPROVED_DA_fee,12.324529058116232,0.0031595687052033846
IMPROVED_DA_fee,12.351162324649298,0.003304845004540929
IMPROVED_DA_fee,12.377795591182364,0.003456153873584079
IMPROVED_DA_fee,12.40442885771543,0.00361358931677891
IMPROVED_DA_fee,12.431062124248497,0.003777233048559945
IMPROVED_DA_fee,12.457695390781563,0.0039471534386945764
IMPROVED_DA_fee,12.484328657314629,0.0041234045310286635
IMPROVED_DA_fee,12.510961923847695,0.00430602515016099
IMPROVED_DA_fee,12.537595190380761,0.004495038110066963
IMPROVED_DA_fee,12.564228456913828,0.0046904495379961175
IMPROVED_DA_fee,12.590861723446894,0.004892248326086313
IMPROVED_DA_fee,12.61749498997996,0.005100405722073053
IMPROVED_DA_fee,12.644128256513024,0.005314875069233371
IMPROVED_DA_fee,12.670761523046092,0.00553559170429765
IMPROVED_DA_fee,12.697394789579157,0.0057624730205026045
IMPROVED_DA_fee,12.724028056112225,0.0059954187012588285
IMPROVED_DA_fee,12.75066132264529,0.006234311128080594
IMPROVED_DA_fee,12.777294589178357,0.0064790159645002985
IMPROVED_DA_fee,12.803927855711422,0.00672938291567662
IMPROVED_DA_fee,12.83056112224449,0.006985246661340354
IMPROVED_DA_fee,12.857194388777554,0.0072464279576180644
IMPROVED_DA_fee,12.88382765531062,0.0075127349011719765
IMPROVED_DA_fee,12.910460921843686,0.007783964347011797
IMPROVED_DA_fee,12.937094188376753,0.008059903469311383
IMPROVED_DA_fee,12.963727454909819,0.008340331452623398
IMPROVED_DA_fee,12.990360721442885,0.008625021299062877
IMPROVED_DA_fee,13.016993987975951,0.008913741735355977
IMPROVED_DA_fee,13.043627254509017,0.009206259202150912
IMPROVED_DA_fee,13.070260521042083,0.009502339906693236
IMPROVED_DA_fee,13.09689378757515,0.009801751918901426
IMPROVED_DA_fee,13.123527054108216,0.010104267290063713
IMPROVED_DA_fee,13.150160320641282,0.010409664172831953
IMPROVED_DA_fee,13.176793587174348,0.010717728920928864
IMPROVED_DA_fee,13.203426853707414,0.011028258147018938
IMPROVED_DA_fee,13.23006012024048,0.011341060717528675
IMPROVED_DA_fee,13.256693386773547,0.011655959663837678
IMPROVED_DA_fee,13.283326653306613,0.011972793990191738
IMPROVED_DA_fee,13.30995991983968,0.012291420359904803
IMPROVED_DA_fee,13.336593186372745,0.012611714642897957
IMPROVED_DA_fee,13.363226452905812,0.012933573309352839
IMPROVED_DA_fee,13.389859719438878,0.013256914656203517
IMPROVED_DA_fee,13.416492985971944,0.013581679855326956
IMPROVED_DA_fee,13.44312625250501,0.013907833814578927
IMPROVED_DA_fee,13.469759519038076,0.014235365845223249
IMPROVED_DA_fee,13.496392785571143,0.014564290131773648
IMPROVED_DA_fee,13.523026052104207,0.014894646002769164
IMPROVED_DA_fee,13.549659318637275,0.015226498003486532
IMPROVED_DA_fee,13.57629258517034,0.015559935774017403
IMPROVED_DA_fee,13.602925851703407,0.015895073738458425
IMPROVED_DA_fee,13.629559118236472,0.016232050613136047
IMPROVED_DA_fee,13.65619238476954,0.016571028743782378
IMPROVED_DA_fee,13.682825651302604,0.01691219328335068
IMPROVED_DA_fee,13.709458917835672,0.01725575122369049
IMPROVED_DA_fee,13.736092184368736,0.017601930295557573
IMPROVED_DA_fee,13.762725450901803,0.017950977752405384
IMPROVED_DA_fee,13.789358717434869,0.01830315905407102
IMPROVED_DA_fee,13.815991983967935,0.01865875646683467
IMPROVED_DA_fee,13.842625250501001,0.019018067596390298
IMPROVED_DA_fee,13.869258517034067,0.019381403870032118
IMPROVED_DA_fee,13.895891783567134,0.019749088983848837
IMPROVED_DA_fee,13.9225250501002,0.020121457329947225
IMPROVED_DA_fee,13.949158316633266,0.02049885241772658
IMPROVED_DA_fee,13.975791583166332,0.020881625302026984
IMPROVED_DA_fee,14.002424849699398,0.021270133029614603
IMPROVED_DA_fee,14.029058116232465,0.021664737113984155
IMPROVED_DA_fee,14.05569138276553,0.022065802046895466
IMPROVED_DA_fee,14.082324649298597,0.022473693853457693
IMPROVED_DA_fee,14.108957915831663,0.022888778695977968
IMPROVED_DA_fee,14.13559118236473,0.023311421530236933
IMPROVED_DA_fee,14.162224448897796,0.023741984816385526
IMPROVED_DA_fee,14.188857715430862,0.024180827285310336
IMPROVED_DA_fee,14.215490981963928,0.024628302760116974
IMPROVED_DA_fee,14.242124248496994,0.025084759031367667
IMPROVED_DA_fee,14.26875751503006,0.025550536783892262
IMPROVED_DA_fee,14.295390781563126,0.026025968572394215
IMPROVED_DA_fee,14.322024048096193,0.02651137784269926
IMPROVED_DA_fee,14.348657314629257,0.0270070779953512
IMPROVED_DA_fee,14.375290581162325,0.027513371488337456
IMPROVED_DA_fee,14.40192384769539,0.028030548976019868
IMPROVED_DA_fee,14.428557114228457,0.028558888481837977
IMPROVED_DA_fee,14.455190380761522,0.029098654603015566
IMPROVED_DA_fee,14.48182364729459,0.02965009774631839
IMPROVED_DA_fee,14.508456913827654,0.030213453394837872
IMPROVED_DA_fee,14.535090180360722,0.03078894140679582
IMPROVED_DA_fee,14.561723446893787,0.03137676534841713
IMPROVED_DA_fee,14.588356713426853,0.03197711186399734
IMPROVED_DA_fee,14.614989979959919,0.03259015008731731
IMPROVED_DA_fee,14.641623246492987,0.03321603109953769
IMPROVED_DA_fee,14.668256513026051,0.033854887439563275
IMPROVED_DA_fee,14.694889779559118,0.03450683267360009
IMPROVED_DA_fee,14.721523046092184,0.0351719610311796
IMPROVED_DA_fee,14.74815631262525,0.03585034711529567
IMPROVED_DA_fee,14.774789579158316,0.03654204569443817
IMPROVED_DA_fee,14.801422845691382,0.037247091584230514
IMPROVED_DA_fee,14.828056112224449,0.03796549962604197
IMPROVED_DA_fee,14.854689378757515,0.038697264769377016
IMPROVED_DA_fee,14.881322645290581,0.039442362264017754
IMPROVED_DA_fee,14.907955911823647,0.040200747966838604
IMPROVED_DA_fee,14.934589178356713,0.04097235876692344
IMPROVED_DA_fee,14.96122244488978,0.04175711313112974
IMPROVED_DA_fee,14.987855711422846,0.04255491177055968
IMPROVED_DA_fee,15.014488977955912,0.04336563842657724
IMPROVED_DA_fee,15.041122244488978,0.0441891607730474
IMPROVED_DA_fee,15.067755511022044,0.04502533142943891
IMPROVED_DA_fee,15.09438877755511,0.04587398907733168
IMPROVED_DA_fee,15.121022044088175,0.04673495967076965
IMPROVED_DA_fee,15.147655310621243,0.04760805772881877
IMPROVED_DA_fee,15.174288577154307,0.04849308769668013
IMPROVED_DA_fee,15.200921843687375,0.04938984535981126
IMPROVED_DA_fee,15.22755511022044,0.050298119293743386
IMPROVED_DA_fee,15.254188376753508,0.051217692330716796
IMPROVED_DA_fee,15.280821643286572,0.05214834302289072
IMPROVED_DA_fee,15.30745490981964,0.05308984708078077
IMPROVED_DA_fee,15.334088176352704,0.054041978764731546
IMPROVED_DA_fee,15.360721442885772,0.0550045122067012
IMPROVED_DA_fee,15.387354709418837,0.05597722263941139
IMPROVED_DA_fee,15.413987975951905,0.056959887510034245
IMPROVED_DA_fee,15.44062124248497,0.057952287456046754
IMPROVED_DA_fee,15.467254509018037,0.05895420712170464
IMPROVED_DA_fee,15.493887775551102,0.05996543579475266
IMPROVED_DA_fee,15.520521042084168,0.06098576784452829
IMPROVED_DA_fee,15.547154308617234,0.06201500294448638
IMPROVED_DA_fee,15.5737875751503,0.06305294606439803
IMPROVED_DA_fee,15.600420841683366,0.06409940722002597
IMPROVED_DA_fee,15.627054108216432,0.06515420097092957
IMPROVED_DA_fee,15.653687374749499,0.06621714566020363
IMPROVED_DA_fee,15.680320641282565,0.06728806239335179
IMPROVED_DA_fee,15.706953907815631,0.06836677375713238
IMPROVED_DA_fee,15.733587174348697,0.0694531022830384
IMPROVED_DA_fee,15.760220440881763,0.07054686866405942
IMPROVED_DA_fee,15.78685370741483,0.0716478897374646
IMPROVED_DA_fee,15.813486973947896,0.0727559762505085
IMPROVED_DA_fee,15.840120240480962,0.07387093043013249
IMPROVED_DA_fee,15.866753507014028,0.07499254338186596
IMPROVED_DA_fee,15.893386773547094,0.07612059234716391
IMPROVED_DA_fee,15.92002004008016,0.07725483785227906
IMPROVED_DA_fee,15.946653306613227,0.07839502078540977
IMPROVED_DA_fee,15.973286573146293,0.07954085944220145
IMPROVED_DA_fee,15.999919839679357,0.080692046582656
IMPROVED_DA_fee,16.026553106212425,0.08184824654504555
IMPROVED_DA_fee,16.05318637274549,0.08300909246445558
IMPROVED_DA_fee,16.079819639278558,0.08417418364505015
IMPROVED_DA_fee,16.106452905811622,0.0853430831359656
IMPROVED_DA_fee,16.13308617234469,0.08651531556087348
IMPROVED_DA_fee,16.159719438877755,0.08769036525061336
IMPROVED_DA_fee,16.186352705410822,0.08886767472687569
IMPROVED_DA_fee,16.212985971943887,0.09004664358263867
IMPROVED_DA_fee,16.239619238476955,0.09122662780194288
IMPROVED_DA_fee,16.26625250501002,0.0924069395575724
IMPROVED_DA_fee,16.292885771543087,0.09358684752033722
IMPROVED_DA_fee,16.31951903807615,0.09476557770790595
IMPROVED_DA_fee,16.34615230460922,0.09594231489458319
IMPROVED_DA_fee,16.372785571142284,0.09711620459608523
IMPROVED_DA_fee,16.39941883767535,0.09828635563534377
IMPROVED_DA_fee,16.426052104208416,0.09945184328671587
IMPROVED_DA_fee,16.452685370741484,0.1006117129868383
IMPROVED_DA_fee,16.47931863727455,0.1017649845908425
IMPROVED_DA_fee,16.505951903807613,0.10291065714289162
IMPROVED_DA_fee,16.53258517034068,0.10404771412016953
IMPROVED_DA_fee,16.55921843687375,0.10517512909972596
IMPROVED_DA_fee,16.585851703406814,0.10629187178811299
IMPROVED_DA_fee,16.612484969939878,0.10739691434477325
IMPROVED_DA_fee,16.639118236472946,0.1084892379217872
IMPROVED_DA_fee,16.665751503006014,0.1095678393351225
IMPROVED_DA_fee,16.69238476953908,0.11063173777607238
IMPROVED_DA_fee,16.719018036072143,0.1116799814663435
IMPROVED_DA_fee,16.74565130260521,0.11271165415641902
IMPROVED_DA_fee,16.77228456913828,0.11372588136450577
IMPROVED_DA_fee,16.798917835671343,0.11472183625274034
IMPROVED_DA_fee,16.825551102204408,0.11569874503845158
IMPROVED_DA_fee,16.852184368737475,0.11665589184123334
IMPROVED_DA_fee,16.87881763527054,0.11759262287144417
IMPROVED_DA_fee,16.905450901803608,0.11850834987247502
IMPROVED_DA_fee,16.932084168336672,0.11940255273773158
IMPROVED_DA_fee,16.95871743486974,0.12027478123366221
IMPROVED_DA_fee,16.985350701402805,0.12112465577223179
IMPROVED_DA_fee,17.011983967935873,0.12195186718985561
IMPROVED_DA_fee,17.038617234468937,0.12275617550475827
IMPROVED_DA_fee,17.065250501002005,0.12353740764083668
IMPROVED_DA_fee,17.09188376753507,0.1242954541230594
IMPROVED_DA_fee,17.118517034068137,0.12503026476705228
IMPROVED_DA_fee,17.145150300601202,0.1257418434033744
IMPROVED_DA_fee,17.17178356713427,0.12643024169488667
IMPROVED_DA_fee,17.198416833667334,0.12709555212310134
IMPROVED_DA_fee,17.2250501002004,0.1277379002362462
IMPROVED_DA_fee,17.251683366733467,0.12835743626754842
IMPROVED_DA_fee,17.278316633266535,0.12895432624669229
IMPROVED_DA_fee,17.3049498997996,0.1295287427401341
IMPROVED_DA_fee,17.331583166332663,0.13008085536676525
IMPROVED_DA_fee,17.35821643286573,0.13061082124394618
IMPROVED_DA_fee,17.3848496993988,0.13111877552503412
IMPROVED_DA_fee,17.411482965931864,0.13160482219295824
IMPROVED_DA_fee,17.438116232464928,0.1320690252750597
IMPROVED_DA_fee,17.464749498997996,0.13251140064217373
IMPROVED_DA_fee,17.491382765531064,0.1329319085497932
IMPROVED_DA_fee,17.51801603206413,0.13333044707111655
IMPROVED_DA_fee,17.544649298597193,0.13370684656090775
IMPROVED_DA_fee,17.57128256513026,0.1340608652755676
IMPROVED_DA_fee,17.59791583166333,0.13439218625873997
IMPROVED_DA_fee,17.624549098196393,0.13470041558349513
IMPROVED_DA_fee,17.651182364729458,0.13498508202181875
IMPROVED_DA_fee,17.677815631262526,0.13524563819023544
IMPROVED_DA_fee,17.70444889779559,0.13548146319718743
IMPROVED_DA_fee,17.731082164328658,0.13569186679372683
IMPROVED_DA_fee,17.757715430861722,0.135876095004564
IMPROVED_DA_fee,17.78434869739479,0.1360333371919995
IMPROVED_DA_fee,17.810981963927855,0.1361627344811607
IMPROVED_DA_fee,17.837615230460923,0.13626338945176816
IMPROVED_DA_fee,17.864248496993987,0.13633437697973527
IMPROVED_DA_fee,17.890881763527055,0.1363747560917201
IMPROVED_DA_fee,17.91751503006012,0.13638358267763492
IMPROVED_DA_fee,17.944148296593188,0.13635992289047846
IMPROVED_DA_fee,17.970781563126252,0.13630286704990943
IMPROVED_DA_fee,17.99741482965932,0.13621154385605935
IMPROVED_DA_fee,18.024048096192384,0.1360851347133248
IMPROVED_DA_fee,18.050681362725452,0.13592288796043753
IMPROVED_DA_fee,18.077314629258517,0.13572413280306017
IMPROVED_DA_fee,18.103947895791585,0.13548829274850793
IMPROVED_DA_fee,18.13058116232465,0.1352148983488704
IMPROVED_DA_fee,18.157214428857714,0.1349035990687253
IMPROVED_DA_fee,18.18384769539078,0.13455417410657233
IMPROVED_DA_fee,18.21048096192385,0.13416654201487255
IMPROVED_DA_fee,18.237114228456914,0.13374076898183943
IMPROVED_DA_fee,18.26374749498998,0.13327707565857086
IMPROVED_DA_fee,18.290380761523046,0.13277584243736512
IMPROVED_DA_fee,18.317014028056114,0.13223761311069585
IMPROVED_DA_fee,18.34364729458918,0.13166309686495264
IMPROVED_DA_fee,18.370280561122243,0.13105316858816993
IMPROVED_DA_fee,18.39691382765531,0.1304088674961996
IMPROVED_DA_fee,18.42354709418838,0.12973139410658815
IMPROVED_DA_fee,18.450180360721443,0.12902210561347421
IMPROVED_DA_fee,18.476813627254508,0.12828250973959662
IMPROVED_DA_fee,18.503446893787576,0.12751425716269965
IMPROVED_DA_fee,18.53008016032064,0.1267191326328554
IMPROVED_DA_fee,18.556713426853708,0.12589904491415213
IMPROVED_DA_fee,18.583346693386773,0.12505601569864336
IMPROVED_DA_fee,18.60997995991984,0.12419216765210615
IMPROVED_DA_fee,18.63661322645291,0.12330971175995735
IMPROVED_DA_fee,18.663246492985973,0.1224109341474463
IMPROVED_DA_fee,18.689879759519037,0.12149818255101512
IMPROVED_DA_fee,18.716513026052105,0.12057385261745338
IMPROVED_DA_fee,18.74314629258517,0.11964037420429544
IMPROVED_DA_fee,18.769779559118234,0.11870019784890809
IMPROVED_DA_fee,18.796412825651302,0.1177557815651147
IMPROVED_DA_fee,18.82304609218437,0.11680957811517562
IMPROVED_DA_fee,18.849679358717434,0.11586402289182263
IMPROVED_DA_fee,18.8763126252505,0.11492152253005959
IMPROVED_DA_fee,18.902945891783567,0.11398444435197812
IMPROVED_DA_fee,18.929579158316635,0.11305510673021191
IMPROVED_DA_fee,18.9562124248497,0.11213577043722146
IMPROVED_DA_fee,18.982845691382764,0.11122863102877388
IMPROVED_DA_fee,19.00947895791583,0.11033581229104213
IMPROVED_DA_fee,19.0361122244489,0.10945936076214909
IMPROVED_DA_fee,19.062745490981964,0.10860124132096026
IMPROVED_DA_fee,19.08937875751503,0.10776333381889083
IMPROVED_DA_fee,19.116012024048096,0.1069474307146439
IMPROVED_DA_fee,19.142645290581164,0.10615523565746397
IMPROVED_DA_fee,19.16927855711423,0.10538836295183318
IMPROVED_DA_fee,19.195911823647293,0.10464833782574626
IMPROVED_DA_fee,19.22254509018036,0.10393659741594947
IMPROVED_DA_fee,19.24917835671343,0.10325449237681715
IMPROVED_DA_fee,19.275811623246494,0.10260328901501854
IMPROVED_DA_fee,19.302444889779558,0.10198417184968452
IMPROVED_DA_fee,19.329078156312626,0.10139824649747195
IMPROVED_DA_fee,19.355711422845694,0.10084654278358743
IMPROVED_DA_fee,19.38234468937876,0.1003300179833714
IMPROVED_DA_fee,19.408977955911823,0.09984956010432165
IMPROVED_DA_fee,19.43561122244489,0.09940599112521256
IMPROVED_DA_fee,19.46224448897796,0.09900007011708396
IMPROVED_DA_fee,19.488877755511023,0.09863249618005722
IMPROVED_DA_fee,19.515511022044087,0.09830391113996306
IMPROVED_DA_fee,19.542144288577155,0.09801490195936483
IMPROVED_DA_fee,19.568777555110223,0.097766002828476
IMPROVED_DA_fee,19.595410821643284,0.09755769691245618
IMPROVED_DA_fee,19.622044088176352,0.09739041774235481
IMPROVED_DA_fee,19.64867735470942,0.0972645502473469
IMPROVED_DA_fee,19.675310621242485,0.09718043143562413
IMPROVED_DA_fee,19.70194388777555,0.09713835074020337
IMPROVED_DA_fee,19.728577154308617,0.09713855005379651
IMPROVED_DA_fee,19.755210420841685,0.09718122348361889
IMPROVED_DA_fee,19.78184368737475,0.09726651686251177
IMPROVED_DA_fee,19.808476953907814,0.09739452705688163
IMPROVED_DA_fee,19.835110220440882,0.09756530111475749
IMPROVED_DA_fee,19.86174348697395,0.09777883529863679
IMPROVED_DA_fee,19.888376753507014,0.09803507404783418
IMPROVED_DA_fee,19.91501002004008,0.09833390891376577
IMPROVED_DA_fee,19.941643286573147,0.09867517750910508
IMPROVED_DA_fee,19.968276553106215,0.09905866250815373
IMPROVED_DA_fee,19.99490981963928,0.09948409073119875
IMPROVED_DA_fee,20.021543086172343,0.09995113234024329
IMPROVED_DA_fee,20.04817635270541,0.10045940016749327
IMPROVED_DA_fee,20.07480961923848,0.10100844919150925
IMPROVED_DA_fee,20.101442885771544,0.10159777616920698
IMPROVED_DA_fee,20.128076152304608,0.1022268194251158
IMPROVED_DA_fee,20.154709418837676,0.10289495879264753
IMPROVED_DA_fee,20.181342685370744,0.10360151569580656
IMPROVED_DA_fee,20.20797595190381,0.1043457533539515
IMPROVED_DA_fee,20.234609218436873,0.10512687708705286
IMPROVED_DA_fee,20.26124248496994,0.10594403469455003
IMPROVED_DA_fee,20.28787575150301,0.10679631687749577
IMPROVED_DA_fee,20.314509018036073,0.10768275767129264
IMPROVED_DA_fee,20.341142284569138,0.10860233485505834
IMPROVED_DA_fee,20.367775551102206,0.10955397030353253
IMPROVED_DA_fee,20.394408817635274,0.110536530248488
IMPROVED_DA_fee,20.421042084168334,0.11154882541882497
IMPROVED_DA_fee,20.447675350701402,0.11258961103183956
IMPROVED_DA_fee,20.47430861723447,0.11365758661254297
IMPROVED_DA_fee,20.500941883767535,0.1147513956232424
IMPROVED_DA_fee,20.5275751503006,0.11586962489176153
IMPROVED_DA_fee,20.554208416833667,0.11701080383356158
IMPROVED_DA_fee,20.580841683366735,0.11817340347044454
IMPROVED_DA_fee,20.6074749498998,0.11935583525633099
IMPROVED_DA_fee,20.634108216432864,0.12055644972860795
IMPROVED_DA_fee,20.660741482965932,0.12177353501155781
IMPROVED_DA_fee,20.687374749499,0.12300531520624483
IMPROVED_DA_fee,20.714008016032064,0.12424994870871456
IMPROVED_DA_fee,20.74064128256513,0.12550552650532645
IMPROVED_DA_fee,20.767274549098197,0.12677007050030487
IMPROVED_DA_fee,20.793907815631265,0.1280415319359711
IMPROVED_DA_fee,20.82054108216433,0.12931778997054735
IMPROVED_DA_fee,20.847174348697393,0.13059665048168131
IMPROVED_DA_fee,20.87380761523046,0.13187584516594408
IMPROVED_DA_fee,20.90044088176353,0.13315303100533565
IMPROVED_DA_fee,20.927074148296594,0.13442579017130116
IMPROVED_DA_fee,20.95370741482966,0.13569163043489757
IMPROVED_DA_fee,20.980340681362726,0.13694798614852177
IMPROVED_DA_fee,21.006973947895794,0.13819221986009797
IMPROVED_DA_fee,21.03360721442886,0.13942162461486704
IMPROVED_DA_fee,21.060240480961923,0.14063342699297998
IMPROVED_DA_fee,21.08687374749499,0.14182479092313227
IMPROVED_DA_fee,21.11350701402806,0.14299282230356003
IMPROVED_DA_fee,21.140140280561123,0.14413457445202343
IMPROVED_DA_fee,21.166773547094188,0.145247054396078
IMPROVED_DA_fee,21.193406813627256,0.14632723000414183
IMPROVED_DA_fee,21.220040080160324,0.14737203794679135
IMPROVED_DA_fee,21.246673346693388,0.1483783924665327
IMPROVED_DA_fee,21.273306613226453,0.14934319492316797
IMPROVED_DA_fee,21.29993987975952,0.15026334407101025
IMPROVED_DA_fee,21.326573146292585,0.15113574701373572
IMPROVED_DA_fee,21.35320641282565,0.15195733077276385
IMPROVED_DA_fee,21.379839679358717,0.15272505439589773
IMPROVED_DA_fee,21.406472945891785,0.1534359215246218
IMPROVED_DA_fee,21.43310621242485,0.1540869933311045
IMPROVED_DA_fee,21.459739478957914,0.15467540172966926
IMPROVED_DA_fee,21.486372745490982,0.15519836276231538
IMPROVED_DA_fee,21.51300601202405,0.15565319005395425
IMPROVED_DA_fee,21.539639278557114,0.15603730823025777
IMPROVED_DA_fee,21.56627254509018,0.15634826618957062
IMPROVED_DA_fee,21.592905811623247,0.15658375012009335
IMPROVED_DA_fee,21.619539078156315,0.1567415961545259
IMPROVED_DA_fee,21.64617234468938,0.15681980255654818
IMPROVED_DA_fee,21.672805611222444,0.1568165413368004
IMPROVED_DA_fee,21.69943887775551,0.15673016920038232
IMPROVED_DA_fee,21.72607214428858,0.15655923773322974
IMPROVED_DA_fee,21.752705410821644,0.15630250274093044
IMPROVED_DA_fee,21.77933867735471,0.15595893266056304
IMPROVED_DA_fee,21.805971943887776,0.1555277159738158
IMPROVED_DA_fee,21.832605210420844,0.15500826755792416
IMPROVED_DA_fee,21.85923847695391,0.1544002339196975
IMPROVED_DA_fee,21.885871743486973,0.15370349726702073
IMPROVED_DA_fee,21.91250501002004,0.1529181783815857
IMPROVED_DA_fee,21.93913827655311,0.15204463826613956
IMPROVED_DA_fee,21.965771543086174,0.1510834785491526
IMPROVED_DA_fee,21.992404809619238,0.15003554063938543
IMPROVED_DA_fee,22.019038076152306,0.14890190363233685
IMPROVED_DA_fee,22.045671342685374,0.14768388097987034
IMPROVED_DA_fee,22.07230460921844,0.14638301594338218
IMPROVED_DA_fee,22.098937875751503,0.14500107585966818
IMPROVED_DA_fee,22.12557114228457,0.14354004525706032
IMPROVED_DA_fee,22.152204408817635,0.14200211786742456
IMPROVED_DA_fee,22.1788376753507,0.14038968758718667
IMPROVED_DA_fee,22.205470941883767,0.1387053384476562
IMPROVED_DA_fee,22.232104208416835,0.13695183366148606
IMPROVED_DA_fee,22.2587374749499,0.13513210381815272
IMPROVED_DA_fee,22.285370741482964,0.13324923430678692
IMPROVED_DA_fee,22.312004008016032,0.1313064520495746
IMPROVED_DA_fee,22.3386372745491,0.12930711163317002
IMPROVED_DA_fee,22.365270541082165,0.12725468092917636
IMPROVED_DA_fee,22.39190380761523,0.12515272629769245
IMPROVED_DA_fee,22.418537074148297,0.12300489747018004
IMPROVED_DA_fee,22.445170340681365,0.12081491220946929
IMPROVED_DA_fee,22.47180360721443,0.11858654084556433
IMPROVED_DA_fee,22.498436873747494,0.11632359078604675
IMPROVED_DA_fee,22.52507014028056,0.11402989109924501
IMPROVED_DA_fee,22.55170340681363,0.11170927726699692
IMPROVED_DA_fee,22.578336673346694,0.1093655762017237
IMPROVED_DA_fee,22.60496993987976,0.10700259161971283
IMPROVED_DA_fee,22.631603206412827,0.10462408985892545
IMPROVED_DA_fee,22.658236472945894,0.10223378622538956
IMPROVED_DA_fee,22.68486973947896,0.09983533194725426
IMPROVED_DA_fee,22.711503006012023,0.09743230180998323
IMPROVED_DA_fee,22.73813627254509,0.09502818253993382
IMPROVED_DA_fee,22.76476953907816,0.09262636199675367
IMPROVED_DA_fee,22.791402805611224,0.09023011922774983
IMPROVED_DA_fee,22.818036072144288,0.08784261542962359
IMPROVED_DA_fee,22.844669338677356,0.08546688585485651
IMPROVED_DA_fee,22.871302605210424,0.08310583269163352
IMPROVED_DA_fee,22.89793587174349,0.08076221893756999
IMPROVED_DA_fee,22.924569138276553,0.0784386632788105
IMPROVED_DA_fee,22.95120240480962,0.07613763597731692
IMPROVED_DA_fee,22.97783567134269,0.07386145576050539
IMPROVED_DA_fee,23.00446893787575,0.07161228769891868
IMPROVED_DA_fee,23.031102204408818,0.06939214204939143
IMPROVED_DA_fee,23.057735470941886,0.06720287403335194
IMPROVED_DA_fee,23.08436873747495,0.06504618451247239
IMPROVED_DA_fee,23.111002004008014,0.06292362151705821
IMPROVED_DA_fee,23.137635270541082,0.06083658257632645
IMPROVED_DA_fee,23.16426853707415,0.05878631779415555
IMPROVED_DA_fee,23.190901803607215,0.056773933609094496
IMPROVED_DA_fee,23.21753507014028,0.054800397173391024
IMPROVED_DA_fee,23.244168336673347,0.052866541282599544
IMPROVED_DA_fee,23.270801603206415,0.05097306978500023
IMPROVED_DA_fee,23.29743486973948,0.04912056339854703
IMPROVED_DA_fee,23.324068136272544,0.04730948586247463
IMPROVED_DA_fee,23.350701402805612,0.045540190350890505
IMPROVED_DA_fee,23.37733466933868,0.043812926076736855
IMPROVED_DA_fee,23.403967935871744,0.04212784501633596
IMPROVED_DA_fee,23.43060120240481,0.04048500868730296
IMPROVED_DA_fee,23.457234468937877,0.03888439491585643
IMPROVED_DA_fee,23.483867735470945,0.037325904533433256
IMPROVED_DA_fee,23.51050100200401,0.03580936794691042
IMPROVED_DA_fee,23.537134268537073,0.03433455153162391
IMPROVED_DA_fee,23.56376753507014,0.032901163801629454
IMPROVED_DA_fee,23.59040080160321,0.03150886131719589
IMPROVED_DA_fee,23.617034068136274,0.030157254295296573
IMPROVED_DA_fee,23.64366733466934,0.028845911894743854
IMPROVED_DA_fee,23.670300601202406,0.027574367153533775
IMPROVED_DA_fee,23.696933867735474,0.02634212156185196
IMPROVED_DA_fee,23.72356713426854,0.02514864925992939
IMPROVED_DA_fee,23.750200400801603,0.023993400855503617
IMPROVED_DA_fee,23.77683366733467,0.02287580686091847
IMPROVED_DA_fee,23.80346693386774,0.021795280754850675
IMPROVED_DA_fee,23.8301002004008,0.020751221678237165
IMPROVED_DA_fee,23.856733466933868,0.0197430167781142
IMPROVED_DA_fee,23.883366733466936,0.018770043216785298
IMPROVED_DA_fee,23.91,0.01783166986690988
IMPROVED_BA_fee,19.22,0.013105007194606902
IMPROVED_BA_fee,19.23951903807615,0.013858374517301913
IMPROVED_BA_fee,19.259038076152304,0.014640750597398935
IMPROVED_BA_fee,19.278557114228455,0.015452562727327911
IMPROVED_BA_fee,19.29807615230461,0.01629421799359767
IMPROVED_BA_fee,19.31759519038076,0.01716610057999365
IMPROVED_BA_fee,19.33711422845691,0.018068568682333187
IMPROVED_BA_fee,19.356633266533066,0.0190019510416904
IMPROVED_BA_fee,19.376152304609217,0.019966543114109652
IMPROVED_BA_fee,19.395671342685368,0.020962602906570118
IMPROVED_BA_fee,19.415190380761523,0.021990346521117487
IMPROVED_BA_fee,19.434709418837674,0.023049943461406926
IMPROVED_BA_fee,19.454228456913828,0.024141511768098728
IMPROVED_BA_fee,19.47374749498998,0.02526511306133067
IMPROVED_BA_fee,19.49326653306613,0.026420747579547262
IMPROVED_BA_fee,19.512785571142285,0.02760834931394516
IMPROVED_BA_fee,19.532304609218436,0.028827781346408808
IMPROVED_BA_fee,19.551823647294587,0.030078831505698195
IMPROVED_BA_fee,19.57134268537074,0.031361208461529795
IMPROVED_BA_fee,19.590861723446892,0.03267453837876561
IMPROVED_BA_fee,19.610380761523047,0.03401836225394788
IMPROVED_BA_fee,19.629899799599198,0.035392134053651325
IMPROVED_BA_fee,19.64941883767535,0.03679521976844225
IMPROVED_BA_fee,19.668937875751503,0.03822689748748921
IMPROVED_BA_fee,19.688456913827654,0.039686358587040935
IMPROVED_BA_fee,19.707975951903805,0.04117271011111504
IMPROVED_BA_fee,19.72749498997996,0.042684978404889336
IMPROVED_BA_fee,19.74701402805611,0.04422211404069472
IMPROVED_BA_fee,19.766533066132265,0.045782998053420655
IMPROVED_BA_fee,19.786052104208416,0.0473664494768898
IMPROVED_BA_fee,19.805571142284567,0.04897123414584342
IMPROVED_BA_fee,19.82509018036072,0.05059607470000725
IMPROVED_BA_fee,19.844609218436872,0.052239661697957525
IMPROVED_BA_fee,19.864128256513027,0.05390066571973966
IMPROVED_BA_fee,19.883647294589178,0.055577750309095564
IMPROVED_BA_fee,19.90316633266533,0.05726958557948658
IMPROVED_BA_fee,19.922685370741483,0.05897486228348458
IMPROVED_BA_fee,19.942204408817634,0.06069230612334506
IMPROVED_BA_fee,19.961723446893785,0.062420692062312474
IMPROVED_BA_fee,19.98124248496994,0.06415885838207608
IMPROVED_BA_fee,20.00076152304609,0.06590572022241349
IMPROVED_BA_fee,20.020280561122245,0.0676602823348696
IMPROVED_BA_fee,20.039799599198396,0.06942165078373506
IMPROVED_BA_fee,20.059318637274547,0.07118904333488489
IMPROVED_BA_fee,20.0788376753507,0.07296179828631272
IMPROVED_BA_fee,20.098356713426853,0.07473938151348082
IMPROVED_BA_fee,20.117875751503004,0.07652139152770311
IMPROVED_BA_fee,20.137394789579158,0.07830756237637565
IMPROVED_BA_fee,20.15691382765531,0.08009776424951355
IMPROVED_BA_fee,20.176432865731464,0.08189200169710077
IMPROVED_BA_fee,20.195951903807615,0.0836904094054582
IMPROVED_BA_fee,20.215470941883765,0.08549324552732684
IMPROVED_BA_fee,20.23498997995992,0.08730088260863202
IMPROVED_BA_fee,20.25450901803607,0.08911379620391156
IMPROVED_BA_fee,20.274028056112222,0.09093255132103092
IMPROVED_BA_fee,20.293547094188376,0.09275778688291111
IMPROVED_BA_fee,20.313066132264527,0.09459019843846662
IMPROVED_BA_fee,20.332585170340682,0.09643051939566219
IMPROVED_BA_fee,20.352104208416833,0.09827950108550843
IMPROVED_BA_fee,20.371623246492984,0.10013789199603688
IMPROVED_BA_fee,20.39114228456914,0.10200641653894743
IMPROVED_BA_fee,20.41066132264529,0.10388575372808413
IMPROVED_BA_fee,20.430180360721444,0.10577651615765997
IMPROVED_BA_fee,20.449699398797595,0.10767922966886333
IMPROVED_BA_fee,20.469218436873746,0.10959431408608021
IMPROVED_BA_fee,20.4887374749499,0.11152206538845667
IMPROVED_BA_fee,20.50825651302605,0.11346263965922826
IMPROVED_BA_fee,20.527775551102202,0.11541603912460498
IMPROVED_BA_fee,20.547294589178357,0.11738210055664583
IMPROVED_BA_fee,20.566813627254508,0.11936048627133224
IMPROVED_BA_fee,20.58633266533066,0.121350677904861
IMPROVED_BA_fee,20.605851703406813,0.1233519730991199
IMPROVED_BA_fee,20.625370741482964,0.12536348517252446
IMPROVED_BA_fee,20.64488977955912,0.1273841457961157
IMPROVED_BA_fee,20.66440881763527,0.12941271063822615
IMPROVED_BA_fee,20.68392785571142,0.13144776788546383
IMPROVED_BA_fee,20.703446893787575,0.13348774949429376
IMPROVED_BA_fee,20.722965931863726,0.13553094497738263
IMPROVED_BA_fee,20.74248496993988,0.13757551748306052
IMPROVED_BA_fee,20.76200400801603,0.13961952188570736
IMPROVED_BA_fee,20.781523046092182,0.14166092457037
IMPROVED_BA_fee,20.801042084168337,0.14369762456708277
IMPROVED_BA_fee,20.820561122244488,0.14572747566966548
IMPROVED_BA_fee,20.84008016032064,0.14774830916053222
IMPROVED_BA_fee,20.859599198396793,0.1497579567573205
IMPROVED_BA_fee,20.879118236472944,0.15175427339898553
IMPROVED_BA_fee,20.8986372745491,0.1537351594981082
IMPROVED_BA_fee,20.91815631262525,0.15569858230222666
IMPROVED_BA_fee,20.9376753507014,0.15764259602951158
IMPROVED_BA_fee,20.957194388777555,0.15956536047242956
IMPROVED_BA_fee,20.976713426853706,0.16146515779649026
IMPROVED_BA_fee,20.99623246492986,0.16334040729892332
IMPROVED_BA_fee,21.015751503006012,0.1651896779333339
IMPROVED_BA_fee,21.035270541082163,0.16701169845017244
IMPROVED_BA_fee,21.054789579158317,0.16880536504823518
IMPROVED_BA_fee,21.07430861723447,0.17056974647860035
IMPROVED_BA_fee,21.09382765531062,0.1723040865883736
IMPROVED_BA_fee,21.113346693386774,0.17400780433663882
IMPROVED_BA_fee,21.132865731462925,0.17568049135819785
IMPROVED_BA_fee,21.152384769539076,0.17732190719135968
IMPROVED_BA_fee,21.17190380761523,0.178931972323502
IMPROVED_BA_fee,21.19142284569138,0.1805107592418405
IMPROVED_BA_fee,21.210941883767536,0.18205848170627517
IMPROVED_BA_fee,21.230460921843687,0.18357548248593716
IMPROVED_BA_fee,21.249979959919838,0.18506221982087398
IMPROVED_BA_fee,21.269498997995992,0.18651925288489477
IMPROVED_BA_fee,21.289018036072143,0.18794722653486884
IMPROVED_BA_fee,21.308537074148298,0.18934685563570688
IMPROVED_BA_fee,21.32805611222445,0.19071890924883866
IMPROVED_BA_fee,21.3475751503006,0.1920641949654395
IMPROVED_BA_fee,21.367094188376754,0.19338354365411534
IMPROVED_BA_fee,21.386613226452905,0.1946777948765101
IMPROVED_BA_fee,21.406132264529056,0.1959477832037568
IMPROVED_BA_fee,21.42565130260521,0.19719432564219166
IMPROVED_BA_fee,21.44517034068136,0.1984182103488561
IMPROVED_BA_fee,21.464689378757516,0.1996201867864841
IMPROVED_BA_fee,21.484208416833667,0.20080095743453383
IMPROVED_BA_fee,21.503727454909818,0.2019611711379895
IMPROVED_BA_fee,21.523246492985972,0.20310141813977933
IMPROVED_BA_fee,21.542765531062123,0.20422222680640223
IMPROVED_BA_fee,21.562284569138278,0.20532406202046088
IMPROVED_BA_fee,21.58180360721443,0.20640732517891297
IMPROVED_BA_fee,21.60132264529058,0.207472355702727
IMPROVED_BA_fee,21.620841683366734,0.20851943393287542
IMPROVED_BA_fee,21.640360721442885,0.209548785259932
IMPROVED_BA_fee,21.659879759519036,0.21056058531048116
IMPROVED_BA_fee,21.67939879759519,0.21155496599370643
IMPROVED_BA_fee,21.69891783567134,0.21253202219629666
IMPROVED_BA_fee,21.718436873747493,0.2134918189036053
IMPROVED_BA_fee,21.737955911823647,0.21443439852006793
IMPROVED_BA_fee,21.757474949899798,0.21535978816242077
IMPROVED_BA_fee,21.776993987975953,0.21626800670522714
IMPROVED_BA_fee,21.796513026052104,0.2171590713696159
IMPROVED_BA_fee,21.816032064128255,0.21803300366267292
IMPROVED_BA_fee,21.83555110220441,0.21888983449626717
IMPROVED_BA_fee,21.85507014028056,0.21972960833976435
IMPROVED_BA_fee,21.874589178356715,0.22055238629048035
IMPROVED_BA_fee,21.894108216432866,0.22135824797809914
IMPROVED_BA_fee,21.913627254509016,0.22214729225389893
IMPROVED_BA_fee,21.93314629258517,0.22291963665150383
IMPROVED_BA_fee,21.952665330661322,0.22367541564215304
IMPROVED_BA_fee,21.972184368737473,0.22441477774314933
IMPROVED_BA_fee,21.991703406813627,0.2251378815722086
IMPROVED_BA_fee,22.01122244488978,0.2258448909719971
IMPROVED_BA_fee,22.03074148296593,0.2265359693572469
IMPROVED_BA_fee,22.050260521042084,0.22721127346067388
IMPROVED_BA_fee,22.069779559118235,0.22787094667282642
IMPROVED_BA_fee,22.08929859719439,0.22851511218428083
IMPROVED_BA_fee,22.10881763527054,0.22914386614592278
IMPROVED_BA_fee,22.128336673346695,0.22975727106409086
IMPROVED_BA_fee,22.147855711422846,0.23035534964204
IMPROVED_BA_fee,22.167374749498997,0.23093807926757623
IMPROVED_BA_fee,22.18689378757515,0.23150538732915665
IMPROVED_BA_fee,22.206412825651302,0.23205714751960813
IMPROVED_BA_fee,22.225931863727453,0.23259317725862666
IMPROVED_BA_fee,22.245450901803608,0.2331132363330832
IMPROVED_BA_fee,22.26496993987976,0.23361702681884425
IMPROVED_BA_fee,22.28448897795591,0.23410419431030965
IMPROVED_BA_fee,22.304008016032064,0.2345743304452988
IMPROVED_BA_fee,22.323527054108215,0.23502697667438188
IMPROVED_BA_fee,22.34304609218437,0.23546162918646113
IMPROVED_BA_fee,22.36256513026052,0.23587774486739027
IMPROVED_BA_fee,22.38208416833667,0.23627474813683744
IMPROVED_BA_fee,22.401603206412826,0.23665203848129235
IMPROVED_BA_fee,22.421122244488977,0.23700899847903834
IMPROVED_BA_fee,22.44064128256513,0.23734500209662793
IMPROVED_BA_fee,22.460160320641283,0.2376594230265041
IMPROVED_BA_fee,22.479679358717434,0.2379516428321702
IMPROVED_BA_fee,22.499198396793588,0.2382210586708203
IMPROVED_BA_fee,22.51871743486974,0.23846709037360167
IMPROVED_BA_fee,22.53823647294589,0.2386891866802748
IMPROVED_BA_fee,22.557755511022044,0.23888683044759423
IMPROVED_BA_fee,22.577274549098195,0.23905954267854634
IMPROVED_BA_fee,22.596793587174346,0.23920688525184045
IMPROVED_BA_fee,22.6163126252505,0.23932846226684754
IMPROVED_BA_fee,22.635831663326652,0.23942391995747492
IMPROVED_BA_fee,22.655350701402806,0.2394929451681392
IMPROVED_BA_fee,22.674869739478957,0.23953526242496392
IMPROVED_BA_fee,22.694388777555112,0.23955062967441207
IMPROVED_BA_fee,22.713907815631263,0.23953883279876098
IMPROVED_BA_fee,22.733426853707414,0.23949967905199684
IMPROVED_BA_fee,22.75294589178357,0.23943298959009293
IMPROVED_BA_fee,22.77246492985972,0.2393385912952814
IMPROVED_BA_fee,22.79198396793587,0.23921630811436137
IMPROVED_BA_fee,22.811503006012025,0.23906595214563917
IMPROVED_BA_fee,22.831022044088176,0.23888731471765834
IMPROVED_BA_fee,22.850541082164327,0.23868015770509482
IMPROVED_BA_fee,22.87006012024048,0.23844420532335583
IMPROVED_BA_fee,22.889579158316632,0.23817913663347975
IMPROVED_BA_fee,22.909098196392787,0.23788457897349782
IMPROVED_BA_fee,22.928617234468938,0.23756010251179777
IMPROVED_BA_fee,22.94813627254509,0.23720521609303263
IMPROVED_BA_fee,22.967655310621243,0.2368193645183257
IMPROVED_BA_fee,22.987174348697394,0.2364019273698481
IMPROVED_BA_fee,23.00669338677355,0.23595221945610656
IMPROVED_BA_fee,23.0262124248497,0.23546949291934416
IMPROVED_BA_fee,23.04573146292585,0.23495294101121908
IMPROVED_BA_fee,23.065250501002005,0.23440170350822992
IMPROVED_BA_fee,23.084769539078156,0.23381487370499626
IMPROVED_BA_fee,23.104288577154307,0.2331915068921728
IMPROVED_BA_fee,23.12380761523046,0.23253063019719428
IMPROVED_BA_fee,23.143326653306612,0.23183125364065152
IMPROVED_BA_fee,23.162845691382763,0.23109238223940387
IMPROVED_BA_fee,23.182364729458918,0.2303130289697957
IMPROVED_BA_fee,23.20188376753507,0.22949222839082295
IMPROVED_BA_fee,23.221402805611223,0.2286290507177815
IMPROVED_BA_fee,23.240921843687374,0.2277226161319537
IMPROVED_BA_fee,23.26044088176353,0.22677210911093862
IMPROVED_BA_fee,23.27995991983968,0.2257767925672845
IMPROVED_BA_fee,23.29947895791583,0.22473602158971137
IMPROVED_BA_fee,23.318997995991985,0.22364925659112841
IMPROVED_BA_fee,23.338517034068136,0.22251607568047982
IMPROVED_BA_fee,23.358036072144287,0.22133618609070002
IMPROVED_BA_fee,23.37755511022044,0.22010943451230872
IMPROVED_BA_fee,23.397074148296593,0.21883581620100845
IMPROVED_BA_fee,23.416593186372744,0.2175154827475515
IMPROVED_BA_fee,23.436112224448898,0.2161487484187084
IMPROVED_BA_fee,23.45563126252505,0.21473609499907612
IMPROVED_BA_fee,23.4751503006012,0.2132781750841749
IMPROVED_BA_fee,23.494669338677355,0.21177581379570837
IMPROVED_BA_fee,23.514188376753506,0.21023000890948274
IMPROVED_BA_fee,23.53370741482966,0.2086419294052479
IMPROVED_BA_fee,23.55322645290581,0.20701291246537912
IMPROVED_BA_fee,23.572745490981966,0.20534445896566342
IMPROVED_BA_fee,23.592264529058117,0.20363822751654068
IMPROVED_BA_fee,23.611783567134268,0.20189602712671392
IMPROVED_BA_fee,23.631302605210422,0.20011980857324396
IMPROVED_BA_fee,23.650821643286573,0.19831165457293073
IMPROVED_BA_fee,23.670340681362724,0.1964737688590222
IMPROVED_BA_fee,23.68985971943888,0.19460846427517392
IMPROVED_BA_fee,23.70937875751503,0.1927181500050035
IMPROVED_BA_fee,23.72889779559118,0.19080531806075673
IMPROVED_BA_fee,23.748416833667335,0.18887252915844083
IMPROVED_BA_fee,23.767935871743486,0.18692239810942304
IMPROVED_BA_fee,23.78745490981964,0.18495757885993414
IMPROVED_BA_fee,23.80697394789579,0.18298074931024305
IMPROVED_BA_fee,23.826492985971946,0.18099459604446447
IMPROVED_BA_fee,23.846012024048097,0.17900179910013878
IMPROVED_BA_fee,23.865531062124248,0.1770050169038351
IMPROVED_BA_fee,23.885050100200402,0.17500687149516558
IMPROVED_BA_fee,23.904569138276553,0.17300993415679825
IMPROVED_BA_fee,23.924088176352704,0.17101671156228138
IMPROVED_BA_fee,23.94360721442886,0.16902963254689782
IMPROVED_BA_fee,23.96312625250501,0.16705103559932613
IMPROVED_BA_fee,23.98264529058116,0.16508315716364047
IMPROVED_BA_fee,24.002164328657315,0.1631281208323325
IMPROVED_BA_fee,24.021683366733466,0.16118792750145544
IMPROVED_BA_fee,24.041202404809617,0.1592644465489904
IMPROVED_BA_fee,24.06072144288577,0.1573594080870422
IMPROVED_BA_fee,24.080240480961923,0.15547439632772783
IMPROVED_BA_fee,24.099759519038077,0.15361084409163628
IMPROVED_BA_fee,24.119278557114228,0.15177002847676208
IMPROVED_BA_fee,24.138797595190383,0.14995306769485106
IMPROVED_BA_fee,24.158316633266534,0.1481609190714073
IMPROVED_BA_fee,24.177835671342685,0.14639437819520806
IMPROVED_BA_fee,24.19735470941884,0.14465407919328557
IMPROVED_BA_fee,24.21687374749499,0.14294049609800566
IMPROVED_BA_fee,24.23639278557114,0.14125394526426335
IMPROVED_BA_fee,24.255911823647295,0.13959458878698136
IMPROVED_BA_fee,24.275430861723446,0.13796243886215193
IMPROVED_BA_fee,24.294949899799597,0.13635736302862428
IMPROVED_BA_fee,24.314468937875752,0.13477909022279844
IMPROVED_BA_fee,24.333987975951903,0.1332272175743272
IMPROVED_BA_fee,24.353507014028057,0.13170121786784741
IMPROVED_BA_fee,24.37302605210421,0.130200447593697
IMPROVED_BA_fee,24.392545090180363,0.12872415550939978
IMPROVED_BA_fee,24.412064128256514,0.12727149163344587
IMPROVED_BA_fee,24.431583166332665,0.12584151659343168
IMPROVED_BA_fee,24.45110220440882,0.12443321125190153
IMPROVED_BA_fee,24.47062124248497,0.12304548653514931
IMPROVED_BA_fee,24.49014028056112,0.12167719339268537
IMPROVED_BA_fee,24.509659318637276,0.12032713281797346
IMPROVED_BA_fee,24.529178356713427,0.11899406586426951
IMPROVED_BA_fee,24.548697394789578,0.11767672359285197
IMPROVED_BA_fee,24.568216432865732,0.11637381689456135
IMPROVED_BA_fee,24.587735470941883,0.11508404612923112
IMPROVED_BA_fee,24.607254509018034,0.11380611053124931
IMPROVED_BA_fee,24.62677354709419,0.11253871733310922
IMPROVED_BA_fee,24.64629258517034,0.11128059056227202
IMPROVED_BA_fee,24.665811623246494,0.11003047947001073
IMPROVED_BA_fee,24.685330661322645,0.10878716655411177
IMPROVED_BA_fee,24.7048496993988,0.10754947514032534
IMPROVED_BA_fee,24.72436873747495,0.10631627649037691
IMPROVED_BA_fee,24.7438877755511,0.10508649640714537
IMPROVED_BA_fee,24.763406813627256,0.10385912131033953
IMPROVED_BA_fee,24.782925851703407,0.10263320375872267
IMPROVED_BA_fee,24.802444889779558,0.10140786739766618
IMPROVED_BA_fee,24.821963927855712,0.10018231131364588
IMPROVED_BA_fee,24.841482965931863,0.09895581378025484
IMPROVED_BA_fee,24.861002004008014,0.09772773538344262
IMPROVED_BA_fee,24.88052104208417,0.09649752151706521
IMPROVED_BA_fee,24.90004008016032,0.09526470424343773
IMPROVED_BA_fee,24.919559118236474,0.09402890351745254
IMPROVED_BA_fee,24.939078156312625,0.09278982777698923
IMPROVED_BA_fee,24.95859719438878,0.09154727390670106
IMPROVED_BA_fee,24.97811623246493,0.09030112658690652
IMPROVED_BA_fee,24.997635270541082,0.08905135704405749
IMPROVED_BA_fee,25.017154308617236,0.08779802122415663
IMPROVED_BA_fee,25.036673346693387,0.08654125741540071
IMPROVED_BA_fee,25.05619238476954,0.08528128335115985
IMPROVED_BA_fee,25.075711422845693,0.08401839282911708
IMPROVED_BA_fee,25.095230460921844,0.08275295188679198
IMPROVED_BA_fee,25.114749498997995,0.0814853945777594
IMPROVED_BA_fee,25.13426853707415,0.08021621839646599
IMPROVED_BA_fee,25.1537875751503,0.07894597940259478
IMPROVED_BA_fee,25.17330661322645,0.07767528709831648
IMPROVED_BA_fee,25.192825651302606,0.07640479911346398
IMPROVED_BA_fee,25.212344689378757,0.0751352157545738
IMPROVED_BA_fee,25.23186372745491,0.07386727447383441
IMPROVED_BA_fee,25.251382765531062,0.07260174431328525
IMPROVED_BA_fee,25.270901803607217,0.07133942037804855
IMPROVED_BA_fee,25.290420841683368,0.07008111839006119
IMPROVED_BA_fee,25.30993987975952,0.06882766937068208
IMPROVED_BA_fee,25.329458917835673,0.06757991449679304
IMPROVED_BA_fee,25.348977955911824,0.06633870017063774
IMPROVED_BA_fee,25.368496993987975,0.06510487333877107
IMPROVED_BA_fee,25.38801603206413,0.0638792770902122
IMPROVED_BA_fee,25.40753507014028,0.0626627465583449
IMPROVED_BA_fee,25.42705410821643,0.061456105145355884
IMPROVED_BA_fee,25.446573146292586,0.06026016108224302
IMPROVED_BA_fee,25.466092184368737,0.059075704331684034
IMPROVED_BA_fee,25.48561122244489,0.05790350383551767
IMPROVED_BA_fee,25.505130260521042,0.05674430510330145
IMPROVED_BA_fee,25.524649298597197,0.05559882813346999
IMPROVED_BA_fee,25.544168336673348,0.05446776565411914
IMPROVED_BA_fee,25.5636873747495,0.05335178166640227
IMPROVED_BA_fee,25.583206412825653,0.0522515102700193
IMPROVED_BA_fee,25.602725450901804,0.05116755474732455
IMPROVED_BA_fee,25.622244488977955,0.05010048688016295
IMPROVED_BA_fee,25.64176352705411,0.049050846471724543
IMPROVED_BA_fee,25.66128256513026,0.048019141044390326
IMPROVED_BA_fee,25.68080160320641,0.047005845683789564
IMPROVED_BA_fee,25.700320641282566,0.046011402999016085
IMPROVED_BA_fee,25.719839679358717,0.04503622316914599
IMPROVED_BA_fee,25.739358717434868,0.04408068404683191
IMPROVED_BA_fee,25.758877755511023,0.04314513129078039
IMPROVED_BA_fee,25.778396793587174,0.04222987850032001
IMPROVED_BA_fee,25.797915831663328,0.04133520732698876
IMPROVED_BA_fee,25.81743486973948,0.04046136754013529
IMPROVED_BA_fee,25.836953907815634,0.03960857702584753
IMPROVED_BA_fee,25.856472945891785,0.03877702170114596
IMPROVED_BA_fee,25.875991983967936,0.037966855328242524
IMPROVED_BA_fee,25.89551102204409,0.0371781992167924
IMPROVED_BA_fee,25.91503006012024,0.03641114180541703
IMPROVED_BA_fee,25.934549098196392,0.0356657381173657
IMPROVED_BA_fee,25.954068136272546,0.03494200908897807
IMPROVED_BA_fee,25.973587174348697,0.034239940773601374
IMPROVED_BA_fee,25.99310621242485,0.033559483427760106
IMPROVED_BA_fee,26.012625250501003,0.03290055049067393
IMPROVED_BA_fee,26.032144288577154,0.03226301747256849
IMPROVED_BA_fee,26.051663326653305,0.031646720771627515
IMPROVED_BA_fee,26.07118236472946,0.03105145644377569
IMPROVED_BA_fee,26.090701402805614,0.030476978953704853
IMPROVED_BA_fee,26.110220440881765,0.02992299993955667
IMPROVED_BA_fee,26.129739478957916,0.029389187027364632
IMPROVED_BA_fee,26.14925851703407,0.028875162734609477
IMPROVED_BA_fee,26.16877755511022,0.028380503504961997
IMPROVED_BA_fee,26.188296593186372,0.0279047389183415
IMPROVED_BA_fee,26.207815631262527,0.0274473511217199
IMPROVED_BA_fee,26.227334669338678,0.027007774526519906
IMPROVED_BA_fee,26.24685370741483,0.026585395817923182
IMPROVED_BA_fee,26.266372745490983,0.026179554319830906
IMPROVED_BA_fee,26.285891783567134,0.025789542756553093
IMPROVED_BA_fee,26.305410821643285,0.025414608448515043
IMPROVED_BA_fee,26.32492985971944,0.02505395497435613
IMPROVED_BA_fee,26.34444889779559,0.024706744325785075
IMPROVED_BA_fee,26.363967935871745,0.024372099574499793
IMPROVED_BA_fee,26.383486973947896,0.024049108062487657
IMPROVED_BA_fee,26.40300601202405,0.023736825118197274
IMPROVED_BA_fee,26.4225250501002,0.023434278291589835
IMPROVED_BA_fee,26.442044088176353,0.023140472091112
IMPROVED_BA_fee,26.461563126252507,0.022854393195394687
IMPROVED_BA_fee,26.481082164328658,0.022575016102204012
IMPROVED_BA_fee,26.50060120240481,0.02230130916709273
IMPROVED_BA_fee,26.520120240480964,0.022032240974578177
IMPROVED_BA_fee,26.539639278557114,0.02176678697575584
IMPROVED_BA_fee,26.559158316633265,0.021503936318285455
IMPROVED_BA_fee,26.57867735470942,0.021242698787904322
IMPROVED_BA_fee,26.59819639278557,0.020982111775217773
IMPROVED_BA_fee,26.617715430861722,0.020721247177688737
IMPROVED_BA_fee,26.637234468937876,0.020459218144626968
IMPROVED_BA_fee,26.656753507014027,0.02019518557267192
IMPROVED_BA_fee,26.676272545090182,0.019928364260829303
IMPROVED_BA_fee,26.695791583166333,0.01965802863757095
IMPROVED_BA_fee,26.715310621242487,0.019383517977795278
IMPROVED_BA_fee,26.73482965931864,0.0191042410344908
IMPROVED_BA_fee,26.75434869739479,0.018819680018599814
IMPROVED_BA_fee,26.773867735470944,0.018529393870675297
IMPROVED_BA_fee,26.793386773547095,0.018233020779222366
IMPROVED_BA_fee,26.812905811623246,0.017930279912876296
IMPROVED_BA_fee,26.8324248496994,0.017620972346499085
IMPROVED_BA_fee,26.85194388777555,0.01730498117457617
IMPROVED_BA_fee,26.871462925851702,0.01698227081865161
IMPROVED_BA_fee,26.890981963927857,0.016652885548645448
IMPROVED_BA_fee,26.910501002004008,0.016316947250437284
IMPROVED_BA_fee,26.930020040080162,0.015974652483790534
IMPROVED_BA_fee,26.949539078156313,0.015626268885276934
IMPROVED_BA_fee,26.969058116232468,0.015272130980092249
IMPROVED_BA_fee,26.98857715430862,0.014912635474361644
IMPROVED_BA_fee,27.00809619238477,0.014548236105551329
IMPROVED_BA_fee,27.027615230460924,0.01417943813284682
IMPROVED_BA_fee,27.047134268537075,0.013806792551767401
IMPROVED_BA_fee,27.066653306613226,0.013430890117869935
IMPROVED_BA_fee,27.08617234468938,0.013052355263201627
IMPROVED_BA_fee,27.10569138276553,0.012671839986289223
IMPROVED_BA_fee,27.125210420841682,0.012290017792035245
IMPROVED_BA_fee,27.144729458917837,0.011907577752124282
IMPROVED_BA_fee,27.164248496993988,0.011525218749611417
IMPROVED_BA_fee,27.18376753507014,0.011143643963521998
IMPROVED_BA_fee,27.203286573146293,0.010763555640776802
IMPROVED_BA_fee,27.222805611222448,0.01038565019382454
IMPROVED_BA_fee,27.242324649298595,0.01001061365327772
IMPROVED_BA_fee,27.26184368737475,0.009639117495852851
IMPROVED_BA_fee,27.281362725450904,0.009271814859248627
IMPROVED_BA_fee,27.300881763527055,0.008909337147461815
IMPROVED_BA_fee,27.320400801603206,0.008552291022638402
IMPROVED_BA_fee,27.33991983967936,0.008201255773029723
IMPROVED_BA_fee,27.35943887775551,0.007856781041091176
IMPROVED_BA_fee,27.378957915831663,0.007519384891314789
IMPROVED_BA_fee,27.398476953907817,0.007189552194061959
IMPROVED_BA_fee,27.417995991983968,0.0068677332994706115
IMPROVED_BA_fee,27.43751503006012,0.006554342974424867
IMPROVED_BA_fee,27.457034068136274,0.006249759575533782
IMPROVED_BA_fee,27.476553106212428,0.00595432443197828
IMPROVED_BA_fee,27.496072144288576,0.005668341413833836
IMPROVED_BA_fee,27.51559118236473,0.005392076663933961
IMPROVED_BA_fee,27.535110220440885,0.005125758474347576
IMPROVED_BA_fee,27.554629258517036,0.00486957729194422
IMPROVED_BA_fee,27.574148296593187,0.004623685841156846
IMPROVED_BA_fee,27.59366733466934,0.004388199355754291
IMPROVED_BA_fee,27.613186372745492,0.004163195915050823
IMPROVED_BA_fee,27.632705410821643,0.0039487168833656815
IMPROVED_BA_fee,27.652224448897798,0.0037447674545704793
IMPROVED_BA_fee,27.67174348697395,0.0035513173061152694
IMPROVED_BA_fee,27.6912625250501,0.003368301368912138
IMPROVED_BA_fee,27.710781563126254,0.003195620720818485
IMPROVED_BA_fee,27.730300601202405,0.0030331436121448724
IMPROVED_BA_fee,27.749819639278556,0.0028807066316067042
IMPROVED_BA_fee,27.76933867735471,0.0027381160204410834
IMPROVED_BA_fee,27.788857715430865,0.0026051491410499753
IMPROVED_BA_fee,27.808376753507012,0.002481556104556599
IMPROVED_BA_fee,27.827895791583167,0.002367061559141317
IMPROVED_BA_fee,27.84741482965932,0.0022613666380392984
IMPROVED_BA_fee,27.866933867735472,0.002164151062732441
IMPROVED_BA_fee,27.886452905811623,0.0020750753932633976
IMPROVED_BA_fee,27.905971943887778,0.0019937834138528997
IMPROVED_BA_fee,27.92549098196393,0.0019199046382334841
IMPROVED_BA_fee,27.94501002004008,0.0018530569154452325
IMPROVED_BA_fee,27.964529058116234,0.0017928491133878924
IMPROVED_BA_fee,27.984048096192385,0.0017388838543016486
IMPROVED_BA_fee,28.003567134268536,0.0016907602736592302
IMPROVED_BA_fee,28.02308617234469,0.001648076771787308
IMPROVED_BA_fee,28.042605210420845,0.0016104337259728852
IMPROVED_BA_fee,28.062124248496993,0.0015774361299136011
IMPROVED_BA_fee,28.081643286573147,0.001548696127186129
IMPROVED_BA_fee,28.1011623246493,0.0015238354059601918
IMPROVED_BA_fee,28.120681362725453,0.0015024874234858387
IMPROVED_BA_fee,28.140200400801604,0.0014842994309180707
IMPROVED_BA_fee,28.159719438877758,0.0014689342717844824
IMPROVED_BA_fee,28.17923847695391,0.0014560719308002446
IMPROVED_BA_fee,28.19875751503006,0.0014454108137242178
IMPROVED_BA_fee,28.218276553106215,0.0014366687434482466
IMPROVED_BA_fee,28.237795591182365,0.001429583662422668
IMPROVED_BA_fee,28.257314629258516,0.001423914036736998
IMPROVED_BA_fee,28.27683366733467,0.0014194389625787854
IMPROVED_BA_fee,28.296352705410822,0.0014159579812621217
IMPROVED_BA_fee,28.315871743486973,0.0014132906144239494
IMPROVED_BA_fee,28.335390781563127,0.001411275636203854
IMPROVED_BA_fee,28.354909819639282,0.0014097701041277692
IMPROVED_BA_fee,28.37442885771543,0.0014086481748901071
IMPROVED_BA_fee,28.393947895791584,0.0014077997351639629
IMPROVED_BA_fee,28.41346693386774,0.0014071288808681932
IMPROVED_BA_fee,28.43298597194389,0.0014065522809023937
IMPROVED_BA_fee,28.45250501002004,0.001405997463160467
IMPROVED_BA_fee,28.472024048096195,0.00140540106160501
IMPROVED_BA_fee,28.491543086172346,0.0014047070633019698
IMPROVED_BA_fee,28.511062124248497,0.0014038650935730005
IMPROVED_BA_fee,28.53058116232465,0.001402828775837982
IMPROVED_BA_fee,28.550100200400802,0.00140155420032951
IMPROVED_BA_fee,28.569619238476953,0.0013999985327222235
IMPROVED_BA_fee,28.589138276553108,0.0013981187899088766
IMPROVED_BA_fee,28.608657314629262,0.0013958708057649118
IMPROVED_BA_fee,28.62817635270541,0.001393208404881617
IMPROVED_BA_fee,28.647695390781564,0.0013900827970334973
IMPROVED_BA_fee,28.66721442885772,0.0013864421997061957
IMPROVED_BA_fee,28.68673346693387,0.0013822316904793352
IMPROVED_BA_fee,28.70625250501002,0.0013773932855687641
IMPROVED_BA_fee,28.725771543086175,0.001371866235516627
IMPROVED_BA_fee,28.745290581162326,0.0013655875240025988
IMPROVED_BA_fee,28.764809619238477,0.0013584925511530563
IMPROVED_BA_fee,28.78432865731463,0.00135051597865319
IMPROVED_BA_fee,28.803847695390782,0.0013415927105111581
IMPROVED_BA_fee,28.823366733466933,0.0013316589805577484
IMPROVED_BA_fee,28.842885771543088,0.0013206535157454609
IMPROVED_BA_fee,28.86240480961924,0.0013085187430726239
IMPROVED_BA_fee,28.88192384769539,0.0012952020075165844
IMPROVED_BA_fee,28.901442885771544,0.0012806567687089466
IMPROVED_BA_fee,28.9209619238477,0.0012648437451995456
IMPROVED_BA_fee,28.940480961923846,0.0012477319769890788
IMPROVED_BA_fee,28.96,0.001229299779500602
IMPROVED_AMM_fee,24.35,0.004808009981681276
IMPROVED_AMM_fee,24.365110220440883,0.004998222083911925
IMPROVED_AMM_fee,24.380220440881764,0.005194614377850182
IMPROVED_AMM_fee,24.395330661322646,0.00539770367199782
IMPROVED_AMM_fee,24.410440881763527,0.005608052696213761
IMPROVED_AMM_fee,24.42555110220441,0.005826268825138494
IMPROVED_AMM_fee,24.44066132264529,0.0060530022334683384
IMPROVED_AMM_fee,24.455771543086176,0.006288943477695897
IMPROVED_AMM_fee,24.470881763527057,0.006534820505695056
IMPROVED_AMM_fee,24.48599198396794,0.006791395102432619
IMPROVED_AMM_fee,24.50110220440882,0.007059458787036633
IMPROVED_AMM_fee,24.5162124248497,0.00733982818337184
IMPROVED_AMM_fee,24.531322645290583,0.007633339893059947
IMPROVED_AMM_fee,24.546432865731465,0.007940844906470866
IMPROVED_AMM_fee,24.561543086172346,0.008263202593511574
IMPROVED_AMM_fee,24.576653306613228,0.008601274321982237
IMPROVED_AMM_fee,24.59176352705411,0.0089559167567865
IMPROVED_AMM_fee,24.60687374749499,0.009327974898308852
IMPROVED_AMM_fee,24.621983967935872,0.009718274922759219
IMPROVED_AMM_fee,24.637094188376754,0.010127616891172284
IMPROVED_AMM_fee,24.652204408817635,0.010556767397006506
IMPROVED_AMM_fee,24.66731462925852,0.011006452224869649
IMPROVED_AMM_fee,24.6824248496994,0.011477349094779061
IMPROVED_AMM_fee,24.697535070140283,0.011970080567519506
IMPROVED_AMM_fee,24.712645290581165,0.012485207187069336
IMPROVED_AMM_fee,24.727755511022046,0.01302322093571549
IMPROVED_AMM_fee,24.742865731462928,0.013584539076356665
IMPROVED_AMM_fee,24.75797595190381,0.01416949845459958
IMPROVED_AMM_fee,24.77308617234469,0.014778350330583865
IMPROVED_AMM_fee,24.788196392785572,0.015411255807025608
IMPROVED_AMM_fee,24.803306613226454,0.01606828191576823
IMPROVED_AMM_fee,24.818416833667335,0.016749398420165467
IMPROVED_AMM_fee,24.833527054108217,0.017454475384927972
IMPROVED_AMM_fee,24.848637274549098,0.018183281558658306
IMPROVED_AMM_fee,24.86374749498998,0.018935483607205414
IMPROVED_AMM_fee,24.878857715430865,0.01971064622823297
IMPROVED_AMM_fee,24.893967935871746,0.02050823316904346
IMPROVED_AMM_fee,24.909078156312628,0.021327609160819196
IMPROVED_AMM_fee,24.92418837675351,0.022168042773040235
IMPROVED_AMM_fee,24.93929859719439,0.023028710182054598
IMPROVED_AMM_fee,24.954408817635272,0.023908699837644296
IMPROVED_AMM_fee,24.969519038076154,0.024807018001076854
IMPROVED_AMM_fee,24.984629258517035,0.02572259511765107
IMPROVED_AMM_fee,24.999739478957917,0.026654292976284667
IMPROVED_AMM_fee,25.0148496993988,0.02760091259834867
IMPROVED_AMM_fee,25.02995991983968,0.028561202787919324
IMPROVED_AMM_fee,25.04507014028056,0.02953386926601562
IMPROVED_AMM_fee,25.060180360721443,0.030517584302406964
IMPROVED_AMM_fee,25.075290581162324,0.03151099675037642
IMPROVED_AMM_fee,25.09040080160321,0.03251274238257777
IMPROVED_AMM_fee,25.10551102204409,0.03352145442002764
IMPROVED_AMM_fee,25.120621242484972,0.03453577414147099
IMPROVED_AMM_fee,25.135731462925854,0.035554361457022635
IMPROVED_AMM_fee,25.150841683366735,0.03657590532828857
IMPROVED_AMM_fee,25.165951903807617,0.03759913391719319
IMPROVED_AMM_fee,25.1810621242485,0.038622824347648486
IMPROVED_AMM_fee,25.19617234468938,0.03964581196802111
IMPROVED_AMM_fee,25.21128256513026,0.04066699900817588
IMPROVED_AMM_fee,25.226392785571143,0.04168536253267773
IMPROVED_AMM_fee,25.241503006012024,0.04269996160150961
IMPROVED_AMM_fee,25.256613226452906,0.043709943561312185
IMPROVED_AMM_fee,25.271723446893787,0.044714549403567845
IMPROVED_AMM_fee,25.28683366733467,0.04571311814116549
IMPROVED_AMM_fee,25.301943887775554,0.04670509017115628
IMPROVED_AMM_fee,25.317054108216436,0.04769000960900204
IMPROVED_AMM_fee,25.332164328657317,0.04866752559791693
IMPROVED_AMM_fee,25.3472745490982,0.049637392615636856
IMPROVED_AMM_fee,25.36238476953908,0.05059946981977674
IMPROVED_AMM_fee,25.37749498997996,0.05155371949142228
IMPROVED_AMM_fee,25.392605210420843,0.05250020465431858
IMPROVED_AMM_fee,25.407715430861725,0.05343908596355173
IMPROVED_AMM_fee,25.422825651302606,0.054370617972515495
IMPROVED_AMM_fee,25.437935871743488,0.05529514489980124
IMPROVED_AMM_fee,25.45304609218437,0.056213096028051156
IMPROVED_AMM_fee,25.46815631262525,0.05712498087439538
IMPROVED_AMM_fee,25.483266533066132,0.05803138427656798
IMPROVED_AMM_fee,25.498376753507017,0.05893296153986748
IMPROVED_AMM_fee,25.5134869739479,0.059830433787642204
IMPROVED_AMM_fee,25.52859719438878,0.06072458365181774
IMPROVED_AMM_fee,25.54370741482966,0.06161625143008729
IMPROVED_AMM_fee,25.558817635270543,0.06250633182288537
IMPROVED_AMM_fee,25.573927855711425,0.06339577134623088
IMPROVED_AMM_fee,25.589038076152306,0.06428556649628676
IMPROVED_AMM_fee,25.604148296593188,0.06517676271833207
IMPROVED_AMM_fee,25.61925851703407,0.06607045420723365
IMPROVED_AMM_fee,25.63436873747495,0.06696778453895136
IMPROVED_AMM_fee,25.649478957915832,0.06786994810368824
IMPROVED_AMM_fee,25.664589178356714,0.06877819228169116
IMPROVED_AMM_fee,25.679699398797595,0.06969382027305666
IMPROVED_AMM_fee,25.694809619238477,0.07061819446400992
IMPROVED_AMM_fee,25.70991983967936,0.07155274018468231
IMPROVED_AMM_fee,25.725030060120243,0.07249894968820614
IMPROVED_AMM_fee,25.740140280561125,0.07345838615867921
IMPROVED_AMM_fee,25.755250501002006,0.07443268753692615
IMPROVED_AMM_fee,25.770360721442888,0.07542356993860735
IMPROVED_AMM_fee,25.78547094188377,0.07643283042968285
IMPROVED_AMM_fee,25.80058116232465,0.07746234891994534
IMPROVED_AMM_fee,25.815691382765532,0.07851408893669268
IMPROVED_AMM_fee,25.830801603206414,0.07959009704780183
IMPROVED_AMM_fee,25.845911823647295,0.08069250071662167
IMPROVED_AMM_fee,25.861022044088177,0.08182350439018699
IMPROVED_AMM_fee,25.87613226452906,0.08298538364706912
IMPROVED_AMM_fee,25.89124248496994,0.0841804772614294
IMPROVED_AMM_fee,25.90635270541082,0.0854111770750577
IMPROVED_AMM_fee,25.921462925851706,0.08667991560878592
IMPROVED_AMM_fee,25.936573146292588,0.08798915138793606
IMPROVED_AMM_fee,25.95168336673347,0.08934135200261542
IMPROVED_AMM_fee,25.96679358717435,0.09073897497176771
IMPROVED_AMM_fee,25.981903807615232,0.09218444652897347
IMPROVED_AMM_fee,25.997014028056114,0.0936801384970337
IMPROVED_AMM_fee,26.012124248496995,0.09522834346631716
IMPROVED_AMM_fee,26.027234468937877,0.09683124853762515
IMPROVED_AMM_fee,26.04234468937876,0.0984909079329515
IMPROVED_AMM_fee,26.05745490981964,0.10020921481590184
IMPROVED_AMM_fee,26.07256513026052,0.1019878726968837
IMPROVED_AMM_fee,26.087675350701403,0.10382836682554962
IMPROVED_AMM_fee,26.102785571142284,0.10573193599373175
IMPROVED_AMM_fee,26.117895791583166,0.10769954518563679
IMPROVED_AMM_fee,26.133006012024047,0.10973185951789959
IMPROVED_AMM_fee,26.148116232464933,0.11182921991004252
IMPROVED_AMM_fee,26.163226452905814,0.11399162091568638
IMPROVED_AMM_fee,26.178336673346696,0.11621869112674388
IMPROVED_AMM_fee,26.193446893787577,0.1185096765368376
IMPROVED_AMM_fee,26.20855711422846,0.1208634272168601
IMPROVED_AMM_fee,26.22366733466934,0.1232783876154023
IMPROVED_AMM_fee,26.23877755511022,0.12575259075040462
IMPROVED_AMM_fee,26.253887775551103,0.12828365650670745
IMPROVED_AMM_fee,26.268997995991985,0.1308687941980811
IMPROVED_AMM_fee,26.284108216432866,0.13350480949283391
IMPROVED_AMM_fee,26.299218436873748,0.13618811574034262
IMPROVED_AMM_fee,26.31432865731463,0.13891474967291398
IMPROVED_AMM_fee,26.32943887775551,0.14168039139447686
IMPROVED_AMM_fee,26.344549098196396,0.1444803885057946
IMPROVED_AMM_fee,26.359659318637277,0.14730978415632784
IMPROVED_AMM_fee,26.37476953907816,0.1501633487566328
IMPROVED_AMM_fee,26.38987975951904,0.15303561503313554
IMPROVED_AMM_fee,26.40498997995992,0.15592091606023545
IMPROVED_AMM_fee,26.420100200400803,0.15881342586368616
IMPROVED_AMM_fee,26.435210420841685,0.1617072021546287
IMPROVED_AMM_fee,26.450320641282566,0.1645962307260945
IMPROVED_AMM_fee,26.465430861723448,0.16747447102350574
IMPROVED_AMM_fee,26.48054108216433,0.17033590238785837
IMPROVED_AMM_fee,26.49565130260521,0.17317457046497645
IMPROVED_AMM_fee,26.510761523046092,0.17598463327622652
IMPROVED_AMM_fee,26.525871743486974,0.17876040645529398
IMPROVED_AMM_fee,26.540981963927855,0.18149640717148746
IMPROVED_AMM_fee,26.556092184368737,0.18418739628221772
IMPROVED_AMM_fee,26.571202404809622,0.18682841828511712
IMPROVED_AMM_fee,26.586312625250503,0.18941483867306702
IMPROVED_AMM_fee,26.601422845691385,0.1919423783325378
IMPROVED_AMM_fee,26.616533066132266,0.19440714466623107
IMPROVED_AMM_fee,26.631643286573148,0.19680565916439938
IMPROVED_AMM_fee,26.64675350701403,0.19913488119452946
IMPROVED_AMM_fee,26.66186372745491,0.2013922278255702
IMPROVED_AMM_fee,26.676973947895792,0.2035755895498893
IMPROVED_AMM_fee,26.692084168336674,0.20568334181281034
IMPROVED_AMM_fee,26.707194388777555,0.20771435230552363
IMPROVED_AMM_fee,26.722304609218437,0.20966798402153095
IMPROVED_AMM_fee,26.73741482965932,0.21154409411931915
IMPROVED_AMM_fee,26.752525050100203,0.21334302867410354
IMPROVED_AMM_fee,26.767635270541085,0.2150656134389316
IMPROVED_AMM_fee,26.782745490981966,0.2167131407699449
IMPROVED_AMM_fee,26.797855711422848,0.21828735290192394
IMPROVED_AMM_fee,26.81296593186373,0.21979042178830654
IMPROVED_AMM_fee,26.82807615230461,0.2212249257445726
IMPROVED_AMM_fee,26.843186372745492,0.22259382315523205
IMPROVED_AMM_fee,26.858296593186374,0.22390042352265807
IMPROVED_AMM_fee,26.873406813627255,0.2251483561507998
IMPROVED_AMM_fee,26.888517034068137,0.226341536768356
IMPROVED_AMM_fee,26.90362725450902,0.22748413240462687
IMPROVED_AMM_fee,26.9187374749499,0.22858052483688085
IMPROVED_AMM_fee,26.93384769539078,0.22963527293103478
IMPROVED_AMM_fee,26.948957915831663,0.23065307419772962
IMPROVED_AMM_fee,26.964068136272545,0.23163872588377604
IMPROVED_AMM_fee,26.97917835671343,0.23259708591446762
IMPROVED_AMM_fee,26.99428857715431,0.2335330339956197
IMPROVED_AMM_fee,27.009398797595193,0.23445143317553588
IMPROVED_AMM_fee,27.024509018036074,0.23535709215645778
IMPROVED_AMM_fee,27.039619238476956,0.23625472863268118
IMPROVED_AMM_fee,27.054729458917837,0.23714893391840766
IMPROVED_AMM_fee,27.06983967935872,0.23804413911274896
IMPROVED_AMM_fee,27.0849498997996,0.23894458303221844
IMPROVED_AMM_fee,27.10006012024048,0.2398542821226039
IMPROVED_AMM_fee,27.115170340681363,0.24077700254257023
IMPROVED_AMM_fee,27.130280561122245,0.24171623459066385
IMPROVED_AMM_fee,27.145390781563126,0.24267516962593136
IMPROVED_AMM_fee,27.16050100200401,0.24365667961010043
IMPROVED_AMM_fee,27.175611222444893,0.24466329937654385
IMPROVED_AMM_fee,27.190721442885774,0.24569721170809955
IMPROVED_AMM_fee,27.205831663326656,0.24676023528255053
IMPROVED_AMM_fee,27.220941883767537,0.24785381552130298
IMPROVED_AMM_fee,27.23605210420842,0.24897901835380956
IMPROVED_AMM_fee,27.2511623246493,0.25013652688765886
IMPROVED_AMM_fee,27.26627254509018,0.251326640952315
IMPROVED_AMM_fee,27.281382765531063,0.25254927946331635
IMPROVED_AMM_fee,27.296492985971945,0.25380398553354905
IMPROVED_AMM_fee,27.311603206412826,0.255089934239183
IMPROVED_AMM_fee,27.326713426853708,0.25640594293001134
IMPROVED_AMM_fee,27.34182364729459,0.25775048395757866
IMPROVED_AMM_fee,27.35693386773547,0.2591216996794677
IMPROVED_AMM_fee,27.372044088176352,0.26051741958474023
IMPROVED_AMM_fee,27.387154308617234,0.2619351793736385
IMPROVED_AMM_fee,27.40226452905812,0.26337224181441005
IMPROVED_AMM_fee,27.417374749499,0.26482561919139636
IMPROVED_AMM_fee,27.432484969939882,0.26629209715145924
IMPROVED_AMM_fee,27.447595190380763,0.2677682597500994
IMPROVED_AMM_fee,27.462705410821645,0.2692505154945769
IMPROVED_AMM_fee,27.477815631262526,0.27073512417846884
IMPROVED_AMM_fee,27.492925851703408,0.2722182243007348
IMPROVED_AMM_fee,27.50803607214429,0.27369586086211545
IMPROVED_AMM_fee,27.52314629258517,0.2751640133326875
IMPROVED_AMM_fee,27.538256513026052,0.27661862358651323
IMPROVED_AMM_fee,27.553366733466934,0.27805562360245895
IMPROVED_AMM_fee,27.568476953907815,0.2794709627344463
IMPROVED_AMM_fee,27.5835871743487,0.28086063435955944
IMPROVED_AMM_fee,27.598697394789582,0.28222070171853225
IMPROVED_AMM_fee,27.613807615230463,0.2835473227702377
IMPROVED_AMM_fee,27.628917835671345,0.28483677388982404
IMPROVED_AMM_fee,27.644028056112226,0.2860854722491431
IMPROVED_AMM_fee,27.659138276553108,0.2872899967281451
IMPROVED_AMM_fee,27.67424849699399,0.28844710721691197
IMPROVED_AMM_fee,27.68935871743487,0.2895537621801019
IMPROVED_AMM_fee,27.704468937875752,0.2906071343687011
IMPROVED_AMM_fee,27.719579158316634,0.2916046245782018
IMPROVED_AMM_fee,27.734689378757515,0.2925438733676398
IMPROVED_AMM_fee,27.749799599198397,0.2934227706702583
IMPROVED_AMM_fee,27.76490981963928,0.2942394632439607
IMPROVED_AMM_fee,27.78002004008016,0.29499235992803285
IMPROVED_AMM_fee,27.79513026052104,0.29568013469179605
IMPROVED_AMM_fee,27.810240480961923,0.29630172748075184
IMPROVED_AMM_fee,27.825350701402808,0.2968563428862815
IMPROVED_AMM_fee,27.84046092184369,0.2973434466857905
IMPROVED_AMM_fee,27.85557114228457,0.2977627603212284
IMPROVED_AMM_fee,27.870681362725453,0.29811425340482234
IMPROVED_AMM_fee,27.885791583166334,0.29839813436142787
IMPROVED_AMM_fee,27.900901803607216,0.29861483933676464
IMPROVED_AMM_fee,27.916012024048097,0.2987650195197307
IMPROVED_AMM_fee,27.93112224448898,0.29884952704454076
IMPROVED_AMM_fee,27.94623246492986,0.29886939965442777
IMPROVED_AMM_fee,27.96134268537074,0.29882584432258175
IMPROVED_AMM_fee,27.976452905811623,0.2987202200377431
IMPROVED_AMM_fee,27.991563126252505,0.2985540199709835
IMPROVED_AMM_fee,28.00667334669339,0.29832885324651404
IMPROVED_AMM_fee,28.02178356713427,0.2980464265426103
IMPROVED_AMM_fee,28.036893787575153,0.2977085257487573
IMPROVED_AMM_fee,28.052004008016034,0.2973169979017581
IMPROVED_AMM_fee,28.067114228456916,0.296873733616779
IMPROVED_AMM_fee,28.082224448897797,0.29638065021910015
IMPROVED_AMM_fee,28.09733466933868,0.29583967576876063
IMPROVED_AMM_fee,28.11244488977956,0.29525273415352005
IMPROVED_AMM_fee,28.12755511022044,0.2946217314057351
IMPROVED_AMM_fee,28.142665330661323,0.29394854337625365
IMPROVED_AMM_fee,28.157775551102205,0.29323500487352466
IMPROVED_AMM_fee,28.172885771543086,0.2924829003492627
IMPROVED_AMM_fee,28.187995991983968,0.29169395618371824
IMPROVED_AMM_fee,28.20310621242485,0.290869834594295
IMPROVED_AMM_fee,28.21821643286573,0.2900121291616121
IMPROVED_AMM_fee,28.233326653306616,0.28912236193763086
IMPROVED_AMM_fee,28.248436873747497,0.2882019820718506
IMPROVED_AMM_fee,28.26354709418838,0.2872523658643008
IMPROVED_AMM_fee,28.27865731462926,0.2862748181288717
IMPROVED_AMM_fee,28.293767535070142,0.28527057472786327
IMPROVED_AMM_fee,28.308877755511023,0.2842408061190606
IMPROVED_AMM_fee,28.323987975951905,0.2831866217406534
IMPROVED_AMM_fee,28.339098196392786,0.2821090750472142
IMPROVED_AMM_fee,28.354208416833668,0.2810091690021412
IMPROVED_AMM_fee,28.36931863727455,0.2798878618285157
IMPROVED_AMM_fee,28.38442885771543,0.2787460728215112
IMPROVED_AMM_fee,28.399539078156312,0.2775846880311205
IMPROVED_AMM_fee,28.414649298597197,0.27640456563405885
IMPROVED_AMM_fee,28.42975951903808,0.27520654082795837
IMPROVED_AMM_fee,28.44486973947896,0.27399143009905075
IMPROVED_AMM_fee,28.459979959919842,0.2727600347360533
IMPROVED_AMM_fee,28.475090180360723,0.2715131434873071
IMPROVED_AMM_fee,28.490200400801605,0.27025153428484605
IMPROVED_AMM_fee,28.505310621242486,0.2689759749872492
IMPROVED_AMM_fee,28.520420841683368,0.26768722312220444
IMPROVED_AMM_fee,28.53553106212425,0.26638602463882616
IMPROVED_AMM_fee,28.55064128256513,0.2650731117083377
IMPROVED_AMM_fee,28.565751503006013,0.263749199638805
IMPROVED_AMM_fee,28.580861723446894,0.2624149829947161
IMPROVED_AMM_fee,28.595971943887776,0.26107113103447677
IMPROVED_AMM_fee,28.611082164328657,0.259718282597953
IMPROVED_AMM_fee,28.62619238476954,0.258357040591427
IMPROVED_AMM_fee,28.64130260521042,0.25698796622846176
IMPROVED_AMM_fee,28.6564128256513,0.25561157319187966
IMPROVED_AMM_fee,28.671523046092187,0.25422832188426525
IMPROVED_AMM_fee,28.686633266533068,0.2528386139320903
IMPROVED_AMM_fee,28.70174348697395,0.2514427871018627
IMPROVED_AMM_fee,28.71685370741483,0.25004111077586505
IMPROVED_AMM_fee,28.731963927855713,0.24863378212048673
IMPROVED_AMM_fee,28.747074148296594,0.24722092306228546
IMPROVED_AMM_fee,28.762184368737476,0.2458025781663423
IMPROVED_AMM_fee,28.777294589178357,0.2443787134888403
IMPROVED_AMM_fee,28.79240480961924,0.24294921645175022
IMPROVED_AMM_fee,28.80751503006012,0.24151389676278878
IMPROVED_AMM_fee,28.822625250501005,0.24007248837915013
IMPROVED_AMM_fee,28.837735470941887,0.23862465248956788
IMPROVED_AMM_fee,28.852845691382768,0.23716998146672139
IMPROVED_AMM_fee,28.86795591182365,0.2357080037215119
IMPROVED_AMM_fee,28.88306613226453,0.23423818937265764
IMPROVED_AMM_fee,28.898176352705413,0.23275995663007562
IMPROVED_AMM_fee,28.913286573146294,0.23127267877869195
IMPROVED_AMM_fee,28.928396793587176,0.22977569164105896
IMPROVED_AMM_fee,28.943507014028057,0.22826830139243084
IMPROVED_AMM_fee,28.95861723446894,0.2267497926007975
IMPROVED_AMM_fee,28.97372745490982,0.22521943636661984
IMPROVED_AMM_fee,28.9888376753507,0.22367649844242896
IMPROVED_AMM_fee,29.003947895791583,0.22212024722067814
IMPROVED_AMM_fee,29.019058116232465,0.22054996148891323
IMPROVED_AMM_fee,29.034168336673346,0.21896493786385185
IMPROVED_AMM_fee,29.049278557114228,0.21736449782996264
IMPROVED_AMM_fee,29.06438877755511,0.2157479943229304
IMPROVED_AMM_fee,29.07949899799599,0.21411481781350641
IMPROVED_AMM_fee,29.094609218436876,0.2124644018621074
IMPROVED_AMM_fee,29.109719438877757,0.2107962281286528
IMPROVED_AMM_fee,29.12482965931864,0.209109830835062
IMPROVED_AMM_fee,29.13993987975952,0.20740480068920572
IMPROVED_AMM_fee,29.155050100200402,0.20568078828858546
IMPROVED_AMM_fee,29.170160320641283,0.2039375070294335
IMPROVED_AMM_fee,29.185270541082165,0.2021747355521079
IMPROVED_AMM_fee,29.200380761523046,0.20039231975661673
IMPROVED_AMM_fee,29.215490981963928,0.1985901744228923
IMPROVED_AMM_fee,29.23060120240481,0.1967682844691619
IMPROVED_AMM_fee,29.245711422845694,0.19492670587873231
IMPROVED_AMM_fee,29.260821643286576,0.19306556632090033
IMPROVED_AMM_fee,29.275931863727457,0.19118506548598463
IMPROVED_AMM_fee,29.29104208416834,0.18928547514790844
IMPROVED_AMM_fee,29.30615230460922,0.1873671389608377
IMPROVED_AMM_fee,29.321262525050102,0.1854304719894469
IMPROVED_AMM_fee,29.336372745490984,0.18347595996585728
IMPROVED_AMM_fee,29.351482965931865,0.1815041582605274
IMPROVED_AMM_fee,29.366593186372747,0.17951569054971944
IMPROVED_AMM_fee,29.381703406813628,0.17751124715882197
IMPROVED_AMM_fee,29.39681362725451,0.17549158305912246
IMPROVED_AMM_fee,29.41192384769539,0.17345751549555263
IMPROVED_AMM_fee,29.427034068136273,0.1714099212247223
IMPROVED_AMM_fee,29.442144288577154,0.16934973334605652
IMPROVED_AMM_fee,29.457254509018036,0.16727793771411886
IMPROVED_AMM_fee,29.472364729458917,0.16519556892691353
IMPROVED_AMM_fee,29.4874749498998,0.16310370589312406
IMPROVED_AMM_fee,29.502585170340684,0.16100346699037119
IMPROVED_AMM_fee,29.517695390781565,0.1588960048365354
IMPROVED_AMM_fee,29.532805611222447,0.15678250070651706
IMPROVED_AMM_fee,29.547915831663328,0.15466415863726424
IMPROVED_AMM_fee,29.56302605210421,0.15254219927397353
IMPROVED_AMM_fee,29.57813627254509,0.15041785351985673
IMPROVED_AMM_fee,29.593246492985973,0.14829235606030836
IMPROVED_AMM_fee,29.608356713426854,0.1461669388394698
IMPROVED_AMM_fee,29.623466933867736,0.14404282457275314
IMPROVED_AMM_fee,29.638577154308617,0.14192122038264737
IMPROVED_AMM_fee,29.6536873747495,0.1398033116469613
IMPROVED_AMM_fee,29.668797595190384,0.13769025614833555
IMPROVED_AMM_fee,29.683907815631265,0.13558317861150937
IMPROVED_AMM_fee,29.699018036072147,0.1334831657102652
IMPROVED_AMM_fee,29.71412825651303,0.13139126161947706
IMPROVED_AMM_fee,29.72923847695391,0.12930846417921
IMPROVED_AMM_fee,29.74434869739479,0.12723572172766914
IMPROVED_AMM_fee,29.759458917835673,0.12517393064815052
IMPROVED_AMM_fee,29.774569138276554,0.12312393366228983
IMPROVED_AMM_fee,29.789679358717436,0.12108651888811867
IMPROVED_AMM_fee,29.804789579158317,0.11906241966710626
IMPROVED_AMM_fee,29.8198997995992,0.11705231514971894
IMPROVED_AMM_fee,29.83501002004008,0.11505683161454894
IMPROVED_AMM_fee,29.850120240480962,0.11307654448193172
IMPROVED_AMM_fee,29.865230460921843,0.11111198096965744
IMPROVED_AMM_fee,29.880340681362725,0.10916362332606562
IMPROVED_AMM_fee,29.895450901803606,0.10723191256486106
IMPROVED_AMM_fee,29.910561122244488,0.10531725261657397
IMPROVED_AMM_fee,29.925671342685373,0.10342001480396583
IMPROVED_AMM_fee,29.940781563126254,0.10154054254297969
IMPROVED_AMM_fee,29.955891783567136,0.09967915616716136
IMPROVED_AMM_fee,29.971002004008017,0.0978361577719644
IMPROVED_AMM_fee,29.9861122244489,0.0960118359759143
IMPROVED_AMM_fee,30.00122244488978,0.09420647049833156
IMPROVED_AMM_fee,30.016332665330662,0.09242033645805958
IMPROVED_AMM_fee,30.031442885771543,0.09065370830430798
IMPROVED_AMM_fee,30.046553106212425,0.08890686329919778
IMPROVED_AMM_fee,30.061663326653306,0.08718008448163941
IMPROVED_AMM_fee,30.07677354709419,0.08547366305359662
IMPROVED_AMM_fee,30.091883767535073,0.08378790014235768
IMPROVED_AMM_fee,30.106993987975954,0.08212310790585277
IMPROVED_AMM_fee,30.122104208416836,0.08047960996207189
IMPROVED_AMM_fee,30.137214428857718,0.07885774113793784
IMPROVED_AMM_fee,30.1523246492986,0.0772578465473022
IMPROVED_AMM_fee,30.16743486973948,0.07568028002173707
IMPROVED_AMM_fee,30.182545090180362,0.07412540193123537
IMPROVED_AMM_fee,30.197655310621244,0.07259357644451107
IMPROVED_AMM_fee,30.212765531062125,0.07108516829007763
IMPROVED_AMM_fee,30.227875751503007,0.06960053908940442
IMPROVED_AMM_fee,30.242985971943888,0.06814004334206272
IMPROVED_AMM_fee,30.25809619238477,0.06670402414964864
IMPROVED_AMM_fee,30.27320641282565,0.06529280877029711
IMPROVED_AMM_fee,30.288316633266533,0.06390670409868263
IMPROVED_AMM_fee,30.303426853707414,0.062545992167461
IMPROVED_AMM_fee,30.318537074148296,0.06121092576515535
IMPROVED_AMM_fee,30.333647294589177,0.059901724262502794
IMPROVED_AMM_fee,30.348757515030062,0.058618569734390495
IMPROVED_AMM_fee,30.363867735470944,0.05736160345776537
IMPROVED_AMM_fee,30.378977955911825,0.05613092285748081
IMPROVED_AMM_fee,30.394088176352707,0.05492657896214486
IMPROVED_AMM_fee,30.409198396793588,0.05374857442081816
IMPROVED_AMM_fee,30.42430861723447,0.052596862119197785
IMPROVED_AMM_fee,30.43941883767535,0.05147134442092434
IMPROVED_AMM_fee,30.454529058116233,0.050371873046183555
IMPROVED_AMM_fee,30.469639278557114,0.04929824958613346
IMPROVED_AMM_fee,30.484749498997996,0.04825022663818141
IMPROVED_AMM_fee,30.49985971943888,0.04722750953406459
IMPROVED_AMM_fee,30.514969939879762,0.046229758620350815
IMPROVED_AMM_fee,30.530080160320644,0.04525659203965191
IMPROVED_AMM_fee,30.545190380761525,0.04430758895080905
IMPROVED_AMM_fee,30.560300601202407,0.04338229311775257
IMPROVED_AMM_fee,30.57541082164329,0.04248021678991663
IMPROVED_AMM_fee,30.59052104208417,0.04160084479210545
IMPROVED_AMM_fee,30.60563126252505,0.0407436387387068
IMPROVED_AMM_fee,30.620741482965933,0.03990804128619108
IMPROVED_AMM_fee,30.635851703406814,0.039093480338931785
IMPROVED_AMM_fee,30.650961923847696,0.03829937312651186
IMPROVED_AMM_fee,30.666072144288577,0.0375251300757573
IMPROVED_AMM_fee,30.68118236472946,0.03677015840762766
IMPROVED_AMM_fee,30.69629258517034,0.0360338653976363
IMPROVED_AMM_fee,30.711402805611222,0.03531566124842725
IMPROVED_AMM_fee,30.726513026052103,0.034614961534278836
IMPROVED_AMM_fee,30.741623246492985,0.03393118918933246
IMPROVED_AMM_fee,30.75673346693387,0.033263776023960086
IMPROVED_AMM_fee,30.77184368737475,0.032612163766569266
IMPROVED_AMM_fee,30.786953907815633,0.031975804640963744
IMPROVED_AMM_fee,30.802064128256514,0.03135416150181332
IMPROVED_AMM_fee,30.817174348697396,0.03074670756251045
IMPROVED_AMM_fee,30.832284569138277,0.030152925760417018
IMPROVED_AMM_fee,30.84739478957916,0.02957230781394551
IMPROVED_AMM_fee,30.86250501002004,0.029004353033845926
IMPROVED_AMM_fee,30.877615230460922,0.028448566957276038
IMPROVED_AMM_fee,30.892725450901803,0.02790445987755776
IMPROVED_AMM_fee,30.907835671342685,0.027371545344871528
IMPROVED_AMM_fee,30.92294589178357,0.02684933871344484
IMPROVED_AMM_fee,30.93805611222445,0.026337355809051777
IMPROVED_AMM_fee,30.953166332665333,0.025835111786911124
IMPROVED_AMM_fee,30.968276553106215,0.025342120244453474
IMPROVED_AMM_fee,30.983386773547096,0.024857892646059004
IMPROVED_AMM_fee,30.998496993987978,0.02438193810796926
IMPROVED_AMM_fee,31.01360721442886,0.023913763581354976
IMPROVED_AMM_fee,31.02871743486974,0.023452874460265068
IMPROVED_AMM_fee,31.043827655310622,0.02299877562917097
IMPROVED_AMM_fee,31.058937875751504,0.022550972952372877
IMPROVED_AMM_fee,31.074048096192385,0.022108975194968492
IMPROVED_AMM_fee,31.089158316633267,0.02167229635271804
IMPROVED_AMM_fee,31.104268537074148,0.021240458356294883
IMPROVED_AMM_fee,31.11937875751503,0.020812994104377664
IMPROVED_AMM_fee,31.13448897795591,0.02038945077009916
IMPROVED_AMM_fee,31.149599198396793,0.01996939331676167
IMPROVED_AMM_fee,31.164709418837674,0.019552408151669795
IMPROVED_AMM_fee,31.17981963927856,0.019138106841586847
IMPROVED_AMM_fee,31.19492985971944,0.0187261298098111
IMPROVED_AMM_fee,31.210040080160322,0.018316149933275905
IMPROVED_AMM_fee,31.225150300601204,0.01790787595842891
IMPROVED_AMM_fee,31.240260521042085,0.017501055656910843
IMPROVED_AMM_fee,31.255370741482967,0.017095478646185942
IMPROVED_AMM_fee,31.270480961923848,0.01669097880613819
IMPROVED_AMM_fee,31.28559118236473,0.01628743623010842
IMPROVED_AMM_fee,31.30070140280561,0.015884778657704733
IMPROVED_AMM_fee,31.315811623246493,0.01548298234675578
IMPROVED_AMM_fee,31.330921843687378,0.015082072352752522
IMPROVED_AMM_fee,31.34603206412826,0.014682122195769334
IMPROVED_AMM_fee,31.36114228456914,0.01428325290690245
IMPROVED_AMM_fee,31.376252505010022,0.013885631458428771
IMPROVED_AMM_fee,31.391362725450904,0.013489468593896764
IMPROVED_AMM_fee,31.406472945891785,0.013095016085949054
IMPROVED_AMM_fee,31.421583166332667,0.012702563460586793
IMPROVED_AMM_fee,31.43669338677355,0.012312434236592585
IMPROVED_AMM_fee,31.45180360721443,0.011924981737727713
IMPROVED_AMM_fee,31.46691382765531,0.011540584542927878
IMPROVED_AMM_fee,31.482024048096193,0.011159641645913907
IMPROVED_AMM_fee,31.497134268537074,0.010782567400287374
IMPROVED_AMM_fee,31.512244488977956,0.010409786329242053
IMPROVED_AMM_fee,31.527354709418837,0.010041727880450638
IMPROVED_AMM_fee,31.54246492985972,0.009678821206495629
IMPROVED_AMM_fee,31.5575751503006,0.009321490049444249
IMPROVED_AMM_fee,31.572685370741482,0.008970147804893582
IMPROVED_AMM_fee,31.587795591182363,0.008625192836150214
IMPROVED_AMM_fee,31.60290581162325,0.008287004103284657
IMPROVED_AMM_fee,31.61801603206413,0.007955937164779893
IMPROVED_AMM_fee,31.63312625250501,0.007632320601551625
IMPROVED_AMM_fee,31.648236472945893,0.007316452904448268
IMPROVED_AMM_fee,31.663346693386774,0.007008599857142832
IMPROVED_AMM_fee,31.678456913827656,0.00670899243681472
IMPROVED_AMM_fee,31.693567134268537,0.006417825245392309
IMPROVED_AMM_fee,31.70867735470942,0.006135255474589036
IMPROVED_AMM_fee,31.7237875751503,0.0058614023987088445
IMPROVED_AMM_fee,31.738897795591182,0.005596347380402397
IMPROVED_AMM_fee,31.754008016032067,0.0053401343663785
IMPROVED_AMM_fee,31.76911823647295,0.005092770842670543
IMPROVED_AMM_fee,31.78422845691383,0.00485422921253083
IMPROVED_AMM_fee,31.79933867735471,0.0046244485544864305
IMPROVED_AMM_fee,31.814448897795593,0.004403336713598761
IMPROVED_AMM_fee,31.829559118236475,0.004190772675575448
IMPROVED_AMM_fee,31.844669338677356,0.003986609171108475
IMPROVED_AMM_fee,31.859779559118238,0.0037906754566454995
IMPROVED_AMM_fee,31.87488977955912,0.0036027802177173176
IMPROVED_AMM_fee,31.89,0.0034227145418895244
IMPROVED_OB_fee,31.83,0.008948882692318777
IMPROVED_OB_fee,31.83372745490982,0.00928909727450454
IMPROVED_OB_fee,31.837454909819638,0.009641249402553436
IMPROVED_OB_fee,31.84118236472946,0.010006817595104753
IMPROVED_OB_fee,31.844909819639277,0.010387313334069549
IMPROVED_OB_fee,31.848637274549098,0.010784249265358833
IMPROVED_OB_fee,31.852364729458916,0.01119910494110036
IMPROVED_OB_fee,31.856092184368737,0.011633290753670615
IMPROVED_OB_fee,31.859819639278555,0.0120881107928316
IMPROVED_OB_fee,31.863547094188377,0.012564725423396731
IMPROVED_OB_fee,31.867274549098195,0.013064114429593784
IMPROVED_OB_fee,31.871002004008016,0.013587041601839104
IMPROVED_OB_fee,31.874729458917834,0.014134021650337721
IMPROVED_OB_fee,31.878456913827655,0.014705290317050172
IMPROVED_OB_fee,31.882184368737473,0.01530077852263685
IMPROVED_OB_fee,31.885911823647294,0.01592009132854873
IMPROVED_OB_fee,31.889639278557112,0.01656249241724304
IMPROVED_OB_fee,31.893366733466934,0.017226894697372847
IMPROVED_OB_fee,31.89709418837675,0.017911857527676895
IMPROVED_OB_fee,31.900821643286573,0.01861559092611239
IMPROVED_OB_fee,31.90454909819639,0.01933596699239941
IMPROVED_OB_fee,31.908276553106212,0.02007053862628945
IMPROVED_OB_fee,31.91200400801603,0.020816565473961206
IMPROVED_OB_fee,31.91573146292585,0.021571046885057968
IMPROVED_OB_fee,31.91945891783567,0.022330761516506644
IMPROVED_OB_fee,31.92318637274549,0.023092313080321406
IMPROVED_OB_fee,31.92691382765531,0.023852181604188834
IMPROVED_OB_fee,31.93064128256513,0.02460677945907662
IMPROVED_OB_fee,31.934368737474948,0.025352511309654074
IMPROVED_OB_fee,31.93809619238477,0.026085837063263985
IMPROVED_OB_fee,31.941823647294587,0.02680333683267451
IMPROVED_OB_fee,31.94555110220441,0.027501776887962136
IMPROVED_OB_fee,31.949278557114226,0.028178175553492658
IMPROVED_OB_fee,31.953006012024048,0.028829868006912732
IMPROVED_OB_fee,31.956733466933866,0.029454568957034962
IMPROVED_OB_fee,31.960460921843687,0.03005043221525701
IMPROVED_OB_fee,31.964188376753505,0.030616106228477165
IMPROVED_OB_fee,31.967915831663326,0.031150784708349286
IMPROVED_OB_fee,31.971643286573144,0.031654251569453264
IMPROVED_OB_fee,31.975370741482966,0.032126919475236264
IMPROVED_OB_fee,31.979098196392783,0.0325698613826462
IMPROVED_OB_fee,31.982825651302605,0.03298483457208096
IMPROVED_OB_fee,31.986553106212423,0.033374296746273416
IMPROVED_OB_fee,31.990280561122244,0.03374141387842686
IMPROVED_OB_fee,31.994008016032062,0.034090059584709564
IMPROVED_OB_fee,31.997735470941883,0.034424805888301324
IMPROVED_OB_fee,32.001462925851705,0.03475090533087838
IMPROVED_OB_fee,32.00519038076152,0.03507426447277706
IMPROVED_OB_fee,32.00891783567134,0.03540140890526034
IMPROVED_OB_fee,32.01264529058116,0.035739439978044046
IMPROVED_OB_fee,32.01637274549098,0.036095983523368555
IMPROVED_OB_fee,32.0201002004008,0.03647913093544191
IMPROVED_OB_fee,32.02382765531062,0.03689737304212117
IMPROVED_OB_fee,32.02755511022044,0.03735952728518832
IMPROVED_OB_fee,32.03128256513026,0.037874658807333525
IMPROVED_OB_fee,32.035010020040076,0.03845199612840722
IMPROVED_OB_fee,32.0387374749499,0.03910084218076502
IMPROVED_OB_fee,32.04246492985972,0.03983048156314393
IMPROVED_OB_fee,32.04619238476954,0.04065008496360573
IMPROVED_OB_fee,32.049919839679355,0.04156861179308007
IMPROVED_OB_fee,32.053647294589176,0.04259471215998551
IMPROVED_OB_fee,32.057374749499,0.043736629400656035
IMPROVED_OB_fee,32.06110220440882,0.04500210445694859
IMPROVED_OB_fee,32.06482965931863,0.046398283457978765
IMPROVED_OB_fee,32.068557114228454,0.04793162991396391
IMPROVED_OB_fee,32.072284569138276,0.049607842962838475
IMPROVED_OB_fee,32.0760120240481,0.05143178312118536
IMPROVED_OB_fee,32.07973947895791,0.053407406976514034
IMPROVED_OB_fee,32.08346693386773,0.055537712215214065
IMPROVED_OB_fee,32.087194388777554,0.0578246943069864
IMPROVED_OB_fee,32.090921843687376,0.06026931606066892
IMPROVED_OB_fee,32.09464929859719,0.06287149112695321
IMPROVED_OB_fee,32.09837675350701,0.06563008235082271
IMPROVED_OB_fee,32.10210420841683,0.06854291567139327
IMPROVED_OB_fee,32.105831663326654,0.07160681003158509
IMPROVED_OB_fee,32.10955911823647,0.07481762349748988
IMPROVED_OB_fee,32.11328657314629,0.07817031550195418
IMPROVED_OB_fee,32.11701402805611,0.08165902482359756
IMPROVED_OB_fee,32.12074148296593,0.08527716259760594
IMPROVED_OB_fee,32.12446893787575,0.08901751933449896
IMPROVED_OB_fee,32.12819639278557,0.09287238460545563
IMPROVED_OB_fee,32.13192384769539,0.09683367774499785
IMPROVED_OB_fee,32.13565130260521,0.10089308763223807
IMPROVED_OB_fee,32.139378757515026,0.10504221934785125
IMPROVED_OB_fee,32.14310621242485,0.10927274527359017
IMPROVED_OB_fee,32.14683366733467,0.11357655801121148
IMPROVED_OB_fee,32.15056112224449,0.1179459223550466
IMPROVED_OB_fee,32.154288577154304,0.12237362346216102
IMPROVED_OB_fee,32.158016032064126,0.1268531083311054
IMPROVED_OB_fee,32.16174348697395,0.1313786177274218
IMPROVED_OB_fee,32.16547094188377,0.13594530578372332
IMPROVED_OB_fee,32.16919839679358,0.14054934465405172
IMPROVED_OB_fee,32.172925851703404,0.1451880118158763
IMPROVED_OB_fee,32.176653306613225,0.14985975788524925
IMPROVED_OB_fee,32.18038076152305,0.15456425313766758
IMPROVED_OB_fee,32.18410821643286,0.15930241130278663
IMPROVED_OB_fee,32.18783567134268,0.16407638961894855
IMPROVED_OB_fee,32.191563126252504,0.1688895645846885
IMPROVED_OB_fee,32.195290581162325,0.17374648332037804
IMPROVED_OB_fee,32.19901803607214,0.1786527909431375
IMPROVED_OB_fee,32.20274549098196,0.18361513485220887
IMPROVED_OB_fee,32.20647294589178,0.18864104730851852
IMPROVED_OB_fee,32.210200400801604,0.19373880816077638
IMPROVED_OB_fee,32.21392785571142,0.19891729000968217
IMPROVED_OB_fee,32.21765531062124,0.2041857885020092
IMPROVED_OB_fee,32.22138276553106,0.20955384079741152
IMPROVED_OB_fee,32.22511022044088,0.21503103554476533
IMPROVED_OB_fee,32.2288376753507,0.22062681793378924
IMPROVED_OB_fee,32.23256513026052,0.22635029354635838
IMPROVED_OB_fee,32.23629258517034,0.23221003481540894
IMPROVED_OB_fee,32.24002004008016,0.238213893905698
IMPROVED_OB_fee,32.243747494989975,0.2443688257582695
IMPROVED_OB_fee,32.2474749498998,0.2506807248910116
IMPROVED_OB_fee,32.25120240480962,0.2571542793231878
IMPROVED_OB_fee,32.25492985971944,0.2637928446973318
IMPROVED_OB_fee,32.258657314629254,0.27059834131263094
IMPROVED_OB_fee,32.262384769539075,0.2775711763680702
IMPROVED_OB_fee,32.2661122244489,0.2847101932491272
IMPROVED_OB_fee,32.26983967935872,0.2920126491891869
IMPROVED_OB_fee,32.27356713426853,0.2994742221056642
IMPROVED_OB_fee,32.277294589178354,0.3070890468631746
IMPROVED_OB_fee,32.281022044088175,0.31484978066243874
IMPROVED_OB_fee,32.284749498997996,0.3227476967063494
IMPROVED_OB_fee,32.28847695390781,0.3307728047639448
IMPROVED_OB_fee,32.29220440881763,0.3389139967506854
IMPROVED_OB_fee,32.29593186372745,0.34715921497870467
IMPROVED_OB_fee,32.299659318637275,0.355495640313581
IMPROVED_OB_fee,32.30338677354709,0.36390989711174976
IMPROVED_OB_fee,32.30711422845691,0.3723882715129072
IMPROVED_OB_fee,32.31084168336673,0.3809169394290422
IMPROVED_OB_fee,32.31456913827655,0.38948220041108284
IMPROVED_OB_fee,32.31829659318637,0.3980707134868302
IMPROVED_OB_fee,32.32202404809619,0.406669731051774
IMPROVED_OB_fee,32.32575150300601,0.4152673269557289
IMPROVED_OB_fee,32.32947895791583,0.42385261506165467
IMPROVED_OB_fee,32.333206412825646,0.43241595475326433
IMPROVED_OB_fee,32.33693386773547,0.44094914013115805
IMPROVED_OB_fee,32.34066132264529,0.4494455699551383
IMPROVED_OB_fee,32.34438877755511,0.4579003957565528
IMPROVED_OB_fee,32.348116232464925,0.46631064594869354
IMPROVED_OB_fee,32.351843687374746,0.47467532419712954
IMPROVED_OB_fee,32.35557114228457,0.4829954807639502
IMPROVED_OB_fee,32.35929859719439,0.4912742560010335
IMPROVED_OB_fee,32.3630260521042,0.4995168956255343
IMPROVED_OB_fee,32.366753507014025,0.5077307378571014
IMPROVED_OB_fee,32.370480961923846,0.5159251729197712
IMPROVED_OB_fee,32.37420841683367,0.524111575804203
IMPROVED_OB_fee,32.37793587174348,0.5323032135390923
IMPROVED_OB_fee,32.3816633266533,0.5405151285284089
IMPROVED_OB_fee,32.385390781563125,0.548763999768056
IMPROVED_OB_fee,32.389118236472946,0.5570679839588943
IMPROVED_OB_fee,32.39284569138276,0.5654465386806379
IMPROVED_OB_fee,32.39657314629258,0.5739202298842161
IMPROVED_OB_fee,32.4003006012024,0.5825105260005218
IMPROVED_OB_fee,32.404028056112224,0.5912395809559792
IMPROVED_OB_fee,32.40775551102204,0.6001300083351878
IMPROVED_OB_fee,32.41148296593186,0.6092046488465044
IMPROVED_OB_fee,32.41521042084168,0.6184863331354746
IMPROVED_OB_fee,32.4189378757515,0.6279976418642922
IMPROVED_OB_fee,32.42266533066132,0.6377606648415992
IMPROVED_OB_fee,32.42639278557114,0.6477967608574042
IMPROVED_OB_fee,32.43012024048096,0.6581263197611862
IMPROVED_OB_fee,32.43384769539078,0.6687685282271936
IMPROVED_OB_fee,32.4375751503006,0.6797411405857327
IMPROVED_OB_fee,32.44130260521042,0.6910602560695134
IMPROVED_OB_fee,32.44503006012024,0.7027401038330359
IMPROVED_OB_fee,32.44875751503006,0.7147928371502287
IMPROVED_OB_fee,32.452484969939874,0.7272283382825826
IMPROVED_OB_fee,32.456212424849696,0.7400540356281601
IMPROVED_OB_fee,32.45993987975952,0.7532747349076375
IMPROVED_OB_fee,32.46366733466934,0.766892466305465
IMPROVED_OB_fee,32.46739478957916,0.7809063496504864
IMPROVED_OB_fee,32.471122244488974,0.795312479877641
IMPROVED_OB_fee,32.474849699398796,0.8101038351459631
IMPROVED_OB_fee,32.47857715430862,0.825270210080309
IMPROVED_OB_fee,32.48230460921844,0.8407981766435807
IMPROVED_OB_fee,32.48603206412825,0.8566710751125357
IMPROVED_OB_fee,32.489759519038074,0.8728690375158824
IMPROVED_OB_fee,32.493486973947896,0.8893690456824215
IMPROVED_OB_fee,32.49721442885772,0.9061450257375284
IMPROVED_OB_fee,32.50094188376753,0.9231679804679015
IMPROVED_OB_fee,32.50466933867735,0.9404061604540767
IMPROVED_OB_fee,32.508396793587174,0.9578252742465293
IMPROVED_OB_fee,32.512124248496995,0.9753887371500024
IMPROVED_OB_fee,32.51585170340681,0.993057957390019
IMPROVED_OB_fee,32.51957915831663,1.0107926575899842
IMPROVED_OB_fee,32.52330661322645,1.028551228604042
IMPROVED_OB_fee,32.527034068136274,1.046291111862259
IMPROVED_OB_fee,32.53076152304609,1.0639692055122685
IMPROVED_OB_fee,32.53448897795591,1.0815422888222261
IMPROVED_OB_fee,32.53821643286573,1.0989674585679121
IMPROVED_OB_fee,32.54194388777555,1.1162025704987035
IMPROVED_OB_fee,32.54567134268537,1.1332066784829955
IMPROVED_OB_fee,32.54939879759519,1.1499404636055255
IMPROVED_OB_fee,32.55312625250501,1.1663666453404513
IMPROVED_OB_fee,32.55685370741483,1.1824503669770399
IMPROVED_OB_fee,32.560581162324645,1.1981595477306222
IMPROVED_OB_fee,32.56430861723447,1.2134651944399182
IMPROVED_OB_fee,32.56803607214429,1.2283416664212883
IMPROVED_OB_fee,32.57176352705411,1.2427668879159495
IMPROVED_OB_fee,32.575490981963924,1.256722503601795
IMPROVED_OB_fee,32.579218436873745,1.2701939738285288
IMPROVED_OB_fee,32.58294589178357,1.2831706075368086
IMPROVED_OB_fee,32.58667334669339,1.2956455322090334
IMPROVED_OB_fee,32.5904008016032,1.3076156016260505
IMPROVED_OB_fee,32.594128256513024,1.3190812436349766
IMPROVED_OB_fee,32.597855711422845,1.3300462515212865
IMPROVED_OB_fee,32.60158316633267,1.3405175238867804
IMPROVED_OB_fee,32.60531062124248,1.3505047591204153
IMPROVED_OB_fee,32.6090380761523,1.3600201115792427
IMPROVED_OB_fee,32.612765531062124,1.3690778174388454
IMPROVED_OB_fee,32.616492985971945,1.3776937988042488
IMPROVED_OB_fee,32.62022044088176,1.3858852550726353
IMPROVED_OB_fee,32.62394789579158,1.3936702507008536
IMPROVED_OB_fee,32.6276753507014,1.4010673084479877
IMPROVED_OB_fee,32.63140280561122,1.4080950168440443
IMPROVED_OB_fee,32.63513026052104,1.4147716600893323
IMPROVED_OB_fee,32.63885771543086,1.4211148778374363
IMPROVED_OB_fee,32.64258517034068,1.4271413613808481
IMPROVED_OB_fee,32.6463126252505,1.43286659167481
IMPROVED_OB_fee,32.650040080160316,1.4383046234339458
IMPROVED_OB_fee,32.65376753507014,1.4434679182570633
IMPROVED_OB_fee,32.65749498997996,1.4483672284140812
IMPROVED_OB_fee,32.66122244488978,1.4530115316061913
IMPROVED_OB_fee,32.664949899799595,1.457408015720766
IMPROVED_OB_fee,32.668677354709416,1.4615621113826407
IMPROVED_OB_fee,32.67240480961924,1.4654775689829076
IMPROVED_OB_fee,32.67613226452906,1.4691565758733174
IMPROVED_OB_fee,32.67985971943887,1.4725999085692159
IMPROVED_OB_fee,32.683587174348695,1.4758071141241418
IMPROVED_OB_fee,32.687314629258516,1.4787767143346962
IMPROVED_OB_fee,32.69104208416834,1.4815064261109827
IMPROVED_OB_fee,32.69476953907815,1.4839933912045429
IMPROVED_OB_fee,32.69849699398797,1.4862344085185437
IMPROVED_OB_fee,32.702224448897795,1.4882261624224813
IMPROVED_OB_fee,32.705951903807616,1.489965440844788
IMPROVED_OB_fee,32.70967935871743,1.4914493374026143
IMPROVED_OB_fee,32.71340681362725,1.4926754324322016
IMPROVED_OB_fee,32.71713426853707,1.4936419484837662
IMPROVED_OB_fee,32.720861723446895,1.4943478766222227
IMPROVED_OB_fee,32.72458917835671,1.494793070706962
IMPROVED_OB_fee,32.72831663326653,1.494978307691031
IMPROVED_OB_fee,32.73204408817635,1.4949053128616263
IMPROVED_OB_fee,32.73577154308617,1.4945767498225158
IMPROVED_OB_fee,32.73949899799599,1.493996175877113
IMPROVED_OB_fee,32.74322645290581,1.4931679642939424
IMPROVED_OB_fee,32.74695390781563,1.4920971957106668
IMPROVED_OB_fee,32.75068136272545,1.4907895216458844
IMPROVED_OB_fee,32.754408817635266,1.489251003730919
IMPROVED_OB_fee,32.75813627254509,1.4874879328362645
IMPROVED_OB_fee,32.76186372745491,1.4855066327424626
IMPROVED_OB_fee,32.76559118236473,1.4833132533860798
IMPROVED_OB_fee,32.769318637274544,1.4809135589928157
IMPROVED_OB_fee,32.773046092184366,1.4783127165862684
IMPROVED_OB_fee,32.77677354709419,1.47551509043025
IMPROVED_OB_fee,32.78050100200401,1.4725240479201402
IMPROVED_OB_fee,32.78422845691382,1.4693417822855879
IMPROVED_OB_fee,32.787955911823644,1.4659691572001754
IMPROVED_OB_fee,32.791683366733466,1.4624055780175649
IMPROVED_OB_fee,32.79541082164329,1.4586488938690034
IMPROVED_OB_fee,32.7991382765531,1.4546953342711966
IMPROVED_OB_fee,32.80286573146292,1.4505394832128184
IMPROVED_OB_fee,32.806593186372744,1.4461742929232713
IMPROVED_OB_fee,32.810320641282566,1.4415911386904396
IMPROVED_OB_fee,32.81404809619238,1.4367799152014764
IMPROVED_OB_fee,32.8177755511022,1.4317291739483817
IMPROVED_OB_fee,32.82150300601202,1.4264263002892126
IMPROVED_OB_fee,32.825230460921844,1.420857727806483
IMPROVED_OB_fee,32.82895791583166,1.4150091866810746
IMPROVED_OB_fee,32.83268537074148,1.4088659819241778
IMPROVED_OB_fee,32.8364128256513,1.4024132965077918
IMPROVED_OB_fee,32.84014028056112,1.3956365137251758
IMPROVED_OB_fee,32.84386773547094,1.3885215525218513
IMPROVED_OB_fee,32.84759519038076,1.3810552090797568
IMPROVED_OB_fee,32.85132264529058,1.3732254976317315
IMPROVED_OB_fee,32.8550501002004,1.3650219833387462
IMPROVED_OB_fee,32.858777555110215,1.3564361000890774
IMPROVED_OB_fee,32.86250501002004,1.3474614462769074
IMPROVED_OB_fee,32.86623246492986,1.3380940519876423
IMPROVED_OB_fee,32.86995991983968,1.3283326115481082
IMPROVED_OB_fee,32.873687374749494,1.3181786760831367
IMPROVED_OB_fee,32.877414829659315,1.3076368015341773
IMPROVED_OB_fee,32.88114228456914,1.2967146485236758
IMPROVED_OB_fee,32.88486973947896,1.2854230314617356
IMPROVED_OB_fee,32.88859719438877,1.2737759153658705
IMPROVED_OB_fee,32.892324649298594,1.2617903599677796
IMPROVED_OB_fee,32.896052104208415,1.2494864117863398
IMPROVED_OB_fee,32.89977955911824,1.2368869459207308
IMPROVED_OB_fee,32.90350701402805,1.2240174603380138
IMPROVED_OB_fee,32.90723446893787,1.2109058263654917
IMPROVED_OB_fee,32.910961923847694,1.1975819999320692
IMPROVED_OB_fee,32.914689378757515,1.1840776988114547
IMPROVED_OB_fee,32.91841683366733,1.1704260516940868
IMPROVED_OB_fee,32.92214428857715,1.1566612253410788
IMPROVED_OB_fee,32.92587174348697,1.1428180363511964
IMPROVED_OB_fee,32.929599198396794,1.1289315541977938
IMPROVED_OB_fee,32.93332665330661,1.1150367021760552
IMPROVED_OB_fee,32.93705410821643,1.101167862746481
IMPROVED_OB_fee,32.94078156312625,1.087358493485054
IMPROVED_OB_fee,32.94450901803607,1.0736407594643431
IMPROVED_OB_fee,32.94823647294589,1.060045187415238
IMPROVED_OB_fee,32.95196392785571,1.0466003464693427
IMPROVED_OB_fee,32.95569138276553,1.0333325596799594
IMPROVED_OB_fee,32.95941883767535,1.0202656498782294
IMPROVED_OB_fee,32.963146292585165,1.0074207227625174
IMPROVED_OB_fee,32.966873747494986,0.9948159894528938
IMPROVED_OB_fee,32.97060120240481,0.9824666300866619
IMPROVED_OB_fee,32.97432865731463,0.9703846993899359
IMPROVED_OB_fee,32.97805611222444,0.958579074548751
IMPROVED_OB_fee,32.981783567134265,0.9470554451200388
IMPROVED_OB_fee,32.985511022044086,0.9358163441774046
IMPROVED_OB_fee,32.98923847695391,0.9248612193745634
IMPROVED_OB_fee,32.99296593186372,0.9141865421365414
IMPROVED_OB_fee,32.99669338677354,0.9037859527489822
IMPROVED_OB_fee,33.000420841683365,0.8936504387127367
IMPROVED_OB_fee,33.004148296593186,0.8837685433579241
IMPROVED_OB_fee,33.007875751503,0.8741266013737629
IMPROVED_OB_fee,33.01160320641282,0.8647089976022537
IMPROVED_OB_fee,33.01533066132264,0.8554984451714879
IMPROVED_OB_fee,33.019058116232465,0.8464762788055733
IMPROVED_OB_fee,33.02278557114228,0.8376227589515328
IMPROVED_OB_fee,33.0265130260521,0.8289173822098128
IMPROVED_OB_fee,33.03024048096192,0.8203391934531918
IMPROVED_OB_fee,33.03396793587174,0.8118670949728475
IMPROVED_OB_fee,33.037695390781565,0.8034801480090531
IMPROVED_OB_fee,33.04142284569138,0.7951578621114378
IMPROVED_OB_fee,33.0451503006012,0.7868804679370797
IMPROVED_OB_fee,33.04887775551102,0.778629169336892
IMPROVED_OB_fee,33.052605210420836,0.7703863709037482
IMPROVED_OB_fee,33.05633266533066,0.762135877560445
IMPROVED_OB_fee,33.06006012024048,0.7538630632486678
IMPROVED_OB_fee,33.0637875751503,0.745555006335016
IMPROVED_OB_fee,33.06751503006012,0.7372005899708168
IMPROVED_OB_fee,33.071242484969936,0.7287905663157441
IMPROVED_OB_fee,33.07496993987976,0.7203175842485737
IMPROVED_OB_fee,33.07869739478958,0.7117761809258546
IMPROVED_OB_fee,33.08242484969939,0.7031627382923596
IMPROVED_OB_fee,33.086152304609215,0.6944754063785177
IMPROVED_OB_fee,33.089879759519036,0.6857139959196605
IMPROVED_OB_fee,33.09360721442886,0.6768798434791828
IMPROVED_OB_fee,33.09733466933868,0.6679756528374933
IMPROVED_OB_fee,33.10106212424849,0.6590053169004045
IMPROVED_OB_fee,33.104789579158314,0.6499737247723397
IMPROVED_OB_fee,33.108517034068136,0.6408865589180391
IMPROVED_OB_fee,33.11224448897796,0.6317500874923344
IMPROVED_OB_fee,33.11597194388777,0.6225709569468701
IMPROVED_OB_fee,33.11969939879759,0.6133559899225457
IMPROVED_OB_fee,33.123426853707414,0.6041119932099127
IMPROVED_OB_fee,33.127154308617236,0.5948455802122554
IMPROVED_OB_fee,33.13088176352705,0.5855630118883294
IMPROVED_OB_fee,33.13460921843687,0.5762700595956829
IMPROVED_OB_fee,33.13833667334669,0.566971892617681
IMPROVED_OB_fee,33.142064128256514,0.5576729924554479
IMPROVED_OB_fee,33.14579158316633,0.5483770952210206
IMPROVED_OB_fee,33.14951903807615,0.539087162700179
IMPROVED_OB_fee,33.15324649298597,0.5298053818850849
IMPROVED_OB_fee,33.15697394789579,0.5205331920285245
IMPROVED_OB_fee,33.16070140280561,0.5112713375651393
IMPROVED_OB_fee,33.16442885771543,0.502019944598251
IMPROVED_OB_fee,33.16815631262525,0.49277861808134765
IMPROVED_OB_fee,33.17188376753507,0.4835465563448125
IMPROVED_OB_fee,33.175611222444886,0.47432267924352645
IMPROVED_OB_fee,33.17933867735471,0.46510576593641545
IMPROVED_OB_fee,33.18306613226453,0.45589459816069705
IMPROVED_OB_fee,33.18679358717435,0.4466881048313669
IMPROVED_OB_fee,33.190521042084164,0.4374855038799872
IMPROVED_OB_fee,33.194248496993985,0.4282864374386671
IMPROVED_OB_fee,33.19797595190381,0.41909109676776574
IMPROVED_OB_fee,33.20170340681363,0.40990033370696943
IMPROVED_OB_fee,33.20543086172344,0.40071575588653696
IMPROVED_OB_fee,33.209158316633264,0.3915398034516995
IMPROVED_OB_fee,33.212885771543085,0.38237580561279144
IMPROVED_OB_fee,33.21661322645291,0.37322801591758237
IMPROVED_OB_fee,33.22034068136272,0.36410162573464233
IMPROVED_OB_fee,33.22406813627254,0.3550027560180836
IMPROVED_OB_fee,33.227795591182364,0.34593842797945407
IMPROVED_OB_fee,33.231523046092185,0.3369165138056575
IMPROVED_OB_fee,33.235250501002,0.3279456690208462
IMPROVED_OB_fee,33.23897795591182,0.319035248482695
IMPROVED_OB_fee,33.24270541082164,0.31019520832194664
IMPROVED_OB_fee,33.246432865731464,0.30143599637166146
IMPROVED_OB_fee,33.25016032064128,0.29276843378769507
IMPROVED_OB_fee,33.2538877755511,0.2842035906329003
IMPROVED_OB_fee,33.25761523046092,0.2757526581878558
IMPROVED_OB_fee,33.26134268537074,0.26742682066452367
IMPROVED_OB_fee,33.26507014028056,0.2592371288448813
IMPROVED_OB_fee,33.26879759519038,0.2511943779518394
IMPROVED_OB_fee,33.2725250501002,0.2433089917963762
IMPROVED_OB_fee,33.27625250501002,0.23559091494352466
IMPROVED_OB_fee,33.279979959919835,0.2280495143142616
IMPROVED_OB_fee,33.28370741482966,0.22069349130166988
IMPROVED_OB_fee,33.28743486973948,0.21353080514094214
IMPROVED_OB_fee,33.2911623246493,0.206568607944502
IMPROVED_OB_fee,33.294889779559114,0.19981319150713642
IMPROVED_OB_fee,33.298617234468935,0.19326994570920047
IMPROVED_OB_fee,33.30234468937876,0.18694332810666536
IMPROVED_OB_fee,33.30607214428858,0.18083684409916756
IMPROVED_OB_fee,33.30979959919839,0.17495303691638306
IMPROVED_OB_fee,33.313527054108214,0.16929348655775076
IMPROVED_OB_fee,33.317254509018035,0.16385881676249944
IMPROVED_OB_fee,33.320981963927856,0.15864870907129966
IMPROVED_OB_fee,33.32470941883767,0.15366192306590978
IMPROVED_OB_fee,33.32843687374749,0.14889632193107008
IMPROVED_OB_fee,33.33216432865731,0.14434890256922406
IMPROVED_OB_fee,33.335891783567135,0.14001582960432743
IMPROVED_OB_fee,33.33961923847695,0.13589247273045493
IMPROVED_OB_fee,33.34334669338677,0.13197344698451166
IMPROVED_OB_fee,33.34707414829659,0.12825265564468222
IMPROVED_OB_fee,33.35080160320641,0.12472333556891828
IMPROVED_OB_fee,33.35452905811623,0.12137810488671007
IMPROVED_OB_fee,33.35825651302605,0.11820901303608712
IMPROVED_OB_fee,33.36198396793587,0.11520759319422197
IMPROVED_OB_fee,33.36571142284569,0.11236491718057995
IMPROVED_OB_fee,33.369438877755506,0.10967165291667381
IMPROVED_OB_fee,33.37316633266533,0.10711812450519681
IMPROVED_OB_fee,33.37689378757515,0.10469437494639963
IMPROVED_OB_fee,33.38062124248497,0.10239023144267637
IMPROVED_OB_fee,33.384348697394785,0.10019537315815483
IMPROVED_OB_fee,33.388076152304606,0.09809940120188793
IMPROVED_OB_fee,33.39180360721443,0.0960919104968187
IMPROVED_OB_fee,33.39553106212425,0.09416256308636609
IMPROVED_OB_fee,33.39925851703406,0.09230116232224668
IMPROVED_OB_fee,33.402985971943885,0.09049772727519605
IMPROVED_OB_fee,33.406713426853706,0.08874256661998359
IMPROVED_OB_fee,33.41044088176353,0.08702635117095146
IMPROVED_OB_fee,33.41416833667334,0.08534018418839433
IMPROVED_OB_fee,33.41789579158316,0.08367566854134816
IMPROVED_OB_fee,33.421623246492985,0.08202496980121117
IMPROVED_OB_fee,33.425350701402806,0.08038087435336494
IMPROVED_OB_fee,33.42907815631262,0.07873684165127003
IMPROVED_OB_fee,33.43280561122244,0.07708704979786674
IMPROVED_OB_fee,33.43653306613226,0.0754264337215403
IMPROVED_OB_fee,33.440260521042084,0.07375071531554381
IMPROVED_OB_fee,33.4439879759519,0.07205642502839534
IMPROVED_OB_fee,33.44771543086172,0.07034091452444281
IMPROVED_OB_fee,33.45144288577154,0.06860236017554275
IMPROVED_OB_fee,33.45517034068136,0.06683975729227906
IMPROVED_OB_fee,33.45889779559118,0.0650529051532394
IMPROVED_OB_fee,33.462625250501,0.06324238303916445
IMPROVED_OB_fee,33.46635270541082,0.061409517622458235
IMPROVED_OB_fee,33.47008016032064,0.05955634219775121
IMPROVED_OB_fee,33.473807615230456,0.05768554836381894
IMPROVED_OB_fee,33.47753507014028,0.0558004308780491
IMPROVED_OB_fee,33.4812625250501,0.05390482650055671
IMPROVED_OB_fee,33.48498997995992,0.05200304772387762
IMPROVED_OB_fee,33.488717434869734,0.050099812345679735
IMPROVED_OB_fee,33.492444889779556,0.04820016988488179
IMPROVED_OB_fee,33.49617234468938,0.046309425866610535
IMPROVED_OB_fee,33.4998997995992,0.044433065008242754
IMPROVED_OB_fee,33.50362725450901,0.042576674328833615
IMPROVED_OB_fee,33.507354709418834,0.04074586717776956
IMPROVED_OB_fee,33.511082164328656,0.038946209137486656
IMPROVED_OB_fee,33.51480961923848,0.03718314670036009
IMPROVED_OB_fee,33.51853707414829,0.035461939553739816
IMPROVED_OB_fee,33.52226452905811,0.0337875972305324
IMPROVED_OB_fee,33.525991983967934,0.03216482079814998
IMPROVED_OB_fee,33.529719438877756,0.030597950167198146
IMPROVED_OB_fee,33.53344689378757,0.02909091750538217
IMPROVED_OB_fee,33.53717434869739,0.027647207142770257
IMPROVED_OB_fee,33.54090180360721,0.02626982225403191
IMPROVED_OB_fee,33.544629258517034,0.024961258502527887
IMPROVED_OB_fee,33.54835671342685,0.023723484732223986
IMPROVED_OB_fee,33.55208416833667,0.022557930697049488
IMPROVED_OB_fee,33.55581162324649,0.021465481725304932
IMPROVED_OB_fee,33.55953907815631,0.020446480129657857
IMPROVED_OB_fee,33.56326653306613,0.019500733092627842
IMPROVED_OB_fee,33.56699398797595,0.018627526683629044
IMPROVED_OB_fee,33.57072144288577,0.017825645597757254
IMPROVED_OB_fee,33.57444889779559,0.01709339814881266
IMPROVED_OB_fee,33.578176352705405,0.016428646000374487
IMPROVED_OB_fee,33.58190380761523,0.015828838079029274
IMPROVED_OB_fee,33.58563126252505,0.015291048083617758
IMPROVED_OB_fee,33.58935871743487,0.014812014983356912
IMPROVED_OB_fee,33.593086172344684,0.014388185886084209
IMPROVED_OB_fee,33.596813627254505,0.014015760655147222
IMPROVED_OB_fee,33.60054108216433,0.013690737659468424
IMPROVED_OB_fee,33.60426853707415,0.013408960055365545
IMPROVED_OB_fee,33.60799599198396,0.013166162020345899
IMPROVED_OB_fee,33.611723446893784,0.012958014387436524
IMPROVED_OB_fee,33.615450901803605,0.012780169162990051
IMPROVED_OB_fee,33.61917835671343,0.01262830245034216
IMPROVED_OB_fee,33.62290581162324,0.012498155345373487
IMPROVED_OB_fee,33.62663326653306,0.012385572416930068
IMPROVED_OB_fee,33.630360721442884,0.012286537434324224
IMPROVED_OB_fee,33.634088176352705,0.012197206054817897
IMPROVED_OB_fee,33.63781563126253,0.012113935235281086
IMPROVED_OB_fee,33.64154308617234,0.012033309183277857
IMPROVED_OB_fee,33.64527054108216,0.011952161712998231
IMPROVED_OB_fee,33.648997995991984,0.011867594920081808
IMPROVED_OB_fee,33.6527254509018,0.011776994135962685
IMPROVED_OB_fee,33.65645290581162,0.01167803916648391
IMPROVED_OB_fee,33.66018036072144,0.011568711860870391
IMPROVED_OB_fee,33.66390781563126,0.011447300095470072
IMPROVED_OB_fee,33.66763527054108,0.011312398291863418
IMPROVED_OB_fee,33.6713627254509,0.011162904620890323
IMPROVED_OB_fee,33.67509018036072,0.01099801507286935
IMPROVED_OB_fee,33.67881763527054,0.010817214599796114
IMPROVED_OB_fee,33.682545090180355,0.010620265557653186
IMPROVED_OB_fee,33.686272545090176,0.010407193696218663
IMPROVED_OB_fee,33.69,0.01017827195997917
