fee_algo_name,random_seed,lp_yield
FX_fee,0,26.72
FX_fee,1,26.51
FX_fee,2,26.67
FX_fee,3,26.55
FX_fee,4,26.9
FX_fee,5,26.63
FX_fee,6,26.67
FX_fee,7,26.54
FX_fee,9,26.59
FX_fee,8,26.65
FX_fee,10,26.88
FX_fee,11,26.64
FX_fee,12,26.83
FX_fee,13,26.7
FX_fee,14,26.48
FX_fee,15,26.52
FX_fee,17,26.89
FX_fee,16,26.72
FX_fee,18,26.66
FX_fee,19,26.57
FX_fee,20,26.49
FX_fee,21,26.76
FX_fee,22,26.72
FX_fee,23,26.7
FX_fee,24,26.31
FX_fee,25,26.47
FX_fee,27,26.58
FX_fee,26,26.69
FX_fee,28,26.63
FX_fee,29,26.67
FX_fee,30,26.58
FX_fee,31,26.51
FX_fee,32,26.56
FX_fee,33,26.82
FX_fee,34,26.66
FX_fee,35,26.63
FX_fee,36,26.75
FX_fee,37,26.74
FX_fee,38,26.61
FX_fee,39,26.66
FX_fee,40,26.71
FX_fee,41,26.5
FX_fee,42,26.56
FX_fee,43,26.46
FX_fee,44,26.65
FX_fee,45,26.73
FX_fee,46,26.55
FX_fee,47,26.7
FX_fee,48,26.7
FX_fee,49,26.7
FX_fee,50,26.56
FX_fee,51,26.62
FX_fee,52,26.65
FX_fee,53,26.61
FX_fee,54,26.62
FX_fee,55,26.63
FX_fee,56,26.5
FX_fee,57,26.58
FX_fee,59,26.62
FX_fee,58,26.74
FX_fee,60,26.81
FX_fee,61,26.89
FX_fee,62,26.44
FX_fee,63,26.7
FX_fee,64,26.66
FX_fee,65,26.75
FX_fee,66,26.69
FX_fee,67,26.6
FX_fee,68,26.64
FX_fee,69,26.66
FX_fee,70,26.54
FX_fee,71,26.55
FX_fee,72,26.55
FX_fee,73,26.61
FX_fee,74,26.7
FX_fee,75,26.62
FX_fee,76,26.63
FX_fee,77,26.57
FX_fee,78,26.61
FX_fee,79,26.43
FX_fee,80,26.54
FX_fee,81,26.79
FX_fee,82,26.45
FX_fee,83,26.6
FX_fee,84,26.75
FX_fee,85,26.73
FX_fee,86,26.73
FX_fee,87,26.64
FX_fee,88,26.65
FX_fee,89,26.73
FX_fee,90,26.6
FX_fee,91,26.53
FX_fee,92,26.74
FX_fee,93,26.64
FX_fee,94,26.71
FX_fee,95,26.87
FX_fee,96,26.62
FX_fee,98,26.63
FX_fee,97,26.71
FX_fee,99,26.45
FX_fee,100,26.46
FX_fee,101,26.52
FX_fee,102,26.72
FX_fee,103,26.65
FX_fee,104,26.49
FX_fee,105,26.81
FX_fee,106,26.7
FX_fee,107,26.6
FX_fee,108,26.76
FX_fee,109,26.43
FX_fee,110,26.7
FX_fee,111,26.65
FX_fee,112,26.57
FX_fee,113,26.57
FX_fee,114,26.73
FX_fee,115,26.92
FX_fee,116,26.61
FX_fee,117,26.65
FX_fee,118,26.65
FX_fee,119,26.81
FX_fee,120,26.74
FX_fee,121,26.78
FX_fee,122,26.87
FX_fee,123,26.51
FX_fee,124,26.88
FX_fee,125,26.44
FX_fee,126,26.65
FX_fee,127,26.5
FX_fee,128,26.73
FX_fee,129,26.65
FX_fee,130,26.59
FX_fee,131,26.57
FX_fee,132,26.77
FX_fee,133,26.75
FX_fee,134,26.72
FX_fee,135,26.7
FX_fee,136,26.77
FX_fee,137,26.61
FX_fee,138,26.78
FX_fee,139,26.65
FX_fee,140,26.75
FX_fee,141,26.48
FX_fee,142,26.76
FX_fee,143,26.54
FX_fee,144,26.77
FX_fee,145,26.72
FX_fee,146,26.68
FX_fee,147,26.68
FX_fee,148,26.73
FX_fee,149,26.7
FX_fee,150,26.55
FX_fee,151,26.52
FX_fee,152,26.43
FX_fee,153,26.61
FX_fee,154,26.79
FX_fee,155,26.7
FX_fee,156,26.68
FX_fee,157,26.88
FX_fee,158,26.49
FX_fee,159,26.41
FX_fee,160,26.73
FX_fee,161,26.73
FX_fee,162,26.61
FX_fee,163,26.74
FX_fee,164,26.75
FX_fee,165,26.55
FX_fee,166,26.71
FX_fee,167,26.64
FX_fee,168,26.67
FX_fee,169,26.89
FX_fee,170,26.49
FX_fee,171,26.56
FX_fee,172,26.61
FX_fee,173,26.53
FX_fee,174,26.61
FX_fee,175,26.72
FX_fee,176,26.46
FX_fee,177,26.9
FX_fee,178,26.65
FX_fee,179,26.52
FX_fee,180,26.66
FX_fee,181,26.82
FX_fee,182,26.6
FX_fee,183,26.37
FX_fee,184,26.64
FX_fee,185,26.58
FX_fee,186,26.55
FX_fee,187,26.56
FX_fee,188,26.83
FX_fee,189,26.5
FX_fee,190,26.49
FX_fee,191,26.62
FX_fee,192,26.69
FX_fee,193,26.72
FX_fee,194,26.73
FX_fee,195,26.63
FX_fee,196,26.52
FX_fee,197,26.46
FX_fee,199,26.63
FX_fee,198,26.68
FX_fee,200,26.64
FX_fee,201,26.48
FX_fee,202,26.71
FX_fee,203,26.87
FX_fee,204,26.47
FX_fee,205,26.64
FX_fee,206,26.72
FX_fee,207,26.66
FX_fee,208,26.75
FX_fee,209,26.42
FX_fee,210,26.73
FX_fee,211,26.64
FX_fee,212,26.57
FX_fee,213,26.7
FX_fee,214,26.53
FX_fee,215,26.67
FX_fee,216,26.44
FX_fee,217,26.43
FX_fee,218,26.64
FX_fee,219,26.39
FX_fee,220,26.58
FX_fee,221,26.69
FX_fee,222,26.7
FX_fee,223,26.6
FX_fee,224,26.53
FX_fee,225,26.59
FX_fee,226,26.72
FX_fee,227,26.53
FX_fee,228,26.81
FX_fee,229,26.81
FX_fee,230,26.57
FX_fee,231,26.7
FX_fee,232,26.59
FX_fee,233,26.45
FX_fee,234,26.74
FX_fee,235,26.79
FX_fee,236,26.57
FX_fee,237,26.85
FX_fee,238,26.69
FX_fee,239,26.59
FX_fee,240,26.87
FX_fee,241,26.84
FX_fee,242,26.6
FX_fee,243,26.55
FX_fee,244,26.57
FX_fee,245,26.7
FX_fee,246,26.68
FX_fee,247,26.6
FX_fee,248,26.57
FX_fee,249,26.56
FX_fee,250,26.51
FX_fee,251,26.41
FX_fee,252,26.77
FX_fee,253,26.58
FX_fee,254,26.45
FX_fee,255,26.68
FX_fee,256,26.63
FX_fee,257,26.72
FX_fee,258,26.53
FX_fee,259,26.93
FX_fee,260,26.53
FX_fee,261,26.69
FX_fee,263,26.46
FX_fee,262,26.62
FX_fee,264,26.65
FX_fee,265,26.43
FX_fee,266,26.39
FX_fee,267,26.73
FX_fee,268,26.62
FX_fee,269,26.72
FX_fee,270,26.6
FX_fee,271,26.78
FX_fee,272,26.63
FX_fee,273,26.61
FX_fee,274,26.42
FX_fee,275,26.85
FX_fee,276,26.7
FX_fee,277,26.72
FX_fee,278,26.66
FX_fee,279,26.64
FX_fee,280,26.79
FX_fee,281,26.4
FX_fee,282,26.61
FX_fee,283,26.66
FX_fee,284,26.36
FX_fee,285,26.48
FX_fee,286,26.5
FX_fee,287,26.72
FX_fee,288,26.46
FX_fee,289,26.64
FX_fee,290,26.74
FX_fee,291,26.75
FX_fee,292,26.62
FX_fee,293,26.56
FX_fee,294,26.76
FX_fee,295,26.67
FX_fee,296,26.78
FX_fee,297,26.52
FX_fee,298,26.62
FX_fee,299,26.59
FX_fee,300,26.62
FX_fee,301,26.81
FX_fee,303,26.62
FX_fee,302,26.51
FX_fee,304,26.46
FX_fee,305,26.83
FX_fee,306,26.66
FX_fee,307,26.83
FX_fee,308,26.65
FX_fee,309,26.84
FX_fee,310,26.56
FX_fee,311,26.41
FX_fee,312,26.84
FX_fee,313,26.6
FX_fee,314,26.71
FX_fee,315,26.53
FX_fee,317,26.76
FX_fee,316,26.59
FX_fee,318,26.78
FX_fee,320,26.59
FX_fee,319,26.47
FX_fee,321,26.6
FX_fee,322,26.69
FX_fee,323,26.53
FX_fee,325,26.7
FX_fee,324,26.67
FX_fee,326,26.47
FX_fee,327,26.62
FX_fee,328,26.61
FX_fee,329,26.67
FX_fee,330,26.45
FX_fee,331,26.69
FX_fee,333,26.98
FX_fee,334,26.29
FX_fee,332,26.86
FX_fee,335,26.62
FX_fee,336,26.65
FX_fee,337,26.61
FX_fee,338,26.73
FX_fee,339,26.78
FX_fee,340,26.55
FX_fee,341,26.69
FX_fee,342,26.76
FX_fee,343,26.78
FX_fee,344,26.67
FX_fee,345,26.37
FX_fee,346,26.57
FX_fee,347,26.54
FX_fee,348,26.48
FX_fee,349,26.54
FX_fee,350,26.44
FX_fee,351,26.71
FX_fee,352,26.81
FX_fee,353,26.64
FX_fee,354,26.68
FX_fee,355,26.45
FX_fee,356,26.54
FX_fee,357,26.77
FX_fee,358,26.61
FX_fee,359,26.77
FX_fee,360,26.68
FX_fee,361,26.73
FX_fee,362,26.72
FX_fee,363,26.59
FX_fee,365,26.55
FX_fee,364,26.91
FX_fee,366,26.73
FX_fee,367,26.69
FX_fee,368,26.63
FX_fee,369,26.69
FX_fee,370,26.52
FX_fee,371,26.84
FX_fee,372,26.67
FX_fee,373,26.63
FX_fee,375,26.71
FX_fee,374,26.83
FX_fee,376,26.49
FX_fee,377,26.54
FX_fee,378,26.83
FX_fee,379,26.54
FX_fee,380,26.74
FX_fee,381,26.59
FX_fee,382,26.69
FX_fee,383,26.61
FX_fee,384,26.81
FX_fee,385,26.52
FX_fee,386,26.42
FX_fee,387,26.65
FX_fee,388,26.73
FX_fee,389,26.74
FX_fee,390,26.52
FX_fee,391,26.75
FX_fee,392,26.75
FX_fee,393,26.62
FX_fee,394,26.71
FX_fee,395,26.71
FX_fee,396,26.58
FX_fee,397,26.53
FX_fee,398,26.61
FX_fee,399,26.58
FX_fee,400,26.7
FX_fee,401,26.6
FX_fee,402,26.64
FX_fee,403,26.76
FX_fee,404,26.59
FX_fee,405,26.74
FX_fee,406,26.43
FX_fee,407,26.67
FX_fee,408,26.78
FX_fee,409,26.64
FX_fee,410,26.5
FX_fee,411,26.87
FX_fee,412,26.74
FX_fee,413,26.64
FX_fee,414,26.73
FX_fee,415,26.55
FX_fee,416,26.5
FX_fee,417,26.63
FX_fee,418,26.74
FX_fee,419,26.64
FX_fee,421,26.71
FX_fee,420,26.65
FX_fee,422,26.6
FX_fee,423,26.61
FX_fee,424,26.71
FX_fee,425,26.54
FX_fee,426,26.55
FX_fee,427,26.63
FX_fee,428,26.83
FX_fee,429,26.51
FX_fee,430,26.63
FX_fee,431,26.67
FX_fee,432,26.55
FX_fee,433,26.56
FX_fee,434,26.55
FX_fee,435,26.28
FX_fee,436,26.56
FX_fee,437,26.53
FX_fee,438,26.61
FX_fee,439,27.08
FX_fee,440,26.63
FX_fee,441,26.29
FX_fee,442,26.82
FX_fee,443,26.46
FX_fee,444,26.68
FX_fee,445,26.61
FX_fee,446,26.91
FX_fee,447,26.79
FX_fee,448,26.59
FX_fee,449,26.62
FX_fee,450,26.83
FX_fee,451,26.68
FX_fee,452,26.78
FX_fee,453,26.48
FX_fee,454,26.56
FX_fee,455,26.8
FX_fee,456,26.75
FX_fee,457,26.61
FX_fee,458,26.6
FX_fee,459,26.72
FX_fee,460,26.84
FX_fee,461,26.6
FX_fee,462,26.67
FX_fee,463,26.78
FX_fee,464,26.54
FX_fee,465,26.47
FX_fee,466,26.52
FX_fee,467,26.4
FX_fee,468,26.74
FX_fee,469,26.41
FX_fee,470,26.49
FX_fee,471,26.56
FX_fee,472,26.37
FX_fee,473,26.63
FX_fee,474,26.72
FX_fee,475,26.76
FX_fee,476,26.62
FX_fee,477,26.81
FX_fee,478,26.62
FX_fee,479,26.71
FX_fee,480,26.73
FX_fee,481,26.64
FX_fee,482,26.52
FX_fee,483,26.64
FX_fee,484,26.52
FX_fee,485,26.72
FX_fee,486,26.54
FX_fee,487,27.0
FX_fee,488,26.67
FX_fee,489,26.62
FX_fee,490,26.61
FX_fee,491,26.69
FX_fee,492,26.47
FX_fee,493,26.41
FX_fee,494,26.7
FX_fee,495,26.63
FX_fee,496,26.49
FX_fee,497,26.53
FX_fee,498,26.71
FX_fee,499,26.68
FX_fee,500,26.77
FX_fee,501,26.59
FX_fee,502,26.49
FX_fee,503,26.73
FX_fee,504,26.64
FX_fee,505,26.57
FX_fee,506,26.74
FX_fee,507,26.7
FX_fee,508,26.61
FX_fee,509,26.63
FX_fee,510,26.49
FX_fee,511,26.75
FX_fee,512,26.6
FX_fee,513,26.72
FX_fee,514,26.55
FX_fee,515,26.77
FX_fee,516,26.72
FX_fee,517,26.71
FX_fee,518,26.69
FX_fee,519,26.62
FX_fee,520,26.74
FX_fee,521,26.54
FX_fee,522,26.62
FX_fee,523,26.81
FX_fee,524,26.57
FX_fee,526,26.61
FX_fee,525,26.57
FX_fee,527,26.68
FX_fee,528,26.73
FX_fee,529,26.7
FX_fee,530,26.54
FX_fee,531,26.65
FX_fee,532,26.5
FX_fee,534,26.77
FX_fee,533,26.48
FX_fee,535,26.66
FX_fee,537,26.48
FX_fee,536,26.49
FX_fee,538,26.63
FX_fee,539,26.82
FX_fee,540,26.7
FX_fee,541,26.75
FX_fee,542,26.87
FX_fee,543,26.38
FX_fee,545,26.65
FX_fee,544,26.63
FX_fee,546,26.6
FX_fee,547,26.72
FX_fee,548,26.49
FX_fee,549,26.61
FX_fee,550,26.36
FX_fee,551,26.61
FX_fee,552,26.77
FX_fee,553,26.6
FX_fee,554,26.63
FX_fee,555,26.66
FX_fee,556,26.85
FX_fee,557,26.55
FX_fee,558,26.63
FX_fee,559,26.6
FX_fee,561,26.53
FX_fee,560,26.49
FX_fee,562,26.69
FX_fee,563,26.57
FX_fee,564,26.73
FX_fee,565,26.57
FX_fee,566,26.65
FX_fee,567,26.51
FX_fee,568,26.64
FX_fee,569,26.86
FX_fee,570,26.62
FX_fee,571,26.67
FX_fee,572,26.79
FX_fee,573,26.81
FX_fee,574,26.66
FX_fee,575,26.43
FX_fee,576,26.56
FX_fee,577,26.52
FX_fee,578,26.4
FX_fee,579,26.82
FX_fee,580,26.58
FX_fee,582,26.83
FX_fee,581,26.8
FX_fee,583,26.84
FX_fee,584,26.71
FX_fee,585,26.61
FX_fee,586,26.38
FX_fee,587,26.64
FX_fee,588,26.59
FX_fee,590,26.67
FX_fee,589,26.57
FX_fee,592,26.85
FX_fee,591,26.75
FX_fee,593,26.65
FX_fee,594,26.7
FX_fee,595,26.67
FX_fee,596,26.74
FX_fee,597,26.75
FX_fee,598,26.75
FX_fee,599,26.84
FX_fee,600,26.67
FX_fee,601,26.62
FX_fee,602,26.81
FX_fee,603,26.66
FX_fee,604,26.66
FX_fee,605,26.7
FX_fee,606,26.69
FX_fee,607,26.76
FX_fee,608,26.63
FX_fee,609,26.69
FX_fee,610,26.47
FX_fee,611,26.72
FX_fee,612,26.59
FX_fee,614,26.58
FX_fee,613,26.73
FX_fee,615,26.69
FX_fee,616,26.6
FX_fee,617,26.68
FX_fee,618,26.57
FX_fee,619,26.54
FX_fee,621,26.41
FX_fee,620,26.32
FX_fee,622,26.87
FX_fee,623,26.54
FX_fee,625,26.58
FX_fee,624,26.64
FX_fee,626,26.83
FX_fee,627,26.54
FX_fee,628,26.76
FX_fee,629,26.83
FX_fee,630,26.56
FX_fee,631,26.46
FX_fee,632,26.56
FX_fee,633,26.37
FX_fee,634,26.57
FX_fee,635,26.73
FX_fee,636,26.57
FX_fee,637,26.35
FX_fee,638,26.62
FX_fee,639,26.37
FX_fee,640,26.7
FX_fee,641,26.59
FX_fee,642,26.89
FX_fee,643,26.85
FX_fee,644,26.42
FX_fee,645,26.85
FX_fee,646,26.49
FX_fee,647,26.77
FX_fee,648,26.68
FX_fee,649,26.73
FX_fee,650,26.53
FX_fee,651,26.59
FX_fee,652,26.49
FX_fee,653,26.86
FX_fee,654,26.59
FX_fee,655,26.77
FX_fee,656,26.81
FX_fee,657,26.68
FX_fee,658,26.52
FX_fee,659,26.75
FX_fee,660,26.56
FX_fee,661,26.62
FX_fee,662,26.54
FX_fee,663,26.77
FX_fee,664,26.47
FX_fee,665,26.47
FX_fee,666,26.76
FX_fee,667,26.69
FX_fee,668,26.62
FX_fee,669,26.66
FX_fee,670,26.45
FX_fee,671,26.44
FX_fee,672,26.29
FX_fee,673,26.46
FX_fee,674,26.59
FX_fee,676,26.55
FX_fee,675,26.65
FX_fee,677,26.69
FX_fee,679,26.57
FX_fee,678,26.81
FX_fee,680,26.83
FX_fee,682,26.95
FX_fee,681,26.52
FX_fee,683,26.88
FX_fee,684,26.87
FX_fee,685,26.47
FX_fee,686,26.67
FX_fee,687,26.77
FX_fee,688,26.67
FX_fee,689,26.71
FX_fee,690,26.49
FX_fee,691,26.29
FX_fee,692,26.61
FX_fee,693,26.47
FX_fee,694,26.83
FX_fee,695,26.51
FX_fee,696,26.67
FX_fee,698,26.87
FX_fee,697,26.72
FX_fee,699,26.73
FX_fee,700,26.56
FX_fee,701,26.49
FX_fee,702,26.55
FX_fee,703,26.62
FX_fee,704,26.57
FX_fee,705,26.62
FX_fee,706,26.46
FX_fee,707,26.71
FX_fee,708,26.73
FX_fee,709,26.75
FX_fee,710,26.73
FX_fee,711,26.54
FX_fee,712,26.72
FX_fee,713,26.47
FX_fee,714,26.38
FX_fee,715,26.51
FX_fee,716,26.62
FX_fee,717,26.61
FX_fee,718,26.58
FX_fee,719,26.59
FX_fee,720,26.58
FX_fee,721,26.49
FX_fee,722,26.47
FX_fee,723,26.62
FX_fee,724,26.76
FX_fee,725,26.51
FX_fee,726,26.84
FX_fee,727,26.74
FX_fee,728,26.82
FX_fee,729,26.49
FX_fee,730,26.59
FX_fee,731,26.46
FX_fee,732,26.7
FX_fee,733,26.77
FX_fee,734,26.51
FX_fee,735,26.69
FX_fee,736,26.32
FX_fee,737,26.38
FX_fee,738,26.53
FX_fee,739,26.51
FX_fee,740,26.74
FX_fee,741,26.59
FX_fee,742,26.74
FX_fee,743,26.62
FX_fee,744,26.54
FX_fee,745,26.6
FX_fee,746,26.59
FX_fee,747,26.64
FX_fee,748,26.3
FX_fee,749,26.55
FX_fee,751,26.66
FX_fee,750,26.33
FX_fee,752,26.7
FX_fee,753,26.59
FX_fee,754,26.69
FX_fee,755,26.96
FX_fee,757,26.71
FX_fee,756,26.73
FX_fee,758,26.53
FX_fee,759,26.58
FX_fee,760,26.66
FX_fee,762,26.63
FX_fee,761,26.59
FX_fee,763,26.79
FX_fee,764,26.74
FX_fee,765,26.7
FX_fee,766,26.44
FX_fee,767,26.42
FX_fee,768,26.56
FX_fee,769,26.62
FX_fee,770,26.85
FX_fee,771,26.55
FX_fee,772,26.7
FX_fee,773,26.66
FX_fee,775,26.46
FX_fee,774,26.36
FX_fee,776,26.6
FX_fee,777,26.66
FX_fee,778,26.54
FX_fee,779,26.66
FX_fee,780,26.63
FX_fee,781,26.75
FX_fee,782,26.75
FX_fee,783,26.86
FX_fee,784,26.57
FX_fee,785,26.52
FX_fee,786,26.81
FX_fee,787,26.87
FX_fee,788,26.44
FX_fee,789,26.81
FX_fee,792,26.89
FX_fee,791,26.72
FX_fee,790,26.54
FX_fee,793,26.71
FX_fee,794,26.62
FX_fee,795,26.76
FX_fee,796,26.67
FX_fee,797,26.44
FX_fee,798,26.46
FX_fee,799,26.62
FX_fee,800,26.53
FX_fee,801,26.63
FX_fee,802,26.7
FX_fee,803,26.64
FX_fee,804,26.81
FX_fee,805,26.39
FX_fee,806,26.45
FX_fee,808,26.62
FX_fee,807,26.52
FX_fee,809,26.6
FX_fee,810,26.6
FX_fee,811,26.43
FX_fee,812,26.67
FX_fee,813,26.53
FX_fee,814,26.6
FX_fee,815,26.59
FX_fee,816,26.64
FX_fee,817,26.48
FX_fee,818,26.58
FX_fee,819,26.63
FX_fee,820,26.61
FX_fee,822,26.77
FX_fee,821,26.73
FX_fee,824,26.67
FX_fee,823,26.48
FX_fee,825,26.52
FX_fee,826,26.71
FX_fee,827,26.89
FX_fee,828,26.79
FX_fee,829,26.72
FX_fee,831,26.72
FX_fee,830,26.68
FX_fee,832,26.65
FX_fee,833,26.81
FX_fee,834,26.65
FX_fee,835,26.57
FX_fee,836,26.71
FX_fee,837,26.44
FX_fee,838,26.74
FX_fee,840,26.55
FX_fee,839,26.56
FX_fee,841,26.56
FX_fee,842,26.39
FX_fee,843,26.62
FX_fee,844,26.67
FX_fee,845,26.71
FX_fee,847,26.61
FX_fee,846,26.55
FX_fee,848,26.64
FX_fee,849,26.53
FX_fee,850,26.55
FX_fee,851,26.67
FX_fee,852,26.81
FX_fee,853,26.66
FX_fee,854,26.4
FX_fee,856,26.62
FX_fee,855,26.44
FX_fee,857,26.54
FX_fee,858,26.5
FX_fee,859,26.59
FX_fee,860,26.67
FX_fee,861,26.8
FX_fee,863,26.8
FX_fee,862,26.4
FX_fee,864,26.72
FX_fee,865,26.71
FX_fee,866,26.59
FX_fee,867,26.56
FX_fee,869,26.65
FX_fee,868,26.41
FX_fee,871,26.77
FX_fee,870,26.27
FX_fee,872,26.79
FX_fee,873,26.66
FX_fee,874,26.6
FX_fee,875,26.68
FX_fee,876,26.57
FX_fee,877,26.38
FX_fee,879,26.77
FX_fee,878,26.63
FX_fee,880,26.89
FX_fee,881,26.41
FX_fee,882,26.72
FX_fee,883,26.6
FX_fee,884,26.57
FX_fee,885,26.53
FX_fee,887,26.68
FX_fee,886,26.26
FX_fee,888,26.44
FX_fee,889,26.6
FX_fee,890,26.84
FX_fee,891,26.68
FX_fee,892,26.6
FX_fee,895,26.87
FX_fee,893,26.55
FX_fee,894,26.4
FX_fee,896,26.67
FX_fee,897,26.75
FX_fee,898,26.63
FX_fee,899,26.6
FX_fee,900,26.78
FX_fee,901,26.66
FX_fee,902,26.47
FX_fee,903,26.46
FX_fee,904,26.72
FX_fee,905,26.91
FX_fee,906,26.53
FX_fee,907,26.54
FX_fee,908,26.6
FX_fee,909,26.58
FX_fee,910,26.65
FX_fee,911,26.58
FX_fee,912,26.44
FX_fee,913,26.65
FX_fee,914,26.62
FX_fee,915,26.39
FX_fee,916,26.74
FX_fee,917,26.73
FX_fee,918,26.5
FX_fee,919,26.45
FX_fee,921,26.64
FX_fee,920,26.36
FX_fee,922,26.54
FX_fee,923,26.62
FX_fee,924,26.35
FX_fee,925,26.65
FX_fee,926,26.67
FX_fee,927,26.67
FX_fee,929,26.51
FX_fee,928,26.86
FX_fee,930,26.42
FX_fee,931,26.6
FX_fee,932,26.55
FX_fee,933,26.61
FX_fee,935,26.75
FX_fee,936,26.73
FX_fee,934,26.55
FX_fee,937,26.64
FX_fee,938,26.5
FX_fee,939,26.39
FX_fee,940,26.62
FX_fee,941,26.87
FX_fee,945,26.62
FX_fee,942,26.7
FX_fee,943,26.78
FX_fee,944,26.85
FX_fee,946,26.62
FX_fee,947,26.7
FX_fee,948,26.67
FX_fee,949,26.5
FX_fee,951,26.6
FX_fee,950,26.79
FX_fee,952,26.39
FX_fee,953,26.63
FX_fee,954,26.69
FX_fee,955,26.57
FX_fee,956,26.51
FX_fee,957,26.68
FX_fee,960,26.66
FX_fee,958,26.78
FX_fee,959,26.68
FX_fee,961,26.74
FX_fee,962,26.49
FX_fee,963,26.7
FX_fee,964,26.85
FX_fee,965,26.79
FX_fee,968,26.96
FX_fee,967,26.55
FX_fee,966,26.74
FX_fee,969,26.57
FX_fee,970,26.48
FX_fee,971,26.75
FX_fee,972,26.54
FX_fee,973,26.54
FX_fee,974,26.66
FX_fee,975,26.89
FX_fee,976,26.42
FX_fee,977,26.79
FX_fee,978,26.63
FX_fee,979,26.78
FX_fee,980,26.63
FX_fee,981,26.46
FX_fee,982,26.56
FX_fee,983,26.33
FX_fee,984,26.81
FX_fee,985,26.56
FX_fee,987,26.53
FX_fee,986,26.85
FX_fee,988,26.68
FX_fee,989,26.55
FX_fee,990,26.76
FX_fee,991,26.83
FX_fee,992,26.9
FX_fee,993,26.46
FX_fee,994,26.61
FX_fee,995,26.57
FX_fee,996,26.93
FX_fee,998,26.73
FX_fee,997,26.79
FX_fee,999,26.77
DA_fee,1,26.06
DA_fee,0,28.07
DA_fee,2,26.5
DA_fee,3,26.98
DA_fee,4,27.04
DA_fee,5,27.09
DA_fee,6,27.18
DA_fee,7,26.01
DA_fee,8,27.14
DA_fee,9,27.47
DA_fee,10,27.41
DA_fee,11,26.43
DA_fee,12,26.8
DA_fee,13,26.52
DA_fee,14,26.77
DA_fee,15,26.16
DA_fee,16,27.31
DA_fee,17,26.32
DA_fee,18,26.16
DA_fee,19,27.32
DA_fee,20,26.83
DA_fee,21,28.16
DA_fee,22,27.27
DA_fee,23,26.23
DA_fee,24,26.38
DA_fee,25,25.31
DA_fee,26,26.64
DA_fee,27,28.63
DA_fee,28,25.15
DA_fee,29,27.53
DA_fee,30,27.64
DA_fee,31,27.7
DA_fee,32,26.56
DA_fee,33,27.53
DA_fee,34,26.15
DA_fee,35,27.61
DA_fee,36,27.05
DA_fee,37,25.96
DA_fee,38,27.26
DA_fee,39,26.56
DA_fee,40,26.35
DA_fee,41,26.81
DA_fee,42,26.92
DA_fee,43,26.64
DA_fee,44,27.02
DA_fee,45,27.32
DA_fee,46,26.61
DA_fee,47,27.58
DA_fee,49,26.78
DA_fee,48,26.79
DA_fee,50,27.82
DA_fee,51,26.74
DA_fee,52,26.91
DA_fee,53,26.08
DA_fee,54,26.61
DA_fee,55,26.45
DA_fee,56,26.61
DA_fee,57,25.66
DA_fee,58,26.94
DA_fee,59,26.17
DA_fee,60,26.67
DA_fee,61,25.59
DA_fee,62,27.61
DA_fee,63,26.48
DA_fee,64,27.81
DA_fee,65,27.24
DA_fee,66,26.4
DA_fee,67,26.44
DA_fee,68,26.59
DA_fee,69,27.24
DA_fee,71,25.65
DA_fee,70,27.28
DA_fee,72,26.0
DA_fee,73,26.76
DA_fee,74,27.9
DA_fee,75,25.15
DA_fee,76,26.94
DA_fee,77,26.21
DA_fee,78,26.17
DA_fee,79,26.42
DA_fee,80,25.81
DA_fee,81,27.28
DA_fee,82,27.41
DA_fee,83,25.55
DA_fee,84,26.7
DA_fee,85,27.18
DA_fee,86,27.03
DA_fee,87,25.71
DA_fee,88,26.53
DA_fee,89,26.29
DA_fee,90,25.68
DA_fee,91,27.42
DA_fee,93,27.51
DA_fee,92,26.7
DA_fee,94,26.6
DA_fee,95,27.4
DA_fee,96,27.01
DA_fee,97,25.51
DA_fee,98,26.16
DA_fee,99,27.2
DA_fee,100,25.37
DA_fee,101,26.37
DA_fee,102,26.89
DA_fee,103,26.31
DA_fee,104,26.78
DA_fee,105,25.05
DA_fee,106,26.75
DA_fee,107,25.73
DA_fee,108,26.37
DA_fee,109,26.75
DA_fee,110,26.58
DA_fee,111,27.13
DA_fee,112,26.29
DA_fee,113,25.87
DA_fee,114,27.18
DA_fee,115,26.87
DA_fee,116,27.62
DA_fee,117,26.3
DA_fee,118,28.09
DA_fee,119,27.16
DA_fee,120,26.93
DA_fee,121,25.32
DA_fee,122,27.15
DA_fee,123,29.44
DA_fee,124,27.29
DA_fee,125,26.95
DA_fee,126,27.5
DA_fee,127,26.23
DA_fee,128,26.67
DA_fee,129,27.72
DA_fee,131,27.39
DA_fee,130,27.01
DA_fee,132,26.69
DA_fee,133,27.45
DA_fee,134,27.74
DA_fee,135,25.86
DA_fee,136,26.25
DA_fee,137,28.09
DA_fee,138,27.22
DA_fee,139,26.8
DA_fee,140,27.6
DA_fee,141,27.19
DA_fee,142,27.02
DA_fee,143,26.84
DA_fee,144,26.37
DA_fee,145,26.86
DA_fee,146,26.27
DA_fee,147,26.85
DA_fee,148,27.11
DA_fee,149,26.92
DA_fee,150,26.79
DA_fee,151,27.57
DA_fee,152,26.11
DA_fee,153,27.23
DA_fee,154,26.54
DA_fee,155,27.38
DA_fee,156,26.58
DA_fee,157,27.08
DA_fee,158,26.0
DA_fee,159,27.69
DA_fee,160,25.83
DA_fee,161,26.62
DA_fee,162,26.3
DA_fee,163,27.2
DA_fee,164,25.84
DA_fee,165,27.14
DA_fee,166,27.95
DA_fee,167,25.61
DA_fee,168,27.14
DA_fee,169,27.5
DA_fee,170,27.37
DA_fee,171,25.41
DA_fee,172,26.03
DA_fee,173,27.59
DA_fee,174,28.13
DA_fee,175,26.32
DA_fee,176,28.06
DA_fee,177,26.68
DA_fee,178,27.2
DA_fee,179,26.86
DA_fee,180,26.85
DA_fee,181,26.98
DA_fee,182,26.99
DA_fee,183,26.69
DA_fee,184,27.08
DA_fee,185,25.77
DA_fee,187,26.18
DA_fee,186,26.89
DA_fee,188,27.46
DA_fee,189,27.2
DA_fee,190,27.83
DA_fee,192,25.78
DA_fee,191,27.23
DA_fee,193,26.49
DA_fee,194,25.99
DA_fee,195,25.24
DA_fee,196,26.02
DA_fee,197,27.04
DA_fee,198,26.32
DA_fee,200,27.79
DA_fee,199,28.31
DA_fee,201,27.04
DA_fee,202,25.7
DA_fee,203,26.58
DA_fee,204,26.9
DA_fee,205,25.34
DA_fee,206,27.08
DA_fee,208,25.65
DA_fee,207,26.7
DA_fee,209,25.14
DA_fee,210,26.98
DA_fee,211,26.3
DA_fee,212,27.07
DA_fee,213,26.62
DA_fee,214,26.08
DA_fee,215,26.95
DA_fee,216,27.47
DA_fee,217,25.3
DA_fee,218,26.52
DA_fee,219,26.97
DA_fee,220,27.37
DA_fee,221,26.72
DA_fee,222,26.65
DA_fee,223,27.23
DA_fee,224,24.49
DA_fee,225,26.93
DA_fee,226,26.49
DA_fee,227,26.92
DA_fee,228,27.17
DA_fee,229,27.41
DA_fee,230,27.75
DA_fee,231,26.98
DA_fee,232,26.4
DA_fee,233,26.29
DA_fee,234,26.41
DA_fee,235,27.35
DA_fee,236,25.9
DA_fee,237,26.74
DA_fee,238,26.85
DA_fee,239,27.18
DA_fee,240,27.9
DA_fee,241,26.79
DA_fee,242,26.03
DA_fee,243,26.44
DA_fee,244,27.19
DA_fee,245,26.96
DA_fee,246,26.94
DA_fee,247,28.34
DA_fee,248,25.74
DA_fee,249,27.27
DA_fee,250,24.64
DA_fee,251,25.62
DA_fee,252,26.53
DA_fee,253,27.22
DA_fee,254,24.76
DA_fee,255,26.75
DA_fee,256,26.1
DA_fee,257,26.88
DA_fee,258,27.19
DA_fee,259,26.66
DA_fee,260,26.71
DA_fee,261,27.08
DA_fee,262,27.24
DA_fee,263,27.07
DA_fee,264,25.54
DA_fee,265,26.41
DA_fee,266,25.96
DA_fee,267,27.21
DA_fee,268,27.36
DA_fee,269,27.48
DA_fee,270,26.26
DA_fee,271,25.96
DA_fee,272,26.92
DA_fee,273,26.9
DA_fee,274,26.7
DA_fee,275,27.06
DA_fee,276,26.97
DA_fee,277,26.55
DA_fee,278,26.37
DA_fee,279,27.9
DA_fee,280,26.5
DA_fee,281,27.9
DA_fee,282,25.88
DA_fee,283,27.07
DA_fee,284,25.16
DA_fee,285,26.09
DA_fee,286,28.37
DA_fee,287,26.89
DA_fee,288,27.04
DA_fee,289,28.46
DA_fee,290,27.15
DA_fee,291,26.87
DA_fee,292,26.1
DA_fee,293,26.87
DA_fee,294,27.29
DA_fee,295,27.3
DA_fee,296,27.22
DA_fee,297,27.21
DA_fee,298,24.97
DA_fee,299,26.29
DA_fee,300,26.44
DA_fee,301,26.86
DA_fee,303,27.24
DA_fee,302,26.54
DA_fee,304,27.38
DA_fee,305,26.59
DA_fee,307,26.44
DA_fee,306,27.13
DA_fee,308,26.78
DA_fee,309,27.56
DA_fee,310,27.37
DA_fee,311,25.81
DA_fee,312,25.95
DA_fee,313,26.92
DA_fee,314,26.33
DA_fee,315,27.63
DA_fee,316,27.19
DA_fee,317,27.06
DA_fee,318,27.09
DA_fee,319,26.86
DA_fee,320,26.43
DA_fee,321,26.73
DA_fee,322,27.46
DA_fee,323,27.06
DA_fee,324,27.34
DA_fee,325,26.91
DA_fee,326,25.83
DA_fee,327,26.35
DA_fee,329,27.12
DA_fee,328,26.66
DA_fee,331,26.51
DA_fee,330,27.12
DA_fee,332,27.39
DA_fee,333,26.62
DA_fee,334,27.41
DA_fee,335,27.64
DA_fee,336,26.44
DA_fee,337,27.03
DA_fee,338,27.14
DA_fee,339,26.87
DA_fee,340,26.95
DA_fee,341,26.27
DA_fee,342,27.04
DA_fee,343,26.46
DA_fee,344,27.7
DA_fee,345,26.07
DA_fee,347,25.23
DA_fee,346,25.96
DA_fee,348,27.34
DA_fee,349,26.37
DA_fee,350,25.67
DA_fee,351,26.04
DA_fee,352,28.84
DA_fee,353,26.98
DA_fee,354,27.57
DA_fee,355,27.27
DA_fee,356,26.34
DA_fee,358,27.32
DA_fee,357,27.05
DA_fee,359,26.87
DA_fee,360,26.86
DA_fee,361,27.7
DA_fee,362,26.32
DA_fee,363,26.95
DA_fee,364,27.04
DA_fee,366,26.48
DA_fee,365,26.76
DA_fee,367,26.62
DA_fee,368,27.24
DA_fee,369,26.97
DA_fee,370,28.98
DA_fee,371,26.7
DA_fee,372,27.15
DA_fee,373,25.74
DA_fee,374,27.24
DA_fee,375,26.66
DA_fee,376,25.79
DA_fee,377,27.57
DA_fee,378,27.1
DA_fee,379,25.47
DA_fee,380,27.68
DA_fee,382,25.31
DA_fee,381,26.97
DA_fee,383,26.76
DA_fee,384,26.66
DA_fee,385,27.1
DA_fee,386,27.11
DA_fee,387,26.8
DA_fee,388,27.15
DA_fee,389,26.39
DA_fee,390,25.78
DA_fee,391,27.11
DA_fee,392,26.32
DA_fee,393,27.29
DA_fee,394,26.85
DA_fee,396,26.07
DA_fee,395,26.24
DA_fee,397,27.52
DA_fee,398,27.09
DA_fee,399,28.05
DA_fee,400,26.79
DA_fee,402,26.41
DA_fee,401,26.28
DA_fee,404,26.82
DA_fee,403,26.82
DA_fee,405,26.72
DA_fee,406,26.66
DA_fee,407,26.59
DA_fee,408,27.7
DA_fee,409,27.24
DA_fee,410,26.64
DA_fee,412,24.94
DA_fee,411,26.66
DA_fee,413,26.81
DA_fee,414,27.94
DA_fee,415,27.52
DA_fee,416,27.13
DA_fee,417,26.75
DA_fee,419,26.22
DA_fee,418,25.97
DA_fee,420,26.84
DA_fee,421,26.83
DA_fee,422,26.63
DA_fee,423,26.5
DA_fee,424,27.35
DA_fee,425,26.63
DA_fee,426,26.2
DA_fee,427,27.87
DA_fee,428,27.18
DA_fee,429,27.21
DA_fee,430,26.11
DA_fee,431,27.14
DA_fee,432,26.74
DA_fee,433,26.11
DA_fee,434,27.31
DA_fee,435,27.09
DA_fee,436,27.1
DA_fee,437,25.25
DA_fee,438,27.23
DA_fee,439,26.64
DA_fee,440,26.97
DA_fee,441,26.99
DA_fee,442,25.19
DA_fee,443,27.27
DA_fee,444,26.86
DA_fee,445,25.41
DA_fee,446,26.34
DA_fee,447,27.22
DA_fee,448,26.32
DA_fee,450,24.99
DA_fee,449,27.41
DA_fee,451,26.75
DA_fee,452,27.77
DA_fee,453,25.62
DA_fee,454,25.98
DA_fee,455,26.25
DA_fee,456,25.56
DA_fee,458,27.46
DA_fee,457,26.9
DA_fee,460,26.04
DA_fee,459,26.09
DA_fee,461,27.35
DA_fee,462,27.97
DA_fee,463,25.31
DA_fee,464,27.08
DA_fee,465,27.06
DA_fee,466,26.03
DA_fee,467,26.75
DA_fee,468,27.65
DA_fee,469,26.74
DA_fee,470,25.92
DA_fee,471,27.42
DA_fee,472,26.94
DA_fee,474,27.26
DA_fee,473,28.4
DA_fee,475,26.17
DA_fee,476,26.61
DA_fee,477,27.19
DA_fee,478,26.13
DA_fee,479,27.26
DA_fee,480,26.88
DA_fee,481,26.27
DA_fee,482,26.2
DA_fee,483,27.32
DA_fee,485,26.97
DA_fee,484,26.71
DA_fee,486,27.36
DA_fee,487,27.27
DA_fee,488,26.5
DA_fee,489,27.69
DA_fee,490,26.22
DA_fee,491,26.62
DA_fee,492,26.75
DA_fee,493,26.22
DA_fee,494,27.1
DA_fee,495,27.31
DA_fee,496,26.66
DA_fee,498,26.85
DA_fee,497,24.54
DA_fee,500,26.34
DA_fee,499,27.04
DA_fee,501,26.88
DA_fee,502,27.12
DA_fee,503,26.6
DA_fee,504,27.45
DA_fee,505,27.3
DA_fee,506,27.11
DA_fee,507,27.48
DA_fee,508,26.68
DA_fee,509,26.33
DA_fee,510,27.22
DA_fee,511,26.71
DA_fee,512,26.83
DA_fee,514,26.39
DA_fee,513,27.15
DA_fee,515,27.71
DA_fee,516,27.57
DA_fee,517,27.38
DA_fee,518,26.66
DA_fee,519,25.52
DA_fee,520,27.16
DA_fee,521,25.47
DA_fee,522,26.23
DA_fee,523,26.25
DA_fee,524,26.18
DA_fee,525,27.67
DA_fee,526,27.06
DA_fee,527,26.54
DA_fee,528,26.98
DA_fee,530,25.81
DA_fee,529,27.48
DA_fee,531,27.84
DA_fee,532,27.15
DA_fee,533,26.68
DA_fee,534,26.89
DA_fee,535,26.21
DA_fee,536,27.4
DA_fee,537,26.25
DA_fee,538,26.37
DA_fee,539,27.14
DA_fee,540,26.78
DA_fee,541,25.71
DA_fee,542,27.44
DA_fee,543,25.33
DA_fee,544,26.77
DA_fee,545,25.52
DA_fee,546,27.73
DA_fee,547,27.51
DA_fee,548,26.6
DA_fee,549,26.18
DA_fee,550,27.12
DA_fee,551,25.66
DA_fee,552,26.63
DA_fee,553,27.24
DA_fee,554,27.08
DA_fee,555,27.11
DA_fee,556,27.08
DA_fee,557,24.34
DA_fee,558,27.71
DA_fee,559,26.53
DA_fee,560,26.55
DA_fee,561,26.56
DA_fee,562,27.22
DA_fee,563,26.12
DA_fee,564,26.79
DA_fee,565,25.78
DA_fee,566,27.24
DA_fee,567,27.26
DA_fee,568,26.99
DA_fee,569,26.52
DA_fee,570,26.29
DA_fee,571,26.67
DA_fee,572,26.96
DA_fee,573,26.21
DA_fee,574,27.4
DA_fee,575,27.18
DA_fee,576,26.24
DA_fee,577,26.94
DA_fee,578,25.9
DA_fee,579,25.96
DA_fee,580,28.48
DA_fee,581,27.19
DA_fee,582,26.78
DA_fee,583,26.93
DA_fee,584,25.45
DA_fee,585,27.29
DA_fee,586,25.73
DA_fee,587,26.57
DA_fee,588,24.61
DA_fee,589,26.17
DA_fee,590,27.49
DA_fee,591,27.6
DA_fee,592,26.69
DA_fee,593,28.26
DA_fee,594,26.67
DA_fee,595,26.23
DA_fee,596,28.14
DA_fee,597,26.92
DA_fee,598,26.86
DA_fee,599,27.07
DA_fee,600,26.39
DA_fee,601,26.81
DA_fee,602,27.0
DA_fee,603,26.89
DA_fee,604,27.45
DA_fee,605,27.01
DA_fee,607,27.46
DA_fee,606,25.7
DA_fee,608,27.96
DA_fee,609,25.89
DA_fee,610,27.69
DA_fee,611,27.3
DA_fee,612,26.57
DA_fee,613,26.82
DA_fee,614,27.22
DA_fee,615,25.24
DA_fee,616,26.63
DA_fee,617,26.9
DA_fee,618,26.86
DA_fee,619,26.65
DA_fee,620,26.22
DA_fee,621,26.69
DA_fee,622,26.5
DA_fee,623,26.29
DA_fee,624,27.25
DA_fee,625,25.98
DA_fee,626,27.21
DA_fee,627,26.93
DA_fee,628,26.6
DA_fee,629,27.35
DA_fee,631,27.27
DA_fee,630,26.97
DA_fee,632,26.91
DA_fee,633,27.0
DA_fee,635,27.18
DA_fee,634,27.0
DA_fee,636,26.66
DA_fee,637,27.14
DA_fee,638,26.99
DA_fee,639,27.02
DA_fee,640,26.82
DA_fee,641,26.45
DA_fee,642,26.66
DA_fee,643,26.04
DA_fee,644,25.5
DA_fee,645,27.49
DA_fee,646,26.58
DA_fee,647,27.56
DA_fee,648,26.75
DA_fee,649,26.86
DA_fee,650,26.4
DA_fee,651,26.62
DA_fee,652,26.73
DA_fee,653,25.08
DA_fee,655,26.91
DA_fee,654,27.05
DA_fee,656,26.12
DA_fee,657,27.57
DA_fee,659,25.11
DA_fee,658,25.57
DA_fee,660,28.27
DA_fee,661,27.59
DA_fee,662,25.05
DA_fee,663,27.39
DA_fee,664,25.85
DA_fee,665,26.09
DA_fee,667,26.56
DA_fee,666,26.14
DA_fee,668,27.46
DA_fee,669,27.51
DA_fee,670,26.18
DA_fee,671,26.73
DA_fee,672,27.49
DA_fee,673,24.0
DA_fee,674,26.73
DA_fee,675,26.7
DA_fee,676,26.95
DA_fee,677,27.72
DA_fee,678,27.18
DA_fee,679,26.74
DA_fee,680,27.37
DA_fee,681,27.72
DA_fee,683,28.68
DA_fee,682,27.26
DA_fee,684,26.94
DA_fee,685,26.09
DA_fee,686,26.74
DA_fee,687,27.24
DA_fee,688,27.53
DA_fee,689,27.91
DA_fee,690,25.44
DA_fee,691,27.24
DA_fee,692,27.88
DA_fee,694,26.61
DA_fee,693,25.22
DA_fee,695,26.55
DA_fee,696,26.94
DA_fee,697,27.55
DA_fee,698,26.52
DA_fee,699,29.48
DA_fee,700,26.96
DA_fee,701,26.89
DA_fee,702,27.4
DA_fee,703,27.31
DA_fee,704,27.17
DA_fee,705,27.15
DA_fee,706,26.98
DA_fee,707,26.2
DA_fee,708,27.33
DA_fee,710,27.28
DA_fee,709,27.07
DA_fee,711,27.85
DA_fee,712,26.19
DA_fee,713,27.05
DA_fee,714,26.19
DA_fee,715,26.82
DA_fee,716,26.99
DA_fee,717,26.66
DA_fee,718,28.03
DA_fee,719,26.72
DA_fee,720,26.72
DA_fee,721,25.92
DA_fee,723,26.8
DA_fee,722,27.12
DA_fee,724,25.89
DA_fee,725,26.66
DA_fee,726,27.1
DA_fee,727,26.24
DA_fee,728,25.78
DA_fee,729,25.36
DA_fee,730,27.13
DA_fee,731,26.98
DA_fee,732,26.92
DA_fee,734,27.23
DA_fee,733,26.36
DA_fee,735,27.35
DA_fee,736,26.49
DA_fee,737,26.74
DA_fee,738,25.71
DA_fee,739,27.88
DA_fee,740,26.92
DA_fee,742,29.08
DA_fee,741,27.24
DA_fee,743,25.63
DA_fee,744,26.34
DA_fee,745,26.57
DA_fee,746,26.07
DA_fee,747,27.45
DA_fee,748,26.82
DA_fee,750,24.68
DA_fee,749,25.64
DA_fee,751,27.04
DA_fee,752,26.19
DA_fee,754,27.95
DA_fee,753,25.72
DA_fee,755,27.05
DA_fee,756,27.9
DA_fee,757,25.97
DA_fee,759,27.99
DA_fee,758,27.46
DA_fee,760,24.64
DA_fee,761,27.59
DA_fee,763,26.68
DA_fee,762,26.94
DA_fee,764,27.11
DA_fee,765,26.96
DA_fee,767,26.17
DA_fee,766,25.91
DA_fee,768,26.78
DA_fee,769,27.22
DA_fee,770,27.09
DA_fee,771,26.48
DA_fee,772,27.85
DA_fee,773,27.02
DA_fee,774,26.69
DA_fee,775,25.86
DA_fee,776,26.51
DA_fee,777,27.16
DA_fee,778,26.54
DA_fee,779,26.13
DA_fee,780,27.48
DA_fee,781,26.55
DA_fee,783,27.62
DA_fee,782,27.26
DA_fee,784,26.62
DA_fee,785,26.71
DA_fee,786,27.56
DA_fee,787,26.96
DA_fee,788,24.51
DA_fee,789,26.76
DA_fee,791,27.36
DA_fee,790,26.86
DA_fee,792,26.54
DA_fee,793,27.34
DA_fee,794,27.04
DA_fee,795,27.34
DA_fee,796,27.48
DA_fee,797,25.74
DA_fee,798,27.41
DA_fee,799,26.81
DA_fee,801,26.98
DA_fee,800,26.33
DA_fee,802,28.01
DA_fee,803,27.97
DA_fee,804,26.22
DA_fee,805,26.03
DA_fee,806,26.43
DA_fee,807,27.57
DA_fee,808,27.57
DA_fee,809,26.1
DA_fee,810,25.7
DA_fee,811,26.83
DA_fee,812,25.7
DA_fee,813,27.31
DA_fee,814,27.76
DA_fee,815,26.05
DA_fee,816,26.15
DA_fee,817,25.01
DA_fee,818,26.81
DA_fee,819,25.71
DA_fee,820,27.47
DA_fee,821,26.91
DA_fee,822,25.97
DA_fee,823,26.49
DA_fee,824,27.3
DA_fee,825,27.23
DA_fee,826,26.87
DA_fee,827,27.01
DA_fee,828,27.86
DA_fee,829,26.4
DA_fee,830,26.23
DA_fee,831,27.17
DA_fee,832,26.25
DA_fee,833,26.71
DA_fee,834,27.04
DA_fee,835,27.29
DA_fee,836,26.78
DA_fee,837,27.32
DA_fee,838,26.8
DA_fee,839,27.37
DA_fee,841,25.32
DA_fee,840,25.87
DA_fee,842,26.79
DA_fee,843,27.38
DA_fee,845,27.37
DA_fee,844,26.73
DA_fee,846,23.64
DA_fee,847,26.57
DA_fee,849,26.99
DA_fee,848,26.88
DA_fee,850,26.02
DA_fee,851,25.99
DA_fee,852,26.88
DA_fee,853,26.64
DA_fee,854,25.39
DA_fee,855,27.39
DA_fee,856,26.96
DA_fee,857,27.03
DA_fee,858,26.54
DA_fee,859,27.32
DA_fee,860,26.91
DA_fee,861,27.66
DA_fee,862,27.38
DA_fee,863,27.3
DA_fee,864,25.67
DA_fee,865,26.97
DA_fee,866,27.89
DA_fee,867,27.03
DA_fee,868,27.2
DA_fee,869,25.89
DA_fee,870,26.31
DA_fee,871,26.89
DA_fee,872,26.7
DA_fee,873,27.28
DA_fee,874,26.52
DA_fee,875,27.55
DA_fee,876,27.32
DA_fee,877,26.97
DA_fee,878,26.59
DA_fee,880,27.07
DA_fee,879,27.29
DA_fee,882,26.66
DA_fee,881,27.08
DA_fee,883,26.92
DA_fee,884,27.1
DA_fee,885,27.67
DA_fee,886,26.37
DA_fee,887,27.26
DA_fee,888,25.67
DA_fee,889,26.57
DA_fee,890,27.41
DA_fee,891,26.22
DA_fee,893,26.75
DA_fee,892,27.97
DA_fee,894,26.03
DA_fee,895,27.07
DA_fee,896,26.28
DA_fee,897,25.73
DA_fee,898,27.46
DA_fee,899,27.23
DA_fee,900,27.05
DA_fee,901,27.41
DA_fee,902,29.25
DA_fee,903,26.52
DA_fee,904,26.98
DA_fee,905,26.61
DA_fee,906,27.04
DA_fee,907,27.23
DA_fee,908,27.91
DA_fee,909,27.14
DA_fee,910,27.22
DA_fee,911,26.19
DA_fee,913,27.06
DA_fee,912,26.58
DA_fee,914,26.63
DA_fee,915,26.83
DA_fee,916,26.31
DA_fee,917,26.69
DA_fee,918,27.06
DA_fee,919,25.61
DA_fee,920,26.16
DA_fee,921,26.88
DA_fee,922,26.94
DA_fee,923,26.52
DA_fee,924,25.83
DA_fee,925,26.51
DA_fee,926,28.46
DA_fee,927,27.08
DA_fee,928,27.77
DA_fee,929,26.65
DA_fee,930,25.19
DA_fee,931,26.63
DA_fee,932,26.97
DA_fee,933,27.36
DA_fee,934,26.58
DA_fee,935,26.79
DA_fee,936,27.07
DA_fee,938,26.06
DA_fee,937,28.29
DA_fee,939,28.08
DA_fee,940,27.81
DA_fee,941,26.57
DA_fee,942,27.2
DA_fee,943,26.89
DA_fee,944,27.57
DA_fee,946,26.77
DA_fee,945,26.94
DA_fee,947,27.31
DA_fee,948,26.44
DA_fee,949,26.43
DA_fee,950,27.1
DA_fee,951,27.34
DA_fee,952,26.68
DA_fee,953,26.69
DA_fee,954,27.19
DA_fee,955,26.6
DA_fee,956,27.08
DA_fee,957,25.93
DA_fee,958,27.05
DA_fee,959,26.68
DA_fee,960,26.9
DA_fee,961,28.27
DA_fee,962,26.85
DA_fee,963,26.56
DA_fee,964,27.2
DA_fee,965,26.75
DA_fee,966,26.78
DA_fee,967,26.94
DA_fee,968,26.48
DA_fee,969,27.44
DA_fee,970,26.51
DA_fee,971,26.77
DA_fee,972,27.51
DA_fee,973,27.19
DA_fee,975,26.92
DA_fee,974,26.93
DA_fee,976,26.88
DA_fee,977,27.94
DA_fee,978,26.68
DA_fee,979,27.12
DA_fee,980,26.74
DA_fee,981,24.65
DA_fee,982,27.04
DA_fee,983,25.54
DA_fee,984,28.74
DA_fee,985,27.02
DA_fee,986,27.09
DA_fee,987,25.71
DA_fee,988,25.93
DA_fee,990,26.97
DA_fee,989,27.07
DA_fee,991,27.94
DA_fee,992,28.44
DA_fee,993,25.27
DA_fee,994,26.42
DA_fee,995,27.38
DA_fee,996,27.26
DA_fee,998,27.01
DA_fee,997,27.92
DA_fee,999,27.07
BA_fee,0,26.24
BA_fee,1,26.61
BA_fee,2,27.84
BA_fee,3,26.9
BA_fee,4,26.45
BA_fee,6,26.92
BA_fee,5,25.65
BA_fee,7,27.06
BA_fee,8,26.59
BA_fee,9,25.26
BA_fee,10,25.45
BA_fee,11,26.86
BA_fee,12,26.27
BA_fee,14,25.82
BA_fee,13,25.94
BA_fee,15,27.04
BA_fee,16,25.86
BA_fee,17,28.18
BA_fee,18,27.47
BA_fee,19,26.45
BA_fee,20,26.04
BA_fee,22,26.6
BA_fee,21,28.34
BA_fee,23,27.22
BA_fee,24,26.17
BA_fee,25,27.31
BA_fee,26,26.76
BA_fee,27,25.61
BA_fee,28,27.75
BA_fee,29,26.8
BA_fee,30,26.94
BA_fee,31,27.41
BA_fee,32,26.84
BA_fee,33,27.51
BA_fee,34,26.98
BA_fee,35,25.79
BA_fee,36,26.88
BA_fee,37,26.58
BA_fee,38,27.9
BA_fee,39,26.9
BA_fee,40,26.57
BA_fee,41,26.57
BA_fee,42,26.51
BA_fee,43,26.48
BA_fee,44,26.04
BA_fee,45,26.18
BA_fee,46,26.22
BA_fee,47,26.73
BA_fee,48,26.23
BA_fee,49,26.61
BA_fee,50,26.22
BA_fee,51,26.76
BA_fee,52,25.96
BA_fee,53,26.92
BA_fee,54,26.79
BA_fee,55,26.07
BA_fee,56,25.51
BA_fee,57,26.87
BA_fee,58,26.2
BA_fee,59,26.77
BA_fee,60,26.45
BA_fee,61,28.16
BA_fee,62,25.53
BA_fee,63,26.64
BA_fee,64,28.38
BA_fee,65,26.0
BA_fee,67,27.09
BA_fee,66,25.68
BA_fee,68,26.91
BA_fee,69,26.3
BA_fee,70,27.09
BA_fee,71,26.62
BA_fee,72,26.14
BA_fee,73,25.52
BA_fee,75,26.9
BA_fee,74,27.35
BA_fee,76,26.58
BA_fee,77,26.43
BA_fee,79,26.39
BA_fee,78,26.37
BA_fee,80,27.41
BA_fee,81,26.56
BA_fee,83,27.3
BA_fee,82,26.92
BA_fee,84,26.9
BA_fee,85,27.42
BA_fee,86,25.61
BA_fee,87,27.36
BA_fee,88,26.82
BA_fee,89,26.36
BA_fee,91,25.73
BA_fee,90,26.69
BA_fee,92,27.22
BA_fee,94,27.14
BA_fee,93,26.81
BA_fee,95,26.78
BA_fee,96,25.69
BA_fee,97,27.54
BA_fee,98,26.15
BA_fee,100,26.24
BA_fee,99,26.41
BA_fee,101,25.82
BA_fee,102,26.43
BA_fee,103,26.29
BA_fee,104,26.17
BA_fee,105,28.34
BA_fee,108,26.6
BA_fee,106,26.51
BA_fee,107,26.69
BA_fee,109,25.04
BA_fee,110,26.31
BA_fee,111,26.77
BA_fee,112,26.88
BA_fee,113,25.87
BA_fee,114,26.15
BA_fee,115,26.82
BA_fee,116,26.48
BA_fee,117,27.17
BA_fee,118,27.63
BA_fee,119,26.54
BA_fee,120,26.47
BA_fee,121,27.95
BA_fee,122,25.93
BA_fee,123,24.75
BA_fee,124,26.67
BA_fee,125,27.51
BA_fee,126,26.99
BA_fee,127,27.04
BA_fee,128,27.04
BA_fee,129,26.06
BA_fee,130,26.6
BA_fee,131,27.14
BA_fee,132,25.85
BA_fee,133,28.21
BA_fee,135,27.18
BA_fee,134,26.79
BA_fee,136,27.44
BA_fee,137,27.65
BA_fee,138,26.45
BA_fee,139,25.74
BA_fee,140,27.03
BA_fee,141,26.13
BA_fee,142,26.08
BA_fee,143,25.39
BA_fee,144,26.49
BA_fee,145,26.02
BA_fee,146,27.1
BA_fee,147,26.03
BA_fee,148,26.57
BA_fee,149,27.0
BA_fee,150,25.83
BA_fee,151,26.69
BA_fee,152,26.52
BA_fee,153,26.64
BA_fee,154,25.84
BA_fee,155,26.31
BA_fee,156,26.91
BA_fee,157,27.28
BA_fee,159,27.58
BA_fee,158,26.82
BA_fee,160,27.65
BA_fee,161,26.73
BA_fee,162,26.52
BA_fee,163,25.83
BA_fee,164,26.69
BA_fee,165,26.95
BA_fee,166,26.57
BA_fee,167,26.6
BA_fee,168,28.02
BA_fee,169,25.92
BA_fee,170,27.58
BA_fee,172,26.51
BA_fee,171,28.07
BA_fee,173,25.67
BA_fee,174,26.28
BA_fee,175,26.76
BA_fee,176,25.41
BA_fee,177,26.29
BA_fee,178,26.58
BA_fee,179,26.23
BA_fee,180,26.0
BA_fee,181,26.72
BA_fee,183,26.43
BA_fee,182,26.73
BA_fee,184,26.66
BA_fee,185,26.64
BA_fee,186,25.8
BA_fee,187,26.74
BA_fee,188,25.95
BA_fee,189,26.69
BA_fee,190,25.93
BA_fee,191,27.16
BA_fee,192,27.47
BA_fee,193,27.0
BA_fee,195,27.02
BA_fee,194,27.39
BA_fee,196,27.99
BA_fee,197,26.15
BA_fee,198,26.74
BA_fee,199,26.74
BA_fee,200,27.53
BA_fee,201,25.28
BA_fee,203,27.21
BA_fee,202,27.28
BA_fee,204,26.58
BA_fee,205,28.0
BA_fee,206,26.55
BA_fee,207,26.18
BA_fee,208,26.62
BA_fee,209,27.38
BA_fee,210,25.97
BA_fee,212,26.46
BA_fee,211,25.49
BA_fee,213,26.65
BA_fee,215,27.39
BA_fee,214,26.46
BA_fee,216,26.33
BA_fee,217,27.1
BA_fee,219,25.7
BA_fee,218,25.27
BA_fee,220,26.21
BA_fee,221,26.73
BA_fee,222,27.03
BA_fee,223,26.55
BA_fee,224,27.52
BA_fee,225,26.52
BA_fee,227,26.26
BA_fee,226,26.75
BA_fee,228,26.21
BA_fee,229,26.3
BA_fee,230,26.71
BA_fee,231,27.71
BA_fee,232,26.49
BA_fee,233,26.81
BA_fee,234,26.44
BA_fee,236,26.69
BA_fee,235,27.22
BA_fee,237,26.05
BA_fee,238,26.55
BA_fee,239,26.52
BA_fee,240,26.7
BA_fee,241,26.44
BA_fee,242,26.33
BA_fee,245,26.31
BA_fee,243,26.75
BA_fee,244,26.7
BA_fee,246,26.28
BA_fee,247,26.12
BA_fee,248,26.92
BA_fee,249,26.26
BA_fee,250,26.98
BA_fee,251,27.12
BA_fee,252,25.9
BA_fee,253,27.01
BA_fee,254,27.99
BA_fee,255,26.4
BA_fee,256,26.56
BA_fee,257,26.5
BA_fee,258,26.38
BA_fee,260,25.78
BA_fee,259,27.31
BA_fee,261,25.39
BA_fee,262,26.45
BA_fee,263,26.37
BA_fee,264,27.18
BA_fee,265,26.35
BA_fee,266,26.5
BA_fee,267,26.25
BA_fee,268,27.33
BA_fee,269,26.09
BA_fee,270,26.61
BA_fee,271,27.75
BA_fee,272,26.49
BA_fee,273,26.19
BA_fee,275,26.48
BA_fee,274,25.41
BA_fee,276,26.36
BA_fee,277,26.57
BA_fee,278,25.74
BA_fee,279,26.84
BA_fee,280,26.07
BA_fee,281,27.26
BA_fee,282,26.89
BA_fee,283,26.21
BA_fee,284,26.83
BA_fee,285,26.15
BA_fee,286,26.48
BA_fee,288,27.25
BA_fee,287,26.37
BA_fee,289,27.34
BA_fee,290,26.13
BA_fee,291,25.85
BA_fee,292,27.58
BA_fee,293,26.32
BA_fee,294,26.62
BA_fee,295,25.15
BA_fee,296,25.89
BA_fee,297,25.65
BA_fee,298,27.66
BA_fee,300,26.78
BA_fee,299,26.15
BA_fee,301,26.03
BA_fee,303,26.41
BA_fee,302,26.65
BA_fee,304,26.03
BA_fee,305,26.84
BA_fee,306,26.79
BA_fee,307,27.22
BA_fee,308,26.63
BA_fee,309,27.21
BA_fee,310,26.38
BA_fee,311,25.67
BA_fee,312,28.11
BA_fee,313,25.69
BA_fee,314,26.5
BA_fee,315,27.26
BA_fee,316,26.64
BA_fee,317,26.69
BA_fee,318,27.22
BA_fee,319,26.02
BA_fee,320,26.01
BA_fee,321,27.0
BA_fee,322,27.01
BA_fee,323,26.62
BA_fee,324,28.63
BA_fee,325,25.75
BA_fee,326,27.28
BA_fee,327,26.62
BA_fee,328,25.91
BA_fee,330,27.29
BA_fee,329,25.71
BA_fee,331,26.52
BA_fee,332,26.17
BA_fee,333,27.3
BA_fee,334,27.11
BA_fee,336,26.91
BA_fee,335,27.45
BA_fee,337,26.43
BA_fee,338,26.36
BA_fee,339,26.19
BA_fee,340,27.24
BA_fee,341,26.44
BA_fee,342,26.75
BA_fee,343,26.83
BA_fee,344,26.41
BA_fee,345,26.78
BA_fee,347,27.15
BA_fee,346,26.83
BA_fee,348,27.03
BA_fee,349,26.25
BA_fee,351,26.69
BA_fee,350,27.22
BA_fee,352,27.13
BA_fee,353,26.7
BA_fee,354,26.37
BA_fee,355,27.69
BA_fee,356,26.39
BA_fee,357,25.82
BA_fee,359,25.94
BA_fee,360,26.12
BA_fee,358,26.2
BA_fee,362,27.1
BA_fee,361,26.87
BA_fee,363,26.69
BA_fee,364,27.21
BA_fee,365,26.45
BA_fee,367,25.85
BA_fee,368,27.16
BA_fee,366,26.0
BA_fee,369,26.63
BA_fee,370,25.91
BA_fee,371,26.97
BA_fee,372,26.99
BA_fee,373,26.97
BA_fee,375,26.55
BA_fee,376,25.91
BA_fee,374,27.27
BA_fee,377,26.92
BA_fee,378,26.03
BA_fee,379,26.54
BA_fee,380,26.05
BA_fee,381,26.48
BA_fee,382,27.9
BA_fee,384,25.77
BA_fee,383,26.48
BA_fee,385,26.71
BA_fee,386,25.77
BA_fee,387,26.41
BA_fee,388,27.05
BA_fee,389,27.18
BA_fee,390,26.37
BA_fee,391,26.61
BA_fee,392,26.84
BA_fee,393,26.26
BA_fee,394,26.13
BA_fee,395,27.06
BA_fee,396,25.04
BA_fee,397,25.88
BA_fee,398,26.54
BA_fee,399,27.62
BA_fee,400,27.9
BA_fee,401,26.67
BA_fee,402,26.36
BA_fee,403,27.16
BA_fee,404,26.15
BA_fee,405,26.64
BA_fee,406,27.29
BA_fee,408,25.87
BA_fee,407,25.59
BA_fee,409,25.87
BA_fee,410,25.51
BA_fee,411,26.5
BA_fee,412,27.9
BA_fee,413,25.82
BA_fee,414,27.17
BA_fee,415,26.89
BA_fee,416,27.01
BA_fee,418,25.91
BA_fee,417,26.07
BA_fee,419,26.98
BA_fee,420,26.61
BA_fee,421,26.38
BA_fee,423,26.34
BA_fee,422,26.02
BA_fee,424,26.87
BA_fee,425,25.89
BA_fee,427,26.05
BA_fee,426,26.92
BA_fee,428,25.55
BA_fee,430,26.51
BA_fee,429,26.3
BA_fee,431,26.73
BA_fee,432,26.4
BA_fee,435,25.9
BA_fee,434,25.52
BA_fee,433,25.85
BA_fee,436,26.15
BA_fee,437,26.58
BA_fee,438,26.44
BA_fee,439,27.14
BA_fee,440,26.39
BA_fee,441,27.07
BA_fee,443,26.45
BA_fee,442,27.87
BA_fee,444,26.64
BA_fee,445,26.66
BA_fee,446,27.22
BA_fee,447,26.03
BA_fee,448,26.35
BA_fee,450,27.55
BA_fee,451,25.97
BA_fee,449,25.77
BA_fee,452,27.59
BA_fee,453,27.01
BA_fee,454,26.76
BA_fee,455,27.14
BA_fee,456,27.45
BA_fee,457,26.37
BA_fee,459,25.02
BA_fee,458,27.31
BA_fee,460,26.75
BA_fee,461,25.43
BA_fee,462,26.16
BA_fee,463,26.74
BA_fee,464,27.25
BA_fee,466,26.88
BA_fee,465,26.72
BA_fee,467,25.66
BA_fee,469,26.4
BA_fee,470,26.93
BA_fee,468,26.77
BA_fee,471,26.44
BA_fee,472,26.46
BA_fee,473,26.14
BA_fee,474,26.67
BA_fee,475,26.93
BA_fee,476,25.56
BA_fee,477,26.82
BA_fee,478,27.47
BA_fee,479,26.51
BA_fee,480,25.76
BA_fee,481,26.22
BA_fee,482,26.9
BA_fee,483,26.02
BA_fee,484,25.67
BA_fee,485,26.44
BA_fee,486,26.71
BA_fee,487,26.29
BA_fee,488,26.65
BA_fee,489,26.49
BA_fee,490,26.56
BA_fee,491,26.31
BA_fee,492,26.46
BA_fee,493,27.07
BA_fee,494,25.97
BA_fee,495,26.45
BA_fee,496,26.57
BA_fee,497,27.19
BA_fee,498,26.14
BA_fee,499,26.8
BA_fee,500,26.91
BA_fee,501,25.56
BA_fee,502,26.48
BA_fee,503,26.54
BA_fee,504,26.99
BA_fee,505,26.19
BA_fee,506,26.48
BA_fee,508,26.03
BA_fee,507,26.37
BA_fee,509,26.18
BA_fee,510,26.54
BA_fee,511,26.23
BA_fee,512,25.83
BA_fee,513,26.32
BA_fee,514,26.22
BA_fee,515,26.9
BA_fee,516,26.96
BA_fee,517,26.0
BA_fee,518,26.12
BA_fee,519,26.76
BA_fee,520,25.5
BA_fee,521,26.9
BA_fee,522,26.72
BA_fee,523,27.08
BA_fee,524,26.96
BA_fee,525,27.33
BA_fee,526,25.94
BA_fee,527,26.94
BA_fee,528,26.59
BA_fee,529,25.48
BA_fee,530,26.96
BA_fee,531,27.04
BA_fee,532,26.37
BA_fee,533,25.61
BA_fee,534,25.5
BA_fee,535,27.52
BA_fee,536,26.62
BA_fee,537,26.42
BA_fee,538,26.78
BA_fee,539,26.32
BA_fee,540,26.1
BA_fee,541,27.03
BA_fee,542,27.11
BA_fee,543,26.76
BA_fee,544,25.56
BA_fee,545,28.03
BA_fee,546,26.51
BA_fee,547,26.63
BA_fee,548,26.29
BA_fee,549,26.64
BA_fee,550,25.01
BA_fee,551,27.24
BA_fee,552,26.09
BA_fee,553,27.11
BA_fee,554,25.93
BA_fee,555,25.98
BA_fee,556,26.7
BA_fee,557,28.04
BA_fee,559,26.37
BA_fee,558,25.84
BA_fee,560,26.14
BA_fee,561,25.65
BA_fee,562,26.19
BA_fee,563,26.77
BA_fee,564,26.0
BA_fee,565,27.74
BA_fee,566,26.54
BA_fee,567,26.49
BA_fee,568,25.59
BA_fee,569,26.12
BA_fee,570,26.02
BA_fee,571,25.62
BA_fee,572,25.41
BA_fee,573,26.44
BA_fee,574,27.05
BA_fee,575,26.12
BA_fee,576,26.35
BA_fee,578,26.87
BA_fee,577,26.52
BA_fee,579,27.26
BA_fee,580,28.4
BA_fee,581,28.07
BA_fee,583,26.5
BA_fee,582,26.91
BA_fee,584,26.55
BA_fee,586,26.8
BA_fee,585,26.56
BA_fee,587,27.41
BA_fee,589,27.0
BA_fee,588,28.19
BA_fee,590,25.81
BA_fee,591,27.02
BA_fee,592,25.58
BA_fee,593,26.21
BA_fee,594,25.93
BA_fee,595,27.4
BA_fee,596,27.66
BA_fee,597,26.66
BA_fee,598,26.15
BA_fee,599,25.83
BA_fee,600,27.11
BA_fee,602,26.89
BA_fee,601,26.34
BA_fee,603,26.22
BA_fee,604,27.29
BA_fee,605,26.69
BA_fee,606,27.02
BA_fee,607,27.46
BA_fee,608,26.19
BA_fee,609,27.87
BA_fee,610,27.05
BA_fee,611,26.4
BA_fee,612,27.32
BA_fee,613,27.01
BA_fee,614,25.98
BA_fee,615,27.52
BA_fee,616,27.68
BA_fee,617,26.47
BA_fee,618,27.63
BA_fee,619,27.65
BA_fee,621,25.11
BA_fee,620,27.83
BA_fee,622,26.85
BA_fee,624,26.66
BA_fee,623,26.6
BA_fee,625,27.12
BA_fee,626,26.65
BA_fee,627,25.57
BA_fee,628,26.19
BA_fee,629,27.03
BA_fee,630,25.84
BA_fee,632,26.64
BA_fee,631,26.51
BA_fee,633,25.97
BA_fee,634,26.21
BA_fee,635,26.82
BA_fee,636,25.57
BA_fee,637,26.57
BA_fee,638,26.37
BA_fee,640,26.52
BA_fee,639,25.46
BA_fee,641,25.96
BA_fee,642,26.55
BA_fee,643,26.6
BA_fee,644,27.47
BA_fee,645,26.95
BA_fee,646,26.48
BA_fee,648,26.25
BA_fee,647,27.14
BA_fee,649,25.92
BA_fee,650,26.57
BA_fee,651,26.19
BA_fee,652,25.54
BA_fee,653,28.11
BA_fee,654,27.17
BA_fee,655,26.33
BA_fee,656,26.58
BA_fee,657,26.28
BA_fee,658,27.38
BA_fee,659,27.92
BA_fee,660,27.0
BA_fee,661,26.0
BA_fee,662,27.16
BA_fee,663,26.18
BA_fee,664,27.03
BA_fee,666,26.77
BA_fee,665,26.48
BA_fee,667,26.52
BA_fee,668,26.48
BA_fee,669,26.52
BA_fee,670,26.19
BA_fee,671,26.26
BA_fee,672,25.98
BA_fee,673,28.1
BA_fee,674,27.59
BA_fee,675,26.12
BA_fee,676,26.15
BA_fee,677,26.33
BA_fee,678,27.27
BA_fee,679,26.31
BA_fee,680,25.93
BA_fee,681,26.41
BA_fee,682,26.65
BA_fee,683,26.29
BA_fee,684,27.08
BA_fee,685,26.81
BA_fee,686,26.62
BA_fee,687,26.45
BA_fee,688,27.26
BA_fee,689,25.53
BA_fee,690,25.57
BA_fee,691,26.79
BA_fee,692,26.99
BA_fee,693,27.59
BA_fee,694,27.35
BA_fee,695,26.14
BA_fee,696,26.38
BA_fee,697,26.55
BA_fee,698,26.95
BA_fee,699,26.4
BA_fee,700,26.6
BA_fee,701,26.95
BA_fee,702,27.19
BA_fee,703,26.42
BA_fee,704,26.9
BA_fee,705,26.66
BA_fee,706,26.42
BA_fee,707,27.01
BA_fee,708,26.12
BA_fee,709,26.49
BA_fee,711,27.97
BA_fee,710,26.64
BA_fee,712,27.15
BA_fee,713,26.14
BA_fee,714,26.06
BA_fee,715,25.92
BA_fee,716,25.79
BA_fee,717,26.1
BA_fee,719,26.05
BA_fee,718,26.54
BA_fee,720,25.64
BA_fee,721,25.45
BA_fee,722,26.42
BA_fee,723,25.98
BA_fee,724,27.85
BA_fee,725,26.54
BA_fee,727,27.66
BA_fee,726,27.1
BA_fee,728,26.9
BA_fee,729,27.59
BA_fee,730,26.55
BA_fee,731,25.12
BA_fee,732,26.59
BA_fee,733,27.27
BA_fee,734,26.73
BA_fee,736,26.05
BA_fee,735,26.96
BA_fee,737,26.28
BA_fee,738,26.84
BA_fee,739,25.36
BA_fee,740,26.54
BA_fee,743,26.88
BA_fee,742,26.34
BA_fee,741,25.63
BA_fee,744,26.62
BA_fee,745,25.69
BA_fee,746,26.96
BA_fee,747,26.69
BA_fee,748,26.62
BA_fee,749,26.58
BA_fee,750,27.36
BA_fee,751,25.95
BA_fee,752,25.96
BA_fee,753,26.93
BA_fee,754,26.0
BA_fee,755,26.84
BA_fee,756,28.04
BA_fee,757,26.42
BA_fee,758,27.42
BA_fee,759,26.66
BA_fee,760,28.67
BA_fee,761,25.6
BA_fee,762,26.28
BA_fee,763,26.74
BA_fee,764,26.41
BA_fee,765,26.8
BA_fee,766,27.01
BA_fee,767,25.74
BA_fee,768,25.99
BA_fee,769,26.61
BA_fee,770,26.43
BA_fee,771,26.04
BA_fee,772,26.72
BA_fee,774,25.66
BA_fee,773,26.22
BA_fee,775,27.01
BA_fee,777,26.66
BA_fee,776,28.42
BA_fee,778,26.0
BA_fee,779,27.07
BA_fee,780,26.94
BA_fee,781,26.61
BA_fee,782,26.37
BA_fee,783,26.25
BA_fee,784,26.39
BA_fee,785,27.24
BA_fee,786,26.21
BA_fee,787,26.99
BA_fee,788,27.98
BA_fee,789,27.17
BA_fee,790,25.65
BA_fee,791,27.35
BA_fee,792,26.88
BA_fee,793,26.63
BA_fee,794,25.98
BA_fee,795,25.92
BA_fee,796,26.87
BA_fee,797,27.02
BA_fee,798,26.68
BA_fee,799,26.25
BA_fee,800,26.53
BA_fee,801,26.04
BA_fee,802,26.04
BA_fee,803,27.89
BA_fee,804,26.29
BA_fee,805,27.21
BA_fee,806,26.13
BA_fee,807,26.22
BA_fee,808,25.96
BA_fee,809,25.94
BA_fee,810,27.35
BA_fee,811,25.91
BA_fee,812,27.28
BA_fee,813,25.45
BA_fee,814,26.51
BA_fee,815,27.38
BA_fee,816,26.21
BA_fee,817,27.91
BA_fee,818,26.44
BA_fee,819,26.92
BA_fee,820,25.88
BA_fee,821,26.54
BA_fee,822,26.72
BA_fee,823,26.91
BA_fee,824,26.42
BA_fee,825,26.01
BA_fee,826,26.49
BA_fee,827,25.75
BA_fee,828,26.03
BA_fee,829,26.94
BA_fee,830,26.25
BA_fee,831,26.82
BA_fee,832,26.64
BA_fee,833,27.04
BA_fee,834,25.58
BA_fee,835,26.79
BA_fee,836,27.63
BA_fee,837,26.95
BA_fee,838,26.18
BA_fee,839,26.62
BA_fee,840,26.94
BA_fee,841,26.44
BA_fee,842,25.47
BA_fee,843,26.66
BA_fee,844,26.33
BA_fee,845,26.28
BA_fee,846,28.06
BA_fee,847,25.51
BA_fee,848,27.16
BA_fee,849,26.65
BA_fee,850,26.48
BA_fee,851,26.47
BA_fee,852,26.31
BA_fee,853,26.13
BA_fee,854,27.46
BA_fee,856,26.31
BA_fee,855,27.12
BA_fee,857,26.27
BA_fee,858,26.62
BA_fee,859,25.5
BA_fee,860,26.91
BA_fee,861,27.28
BA_fee,862,26.27
BA_fee,863,26.14
BA_fee,864,27.11
BA_fee,865,26.34
BA_fee,866,25.89
BA_fee,867,26.72
BA_fee,868,26.22
BA_fee,870,27.02
BA_fee,869,27.37
BA_fee,871,25.55
BA_fee,872,26.45
BA_fee,873,26.92
BA_fee,874,26.68
BA_fee,875,25.8
BA_fee,876,25.48
BA_fee,878,26.03
BA_fee,877,25.46
BA_fee,879,26.32
BA_fee,881,26.89
BA_fee,880,26.83
BA_fee,882,26.1
BA_fee,883,26.16
BA_fee,884,26.38
BA_fee,885,27.53
BA_fee,886,26.36
BA_fee,887,25.86
BA_fee,889,25.65
BA_fee,888,27.12
BA_fee,890,26.41
BA_fee,891,25.79
BA_fee,892,26.24
BA_fee,893,26.34
BA_fee,895,26.62
BA_fee,894,26.67
BA_fee,896,26.86
BA_fee,897,27.19
BA_fee,898,25.82
BA_fee,899,25.94
BA_fee,900,27.95
BA_fee,901,26.05
BA_fee,902,26.63
BA_fee,903,25.65
BA_fee,904,26.45
BA_fee,905,26.14
BA_fee,906,25.8
BA_fee,907,26.29
BA_fee,908,27.76
BA_fee,909,25.36
BA_fee,910,26.17
BA_fee,911,26.64
BA_fee,912,27.1
BA_fee,913,26.03
BA_fee,914,26.64
BA_fee,915,25.64
BA_fee,916,26.78
BA_fee,917,27.99
BA_fee,919,25.45
BA_fee,918,26.15
BA_fee,920,25.93
BA_fee,921,26.56
BA_fee,922,26.71
BA_fee,923,26.71
BA_fee,924,27.46
BA_fee,925,26.37
BA_fee,926,26.42
BA_fee,927,27.53
BA_fee,929,26.07
BA_fee,928,26.32
BA_fee,930,27.72
BA_fee,931,26.07
BA_fee,932,26.31
BA_fee,934,26.04
BA_fee,933,26.32
BA_fee,935,27.19
BA_fee,937,27.22
BA_fee,936,26.64
BA_fee,938,26.42
BA_fee,939,26.5
BA_fee,940,26.19
BA_fee,942,26.97
BA_fee,941,26.39
BA_fee,943,25.84
BA_fee,945,26.64
BA_fee,944,26.95
BA_fee,946,25.97
BA_fee,947,26.62
BA_fee,948,26.1
BA_fee,949,26.1
BA_fee,950,26.58
BA_fee,951,27.18
BA_fee,952,26.31
BA_fee,953,26.45
BA_fee,954,26.32
BA_fee,955,26.02
BA_fee,957,26.93
BA_fee,956,26.55
BA_fee,958,27.25
BA_fee,959,25.4
BA_fee,960,26.2
BA_fee,961,25.81
BA_fee,962,25.47
BA_fee,963,26.05
BA_fee,964,26.63
BA_fee,965,26.54
BA_fee,966,26.36
BA_fee,967,25.67
BA_fee,968,26.54
BA_fee,969,26.26
BA_fee,970,26.44
BA_fee,971,26.11
BA_fee,972,25.98
BA_fee,973,25.92
BA_fee,974,25.54
BA_fee,975,26.2
BA_fee,976,25.78
BA_fee,977,26.88
BA_fee,978,26.74
BA_fee,979,26.23
BA_fee,980,25.86
BA_fee,981,27.74
BA_fee,982,25.47
BA_fee,983,27.54
BA_fee,984,27.19
BA_fee,985,25.61
BA_fee,986,26.11
BA_fee,987,26.97
BA_fee,988,27.22
BA_fee,989,25.91
BA_fee,990,26.5
BA_fee,991,27.85
BA_fee,992,26.64
BA_fee,993,25.99
BA_fee,994,27.52
BA_fee,995,26.71
BA_fee,996,26.75
BA_fee,997,26.54
BA_fee,998,26.48
BA_fee,999,25.4
AMM_fee,0,27.68
AMM_fee,1,27.11
AMM_fee,2,29.71
AMM_fee,3,27.6
AMM_fee,4,27.97
AMM_fee,5,27.94
AMM_fee,7,28.51
AMM_fee,6,27.78
AMM_fee,8,28.21
AMM_fee,9,27.49
AMM_fee,10,27.06
AMM_fee,11,28.21
AMM_fee,12,27.69
AMM_fee,13,27.21
AMM_fee,14,27.51
AMM_fee,15,27.9
AMM_fee,16,27.79
AMM_fee,17,28.99
AMM_fee,18,28.12
AMM_fee,19,27.73
AMM_fee,20,28.49
AMM_fee,21,28.19
AMM_fee,22,28.02
AMM_fee,23,28.68
AMM_fee,24,27.59
AMM_fee,25,27.59
AMM_fee,26,27.63
AMM_fee,27,28.56
AMM_fee,28,27.93
AMM_fee,29,28.22
AMM_fee,30,28.49
AMM_fee,31,28.78
AMM_fee,32,26.88
AMM_fee,33,28.97
AMM_fee,34,27.89
AMM_fee,35,28.45
AMM_fee,36,27.91
AMM_fee,37,26.73
AMM_fee,38,28.38
AMM_fee,39,27.31
AMM_fee,40,27.26
AMM_fee,41,27.83
AMM_fee,42,27.91
AMM_fee,43,27.98
AMM_fee,44,27.19
AMM_fee,45,27.49
AMM_fee,46,28.35
AMM_fee,47,27.55
AMM_fee,48,27.66
AMM_fee,49,27.35
AMM_fee,50,27.7
AMM_fee,51,27.57
AMM_fee,52,27.15
AMM_fee,53,27.49
AMM_fee,54,28.05
AMM_fee,55,27.27
AMM_fee,56,28.19
AMM_fee,57,29.03
AMM_fee,58,28.1
AMM_fee,59,27.65
AMM_fee,60,27.59
AMM_fee,61,28.49
AMM_fee,62,27.82
AMM_fee,63,27.76
AMM_fee,64,29.25
AMM_fee,65,27.13
AMM_fee,66,27.56
AMM_fee,67,28.52
AMM_fee,68,27.24
AMM_fee,69,27.37
AMM_fee,70,28.22
AMM_fee,71,28.29
AMM_fee,72,28.22
AMM_fee,73,28.04
AMM_fee,74,27.62
AMM_fee,75,28.62
AMM_fee,76,28.56
AMM_fee,77,27.74
AMM_fee,78,28.62
AMM_fee,79,28.13
AMM_fee,80,28.27
AMM_fee,81,27.82
AMM_fee,82,27.65
AMM_fee,83,28.31
AMM_fee,84,26.94
AMM_fee,85,28.58
AMM_fee,86,27.69
AMM_fee,87,28.12
AMM_fee,88,27.43
AMM_fee,89,27.7
AMM_fee,90,27.84
AMM_fee,91,27.12
AMM_fee,92,27.8
AMM_fee,93,28.62
AMM_fee,94,27.69
AMM_fee,95,27.71
AMM_fee,96,27.76
AMM_fee,97,28.08
AMM_fee,98,28.21
AMM_fee,99,26.91
AMM_fee,100,28.18
AMM_fee,101,27.84
AMM_fee,102,27.93
AMM_fee,103,27.06
AMM_fee,104,27.86
AMM_fee,105,28.61
AMM_fee,106,28.16
AMM_fee,107,27.89
AMM_fee,108,27.6
AMM_fee,109,27.67
AMM_fee,110,27.64
AMM_fee,111,27.23
AMM_fee,112,27.89
AMM_fee,113,27.85
AMM_fee,114,27.24
AMM_fee,115,27.17
AMM_fee,116,29.25
AMM_fee,117,28.12
AMM_fee,118,28.35
AMM_fee,119,27.49
AMM_fee,120,27.09
AMM_fee,121,28.19
AMM_fee,122,27.49
AMM_fee,123,28.76
AMM_fee,124,27.12
AMM_fee,125,27.68
AMM_fee,126,27.72
AMM_fee,127,28.05
AMM_fee,128,27.25
AMM_fee,129,27.57
AMM_fee,130,28.73
AMM_fee,131,27.99
AMM_fee,132,27.23
AMM_fee,133,28.7
AMM_fee,134,27.71
AMM_fee,135,27.62
AMM_fee,136,28.08
AMM_fee,137,28.57
AMM_fee,138,27.48
AMM_fee,139,27.33
AMM_fee,140,27.74
AMM_fee,141,27.58
AMM_fee,142,27.3
AMM_fee,143,27.48
AMM_fee,144,27.17
AMM_fee,145,26.87
AMM_fee,146,27.55
AMM_fee,147,27.74
AMM_fee,148,26.53
AMM_fee,149,27.62
AMM_fee,150,27.86
AMM_fee,151,27.63
AMM_fee,152,28.35
AMM_fee,153,27.86
AMM_fee,154,27.76
AMM_fee,155,27.6
AMM_fee,156,28.18
AMM_fee,157,27.22
AMM_fee,158,28.05
AMM_fee,159,29.36
AMM_fee,160,27.68
AMM_fee,161,27.91
AMM_fee,162,28.36
AMM_fee,163,27.29
AMM_fee,164,27.17
AMM_fee,165,27.64
AMM_fee,166,27.52
AMM_fee,167,29.15
AMM_fee,168,28.57
AMM_fee,169,27.09
AMM_fee,170,28.97
AMM_fee,171,27.6
AMM_fee,172,27.94
AMM_fee,173,27.84
AMM_fee,174,27.8
AMM_fee,175,27.72
AMM_fee,176,28.07
AMM_fee,177,27.0
AMM_fee,178,26.84
AMM_fee,179,27.68
AMM_fee,181,28.07
AMM_fee,180,28.21
AMM_fee,182,28.08
AMM_fee,183,29.16
AMM_fee,184,28.28
AMM_fee,185,27.93
AMM_fee,186,27.82
AMM_fee,187,27.95
AMM_fee,188,27.29
AMM_fee,189,28.38
AMM_fee,190,27.61
AMM_fee,191,29.15
AMM_fee,192,28.59
AMM_fee,193,27.94
AMM_fee,194,27.97
AMM_fee,195,28.37
AMM_fee,196,28.72
AMM_fee,197,28.85
AMM_fee,198,27.77
AMM_fee,199,27.99
AMM_fee,200,28.17
AMM_fee,201,27.77
AMM_fee,202,27.84
AMM_fee,203,27.54
AMM_fee,204,28.26
AMM_fee,205,28.96
AMM_fee,206,27.09
AMM_fee,207,28.7
AMM_fee,208,28.42
AMM_fee,209,28.7
AMM_fee,210,27.78
AMM_fee,211,28.07
AMM_fee,212,27.21
AMM_fee,213,28.44
AMM_fee,214,27.7
AMM_fee,215,27.96
AMM_fee,216,28.43
AMM_fee,217,27.48
AMM_fee,218,27.72
AMM_fee,219,28.14
AMM_fee,220,27.95
AMM_fee,221,27.53
AMM_fee,222,29.01
AMM_fee,223,28.87
AMM_fee,224,28.28
AMM_fee,225,27.92
AMM_fee,226,27.56
AMM_fee,227,28.29
AMM_fee,228,27.39
AMM_fee,229,27.02
AMM_fee,230,28.38
AMM_fee,231,28.07
AMM_fee,232,28.61
AMM_fee,233,27.19
AMM_fee,234,27.61
AMM_fee,235,27.56
AMM_fee,236,27.45
AMM_fee,237,27.45
AMM_fee,238,27.27
AMM_fee,239,28.0
AMM_fee,240,27.5
AMM_fee,242,27.87
AMM_fee,241,27.87
AMM_fee,243,27.58
AMM_fee,244,27.83
AMM_fee,245,27.8
AMM_fee,246,27.56
AMM_fee,247,28.12
AMM_fee,248,28.47
AMM_fee,249,27.64
AMM_fee,250,28.04
AMM_fee,251,27.7
AMM_fee,252,27.33
AMM_fee,253,28.77
AMM_fee,254,29.52
AMM_fee,255,27.6
AMM_fee,256,27.21
AMM_fee,257,27.38
AMM_fee,258,27.32
AMM_fee,259,28.42
AMM_fee,260,28.01
AMM_fee,261,27.94
AMM_fee,262,27.56
AMM_fee,263,27.38
AMM_fee,264,27.92
AMM_fee,265,27.29
AMM_fee,266,27.86
AMM_fee,267,27.25
AMM_fee,268,28.02
AMM_fee,269,28.26
AMM_fee,270,27.62
AMM_fee,271,28.12
AMM_fee,272,27.91
AMM_fee,275,27.27
AMM_fee,273,28.09
AMM_fee,274,27.17
AMM_fee,276,27.82
AMM_fee,277,27.56
AMM_fee,278,27.28
AMM_fee,279,27.9
AMM_fee,280,27.37
AMM_fee,282,28.49
AMM_fee,281,29.09
AMM_fee,283,27.12
AMM_fee,284,28.49
AMM_fee,285,27.53
AMM_fee,286,28.24
AMM_fee,287,27.36
AMM_fee,288,27.47
AMM_fee,289,27.99
AMM_fee,290,27.56
AMM_fee,291,26.74
AMM_fee,292,28.15
AMM_fee,293,27.55
AMM_fee,294,27.73
AMM_fee,295,28.1
AMM_fee,296,26.94
AMM_fee,297,27.41
AMM_fee,299,27.67
AMM_fee,298,28.01
AMM_fee,300,28.38
AMM_fee,301,27.61
AMM_fee,302,27.64
AMM_fee,303,28.15
AMM_fee,304,28.56
AMM_fee,306,27.41
AMM_fee,307,27.19
AMM_fee,305,27.53
AMM_fee,308,27.42
AMM_fee,309,28.05
AMM_fee,310,28.02
AMM_fee,311,27.98
AMM_fee,312,28.09
AMM_fee,313,28.27
AMM_fee,314,27.51
AMM_fee,315,28.71
AMM_fee,316,27.55
AMM_fee,317,27.54
AMM_fee,318,28.79
AMM_fee,319,27.94
AMM_fee,320,28.32
AMM_fee,322,27.88
AMM_fee,321,28.19
AMM_fee,323,28.66
AMM_fee,324,28.73
AMM_fee,325,27.3
AMM_fee,326,29.19
AMM_fee,327,27.35
AMM_fee,328,26.78
AMM_fee,331,27.21
AMM_fee,329,29.1
AMM_fee,330,27.5
AMM_fee,332,27.19
AMM_fee,333,27.44
AMM_fee,334,28.61
AMM_fee,335,27.78
AMM_fee,336,27.54
AMM_fee,337,26.87
AMM_fee,338,27.73
AMM_fee,339,27.67
AMM_fee,340,28.26
AMM_fee,341,28.41
AMM_fee,342,27.7
AMM_fee,345,28.99
AMM_fee,346,28.37
AMM_fee,347,29.1
AMM_fee,343,27.47
AMM_fee,344,27.42
AMM_fee,348,27.7
AMM_fee,349,28.63
AMM_fee,350,27.23
AMM_fee,351,27.08
AMM_fee,352,28.78
AMM_fee,353,27.99
AMM_fee,354,27.55
AMM_fee,355,28.43
AMM_fee,356,28.13
AMM_fee,357,27.91
AMM_fee,358,27.9
AMM_fee,360,27.44
AMM_fee,359,27.98
AMM_fee,361,28.12
AMM_fee,362,27.46
AMM_fee,363,27.7
AMM_fee,364,27.93
AMM_fee,365,27.44
AMM_fee,366,27.79
AMM_fee,367,27.86
AMM_fee,368,28.1
AMM_fee,369,27.29
AMM_fee,370,27.83
AMM_fee,372,29.44
AMM_fee,371,27.92
AMM_fee,373,27.57
AMM_fee,374,27.91
AMM_fee,375,27.04
AMM_fee,379,27.23
AMM_fee,376,28.14
AMM_fee,377,28.4
AMM_fee,378,27.23
AMM_fee,380,27.02
AMM_fee,381,27.36
AMM_fee,382,28.3
AMM_fee,383,28.38
AMM_fee,384,27.4
AMM_fee,385,28.35
AMM_fee,387,27.55
AMM_fee,386,27.48
AMM_fee,388,27.35
AMM_fee,389,26.97
AMM_fee,390,27.58
AMM_fee,391,27.59
AMM_fee,392,27.67
AMM_fee,393,27.2
AMM_fee,395,27.57
AMM_fee,394,27.41
AMM_fee,396,27.62
AMM_fee,397,28.19
AMM_fee,398,28.24
AMM_fee,399,28.42
AMM_fee,400,28.59
AMM_fee,401,27.86
AMM_fee,403,28.6
AMM_fee,402,27.61
AMM_fee,404,28.12
AMM_fee,405,27.42
AMM_fee,406,29.17
AMM_fee,408,27.51
AMM_fee,407,27.06
AMM_fee,409,27.63
AMM_fee,411,27.62
AMM_fee,410,29.21
AMM_fee,412,27.78
AMM_fee,413,27.55
AMM_fee,414,29.13
AMM_fee,415,27.7
AMM_fee,416,28.12
AMM_fee,417,26.98
AMM_fee,418,26.66
AMM_fee,419,27.49
AMM_fee,420,27.5
AMM_fee,421,27.75
AMM_fee,422,27.51
AMM_fee,423,26.88
AMM_fee,424,27.77
AMM_fee,425,28.16
AMM_fee,426,28.38
AMM_fee,427,27.63
AMM_fee,428,28.04
AMM_fee,429,29.1
AMM_fee,430,27.76
AMM_fee,431,27.62
AMM_fee,432,27.71
AMM_fee,434,27.69
AMM_fee,433,27.74
AMM_fee,436,27.13
AMM_fee,435,28.05
AMM_fee,437,28.6
AMM_fee,438,27.71
AMM_fee,439,28.18
AMM_fee,440,27.46
AMM_fee,441,29.13
AMM_fee,442,28.04
AMM_fee,443,28.25
AMM_fee,444,27.5
AMM_fee,445,28.06
AMM_fee,446,27.38
AMM_fee,448,27.54
AMM_fee,447,28.01
AMM_fee,449,27.73
AMM_fee,450,28.11
AMM_fee,451,27.53
AMM_fee,452,27.68
AMM_fee,453,27.52
AMM_fee,454,28.11
AMM_fee,455,27.42
AMM_fee,456,27.82
AMM_fee,457,28.51
AMM_fee,459,27.63
AMM_fee,458,28.4
AMM_fee,460,27.38
AMM_fee,461,28.22
AMM_fee,462,28.41
AMM_fee,463,27.93
AMM_fee,464,28.35
AMM_fee,465,27.96
AMM_fee,466,27.37
AMM_fee,467,28.31
AMM_fee,468,28.03
AMM_fee,469,27.79
AMM_fee,470,27.52
AMM_fee,471,26.91
AMM_fee,472,27.61
AMM_fee,473,28.05
AMM_fee,475,28.08
AMM_fee,474,27.17
AMM_fee,476,27.73
AMM_fee,477,27.67
AMM_fee,478,28.9
AMM_fee,479,27.08
AMM_fee,480,27.91
AMM_fee,481,28.24
AMM_fee,483,27.91
AMM_fee,482,27.67
AMM_fee,484,27.34
AMM_fee,485,28.33
AMM_fee,486,27.59
AMM_fee,487,27.54
AMM_fee,488,28.54
AMM_fee,489,27.62
AMM_fee,490,27.97
AMM_fee,491,26.57
AMM_fee,492,27.59
AMM_fee,493,28.46
AMM_fee,494,27.28
AMM_fee,495,27.59
AMM_fee,496,28.95
AMM_fee,497,28.51
AMM_fee,498,27.88
AMM_fee,499,28.16
AMM_fee,500,27.26
AMM_fee,501,26.56
AMM_fee,502,28.52
AMM_fee,503,27.88
AMM_fee,504,27.87
AMM_fee,505,28.92
AMM_fee,506,27.25
AMM_fee,507,27.74
AMM_fee,508,27.54
AMM_fee,509,27.11
AMM_fee,510,26.75
AMM_fee,511,27.75
AMM_fee,512,27.78
AMM_fee,513,28.23
AMM_fee,514,27.4
AMM_fee,515,27.86
AMM_fee,516,27.18
AMM_fee,517,27.31
AMM_fee,518,27.85
AMM_fee,519,28.41
AMM_fee,520,26.95
AMM_fee,521,28.18
AMM_fee,522,27.74
AMM_fee,523,28.64
AMM_fee,524,28.02
AMM_fee,525,27.97
AMM_fee,526,28.09
AMM_fee,527,27.88
AMM_fee,528,28.14
AMM_fee,529,27.69
AMM_fee,530,27.97
AMM_fee,531,27.76
AMM_fee,532,27.83
AMM_fee,533,28.11
AMM_fee,534,28.08
AMM_fee,535,28.37
AMM_fee,536,27.97
AMM_fee,537,28.82
AMM_fee,539,27.28
AMM_fee,538,27.07
AMM_fee,540,26.96
AMM_fee,541,28.11
AMM_fee,543,28.55
AMM_fee,542,28.44
AMM_fee,544,27.72
AMM_fee,545,28.01
AMM_fee,546,28.94
AMM_fee,547,27.8
AMM_fee,548,27.82
AMM_fee,549,27.16
AMM_fee,550,28.82
AMM_fee,551,27.81
AMM_fee,552,27.4
AMM_fee,553,27.94
AMM_fee,554,27.53
AMM_fee,555,27.62
AMM_fee,556,28.08
AMM_fee,557,29.0
AMM_fee,558,27.41
AMM_fee,559,27.76
AMM_fee,560,27.21
AMM_fee,561,27.84
AMM_fee,562,26.95
AMM_fee,563,28.41
AMM_fee,564,27.56
AMM_fee,565,28.12
AMM_fee,566,27.72
AMM_fee,567,27.56
AMM_fee,568,28.92
AMM_fee,569,26.9
AMM_fee,570,27.77
AMM_fee,571,26.89
AMM_fee,572,27.33
AMM_fee,573,27.3
AMM_fee,574,28.19
AMM_fee,575,27.71
AMM_fee,576,28.07
AMM_fee,577,28.26
AMM_fee,578,28.56
AMM_fee,579,28.1
AMM_fee,580,29.21
AMM_fee,581,27.97
AMM_fee,582,27.7
AMM_fee,583,27.6
AMM_fee,584,27.19
AMM_fee,585,27.56
AMM_fee,586,28.26
AMM_fee,587,28.25
AMM_fee,588,28.4
AMM_fee,589,28.08
AMM_fee,590,28.15
AMM_fee,591,27.43
AMM_fee,592,27.47
AMM_fee,593,27.3
AMM_fee,594,27.01
AMM_fee,595,28.34
AMM_fee,596,27.98
AMM_fee,597,27.24
AMM_fee,598,27.47
AMM_fee,599,27.76
AMM_fee,600,27.96
AMM_fee,601,27.59
AMM_fee,602,27.89
AMM_fee,603,28.05
AMM_fee,604,28.33
AMM_fee,605,27.69
AMM_fee,606,27.27
AMM_fee,607,27.96
AMM_fee,608,28.57
AMM_fee,609,28.12
AMM_fee,610,28.56
AMM_fee,611,27.93
AMM_fee,612,28.26
AMM_fee,613,27.62
AMM_fee,614,27.26
AMM_fee,615,28.26
AMM_fee,616,28.15
AMM_fee,617,26.72
AMM_fee,618,28.77
AMM_fee,619,28.55
AMM_fee,620,28.58
AMM_fee,621,27.9
AMM_fee,622,27.22
AMM_fee,623,28.51
AMM_fee,624,28.3
AMM_fee,625,27.95
AMM_fee,626,28.23
AMM_fee,627,27.49
AMM_fee,628,27.39
AMM_fee,629,26.99
AMM_fee,630,28.62
AMM_fee,631,28.15
AMM_fee,632,27.93
AMM_fee,633,28.49
AMM_fee,634,27.79
AMM_fee,635,27.23
AMM_fee,636,27.58
AMM_fee,637,27.82
AMM_fee,638,26.92
AMM_fee,639,27.05
AMM_fee,640,27.73
AMM_fee,641,27.15
AMM_fee,642,27.51
AMM_fee,643,27.15
AMM_fee,644,28.56
AMM_fee,645,27.08
AMM_fee,646,27.8
AMM_fee,648,28.46
AMM_fee,647,28.48
AMM_fee,649,27.44
AMM_fee,650,27.56
AMM_fee,651,27.12
AMM_fee,652,28.03
AMM_fee,653,28.03
AMM_fee,654,28.02
AMM_fee,655,27.27
AMM_fee,656,27.37
AMM_fee,657,27.43
AMM_fee,658,27.66
AMM_fee,659,28.26
AMM_fee,660,28.49
AMM_fee,661,27.46
AMM_fee,662,28.47
AMM_fee,663,28.35
AMM_fee,664,27.95
AMM_fee,665,28.14
AMM_fee,666,27.93
AMM_fee,667,27.07
AMM_fee,668,26.85
AMM_fee,669,27.3
AMM_fee,670,27.48
AMM_fee,672,28.34
AMM_fee,671,27.94
AMM_fee,673,29.16
AMM_fee,674,28.43
AMM_fee,675,27.42
AMM_fee,676,28.68
AMM_fee,678,28.32
AMM_fee,677,27.76
AMM_fee,679,27.67
AMM_fee,680,27.02
AMM_fee,681,28.51
AMM_fee,682,26.6
AMM_fee,683,28.28
AMM_fee,684,28.21
AMM_fee,685,27.49
AMM_fee,686,27.68
AMM_fee,687,27.35
AMM_fee,688,28.36
AMM_fee,689,28.69
AMM_fee,690,27.72
AMM_fee,691,28.98
AMM_fee,692,28.41
AMM_fee,693,28.17
AMM_fee,694,27.91
AMM_fee,696,27.46
AMM_fee,695,27.23
AMM_fee,697,28.41
AMM_fee,698,26.87
AMM_fee,699,27.96
AMM_fee,700,27.81
AMM_fee,701,27.91
AMM_fee,702,27.77
AMM_fee,703,28.1
AMM_fee,704,28.64
AMM_fee,706,28.22
AMM_fee,705,27.15
AMM_fee,707,27.9
AMM_fee,708,27.86
AMM_fee,709,27.52
AMM_fee,710,27.67
AMM_fee,711,28.48
AMM_fee,712,27.65
AMM_fee,713,28.38
AMM_fee,714,28.85
AMM_fee,715,27.87
AMM_fee,716,27.34
AMM_fee,717,27.57
AMM_fee,718,28.98
AMM_fee,719,27.97
AMM_fee,720,28.0
AMM_fee,721,27.58
AMM_fee,722,27.52
AMM_fee,723,27.63
AMM_fee,724,28.15
AMM_fee,725,27.28
AMM_fee,726,27.9
AMM_fee,727,28.34
AMM_fee,728,27.59
AMM_fee,729,28.22
AMM_fee,730,27.3
AMM_fee,731,28.5
AMM_fee,732,27.39
AMM_fee,733,27.62
AMM_fee,734,28.48
AMM_fee,735,27.27
AMM_fee,736,28.95
AMM_fee,737,28.02
AMM_fee,738,28.09
AMM_fee,739,27.71
AMM_fee,740,27.1
AMM_fee,741,28.07
AMM_fee,742,28.11
AMM_fee,743,28.85
AMM_fee,744,27.99
AMM_fee,745,27.6
AMM_fee,746,27.81
AMM_fee,747,27.57
AMM_fee,748,28.06
AMM_fee,749,27.48
AMM_fee,750,28.61
AMM_fee,751,27.56
AMM_fee,752,27.86
AMM_fee,753,28.46
AMM_fee,754,27.82
AMM_fee,755,27.91
AMM_fee,756,28.29
AMM_fee,757,27.98
AMM_fee,758,27.76
AMM_fee,759,28.74
AMM_fee,760,28.26
AMM_fee,761,28.28
AMM_fee,762,28.45
AMM_fee,763,26.98
AMM_fee,764,27.14
AMM_fee,765,27.63
AMM_fee,766,27.77
AMM_fee,767,28.46
AMM_fee,768,27.83
AMM_fee,769,28.32
AMM_fee,770,27.31
AMM_fee,771,27.63
AMM_fee,772,27.64
AMM_fee,773,26.77
AMM_fee,774,28.98
AMM_fee,775,28.37
AMM_fee,776,28.82
AMM_fee,777,27.3
AMM_fee,778,28.09
AMM_fee,779,28.61
AMM_fee,780,27.5
AMM_fee,781,27.62
AMM_fee,782,28.14
AMM_fee,783,27.04
AMM_fee,784,27.83
AMM_fee,785,29.2
AMM_fee,786,27.4
AMM_fee,787,27.74
AMM_fee,788,28.53
AMM_fee,789,26.61
AMM_fee,790,27.26
AMM_fee,791,27.93
AMM_fee,792,27.26
AMM_fee,793,26.82
AMM_fee,794,27.29
AMM_fee,795,27.99
AMM_fee,796,27.25
AMM_fee,797,29.19
AMM_fee,798,28.65
AMM_fee,799,27.77
AMM_fee,800,28.13
AMM_fee,801,28.38
AMM_fee,802,27.39
AMM_fee,803,28.41
AMM_fee,804,28.0
AMM_fee,805,28.17
AMM_fee,806,27.38
AMM_fee,807,27.9
AMM_fee,808,28.9
AMM_fee,809,27.79
AMM_fee,810,27.51
AMM_fee,811,28.43
AMM_fee,812,28.28
AMM_fee,813,28.13
AMM_fee,815,28.33
AMM_fee,814,27.66
AMM_fee,816,28.23
AMM_fee,817,28.86
AMM_fee,818,27.77
AMM_fee,819,28.11
AMM_fee,820,27.84
AMM_fee,821,27.78
AMM_fee,822,28.28
AMM_fee,823,28.33
AMM_fee,824,28.12
AMM_fee,825,27.47
AMM_fee,826,27.5
AMM_fee,827,28.52
AMM_fee,828,27.26
AMM_fee,829,28.16
AMM_fee,830,28.45
AMM_fee,831,27.41
AMM_fee,832,27.99
AMM_fee,833,27.38
AMM_fee,834,27.63
AMM_fee,835,28.26
AMM_fee,836,27.86
AMM_fee,837,27.56
AMM_fee,838,27.69
AMM_fee,839,27.51
AMM_fee,840,27.7
AMM_fee,841,28.22
AMM_fee,842,28.31
AMM_fee,843,27.68
AMM_fee,844,27.8
AMM_fee,845,27.32
AMM_fee,846,28.59
AMM_fee,847,28.54
AMM_fee,848,27.77
AMM_fee,849,28.58
AMM_fee,850,27.37
AMM_fee,851,28.13
AMM_fee,852,27.6
AMM_fee,853,28.04
AMM_fee,854,28.23
AMM_fee,855,28.61
AMM_fee,857,27.86
AMM_fee,856,27.67
AMM_fee,858,28.05
AMM_fee,859,27.77
AMM_fee,860,28.17
AMM_fee,861,28.15
AMM_fee,862,29.09
AMM_fee,863,26.42
AMM_fee,864,27.38
AMM_fee,865,28.04
AMM_fee,866,27.75
AMM_fee,867,28.45
AMM_fee,868,28.88
AMM_fee,869,27.83
AMM_fee,870,28.84
AMM_fee,871,27.77
AMM_fee,872,27.91
AMM_fee,873,28.1
AMM_fee,874,28.24
AMM_fee,875,28.0
AMM_fee,876,27.33
AMM_fee,877,28.57
AMM_fee,878,28.25
AMM_fee,879,27.7
AMM_fee,880,26.78
AMM_fee,881,27.66
AMM_fee,882,28.36
AMM_fee,883,26.43
AMM_fee,884,27.94
AMM_fee,885,28.29
AMM_fee,886,28.66
AMM_fee,887,27.93
AMM_fee,888,28.03
AMM_fee,889,27.73
AMM_fee,890,26.72
AMM_fee,891,27.94
AMM_fee,892,27.75
AMM_fee,893,27.7
AMM_fee,894,27.6
AMM_fee,895,28.55
AMM_fee,896,27.59
AMM_fee,897,27.72
AMM_fee,898,27.51
AMM_fee,899,28.36
AMM_fee,900,28.05
AMM_fee,901,27.14
AMM_fee,902,28.82
AMM_fee,903,27.3
AMM_fee,904,27.77
AMM_fee,905,27.35
AMM_fee,906,27.29
AMM_fee,907,28.22
AMM_fee,908,28.35
AMM_fee,909,27.36
AMM_fee,910,27.29
AMM_fee,911,27.96
AMM_fee,912,27.94
AMM_fee,913,27.58
AMM_fee,914,28.46
AMM_fee,915,27.22
AMM_fee,916,26.81
AMM_fee,917,27.81
AMM_fee,918,28.48
AMM_fee,919,27.28
AMM_fee,920,27.27
AMM_fee,921,28.23
AMM_fee,922,27.74
AMM_fee,923,27.87
AMM_fee,924,28.85
AMM_fee,925,27.21
AMM_fee,926,27.69
AMM_fee,927,28.86
AMM_fee,928,26.9
AMM_fee,929,27.63
AMM_fee,930,28.21
AMM_fee,931,28.62
AMM_fee,932,28.09
AMM_fee,933,27.79
AMM_fee,934,27.36
AMM_fee,935,28.26
AMM_fee,936,28.18
AMM_fee,937,29.09
AMM_fee,938,27.94
AMM_fee,939,28.18
AMM_fee,940,28.01
AMM_fee,941,27.72
AMM_fee,942,27.93
AMM_fee,943,27.56
AMM_fee,944,27.56
AMM_fee,945,29.03
AMM_fee,946,27.54
AMM_fee,947,27.6
AMM_fee,948,27.71
AMM_fee,949,27.67
AMM_fee,950,27.01
AMM_fee,952,28.55
AMM_fee,951,27.82
AMM_fee,953,27.62
AMM_fee,954,26.79
AMM_fee,955,27.79
AMM_fee,956,28.01
AMM_fee,957,27.86
AMM_fee,958,27.87
AMM_fee,959,27.1
AMM_fee,960,27.61
AMM_fee,961,28.29
AMM_fee,962,28.12
AMM_fee,963,27.56
AMM_fee,964,27.15
AMM_fee,965,27.04
AMM_fee,966,27.32
AMM_fee,967,27.79
AMM_fee,968,27.05
AMM_fee,969,27.29
AMM_fee,970,27.49
AMM_fee,971,27.5
AMM_fee,972,28.12
AMM_fee,973,28.21
AMM_fee,974,27.01
AMM_fee,975,27.7
AMM_fee,976,28.12
AMM_fee,977,27.4
AMM_fee,978,27.59
AMM_fee,979,27.37
AMM_fee,980,27.77
AMM_fee,981,28.16
AMM_fee,982,28.11
AMM_fee,983,28.56
AMM_fee,984,27.67
AMM_fee,985,27.36
AMM_fee,986,27.0
AMM_fee,987,27.71
AMM_fee,989,28.59
AMM_fee,988,27.21
AMM_fee,990,27.9
AMM_fee,991,28.39
AMM_fee,992,28.05
AMM_fee,993,28.19
AMM_fee,994,28.5
AMM_fee,995,28.21
AMM_fee,996,27.56
AMM_fee,997,27.88
AMM_fee,998,27.06
AMM_fee,999,28.4
OB_fee,0,30.44
OB_fee,1,29.9
OB_fee,2,30.28
OB_fee,3,30.22
OB_fee,4,29.96
OB_fee,5,30.24
OB_fee,6,29.75
OB_fee,7,30.2
OB_fee,8,30.0
OB_fee,9,29.85
OB_fee,10,30.19
OB_fee,11,30.4
OB_fee,12,29.93
OB_fee,13,30.29
OB_fee,14,30.08
OB_fee,15,30.37
OB_fee,16,29.86
OB_fee,17,30.3
OB_fee,18,30.27
OB_fee,19,30.04
OB_fee,20,30.33
OB_fee,21,29.83
OB_fee,22,30.04
OB_fee,23,30.28
OB_fee,24,30.31
OB_fee,25,30.26
OB_fee,26,29.85
OB_fee,27,30.28
OB_fee,28,29.85
OB_fee,29,29.92
OB_fee,30,30.07
OB_fee,31,30.2
OB_fee,32,29.98
OB_fee,33,29.9
OB_fee,34,29.76
OB_fee,35,30.22
OB_fee,36,30.19
OB_fee,37,30.01
OB_fee,38,29.89
OB_fee,39,30.13
OB_fee,40,29.97
OB_fee,41,30.09
OB_fee,42,30.06
OB_fee,43,30.39
OB_fee,44,29.84
OB_fee,45,29.77
OB_fee,46,30.41
OB_fee,47,30.08
OB_fee,48,30.1
OB_fee,49,30.11
OB_fee,50,30.24
OB_fee,51,29.58
OB_fee,52,29.9
OB_fee,53,30.14
OB_fee,54,30.18
OB_fee,55,30.02
OB_fee,56,30.31
OB_fee,57,30.41
OB_fee,58,30.07
OB_fee,59,30.08
OB_fee,60,30.15
OB_fee,61,29.9
OB_fee,62,30.07
OB_fee,63,29.98
OB_fee,64,30.29
OB_fee,65,30.06
OB_fee,67,30.32
OB_fee,66,29.89
OB_fee,68,30.21
OB_fee,69,30.06
OB_fee,70,30.12
OB_fee,71,30.47
OB_fee,72,30.23
OB_fee,73,30.22
OB_fee,74,29.92
OB_fee,75,30.36
OB_fee,76,29.97
OB_fee,77,30.34
OB_fee,78,30.04
OB_fee,79,30.39
OB_fee,80,30.04
OB_fee,81,29.79
OB_fee,82,30.15
OB_fee,83,30.11
OB_fee,85,30.13
OB_fee,84,30.38
OB_fee,86,29.97
OB_fee,87,29.51
OB_fee,88,30.37
OB_fee,89,30.22
OB_fee,90,30.09
OB_fee,91,30.0
OB_fee,92,30.0
OB_fee,93,30.27
OB_fee,94,30.7
OB_fee,95,29.86
OB_fee,96,30.21
OB_fee,97,30.05
OB_fee,98,30.64
OB_fee,99,29.93
OB_fee,100,30.03
OB_fee,102,30.06
OB_fee,101,29.97
OB_fee,103,29.99
OB_fee,104,30.29
OB_fee,105,30.02
OB_fee,106,29.99
OB_fee,107,30.02
OB_fee,109,30.25
OB_fee,108,29.93
OB_fee,110,30.19
OB_fee,111,29.94
OB_fee,112,30.17
OB_fee,113,29.82
OB_fee,114,29.66
OB_fee,115,29.54
OB_fee,116,30.3
OB_fee,117,30.02
OB_fee,118,30.1
OB_fee,119,29.89
OB_fee,120,29.8
OB_fee,121,30.0
OB_fee,122,30.17
OB_fee,123,29.94
OB_fee,124,29.53
OB_fee,125,30.2
OB_fee,126,29.61
OB_fee,127,30.26
OB_fee,128,29.81
OB_fee,129,29.82
OB_fee,130,30.34
OB_fee,131,30.18
OB_fee,132,30.03
OB_fee,133,30.29
OB_fee,134,29.62
OB_fee,135,29.66
OB_fee,136,30.23
OB_fee,137,30.27
OB_fee,138,30.08
OB_fee,139,29.98
OB_fee,140,29.76
OB_fee,141,30.18
OB_fee,142,29.95
OB_fee,143,29.92
OB_fee,144,30.1
OB_fee,145,30.11
OB_fee,146,30.27
OB_fee,147,30.23
OB_fee,148,29.66
OB_fee,149,29.65
OB_fee,150,30.08
OB_fee,151,30.04
OB_fee,152,30.26
OB_fee,153,30.16
OB_fee,154,29.68
OB_fee,155,30.03
OB_fee,156,30.2
OB_fee,157,29.53
OB_fee,158,29.99
OB_fee,159,30.31
OB_fee,160,30.16
OB_fee,161,29.94
OB_fee,162,30.36
OB_fee,163,29.92
OB_fee,164,29.95
OB_fee,165,29.86
OB_fee,166,30.03
OB_fee,167,30.23
OB_fee,168,30.21
OB_fee,169,30.25
OB_fee,170,30.31
OB_fee,171,29.98
OB_fee,172,30.19
OB_fee,173,30.08
OB_fee,174,30.36
OB_fee,175,29.9
OB_fee,176,30.15
OB_fee,177,29.51
OB_fee,178,30.21
OB_fee,180,30.16
OB_fee,179,30.28
OB_fee,181,29.98
OB_fee,182,30.05
OB_fee,183,30.28
OB_fee,184,30.07
OB_fee,185,29.88
OB_fee,186,30.06
OB_fee,187,30.18
OB_fee,189,30.33
OB_fee,188,29.69
OB_fee,190,30.01
OB_fee,191,30.14
OB_fee,192,30.37
OB_fee,193,30.13
OB_fee,194,30.05
OB_fee,195,30.08
OB_fee,196,30.25
OB_fee,197,30.49
OB_fee,199,29.86
OB_fee,198,29.9
OB_fee,200,30.11
OB_fee,201,30.2
OB_fee,202,29.75
OB_fee,204,30.31
OB_fee,203,29.71
OB_fee,205,30.26
OB_fee,206,30.06
OB_fee,207,30.3
OB_fee,208,30.24
OB_fee,209,30.32
OB_fee,210,29.86
OB_fee,212,29.87
OB_fee,211,30.15
OB_fee,213,30.15
OB_fee,214,29.93
OB_fee,215,29.86
OB_fee,216,30.26
OB_fee,217,30.15
OB_fee,218,30.12
OB_fee,219,30.29
OB_fee,220,29.89
OB_fee,221,30.17
OB_fee,222,30.01
OB_fee,223,30.34
OB_fee,224,29.88
OB_fee,225,30.06
OB_fee,226,30.16
OB_fee,227,30.32
OB_fee,228,29.96
OB_fee,229,29.67
OB_fee,230,30.18
OB_fee,231,29.96
OB_fee,232,30.12
OB_fee,233,29.85
OB_fee,234,30.02
OB_fee,235,29.71
OB_fee,236,29.97
OB_fee,237,29.81
OB_fee,238,29.99
OB_fee,239,30.16
OB_fee,240,29.71
OB_fee,241,30.15
OB_fee,242,30.26
OB_fee,243,30.38
OB_fee,244,30.5
OB_fee,245,30.15
OB_fee,246,29.64
OB_fee,247,30.03
OB_fee,248,30.27
OB_fee,249,30.09
OB_fee,250,30.35
OB_fee,252,30.11
OB_fee,251,30.21
OB_fee,253,30.49
OB_fee,254,29.99
OB_fee,255,30.17
OB_fee,256,29.81
OB_fee,257,29.84
OB_fee,258,29.83
OB_fee,259,30.18
OB_fee,260,29.7
OB_fee,262,29.81
OB_fee,261,29.68
OB_fee,263,30.3
OB_fee,264,30.21
OB_fee,265,30.28
OB_fee,266,30.23
OB_fee,267,30.06
OB_fee,268,30.24
OB_fee,269,30.14
OB_fee,270,30.02
OB_fee,271,29.83
OB_fee,272,29.63
OB_fee,273,30.11
OB_fee,275,29.59
OB_fee,274,30.25
OB_fee,276,29.9
OB_fee,277,29.71
OB_fee,278,29.96
OB_fee,279,29.91
OB_fee,280,30.01
OB_fee,281,30.38
OB_fee,282,30.16
OB_fee,284,30.18
OB_fee,283,30.14
OB_fee,285,29.86
OB_fee,286,30.03
OB_fee,287,29.97
OB_fee,288,29.99
OB_fee,289,30.16
OB_fee,290,29.95
OB_fee,291,29.81
OB_fee,292,30.34
OB_fee,293,29.89
OB_fee,294,29.81
OB_fee,295,30.28
OB_fee,296,30.02
OB_fee,297,30.19
OB_fee,298,30.08
OB_fee,299,29.88
OB_fee,300,30.15
OB_fee,301,29.71
OB_fee,302,30.17
OB_fee,303,30.24
OB_fee,304,30.18
OB_fee,305,29.81
OB_fee,307,29.43
OB_fee,306,29.85
OB_fee,308,30.07
OB_fee,309,30.1
OB_fee,310,30.13
OB_fee,311,30.19
OB_fee,312,30.46
OB_fee,313,30.49
OB_fee,314,30.26
OB_fee,315,29.98
OB_fee,316,30.16
OB_fee,317,30.33
OB_fee,318,30.1
OB_fee,319,30.4
OB_fee,320,30.17
OB_fee,321,29.81
OB_fee,322,29.99
OB_fee,323,30.46
OB_fee,324,29.96
OB_fee,325,29.96
OB_fee,326,30.47
OB_fee,327,29.72
OB_fee,328,29.9
OB_fee,329,30.16
OB_fee,330,30.21
OB_fee,331,30.07
OB_fee,332,29.76
OB_fee,333,30.02
OB_fee,334,30.21
OB_fee,335,30.09
OB_fee,336,29.98
OB_fee,337,29.63
OB_fee,338,29.88
OB_fee,339,29.93
OB_fee,340,30.13
OB_fee,341,30.06
OB_fee,342,30.11
OB_fee,343,30.0
OB_fee,344,30.2
OB_fee,345,30.13
OB_fee,346,30.1
OB_fee,347,30.74
OB_fee,349,30.05
OB_fee,348,30.28
OB_fee,350,30.42
OB_fee,351,30.04
OB_fee,352,30.04
OB_fee,353,30.16
OB_fee,354,29.89
OB_fee,355,30.36
OB_fee,356,29.95
OB_fee,357,29.56
OB_fee,358,30.12
OB_fee,359,30.13
OB_fee,360,30.2
OB_fee,361,30.11
OB_fee,362,29.72
OB_fee,363,29.99
OB_fee,364,29.82
OB_fee,365,30.12
OB_fee,366,30.03
OB_fee,367,30.22
OB_fee,368,30.24
OB_fee,369,30.2
OB_fee,370,30.51
OB_fee,371,30.2
OB_fee,372,29.95
OB_fee,373,29.95
OB_fee,374,29.85
OB_fee,375,29.68
OB_fee,376,30.15
OB_fee,377,30.06
OB_fee,378,29.82
OB_fee,379,29.8
OB_fee,380,30.02
OB_fee,381,30.31
OB_fee,382,30.12
OB_fee,383,30.25
OB_fee,384,30.11
OB_fee,385,30.32
OB_fee,386,29.99
OB_fee,387,29.98
OB_fee,388,29.98
OB_fee,389,29.92
OB_fee,390,29.75
OB_fee,391,30.12
OB_fee,392,30.13
OB_fee,394,29.91
OB_fee,393,29.67
OB_fee,395,30.22
OB_fee,396,30.12
OB_fee,397,30.19
OB_fee,399,30.26
OB_fee,398,30.15
OB_fee,400,30.11
OB_fee,401,30.16
OB_fee,402,30.0
OB_fee,403,30.24
OB_fee,404,30.06
OB_fee,405,29.91
OB_fee,406,30.74
OB_fee,407,29.95
OB_fee,408,30.12
OB_fee,409,29.91
OB_fee,410,30.16
OB_fee,412,30.19
OB_fee,411,30.27
OB_fee,413,30.02
OB_fee,414,30.5
OB_fee,415,30.15
OB_fee,416,30.0
OB_fee,417,29.94
OB_fee,418,29.76
OB_fee,419,30.14
OB_fee,420,30.04
OB_fee,421,29.79
OB_fee,422,29.93
OB_fee,423,29.78
OB_fee,424,30.24
OB_fee,425,30.21
OB_fee,427,30.03
OB_fee,426,30.23
OB_fee,428,29.88
OB_fee,429,30.14
OB_fee,430,29.81
OB_fee,431,29.89
OB_fee,432,30.22
OB_fee,433,30.13
OB_fee,434,30.13
OB_fee,435,30.45
OB_fee,436,29.95
OB_fee,437,30.34
OB_fee,438,30.01
OB_fee,439,30.24
OB_fee,440,29.69
OB_fee,441,30.47
OB_fee,442,29.89
OB_fee,443,30.05
OB_fee,444,29.76
OB_fee,445,29.99
OB_fee,446,30.06
OB_fee,447,30.02
OB_fee,448,29.99
OB_fee,449,30.13
OB_fee,450,30.34
OB_fee,452,29.79
OB_fee,451,30.22
OB_fee,453,30.06
OB_fee,454,30.15
OB_fee,455,29.77
OB_fee,456,29.95
OB_fee,457,30.07
OB_fee,458,29.49
OB_fee,460,29.66
OB_fee,459,30.48
OB_fee,461,29.96
OB_fee,462,30.43
OB_fee,463,30.1
OB_fee,464,30.49
OB_fee,465,30.34
OB_fee,466,30.28
OB_fee,467,30.3
OB_fee,468,30.28
OB_fee,469,30.29
OB_fee,470,30.34
OB_fee,471,29.58
OB_fee,472,30.37
OB_fee,473,30.08
OB_fee,474,30.44
OB_fee,476,30.04
OB_fee,475,30.28
OB_fee,477,29.92
OB_fee,478,30.46
OB_fee,479,29.87
OB_fee,480,30.45
OB_fee,481,30.39
OB_fee,482,30.1
OB_fee,483,30.12
OB_fee,484,30.22
OB_fee,485,30.45
OB_fee,486,30.02
OB_fee,487,30.05
OB_fee,488,30.39
OB_fee,489,30.32
OB_fee,490,30.07
OB_fee,491,30.31
OB_fee,492,30.03
OB_fee,493,30.39
OB_fee,494,30.04
OB_fee,495,30.01
OB_fee,496,30.06
OB_fee,497,30.44
OB_fee,498,30.04
OB_fee,499,30.07
OB_fee,500,29.71
OB_fee,501,29.95
OB_fee,502,30.12
OB_fee,503,30.08
OB_fee,504,30.02
OB_fee,505,30.15
OB_fee,506,29.87
OB_fee,507,30.08
OB_fee,508,30.18
OB_fee,509,30.16
OB_fee,510,30.1
OB_fee,511,30.27
OB_fee,512,30.11
OB_fee,514,29.92
OB_fee,513,30.27
OB_fee,515,30.05
OB_fee,516,29.67
OB_fee,517,29.69
OB_fee,518,30.03
OB_fee,519,30.03
OB_fee,520,30.12
OB_fee,521,30.1
OB_fee,522,29.96
OB_fee,523,30.13
OB_fee,524,30.52
OB_fee,525,29.62
OB_fee,526,29.93
OB_fee,527,30.17
OB_fee,528,30.03
OB_fee,529,29.9
OB_fee,530,30.16
OB_fee,531,30.13
OB_fee,532,30.34
OB_fee,533,30.16
OB_fee,534,29.75
OB_fee,535,29.81
OB_fee,536,29.76
OB_fee,537,30.15
OB_fee,538,30.06
OB_fee,539,30.16
OB_fee,540,30.18
OB_fee,541,30.04
OB_fee,542,30.04
OB_fee,543,30.52
OB_fee,544,29.99
OB_fee,545,29.85
OB_fee,546,30.39
OB_fee,547,29.98
OB_fee,548,30.07
OB_fee,549,30.13
OB_fee,551,30.09
OB_fee,550,30.44
OB_fee,552,30.27
OB_fee,553,30.13
OB_fee,554,29.47
OB_fee,555,30.1
OB_fee,556,30.18
OB_fee,557,30.42
OB_fee,559,30.08
OB_fee,558,29.96
OB_fee,560,30.24
OB_fee,561,30.11
OB_fee,562,29.78
OB_fee,563,30.14
OB_fee,564,29.74
OB_fee,565,29.81
OB_fee,566,29.98
OB_fee,567,30.15
OB_fee,568,30.38
OB_fee,569,30.05
OB_fee,570,30.25
OB_fee,571,30.34
OB_fee,572,30.01
OB_fee,573,30.09
OB_fee,575,30.29
OB_fee,574,29.99
OB_fee,576,29.89
OB_fee,577,30.16
OB_fee,578,30.34
OB_fee,579,29.75
OB_fee,580,30.1
OB_fee,581,30.11
OB_fee,582,29.85
OB_fee,583,29.82
OB_fee,584,29.81
OB_fee,585,29.97
OB_fee,586,30.25
OB_fee,587,30.16
OB_fee,588,30.27
OB_fee,589,30.41
OB_fee,590,30.01
OB_fee,591,29.98
OB_fee,592,29.87
OB_fee,593,29.5
OB_fee,594,30.13
OB_fee,595,29.9
OB_fee,596,29.92
OB_fee,597,29.52
OB_fee,599,29.8
OB_fee,598,30.4
OB_fee,600,30.02
OB_fee,601,29.82
OB_fee,602,29.97
OB_fee,603,30.21
OB_fee,604,29.91
OB_fee,605,30.18
OB_fee,606,30.07
OB_fee,607,30.01
OB_fee,608,29.92
OB_fee,609,30.2
OB_fee,610,30.08
OB_fee,611,29.91
OB_fee,612,30.55
OB_fee,613,29.82
OB_fee,615,30.21
OB_fee,614,29.7
OB_fee,616,30.28
OB_fee,617,29.74
OB_fee,618,30.43
OB_fee,619,30.06
OB_fee,620,30.33
OB_fee,621,30.5
OB_fee,622,30.04
OB_fee,623,30.44
OB_fee,624,30.04
OB_fee,625,30.05
OB_fee,626,30.26
OB_fee,627,30.18
OB_fee,628,30.26
OB_fee,629,29.91
OB_fee,630,30.29
OB_fee,631,30.2
OB_fee,632,30.22
OB_fee,633,29.87
OB_fee,634,30.33
OB_fee,635,29.88
OB_fee,636,29.95
OB_fee,637,30.12
OB_fee,639,30.09
OB_fee,638,29.91
OB_fee,640,30.36
OB_fee,641,29.94
OB_fee,642,29.85
OB_fee,643,29.75
OB_fee,644,29.98
OB_fee,645,29.79
OB_fee,646,30.0
OB_fee,647,30.04
OB_fee,648,30.29
OB_fee,649,29.97
OB_fee,650,30.13
OB_fee,651,30.19
OB_fee,652,29.85
OB_fee,653,29.9
OB_fee,654,30.38
OB_fee,656,29.99
OB_fee,655,29.96
OB_fee,657,29.76
OB_fee,658,29.88
OB_fee,659,30.13
OB_fee,660,30.18
OB_fee,661,29.97
OB_fee,662,30.23
OB_fee,663,29.81
OB_fee,664,30.1
OB_fee,665,30.11
OB_fee,666,30.18
OB_fee,667,30.06
OB_fee,668,30.13
OB_fee,669,30.09
OB_fee,670,29.83
OB_fee,671,30.42
OB_fee,672,30.28
OB_fee,673,30.15
OB_fee,674,30.08
OB_fee,675,30.45
OB_fee,676,30.06
OB_fee,677,30.04
OB_fee,679,29.9
OB_fee,678,30.08
OB_fee,680,30.04
OB_fee,681,30.39
OB_fee,682,29.54
OB_fee,683,30.12
OB_fee,684,29.94
OB_fee,685,30.1
OB_fee,686,30.3
OB_fee,687,29.57
OB_fee,688,30.16
OB_fee,689,30.12
OB_fee,690,30.13
OB_fee,691,30.28
OB_fee,692,30.05
OB_fee,693,30.39
OB_fee,694,29.97
OB_fee,695,30.18
OB_fee,696,29.91
OB_fee,697,30.35
OB_fee,699,30.25
OB_fee,698,29.99
OB_fee,700,30.15
OB_fee,701,30.25
OB_fee,702,30.18
OB_fee,703,30.43
OB_fee,704,30.07
OB_fee,705,29.66
OB_fee,707,30.25
OB_fee,706,30.09
OB_fee,708,30.2
OB_fee,709,29.75
OB_fee,710,29.86
OB_fee,711,29.9
OB_fee,712,29.98
OB_fee,713,30.19
OB_fee,714,30.41
OB_fee,715,30.37
OB_fee,716,29.99
OB_fee,717,30.41
OB_fee,718,30.36
OB_fee,719,29.93
OB_fee,720,29.97
OB_fee,721,30.0
OB_fee,722,29.5
OB_fee,723,30.26
OB_fee,724,29.75
OB_fee,725,29.82
OB_fee,726,30.22
OB_fee,727,30.05
OB_fee,728,29.88
OB_fee,729,30.01
OB_fee,730,30.0
OB_fee,731,30.37
OB_fee,732,29.85
OB_fee,733,29.94
OB_fee,734,30.58
OB_fee,735,30.2
OB_fee,737,30.29
OB_fee,736,30.37
OB_fee,738,30.01
OB_fee,739,29.96
OB_fee,740,30.2
OB_fee,741,30.03
OB_fee,742,29.67
OB_fee,744,30.01
OB_fee,743,30.04
OB_fee,745,30.24
OB_fee,746,30.13
OB_fee,747,29.98
OB_fee,748,30.03
OB_fee,749,30.05
OB_fee,750,29.82
OB_fee,751,29.74
OB_fee,752,29.93
OB_fee,753,30.21
OB_fee,754,30.32
OB_fee,755,29.89
OB_fee,756,29.91
OB_fee,757,30.15
OB_fee,758,30.11
OB_fee,759,30.51
OB_fee,760,30.39
OB_fee,761,29.92
OB_fee,762,30.13
OB_fee,763,29.74
OB_fee,764,29.87
OB_fee,765,29.91
OB_fee,767,30.13
OB_fee,766,29.87
OB_fee,768,30.1
OB_fee,769,29.88
OB_fee,770,29.87
OB_fee,771,30.28
OB_fee,772,29.98
OB_fee,773,30.04
OB_fee,774,30.29
OB_fee,775,30.17
OB_fee,776,30.17
OB_fee,777,30.03
OB_fee,778,30.29
OB_fee,779,30.31
OB_fee,780,29.84
OB_fee,781,29.59
OB_fee,782,30.37
OB_fee,783,29.66
OB_fee,784,29.79
OB_fee,785,30.06
OB_fee,786,29.94
OB_fee,787,30.18
OB_fee,788,30.1
OB_fee,789,29.52
OB_fee,790,30.12
OB_fee,791,29.96
OB_fee,792,29.53
OB_fee,793,29.82
OB_fee,794,30.01
OB_fee,795,29.85
OB_fee,796,29.75
OB_fee,797,30.26
OB_fee,799,30.66
OB_fee,798,30.38
OB_fee,802,29.88
OB_fee,800,30.2
OB_fee,801,30.02
OB_fee,803,30.17
OB_fee,804,29.96
OB_fee,805,30.23
OB_fee,806,30.2
OB_fee,807,30.03
OB_fee,808,30.22
OB_fee,809,29.91
OB_fee,810,30.09
OB_fee,811,30.31
OB_fee,812,29.86
OB_fee,813,30.12
OB_fee,815,29.95
OB_fee,814,29.97
OB_fee,816,29.88
OB_fee,817,29.94
OB_fee,818,30.05
OB_fee,819,29.67
OB_fee,820,30.08
OB_fee,821,29.87
OB_fee,822,30.11
OB_fee,823,29.63
OB_fee,824,30.21
OB_fee,825,30.08
OB_fee,826,30.09
OB_fee,827,30.24
OB_fee,828,29.93
OB_fee,829,30.41
OB_fee,831,30.36
OB_fee,830,30.38
OB_fee,832,30.36
OB_fee,833,30.02
OB_fee,834,30.12
OB_fee,835,30.33
OB_fee,836,30.24
OB_fee,837,30.27
OB_fee,839,29.89
OB_fee,838,29.89
OB_fee,840,30.31
OB_fee,841,30.23
OB_fee,842,30.02
OB_fee,843,29.93
OB_fee,844,30.12
OB_fee,845,30.08
OB_fee,846,29.99
OB_fee,847,30.09
OB_fee,848,29.9
OB_fee,849,30.19
OB_fee,851,30.26
OB_fee,850,29.94
OB_fee,852,30.48
OB_fee,853,30.11
OB_fee,854,30.09
OB_fee,855,30.23
OB_fee,856,30.3
OB_fee,857,30.01
OB_fee,858,30.09
OB_fee,859,30.12
OB_fee,860,30.17
OB_fee,861,30.18
OB_fee,862,30.33
OB_fee,863,29.79
OB_fee,864,30.01
OB_fee,866,29.86
OB_fee,865,30.3
OB_fee,867,30.44
OB_fee,868,30.18
OB_fee,869,30.28
OB_fee,870,30.35
OB_fee,871,30.03
OB_fee,872,29.84
OB_fee,873,30.31
OB_fee,874,29.68
OB_fee,875,29.94
OB_fee,876,30.05
OB_fee,877,30.56
OB_fee,878,30.01
OB_fee,879,29.85
OB_fee,880,29.69
OB_fee,881,30.51
OB_fee,882,30.28
OB_fee,883,29.93
OB_fee,884,30.15
OB_fee,885,29.98
OB_fee,886,30.15
OB_fee,887,30.16
OB_fee,888,30.11
OB_fee,889,29.94
OB_fee,890,29.99
OB_fee,891,30.04
OB_fee,892,30.16
OB_fee,893,30.1
OB_fee,894,30.08
OB_fee,895,29.71
OB_fee,896,30.41
OB_fee,897,29.85
OB_fee,898,30.01
OB_fee,899,30.07
OB_fee,900,29.97
OB_fee,901,30.2
OB_fee,902,30.32
OB_fee,903,30.16
OB_fee,904,29.91
OB_fee,905,29.86
OB_fee,906,30.07
OB_fee,907,30.2
OB_fee,908,29.87
OB_fee,909,29.8
OB_fee,910,29.73
OB_fee,911,30.4
OB_fee,912,30.19
OB_fee,913,29.95
OB_fee,914,30.3
OB_fee,915,29.91
OB_fee,916,29.9
OB_fee,917,30.22
OB_fee,918,30.06
OB_fee,919,29.79
OB_fee,920,30.44
OB_fee,921,29.58
OB_fee,922,29.91
OB_fee,923,30.02
OB_fee,924,30.33
OB_fee,925,30.13
OB_fee,926,30.2
OB_fee,927,30.41
OB_fee,928,29.8
OB_fee,929,30.13
OB_fee,930,30.35
OB_fee,931,30.32
OB_fee,932,30.27
OB_fee,933,30.16
OB_fee,934,29.73
OB_fee,936,30.26
OB_fee,935,30.4
OB_fee,937,30.37
OB_fee,938,30.34
OB_fee,939,30.44
OB_fee,940,30.1
OB_fee,941,30.02
OB_fee,942,30.27
OB_fee,943,30.23
OB_fee,944,30.22
OB_fee,945,30.28
OB_fee,946,29.94
OB_fee,947,30.09
OB_fee,948,30.01
OB_fee,949,30.13
OB_fee,950,30.04
OB_fee,951,30.08
OB_fee,952,30.2
OB_fee,953,30.18
OB_fee,954,29.98
OB_fee,955,30.45
OB_fee,956,30.17
OB_fee,958,29.85
OB_fee,957,29.85
OB_fee,959,30.17
OB_fee,960,30.43
OB_fee,961,29.83
OB_fee,962,30.15
OB_fee,963,29.84
OB_fee,964,29.88
OB_fee,965,29.86
OB_fee,966,29.93
OB_fee,967,30.08
OB_fee,968,29.58
OB_fee,969,30.09
OB_fee,970,29.97
OB_fee,971,30.02
OB_fee,972,30.14
OB_fee,973,30.4
OB_fee,974,29.79
OB_fee,975,30.2
OB_fee,976,30.21
OB_fee,977,30.23
OB_fee,978,30.06
OB_fee,979,29.8
OB_fee,980,30.06
OB_fee,981,29.88
OB_fee,982,30.24
OB_fee,983,30.34
OB_fee,984,30.15
OB_fee,985,30.1
OB_fee,986,29.76
OB_fee,987,30.38
OB_fee,988,29.89
OB_fee,989,30.36
OB_fee,990,29.8
OB_fee,991,30.0
OB_fee,992,29.64
OB_fee,993,30.03
OB_fee,994,29.94
OB_fee,995,30.07
OB_fee,996,29.77
OB_fee,997,29.92
OB_fee,998,29.83
OB_fee,999,29.98
IMPROVED_FX_fee,0,26.72
IMPROVED_FX_fee,1,26.51
IMPROVED_FX_fee,2,26.67
IMPROVED_FX_fee,3,26.55
IMPROVED_FX_fee,4,26.9
IMPROVED_FX_fee,5,26.63
IMPROVED_FX_fee,6,26.67
IMPROVED_FX_fee,7,26.54
IMPROVED_FX_fee,8,26.65
IMPROVED_FX_fee,9,26.59
IMPROVED_FX_fee,10,26.88
IMPROVED_FX_fee,11,26.64
IMPROVED_FX_fee,12,26.83
IMPROVED_FX_fee,13,26.7
IMPROVED_FX_fee,14,26.48
IMPROVED_FX_fee,15,26.52
IMPROVED_FX_fee,16,26.72
IMPROVED_FX_fee,17,26.89
IMPROVED_FX_fee,18,26.66
IMPROVED_FX_fee,19,26.57
IMPROVED_FX_fee,20,26.49
IMPROVED_FX_fee,21,26.76
IMPROVED_FX_fee,22,26.72
IMPROVED_FX_fee,23,26.7
IMPROVED_FX_fee,24,26.31
IMPROVED_FX_fee,25,26.47
IMPROVED_FX_fee,26,26.69
IMPROVED_FX_fee,27,26.58
IMPROVED_FX_fee,28,26.63
IMPROVED_FX_fee,29,26.67
IMPROVED_FX_fee,30,26.58
IMPROVED_FX_fee,31,26.51
IMPROVED_FX_fee,32,26.56
IMPROVED_FX_fee,33,26.82
IMPROVED_FX_fee,34,26.66
IMPROVED_FX_fee,35,26.63
IMPROVED_FX_fee,36,26.75
IMPROVED_FX_fee,37,26.74
IMPROVED_FX_fee,38,26.61
IMPROVED_FX_fee,39,26.66
IMPROVED_FX_fee,40,26.71
IMPROVED_FX_fee,41,26.5
IMPROVED_FX_fee,42,26.56
IMPROVED_FX_fee,43,26.46
IMPROVED_FX_fee,44,26.65
IMPROVED_FX_fee,45,26.73
IMPROVED_FX_fee,46,26.55
IMPROVED_FX_fee,47,26.7
IMPROVED_FX_fee,48,26.7
IMPROVED_FX_fee,49,26.7
IMPROVED_FX_fee,50,26.56
IMPROVED_FX_fee,51,26.62
IMPROVED_FX_fee,52,26.65
IMPROVED_FX_fee,53,26.61
IMPROVED_FX_fee,54,26.62
IMPROVED_FX_fee,55,26.63
IMPROVED_FX_fee,56,26.5
IMPROVED_FX_fee,57,26.58
IMPROVED_FX_fee,58,26.74
IMPROVED_FX_fee,59,26.62
IMPROVED_FX_fee,60,26.81
IMPROVED_FX_fee,61,26.89
IMPROVED_FX_fee,62,26.44
IMPROVED_FX_fee,64,26.66
IMPROVED_FX_fee,63,26.7
IMPROVED_FX_fee,65,26.75
IMPROVED_FX_fee,66,26.69
IMPROVED_FX_fee,67,26.6
IMPROVED_FX_fee,68,26.64
IMPROVED_FX_fee,69,26.66
IMPROVED_FX_fee,70,26.54
IMPROVED_FX_fee,71,26.55
IMPROVED_FX_fee,72,26.55
IMPROVED_FX_fee,73,26.61
IMPROVED_FX_fee,74,26.7
IMPROVED_FX_fee,75,26.62
IMPROVED_FX_fee,76,26.63
IMPROVED_FX_fee,77,26.57
IMPROVED_FX_fee,78,26.61
IMPROVED_FX_fee,79,26.43
IMPROVED_FX_fee,80,26.54
IMPROVED_FX_fee,81,26.79
IMPROVED_FX_fee,82,26.45
IMPROVED_FX_fee,83,26.6
IMPROVED_FX_fee,84,26.75
IMPROVED_FX_fee,85,26.73
IMPROVED_FX_fee,86,26.73
IMPROVED_FX_fee,87,26.64
IMPROVED_FX_fee,88,26.65
IMPROVED_FX_fee,89,26.73
IMPROVED_FX_fee,90,26.6
IMPROVED_FX_fee,91,26.53
IMPROVED_FX_fee,92,26.74
IMPROVED_FX_fee,93,26.64
IMPROVED_FX_fee,94,26.71
IMPROVED_FX_fee,95,26.87
IMPROVED_FX_fee,96,26.62
IMPROVED_FX_fee,97,26.71
IMPROVED_FX_fee,98,26.63
IMPROVED_FX_fee,99,26.45
IMPROVED_FX_fee,100,26.46
IMPROVED_FX_fee,101,26.52
IMPROVED_FX_fee,102,26.72
IMPROVED_FX_fee,103,26.65
IMPROVED_FX_fee,104,26.49
IMPROVED_FX_fee,105,26.81
IMPROVED_FX_fee,106,26.7
IMPROVED_FX_fee,107,26.6
IMPROVED_FX_fee,108,26.76
IMPROVED_FX_fee,109,26.43
IMPROVED_FX_fee,110,26.7
IMPROVED_FX_fee,111,26.65
IMPROVED_FX_fee,112,26.57
IMPROVED_FX_fee,113,26.57
IMPROVED_FX_fee,114,26.73
IMPROVED_FX_fee,115,26.92
IMPROVED_FX_fee,116,26.61
IMPROVED_FX_fee,117,26.65
IMPROVED_FX_fee,118,26.65
IMPROVED_FX_fee,119,26.81
IMPROVED_FX_fee,120,26.74
IMPROVED_FX_fee,121,26.78
IMPROVED_FX_fee,122,26.87
IMPROVED_FX_fee,123,26.51
IMPROVED_FX_fee,124,26.88
IMPROVED_FX_fee,125,26.44
IMPROVED_FX_fee,126,26.65
IMPROVED_FX_fee,127,26.5
IMPROVED_FX_fee,128,26.73
IMPROVED_FX_fee,129,26.65
IMPROVED_FX_fee,130,26.59
IMPROVED_FX_fee,131,26.57
IMPROVED_FX_fee,132,26.77
IMPROVED_FX_fee,133,26.75
IMPROVED_FX_fee,134,26.72
IMPROVED_FX_fee,135,26.7
IMPROVED_FX_fee,136,26.77
IMPROVED_FX_fee,137,26.61
IMPROVED_FX_fee,138,26.78
IMPROVED_FX_fee,139,26.65
IMPROVED_FX_fee,140,26.75
IMPROVED_FX_fee,141,26.48
IMPROVED_FX_fee,142,26.76
IMPROVED_FX_fee,143,26.54
IMPROVED_FX_fee,144,26.77
IMPROVED_FX_fee,145,26.72
IMPROVED_FX_fee,146,26.68
IMPROVED_FX_fee,147,26.68
IMPROVED_FX_fee,148,26.73
IMPROVED_FX_fee,149,26.7
IMPROVED_FX_fee,150,26.55
IMPROVED_FX_fee,151,26.52
IMPROVED_FX_fee,152,26.43
IMPROVED_FX_fee,153,26.61
IMPROVED_FX_fee,154,26.79
IMPROVED_FX_fee,155,26.7
IMPROVED_FX_fee,156,26.68
IMPROVED_FX_fee,157,26.88
IMPROVED_FX_fee,158,26.49
IMPROVED_FX_fee,159,26.41
IMPROVED_FX_fee,161,26.73
IMPROVED_FX_fee,160,26.73
IMPROVED_FX_fee,162,26.61
IMPROVED_FX_fee,163,26.74
IMPROVED_FX_fee,164,26.75
IMPROVED_FX_fee,165,26.55
IMPROVED_FX_fee,166,26.71
IMPROVED_FX_fee,167,26.64
IMPROVED_FX_fee,168,26.67
IMPROVED_FX_fee,169,26.89
IMPROVED_FX_fee,170,26.49
IMPROVED_FX_fee,171,26.56
IMPROVED_FX_fee,172,26.61
IMPROVED_FX_fee,173,26.53
IMPROVED_FX_fee,174,26.61
IMPROVED_FX_fee,175,26.72
IMPROVED_FX_fee,176,26.46
IMPROVED_FX_fee,177,26.9
IMPROVED_FX_fee,178,26.65
IMPROVED_FX_fee,179,26.52
IMPROVED_FX_fee,181,26.82
IMPROVED_FX_fee,180,26.66
IMPROVED_FX_fee,182,26.6
IMPROVED_FX_fee,183,26.37
IMPROVED_FX_fee,184,26.64
IMPROVED_FX_fee,185,26.58
IMPROVED_FX_fee,186,26.55
IMPROVED_FX_fee,187,26.56
IMPROVED_FX_fee,188,26.83
IMPROVED_FX_fee,189,26.5
IMPROVED_FX_fee,190,26.49
IMPROVED_FX_fee,191,26.62
IMPROVED_FX_fee,192,26.69
IMPROVED_FX_fee,193,26.72
IMPROVED_FX_fee,194,26.73
IMPROVED_FX_fee,195,26.63
IMPROVED_FX_fee,196,26.52
IMPROVED_FX_fee,197,26.46
IMPROVED_FX_fee,198,26.68
IMPROVED_FX_fee,199,26.63
IMPROVED_FX_fee,200,26.64
IMPROVED_FX_fee,201,26.48
IMPROVED_FX_fee,202,26.71
IMPROVED_FX_fee,203,26.87
IMPROVED_FX_fee,204,26.47
IMPROVED_FX_fee,205,26.64
IMPROVED_FX_fee,206,26.72
IMPROVED_FX_fee,208,26.75
IMPROVED_FX_fee,207,26.66
IMPROVED_FX_fee,210,26.73
IMPROVED_FX_fee,209,26.42
IMPROVED_FX_fee,211,26.64
IMPROVED_FX_fee,212,26.57
IMPROVED_FX_fee,213,26.7
IMPROVED_FX_fee,214,26.53
IMPROVED_FX_fee,215,26.67
IMPROVED_FX_fee,216,26.44
IMPROVED_FX_fee,217,26.43
IMPROVED_FX_fee,218,26.64
IMPROVED_FX_fee,219,26.39
IMPROVED_FX_fee,220,26.58
IMPROVED_FX_fee,221,26.69
IMPROVED_FX_fee,222,26.7
IMPROVED_FX_fee,223,26.6
IMPROVED_FX_fee,224,26.53
IMPROVED_FX_fee,226,26.72
IMPROVED_FX_fee,225,26.59
IMPROVED_FX_fee,227,26.53
IMPROVED_FX_fee,228,26.81
IMPROVED_FX_fee,229,26.81
IMPROVED_FX_fee,230,26.57
IMPROVED_FX_fee,231,26.7
IMPROVED_FX_fee,232,26.59
IMPROVED_FX_fee,233,26.45
IMPROVED_FX_fee,234,26.74
IMPROVED_FX_fee,235,26.79
IMPROVED_FX_fee,236,26.57
IMPROVED_FX_fee,237,26.85
IMPROVED_FX_fee,238,26.69
IMPROVED_FX_fee,239,26.59
IMPROVED_FX_fee,240,26.87
IMPROVED_FX_fee,241,26.84
IMPROVED_FX_fee,242,26.6
IMPROVED_FX_fee,243,26.55
IMPROVED_FX_fee,244,26.57
IMPROVED_FX_fee,245,26.7
IMPROVED_FX_fee,246,26.68
IMPROVED_FX_fee,247,26.6
IMPROVED_FX_fee,248,26.57
IMPROVED_FX_fee,249,26.56
IMPROVED_FX_fee,250,26.51
IMPROVED_FX_fee,251,26.41
IMPROVED_FX_fee,252,26.77
IMPROVED_FX_fee,253,26.58
IMPROVED_FX_fee,254,26.45
IMPROVED_FX_fee,255,26.68
IMPROVED_FX_fee,256,26.63
IMPROVED_FX_fee,257,26.72
IMPROVED_FX_fee,258,26.53
IMPROVED_FX_fee,259,26.93
IMPROVED_FX_fee,260,26.53
IMPROVED_FX_fee,261,26.69
IMPROVED_FX_fee,262,26.62
IMPROVED_FX_fee,263,26.46
IMPROVED_FX_fee,264,26.65
IMPROVED_FX_fee,265,26.43
IMPROVED_FX_fee,266,26.39
IMPROVED_FX_fee,268,26.62
IMPROVED_FX_fee,267,26.73
IMPROVED_FX_fee,269,26.72
IMPROVED_FX_fee,270,26.6
IMPROVED_FX_fee,271,26.78
IMPROVED_FX_fee,272,26.63
IMPROVED_FX_fee,273,26.61
IMPROVED_FX_fee,274,26.42
IMPROVED_FX_fee,275,26.85
IMPROVED_FX_fee,276,26.7
IMPROVED_FX_fee,277,26.72
IMPROVED_FX_fee,278,26.66
IMPROVED_FX_fee,279,26.64
IMPROVED_FX_fee,280,26.79
IMPROVED_FX_fee,281,26.4
IMPROVED_FX_fee,282,26.61
IMPROVED_FX_fee,283,26.66
IMPROVED_FX_fee,284,26.36
IMPROVED_FX_fee,285,26.48
IMPROVED_FX_fee,286,26.5
IMPROVED_FX_fee,287,26.72
IMPROVED_FX_fee,288,26.46
IMPROVED_FX_fee,289,26.64
IMPROVED_FX_fee,290,26.74
IMPROVED_FX_fee,291,26.75
IMPROVED_FX_fee,292,26.62
IMPROVED_FX_fee,293,26.56
IMPROVED_FX_fee,294,26.76
IMPROVED_FX_fee,295,26.67
IMPROVED_FX_fee,296,26.78
IMPROVED_FX_fee,297,26.52
IMPROVED_FX_fee,298,26.62
IMPROVED_FX_fee,299,26.59
IMPROVED_FX_fee,300,26.62
IMPROVED_FX_fee,301,26.81
IMPROVED_FX_fee,302,26.51
IMPROVED_FX_fee,303,26.62
IMPROVED_FX_fee,304,26.46
IMPROVED_FX_fee,305,26.83
IMPROVED_FX_fee,306,26.66
IMPROVED_FX_fee,307,26.83
IMPROVED_FX_fee,308,26.65
IMPROVED_FX_fee,309,26.84
IMPROVED_FX_fee,310,26.56
IMPROVED_FX_fee,311,26.41
IMPROVED_FX_fee,312,26.84
IMPROVED_FX_fee,313,26.6
IMPROVED_FX_fee,314,26.71
IMPROVED_FX_fee,315,26.53
IMPROVED_FX_fee,316,26.59
IMPROVED_FX_fee,317,26.76
IMPROVED_FX_fee,318,26.78
IMPROVED_FX_fee,319,26.47
IMPROVED_FX_fee,320,26.59
IMPROVED_FX_fee,321,26.6
IMPROVED_FX_fee,322,26.69
IMPROVED_FX_fee,323,26.53
IMPROVED_FX_fee,324,26.67
IMPROVED_FX_fee,325,26.7
IMPROVED_FX_fee,326,26.47
IMPROVED_FX_fee,327,26.62
IMPROVED_FX_fee,328,26.61
IMPROVED_FX_fee,329,26.67
IMPROVED_FX_fee,330,26.45
IMPROVED_FX_fee,331,26.69
IMPROVED_FX_fee,332,26.86
IMPROVED_FX_fee,333,26.98
IMPROVED_FX_fee,334,26.29
IMPROVED_FX_fee,335,26.62
IMPROVED_FX_fee,336,26.65
IMPROVED_FX_fee,337,26.61
IMPROVED_FX_fee,338,26.73
IMPROVED_FX_fee,339,26.78
IMPROVED_FX_fee,340,26.55
IMPROVED_FX_fee,341,26.69
IMPROVED_FX_fee,342,26.76
IMPROVED_FX_fee,343,26.78
IMPROVED_FX_fee,344,26.67
IMPROVED_FX_fee,345,26.37
IMPROVED_FX_fee,347,26.54
IMPROVED_FX_fee,346,26.57
IMPROVED_FX_fee,348,26.48
IMPROVED_FX_fee,349,26.54
IMPROVED_FX_fee,350,26.44
IMPROVED_FX_fee,351,26.71
IMPROVED_FX_fee,352,26.81
IMPROVED_FX_fee,353,26.64
IMPROVED_FX_fee,354,26.68
IMPROVED_FX_fee,355,26.45
IMPROVED_FX_fee,356,26.54
IMPROVED_FX_fee,357,26.77
IMPROVED_FX_fee,358,26.61
IMPROVED_FX_fee,359,26.77
IMPROVED_FX_fee,360,26.68
IMPROVED_FX_fee,361,26.73
IMPROVED_FX_fee,362,26.72
IMPROVED_FX_fee,363,26.59
IMPROVED_FX_fee,364,26.91
IMPROVED_FX_fee,365,26.55
IMPROVED_FX_fee,366,26.73
IMPROVED_FX_fee,367,26.69
IMPROVED_FX_fee,368,26.63
IMPROVED_FX_fee,370,26.52
IMPROVED_FX_fee,369,26.69
IMPROVED_FX_fee,371,26.84
IMPROVED_FX_fee,372,26.67
IMPROVED_FX_fee,373,26.63
IMPROVED_FX_fee,374,26.83
IMPROVED_FX_fee,375,26.71
IMPROVED_FX_fee,377,26.54
IMPROVED_FX_fee,376,26.49
IMPROVED_FX_fee,378,26.83
IMPROVED_FX_fee,379,26.54
IMPROVED_FX_fee,380,26.74
IMPROVED_FX_fee,381,26.59
IMPROVED_FX_fee,382,26.69
IMPROVED_FX_fee,383,26.61
IMPROVED_FX_fee,384,26.81
IMPROVED_FX_fee,385,26.52
IMPROVED_FX_fee,386,26.42
IMPROVED_FX_fee,387,26.65
IMPROVED_FX_fee,388,26.73
IMPROVED_FX_fee,389,26.74
IMPROVED_FX_fee,390,26.52
IMPROVED_FX_fee,391,26.75
IMPROVED_FX_fee,392,26.75
IMPROVED_FX_fee,394,26.71
IMPROVED_FX_fee,393,26.62
IMPROVED_FX_fee,395,26.71
IMPROVED_FX_fee,396,26.58
IMPROVED_FX_fee,397,26.53
IMPROVED_FX_fee,398,26.61
IMPROVED_FX_fee,399,26.58
IMPROVED_FX_fee,400,26.7
IMPROVED_FX_fee,402,26.64
IMPROVED_FX_fee,401,26.6
IMPROVED_FX_fee,403,26.76
IMPROVED_FX_fee,404,26.59
IMPROVED_FX_fee,405,26.74
IMPROVED_FX_fee,406,26.43
IMPROVED_FX_fee,407,26.67
IMPROVED_FX_fee,408,26.78
IMPROVED_FX_fee,410,26.5
IMPROVED_FX_fee,409,26.64
IMPROVED_FX_fee,411,26.87
IMPROVED_FX_fee,412,26.74
IMPROVED_FX_fee,413,26.64
IMPROVED_FX_fee,414,26.73
IMPROVED_FX_fee,415,26.55
IMPROVED_FX_fee,416,26.5
IMPROVED_FX_fee,417,26.63
IMPROVED_FX_fee,418,26.74
IMPROVED_FX_fee,419,26.64
IMPROVED_FX_fee,420,26.65
IMPROVED_FX_fee,421,26.71
IMPROVED_FX_fee,422,26.6
IMPROVED_FX_fee,423,26.61
IMPROVED_FX_fee,424,26.71
IMPROVED_FX_fee,425,26.54
IMPROVED_FX_fee,426,26.55
IMPROVED_FX_fee,427,26.63
IMPROVED_FX_fee,428,26.83
IMPROVED_FX_fee,429,26.51
IMPROVED_FX_fee,430,26.63
IMPROVED_FX_fee,431,26.67
IMPROVED_FX_fee,432,26.55
IMPROVED_FX_fee,433,26.56
IMPROVED_FX_fee,434,26.55
IMPROVED_FX_fee,435,26.28
IMPROVED_FX_fee,436,26.56
IMPROVED_FX_fee,437,26.53
IMPROVED_FX_fee,438,26.61
IMPROVED_FX_fee,439,27.08
IMPROVED_FX_fee,440,26.63
IMPROVED_FX_fee,441,26.29
IMPROVED_FX_fee,442,26.82
IMPROVED_FX_fee,443,26.46
IMPROVED_FX_fee,444,26.68
IMPROVED_FX_fee,445,26.61
IMPROVED_FX_fee,446,26.91
IMPROVED_FX_fee,447,26.79
IMPROVED_FX_fee,448,26.59
IMPROVED_FX_fee,449,26.62
IMPROVED_FX_fee,450,26.83
IMPROVED_FX_fee,451,26.68
IMPROVED_FX_fee,452,26.78
IMPROVED_FX_fee,453,26.48
IMPROVED_FX_fee,454,26.56
IMPROVED_FX_fee,455,26.8
IMPROVED_FX_fee,456,26.75
IMPROVED_FX_fee,457,26.61
IMPROVED_FX_fee,458,26.6
IMPROVED_FX_fee,459,26.72
IMPROVED_FX_fee,460,26.84
IMPROVED_FX_fee,461,26.6
IMPROVED_FX_fee,462,26.67
IMPROVED_FX_fee,463,26.78
IMPROVED_FX_fee,464,26.54
IMPROVED_FX_fee,465,26.47
IMPROVED_FX_fee,466,26.52
IMPROVED_FX_fee,468,26.74
IMPROVED_FX_fee,467,26.4
IMPROVED_FX_fee,469,26.41
IMPROVED_FX_fee,470,26.49
IMPROVED_FX_fee,471,26.56
IMPROVED_FX_fee,472,26.37
IMPROVED_FX_fee,473,26.63
IMPROVED_FX_fee,474,26.72
IMPROVED_FX_fee,475,26.76
IMPROVED_FX_fee,476,26.62
IMPROVED_FX_fee,477,26.81
IMPROVED_FX_fee,478,26.62
IMPROVED_FX_fee,479,26.71
IMPROVED_FX_fee,480,26.73
IMPROVED_FX_fee,481,26.64
IMPROVED_FX_fee,482,26.52
IMPROVED_FX_fee,483,26.64
IMPROVED_FX_fee,484,26.52
IMPROVED_FX_fee,485,26.72
IMPROVED_FX_fee,486,26.54
IMPROVED_FX_fee,487,27.0
IMPROVED_FX_fee,488,26.67
IMPROVED_FX_fee,489,26.62
IMPROVED_FX_fee,491,26.69
IMPROVED_FX_fee,490,26.61
IMPROVED_FX_fee,492,26.47
IMPROVED_FX_fee,493,26.41
IMPROVED_FX_fee,494,26.7
IMPROVED_FX_fee,495,26.63
IMPROVED_FX_fee,496,26.49
IMPROVED_FX_fee,497,26.53
IMPROVED_FX_fee,498,26.71
IMPROVED_FX_fee,499,26.68
IMPROVED_FX_fee,500,26.77
IMPROVED_FX_fee,501,26.59
IMPROVED_FX_fee,502,26.49
IMPROVED_FX_fee,503,26.73
IMPROVED_FX_fee,504,26.64
IMPROVED_FX_fee,505,26.57
IMPROVED_FX_fee,506,26.74
IMPROVED_FX_fee,507,26.7
IMPROVED_FX_fee,508,26.61
IMPROVED_FX_fee,509,26.63
IMPROVED_FX_fee,510,26.49
IMPROVED_FX_fee,511,26.75
IMPROVED_FX_fee,512,26.6
IMPROVED_FX_fee,514,26.55
IMPROVED_FX_fee,513,26.72
IMPROVED_FX_fee,515,26.77
IMPROVED_FX_fee,516,26.72
IMPROVED_FX_fee,517,26.71
IMPROVED_FX_fee,518,26.69
IMPROVED_FX_fee,519,26.62
IMPROVED_FX_fee,520,26.74
IMPROVED_FX_fee,521,26.54
IMPROVED_FX_fee,522,26.62
IMPROVED_FX_fee,523,26.81
IMPROVED_FX_fee,524,26.57
IMPROVED_FX_fee,525,26.57
IMPROVED_FX_fee,526,26.61
IMPROVED_FX_fee,527,26.68
IMPROVED_FX_fee,528,26.73
IMPROVED_FX_fee,529,26.7
IMPROVED_FX_fee,531,26.65
IMPROVED_FX_fee,530,26.54
IMPROVED_FX_fee,532,26.5
IMPROVED_FX_fee,533,26.48
IMPROVED_FX_fee,534,26.77
IMPROVED_FX_fee,535,26.66
IMPROVED_FX_fee,536,26.49
IMPROVED_FX_fee,537,26.48
IMPROVED_FX_fee,538,26.63
IMPROVED_FX_fee,539,26.82
IMPROVED_FX_fee,540,26.7
IMPROVED_FX_fee,541,26.75
IMPROVED_FX_fee,542,26.87
IMPROVED_FX_fee,543,26.38
IMPROVED_FX_fee,544,26.63
IMPROVED_FX_fee,545,26.65
IMPROVED_FX_fee,546,26.6
IMPROVED_FX_fee,547,26.72
IMPROVED_FX_fee,548,26.49
IMPROVED_FX_fee,549,26.61
IMPROVED_FX_fee,550,26.36
IMPROVED_FX_fee,551,26.61
IMPROVED_FX_fee,552,26.77
IMPROVED_FX_fee,554,26.63
IMPROVED_FX_fee,553,26.6
IMPROVED_FX_fee,555,26.66
IMPROVED_FX_fee,556,26.85
IMPROVED_FX_fee,557,26.55
IMPROVED_FX_fee,558,26.63
IMPROVED_FX_fee,559,26.6
IMPROVED_FX_fee,560,26.49
IMPROVED_FX_fee,563,26.57
IMPROVED_FX_fee,561,26.53
IMPROVED_FX_fee,562,26.69
IMPROVED_FX_fee,564,26.73
IMPROVED_FX_fee,565,26.57
IMPROVED_FX_fee,567,26.51
IMPROVED_FX_fee,566,26.65
IMPROVED_FX_fee,568,26.64
IMPROVED_FX_fee,569,26.86
IMPROVED_FX_fee,570,26.62
IMPROVED_FX_fee,571,26.67
IMPROVED_FX_fee,572,26.79
IMPROVED_FX_fee,573,26.81
IMPROVED_FX_fee,574,26.66
IMPROVED_FX_fee,575,26.43
IMPROVED_FX_fee,576,26.56
IMPROVED_FX_fee,577,26.52
IMPROVED_FX_fee,578,26.4
IMPROVED_FX_fee,580,26.58
IMPROVED_FX_fee,579,26.82
IMPROVED_FX_fee,581,26.8
IMPROVED_FX_fee,582,26.83
IMPROVED_FX_fee,583,26.84
IMPROVED_FX_fee,584,26.71
IMPROVED_FX_fee,585,26.61
IMPROVED_FX_fee,586,26.38
IMPROVED_FX_fee,587,26.64
IMPROVED_FX_fee,588,26.59
IMPROVED_FX_fee,589,26.57
IMPROVED_FX_fee,590,26.67
IMPROVED_FX_fee,591,26.75
IMPROVED_FX_fee,592,26.85
IMPROVED_FX_fee,593,26.65
IMPROVED_FX_fee,594,26.7
IMPROVED_FX_fee,595,26.67
IMPROVED_FX_fee,596,26.74
IMPROVED_FX_fee,597,26.75
IMPROVED_FX_fee,598,26.75
IMPROVED_FX_fee,599,26.84
IMPROVED_FX_fee,600,26.67
IMPROVED_FX_fee,601,26.62
IMPROVED_FX_fee,602,26.81
IMPROVED_FX_fee,603,26.66
IMPROVED_FX_fee,604,26.66
IMPROVED_FX_fee,605,26.7
IMPROVED_FX_fee,606,26.69
IMPROVED_FX_fee,607,26.76
IMPROVED_FX_fee,608,26.63
IMPROVED_FX_fee,609,26.69
IMPROVED_FX_fee,610,26.47
IMPROVED_FX_fee,612,26.59
IMPROVED_FX_fee,611,26.72
IMPROVED_FX_fee,613,26.73
IMPROVED_FX_fee,614,26.58
IMPROVED_FX_fee,615,26.69
IMPROVED_FX_fee,616,26.6
IMPROVED_FX_fee,617,26.68
IMPROVED_FX_fee,618,26.57
IMPROVED_FX_fee,620,26.32
IMPROVED_FX_fee,619,26.54
IMPROVED_FX_fee,621,26.41
IMPROVED_FX_fee,622,26.87
IMPROVED_FX_fee,623,26.54
IMPROVED_FX_fee,624,26.64
IMPROVED_FX_fee,625,26.58
IMPROVED_FX_fee,626,26.83
IMPROVED_FX_fee,628,26.76
IMPROVED_FX_fee,627,26.54
IMPROVED_FX_fee,630,26.56
IMPROVED_FX_fee,629,26.83
IMPROVED_FX_fee,631,26.46
IMPROVED_FX_fee,632,26.56
IMPROVED_FX_fee,633,26.37
IMPROVED_FX_fee,634,26.57
IMPROVED_FX_fee,636,26.57
IMPROVED_FX_fee,635,26.73
IMPROVED_FX_fee,637,26.35
IMPROVED_FX_fee,638,26.62
IMPROVED_FX_fee,639,26.37
IMPROVED_FX_fee,640,26.7
IMPROVED_FX_fee,641,26.59
IMPROVED_FX_fee,642,26.89
IMPROVED_FX_fee,643,26.85
IMPROVED_FX_fee,644,26.42
IMPROVED_FX_fee,645,26.85
IMPROVED_FX_fee,646,26.49
IMPROVED_FX_fee,647,26.77
IMPROVED_FX_fee,648,26.68
IMPROVED_FX_fee,649,26.73
IMPROVED_FX_fee,650,26.53
IMPROVED_FX_fee,651,26.59
IMPROVED_FX_fee,652,26.49
IMPROVED_FX_fee,653,26.86
IMPROVED_FX_fee,654,26.59
IMPROVED_FX_fee,655,26.77
IMPROVED_FX_fee,656,26.81
IMPROVED_FX_fee,657,26.68
IMPROVED_FX_fee,658,26.52
IMPROVED_FX_fee,659,26.75
IMPROVED_FX_fee,660,26.56
IMPROVED_FX_fee,661,26.62
IMPROVED_FX_fee,662,26.54
IMPROVED_FX_fee,663,26.77
IMPROVED_FX_fee,664,26.47
IMPROVED_FX_fee,665,26.47
IMPROVED_FX_fee,666,26.76
IMPROVED_FX_fee,667,26.69
IMPROVED_FX_fee,668,26.62
IMPROVED_FX_fee,669,26.66
IMPROVED_FX_fee,670,26.45
IMPROVED_FX_fee,671,26.44
IMPROVED_FX_fee,672,26.29
IMPROVED_FX_fee,673,26.46
IMPROVED_FX_fee,674,26.59
IMPROVED_FX_fee,675,26.65
IMPROVED_FX_fee,676,26.55
IMPROVED_FX_fee,677,26.69
IMPROVED_FX_fee,678,26.81
IMPROVED_FX_fee,679,26.57
IMPROVED_FX_fee,680,26.83
IMPROVED_FX_fee,681,26.52
IMPROVED_FX_fee,682,26.95
IMPROVED_FX_fee,683,26.88
IMPROVED_FX_fee,684,26.87
IMPROVED_FX_fee,685,26.47
IMPROVED_FX_fee,686,26.67
IMPROVED_FX_fee,687,26.77
IMPROVED_FX_fee,688,26.67
IMPROVED_FX_fee,689,26.71
IMPROVED_FX_fee,690,26.49
IMPROVED_FX_fee,691,26.29
IMPROVED_FX_fee,692,26.61
IMPROVED_FX_fee,693,26.47
IMPROVED_FX_fee,694,26.83
IMPROVED_FX_fee,695,26.51
IMPROVED_FX_fee,696,26.67
IMPROVED_FX_fee,697,26.72
IMPROVED_FX_fee,698,26.87
IMPROVED_FX_fee,699,26.73
IMPROVED_FX_fee,700,26.56
IMPROVED_FX_fee,701,26.49
IMPROVED_FX_fee,702,26.55
IMPROVED_FX_fee,703,26.62
IMPROVED_FX_fee,704,26.57
IMPROVED_FX_fee,705,26.62
IMPROVED_FX_fee,706,26.46
IMPROVED_FX_fee,707,26.71
IMPROVED_FX_fee,708,26.73
IMPROVED_FX_fee,709,26.75
IMPROVED_FX_fee,710,26.73
IMPROVED_FX_fee,711,26.54
IMPROVED_FX_fee,712,26.72
IMPROVED_FX_fee,713,26.47
IMPROVED_FX_fee,714,26.38
IMPROVED_FX_fee,715,26.51
IMPROVED_FX_fee,716,26.62
IMPROVED_FX_fee,717,26.61
IMPROVED_FX_fee,718,26.58
IMPROVED_FX_fee,719,26.59
IMPROVED_FX_fee,720,26.58
IMPROVED_FX_fee,721,26.49
IMPROVED_FX_fee,722,26.47
IMPROVED_FX_fee,723,26.62
IMPROVED_FX_fee,724,26.76
IMPROVED_FX_fee,725,26.51
IMPROVED_FX_fee,726,26.84
IMPROVED_FX_fee,727,26.74
IMPROVED_FX_fee,728,26.82
IMPROVED_FX_fee,729,26.49
IMPROVED_FX_fee,730,26.59
IMPROVED_FX_fee,731,26.46
IMPROVED_FX_fee,732,26.7
IMPROVED_FX_fee,733,26.77
IMPROVED_FX_fee,735,26.69
IMPROVED_FX_fee,734,26.51
IMPROVED_FX_fee,736,26.32
IMPROVED_FX_fee,737,26.38
IMPROVED_FX_fee,738,26.53
IMPROVED_FX_fee,739,26.51
IMPROVED_FX_fee,740,26.74
IMPROVED_FX_fee,741,26.59
IMPROVED_FX_fee,743,26.62
IMPROVED_FX_fee,742,26.74
IMPROVED_FX_fee,744,26.54
IMPROVED_FX_fee,745,26.6
IMPROVED_FX_fee,746,26.59
IMPROVED_FX_fee,747,26.64
IMPROVED_FX_fee,748,26.3
IMPROVED_FX_fee,749,26.55
IMPROVED_FX_fee,751,26.66
IMPROVED_FX_fee,750,26.33
IMPROVED_FX_fee,752,26.7
IMPROVED_FX_fee,753,26.59
IMPROVED_FX_fee,755,26.96
IMPROVED_FX_fee,754,26.69
IMPROVED_FX_fee,757,26.71
IMPROVED_FX_fee,756,26.73
IMPROVED_FX_fee,759,26.58
IMPROVED_FX_fee,758,26.53
IMPROVED_FX_fee,760,26.66
IMPROVED_FX_fee,761,26.59
IMPROVED_FX_fee,762,26.63
IMPROVED_FX_fee,763,26.79
IMPROVED_FX_fee,764,26.74
IMPROVED_FX_fee,765,26.7
IMPROVED_FX_fee,766,26.44
IMPROVED_FX_fee,767,26.42
IMPROVED_FX_fee,768,26.56
IMPROVED_FX_fee,769,26.62
IMPROVED_FX_fee,771,26.55
IMPROVED_FX_fee,770,26.85
IMPROVED_FX_fee,772,26.7
IMPROVED_FX_fee,773,26.66
IMPROVED_FX_fee,774,26.36
IMPROVED_FX_fee,775,26.46
IMPROVED_FX_fee,776,26.6
IMPROVED_FX_fee,777,26.66
IMPROVED_FX_fee,779,26.66
IMPROVED_FX_fee,778,26.54
IMPROVED_FX_fee,780,26.63
IMPROVED_FX_fee,781,26.75
IMPROVED_FX_fee,782,26.75
IMPROVED_FX_fee,783,26.86
IMPROVED_FX_fee,784,26.57
IMPROVED_FX_fee,785,26.52
IMPROVED_FX_fee,787,26.87
IMPROVED_FX_fee,786,26.81
IMPROVED_FX_fee,788,26.44
IMPROVED_FX_fee,789,26.81
IMPROVED_FX_fee,791,26.72
IMPROVED_FX_fee,790,26.54
IMPROVED_FX_fee,792,26.89
IMPROVED_FX_fee,793,26.71
IMPROVED_FX_fee,795,26.76
IMPROVED_FX_fee,794,26.62
IMPROVED_FX_fee,796,26.67
IMPROVED_FX_fee,797,26.44
IMPROVED_FX_fee,798,26.46
IMPROVED_FX_fee,800,26.53
IMPROVED_FX_fee,799,26.62
IMPROVED_FX_fee,801,26.63
IMPROVED_FX_fee,803,26.64
IMPROVED_FX_fee,802,26.7
IMPROVED_FX_fee,804,26.81
IMPROVED_FX_fee,805,26.39
IMPROVED_FX_fee,808,26.62
IMPROVED_FX_fee,806,26.45
IMPROVED_FX_fee,807,26.52
IMPROVED_FX_fee,809,26.6
IMPROVED_FX_fee,810,26.6
IMPROVED_FX_fee,811,26.43
IMPROVED_FX_fee,812,26.67
IMPROVED_FX_fee,813,26.53
IMPROVED_FX_fee,814,26.6
IMPROVED_FX_fee,815,26.59
IMPROVED_FX_fee,816,26.64
IMPROVED_FX_fee,817,26.48
IMPROVED_FX_fee,818,26.58
IMPROVED_FX_fee,819,26.63
IMPROVED_FX_fee,820,26.61
IMPROVED_FX_fee,821,26.73
IMPROVED_FX_fee,823,26.48
IMPROVED_FX_fee,822,26.77
IMPROVED_FX_fee,824,26.67
IMPROVED_FX_fee,825,26.52
IMPROVED_FX_fee,828,26.79
IMPROVED_FX_fee,826,26.71
IMPROVED_FX_fee,827,26.89
IMPROVED_FX_fee,829,26.72
IMPROVED_FX_fee,830,26.68
IMPROVED_FX_fee,832,26.65
IMPROVED_FX_fee,831,26.72
IMPROVED_FX_fee,833,26.81
IMPROVED_FX_fee,834,26.65
IMPROVED_FX_fee,835,26.57
IMPROVED_FX_fee,836,26.71
IMPROVED_FX_fee,837,26.44
IMPROVED_FX_fee,838,26.74
IMPROVED_FX_fee,840,26.55
IMPROVED_FX_fee,839,26.56
IMPROVED_FX_fee,842,26.39
IMPROVED_FX_fee,841,26.56
IMPROVED_FX_fee,843,26.62
IMPROVED_FX_fee,844,26.67
IMPROVED_FX_fee,845,26.71
IMPROVED_FX_fee,846,26.55
IMPROVED_FX_fee,847,26.61
IMPROVED_FX_fee,848,26.64
IMPROVED_FX_fee,849,26.53
IMPROVED_FX_fee,850,26.55
IMPROVED_FX_fee,852,26.81
IMPROVED_FX_fee,851,26.67
IMPROVED_FX_fee,853,26.66
IMPROVED_FX_fee,854,26.4
IMPROVED_FX_fee,855,26.44
IMPROVED_FX_fee,856,26.62
IMPROVED_FX_fee,857,26.54
IMPROVED_FX_fee,859,26.59
IMPROVED_FX_fee,858,26.5
IMPROVED_FX_fee,860,26.67
IMPROVED_FX_fee,861,26.8
IMPROVED_FX_fee,862,26.4
IMPROVED_FX_fee,863,26.8
IMPROVED_FX_fee,864,26.72
IMPROVED_FX_fee,865,26.71
IMPROVED_FX_fee,866,26.59
IMPROVED_FX_fee,868,26.41
IMPROVED_FX_fee,867,26.56
IMPROVED_FX_fee,869,26.65
IMPROVED_FX_fee,870,26.27
IMPROVED_FX_fee,871,26.77
IMPROVED_FX_fee,872,26.79
IMPROVED_FX_fee,873,26.66
IMPROVED_FX_fee,874,26.6
IMPROVED_FX_fee,875,26.68
IMPROVED_FX_fee,876,26.57
IMPROVED_FX_fee,877,26.38
IMPROVED_FX_fee,878,26.63
IMPROVED_FX_fee,880,26.89
IMPROVED_FX_fee,879,26.77
IMPROVED_FX_fee,881,26.41
IMPROVED_FX_fee,882,26.72
IMPROVED_FX_fee,884,26.57
IMPROVED_FX_fee,883,26.6
IMPROVED_FX_fee,885,26.53
IMPROVED_FX_fee,886,26.26
IMPROVED_FX_fee,887,26.68
IMPROVED_FX_fee,888,26.44
IMPROVED_FX_fee,889,26.6
IMPROVED_FX_fee,890,26.84
IMPROVED_FX_fee,891,26.68
IMPROVED_FX_fee,893,26.55
IMPROVED_FX_fee,892,26.6
IMPROVED_FX_fee,894,26.4
IMPROVED_FX_fee,895,26.87
IMPROVED_FX_fee,896,26.67
IMPROVED_FX_fee,897,26.75
IMPROVED_FX_fee,898,26.63
IMPROVED_FX_fee,899,26.6
IMPROVED_FX_fee,900,26.78
IMPROVED_FX_fee,901,26.66
IMPROVED_FX_fee,903,26.46
IMPROVED_FX_fee,902,26.47
IMPROVED_FX_fee,904,26.72
IMPROVED_FX_fee,905,26.91
IMPROVED_FX_fee,906,26.53
IMPROVED_FX_fee,907,26.54
IMPROVED_FX_fee,908,26.6
IMPROVED_FX_fee,909,26.58
IMPROVED_FX_fee,910,26.65
IMPROVED_FX_fee,911,26.58
IMPROVED_FX_fee,912,26.44
IMPROVED_FX_fee,913,26.65
IMPROVED_FX_fee,914,26.62
IMPROVED_FX_fee,916,26.74
IMPROVED_FX_fee,915,26.39
IMPROVED_FX_fee,917,26.73
IMPROVED_FX_fee,918,26.5
IMPROVED_FX_fee,919,26.45
IMPROVED_FX_fee,920,26.36
IMPROVED_FX_fee,921,26.64
IMPROVED_FX_fee,922,26.54
IMPROVED_FX_fee,923,26.62
IMPROVED_FX_fee,924,26.35
IMPROVED_FX_fee,925,26.65
IMPROVED_FX_fee,926,26.67
IMPROVED_FX_fee,927,26.67
IMPROVED_FX_fee,928,26.86
IMPROVED_FX_fee,929,26.51
IMPROVED_FX_fee,931,26.6
IMPROVED_FX_fee,930,26.42
IMPROVED_FX_fee,933,26.61
IMPROVED_FX_fee,932,26.55
IMPROVED_FX_fee,934,26.55
IMPROVED_FX_fee,935,26.75
IMPROVED_FX_fee,936,26.73
IMPROVED_FX_fee,937,26.64
IMPROVED_FX_fee,939,26.39
IMPROVED_FX_fee,940,26.62
IMPROVED_FX_fee,938,26.5
IMPROVED_FX_fee,941,26.87
IMPROVED_FX_fee,942,26.7
IMPROVED_FX_fee,943,26.78
IMPROVED_FX_fee,944,26.85
IMPROVED_FX_fee,945,26.62
IMPROVED_FX_fee,947,26.7
IMPROVED_FX_fee,946,26.62
IMPROVED_FX_fee,948,26.67
IMPROVED_FX_fee,949,26.5
IMPROVED_FX_fee,950,26.79
IMPROVED_FX_fee,951,26.6
IMPROVED_FX_fee,952,26.39
IMPROVED_FX_fee,953,26.63
IMPROVED_FX_fee,955,26.57
IMPROVED_FX_fee,954,26.69
IMPROVED_FX_fee,956,26.51
IMPROVED_FX_fee,957,26.68
IMPROVED_FX_fee,958,26.78
IMPROVED_FX_fee,959,26.68
IMPROVED_FX_fee,960,26.66
IMPROVED_FX_fee,961,26.74
IMPROVED_FX_fee,962,26.49
IMPROVED_FX_fee,963,26.7
IMPROVED_FX_fee,964,26.85
IMPROVED_FX_fee,966,26.74
IMPROVED_FX_fee,965,26.79
IMPROVED_FX_fee,967,26.55
IMPROVED_FX_fee,968,26.96
IMPROVED_FX_fee,969,26.57
IMPROVED_FX_fee,970,26.48
IMPROVED_FX_fee,972,26.54
IMPROVED_FX_fee,971,26.75
IMPROVED_FX_fee,973,26.54
IMPROVED_FX_fee,974,26.66
IMPROVED_FX_fee,975,26.89
IMPROVED_FX_fee,976,26.42
IMPROVED_FX_fee,977,26.79
IMPROVED_FX_fee,978,26.63
IMPROVED_FX_fee,981,26.46
IMPROVED_FX_fee,979,26.78
IMPROVED_FX_fee,980,26.63
IMPROVED_FX_fee,982,26.56
IMPROVED_FX_fee,983,26.33
IMPROVED_FX_fee,984,26.81
IMPROVED_FX_fee,985,26.56
IMPROVED_FX_fee,986,26.85
IMPROVED_FX_fee,987,26.53
IMPROVED_FX_fee,988,26.68
IMPROVED_FX_fee,989,26.55
IMPROVED_FX_fee,990,26.76
IMPROVED_FX_fee,991,26.83
IMPROVED_FX_fee,992,26.9
IMPROVED_FX_fee,993,26.46
IMPROVED_FX_fee,994,26.61
IMPROVED_FX_fee,995,26.57
IMPROVED_FX_fee,996,26.93
IMPROVED_FX_fee,997,26.79
IMPROVED_FX_fee,998,26.73
IMPROVED_FX_fee,999,26.77
IMPROVED_DA_fee,0,28.54
IMPROVED_DA_fee,1,27.54
IMPROVED_DA_fee,2,27.98
IMPROVED_DA_fee,3,26.98
IMPROVED_DA_fee,4,27.04
IMPROVED_DA_fee,5,27.09
IMPROVED_DA_fee,6,27.18
IMPROVED_DA_fee,7,26.5
IMPROVED_DA_fee,8,27.14
IMPROVED_DA_fee,9,27.47
IMPROVED_DA_fee,10,27.41
IMPROVED_DA_fee,11,26.43
IMPROVED_DA_fee,12,26.8
IMPROVED_DA_fee,13,26.52
IMPROVED_DA_fee,14,26.77
IMPROVED_DA_fee,15,26.16
IMPROVED_DA_fee,16,27.32
IMPROVED_DA_fee,17,27.97
IMPROVED_DA_fee,18,28.03
IMPROVED_DA_fee,19,27.7
IMPROVED_DA_fee,20,26.83
IMPROVED_DA_fee,21,29.68
IMPROVED_DA_fee,22,27.27
IMPROVED_DA_fee,23,26.23
IMPROVED_DA_fee,24,26.38
IMPROVED_DA_fee,25,26.9
IMPROVED_DA_fee,26,26.64
IMPROVED_DA_fee,27,29.17
IMPROVED_DA_fee,28,27.07
IMPROVED_DA_fee,29,28.47
IMPROVED_DA_fee,30,27.64
IMPROVED_DA_fee,31,27.7
IMPROVED_DA_fee,32,28.48
IMPROVED_DA_fee,33,27.53
IMPROVED_DA_fee,34,27.5
IMPROVED_DA_fee,35,29.14
IMPROVED_DA_fee,36,27.05
IMPROVED_DA_fee,37,26.61
IMPROVED_DA_fee,38,27.26
IMPROVED_DA_fee,39,27.61
IMPROVED_DA_fee,40,26.35
IMPROVED_DA_fee,41,26.81
IMPROVED_DA_fee,42,26.92
IMPROVED_DA_fee,44,28.2
IMPROVED_DA_fee,43,26.64
IMPROVED_DA_fee,45,27.32
IMPROVED_DA_fee,46,26.61
IMPROVED_DA_fee,47,27.58
IMPROVED_DA_fee,48,26.79
IMPROVED_DA_fee,49,27.9
IMPROVED_DA_fee,50,29.05
IMPROVED_DA_fee,51,28.22
IMPROVED_DA_fee,52,26.91
IMPROVED_DA_fee,53,26.08
IMPROVED_DA_fee,54,26.61
IMPROVED_DA_fee,55,26.54
IMPROVED_DA_fee,56,26.61
IMPROVED_DA_fee,57,27.52
IMPROVED_DA_fee,59,27.69
IMPROVED_DA_fee,58,26.94
IMPROVED_DA_fee,60,26.68
IMPROVED_DA_fee,62,28.07
IMPROVED_DA_fee,61,25.59
IMPROVED_DA_fee,63,26.48
IMPROVED_DA_fee,64,27.81
IMPROVED_DA_fee,65,28.91
IMPROVED_DA_fee,66,26.4
IMPROVED_DA_fee,67,26.44
IMPROVED_DA_fee,68,27.97
IMPROVED_DA_fee,69,27.96
IMPROVED_DA_fee,70,27.28
IMPROVED_DA_fee,71,27.13
IMPROVED_DA_fee,72,27.31
IMPROVED_DA_fee,73,26.76
IMPROVED_DA_fee,74,27.9
IMPROVED_DA_fee,75,26.86
IMPROVED_DA_fee,76,26.94
IMPROVED_DA_fee,77,26.21
IMPROVED_DA_fee,79,26.42
IMPROVED_DA_fee,78,28.08
IMPROVED_DA_fee,80,25.81
IMPROVED_DA_fee,81,27.28
IMPROVED_DA_fee,82,27.41
IMPROVED_DA_fee,83,27.37
IMPROVED_DA_fee,84,28.65
IMPROVED_DA_fee,85,27.18
IMPROVED_DA_fee,87,26.77
IMPROVED_DA_fee,86,27.03
IMPROVED_DA_fee,88,28.03
IMPROVED_DA_fee,89,26.29
IMPROVED_DA_fee,90,26.93
IMPROVED_DA_fee,91,29.14
IMPROVED_DA_fee,92,27.83
IMPROVED_DA_fee,93,27.83
IMPROVED_DA_fee,95,27.4
IMPROVED_DA_fee,94,28.37
IMPROVED_DA_fee,96,27.01
IMPROVED_DA_fee,97,27.47
IMPROVED_DA_fee,98,26.17
IMPROVED_DA_fee,99,27.5
IMPROVED_DA_fee,100,27.02
IMPROVED_DA_fee,101,27.88
IMPROVED_DA_fee,103,26.31
IMPROVED_DA_fee,102,26.89
IMPROVED_DA_fee,104,26.78
IMPROVED_DA_fee,105,26.26
IMPROVED_DA_fee,106,26.77
IMPROVED_DA_fee,107,27.01
IMPROVED_DA_fee,108,26.37
IMPROVED_DA_fee,109,26.77
IMPROVED_DA_fee,110,27.92
IMPROVED_DA_fee,111,27.13
IMPROVED_DA_fee,112,26.29
IMPROVED_DA_fee,114,27.18
IMPROVED_DA_fee,113,27.15
IMPROVED_DA_fee,115,26.87
IMPROVED_DA_fee,116,27.62
IMPROVED_DA_fee,117,28.41
IMPROVED_DA_fee,118,28.09
IMPROVED_DA_fee,119,27.16
IMPROVED_DA_fee,120,26.93
IMPROVED_DA_fee,121,26.66
IMPROVED_DA_fee,122,27.15
IMPROVED_DA_fee,123,29.72
IMPROVED_DA_fee,124,27.29
IMPROVED_DA_fee,125,26.97
IMPROVED_DA_fee,126,29.14
IMPROVED_DA_fee,127,28.15
IMPROVED_DA_fee,128,26.67
IMPROVED_DA_fee,129,27.72
IMPROVED_DA_fee,130,27.01
IMPROVED_DA_fee,131,27.39
IMPROVED_DA_fee,132,26.69
IMPROVED_DA_fee,133,27.45
IMPROVED_DA_fee,134,27.74
IMPROVED_DA_fee,135,27.99
IMPROVED_DA_fee,136,27.05
IMPROVED_DA_fee,137,28.1
IMPROVED_DA_fee,138,29.14
IMPROVED_DA_fee,139,28.06
IMPROVED_DA_fee,140,27.6
IMPROVED_DA_fee,141,27.19
IMPROVED_DA_fee,142,27.02
IMPROVED_DA_fee,143,26.84
IMPROVED_DA_fee,144,26.37
IMPROVED_DA_fee,145,26.86
IMPROVED_DA_fee,146,26.27
IMPROVED_DA_fee,147,26.85
IMPROVED_DA_fee,148,28.25
IMPROVED_DA_fee,149,28.84
IMPROVED_DA_fee,150,26.79
IMPROVED_DA_fee,151,29.32
IMPROVED_DA_fee,152,26.13
IMPROVED_DA_fee,153,27.23
IMPROVED_DA_fee,154,28.2
IMPROVED_DA_fee,155,28.99
IMPROVED_DA_fee,156,27.82
IMPROVED_DA_fee,157,27.08
IMPROVED_DA_fee,158,27.44
IMPROVED_DA_fee,159,27.69
IMPROVED_DA_fee,160,27.4
IMPROVED_DA_fee,161,26.62
IMPROVED_DA_fee,162,28.2
IMPROVED_DA_fee,163,27.2
IMPROVED_DA_fee,164,27.92
IMPROVED_DA_fee,165,27.14
IMPROVED_DA_fee,166,29.86
IMPROVED_DA_fee,167,25.61
IMPROVED_DA_fee,168,27.14
IMPROVED_DA_fee,169,27.5
IMPROVED_DA_fee,170,27.37
IMPROVED_DA_fee,171,25.42
IMPROVED_DA_fee,172,26.05
IMPROVED_DA_fee,173,27.59
IMPROVED_DA_fee,174,28.35
IMPROVED_DA_fee,175,26.32
IMPROVED_DA_fee,176,28.28
IMPROVED_DA_fee,177,26.68
IMPROVED_DA_fee,178,27.2
IMPROVED_DA_fee,179,28.66
IMPROVED_DA_fee,180,28.28
IMPROVED_DA_fee,181,26.98
IMPROVED_DA_fee,182,28.37
IMPROVED_DA_fee,183,26.69
IMPROVED_DA_fee,184,27.03
IMPROVED_DA_fee,185,27.49
IMPROVED_DA_fee,186,26.99
IMPROVED_DA_fee,187,27.51
IMPROVED_DA_fee,188,27.46
IMPROVED_DA_fee,189,27.2
IMPROVED_DA_fee,190,29.12
IMPROVED_DA_fee,191,27.23
IMPROVED_DA_fee,192,25.78
IMPROVED_DA_fee,193,28.17
IMPROVED_DA_fee,194,27.43
IMPROVED_DA_fee,195,26.7
IMPROVED_DA_fee,196,26.02
IMPROVED_DA_fee,197,28.37
IMPROVED_DA_fee,198,26.32
IMPROVED_DA_fee,199,28.32
IMPROVED_DA_fee,200,27.79
IMPROVED_DA_fee,201,27.04
IMPROVED_DA_fee,202,27.27
IMPROVED_DA_fee,203,26.58
IMPROVED_DA_fee,204,26.9
IMPROVED_DA_fee,205,27.15
IMPROVED_DA_fee,206,27.08
IMPROVED_DA_fee,207,26.7
IMPROVED_DA_fee,208,27.02
IMPROVED_DA_fee,209,27.07
IMPROVED_DA_fee,210,27.01
IMPROVED_DA_fee,211,26.3
IMPROVED_DA_fee,212,28.19
IMPROVED_DA_fee,213,26.62
IMPROVED_DA_fee,214,27.39
IMPROVED_DA_fee,215,26.95
IMPROVED_DA_fee,216,28.46
IMPROVED_DA_fee,217,27.09
IMPROVED_DA_fee,218,26.58
IMPROVED_DA_fee,219,26.98
IMPROVED_DA_fee,220,28.94
IMPROVED_DA_fee,221,28.6
IMPROVED_DA_fee,222,28.34
IMPROVED_DA_fee,223,27.23
IMPROVED_DA_fee,224,26.29
IMPROVED_DA_fee,225,27.29
IMPROVED_DA_fee,226,26.51
IMPROVED_DA_fee,227,26.92
IMPROVED_DA_fee,228,27.17
IMPROVED_DA_fee,229,27.41
IMPROVED_DA_fee,230,27.75
IMPROVED_DA_fee,231,26.98
IMPROVED_DA_fee,232,27.72
IMPROVED_DA_fee,233,26.33
IMPROVED_DA_fee,234,26.42
IMPROVED_DA_fee,235,27.37
IMPROVED_DA_fee,236,25.9
IMPROVED_DA_fee,237,26.75
IMPROVED_DA_fee,238,26.85
IMPROVED_DA_fee,239,27.18
IMPROVED_DA_fee,240,28.33
IMPROVED_DA_fee,241,28.74
IMPROVED_DA_fee,242,26.27
IMPROVED_DA_fee,243,26.44
IMPROVED_DA_fee,244,27.19
IMPROVED_DA_fee,245,26.96
IMPROVED_DA_fee,246,26.94
IMPROVED_DA_fee,247,30.0
IMPROVED_DA_fee,248,27.14
IMPROVED_DA_fee,249,27.28
IMPROVED_DA_fee,250,26.79
IMPROVED_DA_fee,251,27.21
IMPROVED_DA_fee,252,26.55
IMPROVED_DA_fee,253,27.22
IMPROVED_DA_fee,254,26.5
IMPROVED_DA_fee,255,27.77
IMPROVED_DA_fee,256,26.1
IMPROVED_DA_fee,257,26.88
IMPROVED_DA_fee,258,27.19
IMPROVED_DA_fee,259,28.32
IMPROVED_DA_fee,260,26.71
IMPROVED_DA_fee,261,27.08
IMPROVED_DA_fee,262,27.24
IMPROVED_DA_fee,263,27.09
IMPROVED_DA_fee,264,26.76
IMPROVED_DA_fee,265,26.85
IMPROVED_DA_fee,266,25.96
IMPROVED_DA_fee,267,28.89
IMPROVED_DA_fee,268,27.36
IMPROVED_DA_fee,269,27.48
IMPROVED_DA_fee,270,26.26
IMPROVED_DA_fee,271,27.88
IMPROVED_DA_fee,272,26.92
IMPROVED_DA_fee,273,26.91
IMPROVED_DA_fee,274,26.7
IMPROVED_DA_fee,275,28.25
IMPROVED_DA_fee,277,27.17
IMPROVED_DA_fee,276,26.97
IMPROVED_DA_fee,278,26.37
IMPROVED_DA_fee,279,27.93
IMPROVED_DA_fee,280,26.5
IMPROVED_DA_fee,281,27.9
IMPROVED_DA_fee,282,25.88
IMPROVED_DA_fee,283,27.07
IMPROVED_DA_fee,284,27.39
IMPROVED_DA_fee,285,26.09
IMPROVED_DA_fee,286,28.48
IMPROVED_DA_fee,287,26.89
IMPROVED_DA_fee,288,27.04
IMPROVED_DA_fee,289,28.61
IMPROVED_DA_fee,290,27.63
IMPROVED_DA_fee,291,26.87
IMPROVED_DA_fee,292,26.64
IMPROVED_DA_fee,293,26.87
IMPROVED_DA_fee,294,28.7
IMPROVED_DA_fee,295,28.4
IMPROVED_DA_fee,296,27.59
IMPROVED_DA_fee,297,27.21
IMPROVED_DA_fee,298,26.78
IMPROVED_DA_fee,299,27.73
IMPROVED_DA_fee,300,26.44
IMPROVED_DA_fee,301,26.87
IMPROVED_DA_fee,302,27.98
IMPROVED_DA_fee,303,28.28
IMPROVED_DA_fee,304,27.38
IMPROVED_DA_fee,305,26.59
IMPROVED_DA_fee,306,27.13
IMPROVED_DA_fee,307,26.45
IMPROVED_DA_fee,308,26.78
IMPROVED_DA_fee,309,27.56
IMPROVED_DA_fee,310,27.37
IMPROVED_DA_fee,311,27.78
IMPROVED_DA_fee,312,25.95
IMPROVED_DA_fee,313,26.92
IMPROVED_DA_fee,314,26.33
IMPROVED_DA_fee,315,27.63
IMPROVED_DA_fee,316,27.19
IMPROVED_DA_fee,317,27.06
IMPROVED_DA_fee,318,27.54
IMPROVED_DA_fee,319,26.86
IMPROVED_DA_fee,320,28.31
IMPROVED_DA_fee,321,28.44
IMPROVED_DA_fee,322,27.46
IMPROVED_DA_fee,323,27.06
IMPROVED_DA_fee,324,29.14
IMPROVED_DA_fee,325,26.94
IMPROVED_DA_fee,326,25.83
IMPROVED_DA_fee,327,26.35
IMPROVED_DA_fee,328,26.67
IMPROVED_DA_fee,329,27.12
IMPROVED_DA_fee,330,27.12
IMPROVED_DA_fee,331,28.1
IMPROVED_DA_fee,332,27.39
IMPROVED_DA_fee,333,26.63
IMPROVED_DA_fee,334,27.41
IMPROVED_DA_fee,335,27.64
IMPROVED_DA_fee,336,26.45
IMPROVED_DA_fee,337,27.03
IMPROVED_DA_fee,338,27.14
IMPROVED_DA_fee,339,26.87
IMPROVED_DA_fee,340,28.16
IMPROVED_DA_fee,341,26.27
IMPROVED_DA_fee,342,27.04
IMPROVED_DA_fee,344,29.64
IMPROVED_DA_fee,343,27.79
IMPROVED_DA_fee,345,26.77
IMPROVED_DA_fee,347,27.28
IMPROVED_DA_fee,346,28.02
IMPROVED_DA_fee,348,27.34
IMPROVED_DA_fee,349,27.77
IMPROVED_DA_fee,350,27.5
IMPROVED_DA_fee,351,27.93
IMPROVED_DA_fee,352,30.85
IMPROVED_DA_fee,353,26.98
IMPROVED_DA_fee,355,27.27
IMPROVED_DA_fee,354,27.57
IMPROVED_DA_fee,356,27.89
IMPROVED_DA_fee,357,27.05
IMPROVED_DA_fee,358,29.18
IMPROVED_DA_fee,359,27.65
IMPROVED_DA_fee,360,26.86
IMPROVED_DA_fee,361,27.7
IMPROVED_DA_fee,362,27.97
IMPROVED_DA_fee,363,27.4
IMPROVED_DA_fee,364,28.39
IMPROVED_DA_fee,365,26.76
IMPROVED_DA_fee,366,26.48
IMPROVED_DA_fee,368,27.24
IMPROVED_DA_fee,367,28.2
IMPROVED_DA_fee,369,26.97
IMPROVED_DA_fee,370,30.52
IMPROVED_DA_fee,371,26.71
IMPROVED_DA_fee,372,27.15
IMPROVED_DA_fee,373,27.45
IMPROVED_DA_fee,374,27.36
IMPROVED_DA_fee,375,27.85
IMPROVED_DA_fee,376,25.79
IMPROVED_DA_fee,377,27.57
IMPROVED_DA_fee,378,27.23
IMPROVED_DA_fee,379,27.07
IMPROVED_DA_fee,380,27.73
IMPROVED_DA_fee,381,26.97
IMPROVED_DA_fee,382,26.95
IMPROVED_DA_fee,383,26.76
IMPROVED_DA_fee,384,28.4
IMPROVED_DA_fee,385,28.5
IMPROVED_DA_fee,386,28.51
IMPROVED_DA_fee,387,27.49
IMPROVED_DA_fee,388,28.49
IMPROVED_DA_fee,389,27.86
IMPROVED_DA_fee,390,27.42
IMPROVED_DA_fee,391,27.11
IMPROVED_DA_fee,392,27.78
IMPROVED_DA_fee,393,27.31
IMPROVED_DA_fee,394,26.85
IMPROVED_DA_fee,395,26.24
IMPROVED_DA_fee,396,26.07
IMPROVED_DA_fee,397,28.4
IMPROVED_DA_fee,398,28.96
IMPROVED_DA_fee,400,26.79
IMPROVED_DA_fee,399,29.43
IMPROVED_DA_fee,401,27.99
IMPROVED_DA_fee,402,26.44
IMPROVED_DA_fee,404,26.82
IMPROVED_DA_fee,403,26.82
IMPROVED_DA_fee,405,27.94
IMPROVED_DA_fee,406,26.66
IMPROVED_DA_fee,407,26.59
IMPROVED_DA_fee,408,28.61
IMPROVED_DA_fee,409,29.28
IMPROVED_DA_fee,410,26.64
IMPROVED_DA_fee,411,26.66
IMPROVED_DA_fee,412,26.61
IMPROVED_DA_fee,413,27.85
IMPROVED_DA_fee,414,28.23
IMPROVED_DA_fee,415,27.52
IMPROVED_DA_fee,416,27.13
IMPROVED_DA_fee,417,28.27
IMPROVED_DA_fee,418,27.77
IMPROVED_DA_fee,419,28.01
IMPROVED_DA_fee,420,26.84
IMPROVED_DA_fee,421,26.83
IMPROVED_DA_fee,422,26.63
IMPROVED_DA_fee,423,27.95
IMPROVED_DA_fee,424,27.35
IMPROVED_DA_fee,425,26.63
IMPROVED_DA_fee,426,27.32
IMPROVED_DA_fee,427,29.06
IMPROVED_DA_fee,428,27.19
IMPROVED_DA_fee,429,27.21
IMPROVED_DA_fee,430,27.69
IMPROVED_DA_fee,432,26.74
IMPROVED_DA_fee,431,27.15
IMPROVED_DA_fee,433,26.11
IMPROVED_DA_fee,434,27.31
IMPROVED_DA_fee,435,27.09
IMPROVED_DA_fee,436,27.1
IMPROVED_DA_fee,437,26.78
IMPROVED_DA_fee,438,27.24
IMPROVED_DA_fee,439,26.64
IMPROVED_DA_fee,440,26.97
IMPROVED_DA_fee,441,26.99
IMPROVED_DA_fee,442,26.9
IMPROVED_DA_fee,443,28.92
IMPROVED_DA_fee,444,26.87
IMPROVED_DA_fee,445,27.25
IMPROVED_DA_fee,447,28.4
IMPROVED_DA_fee,446,28.01
IMPROVED_DA_fee,448,26.32
IMPROVED_DA_fee,449,27.42
IMPROVED_DA_fee,450,26.6
IMPROVED_DA_fee,451,26.75
IMPROVED_DA_fee,452,27.77
IMPROVED_DA_fee,453,27.07
IMPROVED_DA_fee,454,27.94
IMPROVED_DA_fee,455,26.25
IMPROVED_DA_fee,456,27.44
IMPROVED_DA_fee,457,26.9
IMPROVED_DA_fee,458,27.46
IMPROVED_DA_fee,459,26.1
IMPROVED_DA_fee,460,27.24
IMPROVED_DA_fee,461,29.38
IMPROVED_DA_fee,462,28.42
IMPROVED_DA_fee,463,27.52
IMPROVED_DA_fee,464,27.08
IMPROVED_DA_fee,465,27.07
IMPROVED_DA_fee,467,26.75
IMPROVED_DA_fee,466,27.01
IMPROVED_DA_fee,468,27.65
IMPROVED_DA_fee,470,27.75
IMPROVED_DA_fee,469,26.74
IMPROVED_DA_fee,471,29.33
IMPROVED_DA_fee,472,26.94
IMPROVED_DA_fee,473,29.89
IMPROVED_DA_fee,474,27.26
IMPROVED_DA_fee,475,27.76
IMPROVED_DA_fee,476,27.96
IMPROVED_DA_fee,477,27.46
IMPROVED_DA_fee,478,26.13
IMPROVED_DA_fee,479,27.26
IMPROVED_DA_fee,480,26.88
IMPROVED_DA_fee,481,26.27
IMPROVED_DA_fee,482,27.92
IMPROVED_DA_fee,483,29.27
IMPROVED_DA_fee,484,26.71
IMPROVED_DA_fee,485,27.96
IMPROVED_DA_fee,486,27.36
IMPROVED_DA_fee,487,27.27
IMPROVED_DA_fee,488,28.57
IMPROVED_DA_fee,489,27.69
IMPROVED_DA_fee,490,27.73
IMPROVED_DA_fee,491,28.19
IMPROVED_DA_fee,492,27.56
IMPROVED_DA_fee,493,26.23
IMPROVED_DA_fee,494,27.1
IMPROVED_DA_fee,495,27.31
IMPROVED_DA_fee,496,28.11
IMPROVED_DA_fee,497,26.22
IMPROVED_DA_fee,498,27.53
IMPROVED_DA_fee,499,27.04
IMPROVED_DA_fee,500,26.34
IMPROVED_DA_fee,501,26.88
IMPROVED_DA_fee,502,27.12
IMPROVED_DA_fee,503,26.6
IMPROVED_DA_fee,504,27.83
IMPROVED_DA_fee,505,27.3
IMPROVED_DA_fee,506,27.11
IMPROVED_DA_fee,507,27.48
IMPROVED_DA_fee,509,28.13
IMPROVED_DA_fee,508,26.68
IMPROVED_DA_fee,510,27.43
IMPROVED_DA_fee,511,26.71
IMPROVED_DA_fee,512,26.83
IMPROVED_DA_fee,513,27.15
IMPROVED_DA_fee,514,26.39
IMPROVED_DA_fee,515,27.71
IMPROVED_DA_fee,516,27.57
IMPROVED_DA_fee,517,27.51
IMPROVED_DA_fee,518,26.66
IMPROVED_DA_fee,520,28.16
IMPROVED_DA_fee,519,27.2
IMPROVED_DA_fee,521,27.13
IMPROVED_DA_fee,522,28.03
IMPROVED_DA_fee,523,26.35
IMPROVED_DA_fee,524,26.19
IMPROVED_DA_fee,525,27.67
IMPROVED_DA_fee,526,27.06
IMPROVED_DA_fee,527,26.54
IMPROVED_DA_fee,528,26.98
IMPROVED_DA_fee,529,27.8
IMPROVED_DA_fee,530,27.36
IMPROVED_DA_fee,531,29.73
IMPROVED_DA_fee,532,27.15
IMPROVED_DA_fee,533,26.71
IMPROVED_DA_fee,534,26.89
IMPROVED_DA_fee,535,26.21
IMPROVED_DA_fee,536,27.41
IMPROVED_DA_fee,537,26.69
IMPROVED_DA_fee,538,26.37
IMPROVED_DA_fee,539,27.14
IMPROVED_DA_fee,540,26.78
IMPROVED_DA_fee,541,27.0
IMPROVED_DA_fee,542,27.44
IMPROVED_DA_fee,543,27.5
IMPROVED_DA_fee,544,26.77
IMPROVED_DA_fee,545,26.85
IMPROVED_DA_fee,546,28.54
IMPROVED_DA_fee,547,27.56
IMPROVED_DA_fee,548,26.6
IMPROVED_DA_fee,549,26.18
IMPROVED_DA_fee,550,27.12
IMPROVED_DA_fee,551,27.64
IMPROVED_DA_fee,552,26.64
IMPROVED_DA_fee,553,27.24
IMPROVED_DA_fee,554,28.35
IMPROVED_DA_fee,555,27.11
IMPROVED_DA_fee,556,27.08
IMPROVED_DA_fee,557,26.4
IMPROVED_DA_fee,558,28.43
IMPROVED_DA_fee,559,27.68
IMPROVED_DA_fee,560,28.28
IMPROVED_DA_fee,561,26.56
IMPROVED_DA_fee,562,27.24
IMPROVED_DA_fee,563,26.23
IMPROVED_DA_fee,564,26.79
IMPROVED_DA_fee,565,25.78
IMPROVED_DA_fee,566,27.24
IMPROVED_DA_fee,568,26.99
IMPROVED_DA_fee,567,27.26
IMPROVED_DA_fee,569,27.92
IMPROVED_DA_fee,570,27.77
IMPROVED_DA_fee,571,26.67
IMPROVED_DA_fee,572,28.13
IMPROVED_DA_fee,573,26.21
IMPROVED_DA_fee,574,27.4
IMPROVED_DA_fee,575,27.2
IMPROVED_DA_fee,576,26.24
IMPROVED_DA_fee,577,26.95
IMPROVED_DA_fee,578,27.85
IMPROVED_DA_fee,579,25.96
IMPROVED_DA_fee,580,29.68
IMPROVED_DA_fee,581,28.27
IMPROVED_DA_fee,582,28.25
IMPROVED_DA_fee,583,26.93
IMPROVED_DA_fee,584,27.46
IMPROVED_DA_fee,585,28.61
IMPROVED_DA_fee,586,27.77
IMPROVED_DA_fee,587,26.57
IMPROVED_DA_fee,588,26.4
IMPROVED_DA_fee,589,26.17
IMPROVED_DA_fee,590,27.49
IMPROVED_DA_fee,592,26.72
IMPROVED_DA_fee,591,27.6
IMPROVED_DA_fee,593,28.48
IMPROVED_DA_fee,594,26.67
IMPROVED_DA_fee,595,27.12
IMPROVED_DA_fee,596,28.14
IMPROVED_DA_fee,597,28.5
IMPROVED_DA_fee,599,27.07
IMPROVED_DA_fee,598,26.86
IMPROVED_DA_fee,600,26.39
IMPROVED_DA_fee,601,26.81
IMPROVED_DA_fee,602,27.33
IMPROVED_DA_fee,603,26.89
IMPROVED_DA_fee,604,27.45
IMPROVED_DA_fee,605,27.47
IMPROVED_DA_fee,606,25.7
IMPROVED_DA_fee,607,29.39
IMPROVED_DA_fee,608,27.97
IMPROVED_DA_fee,609,25.89
IMPROVED_DA_fee,610,27.69
IMPROVED_DA_fee,611,27.3
IMPROVED_DA_fee,612,26.57
IMPROVED_DA_fee,613,28.59
IMPROVED_DA_fee,614,27.22
IMPROVED_DA_fee,615,26.72
IMPROVED_DA_fee,616,26.63
IMPROVED_DA_fee,617,27.57
IMPROVED_DA_fee,618,26.86
IMPROVED_DA_fee,619,26.77
IMPROVED_DA_fee,620,27.96
IMPROVED_DA_fee,621,26.69
IMPROVED_DA_fee,622,26.5
IMPROVED_DA_fee,623,26.29
IMPROVED_DA_fee,625,25.98
IMPROVED_DA_fee,624,27.45
IMPROVED_DA_fee,626,27.21
IMPROVED_DA_fee,628,26.6
IMPROVED_DA_fee,627,28.46
IMPROVED_DA_fee,629,27.35
IMPROVED_DA_fee,630,26.97
IMPROVED_DA_fee,632,26.91
IMPROVED_DA_fee,631,27.27
IMPROVED_DA_fee,633,27.0
IMPROVED_DA_fee,634,28.78
IMPROVED_DA_fee,635,27.18
IMPROVED_DA_fee,636,26.66
IMPROVED_DA_fee,637,27.14
IMPROVED_DA_fee,638,26.99
IMPROVED_DA_fee,639,27.03
IMPROVED_DA_fee,641,26.45
IMPROVED_DA_fee,640,27.56
IMPROVED_DA_fee,642,26.66
IMPROVED_DA_fee,643,27.76
IMPROVED_DA_fee,644,27.02
IMPROVED_DA_fee,645,27.49
IMPROVED_DA_fee,646,28.49
IMPROVED_DA_fee,647,27.56
IMPROVED_DA_fee,648,26.75
IMPROVED_DA_fee,649,28.74
IMPROVED_DA_fee,650,26.93
IMPROVED_DA_fee,651,26.62
IMPROVED_DA_fee,652,26.73
IMPROVED_DA_fee,653,26.87
IMPROVED_DA_fee,654,27.05
IMPROVED_DA_fee,655,26.91
IMPROVED_DA_fee,656,27.83
IMPROVED_DA_fee,657,28.58
IMPROVED_DA_fee,658,26.64
IMPROVED_DA_fee,659,27.07
IMPROVED_DA_fee,660,28.27
IMPROVED_DA_fee,661,27.65
IMPROVED_DA_fee,662,26.71
IMPROVED_DA_fee,663,27.39
IMPROVED_DA_fee,664,25.85
IMPROVED_DA_fee,665,27.39
IMPROVED_DA_fee,666,26.17
IMPROVED_DA_fee,667,26.56
IMPROVED_DA_fee,668,28.51
IMPROVED_DA_fee,669,27.51
IMPROVED_DA_fee,671,26.73
IMPROVED_DA_fee,670,28.2
IMPROVED_DA_fee,672,27.49
IMPROVED_DA_fee,673,25.87
IMPROVED_DA_fee,674,26.73
IMPROVED_DA_fee,675,26.7
IMPROVED_DA_fee,676,26.95
IMPROVED_DA_fee,677,28.19
IMPROVED_DA_fee,678,27.18
IMPROVED_DA_fee,679,27.21
IMPROVED_DA_fee,680,27.37
IMPROVED_DA_fee,681,27.8
IMPROVED_DA_fee,682,27.84
IMPROVED_DA_fee,683,30.13
IMPROVED_DA_fee,684,27.36
IMPROVED_DA_fee,685,27.77
IMPROVED_DA_fee,686,26.74
IMPROVED_DA_fee,687,27.24
IMPROVED_DA_fee,688,27.53
IMPROVED_DA_fee,689,27.91
IMPROVED_DA_fee,690,27.35
IMPROVED_DA_fee,691,27.24
IMPROVED_DA_fee,692,27.88
IMPROVED_DA_fee,693,27.21
IMPROVED_DA_fee,695,28.11
IMPROVED_DA_fee,694,27.97
IMPROVED_DA_fee,696,26.94
IMPROVED_DA_fee,697,27.55
IMPROVED_DA_fee,698,28.57
IMPROVED_DA_fee,699,31.17
IMPROVED_DA_fee,700,26.96
IMPROVED_DA_fee,701,26.89
IMPROVED_DA_fee,702,27.4
IMPROVED_DA_fee,703,27.31
IMPROVED_DA_fee,704,27.18
IMPROVED_DA_fee,705,28.33
IMPROVED_DA_fee,706,28.8
IMPROVED_DA_fee,707,27.78
IMPROVED_DA_fee,708,27.34
IMPROVED_DA_fee,709,27.07
IMPROVED_DA_fee,710,27.28
IMPROVED_DA_fee,711,27.85
IMPROVED_DA_fee,712,26.3
IMPROVED_DA_fee,713,27.05
IMPROVED_DA_fee,714,27.79
IMPROVED_DA_fee,715,26.82
IMPROVED_DA_fee,716,27.0
IMPROVED_DA_fee,717,26.66
IMPROVED_DA_fee,718,28.03
IMPROVED_DA_fee,719,28.28
IMPROVED_DA_fee,720,26.72
IMPROVED_DA_fee,721,27.46
IMPROVED_DA_fee,722,27.12
IMPROVED_DA_fee,723,26.8
IMPROVED_DA_fee,724,27.49
IMPROVED_DA_fee,725,26.66
IMPROVED_DA_fee,726,28.77
IMPROVED_DA_fee,727,27.94
IMPROVED_DA_fee,728,27.02
IMPROVED_DA_fee,729,27.21
IMPROVED_DA_fee,730,27.13
IMPROVED_DA_fee,731,26.98
IMPROVED_DA_fee,732,26.92
IMPROVED_DA_fee,733,27.45
IMPROVED_DA_fee,734,28.63
IMPROVED_DA_fee,735,27.35
IMPROVED_DA_fee,736,26.49
IMPROVED_DA_fee,737,26.74
IMPROVED_DA_fee,738,27.43
IMPROVED_DA_fee,739,29.2
IMPROVED_DA_fee,740,28.58
IMPROVED_DA_fee,741,27.25
IMPROVED_DA_fee,742,30.15
IMPROVED_DA_fee,743,27.4
IMPROVED_DA_fee,744,26.34
IMPROVED_DA_fee,745,26.57
IMPROVED_DA_fee,746,26.07
IMPROVED_DA_fee,747,27.45
IMPROVED_DA_fee,748,26.82
IMPROVED_DA_fee,749,26.28
IMPROVED_DA_fee,750,26.55
IMPROVED_DA_fee,751,27.04
IMPROVED_DA_fee,752,27.72
IMPROVED_DA_fee,753,26.96
IMPROVED_DA_fee,754,29.82
IMPROVED_DA_fee,755,27.05
IMPROVED_DA_fee,756,27.9
IMPROVED_DA_fee,758,27.46
IMPROVED_DA_fee,757,25.97
IMPROVED_DA_fee,759,29.58
IMPROVED_DA_fee,760,26.17
IMPROVED_DA_fee,761,29.36
IMPROVED_DA_fee,762,26.94
IMPROVED_DA_fee,763,26.68
IMPROVED_DA_fee,764,27.11
IMPROVED_DA_fee,765,26.96
IMPROVED_DA_fee,766,27.34
IMPROVED_DA_fee,767,26.17
IMPROVED_DA_fee,768,27.9
IMPROVED_DA_fee,769,27.22
IMPROVED_DA_fee,770,27.09
IMPROVED_DA_fee,771,27.71
IMPROVED_DA_fee,772,28.79
IMPROVED_DA_fee,773,27.02
IMPROVED_DA_fee,774,26.7
IMPROVED_DA_fee,775,27.16
IMPROVED_DA_fee,776,28.03
IMPROVED_DA_fee,777,27.19
IMPROVED_DA_fee,778,28.11
IMPROVED_DA_fee,779,26.13
IMPROVED_DA_fee,780,28.01
IMPROVED_DA_fee,781,28.45
IMPROVED_DA_fee,783,28.74
IMPROVED_DA_fee,782,27.26
IMPROVED_DA_fee,784,28.51
IMPROVED_DA_fee,786,29.25
IMPROVED_DA_fee,785,28.13
IMPROVED_DA_fee,787,26.97
IMPROVED_DA_fee,789,26.76
IMPROVED_DA_fee,788,26.14
IMPROVED_DA_fee,790,26.86
IMPROVED_DA_fee,791,27.36
IMPROVED_DA_fee,792,26.54
IMPROVED_DA_fee,793,27.34
IMPROVED_DA_fee,794,27.04
IMPROVED_DA_fee,795,28.83
IMPROVED_DA_fee,798,28.13
IMPROVED_DA_fee,796,27.5
IMPROVED_DA_fee,797,25.74
IMPROVED_DA_fee,799,26.81
IMPROVED_DA_fee,800,27.51
IMPROVED_DA_fee,801,27.71
IMPROVED_DA_fee,802,29.5
IMPROVED_DA_fee,803,27.97
IMPROVED_DA_fee,804,27.77
IMPROVED_DA_fee,805,27.88
IMPROVED_DA_fee,806,26.43
IMPROVED_DA_fee,807,29.01
IMPROVED_DA_fee,808,29.01
IMPROVED_DA_fee,809,26.1
IMPROVED_DA_fee,810,27.24
IMPROVED_DA_fee,811,26.83
IMPROVED_DA_fee,812,27.04
IMPROVED_DA_fee,813,27.31
IMPROVED_DA_fee,814,28.47
IMPROVED_DA_fee,815,26.05
IMPROVED_DA_fee,816,26.15
IMPROVED_DA_fee,817,26.34
IMPROVED_DA_fee,818,27.37
IMPROVED_DA_fee,819,26.83
IMPROVED_DA_fee,821,26.91
IMPROVED_DA_fee,820,27.47
IMPROVED_DA_fee,822,26.11
IMPROVED_DA_fee,823,26.49
IMPROVED_DA_fee,824,27.3
IMPROVED_DA_fee,825,28.4
IMPROVED_DA_fee,826,28.92
IMPROVED_DA_fee,827,27.01
IMPROVED_DA_fee,828,29.43
IMPROVED_DA_fee,829,26.4
IMPROVED_DA_fee,830,26.23
IMPROVED_DA_fee,831,28.37
IMPROVED_DA_fee,832,26.25
IMPROVED_DA_fee,833,28.36
IMPROVED_DA_fee,834,28.36
IMPROVED_DA_fee,835,27.63
IMPROVED_DA_fee,837,27.32
IMPROVED_DA_fee,836,26.78
IMPROVED_DA_fee,838,26.8
IMPROVED_DA_fee,839,29.34
IMPROVED_DA_fee,840,26.74
IMPROVED_DA_fee,841,27.28
IMPROVED_DA_fee,842,26.79
IMPROVED_DA_fee,843,27.89
IMPROVED_DA_fee,844,26.73
IMPROVED_DA_fee,845,27.37
IMPROVED_DA_fee,846,25.44
IMPROVED_DA_fee,847,26.57
IMPROVED_DA_fee,848,26.88
IMPROVED_DA_fee,849,27.4
IMPROVED_DA_fee,850,27.7
IMPROVED_DA_fee,851,25.99
IMPROVED_DA_fee,852,26.88
IMPROVED_DA_fee,853,26.64
IMPROVED_DA_fee,854,27.26
IMPROVED_DA_fee,855,27.39
IMPROVED_DA_fee,856,26.96
IMPROVED_DA_fee,857,27.03
IMPROVED_DA_fee,858,27.72
IMPROVED_DA_fee,859,27.33
IMPROVED_DA_fee,860,28.3
IMPROVED_DA_fee,861,27.66
IMPROVED_DA_fee,862,27.38
IMPROVED_DA_fee,863,28.29
IMPROVED_DA_fee,864,27.43
IMPROVED_DA_fee,865,29.07
IMPROVED_DA_fee,866,28.38
IMPROVED_DA_fee,867,27.03
IMPROVED_DA_fee,868,28.17
IMPROVED_DA_fee,869,27.66
IMPROVED_DA_fee,871,26.89
IMPROVED_DA_fee,870,28.31
IMPROVED_DA_fee,872,28.2
IMPROVED_DA_fee,873,28.51
IMPROVED_DA_fee,874,26.52
IMPROVED_DA_fee,875,29.41
IMPROVED_DA_fee,876,27.32
IMPROVED_DA_fee,877,26.97
IMPROVED_DA_fee,878,26.6
IMPROVED_DA_fee,879,28.75
IMPROVED_DA_fee,880,27.07
IMPROVED_DA_fee,881,27.08
IMPROVED_DA_fee,882,26.66
IMPROVED_DA_fee,883,26.92
IMPROVED_DA_fee,884,28.69
IMPROVED_DA_fee,885,27.68
IMPROVED_DA_fee,887,27.27
IMPROVED_DA_fee,886,26.53
IMPROVED_DA_fee,888,27.67
IMPROVED_DA_fee,889,26.57
IMPROVED_DA_fee,890,28.54
IMPROVED_DA_fee,891,26.22
IMPROVED_DA_fee,892,30.13
IMPROVED_DA_fee,893,26.75
IMPROVED_DA_fee,894,27.87
IMPROVED_DA_fee,895,27.07
IMPROVED_DA_fee,896,27.8
IMPROVED_DA_fee,897,26.96
IMPROVED_DA_fee,898,28.49
IMPROVED_DA_fee,899,27.24
IMPROVED_DA_fee,900,27.05
IMPROVED_DA_fee,901,27.41
IMPROVED_DA_fee,902,30.5
IMPROVED_DA_fee,903,26.52
IMPROVED_DA_fee,904,27.35
IMPROVED_DA_fee,905,26.77
IMPROVED_DA_fee,906,27.18
IMPROVED_DA_fee,907,27.27
IMPROVED_DA_fee,908,27.91
IMPROVED_DA_fee,909,28.71
IMPROVED_DA_fee,910,29.25
IMPROVED_DA_fee,911,27.7
IMPROVED_DA_fee,912,26.58
IMPROVED_DA_fee,913,28.39
IMPROVED_DA_fee,914,26.63
IMPROVED_DA_fee,915,26.83
IMPROVED_DA_fee,916,27.66
IMPROVED_DA_fee,917,26.7
IMPROVED_DA_fee,918,27.06
IMPROVED_DA_fee,919,27.24
IMPROVED_DA_fee,920,27.33
IMPROVED_DA_fee,921,26.88
IMPROVED_DA_fee,922,28.42
IMPROVED_DA_fee,923,26.52
IMPROVED_DA_fee,925,26.51
IMPROVED_DA_fee,924,27.07
IMPROVED_DA_fee,926,29.69
IMPROVED_DA_fee,927,27.08
IMPROVED_DA_fee,928,28.36
IMPROVED_DA_fee,929,26.65
IMPROVED_DA_fee,930,26.55
IMPROVED_DA_fee,931,26.63
IMPROVED_DA_fee,932,26.97
IMPROVED_DA_fee,933,27.36
IMPROVED_DA_fee,934,26.58
IMPROVED_DA_fee,935,26.79
IMPROVED_DA_fee,937,29.45
IMPROVED_DA_fee,936,27.95
IMPROVED_DA_fee,938,26.06
IMPROVED_DA_fee,939,29.2
IMPROVED_DA_fee,940,29.53
IMPROVED_DA_fee,941,27.16
IMPROVED_DA_fee,942,27.2
IMPROVED_DA_fee,943,26.89
IMPROVED_DA_fee,944,27.57
IMPROVED_DA_fee,945,26.94
IMPROVED_DA_fee,946,26.77
IMPROVED_DA_fee,947,28.88
IMPROVED_DA_fee,948,26.44
IMPROVED_DA_fee,949,26.89
IMPROVED_DA_fee,951,27.34
IMPROVED_DA_fee,950,27.1
IMPROVED_DA_fee,952,26.68
IMPROVED_DA_fee,953,26.72
IMPROVED_DA_fee,954,28.95
IMPROVED_DA_fee,955,26.6
IMPROVED_DA_fee,957,27.75
IMPROVED_DA_fee,956,27.08
IMPROVED_DA_fee,958,28.54
IMPROVED_DA_fee,960,28.79
IMPROVED_DA_fee,959,26.71
IMPROVED_DA_fee,961,28.27
IMPROVED_DA_fee,962,26.85
IMPROVED_DA_fee,963,26.66
IMPROVED_DA_fee,965,26.75
IMPROVED_DA_fee,964,27.2
IMPROVED_DA_fee,966,26.78
IMPROVED_DA_fee,967,26.94
IMPROVED_DA_fee,969,27.44
IMPROVED_DA_fee,968,26.48
IMPROVED_DA_fee,970,28.44
IMPROVED_DA_fee,971,26.77
IMPROVED_DA_fee,972,28.88
IMPROVED_DA_fee,973,28.9
IMPROVED_DA_fee,974,26.93
IMPROVED_DA_fee,975,26.92
IMPROVED_DA_fee,977,29.05
IMPROVED_DA_fee,976,26.88
IMPROVED_DA_fee,978,26.88
IMPROVED_DA_fee,979,29.02
IMPROVED_DA_fee,980,26.74
IMPROVED_DA_fee,981,26.31
IMPROVED_DA_fee,982,27.04
IMPROVED_DA_fee,983,26.91
IMPROVED_DA_fee,984,29.35
IMPROVED_DA_fee,985,28.18
IMPROVED_DA_fee,986,27.09
IMPROVED_DA_fee,987,27.53
IMPROVED_DA_fee,989,27.37
IMPROVED_DA_fee,988,27.53
IMPROVED_DA_fee,990,28.3
IMPROVED_DA_fee,991,27.94
IMPROVED_DA_fee,992,29.39
IMPROVED_DA_fee,993,27.36
IMPROVED_DA_fee,994,28.26
IMPROVED_DA_fee,995,27.4
IMPROVED_DA_fee,997,28.6
IMPROVED_DA_fee,996,27.26
IMPROVED_DA_fee,998,27.01
IMPROVED_DA_fee,999,27.07
IMPROVED_BA_fee,0,26.3
IMPROVED_BA_fee,1,26.61
IMPROVED_BA_fee,2,28.67
IMPROVED_BA_fee,3,27.07
IMPROVED_BA_fee,4,26.38
IMPROVED_BA_fee,5,25.67
IMPROVED_BA_fee,6,26.83
IMPROVED_BA_fee,7,27.24
IMPROVED_BA_fee,8,27.06
IMPROVED_BA_fee,9,25.86
IMPROVED_BA_fee,10,26.36
IMPROVED_BA_fee,11,26.73
IMPROVED_BA_fee,12,26.82
IMPROVED_BA_fee,13,26.03
IMPROVED_BA_fee,14,25.99
IMPROVED_BA_fee,15,26.86
IMPROVED_BA_fee,16,26.42
IMPROVED_BA_fee,17,28.17
IMPROVED_BA_fee,18,27.42
IMPROVED_BA_fee,19,26.31
IMPROVED_BA_fee,20,26.47
IMPROVED_BA_fee,21,29.05
IMPROVED_BA_fee,22,26.58
IMPROVED_BA_fee,23,27.06
IMPROVED_BA_fee,24,26.54
IMPROVED_BA_fee,25,27.8
IMPROVED_BA_fee,26,27.07
IMPROVED_BA_fee,27,25.32
IMPROVED_BA_fee,28,27.98
IMPROVED_BA_fee,29,27.35
IMPROVED_BA_fee,30,26.98
IMPROVED_BA_fee,31,27.44
IMPROVED_BA_fee,32,27.32
IMPROVED_BA_fee,33,27.08
IMPROVED_BA_fee,34,26.9
IMPROVED_BA_fee,35,26.27
IMPROVED_BA_fee,36,27.06
IMPROVED_BA_fee,37,27.15
IMPROVED_BA_fee,38,27.76
IMPROVED_BA_fee,39,27.24
IMPROVED_BA_fee,40,26.38
IMPROVED_BA_fee,41,26.63
IMPROVED_BA_fee,42,26.64
IMPROVED_BA_fee,44,26.4
IMPROVED_BA_fee,43,26.48
IMPROVED_BA_fee,45,26.2
IMPROVED_BA_fee,46,26.92
IMPROVED_BA_fee,47,27.07
IMPROVED_BA_fee,48,26.35
IMPROVED_BA_fee,49,27.05
IMPROVED_BA_fee,50,26.33
IMPROVED_BA_fee,53,27.34
IMPROVED_BA_fee,51,27.19
IMPROVED_BA_fee,52,26.04
IMPROVED_BA_fee,54,27.49
IMPROVED_BA_fee,55,26.84
IMPROVED_BA_fee,56,25.81
IMPROVED_BA_fee,57,26.64
IMPROVED_BA_fee,58,26.38
IMPROVED_BA_fee,59,27.39
IMPROVED_BA_fee,60,27.0
IMPROVED_BA_fee,61,28.24
IMPROVED_BA_fee,62,25.68
IMPROVED_BA_fee,63,26.67
IMPROVED_BA_fee,64,28.61
IMPROVED_BA_fee,65,26.08
IMPROVED_BA_fee,66,25.87
IMPROVED_BA_fee,67,26.96
IMPROVED_BA_fee,68,27.13
IMPROVED_BA_fee,69,26.22
IMPROVED_BA_fee,70,27.69
IMPROVED_BA_fee,71,26.71
IMPROVED_BA_fee,72,26.37
IMPROVED_BA_fee,73,25.87
IMPROVED_BA_fee,74,27.74
IMPROVED_BA_fee,75,27.05
IMPROVED_BA_fee,76,26.75
IMPROVED_BA_fee,77,26.89
IMPROVED_BA_fee,78,26.89
IMPROVED_BA_fee,79,27.16
IMPROVED_BA_fee,80,27.51
IMPROVED_BA_fee,81,28.21
IMPROVED_BA_fee,82,27.14
IMPROVED_BA_fee,83,27.76
IMPROVED_BA_fee,84,26.76
IMPROVED_BA_fee,85,28.14
IMPROVED_BA_fee,86,26.41
IMPROVED_BA_fee,87,26.74
IMPROVED_BA_fee,88,26.99
IMPROVED_BA_fee,89,27.13
IMPROVED_BA_fee,90,26.96
IMPROVED_BA_fee,91,26.03
IMPROVED_BA_fee,92,27.42
IMPROVED_BA_fee,94,27.29
IMPROVED_BA_fee,93,27.43
IMPROVED_BA_fee,95,26.84
IMPROVED_BA_fee,96,26.04
IMPROVED_BA_fee,97,27.77
IMPROVED_BA_fee,98,26.36
IMPROVED_BA_fee,99,26.66
IMPROVED_BA_fee,100,26.95
IMPROVED_BA_fee,101,25.88
IMPROVED_BA_fee,102,27.07
IMPROVED_BA_fee,103,26.43
IMPROVED_BA_fee,104,25.79
IMPROVED_BA_fee,105,28.64
IMPROVED_BA_fee,106,26.73
IMPROVED_BA_fee,107,27.28
IMPROVED_BA_fee,108,27.27
IMPROVED_BA_fee,110,26.83
IMPROVED_BA_fee,109,24.99
IMPROVED_BA_fee,111,27.03
IMPROVED_BA_fee,112,27.1
IMPROVED_BA_fee,113,25.87
IMPROVED_BA_fee,114,26.54
IMPROVED_BA_fee,116,27.22
IMPROVED_BA_fee,115,27.01
IMPROVED_BA_fee,119,26.78
IMPROVED_BA_fee,117,27.0
IMPROVED_BA_fee,118,27.74
IMPROVED_BA_fee,120,27.03
IMPROVED_BA_fee,121,27.98
IMPROVED_BA_fee,122,26.33
IMPROVED_BA_fee,124,26.59
IMPROVED_BA_fee,123,25.59
IMPROVED_BA_fee,125,27.99
IMPROVED_BA_fee,126,27.15
IMPROVED_BA_fee,127,27.56
IMPROVED_BA_fee,128,27.3
IMPROVED_BA_fee,129,27.12
IMPROVED_BA_fee,130,27.21
IMPROVED_BA_fee,131,27.28
IMPROVED_BA_fee,132,25.99
IMPROVED_BA_fee,133,28.39
IMPROVED_BA_fee,134,27.34
IMPROVED_BA_fee,135,27.28
IMPROVED_BA_fee,136,27.6
IMPROVED_BA_fee,137,27.74
IMPROVED_BA_fee,138,26.92
IMPROVED_BA_fee,139,26.1
IMPROVED_BA_fee,141,26.59
IMPROVED_BA_fee,140,27.06
IMPROVED_BA_fee,142,26.34
IMPROVED_BA_fee,143,25.96
IMPROVED_BA_fee,144,27.03
IMPROVED_BA_fee,145,25.99
IMPROVED_BA_fee,146,27.21
IMPROVED_BA_fee,147,26.82
IMPROVED_BA_fee,148,27.19
IMPROVED_BA_fee,149,26.94
IMPROVED_BA_fee,150,25.65
IMPROVED_BA_fee,151,26.89
IMPROVED_BA_fee,152,26.52
IMPROVED_BA_fee,153,26.97
IMPROVED_BA_fee,154,25.98
IMPROVED_BA_fee,155,26.39
IMPROVED_BA_fee,156,27.17
IMPROVED_BA_fee,157,27.57
IMPROVED_BA_fee,158,28.16
IMPROVED_BA_fee,159,27.74
IMPROVED_BA_fee,160,27.76
IMPROVED_BA_fee,161,27.17
IMPROVED_BA_fee,162,27.19
IMPROVED_BA_fee,163,25.87
IMPROVED_BA_fee,164,26.03
IMPROVED_BA_fee,165,27.24
IMPROVED_BA_fee,166,27.37
IMPROVED_BA_fee,167,27.62
IMPROVED_BA_fee,168,28.0
IMPROVED_BA_fee,169,26.24
IMPROVED_BA_fee,170,28.09
IMPROVED_BA_fee,171,28.36
IMPROVED_BA_fee,172,26.88
IMPROVED_BA_fee,173,25.88
IMPROVED_BA_fee,175,27.28
IMPROVED_BA_fee,174,26.54
IMPROVED_BA_fee,176,25.39
IMPROVED_BA_fee,177,26.81
IMPROVED_BA_fee,178,26.62
IMPROVED_BA_fee,180,26.06
IMPROVED_BA_fee,179,26.67
IMPROVED_BA_fee,181,26.82
IMPROVED_BA_fee,182,26.7
IMPROVED_BA_fee,183,26.67
IMPROVED_BA_fee,184,26.57
IMPROVED_BA_fee,185,26.87
IMPROVED_BA_fee,186,26.22
IMPROVED_BA_fee,187,26.75
IMPROVED_BA_fee,188,26.93
IMPROVED_BA_fee,189,26.93
IMPROVED_BA_fee,190,26.02
IMPROVED_BA_fee,191,27.23
IMPROVED_BA_fee,192,27.23
IMPROVED_BA_fee,193,27.18
IMPROVED_BA_fee,194,27.24
IMPROVED_BA_fee,196,28.23
IMPROVED_BA_fee,195,27.34
IMPROVED_BA_fee,197,26.51
IMPROVED_BA_fee,198,26.97
IMPROVED_BA_fee,199,27.13
IMPROVED_BA_fee,200,27.78
IMPROVED_BA_fee,201,25.43
IMPROVED_BA_fee,202,27.45
IMPROVED_BA_fee,203,27.39
IMPROVED_BA_fee,204,26.3
IMPROVED_BA_fee,205,27.94
IMPROVED_BA_fee,206,26.6
IMPROVED_BA_fee,207,26.47
IMPROVED_BA_fee,208,26.82
IMPROVED_BA_fee,209,28.23
IMPROVED_BA_fee,210,26.18
IMPROVED_BA_fee,212,26.55
IMPROVED_BA_fee,211,26.37
IMPROVED_BA_fee,213,26.8
IMPROVED_BA_fee,214,26.54
IMPROVED_BA_fee,215,27.55
IMPROVED_BA_fee,216,26.45
IMPROVED_BA_fee,217,26.98
IMPROVED_BA_fee,218,25.46
IMPROVED_BA_fee,219,26.0
IMPROVED_BA_fee,220,26.59
IMPROVED_BA_fee,221,26.99
IMPROVED_BA_fee,222,27.18
IMPROVED_BA_fee,224,27.9
IMPROVED_BA_fee,223,26.86
IMPROVED_BA_fee,225,26.81
IMPROVED_BA_fee,226,26.65
IMPROVED_BA_fee,227,26.88
IMPROVED_BA_fee,228,26.78
IMPROVED_BA_fee,229,26.99
IMPROVED_BA_fee,230,26.85
IMPROVED_BA_fee,231,28.13
IMPROVED_BA_fee,232,26.36
IMPROVED_BA_fee,233,26.85
IMPROVED_BA_fee,234,26.57
IMPROVED_BA_fee,235,27.46
IMPROVED_BA_fee,236,27.22
IMPROVED_BA_fee,238,26.9
IMPROVED_BA_fee,237,26.12
IMPROVED_BA_fee,239,26.83
IMPROVED_BA_fee,240,26.1
IMPROVED_BA_fee,241,26.16
IMPROVED_BA_fee,242,26.77
IMPROVED_BA_fee,243,26.86
IMPROVED_BA_fee,244,26.22
IMPROVED_BA_fee,245,26.4
IMPROVED_BA_fee,246,26.39
IMPROVED_BA_fee,247,26.12
IMPROVED_BA_fee,248,27.43
IMPROVED_BA_fee,249,26.41
IMPROVED_BA_fee,250,27.83
IMPROVED_BA_fee,251,26.37
IMPROVED_BA_fee,252,26.04
IMPROVED_BA_fee,255,26.42
IMPROVED_BA_fee,253,27.33
IMPROVED_BA_fee,254,28.16
IMPROVED_BA_fee,256,26.8
IMPROVED_BA_fee,257,26.46
IMPROVED_BA_fee,258,26.54
IMPROVED_BA_fee,259,27.35
IMPROVED_BA_fee,260,25.93
IMPROVED_BA_fee,261,25.74
IMPROVED_BA_fee,263,26.65
IMPROVED_BA_fee,262,26.84
IMPROVED_BA_fee,264,27.59
IMPROVED_BA_fee,265,26.34
IMPROVED_BA_fee,266,27.28
IMPROVED_BA_fee,267,26.77
IMPROVED_BA_fee,268,27.57
IMPROVED_BA_fee,269,26.41
IMPROVED_BA_fee,270,26.75
IMPROVED_BA_fee,271,28.06
IMPROVED_BA_fee,272,26.72
IMPROVED_BA_fee,273,26.74
IMPROVED_BA_fee,274,25.56
IMPROVED_BA_fee,275,26.9
IMPROVED_BA_fee,276,26.34
IMPROVED_BA_fee,277,26.85
IMPROVED_BA_fee,278,25.9
IMPROVED_BA_fee,279,26.85
IMPROVED_BA_fee,280,25.64
IMPROVED_BA_fee,281,27.52
IMPROVED_BA_fee,282,27.75
IMPROVED_BA_fee,283,26.23
IMPROVED_BA_fee,284,27.63
IMPROVED_BA_fee,285,26.27
IMPROVED_BA_fee,286,26.72
IMPROVED_BA_fee,287,26.18
IMPROVED_BA_fee,288,27.52
IMPROVED_BA_fee,289,27.3
IMPROVED_BA_fee,290,26.34
IMPROVED_BA_fee,291,25.96
IMPROVED_BA_fee,292,27.53
IMPROVED_BA_fee,293,26.49
IMPROVED_BA_fee,294,27.1
IMPROVED_BA_fee,296,26.37
IMPROVED_BA_fee,295,25.38
IMPROVED_BA_fee,297,25.78
IMPROVED_BA_fee,298,28.2
IMPROVED_BA_fee,299,26.27
IMPROVED_BA_fee,300,27.13
IMPROVED_BA_fee,301,26.46
IMPROVED_BA_fee,302,26.89
IMPROVED_BA_fee,303,26.58
IMPROVED_BA_fee,304,26.11
IMPROVED_BA_fee,305,26.92
IMPROVED_BA_fee,306,26.9
IMPROVED_BA_fee,307,27.31
IMPROVED_BA_fee,308,26.81
IMPROVED_BA_fee,309,27.23
IMPROVED_BA_fee,310,27.0
IMPROVED_BA_fee,311,25.85
IMPROVED_BA_fee,312,28.31
IMPROVED_BA_fee,313,25.53
IMPROVED_BA_fee,314,26.49
IMPROVED_BA_fee,315,26.87
IMPROVED_BA_fee,316,26.86
IMPROVED_BA_fee,317,27.07
IMPROVED_BA_fee,318,27.68
IMPROVED_BA_fee,319,26.84
IMPROVED_BA_fee,320,26.77
IMPROVED_BA_fee,321,26.93
IMPROVED_BA_fee,322,27.5
IMPROVED_BA_fee,323,27.21
IMPROVED_BA_fee,324,29.42
IMPROVED_BA_fee,325,26.25
IMPROVED_BA_fee,326,27.08
IMPROVED_BA_fee,327,27.23
IMPROVED_BA_fee,328,26.27
IMPROVED_BA_fee,329,25.82
IMPROVED_BA_fee,330,27.39
IMPROVED_BA_fee,331,26.48
IMPROVED_BA_fee,332,25.89
IMPROVED_BA_fee,333,27.66
IMPROVED_BA_fee,334,27.14
IMPROVED_BA_fee,335,27.6
IMPROVED_BA_fee,336,27.04
IMPROVED_BA_fee,337,26.47
IMPROVED_BA_fee,338,26.54
IMPROVED_BA_fee,339,26.6
IMPROVED_BA_fee,340,27.5
IMPROVED_BA_fee,341,26.79
IMPROVED_BA_fee,342,26.99
IMPROVED_BA_fee,344,27.19
IMPROVED_BA_fee,343,26.99
IMPROVED_BA_fee,345,26.71
IMPROVED_BA_fee,346,27.01
IMPROVED_BA_fee,347,27.26
IMPROVED_BA_fee,348,26.9
IMPROVED_BA_fee,349,26.87
IMPROVED_BA_fee,350,27.05
IMPROVED_BA_fee,352,26.93
IMPROVED_BA_fee,351,27.29
IMPROVED_BA_fee,353,27.1
IMPROVED_BA_fee,354,26.65
IMPROVED_BA_fee,355,27.76
IMPROVED_BA_fee,356,27.13
IMPROVED_BA_fee,357,25.89
IMPROVED_BA_fee,358,27.03
IMPROVED_BA_fee,359,26.04
IMPROVED_BA_fee,360,26.2
IMPROVED_BA_fee,361,27.15
IMPROVED_BA_fee,362,27.58
IMPROVED_BA_fee,363,27.01
IMPROVED_BA_fee,364,27.26
IMPROVED_BA_fee,365,26.99
IMPROVED_BA_fee,366,26.27
IMPROVED_BA_fee,367,25.93
IMPROVED_BA_fee,368,27.4
IMPROVED_BA_fee,369,26.67
IMPROVED_BA_fee,370,26.53
IMPROVED_BA_fee,371,27.54
IMPROVED_BA_fee,372,26.74
IMPROVED_BA_fee,373,27.21
IMPROVED_BA_fee,374,27.32
IMPROVED_BA_fee,376,25.97
IMPROVED_BA_fee,375,26.65
IMPROVED_BA_fee,377,27.23
IMPROVED_BA_fee,378,26.22
IMPROVED_BA_fee,379,26.81
IMPROVED_BA_fee,380,26.06
IMPROVED_BA_fee,381,26.43
IMPROVED_BA_fee,382,28.15
IMPROVED_BA_fee,383,26.65
IMPROVED_BA_fee,384,25.98
IMPROVED_BA_fee,385,26.9
IMPROVED_BA_fee,386,26.17
IMPROVED_BA_fee,387,26.67
IMPROVED_BA_fee,389,27.63
IMPROVED_BA_fee,388,27.26
IMPROVED_BA_fee,390,26.91
IMPROVED_BA_fee,391,27.15
IMPROVED_BA_fee,392,27.26
IMPROVED_BA_fee,393,26.45
IMPROVED_BA_fee,394,26.5
IMPROVED_BA_fee,395,27.3
IMPROVED_BA_fee,396,25.29
IMPROVED_BA_fee,397,26.35
IMPROVED_BA_fee,398,26.99
IMPROVED_BA_fee,399,27.47
IMPROVED_BA_fee,400,28.5
IMPROVED_BA_fee,401,26.91
IMPROVED_BA_fee,402,26.87
IMPROVED_BA_fee,403,26.75
IMPROVED_BA_fee,405,26.79
IMPROVED_BA_fee,404,26.44
IMPROVED_BA_fee,406,27.36
IMPROVED_BA_fee,407,25.76
IMPROVED_BA_fee,408,26.25
IMPROVED_BA_fee,409,26.35
IMPROVED_BA_fee,411,26.76
IMPROVED_BA_fee,410,26.25
IMPROVED_BA_fee,413,26.36
IMPROVED_BA_fee,412,28.51
IMPROVED_BA_fee,414,27.41
IMPROVED_BA_fee,415,27.29
IMPROVED_BA_fee,416,26.91
IMPROVED_BA_fee,418,26.73
IMPROVED_BA_fee,417,26.24
IMPROVED_BA_fee,419,26.95
IMPROVED_BA_fee,420,26.9
IMPROVED_BA_fee,421,26.8
IMPROVED_BA_fee,422,26.66
IMPROVED_BA_fee,423,26.51
IMPROVED_BA_fee,424,27.0
IMPROVED_BA_fee,425,26.28
IMPROVED_BA_fee,426,27.51
IMPROVED_BA_fee,427,26.24
IMPROVED_BA_fee,428,25.65
IMPROVED_BA_fee,429,26.93
IMPROVED_BA_fee,430,27.21
IMPROVED_BA_fee,431,26.58
IMPROVED_BA_fee,432,26.99
IMPROVED_BA_fee,433,26.1
IMPROVED_BA_fee,434,25.79
IMPROVED_BA_fee,435,26.22
IMPROVED_BA_fee,436,26.61
IMPROVED_BA_fee,437,26.84
IMPROVED_BA_fee,438,26.71
IMPROVED_BA_fee,439,27.13
IMPROVED_BA_fee,440,26.78
IMPROVED_BA_fee,441,27.4
IMPROVED_BA_fee,442,27.35
IMPROVED_BA_fee,443,27.17
IMPROVED_BA_fee,444,26.81
IMPROVED_BA_fee,445,27.25
IMPROVED_BA_fee,446,27.8
IMPROVED_BA_fee,447,26.03
IMPROVED_BA_fee,448,26.43
IMPROVED_BA_fee,449,26.03
IMPROVED_BA_fee,450,28.38
IMPROVED_BA_fee,451,25.9
IMPROVED_BA_fee,452,27.86
IMPROVED_BA_fee,453,27.1
IMPROVED_BA_fee,454,27.5
IMPROVED_BA_fee,455,27.5
IMPROVED_BA_fee,456,27.79
IMPROVED_BA_fee,457,26.58
IMPROVED_BA_fee,458,27.27
IMPROVED_BA_fee,459,25.44
IMPROVED_BA_fee,460,26.67
IMPROVED_BA_fee,461,26.43
IMPROVED_BA_fee,462,26.41
IMPROVED_BA_fee,463,27.13
IMPROVED_BA_fee,464,27.33
IMPROVED_BA_fee,465,27.05
IMPROVED_BA_fee,466,27.15
IMPROVED_BA_fee,467,26.78
IMPROVED_BA_fee,468,27.03
IMPROVED_BA_fee,469,26.83
IMPROVED_BA_fee,470,27.0
IMPROVED_BA_fee,471,26.85
IMPROVED_BA_fee,472,26.24
IMPROVED_BA_fee,473,26.34
IMPROVED_BA_fee,474,26.81
IMPROVED_BA_fee,475,26.94
IMPROVED_BA_fee,476,25.92
IMPROVED_BA_fee,477,27.03
IMPROVED_BA_fee,478,27.62
IMPROVED_BA_fee,479,26.38
IMPROVED_BA_fee,480,26.32
IMPROVED_BA_fee,481,26.67
IMPROVED_BA_fee,482,26.72
IMPROVED_BA_fee,483,26.3
IMPROVED_BA_fee,484,26.02
IMPROVED_BA_fee,485,26.76
IMPROVED_BA_fee,486,27.13
IMPROVED_BA_fee,487,26.37
IMPROVED_BA_fee,488,26.79
IMPROVED_BA_fee,489,27.32
IMPROVED_BA_fee,490,26.83
IMPROVED_BA_fee,491,26.39
IMPROVED_BA_fee,492,26.78
IMPROVED_BA_fee,493,27.4
IMPROVED_BA_fee,494,25.94
IMPROVED_BA_fee,495,26.89
IMPROVED_BA_fee,496,26.91
IMPROVED_BA_fee,497,27.78
IMPROVED_BA_fee,498,26.64
IMPROVED_BA_fee,500,26.74
IMPROVED_BA_fee,499,27.13
IMPROVED_BA_fee,501,25.58
IMPROVED_BA_fee,502,27.29
IMPROVED_BA_fee,503,26.49
IMPROVED_BA_fee,504,27.29
IMPROVED_BA_fee,505,26.44
IMPROVED_BA_fee,506,27.03
IMPROVED_BA_fee,507,26.25
IMPROVED_BA_fee,508,26.02
IMPROVED_BA_fee,509,26.37
IMPROVED_BA_fee,510,26.15
IMPROVED_BA_fee,511,27.13
IMPROVED_BA_fee,512,26.19
IMPROVED_BA_fee,513,26.47
IMPROVED_BA_fee,514,26.65
IMPROVED_BA_fee,515,27.07
IMPROVED_BA_fee,516,26.61
IMPROVED_BA_fee,517,26.44
IMPROVED_BA_fee,518,26.68
IMPROVED_BA_fee,519,27.44
IMPROVED_BA_fee,520,25.5
IMPROVED_BA_fee,521,27.19
IMPROVED_BA_fee,522,27.26
IMPROVED_BA_fee,523,27.1
IMPROVED_BA_fee,524,27.35
IMPROVED_BA_fee,525,27.53
IMPROVED_BA_fee,526,26.06
IMPROVED_BA_fee,527,27.18
IMPROVED_BA_fee,528,26.72
IMPROVED_BA_fee,529,25.88
IMPROVED_BA_fee,530,27.14
IMPROVED_BA_fee,531,27.13
IMPROVED_BA_fee,532,26.75
IMPROVED_BA_fee,533,25.69
IMPROVED_BA_fee,534,25.75
IMPROVED_BA_fee,535,27.72
IMPROVED_BA_fee,536,26.94
IMPROVED_BA_fee,537,26.63
IMPROVED_BA_fee,538,27.02
IMPROVED_BA_fee,539,26.19
IMPROVED_BA_fee,540,26.24
IMPROVED_BA_fee,541,27.91
IMPROVED_BA_fee,542,27.75
IMPROVED_BA_fee,543,26.45
IMPROVED_BA_fee,544,25.68
IMPROVED_BA_fee,545,27.92
IMPROVED_BA_fee,546,26.71
IMPROVED_BA_fee,547,26.81
IMPROVED_BA_fee,548,26.16
IMPROVED_BA_fee,549,27.16
IMPROVED_BA_fee,550,25.96
IMPROVED_BA_fee,551,27.59
IMPROVED_BA_fee,552,26.41
IMPROVED_BA_fee,553,26.81
IMPROVED_BA_fee,554,26.16
IMPROVED_BA_fee,555,26.11
IMPROVED_BA_fee,556,27.12
IMPROVED_BA_fee,557,28.21
IMPROVED_BA_fee,558,25.89
IMPROVED_BA_fee,559,27.03
IMPROVED_BA_fee,560,26.39
IMPROVED_BA_fee,561,26.32
IMPROVED_BA_fee,562,26.78
IMPROVED_BA_fee,563,26.91
IMPROVED_BA_fee,565,27.83
IMPROVED_BA_fee,564,26.44
IMPROVED_BA_fee,566,26.51
IMPROVED_BA_fee,567,26.99
IMPROVED_BA_fee,568,25.34
IMPROVED_BA_fee,569,26.34
IMPROVED_BA_fee,570,26.5
IMPROVED_BA_fee,571,25.69
IMPROVED_BA_fee,572,25.57
IMPROVED_BA_fee,573,26.61
IMPROVED_BA_fee,574,27.03
IMPROVED_BA_fee,575,26.18
IMPROVED_BA_fee,576,27.24
IMPROVED_BA_fee,577,26.68
IMPROVED_BA_fee,578,26.99
IMPROVED_BA_fee,579,27.87
IMPROVED_BA_fee,580,28.96
IMPROVED_BA_fee,581,28.33
IMPROVED_BA_fee,582,27.0
IMPROVED_BA_fee,583,26.38
IMPROVED_BA_fee,584,26.84
IMPROVED_BA_fee,585,26.71
IMPROVED_BA_fee,587,27.46
IMPROVED_BA_fee,586,27.01
IMPROVED_BA_fee,588,28.81
IMPROVED_BA_fee,589,27.08
IMPROVED_BA_fee,590,25.92
IMPROVED_BA_fee,591,27.3
IMPROVED_BA_fee,592,25.95
IMPROVED_BA_fee,593,26.47
IMPROVED_BA_fee,594,26.26
IMPROVED_BA_fee,595,27.96
IMPROVED_BA_fee,596,27.68
IMPROVED_BA_fee,597,26.96
IMPROVED_BA_fee,598,26.19
IMPROVED_BA_fee,599,25.85
IMPROVED_BA_fee,600,27.08
IMPROVED_BA_fee,601,26.64
IMPROVED_BA_fee,602,27.13
IMPROVED_BA_fee,603,26.41
IMPROVED_BA_fee,604,27.61
IMPROVED_BA_fee,605,26.79
IMPROVED_BA_fee,606,27.4
IMPROVED_BA_fee,607,27.48
IMPROVED_BA_fee,608,25.78
IMPROVED_BA_fee,609,28.66
IMPROVED_BA_fee,610,27.06
IMPROVED_BA_fee,611,27.35
IMPROVED_BA_fee,613,27.13
IMPROVED_BA_fee,612,27.75
IMPROVED_BA_fee,614,26.0
IMPROVED_BA_fee,615,27.97
IMPROVED_BA_fee,616,27.33
IMPROVED_BA_fee,617,26.92
IMPROVED_BA_fee,618,27.22
IMPROVED_BA_fee,619,27.91
IMPROVED_BA_fee,621,25.07
IMPROVED_BA_fee,620,28.15
IMPROVED_BA_fee,622,26.9
IMPROVED_BA_fee,623,27.09
IMPROVED_BA_fee,624,26.88
IMPROVED_BA_fee,625,27.52
IMPROVED_BA_fee,626,27.32
IMPROVED_BA_fee,627,25.67
IMPROVED_BA_fee,628,26.77
IMPROVED_BA_fee,629,27.74
IMPROVED_BA_fee,630,26.52
IMPROVED_BA_fee,631,26.39
IMPROVED_BA_fee,632,27.21
IMPROVED_BA_fee,633,26.55
IMPROVED_BA_fee,634,26.48
IMPROVED_BA_fee,635,26.87
IMPROVED_BA_fee,636,25.99
IMPROVED_BA_fee,637,27.13
IMPROVED_BA_fee,638,26.71
IMPROVED_BA_fee,639,25.67
IMPROVED_BA_fee,640,27.1
IMPROVED_BA_fee,641,25.97
IMPROVED_BA_fee,642,26.51
IMPROVED_BA_fee,643,26.74
IMPROVED_BA_fee,644,27.98
IMPROVED_BA_fee,645,27.3
IMPROVED_BA_fee,646,26.63
IMPROVED_BA_fee,647,27.49
IMPROVED_BA_fee,648,26.79
IMPROVED_BA_fee,649,26.22
IMPROVED_BA_fee,650,26.69
IMPROVED_BA_fee,651,26.24
IMPROVED_BA_fee,652,25.64
IMPROVED_BA_fee,653,28.34
IMPROVED_BA_fee,654,27.43
IMPROVED_BA_fee,655,26.34
IMPROVED_BA_fee,656,27.05
IMPROVED_BA_fee,657,26.27
IMPROVED_BA_fee,658,27.73
IMPROVED_BA_fee,659,28.71
IMPROVED_BA_fee,660,27.25
IMPROVED_BA_fee,661,25.9
IMPROVED_BA_fee,662,27.54
IMPROVED_BA_fee,663,26.3
IMPROVED_BA_fee,664,27.61
IMPROVED_BA_fee,665,26.83
IMPROVED_BA_fee,666,26.48
IMPROVED_BA_fee,667,26.94
IMPROVED_BA_fee,668,26.77
IMPROVED_BA_fee,669,26.86
IMPROVED_BA_fee,670,26.39
IMPROVED_BA_fee,671,26.43
IMPROVED_BA_fee,672,26.45
IMPROVED_BA_fee,673,28.85
IMPROVED_BA_fee,674,27.25
IMPROVED_BA_fee,675,26.83
IMPROVED_BA_fee,676,25.97
IMPROVED_BA_fee,677,26.91
IMPROVED_BA_fee,678,27.11
IMPROVED_BA_fee,679,26.25
IMPROVED_BA_fee,680,26.23
IMPROVED_BA_fee,681,26.92
IMPROVED_BA_fee,682,26.95
IMPROVED_BA_fee,683,26.33
IMPROVED_BA_fee,684,27.25
IMPROVED_BA_fee,685,27.31
IMPROVED_BA_fee,686,26.75
IMPROVED_BA_fee,687,26.31
IMPROVED_BA_fee,688,27.43
IMPROVED_BA_fee,689,26.43
IMPROVED_BA_fee,690,26.04
IMPROVED_BA_fee,691,26.99
IMPROVED_BA_fee,692,27.31
IMPROVED_BA_fee,693,28.05
IMPROVED_BA_fee,694,27.27
IMPROVED_BA_fee,695,26.57
IMPROVED_BA_fee,696,26.5
IMPROVED_BA_fee,697,27.34
IMPROVED_BA_fee,698,27.24
IMPROVED_BA_fee,699,26.29
IMPROVED_BA_fee,700,26.33
IMPROVED_BA_fee,701,26.99
IMPROVED_BA_fee,702,27.61
IMPROVED_BA_fee,703,26.52
IMPROVED_BA_fee,704,27.24
IMPROVED_BA_fee,705,26.48
IMPROVED_BA_fee,706,26.65
IMPROVED_BA_fee,707,27.38
IMPROVED_BA_fee,708,26.12
IMPROVED_BA_fee,709,26.42
IMPROVED_BA_fee,710,27.11
IMPROVED_BA_fee,711,28.2
IMPROVED_BA_fee,712,27.1
IMPROVED_BA_fee,713,26.74
IMPROVED_BA_fee,714,26.19
IMPROVED_BA_fee,715,25.84
IMPROVED_BA_fee,716,25.8
IMPROVED_BA_fee,717,26.51
IMPROVED_BA_fee,718,26.96
IMPROVED_BA_fee,719,26.03
IMPROVED_BA_fee,720,25.61
IMPROVED_BA_fee,722,26.76
IMPROVED_BA_fee,721,25.45
IMPROVED_BA_fee,723,26.11
IMPROVED_BA_fee,724,28.56
IMPROVED_BA_fee,725,27.12
IMPROVED_BA_fee,726,27.16
IMPROVED_BA_fee,727,26.97
IMPROVED_BA_fee,728,27.58
IMPROVED_BA_fee,729,28.01
IMPROVED_BA_fee,730,26.63
IMPROVED_BA_fee,731,25.58
IMPROVED_BA_fee,732,26.8
IMPROVED_BA_fee,733,27.6
IMPROVED_BA_fee,734,26.86
IMPROVED_BA_fee,735,27.32
IMPROVED_BA_fee,736,26.06
IMPROVED_BA_fee,738,27.08
IMPROVED_BA_fee,737,26.14
IMPROVED_BA_fee,739,25.43
IMPROVED_BA_fee,740,26.63
IMPROVED_BA_fee,741,26.32
IMPROVED_BA_fee,742,26.41
IMPROVED_BA_fee,743,27.12
IMPROVED_BA_fee,744,26.71
IMPROVED_BA_fee,746,27.19
IMPROVED_BA_fee,745,25.8
IMPROVED_BA_fee,747,26.94
IMPROVED_BA_fee,748,26.89
IMPROVED_BA_fee,749,26.92
IMPROVED_BA_fee,750,27.01
IMPROVED_BA_fee,751,26.02
IMPROVED_BA_fee,752,26.51
IMPROVED_BA_fee,753,27.41
IMPROVED_BA_fee,754,26.42
IMPROVED_BA_fee,755,27.32
IMPROVED_BA_fee,756,28.57
IMPROVED_BA_fee,757,26.62
IMPROVED_BA_fee,758,27.88
IMPROVED_BA_fee,759,26.58
IMPROVED_BA_fee,760,29.25
IMPROVED_BA_fee,761,25.84
IMPROVED_BA_fee,762,26.77
IMPROVED_BA_fee,763,26.54
IMPROVED_BA_fee,764,26.52
IMPROVED_BA_fee,765,27.01
IMPROVED_BA_fee,766,27.41
IMPROVED_BA_fee,767,25.41
IMPROVED_BA_fee,768,26.2
IMPROVED_BA_fee,769,26.35
IMPROVED_BA_fee,770,26.59
IMPROVED_BA_fee,771,26.21
IMPROVED_BA_fee,772,27.13
IMPROVED_BA_fee,773,26.25
IMPROVED_BA_fee,774,25.66
IMPROVED_BA_fee,775,27.03
IMPROVED_BA_fee,776,29.3
IMPROVED_BA_fee,777,27.45
IMPROVED_BA_fee,778,27.11
IMPROVED_BA_fee,779,27.22
IMPROVED_BA_fee,780,27.24
IMPROVED_BA_fee,781,27.04
IMPROVED_BA_fee,782,26.49
IMPROVED_BA_fee,783,26.6
IMPROVED_BA_fee,784,26.87
IMPROVED_BA_fee,785,27.33
IMPROVED_BA_fee,786,26.56
IMPROVED_BA_fee,787,26.99
IMPROVED_BA_fee,788,28.14
IMPROVED_BA_fee,789,27.09
IMPROVED_BA_fee,790,25.84
IMPROVED_BA_fee,791,27.5
IMPROVED_BA_fee,792,27.19
IMPROVED_BA_fee,793,27.07
IMPROVED_BA_fee,794,26.36
IMPROVED_BA_fee,795,26.3
IMPROVED_BA_fee,796,26.9
IMPROVED_BA_fee,797,27.67
IMPROVED_BA_fee,798,27.14
IMPROVED_BA_fee,799,26.64
IMPROVED_BA_fee,800,26.63
IMPROVED_BA_fee,801,26.2
IMPROVED_BA_fee,802,26.49
IMPROVED_BA_fee,803,28.15
IMPROVED_BA_fee,804,26.91
IMPROVED_BA_fee,805,27.63
IMPROVED_BA_fee,806,26.01
IMPROVED_BA_fee,807,26.44
IMPROVED_BA_fee,808,26.25
IMPROVED_BA_fee,809,25.99
IMPROVED_BA_fee,810,27.88
IMPROVED_BA_fee,811,26.83
IMPROVED_BA_fee,812,27.69
IMPROVED_BA_fee,813,25.98
IMPROVED_BA_fee,814,26.71
IMPROVED_BA_fee,815,28.04
IMPROVED_BA_fee,816,27.09
IMPROVED_BA_fee,817,28.55
IMPROVED_BA_fee,818,26.57
IMPROVED_BA_fee,819,27.1
IMPROVED_BA_fee,820,25.81
IMPROVED_BA_fee,821,26.79
IMPROVED_BA_fee,822,26.68
IMPROVED_BA_fee,823,27.65
IMPROVED_BA_fee,824,26.43
IMPROVED_BA_fee,825,26.55
IMPROVED_BA_fee,826,26.52
IMPROVED_BA_fee,827,26.22
IMPROVED_BA_fee,828,26.11
IMPROVED_BA_fee,829,27.45
IMPROVED_BA_fee,830,26.4
IMPROVED_BA_fee,831,26.9
IMPROVED_BA_fee,832,26.84
IMPROVED_BA_fee,833,26.81
IMPROVED_BA_fee,834,25.79
IMPROVED_BA_fee,835,26.77
IMPROVED_BA_fee,836,27.43
IMPROVED_BA_fee,837,27.2
IMPROVED_BA_fee,838,26.35
IMPROVED_BA_fee,839,27.06
IMPROVED_BA_fee,841,26.78
IMPROVED_BA_fee,840,27.44
IMPROVED_BA_fee,842,25.71
IMPROVED_BA_fee,843,26.83
IMPROVED_BA_fee,844,26.61
IMPROVED_BA_fee,845,26.42
IMPROVED_BA_fee,846,29.0
IMPROVED_BA_fee,847,25.0
IMPROVED_BA_fee,848,27.09
IMPROVED_BA_fee,849,26.62
IMPROVED_BA_fee,850,26.67
IMPROVED_BA_fee,851,26.62
IMPROVED_BA_fee,852,26.43
IMPROVED_BA_fee,853,26.46
IMPROVED_BA_fee,854,28.1
IMPROVED_BA_fee,855,27.25
IMPROVED_BA_fee,856,26.49
IMPROVED_BA_fee,857,27.33
IMPROVED_BA_fee,858,26.88
IMPROVED_BA_fee,859,25.58
IMPROVED_BA_fee,860,26.89
IMPROVED_BA_fee,861,27.54
IMPROVED_BA_fee,862,26.96
IMPROVED_BA_fee,863,26.11
IMPROVED_BA_fee,864,26.95
IMPROVED_BA_fee,865,26.37
IMPROVED_BA_fee,866,26.21
IMPROVED_BA_fee,867,26.79
IMPROVED_BA_fee,868,26.0
IMPROVED_BA_fee,869,27.96
IMPROVED_BA_fee,870,27.59
IMPROVED_BA_fee,871,25.88
IMPROVED_BA_fee,872,26.7
IMPROVED_BA_fee,873,26.81
IMPROVED_BA_fee,874,26.84
IMPROVED_BA_fee,875,26.44
IMPROVED_BA_fee,876,26.08
IMPROVED_BA_fee,877,26.12
IMPROVED_BA_fee,878,26.12
IMPROVED_BA_fee,879,26.49
IMPROVED_BA_fee,880,27.24
IMPROVED_BA_fee,882,26.93
IMPROVED_BA_fee,881,27.22
IMPROVED_BA_fee,883,26.22
IMPROVED_BA_fee,884,26.55
IMPROVED_BA_fee,885,27.69
IMPROVED_BA_fee,886,26.19
IMPROVED_BA_fee,887,26.12
IMPROVED_BA_fee,888,27.97
IMPROVED_BA_fee,889,25.98
IMPROVED_BA_fee,890,26.61
IMPROVED_BA_fee,891,26.4
IMPROVED_BA_fee,892,26.87
IMPROVED_BA_fee,893,26.28
IMPROVED_BA_fee,894,27.11
IMPROVED_BA_fee,895,26.7
IMPROVED_BA_fee,896,27.14
IMPROVED_BA_fee,897,27.53
IMPROVED_BA_fee,898,26.11
IMPROVED_BA_fee,899,26.09
IMPROVED_BA_fee,900,28.0
IMPROVED_BA_fee,901,26.31
IMPROVED_BA_fee,902,25.98
IMPROVED_BA_fee,903,25.96
IMPROVED_BA_fee,904,26.49
IMPROVED_BA_fee,905,26.05
IMPROVED_BA_fee,906,26.01
IMPROVED_BA_fee,907,26.71
IMPROVED_BA_fee,908,27.69
IMPROVED_BA_fee,909,26.55
IMPROVED_BA_fee,910,26.41
IMPROVED_BA_fee,911,26.78
IMPROVED_BA_fee,912,26.98
IMPROVED_BA_fee,913,26.0
IMPROVED_BA_fee,914,26.77
IMPROVED_BA_fee,915,25.88
IMPROVED_BA_fee,916,26.95
IMPROVED_BA_fee,917,28.61
IMPROVED_BA_fee,918,26.45
IMPROVED_BA_fee,919,26.4
IMPROVED_BA_fee,920,26.53
IMPROVED_BA_fee,921,27.11
IMPROVED_BA_fee,922,26.82
IMPROVED_BA_fee,923,26.65
IMPROVED_BA_fee,924,27.45
IMPROVED_BA_fee,925,26.92
IMPROVED_BA_fee,926,26.4
IMPROVED_BA_fee,927,27.67
IMPROVED_BA_fee,928,26.3
IMPROVED_BA_fee,929,26.28
IMPROVED_BA_fee,930,27.99
IMPROVED_BA_fee,931,26.13
IMPROVED_BA_fee,932,26.54
IMPROVED_BA_fee,933,26.59
IMPROVED_BA_fee,934,26.39
IMPROVED_BA_fee,935,27.54
IMPROVED_BA_fee,936,26.86
IMPROVED_BA_fee,937,27.4
IMPROVED_BA_fee,938,26.73
IMPROVED_BA_fee,939,26.87
IMPROVED_BA_fee,940,26.38
IMPROVED_BA_fee,941,26.37
IMPROVED_BA_fee,942,27.56
IMPROVED_BA_fee,943,25.91
IMPROVED_BA_fee,944,26.72
IMPROVED_BA_fee,945,26.88
IMPROVED_BA_fee,946,26.4
IMPROVED_BA_fee,947,26.79
IMPROVED_BA_fee,948,26.11
IMPROVED_BA_fee,949,26.55
IMPROVED_BA_fee,950,26.93
IMPROVED_BA_fee,951,27.14
IMPROVED_BA_fee,952,26.63
IMPROVED_BA_fee,953,26.33
IMPROVED_BA_fee,954,26.58
IMPROVED_BA_fee,955,26.26
IMPROVED_BA_fee,956,27.12
IMPROVED_BA_fee,957,27.52
IMPROVED_BA_fee,958,27.81
IMPROVED_BA_fee,959,25.6
IMPROVED_BA_fee,960,26.51
IMPROVED_BA_fee,961,25.99
IMPROVED_BA_fee,962,25.82
IMPROVED_BA_fee,963,26.34
IMPROVED_BA_fee,964,26.76
IMPROVED_BA_fee,965,26.39
IMPROVED_BA_fee,966,26.63
IMPROVED_BA_fee,967,25.69
IMPROVED_BA_fee,968,26.56
IMPROVED_BA_fee,969,26.6
IMPROVED_BA_fee,971,26.16
IMPROVED_BA_fee,970,26.79
IMPROVED_BA_fee,972,26.01
IMPROVED_BA_fee,973,25.94
IMPROVED_BA_fee,974,25.78
IMPROVED_BA_fee,975,26.06
IMPROVED_BA_fee,976,26.3
IMPROVED_BA_fee,977,26.98
IMPROVED_BA_fee,978,27.28
IMPROVED_BA_fee,979,26.64
IMPROVED_BA_fee,980,25.88
IMPROVED_BA_fee,981,28.15
IMPROVED_BA_fee,982,25.48
IMPROVED_BA_fee,983,27.56
IMPROVED_BA_fee,984,27.59
IMPROVED_BA_fee,985,26.17
IMPROVED_BA_fee,986,26.27
IMPROVED_BA_fee,987,26.93
IMPROVED_BA_fee,988,27.93
IMPROVED_BA_fee,989,26.31
IMPROVED_BA_fee,990,26.74
IMPROVED_BA_fee,992,26.94
IMPROVED_BA_fee,991,27.82
IMPROVED_BA_fee,993,25.88
IMPROVED_BA_fee,994,28.17
IMPROVED_BA_fee,995,27.05
IMPROVED_BA_fee,996,26.76
IMPROVED_BA_fee,997,26.28
IMPROVED_BA_fee,998,26.64
IMPROVED_BA_fee,999,25.91
IMPROVED_AMM_fee,0,28.18
IMPROVED_AMM_fee,3,28.03
IMPROVED_AMM_fee,1,27.54
IMPROVED_AMM_fee,2,30.26
IMPROVED_AMM_fee,4,28.28
IMPROVED_AMM_fee,5,27.89
IMPROVED_AMM_fee,6,27.98
IMPROVED_AMM_fee,7,28.51
IMPROVED_AMM_fee,8,28.04
IMPROVED_AMM_fee,11,28.27
IMPROVED_AMM_fee,10,27.57
IMPROVED_AMM_fee,9,27.68
IMPROVED_AMM_fee,12,28.05
IMPROVED_AMM_fee,13,27.32
IMPROVED_AMM_fee,14,27.64
IMPROVED_AMM_fee,15,28.59
IMPROVED_AMM_fee,16,27.97
IMPROVED_AMM_fee,18,28.22
IMPROVED_AMM_fee,17,29.42
IMPROVED_AMM_fee,19,27.98
IMPROVED_AMM_fee,20,28.82
IMPROVED_AMM_fee,21,28.2
IMPROVED_AMM_fee,22,28.09
IMPROVED_AMM_fee,23,28.81
IMPROVED_AMM_fee,24,28.24
IMPROVED_AMM_fee,25,27.77
IMPROVED_AMM_fee,26,27.88
IMPROVED_AMM_fee,27,28.55
IMPROVED_AMM_fee,28,28.28
IMPROVED_AMM_fee,30,28.57
IMPROVED_AMM_fee,29,28.52
IMPROVED_AMM_fee,31,29.08
IMPROVED_AMM_fee,32,27.3
IMPROVED_AMM_fee,33,29.03
IMPROVED_AMM_fee,34,28.4
IMPROVED_AMM_fee,35,28.66
IMPROVED_AMM_fee,36,28.39
IMPROVED_AMM_fee,37,26.78
IMPROVED_AMM_fee,38,28.79
IMPROVED_AMM_fee,39,27.67
IMPROVED_AMM_fee,40,27.5
IMPROVED_AMM_fee,41,28.2
IMPROVED_AMM_fee,42,27.74
IMPROVED_AMM_fee,43,28.08
IMPROVED_AMM_fee,44,27.29
IMPROVED_AMM_fee,45,27.85
IMPROVED_AMM_fee,46,28.79
IMPROVED_AMM_fee,47,27.66
IMPROVED_AMM_fee,48,27.83
IMPROVED_AMM_fee,49,27.9
IMPROVED_AMM_fee,50,28.19
IMPROVED_AMM_fee,51,28.05
IMPROVED_AMM_fee,52,27.5
IMPROVED_AMM_fee,53,27.99
IMPROVED_AMM_fee,54,28.25
IMPROVED_AMM_fee,55,27.62
IMPROVED_AMM_fee,56,28.56
IMPROVED_AMM_fee,57,29.63
IMPROVED_AMM_fee,58,28.32
IMPROVED_AMM_fee,59,27.87
IMPROVED_AMM_fee,60,27.89
IMPROVED_AMM_fee,61,28.57
IMPROVED_AMM_fee,62,27.91
IMPROVED_AMM_fee,63,28.13
IMPROVED_AMM_fee,64,29.52
IMPROVED_AMM_fee,65,27.58
IMPROVED_AMM_fee,67,29.09
IMPROVED_AMM_fee,68,27.78
IMPROVED_AMM_fee,66,28.18
IMPROVED_AMM_fee,69,27.77
IMPROVED_AMM_fee,70,28.38
IMPROVED_AMM_fee,71,28.43
IMPROVED_AMM_fee,72,28.5
IMPROVED_AMM_fee,73,28.34
IMPROVED_AMM_fee,74,27.89
IMPROVED_AMM_fee,76,28.82
IMPROVED_AMM_fee,75,28.87
IMPROVED_AMM_fee,77,28.05
IMPROVED_AMM_fee,78,28.81
IMPROVED_AMM_fee,79,28.36
IMPROVED_AMM_fee,80,28.72
IMPROVED_AMM_fee,81,28.15
IMPROVED_AMM_fee,82,27.66
IMPROVED_AMM_fee,83,28.42
IMPROVED_AMM_fee,84,27.32
IMPROVED_AMM_fee,85,28.63
IMPROVED_AMM_fee,86,27.95
IMPROVED_AMM_fee,87,28.25
IMPROVED_AMM_fee,88,27.56
IMPROVED_AMM_fee,89,28.23
IMPROVED_AMM_fee,91,27.86
IMPROVED_AMM_fee,90,28.09
IMPROVED_AMM_fee,92,28.3
IMPROVED_AMM_fee,93,28.76
IMPROVED_AMM_fee,94,28.14
IMPROVED_AMM_fee,95,27.76
IMPROVED_AMM_fee,96,28.07
IMPROVED_AMM_fee,97,28.11
IMPROVED_AMM_fee,99,27.13
IMPROVED_AMM_fee,98,28.63
IMPROVED_AMM_fee,100,28.4
IMPROVED_AMM_fee,101,28.02
IMPROVED_AMM_fee,102,28.2
IMPROVED_AMM_fee,103,26.93
IMPROVED_AMM_fee,104,28.09
IMPROVED_AMM_fee,105,29.19
IMPROVED_AMM_fee,106,28.25
IMPROVED_AMM_fee,107,28.15
IMPROVED_AMM_fee,108,27.87
IMPROVED_AMM_fee,109,27.9
IMPROVED_AMM_fee,110,28.19
IMPROVED_AMM_fee,111,27.47
IMPROVED_AMM_fee,112,28.17
IMPROVED_AMM_fee,113,28.0
IMPROVED_AMM_fee,114,27.42
IMPROVED_AMM_fee,115,27.24
IMPROVED_AMM_fee,116,29.37
IMPROVED_AMM_fee,117,28.66
IMPROVED_AMM_fee,118,28.37
IMPROVED_AMM_fee,119,27.88
IMPROVED_AMM_fee,120,27.3
IMPROVED_AMM_fee,121,28.41
IMPROVED_AMM_fee,122,27.65
IMPROVED_AMM_fee,123,29.28
IMPROVED_AMM_fee,124,27.41
IMPROVED_AMM_fee,125,28.01
IMPROVED_AMM_fee,126,28.21
IMPROVED_AMM_fee,127,28.38
IMPROVED_AMM_fee,128,27.7
IMPROVED_AMM_fee,129,27.88
IMPROVED_AMM_fee,130,29.06
IMPROVED_AMM_fee,131,28.27
IMPROVED_AMM_fee,132,27.41
IMPROVED_AMM_fee,133,28.87
IMPROVED_AMM_fee,134,27.93
IMPROVED_AMM_fee,135,27.84
IMPROVED_AMM_fee,136,28.07
IMPROVED_AMM_fee,137,28.67
IMPROVED_AMM_fee,139,27.68
IMPROVED_AMM_fee,138,27.86
IMPROVED_AMM_fee,140,27.71
IMPROVED_AMM_fee,141,27.86
IMPROVED_AMM_fee,142,27.58
IMPROVED_AMM_fee,143,27.5
IMPROVED_AMM_fee,144,27.43
IMPROVED_AMM_fee,145,27.28
IMPROVED_AMM_fee,146,27.58
IMPROVED_AMM_fee,148,27.12
IMPROVED_AMM_fee,147,28.1
IMPROVED_AMM_fee,149,27.69
IMPROVED_AMM_fee,150,28.05
IMPROVED_AMM_fee,151,27.88
IMPROVED_AMM_fee,152,28.68
IMPROVED_AMM_fee,153,27.83
IMPROVED_AMM_fee,154,28.03
IMPROVED_AMM_fee,155,27.69
IMPROVED_AMM_fee,156,28.44
IMPROVED_AMM_fee,157,27.57
IMPROVED_AMM_fee,158,28.52
IMPROVED_AMM_fee,159,29.42
IMPROVED_AMM_fee,160,28.33
IMPROVED_AMM_fee,161,28.25
IMPROVED_AMM_fee,163,27.39
IMPROVED_AMM_fee,162,28.55
IMPROVED_AMM_fee,164,27.55
IMPROVED_AMM_fee,165,27.93
IMPROVED_AMM_fee,166,28.07
IMPROVED_AMM_fee,167,29.37
IMPROVED_AMM_fee,168,28.78
IMPROVED_AMM_fee,169,27.34
IMPROVED_AMM_fee,171,27.67
IMPROVED_AMM_fee,170,29.13
IMPROVED_AMM_fee,172,28.35
IMPROVED_AMM_fee,173,28.2
IMPROVED_AMM_fee,174,27.88
IMPROVED_AMM_fee,175,28.07
IMPROVED_AMM_fee,176,28.3
IMPROVED_AMM_fee,177,27.14
IMPROVED_AMM_fee,178,27.3
IMPROVED_AMM_fee,179,28.04
IMPROVED_AMM_fee,181,28.38
IMPROVED_AMM_fee,180,28.28
IMPROVED_AMM_fee,182,28.12
IMPROVED_AMM_fee,183,29.64
IMPROVED_AMM_fee,184,28.44
IMPROVED_AMM_fee,185,28.3
IMPROVED_AMM_fee,186,27.8
IMPROVED_AMM_fee,187,28.26
IMPROVED_AMM_fee,188,27.7
IMPROVED_AMM_fee,189,28.48
IMPROVED_AMM_fee,191,29.29
IMPROVED_AMM_fee,190,27.72
IMPROVED_AMM_fee,192,29.19
IMPROVED_AMM_fee,193,28.21
IMPROVED_AMM_fee,196,29.36
IMPROVED_AMM_fee,195,28.55
IMPROVED_AMM_fee,194,28.16
IMPROVED_AMM_fee,197,29.07
IMPROVED_AMM_fee,198,28.0
IMPROVED_AMM_fee,199,28.57
IMPROVED_AMM_fee,200,28.61
IMPROVED_AMM_fee,201,28.01
IMPROVED_AMM_fee,202,28.14
IMPROVED_AMM_fee,203,27.84
IMPROVED_AMM_fee,204,28.52
IMPROVED_AMM_fee,205,28.95
IMPROVED_AMM_fee,206,27.27
IMPROVED_AMM_fee,207,28.97
IMPROVED_AMM_fee,208,28.54
IMPROVED_AMM_fee,209,29.15
IMPROVED_AMM_fee,210,28.16
IMPROVED_AMM_fee,212,27.6
IMPROVED_AMM_fee,211,28.16
IMPROVED_AMM_fee,213,28.68
IMPROVED_AMM_fee,214,27.98
IMPROVED_AMM_fee,215,28.01
IMPROVED_AMM_fee,216,28.68
IMPROVED_AMM_fee,217,27.68
IMPROVED_AMM_fee,218,27.87
IMPROVED_AMM_fee,219,28.41
IMPROVED_AMM_fee,220,28.08
IMPROVED_AMM_fee,221,27.71
IMPROVED_AMM_fee,222,29.35
IMPROVED_AMM_fee,223,29.38
IMPROVED_AMM_fee,224,28.59
IMPROVED_AMM_fee,225,28.16
IMPROVED_AMM_fee,226,27.79
IMPROVED_AMM_fee,227,28.76
IMPROVED_AMM_fee,228,27.79
IMPROVED_AMM_fee,229,26.95
IMPROVED_AMM_fee,230,28.59
IMPROVED_AMM_fee,231,28.27
IMPROVED_AMM_fee,232,28.55
IMPROVED_AMM_fee,233,27.38
IMPROVED_AMM_fee,234,27.8
IMPROVED_AMM_fee,235,28.16
IMPROVED_AMM_fee,236,27.94
IMPROVED_AMM_fee,237,27.97
IMPROVED_AMM_fee,239,28.45
IMPROVED_AMM_fee,238,27.69
IMPROVED_AMM_fee,240,27.88
IMPROVED_AMM_fee,241,27.98
IMPROVED_AMM_fee,242,28.17
IMPROVED_AMM_fee,243,27.71
IMPROVED_AMM_fee,244,27.96
IMPROVED_AMM_fee,245,27.92
IMPROVED_AMM_fee,247,28.41
IMPROVED_AMM_fee,246,27.51
IMPROVED_AMM_fee,248,28.62
IMPROVED_AMM_fee,249,27.62
IMPROVED_AMM_fee,250,27.97
IMPROVED_AMM_fee,251,27.98
IMPROVED_AMM_fee,252,27.49
IMPROVED_AMM_fee,253,29.11
IMPROVED_AMM_fee,254,29.75
IMPROVED_AMM_fee,255,28.13
IMPROVED_AMM_fee,256,27.16
IMPROVED_AMM_fee,257,27.56
IMPROVED_AMM_fee,258,27.97
IMPROVED_AMM_fee,259,28.58
IMPROVED_AMM_fee,260,28.22
IMPROVED_AMM_fee,261,28.1
IMPROVED_AMM_fee,262,27.66
IMPROVED_AMM_fee,263,27.66
IMPROVED_AMM_fee,264,28.2
IMPROVED_AMM_fee,265,26.94
IMPROVED_AMM_fee,266,28.02
IMPROVED_AMM_fee,267,27.41
IMPROVED_AMM_fee,268,28.19
IMPROVED_AMM_fee,269,28.53
IMPROVED_AMM_fee,270,27.87
IMPROVED_AMM_fee,271,28.5
IMPROVED_AMM_fee,272,28.21
IMPROVED_AMM_fee,273,28.55
IMPROVED_AMM_fee,274,27.32
IMPROVED_AMM_fee,275,27.61
IMPROVED_AMM_fee,276,28.22
IMPROVED_AMM_fee,277,27.95
IMPROVED_AMM_fee,278,27.73
IMPROVED_AMM_fee,279,27.83
IMPROVED_AMM_fee,280,27.48
IMPROVED_AMM_fee,281,29.33
IMPROVED_AMM_fee,282,28.67
IMPROVED_AMM_fee,283,27.62
IMPROVED_AMM_fee,284,28.64
IMPROVED_AMM_fee,285,27.66
IMPROVED_AMM_fee,286,28.31
IMPROVED_AMM_fee,287,27.81
IMPROVED_AMM_fee,288,27.82
IMPROVED_AMM_fee,289,28.23
IMPROVED_AMM_fee,290,27.94
IMPROVED_AMM_fee,291,26.83
IMPROVED_AMM_fee,292,28.44
IMPROVED_AMM_fee,293,27.98
IMPROVED_AMM_fee,294,28.23
IMPROVED_AMM_fee,295,28.66
IMPROVED_AMM_fee,296,26.82
IMPROVED_AMM_fee,298,28.14
IMPROVED_AMM_fee,297,27.42
IMPROVED_AMM_fee,299,27.84
IMPROVED_AMM_fee,300,28.7
IMPROVED_AMM_fee,301,27.68
IMPROVED_AMM_fee,302,27.92
IMPROVED_AMM_fee,303,28.42
IMPROVED_AMM_fee,304,29.08
IMPROVED_AMM_fee,305,27.86
IMPROVED_AMM_fee,306,27.63
IMPROVED_AMM_fee,307,27.33
IMPROVED_AMM_fee,308,27.64
IMPROVED_AMM_fee,309,28.13
IMPROVED_AMM_fee,310,28.31
IMPROVED_AMM_fee,311,28.14
IMPROVED_AMM_fee,312,28.46
IMPROVED_AMM_fee,313,28.66
IMPROVED_AMM_fee,314,27.43
IMPROVED_AMM_fee,315,29.01
IMPROVED_AMM_fee,316,27.71
IMPROVED_AMM_fee,317,27.74
IMPROVED_AMM_fee,318,28.72
IMPROVED_AMM_fee,319,28.3
IMPROVED_AMM_fee,320,28.89
IMPROVED_AMM_fee,321,28.66
IMPROVED_AMM_fee,322,28.04
IMPROVED_AMM_fee,323,28.96
IMPROVED_AMM_fee,324,28.89
IMPROVED_AMM_fee,325,27.65
IMPROVED_AMM_fee,326,29.27
IMPROVED_AMM_fee,327,27.7
IMPROVED_AMM_fee,328,26.78
IMPROVED_AMM_fee,329,29.6
IMPROVED_AMM_fee,330,27.59
IMPROVED_AMM_fee,331,27.53
IMPROVED_AMM_fee,332,27.33
IMPROVED_AMM_fee,333,27.85
IMPROVED_AMM_fee,334,28.82
IMPROVED_AMM_fee,335,28.41
IMPROVED_AMM_fee,336,27.88
IMPROVED_AMM_fee,337,27.38
IMPROVED_AMM_fee,338,28.07
IMPROVED_AMM_fee,339,27.99
IMPROVED_AMM_fee,340,28.61
IMPROVED_AMM_fee,341,28.79
IMPROVED_AMM_fee,342,27.8
IMPROVED_AMM_fee,343,27.71
IMPROVED_AMM_fee,344,27.9
IMPROVED_AMM_fee,345,29.19
IMPROVED_AMM_fee,346,28.52
IMPROVED_AMM_fee,347,29.48
IMPROVED_AMM_fee,348,27.92
IMPROVED_AMM_fee,349,28.97
IMPROVED_AMM_fee,350,27.7
IMPROVED_AMM_fee,351,27.46
IMPROVED_AMM_fee,352,28.91
IMPROVED_AMM_fee,353,28.19
IMPROVED_AMM_fee,354,28.15
IMPROVED_AMM_fee,355,28.73
IMPROVED_AMM_fee,356,28.35
IMPROVED_AMM_fee,357,28.13
IMPROVED_AMM_fee,358,28.02
IMPROVED_AMM_fee,359,28.36
IMPROVED_AMM_fee,360,27.77
IMPROVED_AMM_fee,361,28.5
IMPROVED_AMM_fee,362,27.74
IMPROVED_AMM_fee,363,27.75
IMPROVED_AMM_fee,364,28.52
IMPROVED_AMM_fee,365,27.78
IMPROVED_AMM_fee,366,27.8
IMPROVED_AMM_fee,367,28.07
IMPROVED_AMM_fee,368,28.77
IMPROVED_AMM_fee,369,27.59
IMPROVED_AMM_fee,370,27.84
IMPROVED_AMM_fee,371,27.98
IMPROVED_AMM_fee,372,29.5
IMPROVED_AMM_fee,373,27.73
IMPROVED_AMM_fee,374,28.5
IMPROVED_AMM_fee,375,27.41
IMPROVED_AMM_fee,377,28.68
IMPROVED_AMM_fee,376,28.28
IMPROVED_AMM_fee,378,27.56
IMPROVED_AMM_fee,379,27.67
IMPROVED_AMM_fee,380,27.35
IMPROVED_AMM_fee,381,27.59
IMPROVED_AMM_fee,382,28.61
IMPROVED_AMM_fee,383,28.62
IMPROVED_AMM_fee,384,27.83
IMPROVED_AMM_fee,385,28.62
IMPROVED_AMM_fee,386,27.68
IMPROVED_AMM_fee,387,27.81
IMPROVED_AMM_fee,388,27.59
IMPROVED_AMM_fee,389,27.12
IMPROVED_AMM_fee,390,27.94
IMPROVED_AMM_fee,391,27.82
IMPROVED_AMM_fee,392,27.83
IMPROVED_AMM_fee,394,27.7
IMPROVED_AMM_fee,393,27.25
IMPROVED_AMM_fee,395,27.73
IMPROVED_AMM_fee,396,27.82
IMPROVED_AMM_fee,398,28.18
IMPROVED_AMM_fee,397,28.71
IMPROVED_AMM_fee,399,28.59
IMPROVED_AMM_fee,400,28.76
IMPROVED_AMM_fee,401,27.86
IMPROVED_AMM_fee,402,27.66
IMPROVED_AMM_fee,403,28.67
IMPROVED_AMM_fee,404,28.42
IMPROVED_AMM_fee,405,27.94
IMPROVED_AMM_fee,406,29.42
IMPROVED_AMM_fee,407,27.45
IMPROVED_AMM_fee,408,28.21
IMPROVED_AMM_fee,409,28.06
IMPROVED_AMM_fee,410,29.36
IMPROVED_AMM_fee,411,27.84
IMPROVED_AMM_fee,412,28.14
IMPROVED_AMM_fee,413,27.82
IMPROVED_AMM_fee,414,29.45
IMPROVED_AMM_fee,415,27.84
IMPROVED_AMM_fee,416,28.61
IMPROVED_AMM_fee,417,27.09
IMPROVED_AMM_fee,418,27.24
IMPROVED_AMM_fee,419,27.76
IMPROVED_AMM_fee,420,27.76
IMPROVED_AMM_fee,421,27.92
IMPROVED_AMM_fee,422,27.52
IMPROVED_AMM_fee,423,27.2
IMPROVED_AMM_fee,424,28.36
IMPROVED_AMM_fee,425,28.38
IMPROVED_AMM_fee,426,28.52
IMPROVED_AMM_fee,427,27.93
IMPROVED_AMM_fee,428,28.45
IMPROVED_AMM_fee,429,29.23
IMPROVED_AMM_fee,430,27.65
IMPROVED_AMM_fee,431,28.05
IMPROVED_AMM_fee,432,27.83
IMPROVED_AMM_fee,433,27.91
IMPROVED_AMM_fee,434,27.82
IMPROVED_AMM_fee,435,28.2
IMPROVED_AMM_fee,436,27.29
IMPROVED_AMM_fee,437,28.77
IMPROVED_AMM_fee,438,27.81
IMPROVED_AMM_fee,439,28.1
IMPROVED_AMM_fee,440,27.85
IMPROVED_AMM_fee,441,29.32
IMPROVED_AMM_fee,442,28.26
IMPROVED_AMM_fee,443,28.57
IMPROVED_AMM_fee,445,28.08
IMPROVED_AMM_fee,444,27.67
IMPROVED_AMM_fee,446,27.48
IMPROVED_AMM_fee,447,28.29
IMPROVED_AMM_fee,448,27.6
IMPROVED_AMM_fee,449,27.88
IMPROVED_AMM_fee,450,28.33
IMPROVED_AMM_fee,451,27.63
IMPROVED_AMM_fee,452,27.84
IMPROVED_AMM_fee,453,28.05
IMPROVED_AMM_fee,454,28.31
IMPROVED_AMM_fee,455,27.54
IMPROVED_AMM_fee,456,28.11
IMPROVED_AMM_fee,457,28.96
IMPROVED_AMM_fee,458,28.38
IMPROVED_AMM_fee,459,27.83
IMPROVED_AMM_fee,460,27.65
IMPROVED_AMM_fee,461,28.52
IMPROVED_AMM_fee,462,28.82
IMPROVED_AMM_fee,463,27.74
IMPROVED_AMM_fee,464,28.79
IMPROVED_AMM_fee,465,28.27
IMPROVED_AMM_fee,466,27.76
IMPROVED_AMM_fee,467,28.28
IMPROVED_AMM_fee,468,28.3
IMPROVED_AMM_fee,469,28.3
IMPROVED_AMM_fee,470,27.57
IMPROVED_AMM_fee,471,27.45
IMPROVED_AMM_fee,472,27.91
IMPROVED_AMM_fee,473,28.35
IMPROVED_AMM_fee,474,27.26
IMPROVED_AMM_fee,475,28.24
IMPROVED_AMM_fee,476,28.07
IMPROVED_AMM_fee,477,27.68
IMPROVED_AMM_fee,478,29.27
IMPROVED_AMM_fee,479,27.4
IMPROVED_AMM_fee,480,28.32
IMPROVED_AMM_fee,481,28.2
IMPROVED_AMM_fee,482,28.2
IMPROVED_AMM_fee,483,28.08
IMPROVED_AMM_fee,484,27.54
IMPROVED_AMM_fee,485,28.75
IMPROVED_AMM_fee,486,27.72
IMPROVED_AMM_fee,487,27.91
IMPROVED_AMM_fee,488,28.63
IMPROVED_AMM_fee,489,28.32
IMPROVED_AMM_fee,490,27.97
IMPROVED_AMM_fee,491,26.57
IMPROVED_AMM_fee,492,27.92
IMPROVED_AMM_fee,493,28.92
IMPROVED_AMM_fee,494,27.82
IMPROVED_AMM_fee,495,27.72
IMPROVED_AMM_fee,496,28.84
IMPROVED_AMM_fee,497,28.9
IMPROVED_AMM_fee,498,28.03
IMPROVED_AMM_fee,499,28.35
IMPROVED_AMM_fee,500,27.22
IMPROVED_AMM_fee,501,27.06
IMPROVED_AMM_fee,502,28.68
IMPROVED_AMM_fee,503,28.29
IMPROVED_AMM_fee,504,28.21
IMPROVED_AMM_fee,505,29.08
IMPROVED_AMM_fee,506,27.42
IMPROVED_AMM_fee,507,28.14
IMPROVED_AMM_fee,508,27.93
IMPROVED_AMM_fee,509,27.56
IMPROVED_AMM_fee,510,27.22
IMPROVED_AMM_fee,511,27.81
IMPROVED_AMM_fee,512,28.03
IMPROVED_AMM_fee,513,28.63
IMPROVED_AMM_fee,514,27.77
IMPROVED_AMM_fee,515,27.86
IMPROVED_AMM_fee,516,27.33
IMPROVED_AMM_fee,517,27.39
IMPROVED_AMM_fee,518,27.93
IMPROVED_AMM_fee,519,28.76
IMPROVED_AMM_fee,520,27.48
IMPROVED_AMM_fee,521,28.35
IMPROVED_AMM_fee,522,28.06
IMPROVED_AMM_fee,524,28.6
IMPROVED_AMM_fee,523,28.58
IMPROVED_AMM_fee,525,28.19
IMPROVED_AMM_fee,527,28.22
IMPROVED_AMM_fee,526,28.12
IMPROVED_AMM_fee,528,28.62
IMPROVED_AMM_fee,529,27.65
IMPROVED_AMM_fee,530,28.46
IMPROVED_AMM_fee,531,28.19
IMPROVED_AMM_fee,532,28.02
IMPROVED_AMM_fee,533,28.53
IMPROVED_AMM_fee,535,28.35
IMPROVED_AMM_fee,534,28.05
IMPROVED_AMM_fee,536,28.14
IMPROVED_AMM_fee,537,29.22
IMPROVED_AMM_fee,538,27.56
IMPROVED_AMM_fee,539,27.71
IMPROVED_AMM_fee,540,27.39
IMPROVED_AMM_fee,541,28.3
IMPROVED_AMM_fee,542,28.51
IMPROVED_AMM_fee,543,28.94
IMPROVED_AMM_fee,544,27.96
IMPROVED_AMM_fee,545,28.17
IMPROVED_AMM_fee,546,29.0
IMPROVED_AMM_fee,547,28.15
IMPROVED_AMM_fee,548,28.29
IMPROVED_AMM_fee,549,27.52
IMPROVED_AMM_fee,550,29.29
IMPROVED_AMM_fee,551,27.83
IMPROVED_AMM_fee,552,27.4
IMPROVED_AMM_fee,553,28.23
IMPROVED_AMM_fee,554,27.59
IMPROVED_AMM_fee,555,27.71
IMPROVED_AMM_fee,556,28.37
IMPROVED_AMM_fee,557,29.37
IMPROVED_AMM_fee,558,27.7
IMPROVED_AMM_fee,559,27.95
IMPROVED_AMM_fee,560,27.6
IMPROVED_AMM_fee,561,28.11
IMPROVED_AMM_fee,562,27.24
IMPROVED_AMM_fee,563,28.34
IMPROVED_AMM_fee,564,27.7
IMPROVED_AMM_fee,565,28.16
IMPROVED_AMM_fee,566,27.85
IMPROVED_AMM_fee,567,27.86
IMPROVED_AMM_fee,568,29.28
IMPROVED_AMM_fee,569,27.45
IMPROVED_AMM_fee,570,28.16
IMPROVED_AMM_fee,571,27.13
IMPROVED_AMM_fee,572,27.65
IMPROVED_AMM_fee,573,27.46
IMPROVED_AMM_fee,574,28.74
IMPROVED_AMM_fee,575,27.88
IMPROVED_AMM_fee,576,28.01
IMPROVED_AMM_fee,577,28.47
IMPROVED_AMM_fee,578,28.81
IMPROVED_AMM_fee,579,28.36
IMPROVED_AMM_fee,580,29.5
IMPROVED_AMM_fee,581,27.98
IMPROVED_AMM_fee,582,28.27
IMPROVED_AMM_fee,583,27.69
IMPROVED_AMM_fee,584,27.92
IMPROVED_AMM_fee,585,28.15
IMPROVED_AMM_fee,586,28.52
IMPROVED_AMM_fee,587,28.19
IMPROVED_AMM_fee,588,28.57
IMPROVED_AMM_fee,589,28.4
IMPROVED_AMM_fee,591,27.66
IMPROVED_AMM_fee,590,28.41
IMPROVED_AMM_fee,592,27.48
IMPROVED_AMM_fee,593,27.51
IMPROVED_AMM_fee,594,27.74
IMPROVED_AMM_fee,595,28.39
IMPROVED_AMM_fee,596,28.41
IMPROVED_AMM_fee,597,27.48
IMPROVED_AMM_fee,598,27.67
IMPROVED_AMM_fee,599,28.13
IMPROVED_AMM_fee,600,28.19
IMPROVED_AMM_fee,601,27.67
IMPROVED_AMM_fee,602,28.26
IMPROVED_AMM_fee,603,28.28
IMPROVED_AMM_fee,604,28.62
IMPROVED_AMM_fee,605,27.98
IMPROVED_AMM_fee,608,28.51
IMPROVED_AMM_fee,606,27.6
IMPROVED_AMM_fee,607,28.02
IMPROVED_AMM_fee,609,28.39
IMPROVED_AMM_fee,610,28.77
IMPROVED_AMM_fee,611,28.19
IMPROVED_AMM_fee,612,28.65
IMPROVED_AMM_fee,613,27.95
IMPROVED_AMM_fee,614,27.25
IMPROVED_AMM_fee,615,28.37
IMPROVED_AMM_fee,616,28.78
IMPROVED_AMM_fee,617,27.6
IMPROVED_AMM_fee,618,28.91
IMPROVED_AMM_fee,619,28.91
IMPROVED_AMM_fee,620,28.93
IMPROVED_AMM_fee,622,27.26
IMPROVED_AMM_fee,621,28.18
IMPROVED_AMM_fee,623,28.9
IMPROVED_AMM_fee,624,28.35
IMPROVED_AMM_fee,625,28.07
IMPROVED_AMM_fee,626,28.66
IMPROVED_AMM_fee,627,27.86
IMPROVED_AMM_fee,628,27.62
IMPROVED_AMM_fee,629,27.66
IMPROVED_AMM_fee,630,28.92
IMPROVED_AMM_fee,631,28.67
IMPROVED_AMM_fee,632,28.23
IMPROVED_AMM_fee,633,28.54
IMPROVED_AMM_fee,634,27.87
IMPROVED_AMM_fee,635,27.67
IMPROVED_AMM_fee,636,28.08
IMPROVED_AMM_fee,637,27.95
IMPROVED_AMM_fee,638,27.18
IMPROVED_AMM_fee,639,27.89
IMPROVED_AMM_fee,640,27.96
IMPROVED_AMM_fee,641,27.21
IMPROVED_AMM_fee,642,27.79
IMPROVED_AMM_fee,643,27.47
IMPROVED_AMM_fee,644,29.08
IMPROVED_AMM_fee,645,27.73
IMPROVED_AMM_fee,646,27.89
IMPROVED_AMM_fee,647,28.78
IMPROVED_AMM_fee,648,28.78
IMPROVED_AMM_fee,649,27.7
IMPROVED_AMM_fee,650,27.56
IMPROVED_AMM_fee,651,27.54
IMPROVED_AMM_fee,652,28.21
IMPROVED_AMM_fee,653,28.22
IMPROVED_AMM_fee,654,28.31
IMPROVED_AMM_fee,655,27.77
IMPROVED_AMM_fee,656,27.65
IMPROVED_AMM_fee,657,27.63
IMPROVED_AMM_fee,658,27.94
IMPROVED_AMM_fee,659,28.67
IMPROVED_AMM_fee,660,28.31
IMPROVED_AMM_fee,661,27.76
IMPROVED_AMM_fee,663,28.55
IMPROVED_AMM_fee,662,28.47
IMPROVED_AMM_fee,664,28.26
IMPROVED_AMM_fee,665,28.38
IMPROVED_AMM_fee,666,28.09
IMPROVED_AMM_fee,667,27.45
IMPROVED_AMM_fee,668,27.25
IMPROVED_AMM_fee,669,27.47
IMPROVED_AMM_fee,670,27.54
IMPROVED_AMM_fee,671,28.05
IMPROVED_AMM_fee,672,28.63
IMPROVED_AMM_fee,673,29.44
IMPROVED_AMM_fee,674,28.59
IMPROVED_AMM_fee,675,28.18
IMPROVED_AMM_fee,676,28.87
IMPROVED_AMM_fee,677,28.12
IMPROVED_AMM_fee,678,28.51
IMPROVED_AMM_fee,679,27.89
IMPROVED_AMM_fee,680,27.63
IMPROVED_AMM_fee,681,28.42
IMPROVED_AMM_fee,682,26.65
IMPROVED_AMM_fee,683,28.82
IMPROVED_AMM_fee,684,28.18
IMPROVED_AMM_fee,685,27.88
IMPROVED_AMM_fee,686,27.93
IMPROVED_AMM_fee,687,27.67
IMPROVED_AMM_fee,688,28.48
IMPROVED_AMM_fee,689,28.65
IMPROVED_AMM_fee,690,28.12
IMPROVED_AMM_fee,691,29.18
IMPROVED_AMM_fee,692,28.68
IMPROVED_AMM_fee,693,28.42
IMPROVED_AMM_fee,694,28.3
IMPROVED_AMM_fee,695,27.59
IMPROVED_AMM_fee,696,27.75
IMPROVED_AMM_fee,697,28.8
IMPROVED_AMM_fee,698,27.62
IMPROVED_AMM_fee,699,28.18
IMPROVED_AMM_fee,700,28.16
IMPROVED_AMM_fee,701,28.09
IMPROVED_AMM_fee,702,28.01
IMPROVED_AMM_fee,703,28.32
IMPROVED_AMM_fee,704,29.0
IMPROVED_AMM_fee,705,27.47
IMPROVED_AMM_fee,706,28.4
IMPROVED_AMM_fee,707,28.24
IMPROVED_AMM_fee,708,28.21
IMPROVED_AMM_fee,709,28.08
IMPROVED_AMM_fee,710,28.11
IMPROVED_AMM_fee,711,28.23
IMPROVED_AMM_fee,712,27.63
IMPROVED_AMM_fee,713,28.56
IMPROVED_AMM_fee,714,29.12
IMPROVED_AMM_fee,715,27.92
IMPROVED_AMM_fee,716,27.71
IMPROVED_AMM_fee,717,27.67
IMPROVED_AMM_fee,718,28.94
IMPROVED_AMM_fee,719,28.26
IMPROVED_AMM_fee,720,28.48
IMPROVED_AMM_fee,721,27.96
IMPROVED_AMM_fee,722,27.94
IMPROVED_AMM_fee,723,27.71
IMPROVED_AMM_fee,724,28.63
IMPROVED_AMM_fee,725,27.55
IMPROVED_AMM_fee,726,27.86
IMPROVED_AMM_fee,727,28.66
IMPROVED_AMM_fee,728,28.06
IMPROVED_AMM_fee,729,28.28
IMPROVED_AMM_fee,730,27.62
IMPROVED_AMM_fee,731,28.35
IMPROVED_AMM_fee,732,27.43
IMPROVED_AMM_fee,733,28.18
IMPROVED_AMM_fee,734,28.86
IMPROVED_AMM_fee,735,27.48
IMPROVED_AMM_fee,736,28.99
IMPROVED_AMM_fee,737,28.41
IMPROVED_AMM_fee,738,28.01
IMPROVED_AMM_fee,739,27.93
IMPROVED_AMM_fee,740,27.46
IMPROVED_AMM_fee,741,28.22
IMPROVED_AMM_fee,742,28.17
IMPROVED_AMM_fee,743,28.96
IMPROVED_AMM_fee,744,28.32
IMPROVED_AMM_fee,745,27.73
IMPROVED_AMM_fee,746,27.81
IMPROVED_AMM_fee,747,28.13
IMPROVED_AMM_fee,748,28.23
IMPROVED_AMM_fee,749,27.89
IMPROVED_AMM_fee,750,28.93
IMPROVED_AMM_fee,751,28.06
IMPROVED_AMM_fee,752,27.94
IMPROVED_AMM_fee,753,28.95
IMPROVED_AMM_fee,755,27.73
IMPROVED_AMM_fee,754,28.07
IMPROVED_AMM_fee,757,28.77
IMPROVED_AMM_fee,756,28.51
IMPROVED_AMM_fee,758,27.86
IMPROVED_AMM_fee,759,29.18
IMPROVED_AMM_fee,760,28.56
IMPROVED_AMM_fee,761,28.17
IMPROVED_AMM_fee,762,28.77
IMPROVED_AMM_fee,763,26.94
IMPROVED_AMM_fee,764,27.34
IMPROVED_AMM_fee,765,27.78
IMPROVED_AMM_fee,766,27.68
IMPROVED_AMM_fee,767,28.54
IMPROVED_AMM_fee,768,28.37
IMPROVED_AMM_fee,769,28.74
IMPROVED_AMM_fee,770,27.63
IMPROVED_AMM_fee,771,27.99
IMPROVED_AMM_fee,772,27.93
IMPROVED_AMM_fee,773,27.37
IMPROVED_AMM_fee,774,28.99
IMPROVED_AMM_fee,775,28.31
IMPROVED_AMM_fee,776,28.94
IMPROVED_AMM_fee,777,27.58
IMPROVED_AMM_fee,778,28.36
IMPROVED_AMM_fee,779,29.11
IMPROVED_AMM_fee,780,27.71
IMPROVED_AMM_fee,781,27.57
IMPROVED_AMM_fee,782,28.44
IMPROVED_AMM_fee,783,27.0
IMPROVED_AMM_fee,784,28.18
IMPROVED_AMM_fee,785,29.47
IMPROVED_AMM_fee,786,27.7
IMPROVED_AMM_fee,787,27.93
IMPROVED_AMM_fee,788,28.4
IMPROVED_AMM_fee,789,26.87
IMPROVED_AMM_fee,790,27.37
IMPROVED_AMM_fee,791,28.27
IMPROVED_AMM_fee,792,27.71
IMPROVED_AMM_fee,793,27.41
IMPROVED_AMM_fee,794,27.49
IMPROVED_AMM_fee,795,28.21
IMPROVED_AMM_fee,796,27.71
IMPROVED_AMM_fee,797,29.19
IMPROVED_AMM_fee,798,29.04
IMPROVED_AMM_fee,799,28.19
IMPROVED_AMM_fee,800,28.2
IMPROVED_AMM_fee,801,28.77
IMPROVED_AMM_fee,802,27.88
IMPROVED_AMM_fee,803,28.55
IMPROVED_AMM_fee,804,28.07
IMPROVED_AMM_fee,805,28.58
IMPROVED_AMM_fee,806,27.68
IMPROVED_AMM_fee,807,28.01
IMPROVED_AMM_fee,809,28.02
IMPROVED_AMM_fee,808,29.21
IMPROVED_AMM_fee,810,27.97
IMPROVED_AMM_fee,811,28.39
IMPROVED_AMM_fee,812,28.65
IMPROVED_AMM_fee,813,28.02
IMPROVED_AMM_fee,814,28.1
IMPROVED_AMM_fee,815,28.73
IMPROVED_AMM_fee,816,28.5
IMPROVED_AMM_fee,817,28.97
IMPROVED_AMM_fee,818,27.8
IMPROVED_AMM_fee,819,28.44
IMPROVED_AMM_fee,820,27.95
IMPROVED_AMM_fee,821,27.71
IMPROVED_AMM_fee,822,28.78
IMPROVED_AMM_fee,823,28.36
IMPROVED_AMM_fee,824,28.34
IMPROVED_AMM_fee,825,27.88
IMPROVED_AMM_fee,826,27.59
IMPROVED_AMM_fee,827,28.64
IMPROVED_AMM_fee,828,27.7
IMPROVED_AMM_fee,829,28.25
IMPROVED_AMM_fee,830,28.62
IMPROVED_AMM_fee,831,27.8
IMPROVED_AMM_fee,832,28.39
IMPROVED_AMM_fee,833,27.49
IMPROVED_AMM_fee,834,27.95
IMPROVED_AMM_fee,835,28.63
IMPROVED_AMM_fee,836,28.52
IMPROVED_AMM_fee,837,27.59
IMPROVED_AMM_fee,838,28.05
IMPROVED_AMM_fee,839,28.05
IMPROVED_AMM_fee,840,27.74
IMPROVED_AMM_fee,841,28.52
IMPROVED_AMM_fee,842,28.39
IMPROVED_AMM_fee,843,27.88
IMPROVED_AMM_fee,844,28.38
IMPROVED_AMM_fee,845,27.92
IMPROVED_AMM_fee,846,28.93
IMPROVED_AMM_fee,847,28.53
IMPROVED_AMM_fee,848,27.63
IMPROVED_AMM_fee,849,28.59
IMPROVED_AMM_fee,850,27.28
IMPROVED_AMM_fee,851,28.42
IMPROVED_AMM_fee,852,27.86
IMPROVED_AMM_fee,853,28.11
IMPROVED_AMM_fee,854,28.43
IMPROVED_AMM_fee,855,28.77
IMPROVED_AMM_fee,856,28.06
IMPROVED_AMM_fee,857,28.29
IMPROVED_AMM_fee,858,28.36
IMPROVED_AMM_fee,859,27.76
IMPROVED_AMM_fee,860,28.57
IMPROVED_AMM_fee,861,28.35
IMPROVED_AMM_fee,862,29.43
IMPROVED_AMM_fee,863,26.83
IMPROVED_AMM_fee,864,27.85
IMPROVED_AMM_fee,865,28.35
IMPROVED_AMM_fee,866,28.18
IMPROVED_AMM_fee,867,28.51
IMPROVED_AMM_fee,868,29.12
IMPROVED_AMM_fee,869,28.16
IMPROVED_AMM_fee,870,29.0
IMPROVED_AMM_fee,871,27.84
IMPROVED_AMM_fee,872,28.31
IMPROVED_AMM_fee,873,28.15
IMPROVED_AMM_fee,874,28.21
IMPROVED_AMM_fee,875,28.51
IMPROVED_AMM_fee,876,27.44
IMPROVED_AMM_fee,877,29.09
IMPROVED_AMM_fee,878,28.61
IMPROVED_AMM_fee,879,27.88
IMPROVED_AMM_fee,880,26.93
IMPROVED_AMM_fee,881,27.93
IMPROVED_AMM_fee,882,28.53
IMPROVED_AMM_fee,883,26.76
IMPROVED_AMM_fee,884,28.15
IMPROVED_AMM_fee,885,28.51
IMPROVED_AMM_fee,886,28.89
IMPROVED_AMM_fee,887,28.15
IMPROVED_AMM_fee,888,28.62
IMPROVED_AMM_fee,889,27.87
IMPROVED_AMM_fee,890,26.99
IMPROVED_AMM_fee,891,28.55
IMPROVED_AMM_fee,892,27.81
IMPROVED_AMM_fee,893,28.13
IMPROVED_AMM_fee,894,27.67
IMPROVED_AMM_fee,895,28.79
IMPROVED_AMM_fee,896,27.77
IMPROVED_AMM_fee,897,27.72
IMPROVED_AMM_fee,898,27.44
IMPROVED_AMM_fee,899,28.8
IMPROVED_AMM_fee,900,28.63
IMPROVED_AMM_fee,901,27.29
IMPROVED_AMM_fee,902,28.9
IMPROVED_AMM_fee,903,27.46
IMPROVED_AMM_fee,904,27.96
IMPROVED_AMM_fee,905,27.43
IMPROVED_AMM_fee,906,27.96
IMPROVED_AMM_fee,907,28.39
IMPROVED_AMM_fee,908,28.55
IMPROVED_AMM_fee,909,27.53
IMPROVED_AMM_fee,910,27.27
IMPROVED_AMM_fee,911,28.37
IMPROVED_AMM_fee,912,28.17
IMPROVED_AMM_fee,913,28.05
IMPROVED_AMM_fee,914,28.91
IMPROVED_AMM_fee,915,27.08
IMPROVED_AMM_fee,916,27.2
IMPROVED_AMM_fee,917,27.91
IMPROVED_AMM_fee,918,28.67
IMPROVED_AMM_fee,920,27.76
IMPROVED_AMM_fee,919,27.61
IMPROVED_AMM_fee,921,28.35
IMPROVED_AMM_fee,922,28.12
IMPROVED_AMM_fee,923,28.31
IMPROVED_AMM_fee,924,29.31
IMPROVED_AMM_fee,925,27.51
IMPROVED_AMM_fee,926,27.77
IMPROVED_AMM_fee,927,29.08
IMPROVED_AMM_fee,928,27.31
IMPROVED_AMM_fee,929,27.83
IMPROVED_AMM_fee,930,28.44
IMPROVED_AMM_fee,931,28.55
IMPROVED_AMM_fee,932,28.36
IMPROVED_AMM_fee,933,28.13
IMPROVED_AMM_fee,934,27.74
IMPROVED_AMM_fee,935,28.38
IMPROVED_AMM_fee,936,28.39
IMPROVED_AMM_fee,937,29.49
IMPROVED_AMM_fee,938,28.1
IMPROVED_AMM_fee,939,28.59
IMPROVED_AMM_fee,940,27.77
IMPROVED_AMM_fee,941,27.88
IMPROVED_AMM_fee,942,28.18
IMPROVED_AMM_fee,943,27.71
IMPROVED_AMM_fee,944,27.74
IMPROVED_AMM_fee,945,29.0
IMPROVED_AMM_fee,946,27.81
IMPROVED_AMM_fee,947,27.7
IMPROVED_AMM_fee,948,27.68
IMPROVED_AMM_fee,949,28.04
IMPROVED_AMM_fee,950,27.31
IMPROVED_AMM_fee,951,28.38
IMPROVED_AMM_fee,952,28.76
IMPROVED_AMM_fee,953,28.06
IMPROVED_AMM_fee,954,26.9
IMPROVED_AMM_fee,955,28.04
IMPROVED_AMM_fee,956,28.1
IMPROVED_AMM_fee,957,27.91
IMPROVED_AMM_fee,958,28.24
IMPROVED_AMM_fee,959,27.53
IMPROVED_AMM_fee,960,27.81
IMPROVED_AMM_fee,961,28.51
IMPROVED_AMM_fee,962,28.31
IMPROVED_AMM_fee,963,27.64
IMPROVED_AMM_fee,964,27.42
IMPROVED_AMM_fee,965,27.21
IMPROVED_AMM_fee,966,27.59
IMPROVED_AMM_fee,967,28.01
IMPROVED_AMM_fee,968,27.16
IMPROVED_AMM_fee,969,27.73
IMPROVED_AMM_fee,970,27.83
IMPROVED_AMM_fee,971,27.6
IMPROVED_AMM_fee,972,28.56
IMPROVED_AMM_fee,973,28.4
IMPROVED_AMM_fee,974,27.07
IMPROVED_AMM_fee,975,27.77
IMPROVED_AMM_fee,976,28.42
IMPROVED_AMM_fee,977,27.43
IMPROVED_AMM_fee,978,28.01
IMPROVED_AMM_fee,980,27.76
IMPROVED_AMM_fee,979,27.73
IMPROVED_AMM_fee,981,28.46
IMPROVED_AMM_fee,982,28.42
IMPROVED_AMM_fee,983,28.49
IMPROVED_AMM_fee,984,28.25
IMPROVED_AMM_fee,985,27.13
IMPROVED_AMM_fee,986,27.46
IMPROVED_AMM_fee,987,28.17
IMPROVED_AMM_fee,988,27.55
IMPROVED_AMM_fee,989,28.96
IMPROVED_AMM_fee,990,27.94
IMPROVED_AMM_fee,991,28.49
IMPROVED_AMM_fee,992,28.62
IMPROVED_AMM_fee,994,28.75
IMPROVED_AMM_fee,993,28.56
IMPROVED_AMM_fee,995,28.42
IMPROVED_AMM_fee,996,28.06
IMPROVED_AMM_fee,997,27.94
IMPROVED_AMM_fee,998,27.4
IMPROVED_AMM_fee,999,28.29
IMPROVED_OB_fee,0,30.44
IMPROVED_OB_fee,1,29.9
IMPROVED_OB_fee,2,30.28
IMPROVED_OB_fee,4,29.96
IMPROVED_OB_fee,3,30.22
IMPROVED_OB_fee,6,29.75
IMPROVED_OB_fee,5,30.24
IMPROVED_OB_fee,7,30.2
IMPROVED_OB_fee,8,30.0
IMPROVED_OB_fee,9,29.85
IMPROVED_OB_fee,10,30.19
IMPROVED_OB_fee,11,30.4
IMPROVED_OB_fee,12,29.93
IMPROVED_OB_fee,14,30.08
IMPROVED_OB_fee,13,30.29
IMPROVED_OB_fee,15,30.37
IMPROVED_OB_fee,16,29.86
IMPROVED_OB_fee,17,30.3
IMPROVED_OB_fee,18,30.27
IMPROVED_OB_fee,19,30.04
IMPROVED_OB_fee,20,30.33
IMPROVED_OB_fee,22,30.04
IMPROVED_OB_fee,21,29.83
IMPROVED_OB_fee,23,30.28
IMPROVED_OB_fee,24,30.31
IMPROVED_OB_fee,25,30.26
IMPROVED_OB_fee,26,29.85
IMPROVED_OB_fee,27,30.28
IMPROVED_OB_fee,28,29.85
IMPROVED_OB_fee,29,29.92
IMPROVED_OB_fee,30,30.07
IMPROVED_OB_fee,31,30.2
IMPROVED_OB_fee,32,29.98
IMPROVED_OB_fee,33,29.9
IMPROVED_OB_fee,34,29.76
IMPROVED_OB_fee,35,30.22
IMPROVED_OB_fee,36,30.19
IMPROVED_OB_fee,37,30.01
IMPROVED_OB_fee,38,29.89
IMPROVED_OB_fee,39,30.13
IMPROVED_OB_fee,40,29.97
IMPROVED_OB_fee,41,30.09
IMPROVED_OB_fee,42,30.06
IMPROVED_OB_fee,43,30.39
IMPROVED_OB_fee,44,29.84
IMPROVED_OB_fee,45,29.77
IMPROVED_OB_fee,46,30.41
IMPROVED_OB_fee,47,30.08
IMPROVED_OB_fee,48,30.1
IMPROVED_OB_fee,49,30.11
IMPROVED_OB_fee,50,30.24
IMPROVED_OB_fee,51,29.58
IMPROVED_OB_fee,52,29.9
IMPROVED_OB_fee,53,30.14
IMPROVED_OB_fee,54,30.18
IMPROVED_OB_fee,55,30.02
IMPROVED_OB_fee,56,30.31
IMPROVED_OB_fee,57,30.41
IMPROVED_OB_fee,58,30.07
IMPROVED_OB_fee,59,30.08
IMPROVED_OB_fee,60,30.15
IMPROVED_OB_fee,61,29.9
IMPROVED_OB_fee,62,30.07
IMPROVED_OB_fee,63,29.98
IMPROVED_OB_fee,64,30.29
IMPROVED_OB_fee,65,30.06
IMPROVED_OB_fee,66,29.89
IMPROVED_OB_fee,67,30.32
IMPROVED_OB_fee,68,30.21
IMPROVED_OB_fee,69,30.06
IMPROVED_OB_fee,70,30.12
IMPROVED_OB_fee,71,30.47
IMPROVED_OB_fee,72,30.23
IMPROVED_OB_fee,73,30.22
IMPROVED_OB_fee,74,29.92
IMPROVED_OB_fee,75,30.36
IMPROVED_OB_fee,77,30.34
IMPROVED_OB_fee,76,29.97
IMPROVED_OB_fee,78,30.04
IMPROVED_OB_fee,79,30.39
IMPROVED_OB_fee,80,30.04
IMPROVED_OB_fee,81,29.79
IMPROVED_OB_fee,82,30.15
IMPROVED_OB_fee,83,30.11
IMPROVED_OB_fee,84,30.38
IMPROVED_OB_fee,85,30.13
IMPROVED_OB_fee,86,29.97
IMPROVED_OB_fee,87,29.51
IMPROVED_OB_fee,88,30.37
IMPROVED_OB_fee,89,30.22
IMPROVED_OB_fee,90,30.09
IMPROVED_OB_fee,91,30.0
IMPROVED_OB_fee,92,30.0
IMPROVED_OB_fee,93,30.27
IMPROVED_OB_fee,94,30.7
IMPROVED_OB_fee,95,29.86
IMPROVED_OB_fee,96,30.21
IMPROVED_OB_fee,97,30.05
IMPROVED_OB_fee,98,30.64
IMPROVED_OB_fee,99,29.93
IMPROVED_OB_fee,100,30.03
IMPROVED_OB_fee,102,30.06
IMPROVED_OB_fee,101,29.97
IMPROVED_OB_fee,103,29.99
IMPROVED_OB_fee,104,30.29
IMPROVED_OB_fee,105,30.02
IMPROVED_OB_fee,106,29.99
IMPROVED_OB_fee,107,30.02
IMPROVED_OB_fee,108,29.93
IMPROVED_OB_fee,109,30.25
IMPROVED_OB_fee,110,30.19
IMPROVED_OB_fee,111,29.94
IMPROVED_OB_fee,112,30.17
IMPROVED_OB_fee,113,29.82
IMPROVED_OB_fee,114,29.66
IMPROVED_OB_fee,115,29.54
IMPROVED_OB_fee,116,30.3
IMPROVED_OB_fee,117,30.02
IMPROVED_OB_fee,118,30.1
IMPROVED_OB_fee,119,29.89
IMPROVED_OB_fee,120,29.8
IMPROVED_OB_fee,121,30.0
IMPROVED_OB_fee,122,30.17
IMPROVED_OB_fee,123,29.94
IMPROVED_OB_fee,124,29.53
IMPROVED_OB_fee,125,30.2
IMPROVED_OB_fee,126,29.61
IMPROVED_OB_fee,127,30.26
IMPROVED_OB_fee,128,29.81
IMPROVED_OB_fee,129,29.82
IMPROVED_OB_fee,130,30.34
IMPROVED_OB_fee,131,30.18
IMPROVED_OB_fee,132,30.03
IMPROVED_OB_fee,133,30.29
IMPROVED_OB_fee,134,29.62
IMPROVED_OB_fee,135,29.66
IMPROVED_OB_fee,136,30.23
IMPROVED_OB_fee,137,30.27
IMPROVED_OB_fee,138,30.08
IMPROVED_OB_fee,139,29.98
IMPROVED_OB_fee,140,29.76
IMPROVED_OB_fee,141,30.18
IMPROVED_OB_fee,142,29.95
IMPROVED_OB_fee,143,29.92
IMPROVED_OB_fee,144,30.1
IMPROVED_OB_fee,145,30.11
IMPROVED_OB_fee,146,30.27
IMPROVED_OB_fee,147,30.23
IMPROVED_OB_fee,148,29.66
IMPROVED_OB_fee,149,29.65
IMPROVED_OB_fee,150,30.08
IMPROVED_OB_fee,151,30.04
IMPROVED_OB_fee,152,30.26
IMPROVED_OB_fee,153,30.16
IMPROVED_OB_fee,154,29.68
IMPROVED_OB_fee,155,30.03
IMPROVED_OB_fee,156,30.2
IMPROVED_OB_fee,157,29.53
IMPROVED_OB_fee,158,29.99
IMPROVED_OB_fee,160,30.16
IMPROVED_OB_fee,159,30.31
IMPROVED_OB_fee,161,29.94
IMPROVED_OB_fee,162,30.36
IMPROVED_OB_fee,163,29.92
IMPROVED_OB_fee,164,29.95
IMPROVED_OB_fee,165,29.86
IMPROVED_OB_fee,166,30.03
IMPROVED_OB_fee,167,30.23
IMPROVED_OB_fee,168,30.21
IMPROVED_OB_fee,169,30.25
IMPROVED_OB_fee,170,30.31
IMPROVED_OB_fee,171,29.98
IMPROVED_OB_fee,172,30.19
IMPROVED_OB_fee,173,30.08
IMPROVED_OB_fee,174,30.36
IMPROVED_OB_fee,175,29.9
IMPROVED_OB_fee,176,30.15
IMPROVED_OB_fee,177,29.51
IMPROVED_OB_fee,178,30.21
IMPROVED_OB_fee,179,30.28
IMPROVED_OB_fee,180,30.16
IMPROVED_OB_fee,181,29.98
IMPROVED_OB_fee,182,30.05
IMPROVED_OB_fee,183,30.28
IMPROVED_OB_fee,184,30.07
IMPROVED_OB_fee,185,29.88
IMPROVED_OB_fee,186,30.06
IMPROVED_OB_fee,187,30.18
IMPROVED_OB_fee,188,29.69
IMPROVED_OB_fee,189,30.33
IMPROVED_OB_fee,190,30.01
IMPROVED_OB_fee,191,30.14
IMPROVED_OB_fee,192,30.37
IMPROVED_OB_fee,193,30.13
IMPROVED_OB_fee,194,30.05
IMPROVED_OB_fee,195,30.08
IMPROVED_OB_fee,196,30.25
IMPROVED_OB_fee,197,30.49
IMPROVED_OB_fee,198,29.9
IMPROVED_OB_fee,199,29.86
IMPROVED_OB_fee,200,30.11
IMPROVED_OB_fee,201,30.2
IMPROVED_OB_fee,202,29.75
IMPROVED_OB_fee,203,29.71
IMPROVED_OB_fee,204,30.31
IMPROVED_OB_fee,205,30.26
IMPROVED_OB_fee,206,30.06
IMPROVED_OB_fee,207,30.3
IMPROVED_OB_fee,208,30.24
IMPROVED_OB_fee,209,30.32
IMPROVED_OB_fee,210,29.86
IMPROVED_OB_fee,211,30.15
IMPROVED_OB_fee,212,29.87
IMPROVED_OB_fee,213,30.15
IMPROVED_OB_fee,214,29.93
IMPROVED_OB_fee,215,29.86
IMPROVED_OB_fee,216,30.26
IMPROVED_OB_fee,217,30.15
IMPROVED_OB_fee,218,30.12
IMPROVED_OB_fee,219,30.29
IMPROVED_OB_fee,220,29.89
IMPROVED_OB_fee,221,30.17
IMPROVED_OB_fee,222,30.01
IMPROVED_OB_fee,223,30.34
IMPROVED_OB_fee,224,29.88
IMPROVED_OB_fee,225,30.06
IMPROVED_OB_fee,226,30.16
IMPROVED_OB_fee,227,30.32
IMPROVED_OB_fee,228,29.96
IMPROVED_OB_fee,229,29.67
IMPROVED_OB_fee,230,30.18
IMPROVED_OB_fee,231,29.96
IMPROVED_OB_fee,232,30.12
IMPROVED_OB_fee,233,29.85
IMPROVED_OB_fee,235,29.71
IMPROVED_OB_fee,234,30.02
IMPROVED_OB_fee,236,29.97
IMPROVED_OB_fee,237,29.81
IMPROVED_OB_fee,239,30.16
IMPROVED_OB_fee,238,29.99
IMPROVED_OB_fee,240,29.71
IMPROVED_OB_fee,241,30.15
IMPROVED_OB_fee,243,30.38
IMPROVED_OB_fee,242,30.26
IMPROVED_OB_fee,244,30.5
IMPROVED_OB_fee,245,30.15
IMPROVED_OB_fee,246,29.64
IMPROVED_OB_fee,247,30.03
IMPROVED_OB_fee,248,30.27
IMPROVED_OB_fee,249,30.09
IMPROVED_OB_fee,251,30.21
IMPROVED_OB_fee,250,30.35
IMPROVED_OB_fee,252,30.11
IMPROVED_OB_fee,253,30.49
IMPROVED_OB_fee,254,29.99
IMPROVED_OB_fee,255,30.17
IMPROVED_OB_fee,256,29.81
IMPROVED_OB_fee,257,29.84
IMPROVED_OB_fee,258,29.83
IMPROVED_OB_fee,259,30.18
IMPROVED_OB_fee,260,29.7
IMPROVED_OB_fee,261,29.68
IMPROVED_OB_fee,262,29.81
IMPROVED_OB_fee,263,30.3
IMPROVED_OB_fee,264,30.21
IMPROVED_OB_fee,265,30.28
IMPROVED_OB_fee,266,30.23
IMPROVED_OB_fee,267,30.06
IMPROVED_OB_fee,268,30.24
IMPROVED_OB_fee,269,30.14
IMPROVED_OB_fee,270,30.02
IMPROVED_OB_fee,272,29.63
IMPROVED_OB_fee,271,29.83
IMPROVED_OB_fee,273,30.11
IMPROVED_OB_fee,274,30.25
IMPROVED_OB_fee,275,29.59
IMPROVED_OB_fee,276,29.9
IMPROVED_OB_fee,277,29.71
IMPROVED_OB_fee,278,29.96
IMPROVED_OB_fee,279,29.91
IMPROVED_OB_fee,280,30.01
IMPROVED_OB_fee,281,30.38
IMPROVED_OB_fee,282,30.16
IMPROVED_OB_fee,283,30.14
IMPROVED_OB_fee,284,30.18
IMPROVED_OB_fee,285,29.86
IMPROVED_OB_fee,286,30.03
IMPROVED_OB_fee,287,29.97
IMPROVED_OB_fee,288,29.99
IMPROVED_OB_fee,289,30.16
IMPROVED_OB_fee,290,29.95
IMPROVED_OB_fee,291,29.81
IMPROVED_OB_fee,292,30.34
IMPROVED_OB_fee,294,29.81
IMPROVED_OB_fee,293,29.89
IMPROVED_OB_fee,295,30.28
IMPROVED_OB_fee,296,30.02
IMPROVED_OB_fee,297,30.19
IMPROVED_OB_fee,298,30.08
IMPROVED_OB_fee,299,29.88
IMPROVED_OB_fee,300,30.15
IMPROVED_OB_fee,301,29.71
IMPROVED_OB_fee,302,30.17
IMPROVED_OB_fee,303,30.24
IMPROVED_OB_fee,304,30.18
IMPROVED_OB_fee,305,29.81
IMPROVED_OB_fee,306,29.85
IMPROVED_OB_fee,307,29.43
IMPROVED_OB_fee,308,30.07
IMPROVED_OB_fee,309,30.1
IMPROVED_OB_fee,310,30.13
IMPROVED_OB_fee,311,30.19
IMPROVED_OB_fee,312,30.46
IMPROVED_OB_fee,313,30.49
IMPROVED_OB_fee,314,30.26
IMPROVED_OB_fee,315,29.98
IMPROVED_OB_fee,316,30.16
IMPROVED_OB_fee,317,30.33
IMPROVED_OB_fee,318,30.1
IMPROVED_OB_fee,319,30.4
IMPROVED_OB_fee,320,30.17
IMPROVED_OB_fee,321,29.81
IMPROVED_OB_fee,322,29.99
IMPROVED_OB_fee,324,29.96
IMPROVED_OB_fee,323,30.46
IMPROVED_OB_fee,325,29.96
IMPROVED_OB_fee,326,30.47
IMPROVED_OB_fee,327,29.72
IMPROVED_OB_fee,328,29.9
IMPROVED_OB_fee,329,30.16
IMPROVED_OB_fee,330,30.21
IMPROVED_OB_fee,331,30.07
IMPROVED_OB_fee,332,29.76
IMPROVED_OB_fee,333,30.02
IMPROVED_OB_fee,334,30.21
IMPROVED_OB_fee,335,30.09
IMPROVED_OB_fee,336,29.98
IMPROVED_OB_fee,337,29.63
IMPROVED_OB_fee,338,29.88
IMPROVED_OB_fee,339,29.93
IMPROVED_OB_fee,340,30.13
IMPROVED_OB_fee,341,30.06
IMPROVED_OB_fee,342,30.11
IMPROVED_OB_fee,343,30.0
IMPROVED_OB_fee,344,30.2
IMPROVED_OB_fee,346,30.1
IMPROVED_OB_fee,345,30.13
IMPROVED_OB_fee,347,30.74
IMPROVED_OB_fee,348,30.28
IMPROVED_OB_fee,349,30.05
IMPROVED_OB_fee,350,30.42
IMPROVED_OB_fee,351,30.04
IMPROVED_OB_fee,352,30.04
IMPROVED_OB_fee,354,29.89
IMPROVED_OB_fee,353,30.16
IMPROVED_OB_fee,355,30.36
IMPROVED_OB_fee,356,29.95
IMPROVED_OB_fee,357,29.56
IMPROVED_OB_fee,358,30.12
IMPROVED_OB_fee,359,30.13
IMPROVED_OB_fee,360,30.2
IMPROVED_OB_fee,362,29.72
IMPROVED_OB_fee,361,30.11
IMPROVED_OB_fee,363,29.99
IMPROVED_OB_fee,364,29.82
IMPROVED_OB_fee,365,30.12
IMPROVED_OB_fee,366,30.03
IMPROVED_OB_fee,367,30.22
IMPROVED_OB_fee,368,30.24
IMPROVED_OB_fee,369,30.2
IMPROVED_OB_fee,370,30.51
IMPROVED_OB_fee,371,30.2
IMPROVED_OB_fee,372,29.95
IMPROVED_OB_fee,373,29.95
IMPROVED_OB_fee,375,29.68
IMPROVED_OB_fee,374,29.85
IMPROVED_OB_fee,376,30.15
IMPROVED_OB_fee,377,30.06
IMPROVED_OB_fee,378,29.82
IMPROVED_OB_fee,379,29.8
IMPROVED_OB_fee,380,30.02
IMPROVED_OB_fee,381,30.31
IMPROVED_OB_fee,382,30.12
IMPROVED_OB_fee,383,30.25
IMPROVED_OB_fee,384,30.11
IMPROVED_OB_fee,385,30.32
IMPROVED_OB_fee,386,29.99
IMPROVED_OB_fee,387,29.98
IMPROVED_OB_fee,388,29.98
IMPROVED_OB_fee,389,29.92
IMPROVED_OB_fee,390,29.75
IMPROVED_OB_fee,391,30.12
IMPROVED_OB_fee,392,30.13
IMPROVED_OB_fee,393,29.67
IMPROVED_OB_fee,394,29.91
IMPROVED_OB_fee,395,30.22
IMPROVED_OB_fee,396,30.12
IMPROVED_OB_fee,397,30.19
IMPROVED_OB_fee,398,30.15
IMPROVED_OB_fee,399,30.26
IMPROVED_OB_fee,400,30.11
IMPROVED_OB_fee,401,30.16
IMPROVED_OB_fee,402,30.0
IMPROVED_OB_fee,403,30.24
IMPROVED_OB_fee,404,30.06
IMPROVED_OB_fee,405,29.91
IMPROVED_OB_fee,406,30.74
IMPROVED_OB_fee,407,29.95
IMPROVED_OB_fee,408,30.12
IMPROVED_OB_fee,409,29.91
IMPROVED_OB_fee,410,30.16
IMPROVED_OB_fee,411,30.27
IMPROVED_OB_fee,412,30.19
IMPROVED_OB_fee,413,30.02
IMPROVED_OB_fee,414,30.5
IMPROVED_OB_fee,415,30.15
IMPROVED_OB_fee,416,30.0
IMPROVED_OB_fee,417,29.94
IMPROVED_OB_fee,418,29.76
IMPROVED_OB_fee,419,30.14
IMPROVED_OB_fee,420,30.04
IMPROVED_OB_fee,421,29.79
IMPROVED_OB_fee,422,29.93
IMPROVED_OB_fee,423,29.78
IMPROVED_OB_fee,424,30.24
IMPROVED_OB_fee,425,30.21
IMPROVED_OB_fee,426,30.23
IMPROVED_OB_fee,427,30.03
IMPROVED_OB_fee,428,29.88
IMPROVED_OB_fee,429,30.14
IMPROVED_OB_fee,430,29.81
IMPROVED_OB_fee,431,29.89
IMPROVED_OB_fee,432,30.22
IMPROVED_OB_fee,433,30.13
IMPROVED_OB_fee,434,30.13
IMPROVED_OB_fee,435,30.45
IMPROVED_OB_fee,436,29.95
IMPROVED_OB_fee,437,30.34
IMPROVED_OB_fee,438,30.01
IMPROVED_OB_fee,439,30.24
IMPROVED_OB_fee,440,29.69
IMPROVED_OB_fee,441,30.47
IMPROVED_OB_fee,442,29.89
IMPROVED_OB_fee,443,30.05
IMPROVED_OB_fee,444,29.76
IMPROVED_OB_fee,445,29.99
IMPROVED_OB_fee,446,30.06
IMPROVED_OB_fee,447,30.02
IMPROVED_OB_fee,448,29.99
IMPROVED_OB_fee,449,30.13
IMPROVED_OB_fee,450,30.34
IMPROVED_OB_fee,451,30.22
IMPROVED_OB_fee,452,29.79
IMPROVED_OB_fee,453,30.06
IMPROVED_OB_fee,454,30.15
IMPROVED_OB_fee,455,29.77
IMPROVED_OB_fee,456,29.95
IMPROVED_OB_fee,457,30.07
IMPROVED_OB_fee,458,29.49
IMPROVED_OB_fee,459,30.48
IMPROVED_OB_fee,460,29.66
IMPROVED_OB_fee,461,29.96
IMPROVED_OB_fee,462,30.43
IMPROVED_OB_fee,463,30.1
IMPROVED_OB_fee,464,30.49
IMPROVED_OB_fee,465,30.34
IMPROVED_OB_fee,466,30.28
IMPROVED_OB_fee,467,30.3
IMPROVED_OB_fee,468,30.28
IMPROVED_OB_fee,469,30.29
IMPROVED_OB_fee,470,30.34
IMPROVED_OB_fee,471,29.58
IMPROVED_OB_fee,472,30.37
IMPROVED_OB_fee,473,30.08
IMPROVED_OB_fee,474,30.44
IMPROVED_OB_fee,475,30.28
IMPROVED_OB_fee,476,30.04
IMPROVED_OB_fee,477,29.92
IMPROVED_OB_fee,478,30.46
IMPROVED_OB_fee,479,29.87
IMPROVED_OB_fee,480,30.45
IMPROVED_OB_fee,481,30.39
IMPROVED_OB_fee,482,30.1
IMPROVED_OB_fee,483,30.12
IMPROVED_OB_fee,484,30.22
IMPROVED_OB_fee,485,30.45
IMPROVED_OB_fee,486,30.02
IMPROVED_OB_fee,487,30.05
IMPROVED_OB_fee,488,30.39
IMPROVED_OB_fee,489,30.32
IMPROVED_OB_fee,490,30.07
IMPROVED_OB_fee,491,30.31
IMPROVED_OB_fee,492,30.03
IMPROVED_OB_fee,493,30.39
IMPROVED_OB_fee,494,30.04
IMPROVED_OB_fee,495,30.01
IMPROVED_OB_fee,496,30.06
IMPROVED_OB_fee,497,30.44
IMPROVED_OB_fee,498,30.04
IMPROVED_OB_fee,499,30.07
IMPROVED_OB_fee,500,29.71
IMPROVED_OB_fee,501,29.95
IMPROVED_OB_fee,502,30.12
IMPROVED_OB_fee,503,30.08
IMPROVED_OB_fee,504,30.02
IMPROVED_OB_fee,505,30.15
IMPROVED_OB_fee,506,29.87
IMPROVED_OB_fee,507,30.08
IMPROVED_OB_fee,508,30.18
IMPROVED_OB_fee,509,30.16
IMPROVED_OB_fee,510,30.1
IMPROVED_OB_fee,511,30.27
IMPROVED_OB_fee,512,30.11
IMPROVED_OB_fee,513,30.27
IMPROVED_OB_fee,514,29.92
IMPROVED_OB_fee,515,30.05
IMPROVED_OB_fee,516,29.67
IMPROVED_OB_fee,517,29.69
IMPROVED_OB_fee,518,30.03
IMPROVED_OB_fee,519,30.03
IMPROVED_OB_fee,520,30.12
IMPROVED_OB_fee,521,30.1
IMPROVED_OB_fee,522,29.96
IMPROVED_OB_fee,523,30.13
IMPROVED_OB_fee,524,30.52
IMPROVED_OB_fee,525,29.62
IMPROVED_OB_fee,526,29.93
IMPROVED_OB_fee,527,30.17
IMPROVED_OB_fee,529,29.9
IMPROVED_OB_fee,528,30.03
IMPROVED_OB_fee,530,30.16
IMPROVED_OB_fee,531,30.13
IMPROVED_OB_fee,532,30.34
IMPROVED_OB_fee,533,30.16
IMPROVED_OB_fee,534,29.75
IMPROVED_OB_fee,535,29.81
IMPROVED_OB_fee,536,29.76
IMPROVED_OB_fee,537,30.15
IMPROVED_OB_fee,538,30.06
IMPROVED_OB_fee,539,30.16
IMPROVED_OB_fee,540,30.18
IMPROVED_OB_fee,541,30.04
IMPROVED_OB_fee,542,30.04
IMPROVED_OB_fee,543,30.52
IMPROVED_OB_fee,544,29.99
IMPROVED_OB_fee,545,29.85
IMPROVED_OB_fee,546,30.39
IMPROVED_OB_fee,547,29.98
IMPROVED_OB_fee,548,30.07
IMPROVED_OB_fee,549,30.13
IMPROVED_OB_fee,550,30.44
IMPROVED_OB_fee,551,30.09
IMPROVED_OB_fee,552,30.27
IMPROVED_OB_fee,553,30.13
IMPROVED_OB_fee,554,29.47
IMPROVED_OB_fee,555,30.1
IMPROVED_OB_fee,556,30.18
IMPROVED_OB_fee,557,30.42
IMPROVED_OB_fee,558,29.96
IMPROVED_OB_fee,559,30.08
IMPROVED_OB_fee,560,30.24
IMPROVED_OB_fee,561,30.11
IMPROVED_OB_fee,562,29.78
IMPROVED_OB_fee,563,30.14
IMPROVED_OB_fee,564,29.74
IMPROVED_OB_fee,565,29.81
IMPROVED_OB_fee,566,29.98
IMPROVED_OB_fee,567,30.15
IMPROVED_OB_fee,568,30.38
IMPROVED_OB_fee,569,30.05
IMPROVED_OB_fee,570,30.25
IMPROVED_OB_fee,571,30.34
IMPROVED_OB_fee,572,30.01
IMPROVED_OB_fee,573,30.09
IMPROVED_OB_fee,574,29.99
IMPROVED_OB_fee,575,30.29
IMPROVED_OB_fee,576,29.89
IMPROVED_OB_fee,577,30.16
IMPROVED_OB_fee,579,29.75
IMPROVED_OB_fee,578,30.34
IMPROVED_OB_fee,580,30.1
IMPROVED_OB_fee,581,30.11
IMPROVED_OB_fee,582,29.85
IMPROVED_OB_fee,583,29.82
IMPROVED_OB_fee,584,29.81
IMPROVED_OB_fee,585,29.97
IMPROVED_OB_fee,587,30.16
IMPROVED_OB_fee,586,30.25
IMPROVED_OB_fee,588,30.27
IMPROVED_OB_fee,589,30.41
IMPROVED_OB_fee,590,30.01
IMPROVED_OB_fee,591,29.98
IMPROVED_OB_fee,592,29.87
IMPROVED_OB_fee,593,29.5
IMPROVED_OB_fee,594,30.13
IMPROVED_OB_fee,595,29.9
IMPROVED_OB_fee,596,29.92
IMPROVED_OB_fee,597,29.52
IMPROVED_OB_fee,598,30.4
IMPROVED_OB_fee,599,29.8
IMPROVED_OB_fee,600,30.02
IMPROVED_OB_fee,601,29.82
IMPROVED_OB_fee,603,30.21
IMPROVED_OB_fee,602,29.97
IMPROVED_OB_fee,604,29.91
IMPROVED_OB_fee,605,30.18
IMPROVED_OB_fee,606,30.07
IMPROVED_OB_fee,607,30.01
IMPROVED_OB_fee,608,29.92
IMPROVED_OB_fee,609,30.2
IMPROVED_OB_fee,611,29.91
IMPROVED_OB_fee,610,30.08
IMPROVED_OB_fee,612,30.55
IMPROVED_OB_fee,613,29.82
IMPROVED_OB_fee,614,29.7
IMPROVED_OB_fee,615,30.21
IMPROVED_OB_fee,616,30.28
IMPROVED_OB_fee,617,29.74
IMPROVED_OB_fee,619,30.06
IMPROVED_OB_fee,618,30.43
IMPROVED_OB_fee,620,30.33
IMPROVED_OB_fee,621,30.5
IMPROVED_OB_fee,622,30.04
IMPROVED_OB_fee,623,30.44
IMPROVED_OB_fee,624,30.04
IMPROVED_OB_fee,625,30.05
IMPROVED_OB_fee,626,30.26
IMPROVED_OB_fee,627,30.18
IMPROVED_OB_fee,628,30.26
IMPROVED_OB_fee,629,29.91
IMPROVED_OB_fee,630,30.29
IMPROVED_OB_fee,632,30.22
IMPROVED_OB_fee,631,30.2
IMPROVED_OB_fee,633,29.87
IMPROVED_OB_fee,634,30.33
IMPROVED_OB_fee,635,29.88
IMPROVED_OB_fee,636,29.95
IMPROVED_OB_fee,637,30.12
IMPROVED_OB_fee,638,29.91
IMPROVED_OB_fee,640,30.36
IMPROVED_OB_fee,639,30.09
IMPROVED_OB_fee,641,29.94
IMPROVED_OB_fee,642,29.85
IMPROVED_OB_fee,643,29.75
IMPROVED_OB_fee,645,29.79
IMPROVED_OB_fee,644,29.98
IMPROVED_OB_fee,646,30.0
IMPROVED_OB_fee,648,30.29
IMPROVED_OB_fee,647,30.04
IMPROVED_OB_fee,649,29.97
IMPROVED_OB_fee,651,30.19
IMPROVED_OB_fee,650,30.13
IMPROVED_OB_fee,652,29.85
IMPROVED_OB_fee,653,29.9
IMPROVED_OB_fee,654,30.38
IMPROVED_OB_fee,655,29.96
IMPROVED_OB_fee,656,29.99
IMPROVED_OB_fee,658,29.88
IMPROVED_OB_fee,659,30.13
IMPROVED_OB_fee,660,30.18
IMPROVED_OB_fee,657,29.76
IMPROVED_OB_fee,661,29.97
IMPROVED_OB_fee,662,30.23
IMPROVED_OB_fee,663,29.81
IMPROVED_OB_fee,664,30.1
IMPROVED_OB_fee,665,30.11
IMPROVED_OB_fee,666,30.18
IMPROVED_OB_fee,667,30.06
IMPROVED_OB_fee,668,30.13
IMPROVED_OB_fee,669,30.09
IMPROVED_OB_fee,670,29.83
IMPROVED_OB_fee,671,30.42
IMPROVED_OB_fee,672,30.28
IMPROVED_OB_fee,674,30.08
IMPROVED_OB_fee,673,30.15
IMPROVED_OB_fee,675,30.45
IMPROVED_OB_fee,676,30.06
IMPROVED_OB_fee,677,30.04
IMPROVED_OB_fee,678,30.08
IMPROVED_OB_fee,679,29.9
IMPROVED_OB_fee,680,30.04
IMPROVED_OB_fee,681,30.39
IMPROVED_OB_fee,683,30.12
IMPROVED_OB_fee,682,29.54
IMPROVED_OB_fee,684,29.94
IMPROVED_OB_fee,685,30.1
IMPROVED_OB_fee,686,30.3
IMPROVED_OB_fee,687,29.57
IMPROVED_OB_fee,688,30.16
IMPROVED_OB_fee,689,30.12
IMPROVED_OB_fee,690,30.13
IMPROVED_OB_fee,691,30.28
IMPROVED_OB_fee,692,30.05
IMPROVED_OB_fee,693,30.39
IMPROVED_OB_fee,694,29.97
IMPROVED_OB_fee,695,30.18
IMPROVED_OB_fee,696,29.91
IMPROVED_OB_fee,697,30.35
IMPROVED_OB_fee,698,29.99
IMPROVED_OB_fee,699,30.25
IMPROVED_OB_fee,700,30.15
IMPROVED_OB_fee,701,30.25
IMPROVED_OB_fee,702,30.18
IMPROVED_OB_fee,703,30.43
IMPROVED_OB_fee,704,30.07
IMPROVED_OB_fee,705,29.66
IMPROVED_OB_fee,706,30.09
IMPROVED_OB_fee,707,30.25
IMPROVED_OB_fee,708,30.2
IMPROVED_OB_fee,709,29.75
IMPROVED_OB_fee,710,29.86
IMPROVED_OB_fee,711,29.9
IMPROVED_OB_fee,712,29.98
IMPROVED_OB_fee,713,30.19
IMPROVED_OB_fee,714,30.41
IMPROVED_OB_fee,715,30.37
IMPROVED_OB_fee,716,29.99
IMPROVED_OB_fee,717,30.41
IMPROVED_OB_fee,718,30.36
IMPROVED_OB_fee,719,29.93
IMPROVED_OB_fee,720,29.97
IMPROVED_OB_fee,721,30.0
IMPROVED_OB_fee,722,29.5
IMPROVED_OB_fee,723,30.26
IMPROVED_OB_fee,724,29.75
IMPROVED_OB_fee,725,29.82
IMPROVED_OB_fee,726,30.22
IMPROVED_OB_fee,727,30.05
IMPROVED_OB_fee,728,29.88
IMPROVED_OB_fee,729,30.01
IMPROVED_OB_fee,730,30.0
IMPROVED_OB_fee,731,30.37
IMPROVED_OB_fee,732,29.85
IMPROVED_OB_fee,733,29.94
IMPROVED_OB_fee,734,30.58
IMPROVED_OB_fee,735,30.2
IMPROVED_OB_fee,736,30.37
IMPROVED_OB_fee,738,30.01
IMPROVED_OB_fee,737,30.29
IMPROVED_OB_fee,739,29.96
IMPROVED_OB_fee,740,30.2
IMPROVED_OB_fee,741,30.03
IMPROVED_OB_fee,742,29.67
IMPROVED_OB_fee,743,30.04
IMPROVED_OB_fee,744,30.01
IMPROVED_OB_fee,745,30.24
IMPROVED_OB_fee,746,30.13
IMPROVED_OB_fee,747,29.98
IMPROVED_OB_fee,748,30.03
IMPROVED_OB_fee,749,30.05
IMPROVED_OB_fee,750,29.82
IMPROVED_OB_fee,751,29.74
IMPROVED_OB_fee,752,29.93
IMPROVED_OB_fee,753,30.21
IMPROVED_OB_fee,754,30.32
IMPROVED_OB_fee,755,29.89
IMPROVED_OB_fee,756,29.91
IMPROVED_OB_fee,757,30.15
IMPROVED_OB_fee,758,30.11
IMPROVED_OB_fee,759,30.51
IMPROVED_OB_fee,760,30.39
IMPROVED_OB_fee,761,29.92
IMPROVED_OB_fee,762,30.13
IMPROVED_OB_fee,763,29.74
IMPROVED_OB_fee,764,29.87
IMPROVED_OB_fee,766,29.87
IMPROVED_OB_fee,765,29.91
IMPROVED_OB_fee,767,30.13
IMPROVED_OB_fee,768,30.1
IMPROVED_OB_fee,769,29.88
IMPROVED_OB_fee,770,29.87
IMPROVED_OB_fee,771,30.28
IMPROVED_OB_fee,772,29.98
IMPROVED_OB_fee,773,30.04
IMPROVED_OB_fee,774,30.29
IMPROVED_OB_fee,775,30.17
IMPROVED_OB_fee,776,30.17
IMPROVED_OB_fee,777,30.03
IMPROVED_OB_fee,778,30.29
IMPROVED_OB_fee,779,30.31
IMPROVED_OB_fee,780,29.84
IMPROVED_OB_fee,781,29.59
IMPROVED_OB_fee,782,30.37
IMPROVED_OB_fee,783,29.66
IMPROVED_OB_fee,784,29.79
IMPROVED_OB_fee,785,30.06
IMPROVED_OB_fee,786,29.94
IMPROVED_OB_fee,787,30.18
IMPROVED_OB_fee,788,30.1
IMPROVED_OB_fee,789,29.52
IMPROVED_OB_fee,790,30.12
IMPROVED_OB_fee,791,29.96
IMPROVED_OB_fee,792,29.53
IMPROVED_OB_fee,793,29.82
IMPROVED_OB_fee,794,30.01
IMPROVED_OB_fee,795,29.85
IMPROVED_OB_fee,797,30.26
IMPROVED_OB_fee,796,29.75
IMPROVED_OB_fee,798,30.38
IMPROVED_OB_fee,799,30.66
IMPROVED_OB_fee,800,30.2
IMPROVED_OB_fee,801,30.02
IMPROVED_OB_fee,802,29.88
IMPROVED_OB_fee,803,30.17
IMPROVED_OB_fee,804,29.96
IMPROVED_OB_fee,806,30.2
IMPROVED_OB_fee,805,30.23
IMPROVED_OB_fee,807,30.03
IMPROVED_OB_fee,808,30.22
IMPROVED_OB_fee,809,29.91
IMPROVED_OB_fee,810,30.09
IMPROVED_OB_fee,811,30.31
IMPROVED_OB_fee,812,29.86
IMPROVED_OB_fee,813,30.12
IMPROVED_OB_fee,814,29.97
IMPROVED_OB_fee,815,29.95
IMPROVED_OB_fee,816,29.88
IMPROVED_OB_fee,817,29.94
IMPROVED_OB_fee,818,30.05
IMPROVED_OB_fee,819,29.67
IMPROVED_OB_fee,820,30.08
IMPROVED_OB_fee,821,29.87
IMPROVED_OB_fee,822,30.11
IMPROVED_OB_fee,823,29.63
IMPROVED_OB_fee,824,30.21
IMPROVED_OB_fee,825,30.08
IMPROVED_OB_fee,826,30.09
IMPROVED_OB_fee,827,30.24
IMPROVED_OB_fee,828,29.93
IMPROVED_OB_fee,829,30.41
IMPROVED_OB_fee,830,30.38
IMPROVED_OB_fee,831,30.36
IMPROVED_OB_fee,832,30.36
IMPROVED_OB_fee,833,30.02
IMPROVED_OB_fee,834,30.12
IMPROVED_OB_fee,835,30.33
IMPROVED_OB_fee,836,30.24
IMPROVED_OB_fee,837,30.27
IMPROVED_OB_fee,838,29.89
IMPROVED_OB_fee,839,29.89
IMPROVED_OB_fee,840,30.31
IMPROVED_OB_fee,841,30.23
IMPROVED_OB_fee,842,30.02
IMPROVED_OB_fee,843,29.93
IMPROVED_OB_fee,844,30.12
IMPROVED_OB_fee,845,30.08
IMPROVED_OB_fee,846,29.99
IMPROVED_OB_fee,847,30.09
IMPROVED_OB_fee,848,29.9
IMPROVED_OB_fee,849,30.19
IMPROVED_OB_fee,850,29.94
IMPROVED_OB_fee,851,30.26
IMPROVED_OB_fee,852,30.48
IMPROVED_OB_fee,853,30.11
IMPROVED_OB_fee,854,30.09
IMPROVED_OB_fee,855,30.23
IMPROVED_OB_fee,856,30.3
IMPROVED_OB_fee,857,30.01
IMPROVED_OB_fee,858,30.09
IMPROVED_OB_fee,859,30.12
IMPROVED_OB_fee,860,30.17
IMPROVED_OB_fee,861,30.18
IMPROVED_OB_fee,862,30.33
IMPROVED_OB_fee,863,29.79
IMPROVED_OB_fee,864,30.01
IMPROVED_OB_fee,865,30.3
IMPROVED_OB_fee,866,29.86
IMPROVED_OB_fee,867,30.44
IMPROVED_OB_fee,868,30.18
IMPROVED_OB_fee,869,30.28
IMPROVED_OB_fee,871,30.03
IMPROVED_OB_fee,870,30.35
IMPROVED_OB_fee,872,29.84
IMPROVED_OB_fee,873,30.31
IMPROVED_OB_fee,874,29.68
IMPROVED_OB_fee,875,29.94
IMPROVED_OB_fee,876,30.05
IMPROVED_OB_fee,877,30.56
IMPROVED_OB_fee,878,30.01
IMPROVED_OB_fee,879,29.85
IMPROVED_OB_fee,880,29.69
IMPROVED_OB_fee,881,30.51
IMPROVED_OB_fee,882,30.28
IMPROVED_OB_fee,883,29.93
IMPROVED_OB_fee,884,30.15
IMPROVED_OB_fee,885,29.98
IMPROVED_OB_fee,886,30.15
IMPROVED_OB_fee,887,30.16
IMPROVED_OB_fee,888,30.11
IMPROVED_OB_fee,889,29.94
IMPROVED_OB_fee,890,29.99
IMPROVED_OB_fee,891,30.04
IMPROVED_OB_fee,892,30.16
IMPROVED_OB_fee,893,30.1
IMPROVED_OB_fee,894,30.08
IMPROVED_OB_fee,895,29.71
IMPROVED_OB_fee,896,30.41
IMPROVED_OB_fee,897,29.85
IMPROVED_OB_fee,898,30.01
IMPROVED_OB_fee,899,30.07
IMPROVED_OB_fee,900,29.97
IMPROVED_OB_fee,901,30.2
IMPROVED_OB_fee,902,30.32
IMPROVED_OB_fee,903,30.16
IMPROVED_OB_fee,904,29.91
IMPROVED_OB_fee,905,29.86
IMPROVED_OB_fee,906,30.07
IMPROVED_OB_fee,907,30.2
IMPROVED_OB_fee,908,29.87
IMPROVED_OB_fee,909,29.8
IMPROVED_OB_fee,910,29.73
IMPROVED_OB_fee,911,30.4
IMPROVED_OB_fee,912,30.19
IMPROVED_OB_fee,913,29.95
IMPROVED_OB_fee,914,30.3
IMPROVED_OB_fee,915,29.91
IMPROVED_OB_fee,916,29.9
IMPROVED_OB_fee,917,30.22
IMPROVED_OB_fee,918,30.06
IMPROVED_OB_fee,919,29.79
IMPROVED_OB_fee,920,30.44
IMPROVED_OB_fee,921,29.58
IMPROVED_OB_fee,922,29.91
IMPROVED_OB_fee,923,30.02
IMPROVED_OB_fee,924,30.33
IMPROVED_OB_fee,926,30.2
IMPROVED_OB_fee,925,30.13
IMPROVED_OB_fee,927,30.41
IMPROVED_OB_fee,928,29.8
IMPROVED_OB_fee,929,30.13
IMPROVED_OB_fee,930,30.35
IMPROVED_OB_fee,931,30.32
IMPROVED_OB_fee,932,30.27
IMPROVED_OB_fee,933,30.16
IMPROVED_OB_fee,934,29.73
IMPROVED_OB_fee,935,30.4
IMPROVED_OB_fee,936,30.26
IMPROVED_OB_fee,937,30.37
IMPROVED_OB_fee,938,30.34
IMPROVED_OB_fee,939,30.44
IMPROVED_OB_fee,940,30.1
IMPROVED_OB_fee,941,30.02
IMPROVED_OB_fee,942,30.27
IMPROVED_OB_fee,943,30.23
IMPROVED_OB_fee,944,30.22
IMPROVED_OB_fee,945,30.28
IMPROVED_OB_fee,946,29.94
IMPROVED_OB_fee,947,30.09
IMPROVED_OB_fee,948,30.01
IMPROVED_OB_fee,949,30.13
IMPROVED_OB_fee,950,30.04
IMPROVED_OB_fee,951,30.08
IMPROVED_OB_fee,952,30.2
IMPROVED_OB_fee,953,30.18
IMPROVED_OB_fee,954,29.98
IMPROVED_OB_fee,955,30.45
IMPROVED_OB_fee,956,30.17
IMPROVED_OB_fee,957,29.85
IMPROVED_OB_fee,958,29.85
IMPROVED_OB_fee,959,30.17
IMPROVED_OB_fee,960,30.43
IMPROVED_OB_fee,961,29.83
IMPROVED_OB_fee,962,30.15
IMPROVED_OB_fee,963,29.84
IMPROVED_OB_fee,964,29.88
IMPROVED_OB_fee,965,29.86
IMPROVED_OB_fee,966,29.93
IMPROVED_OB_fee,967,30.08
IMPROVED_OB_fee,968,29.58
IMPROVED_OB_fee,969,30.09
IMPROVED_OB_fee,970,29.97
IMPROVED_OB_fee,971,30.02
IMPROVED_OB_fee,972,30.14
IMPROVED_OB_fee,973,30.4
IMPROVED_OB_fee,974,29.79
IMPROVED_OB_fee,975,30.2
IMPROVED_OB_fee,976,30.21
IMPROVED_OB_fee,977,30.23
IMPROVED_OB_fee,978,30.06
IMPROVED_OB_fee,979,29.8
IMPROVED_OB_fee,980,30.06
IMPROVED_OB_fee,981,29.88
IMPROVED_OB_fee,982,30.24
IMPROVED_OB_fee,983,30.34
IMPROVED_OB_fee,984,30.15
IMPROVED_OB_fee,985,30.1
IMPROVED_OB_fee,986,29.76
IMPROVED_OB_fee,987,30.38
IMPROVED_OB_fee,988,29.89
IMPROVED_OB_fee,989,30.36
IMPROVED_OB_fee,990,29.8
IMPROVED_OB_fee,991,30.0
IMPROVED_OB_fee,992,29.64
IMPROVED_OB_fee,993,30.03
IMPROVED_OB_fee,994,29.94
IMPROVED_OB_fee,995,30.07
IMPROVED_OB_fee,996,29.77
IMPROVED_OB_fee,997,29.92
IMPROVED_OB_fee,998,29.83
IMPROVED_OB_fee,999,29.98
