fee_algo_name,random_seed,lp_yield
FX_fee,0,18.46
FX_fee,1,18.42
FX_fee,2,18.11
FX_fee,3,18.05
FX_fee,4,18.77
FX_fee,5,18.26
FX_fee,7,18.92
FX_fee,6,18.53
FX_fee,8,18.41
FX_fee,9,18.49
FX_fee,10,18.45
FX_fee,11,18.61
FX_fee,12,18.42
FX_fee,13,18.64
FX_fee,14,18.06
FX_fee,15,18.16
FX_fee,16,18.23
FX_fee,18,18.63
FX_fee,17,18.54
FX_fee,19,18.39
FX_fee,20,18.48
FX_fee,22,18.2
FX_fee,21,18.36
FX_fee,24,17.89
FX_fee,23,18.16
FX_fee,25,18.52
FX_fee,26,18.12
FX_fee,27,18.09
FX_fee,28,18.52
FX_fee,29,18.93
FX_fee,31,18.85
FX_fee,30,18.73
FX_fee,32,18.49
FX_fee,33,18.91
FX_fee,35,18.18
FX_fee,34,18.17
FX_fee,36,18.4
FX_fee,37,18.65
FX_fee,38,18.67
FX_fee,39,18.51
FX_fee,41,18.46
FX_fee,40,18.37
FX_fee,42,18.41
FX_fee,43,18.41
FX_fee,44,18.35
FX_fee,45,18.95
FX_fee,47,18.56
FX_fee,46,18.34
FX_fee,48,18.35
FX_fee,49,18.5
FX_fee,50,18.49
FX_fee,51,18.78
FX_fee,52,18.47
FX_fee,55,18.64
FX_fee,54,18.14
FX_fee,53,18.51
FX_fee,58,18.43
FX_fee,56,18.13
FX_fee,57,18.53
FX_fee,59,18.57
FX_fee,60,18.26
FX_fee,61,18.06
FX_fee,62,18.49
FX_fee,63,18.57
FX_fee,64,18.3
FX_fee,65,18.08
FX_fee,66,18.42
FX_fee,68,18.11
FX_fee,67,17.99
FX_fee,69,18.35
FX_fee,70,17.98
FX_fee,72,18.7
FX_fee,73,18.1
FX_fee,71,18.73
FX_fee,74,18.62
FX_fee,75,18.41
FX_fee,77,17.95
FX_fee,76,18.39
FX_fee,78,18.53
FX_fee,79,18.74
FX_fee,81,18.67
FX_fee,80,18.5
FX_fee,83,19.05
FX_fee,82,18.47
FX_fee,84,18.14
FX_fee,86,18.27
FX_fee,85,18.75
FX_fee,87,18.76
FX_fee,88,18.63
FX_fee,90,18.86
FX_fee,89,18.39
FX_fee,91,18.43
FX_fee,92,18.3
FX_fee,94,18.44
FX_fee,93,18.6
FX_fee,95,18.68
FX_fee,96,18.58
FX_fee,99,18.82
FX_fee,100,18.27
FX_fee,98,18.32
FX_fee,97,18.48
FX_fee,101,18.66
FX_fee,102,18.88
FX_fee,103,18.32
FX_fee,104,18.58
FX_fee,106,18.91
FX_fee,105,18.24
FX_fee,107,18.05
FX_fee,108,18.06
FX_fee,109,18.47
FX_fee,112,18.59
FX_fee,111,18.34
FX_fee,110,18.99
FX_fee,113,18.62
FX_fee,114,18.39
FX_fee,115,18.65
FX_fee,116,18.4
FX_fee,117,18.18
FX_fee,119,18.26
FX_fee,120,18.79
FX_fee,118,18.5
FX_fee,121,18.57
FX_fee,122,18.73
FX_fee,123,18.7
FX_fee,125,18.21
FX_fee,124,18.84
FX_fee,126,18.23
FX_fee,127,18.52
FX_fee,128,18.64
FX_fee,129,18.65
FX_fee,130,18.36
FX_fee,132,18.24
FX_fee,133,18.61
FX_fee,131,18.18
FX_fee,134,18.52
FX_fee,135,18.55
FX_fee,136,18.19
FX_fee,137,17.99
FX_fee,138,18.6
FX_fee,140,18.53
FX_fee,139,18.69
FX_fee,141,18.42
FX_fee,142,18.61
FX_fee,143,18.37
FX_fee,144,18.51
FX_fee,146,18.6
FX_fee,145,18.2
FX_fee,147,18.26
FX_fee,150,18.23
FX_fee,148,18.77
FX_fee,151,18.62
FX_fee,149,18.42
FX_fee,152,18.18
FX_fee,154,18.78
FX_fee,153,18.58
FX_fee,156,18.72
FX_fee,155,18.71
FX_fee,157,18.36
FX_fee,158,18.72
FX_fee,159,18.77
FX_fee,160,18.37
FX_fee,161,18.26
FX_fee,162,18.46
FX_fee,163,18.64
FX_fee,164,18.45
FX_fee,165,18.58
FX_fee,166,18.42
FX_fee,167,18.54
FX_fee,169,18.65
FX_fee,168,18.3
FX_fee,171,18.58
FX_fee,170,18.43
FX_fee,173,18.19
FX_fee,172,18.61
FX_fee,175,18.34
FX_fee,174,18.43
FX_fee,176,17.92
FX_fee,177,18.31
FX_fee,180,18.48
FX_fee,178,18.54
FX_fee,179,18.25
FX_fee,181,18.55
FX_fee,182,18.58
FX_fee,183,18.75
FX_fee,184,18.84
FX_fee,186,18.58
FX_fee,185,18.6
FX_fee,187,18.49
FX_fee,189,18.65
FX_fee,188,18.69
FX_fee,190,18.23
FX_fee,191,18.45
FX_fee,193,18.37
FX_fee,192,18.1
FX_fee,194,18.98
FX_fee,195,18.57
FX_fee,196,18.0
FX_fee,197,18.66
FX_fee,198,18.2
FX_fee,199,18.73
FX_fee,200,18.52
FX_fee,201,18.5
FX_fee,203,18.46
FX_fee,202,18.9
FX_fee,204,17.89
FX_fee,205,18.5
FX_fee,206,18.37
FX_fee,207,18.69
FX_fee,209,18.59
FX_fee,208,18.38
FX_fee,210,18.78
FX_fee,211,18.51
FX_fee,212,18.41
FX_fee,216,18.86
FX_fee,213,18.06
FX_fee,214,18.52
FX_fee,218,18.17
FX_fee,215,18.53
FX_fee,219,18.47
FX_fee,217,18.76
FX_fee,220,18.57
FX_fee,222,18.66
FX_fee,221,18.44
FX_fee,223,18.11
FX_fee,224,18.81
FX_fee,225,18.32
FX_fee,230,18.4
FX_fee,228,18.21
FX_fee,226,18.38
FX_fee,232,18.55
FX_fee,229,18.57
FX_fee,227,18.34
FX_fee,231,17.91
FX_fee,233,18.4
FX_fee,235,18.36
FX_fee,234,18.31
FX_fee,236,18.12
FX_fee,237,18.51
FX_fee,238,18.48
FX_fee,239,18.58
FX_fee,240,18.27
FX_fee,245,18.47
FX_fee,244,18.18
FX_fee,243,18.27
FX_fee,241,18.43
FX_fee,242,17.67
FX_fee,246,18.33
FX_fee,247,18.43
FX_fee,248,18.32
FX_fee,249,18.29
FX_fee,250,18.41
FX_fee,251,18.48
FX_fee,252,18.23
FX_fee,254,18.96
FX_fee,256,18.14
FX_fee,255,18.41
FX_fee,253,18.55
FX_fee,258,18.64
FX_fee,257,18.43
FX_fee,259,18.43
FX_fee,260,18.35
FX_fee,261,18.84
FX_fee,262,18.28
FX_fee,263,17.84
FX_fee,264,18.85
FX_fee,266,17.98
FX_fee,265,17.93
FX_fee,270,18.6
FX_fee,267,18.32
FX_fee,269,18.47
FX_fee,268,18.37
FX_fee,271,19.02
FX_fee,272,18.38
FX_fee,273,18.53
FX_fee,274,18.23
FX_fee,275,18.33
FX_fee,276,18.49
FX_fee,277,18.58
FX_fee,281,18.29
FX_fee,280,18.1
FX_fee,282,18.48
FX_fee,278,18.24
FX_fee,283,18.78
FX_fee,284,18.27
FX_fee,279,18.62
FX_fee,285,18.02
FX_fee,286,18.76
FX_fee,287,18.38
FX_fee,288,18.19
FX_fee,289,18.46
FX_fee,290,18.44
FX_fee,291,18.57
FX_fee,293,18.17
FX_fee,295,18.47
FX_fee,292,18.6
FX_fee,294,18.43
FX_fee,296,18.21
FX_fee,297,18.3
FX_fee,298,18.45
FX_fee,299,18.55
FX_fee,301,18.59
FX_fee,300,18.23
FX_fee,302,18.27
FX_fee,303,18.38
FX_fee,304,18.33
FX_fee,305,18.28
FX_fee,306,18.4
FX_fee,307,18.55
FX_fee,308,18.12
FX_fee,309,18.22
FX_fee,310,18.49
FX_fee,312,18.45
FX_fee,311,18.49
FX_fee,314,18.21
FX_fee,313,18.55
FX_fee,317,18.29
FX_fee,315,18.7
FX_fee,316,18.43
FX_fee,318,18.37
FX_fee,319,18.57
FX_fee,320,18.67
FX_fee,322,18.46
FX_fee,323,18.34
FX_fee,321,18.3
FX_fee,324,18.49
FX_fee,325,18.36
FX_fee,326,18.18
FX_fee,327,18.36
FX_fee,329,18.51
FX_fee,328,18.47
FX_fee,331,18.28
FX_fee,330,18.52
FX_fee,333,18.7
FX_fee,336,18.0
FX_fee,332,18.71
FX_fee,334,18.38
FX_fee,335,18.71
FX_fee,337,18.58
FX_fee,338,18.45
FX_fee,339,18.43
FX_fee,341,18.15
FX_fee,340,18.28
FX_fee,342,18.57
FX_fee,344,18.51
FX_fee,343,18.53
FX_fee,345,18.54
FX_fee,346,18.66
FX_fee,348,18.16
FX_fee,347,18.57
FX_fee,349,18.6
FX_fee,350,18.25
FX_fee,352,18.28
FX_fee,351,18.69
FX_fee,355,18.96
FX_fee,354,18.34
FX_fee,353,18.63
FX_fee,358,18.21
FX_fee,356,18.41
FX_fee,357,18.44
FX_fee,359,18.45
FX_fee,360,18.42
FX_fee,362,18.68
FX_fee,363,18.66
FX_fee,361,18.11
FX_fee,365,18.57
FX_fee,364,18.58
FX_fee,366,18.01
FX_fee,367,18.6
FX_fee,368,18.49
FX_fee,371,18.15
FX_fee,369,18.44
FX_fee,370,18.12
FX_fee,373,18.19
FX_fee,372,18.51
FX_fee,374,18.6
FX_fee,376,18.49
FX_fee,375,18.6
FX_fee,378,18.71
FX_fee,377,18.49
FX_fee,380,18.43
FX_fee,379,18.45
FX_fee,381,18.49
FX_fee,383,18.59
FX_fee,382,18.76
FX_fee,384,18.59
FX_fee,385,18.41
FX_fee,386,18.35
FX_fee,387,18.16
FX_fee,389,18.34
FX_fee,388,18.09
FX_fee,391,18.74
FX_fee,390,18.6
FX_fee,392,18.86
FX_fee,393,18.78
FX_fee,394,18.82
FX_fee,395,18.17
FX_fee,397,18.41
FX_fee,399,18.64
FX_fee,396,18.77
FX_fee,398,18.34
FX_fee,401,18.23
FX_fee,400,18.14
FX_fee,402,18.54
FX_fee,403,18.29
FX_fee,404,18.42
FX_fee,406,18.37
FX_fee,405,18.41
FX_fee,407,18.36
FX_fee,409,18.31
FX_fee,408,18.72
FX_fee,411,18.6
FX_fee,410,18.4
FX_fee,412,18.29
FX_fee,413,18.32
FX_fee,414,18.48
FX_fee,415,17.9
FX_fee,417,18.56
FX_fee,416,18.27
FX_fee,418,18.34
FX_fee,419,18.25
FX_fee,423,18.38
FX_fee,420,18.41
FX_fee,421,18.54
FX_fee,424,18.67
FX_fee,422,18.74
FX_fee,426,18.66
FX_fee,425,18.13
FX_fee,427,18.77
FX_fee,428,18.28
FX_fee,429,18.56
FX_fee,430,18.31
FX_fee,431,18.14
FX_fee,432,18.56
FX_fee,433,18.42
FX_fee,434,18.41
FX_fee,435,18.39
FX_fee,436,18.11
FX_fee,438,18.57
FX_fee,439,18.41
FX_fee,437,18.13
FX_fee,440,18.78
FX_fee,441,18.36
FX_fee,442,18.54
FX_fee,443,18.13
FX_fee,444,17.85
FX_fee,445,18.6
FX_fee,446,18.57
FX_fee,447,18.47
FX_fee,448,18.63
FX_fee,450,18.43
FX_fee,449,18.48
FX_fee,452,18.41
FX_fee,451,18.58
FX_fee,453,18.29
FX_fee,455,18.54
FX_fee,454,18.27
FX_fee,456,18.46
FX_fee,457,18.53
FX_fee,458,18.13
FX_fee,459,18.46
FX_fee,461,18.43
FX_fee,460,18.48
FX_fee,463,18.58
FX_fee,462,17.86
FX_fee,464,18.21
FX_fee,465,18.57
FX_fee,466,18.25
FX_fee,467,18.33
FX_fee,468,17.93
FX_fee,470,18.21
FX_fee,471,18.62
FX_fee,469,18.27
FX_fee,472,18.6
FX_fee,473,18.02
FX_fee,474,18.45
FX_fee,475,18.42
FX_fee,476,18.74
FX_fee,477,18.93
FX_fee,478,17.9
FX_fee,479,18.66
FX_fee,480,18.71
FX_fee,481,18.3
FX_fee,482,18.08
FX_fee,483,18.39
FX_fee,484,18.48
FX_fee,485,18.88
FX_fee,486,18.29
FX_fee,490,18.41
FX_fee,488,18.58
FX_fee,491,18.37
FX_fee,487,18.36
FX_fee,489,18.57
FX_fee,492,18.51
FX_fee,494,18.58
FX_fee,493,18.12
FX_fee,495,18.53
FX_fee,496,18.55
FX_fee,497,18.53
FX_fee,498,18.06
FX_fee,499,17.96
FX_fee,501,17.9
FX_fee,500,17.95
FX_fee,503,18.13
FX_fee,504,18.75
FX_fee,502,18.34
FX_fee,505,18.41
FX_fee,507,18.47
FX_fee,506,18.26
FX_fee,508,18.6
FX_fee,509,18.28
FX_fee,510,18.45
FX_fee,511,18.02
FX_fee,513,18.51
FX_fee,514,18.58
FX_fee,516,18.64
FX_fee,512,18.09
FX_fee,515,18.85
FX_fee,517,18.33
FX_fee,518,18.28
FX_fee,520,18.47
FX_fee,519,18.6
FX_fee,521,18.54
FX_fee,523,17.75
FX_fee,522,18.41
FX_fee,524,18.39
FX_fee,526,18.55
FX_fee,525,18.77
FX_fee,527,18.19
FX_fee,529,18.69
FX_fee,528,18.0
FX_fee,530,18.15
FX_fee,531,18.44
FX_fee,533,18.39
FX_fee,534,18.97
FX_fee,532,18.73
FX_fee,536,18.39
FX_fee,535,18.11
FX_fee,539,18.61
FX_fee,537,18.2
FX_fee,540,18.65
FX_fee,538,18.49
FX_fee,541,18.65
FX_fee,543,18.48
FX_fee,542,18.17
FX_fee,544,18.53
FX_fee,545,18.48
FX_fee,546,18.81
FX_fee,547,18.45
FX_fee,548,17.87
FX_fee,549,18.35
FX_fee,550,18.59
FX_fee,553,18.3
FX_fee,551,18.21
FX_fee,552,18.67
FX_fee,554,18.69
FX_fee,556,18.31
FX_fee,555,18.17
FX_fee,557,18.46
FX_fee,558,18.41
FX_fee,560,18.39
FX_fee,559,18.05
FX_fee,561,18.05
FX_fee,562,18.45
FX_fee,563,18.36
FX_fee,564,18.57
FX_fee,565,18.11
FX_fee,567,18.42
FX_fee,566,18.66
FX_fee,568,18.54
FX_fee,569,18.54
FX_fee,570,18.83
FX_fee,571,18.31
FX_fee,572,18.23
FX_fee,573,18.46
FX_fee,574,18.68
FX_fee,575,18.24
FX_fee,576,18.18
FX_fee,577,18.47
FX_fee,578,18.39
FX_fee,580,18.62
FX_fee,579,18.28
FX_fee,581,18.27
FX_fee,582,18.47
FX_fee,583,18.01
FX_fee,585,18.41
FX_fee,584,18.58
FX_fee,586,18.31
FX_fee,588,18.57
FX_fee,587,18.24
FX_fee,589,18.3
FX_fee,590,18.16
FX_fee,592,18.46
FX_fee,593,18.46
FX_fee,591,18.61
FX_fee,595,18.83
FX_fee,594,18.45
FX_fee,596,18.75
FX_fee,597,18.29
FX_fee,598,18.5
FX_fee,599,18.53
FX_fee,601,18.27
FX_fee,600,18.23
FX_fee,602,18.24
FX_fee,603,18.47
FX_fee,606,17.97
FX_fee,604,18.57
FX_fee,608,18.01
FX_fee,605,18.35
FX_fee,607,18.6
FX_fee,609,18.69
FX_fee,610,18.33
FX_fee,611,18.49
FX_fee,612,18.35
FX_fee,614,18.34
FX_fee,613,18.49
FX_fee,615,18.57
FX_fee,617,18.49
FX_fee,616,18.54
FX_fee,619,18.59
FX_fee,618,17.9
FX_fee,621,18.34
FX_fee,620,18.48
FX_fee,622,18.38
FX_fee,623,18.55
FX_fee,625,17.84
FX_fee,624,18.74
FX_fee,627,18.29
FX_fee,626,18.58
FX_fee,628,18.42
FX_fee,629,18.44
FX_fee,630,18.45
FX_fee,631,18.62
FX_fee,632,18.63
FX_fee,633,18.45
FX_fee,634,18.21
FX_fee,635,18.35
FX_fee,636,18.32
FX_fee,638,18.47
FX_fee,637,18.3
FX_fee,640,18.28
FX_fee,639,18.51
FX_fee,641,18.49
FX_fee,642,18.43
FX_fee,643,18.76
FX_fee,646,18.37
FX_fee,645,18.42
FX_fee,644,18.85
FX_fee,647,18.25
FX_fee,648,18.34
FX_fee,649,18.54
FX_fee,650,18.44
FX_fee,651,18.5
FX_fee,653,18.59
FX_fee,652,18.32
FX_fee,654,18.36
FX_fee,655,18.81
FX_fee,656,18.53
FX_fee,657,18.58
FX_fee,658,18.56
FX_fee,659,18.73
FX_fee,660,18.72
FX_fee,661,18.33
FX_fee,662,18.35
FX_fee,664,18.2
FX_fee,663,18.46
FX_fee,665,18.47
FX_fee,666,18.43
FX_fee,667,17.94
FX_fee,668,18.64
FX_fee,670,18.4
FX_fee,669,18.04
FX_fee,672,18.34
FX_fee,671,18.38
FX_fee,673,18.53
FX_fee,674,18.54
FX_fee,675,18.35
FX_fee,676,18.45
FX_fee,678,18.32
FX_fee,677,18.64
FX_fee,680,18.4
FX_fee,679,18.23
FX_fee,681,18.58
FX_fee,682,18.34
FX_fee,683,18.23
FX_fee,684,18.53
FX_fee,685,18.38
FX_fee,686,18.52
FX_fee,687,18.61
FX_fee,688,18.47
FX_fee,690,18.47
FX_fee,689,18.34
FX_fee,691,18.33
FX_fee,693,18.4
FX_fee,692,18.56
FX_fee,694,18.53
FX_fee,695,18.3
FX_fee,697,18.29
FX_fee,698,18.56
FX_fee,696,18.53
FX_fee,700,18.48
FX_fee,699,18.5
FX_fee,701,18.2
FX_fee,703,18.51
FX_fee,702,18.36
FX_fee,704,18.56
FX_fee,705,18.15
FX_fee,706,18.28
FX_fee,707,18.65
FX_fee,709,18.61
FX_fee,708,18.54
FX_fee,710,18.24
FX_fee,711,18.41
FX_fee,713,18.1
FX_fee,712,18.08
FX_fee,714,18.47
FX_fee,715,18.07
FX_fee,716,18.6
FX_fee,718,18.14
FX_fee,720,17.86
FX_fee,719,18.64
FX_fee,717,18.22
FX_fee,722,18.74
FX_fee,721,18.6
FX_fee,723,18.26
FX_fee,724,18.58
FX_fee,725,18.71
FX_fee,726,18.56
FX_fee,727,18.72
FX_fee,728,18.62
FX_fee,729,18.44
FX_fee,733,18.84
FX_fee,731,18.31
FX_fee,730,18.74
FX_fee,732,18.67
FX_fee,735,18.84
FX_fee,736,18.38
FX_fee,737,18.57
FX_fee,734,18.23
FX_fee,739,18.08
FX_fee,738,18.19
FX_fee,740,18.62
FX_fee,741,18.55
FX_fee,742,18.62
FX_fee,743,18.45
FX_fee,744,18.16
FX_fee,746,18.46
FX_fee,745,18.15
FX_fee,747,18.18
FX_fee,748,18.37
FX_fee,749,18.31
FX_fee,750,18.87
FX_fee,752,18.75
FX_fee,751,18.4
FX_fee,754,17.84
FX_fee,753,18.68
FX_fee,755,18.65
FX_fee,756,18.67
FX_fee,758,18.62
FX_fee,757,18.34
FX_fee,759,18.24
FX_fee,761,18.59
FX_fee,760,18.76
FX_fee,762,18.29
FX_fee,763,18.13
FX_fee,764,18.94
FX_fee,765,18.54
FX_fee,766,18.4
FX_fee,767,18.66
FX_fee,768,18.0
FX_fee,769,19.05
FX_fee,770,18.62
FX_fee,771,18.66
FX_fee,772,18.39
FX_fee,773,18.21
FX_fee,774,18.62
FX_fee,775,18.46
FX_fee,776,18.44
FX_fee,777,18.69
FX_fee,778,18.18
FX_fee,779,18.17
FX_fee,780,18.82
FX_fee,781,18.46
FX_fee,782,18.21
FX_fee,783,18.56
FX_fee,784,18.65
FX_fee,785,18.42
FX_fee,786,18.8
FX_fee,788,18.51
FX_fee,787,18.17
FX_fee,789,18.51
FX_fee,790,18.26
FX_fee,792,18.6
FX_fee,791,18.49
FX_fee,794,18.66
FX_fee,793,18.59
FX_fee,795,18.45
FX_fee,796,18.81
FX_fee,797,18.01
FX_fee,798,18.73
FX_fee,799,18.02
FX_fee,801,18.58
FX_fee,800,18.38
FX_fee,802,18.12
FX_fee,803,18.53
FX_fee,805,18.09
FX_fee,804,18.95
FX_fee,806,18.57
FX_fee,807,18.4
FX_fee,809,18.86
FX_fee,808,18.14
FX_fee,810,18.53
FX_fee,811,18.42
FX_fee,812,18.66
FX_fee,813,18.67
FX_fee,814,18.6
FX_fee,815,18.24
FX_fee,816,18.24
FX_fee,817,18.55
FX_fee,818,18.53
FX_fee,819,18.3
FX_fee,820,18.49
FX_fee,821,18.53
FX_fee,822,18.14
FX_fee,823,18.06
FX_fee,824,18.65
FX_fee,825,18.63
FX_fee,826,18.48
FX_fee,827,18.72
FX_fee,828,18.48
FX_fee,829,18.02
FX_fee,830,18.41
FX_fee,831,18.18
FX_fee,832,18.02
FX_fee,833,18.66
FX_fee,834,18.59
FX_fee,835,18.34
FX_fee,836,18.44
FX_fee,837,18.5
FX_fee,838,18.61
FX_fee,840,18.12
FX_fee,839,18.4
FX_fee,841,18.11
FX_fee,842,18.57
FX_fee,844,18.3
FX_fee,843,18.28
FX_fee,845,18.91
FX_fee,847,18.5
FX_fee,846,18.92
FX_fee,849,18.55
FX_fee,848,18.57
FX_fee,850,18.5
FX_fee,851,18.23
FX_fee,852,18.1
FX_fee,854,18.61
FX_fee,853,18.19
FX_fee,855,18.25
FX_fee,856,18.68
FX_fee,857,18.06
FX_fee,858,18.36
FX_fee,860,18.72
FX_fee,859,18.43
FX_fee,862,18.83
FX_fee,861,18.64
FX_fee,864,18.62
FX_fee,865,18.42
FX_fee,863,18.56
FX_fee,866,18.6
FX_fee,867,18.41
FX_fee,869,18.66
FX_fee,870,18.36
FX_fee,868,18.39
FX_fee,871,18.36
FX_fee,873,18.3
FX_fee,872,18.47
FX_fee,875,18.45
FX_fee,874,18.12
FX_fee,876,18.39
FX_fee,877,18.22
FX_fee,878,18.56
FX_fee,879,18.5
FX_fee,880,18.29
FX_fee,881,18.29
FX_fee,882,18.37
FX_fee,883,18.18
FX_fee,884,18.3
FX_fee,885,18.71
FX_fee,886,18.56
FX_fee,887,18.57
FX_fee,888,18.64
FX_fee,889,18.23
FX_fee,891,17.97
FX_fee,890,18.31
FX_fee,892,18.47
FX_fee,893,18.39
FX_fee,894,17.84
FX_fee,896,18.33
FX_fee,895,18.48
FX_fee,898,18.83
FX_fee,897,18.33
FX_fee,899,18.53
FX_fee,901,18.27
FX_fee,900,18.16
FX_fee,902,18.15
FX_fee,904,18.57
FX_fee,903,18.15
FX_fee,905,18.0
FX_fee,906,18.61
FX_fee,907,18.53
FX_fee,908,18.67
FX_fee,909,18.66
FX_fee,911,18.42
FX_fee,910,18.7
FX_fee,912,18.66
FX_fee,913,18.51
FX_fee,914,18.31
FX_fee,915,18.45
FX_fee,916,18.54
FX_fee,917,17.98
FX_fee,919,18.02
FX_fee,920,18.34
FX_fee,918,18.28
FX_fee,921,18.58
FX_fee,922,18.52
FX_fee,923,18.12
FX_fee,924,18.45
FX_fee,927,18.26
FX_fee,925,17.99
FX_fee,926,18.2
FX_fee,929,18.21
FX_fee,928,18.85
FX_fee,931,18.47
FX_fee,930,18.68
FX_fee,932,18.21
FX_fee,933,18.63
FX_fee,934,18.47
FX_fee,935,18.7
FX_fee,936,18.19
FX_fee,937,18.46
FX_fee,938,18.33
FX_fee,939,18.44
FX_fee,940,18.17
FX_fee,941,18.96
FX_fee,943,18.46
FX_fee,942,18.77
FX_fee,946,18.51
FX_fee,945,18.14
FX_fee,944,18.6
FX_fee,947,18.58
FX_fee,949,18.57
FX_fee,950,18.92
FX_fee,948,18.27
FX_fee,952,18.14
FX_fee,951,18.34
FX_fee,953,18.36
FX_fee,954,18.46
FX_fee,956,18.17
FX_fee,955,18.03
FX_fee,957,18.38
FX_fee,958,18.42
FX_fee,959,18.41
FX_fee,960,18.41
FX_fee,961,18.57
FX_fee,963,18.05
FX_fee,962,18.1
FX_fee,965,18.49
FX_fee,964,18.58
FX_fee,966,18.03
FX_fee,967,18.43
FX_fee,968,18.31
FX_fee,969,18.55
FX_fee,971,18.54
FX_fee,970,18.61
FX_fee,972,18.07
FX_fee,973,18.5
FX_fee,974,18.69
FX_fee,975,18.49
FX_fee,976,18.12
FX_fee,977,18.23
FX_fee,979,18.23
FX_fee,978,18.39
FX_fee,980,18.31
FX_fee,981,18.59
FX_fee,982,18.45
FX_fee,983,18.26
FX_fee,984,18.47
FX_fee,985,18.72
FX_fee,986,18.7
FX_fee,987,18.14
FX_fee,988,18.22
FX_fee,989,18.26
FX_fee,990,18.45
FX_fee,991,18.54
FX_fee,992,18.65
FX_fee,994,18.67
FX_fee,993,18.38
FX_fee,995,18.51
FX_fee,996,18.62
FX_fee,997,18.5
FX_fee,998,18.19
FX_fee,999,18.62
DA_fee,0,17.1
DA_fee,2,16.62
DA_fee,1,16.64
DA_fee,3,22.17
DA_fee,4,17.52
DA_fee,5,16.32
DA_fee,6,16.72
DA_fee,7,16.73
DA_fee,8,16.56
DA_fee,9,16.38
DA_fee,10,16.61
DA_fee,12,17.67
DA_fee,11,17.95
DA_fee,13,17.63
DA_fee,14,16.84
DA_fee,15,20.2
DA_fee,16,16.81
DA_fee,17,16.56
DA_fee,18,16.81
DA_fee,19,16.97
DA_fee,20,23.32
DA_fee,21,18.04
DA_fee,23,18.89
DA_fee,24,19.83
DA_fee,22,14.83
DA_fee,25,16.08
DA_fee,26,16.97
DA_fee,27,16.27
DA_fee,28,15.81
DA_fee,29,17.37
DA_fee,30,16.02
DA_fee,31,16.09
DA_fee,32,16.67
DA_fee,33,16.86
DA_fee,34,15.47
DA_fee,35,16.96
DA_fee,36,16.46
DA_fee,38,16.19
DA_fee,37,17.98
DA_fee,40,18.26
DA_fee,39,16.71
DA_fee,41,16.61
DA_fee,42,16.75
DA_fee,43,17.5
DA_fee,44,17.24
DA_fee,45,16.96
DA_fee,46,17.58
DA_fee,47,16.0
DA_fee,49,17.02
DA_fee,48,16.97
DA_fee,51,17.23
DA_fee,50,17.69
DA_fee,52,17.14
DA_fee,53,18.46
DA_fee,54,16.21
DA_fee,55,17.42
DA_fee,56,16.75
DA_fee,57,16.3
DA_fee,58,16.41
DA_fee,59,16.68
DA_fee,60,17.86
DA_fee,62,18.03
DA_fee,61,16.61
DA_fee,63,17.79
DA_fee,64,12.54
DA_fee,66,17.76
DA_fee,65,17.21
DA_fee,67,20.39
DA_fee,68,16.51
DA_fee,70,15.95
DA_fee,69,17.41
DA_fee,72,16.33
DA_fee,71,16.0
DA_fee,73,17.19
DA_fee,74,15.54
DA_fee,75,15.8
DA_fee,76,16.97
DA_fee,77,18.03
DA_fee,78,17.2
DA_fee,80,18.85
DA_fee,79,16.68
DA_fee,82,15.38
DA_fee,81,16.54
DA_fee,83,16.85
DA_fee,84,16.81
DA_fee,85,22.83
DA_fee,86,17.1
DA_fee,87,15.39
DA_fee,88,16.86
DA_fee,89,17.95
DA_fee,90,15.78
DA_fee,91,17.4
DA_fee,92,16.67
DA_fee,93,16.82
DA_fee,94,16.83
DA_fee,95,16.8
DA_fee,96,17.18
DA_fee,97,16.27
DA_fee,98,17.89
DA_fee,99,16.92
DA_fee,100,15.95
DA_fee,102,16.92
DA_fee,101,16.01
DA_fee,103,19.31
DA_fee,104,16.74
DA_fee,105,12.69
DA_fee,106,17.38
DA_fee,107,14.92
DA_fee,108,17.87
DA_fee,109,17.01
DA_fee,110,17.28
DA_fee,111,23.47
DA_fee,112,18.06
DA_fee,113,16.79
DA_fee,114,16.48
DA_fee,115,21.01
DA_fee,118,15.02
DA_fee,116,12.42
DA_fee,119,16.92
DA_fee,117,16.48
DA_fee,121,14.51
DA_fee,120,17.09
DA_fee,122,16.19
DA_fee,123,15.74
DA_fee,124,17.3
DA_fee,125,16.81
DA_fee,126,17.35
DA_fee,127,16.72
DA_fee,128,17.78
DA_fee,129,15.4
DA_fee,130,23.13
DA_fee,131,16.2
DA_fee,132,17.21
DA_fee,134,15.33
DA_fee,133,16.31
DA_fee,135,16.6
DA_fee,136,16.43
DA_fee,137,15.73
DA_fee,138,17.25
DA_fee,139,17.11
DA_fee,140,16.31
DA_fee,141,16.39
DA_fee,142,17.15
DA_fee,144,18.11
DA_fee,143,16.9
DA_fee,145,20.7
DA_fee,148,17.42
DA_fee,146,18.18
DA_fee,147,16.67
DA_fee,150,16.91
DA_fee,149,17.13
DA_fee,152,17.96
DA_fee,151,17.57
DA_fee,153,16.61
DA_fee,154,17.1
DA_fee,155,17.82
DA_fee,156,17.26
DA_fee,157,17.29
DA_fee,158,16.54
DA_fee,160,16.4
DA_fee,159,14.8
DA_fee,161,17.64
DA_fee,162,16.87
DA_fee,163,17.17
DA_fee,164,16.51
DA_fee,165,16.04
DA_fee,167,18.26
DA_fee,166,17.76
DA_fee,168,23.29
DA_fee,169,16.79
DA_fee,170,16.23
DA_fee,173,16.3
DA_fee,171,19.07
DA_fee,172,18.47
DA_fee,174,16.22
DA_fee,177,17.8
DA_fee,176,16.9
DA_fee,175,18.14
DA_fee,178,15.76
DA_fee,179,17.37
DA_fee,180,17.14
DA_fee,181,21.92
DA_fee,182,16.89
DA_fee,183,17.44
DA_fee,184,16.42
DA_fee,185,16.33
DA_fee,186,21.37
DA_fee,187,14.93
DA_fee,188,15.49
DA_fee,190,17.64
DA_fee,191,16.59
DA_fee,189,24.39
DA_fee,192,17.36
DA_fee,194,16.78
DA_fee,193,16.96
DA_fee,195,16.02
DA_fee,196,19.73
DA_fee,198,17.85
DA_fee,197,17.34
DA_fee,199,16.03
DA_fee,200,15.3
DA_fee,201,15.31
DA_fee,204,16.6
DA_fee,202,16.29
DA_fee,205,16.16
DA_fee,203,17.82
DA_fee,207,17.23
DA_fee,206,16.39
DA_fee,209,16.16
DA_fee,208,14.62
DA_fee,210,17.45
DA_fee,211,18.06
DA_fee,212,16.99
DA_fee,213,20.68
DA_fee,214,16.26
DA_fee,215,16.68
DA_fee,217,16.35
DA_fee,218,17.05
DA_fee,216,17.9
DA_fee,220,17.55
DA_fee,219,23.12
DA_fee,221,16.58
DA_fee,222,17.12
DA_fee,223,15.44
DA_fee,224,14.99
DA_fee,225,16.99
DA_fee,226,17.85
DA_fee,227,16.16
DA_fee,228,16.91
DA_fee,229,16.73
DA_fee,230,14.46
DA_fee,231,16.28
DA_fee,232,16.86
DA_fee,233,18.19
DA_fee,234,18.08
DA_fee,235,16.29
DA_fee,237,17.76
DA_fee,236,18.55
DA_fee,238,17.5
DA_fee,239,16.56
DA_fee,240,16.0
DA_fee,242,17.43
DA_fee,241,17.1
DA_fee,243,17.47
DA_fee,244,14.93
DA_fee,245,17.22
DA_fee,246,21.14
DA_fee,247,18.4
DA_fee,249,16.57
DA_fee,248,15.83
DA_fee,251,16.28
DA_fee,250,15.8
DA_fee,252,19.13
DA_fee,253,15.79
DA_fee,254,15.73
DA_fee,255,16.66
DA_fee,256,17.72
DA_fee,257,17.1
DA_fee,258,16.72
DA_fee,259,16.9
DA_fee,260,16.83
DA_fee,262,16.56
DA_fee,261,17.57
DA_fee,263,16.74
DA_fee,264,16.43
DA_fee,265,19.87
DA_fee,266,19.67
DA_fee,267,17.29
DA_fee,268,16.3
DA_fee,269,22.87
DA_fee,270,18.0
DA_fee,271,17.0
DA_fee,272,22.31
DA_fee,274,16.67
DA_fee,275,17.18
DA_fee,273,17.33
DA_fee,276,17.1
DA_fee,277,20.82
DA_fee,278,17.51
DA_fee,279,13.87
DA_fee,280,17.51
DA_fee,281,12.62
DA_fee,282,18.38
DA_fee,283,17.1
DA_fee,284,16.02
DA_fee,285,19.15
DA_fee,288,16.34
DA_fee,287,16.76
DA_fee,286,16.0
DA_fee,289,15.97
DA_fee,290,17.16
DA_fee,291,17.28
DA_fee,292,18.27
DA_fee,293,16.88
DA_fee,294,16.92
DA_fee,295,17.42
DA_fee,296,16.72
DA_fee,297,16.27
DA_fee,298,15.89
DA_fee,300,18.39
DA_fee,299,22.28
DA_fee,301,17.37
DA_fee,303,16.87
DA_fee,302,17.09
DA_fee,304,15.9
DA_fee,305,17.56
DA_fee,306,16.52
DA_fee,307,17.71
DA_fee,308,16.95
DA_fee,309,16.35
DA_fee,310,16.29
DA_fee,314,17.99
DA_fee,311,16.51
DA_fee,312,18.77
DA_fee,313,17.14
DA_fee,315,25.86
DA_fee,316,16.25
DA_fee,317,17.0
DA_fee,318,20.25
DA_fee,319,17.15
DA_fee,320,17.28
DA_fee,321,17.06
DA_fee,323,16.44
DA_fee,322,16.29
DA_fee,327,17.83
DA_fee,326,18.75
DA_fee,324,17.44
DA_fee,325,17.33
DA_fee,328,17.57
DA_fee,329,22.53
DA_fee,330,16.69
DA_fee,331,17.16
DA_fee,332,16.83
DA_fee,333,17.6
DA_fee,334,15.77
DA_fee,336,20.39
DA_fee,335,15.5
DA_fee,339,17.26
DA_fee,338,15.71
DA_fee,341,19.23
DA_fee,337,17.05
DA_fee,340,16.99
DA_fee,342,17.32
DA_fee,343,16.57
DA_fee,344,17.34
DA_fee,345,15.92
DA_fee,346,17.13
DA_fee,347,16.17
DA_fee,349,16.59
DA_fee,348,14.92
DA_fee,351,16.8
DA_fee,353,17.06
DA_fee,350,16.45
DA_fee,352,18.36
DA_fee,354,16.05
DA_fee,355,16.3
DA_fee,356,16.75
DA_fee,357,16.93
DA_fee,358,17.4
DA_fee,359,16.21
DA_fee,360,17.14
DA_fee,361,16.25
DA_fee,362,16.91
DA_fee,363,17.6
DA_fee,365,21.66
DA_fee,364,17.03
DA_fee,366,17.59
DA_fee,367,16.95
DA_fee,368,16.49
DA_fee,369,16.07
DA_fee,370,18.5
DA_fee,371,19.88
DA_fee,372,22.49
DA_fee,373,16.1
DA_fee,375,16.96
DA_fee,374,16.45
DA_fee,376,18.9
DA_fee,378,17.43
DA_fee,377,14.6
DA_fee,379,15.72
DA_fee,380,16.21
DA_fee,381,16.93
DA_fee,382,16.15
DA_fee,383,16.91
DA_fee,384,16.93
DA_fee,385,17.44
DA_fee,386,17.34
DA_fee,387,16.43
DA_fee,388,16.69
DA_fee,389,16.74
DA_fee,390,16.53
DA_fee,391,16.57
DA_fee,393,17.43
DA_fee,392,16.66
DA_fee,394,17.83
DA_fee,396,18.38
DA_fee,395,17.97
DA_fee,397,17.56
DA_fee,398,17.09
DA_fee,399,18.09
DA_fee,400,17.15
DA_fee,401,16.48
DA_fee,402,17.4
DA_fee,404,16.92
DA_fee,403,17.38
DA_fee,405,16.81
DA_fee,406,21.4
DA_fee,407,20.88
DA_fee,408,17.55
DA_fee,409,17.49
DA_fee,410,17.18
DA_fee,412,15.63
DA_fee,411,17.59
DA_fee,413,17.18
DA_fee,414,16.43
DA_fee,415,14.89
DA_fee,416,16.39
DA_fee,417,17.08
DA_fee,418,15.73
DA_fee,419,23.27
DA_fee,420,16.8
DA_fee,421,17.66
DA_fee,422,17.45
DA_fee,423,16.64
DA_fee,425,16.87
DA_fee,424,16.55
DA_fee,426,17.14
DA_fee,427,18.1
DA_fee,428,16.6
DA_fee,430,16.75
DA_fee,429,16.71
DA_fee,431,16.3
DA_fee,432,16.07
DA_fee,433,18.98
DA_fee,434,16.42
DA_fee,435,15.67
DA_fee,436,16.43
DA_fee,437,14.43
DA_fee,438,16.36
DA_fee,439,17.92
DA_fee,440,17.5
DA_fee,441,14.95
DA_fee,443,17.32
DA_fee,442,14.99
DA_fee,444,17.17
DA_fee,446,16.66
DA_fee,445,16.52
DA_fee,447,17.37
DA_fee,448,17.92
DA_fee,449,16.47
DA_fee,450,15.86
DA_fee,451,17.55
DA_fee,453,16.07
DA_fee,452,15.74
DA_fee,454,16.64
DA_fee,456,16.27
DA_fee,455,18.48
DA_fee,457,16.68
DA_fee,458,16.02
DA_fee,459,19.96
DA_fee,460,16.2
DA_fee,461,17.28
DA_fee,462,17.2
DA_fee,463,16.37
DA_fee,465,17.2
DA_fee,466,18.19
DA_fee,464,16.43
DA_fee,467,15.52
DA_fee,468,17.22
DA_fee,469,16.96
DA_fee,470,16.75
DA_fee,471,17.57
DA_fee,472,16.35
DA_fee,473,18.23
DA_fee,474,16.89
DA_fee,475,16.82
DA_fee,476,16.76
DA_fee,479,16.72
DA_fee,478,19.63
DA_fee,477,17.08
DA_fee,480,17.41
DA_fee,481,17.71
DA_fee,483,17.43
DA_fee,484,21.56
DA_fee,482,16.58
DA_fee,485,16.94
DA_fee,486,16.03
DA_fee,487,16.97
DA_fee,488,16.74
DA_fee,489,16.03
DA_fee,490,16.45
DA_fee,491,17.16
DA_fee,492,16.75
DA_fee,493,17.55
DA_fee,494,16.98
DA_fee,495,16.63
DA_fee,497,15.51
DA_fee,496,17.02
DA_fee,498,15.45
DA_fee,499,16.74
DA_fee,500,19.07
DA_fee,501,16.93
DA_fee,502,22.96
DA_fee,503,20.55
DA_fee,506,16.28
DA_fee,505,22.9
DA_fee,504,16.86
DA_fee,508,17.09
DA_fee,507,16.21
DA_fee,509,16.53
DA_fee,510,16.42
DA_fee,511,16.95
DA_fee,512,16.77
DA_fee,513,16.11
DA_fee,514,17.18
DA_fee,515,16.96
DA_fee,516,16.2
DA_fee,518,17.56
DA_fee,517,16.38
DA_fee,521,16.45
DA_fee,519,16.47
DA_fee,520,16.11
DA_fee,522,16.65
DA_fee,523,17.57
DA_fee,524,19.51
DA_fee,525,15.92
DA_fee,526,16.68
DA_fee,527,17.18
DA_fee,528,16.93
DA_fee,529,17.2
DA_fee,530,16.23
DA_fee,531,18.02
DA_fee,534,17.96
DA_fee,533,17.06
DA_fee,532,16.46
DA_fee,535,18.08
DA_fee,536,14.12
DA_fee,537,15.82
DA_fee,538,17.81
DA_fee,539,16.91
DA_fee,540,18.18
DA_fee,541,16.31
DA_fee,542,22.23
DA_fee,543,15.97
DA_fee,544,17.48
DA_fee,545,16.07
DA_fee,547,16.38
DA_fee,546,17.86
DA_fee,548,17.13
DA_fee,549,18.33
DA_fee,550,16.05
DA_fee,551,16.01
DA_fee,552,18.3
DA_fee,553,16.48
DA_fee,554,17.31
DA_fee,555,16.54
DA_fee,556,22.43
DA_fee,557,15.26
DA_fee,559,17.53
DA_fee,560,16.78
DA_fee,558,17.1
DA_fee,562,16.98
DA_fee,561,17.14
DA_fee,563,18.3
DA_fee,564,17.57
DA_fee,565,18.33
DA_fee,566,15.9
DA_fee,567,15.66
DA_fee,568,15.49
DA_fee,572,16.67
DA_fee,569,16.6
DA_fee,573,18.12
DA_fee,570,16.6
DA_fee,571,17.44
DA_fee,574,16.5
DA_fee,575,16.9
DA_fee,576,17.73
DA_fee,577,16.51
DA_fee,578,16.21
DA_fee,579,18.55
DA_fee,580,18.47
DA_fee,581,19.79
DA_fee,583,17.16
DA_fee,582,16.66
DA_fee,586,16.72
DA_fee,584,16.28
DA_fee,585,17.14
DA_fee,587,21.45
DA_fee,588,15.28
DA_fee,589,18.1
DA_fee,590,16.47
DA_fee,591,16.25
DA_fee,592,17.15
DA_fee,593,16.52
DA_fee,596,15.46
DA_fee,594,17.46
DA_fee,597,16.98
DA_fee,599,17.08
DA_fee,595,16.51
DA_fee,598,17.47
DA_fee,600,17.42
DA_fee,601,17.07
DA_fee,603,22.57
DA_fee,602,16.99
DA_fee,604,16.09
DA_fee,605,18.14
DA_fee,606,18.46
DA_fee,607,18.22
DA_fee,608,23.26
DA_fee,610,15.41
DA_fee,609,19.82
DA_fee,612,21.26
DA_fee,611,16.22
DA_fee,613,16.93
DA_fee,614,16.49
DA_fee,616,17.24
DA_fee,615,15.61
DA_fee,617,16.31
DA_fee,618,21.75
DA_fee,619,16.02
DA_fee,623,17.72
DA_fee,621,16.82
DA_fee,620,16.05
DA_fee,622,17.99
DA_fee,624,16.79
DA_fee,626,16.09
DA_fee,625,17.81
DA_fee,627,17.42
DA_fee,629,15.55
DA_fee,628,17.59
DA_fee,630,17.21
DA_fee,631,15.73
DA_fee,632,22.01
DA_fee,633,16.74
DA_fee,635,16.67
DA_fee,639,16.34
DA_fee,636,17.34
DA_fee,637,16.33
DA_fee,638,16.84
DA_fee,634,17.12
DA_fee,642,17.21
DA_fee,640,17.64
DA_fee,641,17.83
DA_fee,643,16.59
DA_fee,644,16.19
DA_fee,645,22.78
DA_fee,646,16.5
DA_fee,647,15.85
DA_fee,649,17.29
DA_fee,648,21.94
DA_fee,652,16.99
DA_fee,651,17.54
DA_fee,650,16.69
DA_fee,653,15.92
DA_fee,655,17.58
DA_fee,654,16.6
DA_fee,656,16.63
DA_fee,657,17.61
DA_fee,658,16.39
DA_fee,659,16.19
DA_fee,660,14.49
DA_fee,661,16.77
DA_fee,662,15.22
DA_fee,663,16.2
DA_fee,664,19.04
DA_fee,665,16.23
DA_fee,666,18.48
DA_fee,667,21.21
DA_fee,668,17.61
DA_fee,669,15.48
DA_fee,670,16.64
DA_fee,671,15.93
DA_fee,672,15.73
DA_fee,674,17.13
DA_fee,673,15.3
DA_fee,677,22.02
DA_fee,675,17.47
DA_fee,676,14.86
DA_fee,678,16.64
DA_fee,679,17.16
DA_fee,680,16.51
DA_fee,681,16.89
DA_fee,682,17.38
DA_fee,683,18.29
DA_fee,684,16.36
DA_fee,685,16.7
DA_fee,688,14.89
DA_fee,686,16.96
DA_fee,689,16.15
DA_fee,687,16.8
DA_fee,690,16.22
DA_fee,691,14.86
DA_fee,694,16.19
DA_fee,693,15.95
DA_fee,692,15.64
DA_fee,695,17.14
DA_fee,696,17.04
DA_fee,697,16.47
DA_fee,698,16.76
DA_fee,699,17.59
DA_fee,700,16.86
DA_fee,701,16.73
DA_fee,703,14.74
DA_fee,702,15.97
DA_fee,704,16.77
DA_fee,705,17.1
DA_fee,707,16.81
DA_fee,706,17.45
DA_fee,708,16.79
DA_fee,709,17.28
DA_fee,710,16.41
DA_fee,712,17.25
DA_fee,711,13.98
DA_fee,713,16.54
DA_fee,714,16.57
DA_fee,716,17.73
DA_fee,715,16.39
DA_fee,717,17.24
DA_fee,718,15.68
DA_fee,719,16.99
DA_fee,720,16.91
DA_fee,721,16.63
DA_fee,722,16.29
DA_fee,723,16.96
DA_fee,724,16.63
DA_fee,725,17.58
DA_fee,726,17.37
DA_fee,727,16.61
DA_fee,728,16.4
DA_fee,729,15.94
DA_fee,730,16.66
DA_fee,731,16.44
DA_fee,733,16.85
DA_fee,732,16.43
DA_fee,735,16.79
DA_fee,734,17.55
DA_fee,736,16.98
DA_fee,737,17.21
DA_fee,738,16.1
DA_fee,739,17.5
DA_fee,740,17.06
DA_fee,741,16.22
DA_fee,742,18.86
DA_fee,744,17.19
DA_fee,745,17.59
DA_fee,743,16.22
DA_fee,746,18.33
DA_fee,748,16.78
DA_fee,747,16.54
DA_fee,749,18.36
DA_fee,750,15.68
DA_fee,751,17.06
DA_fee,752,17.02
DA_fee,753,16.38
DA_fee,754,18.32
DA_fee,755,17.37
DA_fee,757,18.63
DA_fee,756,15.94
DA_fee,758,15.8
DA_fee,759,17.87
DA_fee,760,15.66
DA_fee,761,18.05
DA_fee,762,16.82
DA_fee,763,20.63
DA_fee,764,16.88
DA_fee,765,17.52
DA_fee,766,16.46
DA_fee,767,20.3
DA_fee,770,17.41
DA_fee,768,17.0
DA_fee,769,17.12
DA_fee,771,17.06
DA_fee,774,17.0
DA_fee,773,16.72
DA_fee,772,17.36
DA_fee,775,16.09
DA_fee,776,17.02
DA_fee,778,16.81
DA_fee,777,16.64
DA_fee,779,17.93
DA_fee,780,16.38
DA_fee,782,16.58
DA_fee,784,16.9
DA_fee,783,17.6
DA_fee,785,16.55
DA_fee,781,16.84
DA_fee,786,18.11
DA_fee,787,17.33
DA_fee,788,15.39
DA_fee,789,17.2
DA_fee,790,16.93
DA_fee,791,16.71
DA_fee,792,21.21
DA_fee,793,16.31
DA_fee,794,15.88
DA_fee,795,17.15
DA_fee,796,16.66
DA_fee,798,17.28
DA_fee,797,18.49
DA_fee,799,16.41
DA_fee,800,16.9
DA_fee,801,16.93
DA_fee,802,17.79
DA_fee,803,15.27
DA_fee,804,16.82
DA_fee,805,16.45
DA_fee,806,18.4
DA_fee,811,16.12
DA_fee,808,17.95
DA_fee,809,20.9
DA_fee,810,16.6
DA_fee,807,17.43
DA_fee,812,16.57
DA_fee,813,16.53
DA_fee,814,15.97
DA_fee,815,17.81
DA_fee,816,18.11
DA_fee,817,15.77
DA_fee,818,17.26
DA_fee,819,18.09
DA_fee,820,16.3
DA_fee,821,17.04
DA_fee,822,18.44
DA_fee,823,17.27
DA_fee,824,15.88
DA_fee,825,17.28
DA_fee,826,17.42
DA_fee,827,17.21
DA_fee,828,18.3
DA_fee,829,17.39
DA_fee,831,17.45
DA_fee,830,17.93
DA_fee,833,17.18
DA_fee,832,17.87
DA_fee,834,17.15
DA_fee,835,17.01
DA_fee,837,16.38
DA_fee,836,17.26
DA_fee,839,17.25
DA_fee,838,17.57
DA_fee,840,17.81
DA_fee,841,15.63
DA_fee,842,16.27
DA_fee,844,16.74
DA_fee,845,16.7
DA_fee,843,16.7
DA_fee,847,21.06
DA_fee,846,15.41
DA_fee,850,16.51
DA_fee,848,17.31
DA_fee,849,17.03
DA_fee,851,18.4
DA_fee,852,17.31
DA_fee,853,21.04
DA_fee,854,16.02
DA_fee,855,14.87
DA_fee,856,17.14
DA_fee,858,16.94
DA_fee,857,15.8
DA_fee,860,17.03
DA_fee,859,16.67
DA_fee,862,16.11
DA_fee,861,15.98
DA_fee,863,17.45
DA_fee,865,17.12
DA_fee,864,16.18
DA_fee,866,17.99
DA_fee,867,16.81
DA_fee,868,17.86
DA_fee,870,16.49
DA_fee,871,16.59
DA_fee,873,17.13
DA_fee,872,17.21
DA_fee,869,16.48
DA_fee,874,17.21
DA_fee,875,17.69
DA_fee,876,16.69
DA_fee,877,16.29
DA_fee,878,20.63
DA_fee,879,17.4
DA_fee,880,17.85
DA_fee,881,16.13
DA_fee,883,16.8
DA_fee,882,18.23
DA_fee,884,17.33
DA_fee,886,16.12
DA_fee,885,15.93
DA_fee,887,16.58
DA_fee,888,16.3
DA_fee,889,17.78
DA_fee,890,17.25
DA_fee,891,19.32
DA_fee,892,17.93
DA_fee,893,16.04
DA_fee,894,16.06
DA_fee,895,17.02
DA_fee,897,16.02
DA_fee,898,16.51
DA_fee,896,16.75
DA_fee,899,16.7
DA_fee,900,21.84
DA_fee,901,15.39
DA_fee,902,18.86
DA_fee,903,21.0
DA_fee,904,16.78
DA_fee,905,17.59
DA_fee,906,16.86
DA_fee,907,16.54
DA_fee,908,15.7
DA_fee,909,17.36
DA_fee,910,17.46
DA_fee,912,21.34
DA_fee,911,16.72
DA_fee,913,17.57
DA_fee,914,20.2
DA_fee,915,17.04
DA_fee,917,17.64
DA_fee,916,16.89
DA_fee,918,14.65
DA_fee,919,15.82
DA_fee,920,16.27
DA_fee,921,17.38
DA_fee,922,17.01
DA_fee,923,20.16
DA_fee,924,14.5
DA_fee,925,17.06
DA_fee,926,19.45
DA_fee,927,16.83
DA_fee,928,17.98
DA_fee,930,15.87
DA_fee,929,20.4
DA_fee,931,17.53
DA_fee,932,17.21
DA_fee,933,16.27
DA_fee,934,17.57
DA_fee,935,16.59
DA_fee,936,17.85
DA_fee,938,18.13
DA_fee,937,18.37
DA_fee,939,18.12
DA_fee,940,17.72
DA_fee,941,17.68
DA_fee,944,16.21
DA_fee,943,17.04
DA_fee,942,17.12
DA_fee,946,17.1
DA_fee,945,16.5
DA_fee,947,17.46
DA_fee,948,19.91
DA_fee,950,17.26
DA_fee,951,16.39
DA_fee,949,17.55
DA_fee,952,16.82
DA_fee,954,17.57
DA_fee,953,17.61
DA_fee,956,16.21
DA_fee,955,17.0
DA_fee,957,16.57
DA_fee,958,17.18
DA_fee,959,17.28
DA_fee,960,17.26
DA_fee,961,16.53
DA_fee,962,16.54
DA_fee,964,16.97
DA_fee,963,16.88
DA_fee,965,17.08
DA_fee,966,16.96
DA_fee,967,16.75
DA_fee,968,18.14
DA_fee,970,17.37
DA_fee,969,16.51
DA_fee,971,17.46
DA_fee,973,17.72
DA_fee,972,17.27
DA_fee,974,16.03
DA_fee,975,21.5
DA_fee,976,15.54
DA_fee,977,17.37
DA_fee,980,17.41
DA_fee,979,16.91
DA_fee,978,16.84
DA_fee,981,15.98
DA_fee,982,16.65
DA_fee,983,15.59
DA_fee,984,16.24
DA_fee,985,17.26
DA_fee,986,17.29
DA_fee,987,15.88
DA_fee,988,16.47
DA_fee,991,13.65
DA_fee,989,16.71
DA_fee,992,22.8
DA_fee,990,16.84
DA_fee,993,15.89
DA_fee,994,16.97
DA_fee,995,16.61
DA_fee,996,23.65
DA_fee,997,16.24
DA_fee,998,16.6
DA_fee,999,16.52
BA_fee,0,20.66
BA_fee,1,21.84
BA_fee,2,21.89
BA_fee,3,21.58
BA_fee,4,20.72
BA_fee,5,20.28
BA_fee,6,22.1
BA_fee,8,21.56
BA_fee,7,23.07
BA_fee,9,22.31
BA_fee,10,21.38
BA_fee,11,19.75
BA_fee,12,19.91
BA_fee,13,20.39
BA_fee,14,19.75
BA_fee,15,19.77
BA_fee,16,20.82
BA_fee,17,22.31
BA_fee,18,22.12
BA_fee,19,21.04
BA_fee,20,21.5
BA_fee,21,20.28
BA_fee,22,21.26
BA_fee,23,19.05
BA_fee,24,19.15
BA_fee,25,23.14
BA_fee,27,21.3
BA_fee,26,20.42
BA_fee,28,23.96
BA_fee,29,21.91
BA_fee,30,24.41
BA_fee,31,24.34
BA_fee,32,22.02
BA_fee,34,21.96
BA_fee,33,22.76
BA_fee,35,20.6
BA_fee,36,21.42
BA_fee,37,19.49
BA_fee,39,20.95
BA_fee,38,23.01
BA_fee,40,18.25
BA_fee,42,20.54
BA_fee,41,22.28
BA_fee,43,20.11
BA_fee,44,20.09
BA_fee,45,22.7
BA_fee,46,20.4
BA_fee,47,23.12
BA_fee,48,20.41
BA_fee,49,20.54
BA_fee,50,19.68
BA_fee,51,21.06
BA_fee,52,20.64
BA_fee,53,19.68
BA_fee,54,19.99
BA_fee,55,20.47
BA_fee,56,20.87
BA_fee,57,23.06
BA_fee,58,20.62
BA_fee,59,22.06
BA_fee,60,19.37
BA_fee,61,19.67
BA_fee,62,18.44
BA_fee,63,19.8
BA_fee,64,24.06
BA_fee,65,19.14
BA_fee,66,19.99
BA_fee,67,19.68
BA_fee,69,19.69
BA_fee,68,20.46
BA_fee,70,21.33
BA_fee,71,24.37
BA_fee,72,21.25
BA_fee,73,19.63
BA_fee,75,22.67
BA_fee,74,24.73
BA_fee,76,21.74
BA_fee,77,18.85
BA_fee,78,21.52
BA_fee,79,20.83
BA_fee,80,19.76
BA_fee,81,22.86
BA_fee,82,23.27
BA_fee,83,23.39
BA_fee,84,20.13
BA_fee,85,20.56
BA_fee,86,20.94
BA_fee,87,24.95
BA_fee,88,21.88
BA_fee,89,19.16
BA_fee,91,20.78
BA_fee,90,23.54
BA_fee,92,20.47
BA_fee,93,21.99
BA_fee,94,21.08
BA_fee,96,21.2
BA_fee,95,21.71
BA_fee,97,22.72
BA_fee,98,18.8
BA_fee,99,21.5
BA_fee,100,22.73
BA_fee,101,22.73
BA_fee,102,21.34
BA_fee,104,21.83
BA_fee,103,18.69
BA_fee,105,24.31
BA_fee,106,20.84
BA_fee,107,20.79
BA_fee,108,19.03
BA_fee,110,21.99
BA_fee,109,20.28
BA_fee,111,21.36
BA_fee,113,22.26
BA_fee,112,19.52
BA_fee,115,19.83
BA_fee,114,21.32
BA_fee,116,23.89
BA_fee,117,20.95
BA_fee,118,24.72
BA_fee,119,20.19
BA_fee,120,20.63
BA_fee,121,23.73
BA_fee,122,21.75
BA_fee,123,24.81
BA_fee,126,20.81
BA_fee,124,21.62
BA_fee,125,21.18
BA_fee,128,19.57
BA_fee,127,21.22
BA_fee,129,23.85
BA_fee,130,23.1
BA_fee,131,22.23
BA_fee,132,18.88
BA_fee,134,24.84
BA_fee,133,22.93
BA_fee,135,22.67
BA_fee,136,21.83
BA_fee,137,22.93
BA_fee,139,21.61
BA_fee,138,20.33
BA_fee,140,22.82
BA_fee,141,22.38
BA_fee,142,21.03
BA_fee,143,21.17
BA_fee,144,18.37
BA_fee,145,19.4
BA_fee,147,20.24
BA_fee,146,18.92
BA_fee,148,20.61
BA_fee,149,21.39
BA_fee,150,20.51
BA_fee,151,20.64
BA_fee,152,19.35
BA_fee,155,20.46
BA_fee,153,22.87
BA_fee,154,20.96
BA_fee,156,21.11
BA_fee,157,19.42
BA_fee,158,22.76
BA_fee,159,24.81
BA_fee,160,22.6
BA_fee,162,20.83
BA_fee,161,19.43
BA_fee,163,21.83
BA_fee,164,21.05
BA_fee,165,21.07
BA_fee,166,19.95
BA_fee,167,20.14
BA_fee,168,21.17
BA_fee,169,21.75
BA_fee,170,22.17
BA_fee,171,19.64
BA_fee,172,20.01
BA_fee,173,21.9
BA_fee,174,22.69
BA_fee,175,18.2
BA_fee,176,20.84
BA_fee,177,19.18
BA_fee,178,22.59
BA_fee,181,21.39
BA_fee,179,18.59
BA_fee,180,20.94
BA_fee,182,22.4
BA_fee,183,22.49
BA_fee,184,23.56
BA_fee,185,23.01
BA_fee,186,19.67
BA_fee,187,21.99
BA_fee,188,22.67
BA_fee,190,19.33
BA_fee,189,23.09
BA_fee,191,22.03
BA_fee,192,19.58
BA_fee,193,21.06
BA_fee,194,23.76
BA_fee,195,23.78
BA_fee,197,20.83
BA_fee,196,21.12
BA_fee,198,19.56
BA_fee,199,24.27
BA_fee,200,23.95
BA_fee,201,21.48
BA_fee,203,20.16
BA_fee,202,23.77
BA_fee,205,22.4
BA_fee,204,20.31
BA_fee,206,21.24
BA_fee,207,21.37
BA_fee,209,24.18
BA_fee,208,22.04
BA_fee,210,21.43
BA_fee,211,18.83
BA_fee,212,21.54
BA_fee,213,18.5
BA_fee,214,21.94
BA_fee,216,21.09
BA_fee,215,22.09
BA_fee,218,20.22
BA_fee,217,23.28
BA_fee,219,21.45
BA_fee,220,19.89
BA_fee,221,20.32
BA_fee,223,21.37
BA_fee,222,21.26
BA_fee,224,24.59
BA_fee,225,20.38
BA_fee,226,18.91
BA_fee,227,20.74
BA_fee,229,21.92
BA_fee,228,19.94
BA_fee,230,24.18
BA_fee,231,19.76
BA_fee,232,21.94
BA_fee,233,19.47
BA_fee,234,17.87
BA_fee,235,20.98
BA_fee,237,18.74
BA_fee,236,18.17
BA_fee,238,20.11
BA_fee,239,22.33
BA_fee,240,22.44
BA_fee,241,20.47
BA_fee,242,18.03
BA_fee,244,21.56
BA_fee,243,19.69
BA_fee,245,19.35
BA_fee,246,20.0
BA_fee,247,20.71
BA_fee,248,23.1
BA_fee,249,21.38
BA_fee,250,23.36
BA_fee,251,22.91
BA_fee,252,18.9
BA_fee,253,21.7
BA_fee,254,25.3
BA_fee,255,20.7
BA_fee,257,19.91
BA_fee,256,18.2
BA_fee,258,20.9
BA_fee,260,21.11
BA_fee,259,21.65
BA_fee,262,22.73
BA_fee,261,21.77
BA_fee,263,19.82
BA_fee,264,23.33
BA_fee,265,17.29
BA_fee,266,18.52
BA_fee,267,19.8
BA_fee,268,22.45
BA_fee,269,20.87
BA_fee,270,19.96
BA_fee,271,23.1
BA_fee,272,20.61
BA_fee,273,21.47
BA_fee,274,20.12
BA_fee,276,20.73
BA_fee,275,19.91
BA_fee,277,18.83
BA_fee,278,19.19
BA_fee,279,23.01
BA_fee,280,18.82
BA_fee,281,24.54
BA_fee,283,21.86
BA_fee,282,18.84
BA_fee,284,22.26
BA_fee,286,22.71
BA_fee,285,18.4
BA_fee,288,21.48
BA_fee,287,21.12
BA_fee,289,21.84
BA_fee,290,20.48
BA_fee,291,19.84
BA_fee,292,20.25
BA_fee,294,21.22
BA_fee,293,20.33
BA_fee,295,19.71
BA_fee,296,20.11
BA_fee,297,21.93
BA_fee,298,23.62
BA_fee,299,21.13
BA_fee,301,20.75
BA_fee,300,19.49
BA_fee,302,20.01
BA_fee,303,21.6
BA_fee,304,22.65
BA_fee,306,21.1
BA_fee,307,20.93
BA_fee,305,19.11
BA_fee,308,20.3
BA_fee,309,21.93
BA_fee,310,22.61
BA_fee,312,18.76
BA_fee,311,21.81
BA_fee,313,21.02
BA_fee,314,18.88
BA_fee,315,24.75
BA_fee,316,22.58
BA_fee,317,20.7
BA_fee,318,20.7
BA_fee,319,21.91
BA_fee,321,20.94
BA_fee,320,21.44
BA_fee,322,22.77
BA_fee,323,22.49
BA_fee,325,19.51
BA_fee,324,22.62
BA_fee,327,18.49
BA_fee,326,20.94
BA_fee,328,19.88
BA_fee,329,21.37
BA_fee,330,22.39
BA_fee,332,22.47
BA_fee,331,20.65
BA_fee,333,20.52
BA_fee,334,23.67
BA_fee,335,22.86
BA_fee,336,19.21
BA_fee,338,20.62
BA_fee,337,20.63
BA_fee,340,20.03
BA_fee,339,20.4
BA_fee,342,20.77
BA_fee,341,18.23
BA_fee,344,20.67
BA_fee,343,20.46
BA_fee,345,23.53
BA_fee,346,22.09
BA_fee,347,23.53
BA_fee,348,22.31
BA_fee,349,22.57
BA_fee,350,21.41
BA_fee,351,22.01
BA_fee,352,20.32
BA_fee,353,21.9
BA_fee,354,22.13
BA_fee,356,21.48
BA_fee,355,24.18
BA_fee,357,20.31
BA_fee,359,21.98
BA_fee,358,19.26
BA_fee,360,20.98
BA_fee,362,21.65
BA_fee,361,20.45
BA_fee,363,21.06
BA_fee,364,19.96
BA_fee,365,20.58
BA_fee,367,21.35
BA_fee,369,20.68
BA_fee,366,19.49
BA_fee,368,22.35
BA_fee,370,18.62
BA_fee,371,19.78
BA_fee,373,22.08
BA_fee,372,21.34
BA_fee,374,22.53
BA_fee,375,21.17
BA_fee,376,20.11
BA_fee,377,23.9
BA_fee,378,21.09
BA_fee,379,22.6
BA_fee,381,20.99
BA_fee,383,21.52
BA_fee,384,21.6
BA_fee,382,23.66
BA_fee,380,22.4
BA_fee,385,21.83
BA_fee,386,20.33
BA_fee,387,19.1
BA_fee,388,19.7
BA_fee,389,21.21
BA_fee,391,21.18
BA_fee,390,22.06
BA_fee,392,22.32
BA_fee,395,18.55
BA_fee,394,20.06
BA_fee,396,19.17
BA_fee,397,19.47
BA_fee,398,20.37
BA_fee,393,21.97
BA_fee,399,22.28
BA_fee,400,20.75
BA_fee,401,20.55
BA_fee,402,19.66
BA_fee,404,20.34
BA_fee,403,19.69
BA_fee,405,21.71
BA_fee,411,20.02
BA_fee,408,19.69
BA_fee,409,18.51
BA_fee,406,22.36
BA_fee,410,19.6
BA_fee,407,19.51
BA_fee,412,23.61
BA_fee,413,20.3
BA_fee,414,22.15
BA_fee,415,20.74
BA_fee,416,22.45
BA_fee,417,21.45
BA_fee,418,21.63
BA_fee,419,21.53
BA_fee,423,21.29
BA_fee,420,21.09
BA_fee,421,19.99
BA_fee,422,20.24
BA_fee,424,22.14
BA_fee,425,20.41
BA_fee,427,19.96
BA_fee,426,21.13
BA_fee,428,20.09
BA_fee,429,23.56
BA_fee,430,21.5
BA_fee,431,21.55
BA_fee,432,20.08
BA_fee,436,20.67
BA_fee,433,18.5
BA_fee,434,22.23
BA_fee,435,22.54
BA_fee,437,21.67
BA_fee,438,23.2
BA_fee,439,20.49
BA_fee,440,20.65
BA_fee,441,22.09
BA_fee,442,23.43
BA_fee,443,19.59
BA_fee,444,19.38
BA_fee,449,21.41
BA_fee,445,22.2
BA_fee,447,19.9
BA_fee,446,21.09
BA_fee,448,19.83
BA_fee,450,22.6
BA_fee,451,19.76
BA_fee,452,23.57
BA_fee,453,22.21
BA_fee,454,21.18
BA_fee,455,19.2
BA_fee,456,22.77
BA_fee,457,21.6
BA_fee,458,22.52
BA_fee,460,22.35
BA_fee,461,20.48
BA_fee,462,19.3
BA_fee,459,18.93
BA_fee,463,22.32
BA_fee,465,21.1
BA_fee,464,21.01
BA_fee,466,18.57
BA_fee,467,21.27
BA_fee,468,19.98
BA_fee,469,21.08
BA_fee,470,20.95
BA_fee,471,19.38
BA_fee,474,20.52
BA_fee,473,18.68
BA_fee,472,22.63
BA_fee,475,21.59
BA_fee,476,22.6
BA_fee,478,19.97
BA_fee,477,21.67
BA_fee,480,20.96
BA_fee,479,22.07
BA_fee,481,18.93
BA_fee,482,20.26
BA_fee,483,19.81
BA_fee,484,19.96
BA_fee,485,22.08
BA_fee,486,22.65
BA_fee,487,21.04
BA_fee,488,20.57
BA_fee,491,20.66
BA_fee,489,23.67
BA_fee,490,22.17
BA_fee,492,21.17
BA_fee,493,20.17
BA_fee,495,21.64
BA_fee,494,21.12
BA_fee,496,20.39
BA_fee,498,21.58
BA_fee,497,24.49
BA_fee,499,19.77
BA_fee,500,17.6
BA_fee,501,19.5
BA_fee,503,19.47
BA_fee,502,21.91
BA_fee,504,22.04
BA_fee,505,22.9
BA_fee,506,21.38
BA_fee,508,20.05
BA_fee,507,22.63
BA_fee,509,21.32
BA_fee,510,22.23
BA_fee,512,20.55
BA_fee,514,20.39
BA_fee,511,19.68
BA_fee,513,19.65
BA_fee,517,20.57
BA_fee,516,23.29
BA_fee,515,23.13
BA_fee,518,19.57
BA_fee,519,22.68
BA_fee,520,20.68
BA_fee,521,22.52
BA_fee,522,21.99
BA_fee,523,18.98
BA_fee,526,22.33
BA_fee,525,24.17
BA_fee,524,19.75
BA_fee,527,21.07
BA_fee,529,20.51
BA_fee,528,20.01
BA_fee,530,21.72
BA_fee,531,19.49
BA_fee,532,23.11
BA_fee,534,21.92
BA_fee,533,20.87
BA_fee,536,22.38
BA_fee,535,19.66
BA_fee,538,19.19
BA_fee,537,22.91
BA_fee,539,21.45
BA_fee,540,18.8
BA_fee,541,23.24
BA_fee,542,20.79
BA_fee,544,19.27
BA_fee,543,23.73
BA_fee,545,23.09
BA_fee,546,20.3
BA_fee,547,22.25
BA_fee,548,19.14
BA_fee,550,22.57
BA_fee,549,17.5
BA_fee,551,22.02
BA_fee,552,18.8
BA_fee,553,20.38
BA_fee,554,21.58
BA_fee,555,21.11
BA_fee,557,24.97
BA_fee,556,20.22
BA_fee,558,20.07
BA_fee,559,18.51
BA_fee,560,21.29
BA_fee,561,19.1
BA_fee,562,20.89
BA_fee,563,18.55
BA_fee,564,21.71
BA_fee,566,22.33
BA_fee,565,19.61
BA_fee,567,22.61
BA_fee,568,21.55
BA_fee,569,21.35
BA_fee,570,22.93
BA_fee,571,19.66
BA_fee,573,18.62
BA_fee,572,19.12
BA_fee,574,22.55
BA_fee,575,20.6
BA_fee,576,18.78
BA_fee,577,20.57
BA_fee,579,17.99
BA_fee,578,23.54
BA_fee,580,22.0
BA_fee,582,22.01
BA_fee,584,22.89
BA_fee,581,19.59
BA_fee,583,20.03
BA_fee,585,21.59
BA_fee,586,21.07
BA_fee,587,21.41
BA_fee,588,25.32
BA_fee,589,18.92
BA_fee,590,21.76
BA_fee,592,18.99
BA_fee,591,22.39
BA_fee,593,22.24
BA_fee,595,23.33
BA_fee,594,20.07
BA_fee,596,25.13
BA_fee,597,19.34
BA_fee,598,20.54
BA_fee,599,21.0
BA_fee,600,19.09
BA_fee,602,20.52
BA_fee,601,20.13
BA_fee,603,21.59
BA_fee,604,23.36
BA_fee,605,18.55
BA_fee,611,21.68
BA_fee,606,18.29
BA_fee,613,21.01
BA_fee,607,20.99
BA_fee,608,22.01
BA_fee,609,20.28
BA_fee,610,24.06
BA_fee,612,21.54
BA_fee,614,21.54
BA_fee,615,23.98
BA_fee,616,20.7
BA_fee,619,23.75
BA_fee,617,20.84
BA_fee,618,21.84
BA_fee,620,22.44
BA_fee,621,20.77
BA_fee,624,20.99
BA_fee,623,19.23
BA_fee,625,18.18
BA_fee,622,18.68
BA_fee,626,20.33
BA_fee,627,19.91
BA_fee,629,21.44
BA_fee,628,19.66
BA_fee,631,23.22
BA_fee,630,22.27
BA_fee,632,20.22
BA_fee,634,20.53
BA_fee,633,21.48
BA_fee,637,21.97
BA_fee,638,21.77
BA_fee,636,19.59
BA_fee,635,20.87
BA_fee,639,22.72
BA_fee,640,18.71
BA_fee,641,20.5
BA_fee,643,22.59
BA_fee,642,19.05
BA_fee,644,23.66
BA_fee,645,19.74
BA_fee,647,22.65
BA_fee,646,20.48
BA_fee,648,20.72
BA_fee,649,20.36
BA_fee,650,21.12
BA_fee,651,19.67
BA_fee,652,20.23
BA_fee,653,23.45
BA_fee,657,19.77
BA_fee,654,21.06
BA_fee,656,21.44
BA_fee,655,20.38
BA_fee,659,23.43
BA_fee,660,24.11
BA_fee,658,22.98
BA_fee,662,22.74
BA_fee,661,21.33
BA_fee,664,18.91
BA_fee,663,22.27
BA_fee,665,23.38
BA_fee,666,17.75
BA_fee,668,20.48
BA_fee,667,18.66
BA_fee,670,19.72
BA_fee,669,20.84
BA_fee,672,23.75
BA_fee,671,20.63
BA_fee,673,24.96
BA_fee,674,22.08
BA_fee,675,19.34
BA_fee,677,21.16
BA_fee,676,22.19
BA_fee,678,20.89
BA_fee,679,20.65
BA_fee,680,20.14
BA_fee,681,21.7
BA_fee,682,19.5
BA_fee,686,21.06
BA_fee,683,18.47
BA_fee,684,23.15
BA_fee,685,21.53
BA_fee,688,22.87
BA_fee,690,22.64
BA_fee,689,21.78
BA_fee,687,21.14
BA_fee,691,22.99
BA_fee,692,24.44
BA_fee,694,23.25
BA_fee,693,22.38
BA_fee,695,20.41
BA_fee,697,22.21
BA_fee,698,21.97
BA_fee,696,21.67
BA_fee,699,19.03
BA_fee,700,21.74
BA_fee,701,19.17
BA_fee,702,22.95
BA_fee,704,21.81
BA_fee,703,21.58
BA_fee,705,20.33
BA_fee,707,21.88
BA_fee,706,19.69
BA_fee,708,21.53
BA_fee,710,22.01
BA_fee,713,21.4
BA_fee,709,21.37
BA_fee,711,22.88
BA_fee,712,19.83
BA_fee,714,21.57
BA_fee,716,19.94
BA_fee,717,19.82
BA_fee,715,19.21
BA_fee,718,22.69
BA_fee,719,21.47
BA_fee,720,20.0
BA_fee,721,21.22
BA_fee,724,22.53
BA_fee,722,23.36
BA_fee,725,21.37
BA_fee,723,20.33
BA_fee,726,20.73
BA_fee,729,22.94
BA_fee,727,22.81
BA_fee,728,22.49
BA_fee,730,23.02
BA_fee,732,21.17
BA_fee,731,22.36
BA_fee,733,22.48
BA_fee,734,20.04
BA_fee,735,22.54
BA_fee,736,19.88
BA_fee,737,21.75
BA_fee,738,21.99
BA_fee,740,21.32
BA_fee,739,19.61
BA_fee,741,20.5
BA_fee,742,20.03
BA_fee,743,22.99
BA_fee,744,19.03
BA_fee,745,18.69
BA_fee,747,21.46
BA_fee,746,20.05
BA_fee,748,21.62
BA_fee,749,18.97
BA_fee,750,25.26
BA_fee,751,20.35
BA_fee,752,21.5
BA_fee,756,23.87
BA_fee,753,23.56
BA_fee,754,17.91
BA_fee,755,20.86
BA_fee,757,18.49
BA_fee,758,23.99
BA_fee,759,21.74
BA_fee,760,24.59
BA_fee,762,21.06
BA_fee,761,20.53
BA_fee,763,19.51
BA_fee,764,23.2
BA_fee,765,20.14
BA_fee,767,19.39
BA_fee,768,19.44
BA_fee,766,21.87
BA_fee,769,22.96
BA_fee,770,19.67
BA_fee,771,21.72
BA_fee,773,20.71
BA_fee,772,19.7
BA_fee,774,21.26
BA_fee,775,21.94
BA_fee,776,23.61
BA_fee,777,21.99
BA_fee,778,20.81
BA_fee,780,23.48
BA_fee,782,21.37
BA_fee,781,21.04
BA_fee,779,18.28
BA_fee,783,20.28
BA_fee,784,21.19
BA_fee,785,22.47
BA_fee,786,19.46
BA_fee,787,19.2
BA_fee,788,24.95
BA_fee,789,20.23
BA_fee,791,21.49
BA_fee,790,20.4
BA_fee,793,22.36
BA_fee,792,20.45
BA_fee,795,20.96
BA_fee,794,22.2
BA_fee,796,23.1
BA_fee,798,21.51
BA_fee,797,18.81
BA_fee,799,20.13
BA_fee,800,18.93
BA_fee,801,21.45
BA_fee,802,18.28
BA_fee,804,22.92
BA_fee,803,25.17
BA_fee,808,18.95
BA_fee,806,18.68
BA_fee,805,21.97
BA_fee,807,19.28
BA_fee,810,22.56
BA_fee,809,20.25
BA_fee,811,20.34
BA_fee,812,22.28
BA_fee,813,22.43
BA_fee,814,21.71
BA_fee,815,20.42
BA_fee,816,19.42
BA_fee,818,19.98
BA_fee,817,24.1
BA_fee,819,18.71
BA_fee,820,21.92
BA_fee,821,20.08
BA_fee,822,18.53
BA_fee,823,19.84
BA_fee,824,21.81
BA_fee,826,19.69
BA_fee,828,18.34
BA_fee,825,20.68
BA_fee,827,21.33
BA_fee,829,19.13
BA_fee,830,18.2
BA_fee,831,19.26
BA_fee,833,21.61
BA_fee,832,18.24
BA_fee,834,21.0
BA_fee,835,21.56
BA_fee,836,20.46
BA_fee,837,21.95
BA_fee,840,18.27
BA_fee,838,20.05
BA_fee,839,20.15
BA_fee,841,22.66
BA_fee,842,21.84
BA_fee,843,21.61
BA_fee,845,23.36
BA_fee,844,20.59
BA_fee,846,25.9
BA_fee,847,19.98
BA_fee,848,21.2
BA_fee,850,21.96
BA_fee,849,21.15
BA_fee,852,19.36
BA_fee,854,23.76
BA_fee,851,19.01
BA_fee,853,19.0
BA_fee,857,22.37
BA_fee,856,21.15
BA_fee,855,23.09
BA_fee,858,20.34
BA_fee,859,21.06
BA_fee,860,21.99
BA_fee,861,22.98
BA_fee,863,19.99
BA_fee,862,23.93
BA_fee,864,23.4
BA_fee,865,20.52
BA_fee,867,21.07
BA_fee,866,19.39
BA_fee,868,21.07
BA_fee,869,22.37
BA_fee,870,22.57
BA_fee,871,19.42
BA_fee,873,20.74
BA_fee,872,20.56
BA_fee,874,19.1
BA_fee,876,21.07
BA_fee,875,19.5
BA_fee,877,21.38
BA_fee,878,19.55
BA_fee,879,19.24
BA_fee,882,18.05
BA_fee,880,18.26
BA_fee,881,22.09
BA_fee,883,20.87
BA_fee,884,19.69
BA_fee,885,24.07
BA_fee,886,23.06
BA_fee,888,23.23
BA_fee,887,21.96
BA_fee,889,18.27
BA_fee,890,19.71
BA_fee,891,18.81
BA_fee,892,19.23
BA_fee,896,20.39
BA_fee,895,21.35
BA_fee,894,20.52
BA_fee,893,19.75
BA_fee,897,22.87
BA_fee,898,23.13
BA_fee,899,21.93
BA_fee,901,22.29
BA_fee,900,20.98
BA_fee,902,19.81
BA_fee,903,20.03
BA_fee,905,18.24
BA_fee,904,21.31
BA_fee,907,22.07
BA_fee,909,21.12
BA_fee,908,24.63
BA_fee,906,21.34
BA_fee,910,21.35
BA_fee,911,21.2
BA_fee,912,21.54
BA_fee,914,18.92
BA_fee,913,20.65
BA_fee,915,21.12
BA_fee,916,21.27
BA_fee,917,20.06
BA_fee,919,22.16
BA_fee,920,22.2
BA_fee,918,22.09
BA_fee,921,21.5
BA_fee,922,21.67
BA_fee,923,19.14
BA_fee,924,22.96
BA_fee,925,18.86
BA_fee,926,17.64
BA_fee,927,21.83
BA_fee,928,19.52
BA_fee,929,18.66
BA_fee,930,24.39
BA_fee,931,20.34
BA_fee,932,20.57
BA_fee,933,23.03
BA_fee,934,19.73
BA_fee,935,20.85
BA_fee,936,19.32
BA_fee,937,20.0
BA_fee,938,19.34
BA_fee,939,19.38
BA_fee,942,22.19
BA_fee,941,20.97
BA_fee,940,18.57
BA_fee,943,19.29
BA_fee,946,21.59
BA_fee,944,23.4
BA_fee,947,20.38
BA_fee,945,19.39
BA_fee,948,18.46
BA_fee,949,20.64
BA_fee,950,21.73
BA_fee,951,21.87
BA_fee,952,21.25
BA_fee,954,19.93
BA_fee,955,18.88
BA_fee,953,19.8
BA_fee,956,22.66
BA_fee,961,22.35
BA_fee,959,19.05
BA_fee,958,20.78
BA_fee,957,21.34
BA_fee,960,20.45
BA_fee,962,21.04
BA_fee,963,20.97
BA_fee,966,18.71
BA_fee,964,21.54
BA_fee,965,19.66
BA_fee,968,19.14
BA_fee,967,21.23
BA_fee,969,22.83
BA_fee,970,21.76
BA_fee,973,19.07
BA_fee,972,19.14
BA_fee,974,22.13
BA_fee,971,20.72
BA_fee,975,19.99
BA_fee,976,20.18
BA_fee,977,19.0
BA_fee,978,21.48
BA_fee,980,19.67
BA_fee,979,20.13
BA_fee,981,23.85
BA_fee,982,20.82
BA_fee,984,22.22
BA_fee,983,24.23
BA_fee,985,21.28
BA_fee,988,20.92
BA_fee,986,21.18
BA_fee,987,22.63
BA_fee,989,20.85
BA_fee,990,20.54
BA_fee,991,24.0
BA_fee,993,21.96
BA_fee,992,22.37
BA_fee,994,22.47
BA_fee,995,22.26
BA_fee,996,22.09
BA_fee,999,21.33
BA_fee,998,19.79
BA_fee,997,22.51
AMM_fee,1,26.31
AMM_fee,0,27.05
AMM_fee,2,27.35
AMM_fee,4,25.24
AMM_fee,3,26.1
AMM_fee,6,26.83
AMM_fee,5,25.91
AMM_fee,7,28.27
AMM_fee,8,26.05
AMM_fee,9,26.43
AMM_fee,13,27.41
AMM_fee,10,24.54
AMM_fee,11,27.88
AMM_fee,12,24.51
AMM_fee,14,27.55
AMM_fee,17,25.93
AMM_fee,15,26.32
AMM_fee,16,25.53
AMM_fee,18,26.92
AMM_fee,19,26.27
AMM_fee,20,28.23
AMM_fee,23,25.35
AMM_fee,21,24.24
AMM_fee,22,26.21
AMM_fee,24,27.53
AMM_fee,25,26.34
AMM_fee,26,26.93
AMM_fee,27,26.56
AMM_fee,28,27.28
AMM_fee,29,27.32
AMM_fee,34,25.71
AMM_fee,31,30.06
AMM_fee,30,28.25
AMM_fee,32,26.75
AMM_fee,33,27.13
AMM_fee,35,26.4
AMM_fee,36,25.88
AMM_fee,38,26.96
AMM_fee,39,27.24
AMM_fee,37,24.23
AMM_fee,40,24.63
AMM_fee,43,27.32
AMM_fee,41,27.89
AMM_fee,42,27.83
AMM_fee,45,25.58
AMM_fee,44,24.89
AMM_fee,46,24.91
AMM_fee,47,27.06
AMM_fee,48,26.28
AMM_fee,50,27.46
AMM_fee,49,24.5
AMM_fee,52,26.7
AMM_fee,51,26.0
AMM_fee,54,26.38
AMM_fee,53,26.44
AMM_fee,56,27.93
AMM_fee,55,26.44
AMM_fee,57,29.12
AMM_fee,59,26.82
AMM_fee,58,26.75
AMM_fee,60,26.51
AMM_fee,66,26.31
AMM_fee,61,22.82
AMM_fee,63,26.19
AMM_fee,62,26.31
AMM_fee,65,24.24
AMM_fee,64,27.78
AMM_fee,67,27.59
AMM_fee,68,26.08
AMM_fee,70,27.07
AMM_fee,69,25.76
AMM_fee,71,29.14
AMM_fee,74,26.65
AMM_fee,72,27.45
AMM_fee,73,26.39
AMM_fee,75,28.22
AMM_fee,76,26.51
AMM_fee,78,27.0
AMM_fee,77,25.95
AMM_fee,79,28.48
AMM_fee,80,25.04
AMM_fee,85,27.64
AMM_fee,81,26.14
AMM_fee,83,27.53
AMM_fee,82,28.66
AMM_fee,84,26.62
AMM_fee,86,24.6
AMM_fee,87,26.67
AMM_fee,88,26.57
AMM_fee,89,25.75
AMM_fee,90,27.24
AMM_fee,91,25.75
AMM_fee,92,25.77
AMM_fee,94,27.16
AMM_fee,93,27.51
AMM_fee,95,26.19
AMM_fee,96,26.74
AMM_fee,98,27.13
AMM_fee,97,26.83
AMM_fee,99,27.09
AMM_fee,100,27.08
AMM_fee,106,26.56
AMM_fee,101,27.17
AMM_fee,103,25.69
AMM_fee,105,27.74
AMM_fee,102,26.25
AMM_fee,104,27.74
AMM_fee,107,26.49
AMM_fee,108,26.13
AMM_fee,110,27.82
AMM_fee,111,27.57
AMM_fee,109,27.59
AMM_fee,114,25.63
AMM_fee,112,27.06
AMM_fee,113,27.57
AMM_fee,116,27.62
AMM_fee,119,26.61
AMM_fee,118,27.09
AMM_fee,115,24.83
AMM_fee,117,27.24
AMM_fee,120,25.45
AMM_fee,121,26.37
AMM_fee,125,27.21
AMM_fee,123,28.51
AMM_fee,124,26.5
AMM_fee,126,25.88
AMM_fee,122,26.81
AMM_fee,127,27.24
AMM_fee,128,25.47
AMM_fee,130,27.59
AMM_fee,129,27.24
AMM_fee,132,25.17
AMM_fee,131,28.13
AMM_fee,133,27.25
AMM_fee,135,27.02
AMM_fee,134,26.54
AMM_fee,137,27.61
AMM_fee,136,26.97
AMM_fee,139,26.63
AMM_fee,138,25.28
AMM_fee,140,26.73
AMM_fee,142,26.49
AMM_fee,147,26.67
AMM_fee,141,25.82
AMM_fee,145,25.51
AMM_fee,144,24.86
AMM_fee,143,27.22
AMM_fee,146,25.34
AMM_fee,148,26.33
AMM_fee,149,26.04
AMM_fee,150,27.32
AMM_fee,151,26.37
AMM_fee,152,27.81
AMM_fee,155,25.94
AMM_fee,153,27.26
AMM_fee,154,26.21
AMM_fee,156,27.45
AMM_fee,157,24.39
AMM_fee,158,28.28
AMM_fee,159,28.26
AMM_fee,160,25.85
AMM_fee,161,26.12
AMM_fee,162,27.43
AMM_fee,166,25.74
AMM_fee,163,25.23
AMM_fee,165,26.66
AMM_fee,164,24.87
AMM_fee,167,26.67
AMM_fee,168,27.52
AMM_fee,169,26.01
AMM_fee,172,26.28
AMM_fee,170,28.05
AMM_fee,171,26.43
AMM_fee,173,26.25
AMM_fee,176,26.36
AMM_fee,174,27.44
AMM_fee,175,25.47
AMM_fee,177,24.33
AMM_fee,178,25.8
AMM_fee,179,26.92
AMM_fee,180,26.6
AMM_fee,182,26.0
AMM_fee,181,25.65
AMM_fee,184,27.19
AMM_fee,187,27.6
AMM_fee,183,29.91
AMM_fee,185,27.83
AMM_fee,186,26.22
AMM_fee,188,27.28
AMM_fee,189,28.71
AMM_fee,191,26.65
AMM_fee,190,26.35
AMM_fee,197,28.26
AMM_fee,192,25.54
AMM_fee,194,26.87
AMM_fee,198,26.36
AMM_fee,195,26.9
AMM_fee,193,27.31
AMM_fee,196,26.38
AMM_fee,199,29.01
AMM_fee,200,27.65
AMM_fee,201,27.5
AMM_fee,205,28.93
AMM_fee,202,25.91
AMM_fee,204,26.66
AMM_fee,203,24.16
AMM_fee,206,25.59
AMM_fee,209,28.28
AMM_fee,207,27.08
AMM_fee,208,26.56
AMM_fee,210,26.28
AMM_fee,211,26.08
AMM_fee,212,27.17
AMM_fee,213,26.3
AMM_fee,215,26.73
AMM_fee,214,27.04
AMM_fee,216,28.9
AMM_fee,218,26.13
AMM_fee,217,29.0
AMM_fee,219,28.59
AMM_fee,220,26.04
AMM_fee,223,26.81
AMM_fee,221,26.03
AMM_fee,222,25.53
AMM_fee,227,27.09
AMM_fee,224,27.07
AMM_fee,225,26.69
AMM_fee,226,25.68
AMM_fee,228,25.81
AMM_fee,230,28.03
AMM_fee,229,25.02
AMM_fee,231,26.32
AMM_fee,237,24.99
AMM_fee,232,28.64
AMM_fee,233,26.47
AMM_fee,234,25.06
AMM_fee,235,24.62
AMM_fee,236,24.96
AMM_fee,238,26.69
AMM_fee,239,27.12
AMM_fee,240,25.27
AMM_fee,242,26.44
AMM_fee,241,26.06
AMM_fee,245,26.93
AMM_fee,243,24.41
AMM_fee,244,26.39
AMM_fee,246,26.21
AMM_fee,247,26.95
AMM_fee,249,27.29
AMM_fee,248,27.42
AMM_fee,251,28.22
AMM_fee,250,29.7
AMM_fee,252,25.08
AMM_fee,256,25.97
AMM_fee,253,29.32
AMM_fee,254,27.68
AMM_fee,255,25.3
AMM_fee,257,26.76
AMM_fee,258,27.32
AMM_fee,260,27.73
AMM_fee,259,26.43
AMM_fee,261,25.31
AMM_fee,262,26.24
AMM_fee,266,26.21
AMM_fee,264,27.62
AMM_fee,263,27.2
AMM_fee,265,25.69
AMM_fee,267,24.49
AMM_fee,268,28.15
AMM_fee,269,26.32
AMM_fee,271,27.72
AMM_fee,270,26.85
AMM_fee,276,25.38
AMM_fee,273,26.62
AMM_fee,274,26.42
AMM_fee,272,25.62
AMM_fee,275,24.64
AMM_fee,277,25.38
AMM_fee,278,25.54
AMM_fee,279,26.7
AMM_fee,280,24.09
AMM_fee,281,28.9
AMM_fee,285,26.03
AMM_fee,283,26.64
AMM_fee,282,27.46
AMM_fee,284,28.52
AMM_fee,287,25.85
AMM_fee,289,27.15
AMM_fee,286,27.34
AMM_fee,288,27.67
AMM_fee,290,25.29
AMM_fee,291,25.12
AMM_fee,295,26.53
AMM_fee,293,26.29
AMM_fee,292,27.56
AMM_fee,294,25.47
AMM_fee,297,26.77
AMM_fee,296,24.88
AMM_fee,298,27.32
AMM_fee,300,26.84
AMM_fee,302,28.79
AMM_fee,299,26.85
AMM_fee,305,24.64
AMM_fee,301,26.37
AMM_fee,304,27.97
AMM_fee,303,27.74
AMM_fee,306,26.69
AMM_fee,307,25.33
AMM_fee,308,26.31
AMM_fee,309,25.5
AMM_fee,310,27.5
AMM_fee,315,28.72
AMM_fee,311,26.71
AMM_fee,313,28.17
AMM_fee,314,25.97
AMM_fee,312,26.01
AMM_fee,316,27.66
AMM_fee,318,25.27
AMM_fee,317,25.8
AMM_fee,319,28.12
AMM_fee,320,27.36
AMM_fee,324,27.36
AMM_fee,321,26.96
AMM_fee,323,27.98
AMM_fee,322,27.1
AMM_fee,325,25.26
AMM_fee,327,25.75
AMM_fee,326,27.28
AMM_fee,328,25.57
AMM_fee,329,26.38
AMM_fee,330,29.32
AMM_fee,331,25.86
AMM_fee,332,24.91
AMM_fee,334,28.3
AMM_fee,333,25.36
AMM_fee,335,27.03
AMM_fee,337,26.56
AMM_fee,336,25.77
AMM_fee,338,26.24
AMM_fee,339,25.03
AMM_fee,340,26.87
AMM_fee,341,26.92
AMM_fee,346,27.94
AMM_fee,342,25.57
AMM_fee,343,25.88
AMM_fee,344,25.93
AMM_fee,345,28.79
AMM_fee,347,29.37
AMM_fee,349,27.87
AMM_fee,350,26.47
AMM_fee,348,27.46
AMM_fee,355,29.22
AMM_fee,352,26.27
AMM_fee,351,26.39
AMM_fee,353,27.66
AMM_fee,354,26.38
AMM_fee,356,27.32
AMM_fee,358,26.41
AMM_fee,357,25.98
AMM_fee,359,26.41
AMM_fee,360,25.9
AMM_fee,363,27.01
AMM_fee,361,26.21
AMM_fee,362,25.79
AMM_fee,364,25.4
AMM_fee,366,26.24
AMM_fee,365,26.21
AMM_fee,367,26.35
AMM_fee,368,27.56
AMM_fee,369,25.86
AMM_fee,370,25.32
AMM_fee,371,25.91
AMM_fee,372,26.91
AMM_fee,377,27.63
AMM_fee,373,24.51
AMM_fee,374,26.21
AMM_fee,375,26.1
AMM_fee,376,28.65
AMM_fee,378,25.2
AMM_fee,379,25.49
AMM_fee,380,25.89
AMM_fee,386,25.49
AMM_fee,381,26.11
AMM_fee,383,27.06
AMM_fee,385,27.6
AMM_fee,382,28.26
AMM_fee,384,25.34
AMM_fee,387,25.53
AMM_fee,388,25.09
AMM_fee,389,25.88
AMM_fee,390,27.11
AMM_fee,394,25.1
AMM_fee,391,27.07
AMM_fee,392,26.86
AMM_fee,393,26.81
AMM_fee,395,23.89
AMM_fee,396,26.66
AMM_fee,398,26.0
AMM_fee,397,27.74
AMM_fee,399,27.01
AMM_fee,400,26.27
AMM_fee,402,26.77
AMM_fee,401,26.53
AMM_fee,404,27.55
AMM_fee,403,26.23
AMM_fee,405,25.76
AMM_fee,406,28.06
AMM_fee,407,25.72
AMM_fee,408,25.65
AMM_fee,409,26.27
AMM_fee,411,25.72
AMM_fee,412,26.04
AMM_fee,410,28.32
AMM_fee,416,27.48
AMM_fee,413,26.07
AMM_fee,414,26.78
AMM_fee,415,25.23
AMM_fee,417,26.56
AMM_fee,418,25.67
AMM_fee,419,26.37
AMM_fee,420,26.5
AMM_fee,421,26.0
AMM_fee,426,28.2
AMM_fee,423,26.58
AMM_fee,424,27.3
AMM_fee,422,27.07
AMM_fee,425,26.82
AMM_fee,427,26.26
AMM_fee,428,25.55
AMM_fee,429,27.28
AMM_fee,430,27.55
AMM_fee,431,25.84
AMM_fee,435,29.66
AMM_fee,432,27.59
AMM_fee,433,26.33
AMM_fee,436,25.18
AMM_fee,437,27.78
AMM_fee,434,27.57
AMM_fee,438,27.1
AMM_fee,439,25.34
AMM_fee,440,26.63
AMM_fee,441,27.8
AMM_fee,442,26.53
AMM_fee,443,27.44
AMM_fee,445,26.77
AMM_fee,444,25.16
AMM_fee,446,24.93
AMM_fee,447,26.27
AMM_fee,448,26.57
AMM_fee,450,26.35
AMM_fee,449,27.05
AMM_fee,451,24.62
AMM_fee,452,25.56
AMM_fee,457,28.0
AMM_fee,453,27.1
AMM_fee,455,24.28
AMM_fee,454,26.27
AMM_fee,456,25.99
AMM_fee,458,26.11
AMM_fee,460,25.23
AMM_fee,459,26.84
AMM_fee,461,25.52
AMM_fee,462,25.97
AMM_fee,463,26.27
AMM_fee,466,26.04
AMM_fee,464,28.76
AMM_fee,465,27.45
AMM_fee,467,28.8
AMM_fee,468,26.52
AMM_fee,469,26.74
AMM_fee,470,26.81
AMM_fee,473,25.08
AMM_fee,471,27.06
AMM_fee,472,29.69
AMM_fee,477,24.76
AMM_fee,474,27.1
AMM_fee,475,26.57
AMM_fee,476,27.5
AMM_fee,478,27.66
AMM_fee,479,25.95
AMM_fee,480,26.78
AMM_fee,482,26.72
AMM_fee,481,25.98
AMM_fee,487,26.33
AMM_fee,483,27.6
AMM_fee,484,27.28
AMM_fee,485,28.71
AMM_fee,486,26.87
AMM_fee,488,26.97
AMM_fee,490,27.13
AMM_fee,491,25.29
AMM_fee,489,26.28
AMM_fee,494,25.73
AMM_fee,492,26.14
AMM_fee,493,28.18
AMM_fee,496,27.7
AMM_fee,495,26.33
AMM_fee,497,29.71
AMM_fee,499,26.39
AMM_fee,498,25.65
AMM_fee,500,24.52
AMM_fee,501,24.56
AMM_fee,503,26.7
AMM_fee,502,28.15
AMM_fee,508,27.5
AMM_fee,504,26.37
AMM_fee,505,26.68
AMM_fee,507,26.9
AMM_fee,506,25.97
AMM_fee,509,25.88
AMM_fee,511,26.48
AMM_fee,510,27.51
AMM_fee,513,27.2
AMM_fee,512,24.94
AMM_fee,517,26.43
AMM_fee,514,27.59
AMM_fee,516,25.68
AMM_fee,515,27.5
AMM_fee,518,26.48
AMM_fee,519,26.84
AMM_fee,521,27.05
AMM_fee,520,26.54
AMM_fee,522,26.54
AMM_fee,527,27.0
AMM_fee,523,26.87
AMM_fee,524,27.92
AMM_fee,525,27.4
AMM_fee,526,26.21
AMM_fee,528,25.86
AMM_fee,529,26.67
AMM_fee,530,27.56
AMM_fee,531,25.82
AMM_fee,532,28.68
AMM_fee,536,27.53
AMM_fee,534,26.5
AMM_fee,533,27.34
AMM_fee,535,24.73
AMM_fee,538,25.46
AMM_fee,539,26.54
AMM_fee,537,27.92
AMM_fee,540,25.5
AMM_fee,541,26.95
AMM_fee,542,25.9
AMM_fee,543,28.66
AMM_fee,546,28.29
AMM_fee,545,26.16
AMM_fee,544,25.05
AMM_fee,548,25.09
AMM_fee,549,26.8
AMM_fee,547,25.23
AMM_fee,552,26.07
AMM_fee,551,26.24
AMM_fee,553,27.0
AMM_fee,550,28.36
AMM_fee,557,28.18
AMM_fee,554,25.75
AMM_fee,555,26.37
AMM_fee,556,26.19
AMM_fee,558,27.31
AMM_fee,559,25.96
AMM_fee,560,27.15
AMM_fee,562,26.02
AMM_fee,561,25.47
AMM_fee,563,26.65
AMM_fee,567,26.94
AMM_fee,564,24.76
AMM_fee,565,26.86
AMM_fee,566,26.4
AMM_fee,568,29.04
AMM_fee,569,25.15
AMM_fee,571,25.92
AMM_fee,570,28.45
AMM_fee,572,26.51
AMM_fee,577,27.74
AMM_fee,573,25.73
AMM_fee,574,26.92
AMM_fee,575,26.16
AMM_fee,576,26.24
AMM_fee,578,29.39
AMM_fee,579,24.48
AMM_fee,580,28.07
AMM_fee,581,25.14
AMM_fee,582,26.16
AMM_fee,583,25.11
AMM_fee,586,28.16
AMM_fee,584,26.26
AMM_fee,585,25.61
AMM_fee,587,26.06
AMM_fee,588,27.46
AMM_fee,589,26.39
AMM_fee,590,26.63
AMM_fee,591,25.2
AMM_fee,593,26.46
AMM_fee,592,25.74
AMM_fee,594,25.65
AMM_fee,597,25.8
AMM_fee,595,27.06
AMM_fee,596,25.94
AMM_fee,598,26.6
AMM_fee,599,25.44
AMM_fee,601,25.18
AMM_fee,600,25.97
AMM_fee,602,26.08
AMM_fee,603,26.5
AMM_fee,604,27.33
AMM_fee,608,25.91
AMM_fee,605,25.41
AMM_fee,606,26.08
AMM_fee,607,27.57
AMM_fee,609,25.2
AMM_fee,611,26.86
AMM_fee,610,27.84
AMM_fee,612,25.71
AMM_fee,618,27.96
AMM_fee,613,26.11
AMM_fee,614,26.35
AMM_fee,616,26.62
AMM_fee,615,26.01
AMM_fee,617,25.39
AMM_fee,619,28.3
AMM_fee,620,28.93
AMM_fee,621,26.98
AMM_fee,622,25.28
AMM_fee,626,26.49
AMM_fee,623,27.78
AMM_fee,624,26.02
AMM_fee,625,26.96
AMM_fee,627,25.31
AMM_fee,630,27.62
AMM_fee,629,24.34
AMM_fee,628,26.16
AMM_fee,631,27.91
AMM_fee,632,27.86
AMM_fee,633,26.86
AMM_fee,634,27.62
AMM_fee,636,27.02
AMM_fee,635,25.38
AMM_fee,637,27.75
AMM_fee,638,26.09
AMM_fee,639,28.01
AMM_fee,640,25.86
AMM_fee,641,27.06
AMM_fee,642,24.02
AMM_fee,643,25.78
AMM_fee,644,28.3
AMM_fee,645,24.79
AMM_fee,648,27.37
AMM_fee,646,26.45
AMM_fee,647,26.24
AMM_fee,649,25.96
AMM_fee,651,26.79
AMM_fee,650,26.71
AMM_fee,652,27.01
AMM_fee,654,27.73
AMM_fee,653,26.3
AMM_fee,655,24.93
AMM_fee,659,26.93
AMM_fee,656,25.32
AMM_fee,657,25.12
AMM_fee,658,27.21
AMM_fee,660,26.71
AMM_fee,661,26.16
AMM_fee,662,28.63
AMM_fee,663,27.39
AMM_fee,664,27.03
AMM_fee,669,25.15
AMM_fee,665,26.6
AMM_fee,666,24.58
AMM_fee,667,24.33
AMM_fee,668,25.25
AMM_fee,670,26.34
AMM_fee,671,27.72
AMM_fee,672,27.61
AMM_fee,673,27.8
AMM_fee,674,27.27
AMM_fee,678,24.98
AMM_fee,675,26.77
AMM_fee,676,26.98
AMM_fee,677,26.64
AMM_fee,679,26.02
AMM_fee,682,25.19
AMM_fee,680,25.85
AMM_fee,681,28.32
AMM_fee,683,26.41
AMM_fee,684,26.33
AMM_fee,685,26.47
AMM_fee,688,26.93
AMM_fee,686,25.65
AMM_fee,687,24.69
AMM_fee,689,27.52
AMM_fee,690,29.12
AMM_fee,691,28.47
AMM_fee,692,27.76
AMM_fee,693,27.96
AMM_fee,694,26.48
AMM_fee,699,25.3
AMM_fee,695,25.77
AMM_fee,696,26.25
AMM_fee,697,26.09
AMM_fee,698,24.49
AMM_fee,700,27.4
AMM_fee,701,27.34
AMM_fee,702,27.38
AMM_fee,703,27.47
AMM_fee,708,26.79
AMM_fee,704,27.89
AMM_fee,705,24.98
AMM_fee,707,25.61
AMM_fee,706,27.72
AMM_fee,710,25.84
AMM_fee,711,27.97
AMM_fee,709,26.03
AMM_fee,712,25.38
AMM_fee,713,28.49
AMM_fee,714,27.94
AMM_fee,717,26.82
AMM_fee,715,26.72
AMM_fee,716,24.35
AMM_fee,718,27.96
AMM_fee,720,26.1
AMM_fee,719,26.86
AMM_fee,721,26.97
AMM_fee,722,27.06
AMM_fee,723,26.06
AMM_fee,724,25.33
AMM_fee,725,25.63
AMM_fee,728,25.92
AMM_fee,726,25.14
AMM_fee,727,26.19
AMM_fee,729,26.54
AMM_fee,730,26.16
AMM_fee,731,28.32
AMM_fee,732,26.18
AMM_fee,733,27.53
AMM_fee,734,26.11
AMM_fee,739,26.51
AMM_fee,735,26.25
AMM_fee,736,28.01
AMM_fee,737,28.78
AMM_fee,738,26.04
AMM_fee,740,26.34
AMM_fee,741,27.54
AMM_fee,742,25.73
AMM_fee,743,27.5
AMM_fee,744,25.66
AMM_fee,748,28.06
AMM_fee,747,24.97
AMM_fee,745,25.73
AMM_fee,746,26.26
AMM_fee,749,26.88
AMM_fee,750,28.62
AMM_fee,751,26.43
AMM_fee,752,26.7
AMM_fee,753,27.5
AMM_fee,754,24.99
AMM_fee,755,25.38
AMM_fee,758,27.4
AMM_fee,756,26.62
AMM_fee,757,26.56
AMM_fee,761,26.89
AMM_fee,760,25.95
AMM_fee,759,26.29
AMM_fee,763,23.96
AMM_fee,762,25.97
AMM_fee,765,26.7
AMM_fee,764,25.56
AMM_fee,769,28.07
AMM_fee,766,26.96
AMM_fee,767,28.66
AMM_fee,768,26.59
AMM_fee,770,24.54
AMM_fee,771,28.09
AMM_fee,773,24.78
AMM_fee,772,26.42
AMM_fee,774,29.23
AMM_fee,779,27.84
AMM_fee,777,26.79
AMM_fee,775,28.21
AMM_fee,776,27.14
AMM_fee,778,26.94
AMM_fee,781,25.49
AMM_fee,780,27.59
AMM_fee,782,25.99
AMM_fee,783,25.42
AMM_fee,784,26.33
AMM_fee,788,28.81
AMM_fee,785,26.71
AMM_fee,786,25.65
AMM_fee,787,25.98
AMM_fee,789,24.02
AMM_fee,790,27.1
AMM_fee,792,23.34
AMM_fee,791,26.19
AMM_fee,793,27.17
AMM_fee,794,26.61
AMM_fee,795,26.42
AMM_fee,798,28.28
AMM_fee,796,27.47
AMM_fee,797,27.19
AMM_fee,799,27.08
AMM_fee,801,27.24
AMM_fee,800,27.17
AMM_fee,802,26.45
AMM_fee,804,27.08
AMM_fee,803,28.09
AMM_fee,805,26.1
AMM_fee,806,27.7
AMM_fee,809,27.49
AMM_fee,807,25.91
AMM_fee,808,27.32
AMM_fee,810,26.52
AMM_fee,811,27.51
AMM_fee,812,26.7
AMM_fee,813,28.23
AMM_fee,814,28.21
AMM_fee,817,27.65
AMM_fee,816,27.54
AMM_fee,820,26.44
AMM_fee,815,25.67
AMM_fee,819,27.16
AMM_fee,818,27.39
AMM_fee,821,24.38
AMM_fee,822,25.58
AMM_fee,824,28.66
AMM_fee,823,26.82
AMM_fee,825,26.24
AMM_fee,830,27.47
AMM_fee,826,25.99
AMM_fee,827,26.05
AMM_fee,829,25.66
AMM_fee,828,24.78
AMM_fee,831,26.14
AMM_fee,833,27.18
AMM_fee,832,25.54
AMM_fee,834,26.28
AMM_fee,835,26.6
AMM_fee,836,26.19
AMM_fee,837,26.37
AMM_fee,839,25.91
AMM_fee,840,25.56
AMM_fee,838,25.38
AMM_fee,841,26.91
AMM_fee,843,27.37
AMM_fee,842,28.42
AMM_fee,844,26.29
AMM_fee,846,27.52
AMM_fee,845,27.17
AMM_fee,851,26.1
AMM_fee,847,25.92
AMM_fee,848,26.09
AMM_fee,850,26.73
AMM_fee,849,28.18
AMM_fee,852,24.91
AMM_fee,853,26.26
AMM_fee,854,28.93
AMM_fee,856,28.32
AMM_fee,855,28.51
AMM_fee,857,27.8
AMM_fee,860,28.11
AMM_fee,858,25.76
AMM_fee,859,26.3
AMM_fee,861,26.59
AMM_fee,862,28.26
AMM_fee,863,26.41
AMM_fee,864,26.05
AMM_fee,866,27.18
AMM_fee,865,24.96
AMM_fee,867,27.65
AMM_fee,871,26.39
AMM_fee,869,27.0
AMM_fee,870,28.27
AMM_fee,868,27.91
AMM_fee,872,27.0
AMM_fee,873,26.93
AMM_fee,874,25.69
AMM_fee,875,25.57
AMM_fee,876,26.4
AMM_fee,877,28.47
AMM_fee,881,28.0
AMM_fee,878,26.42
AMM_fee,879,26.34
AMM_fee,880,23.61
AMM_fee,882,25.11
AMM_fee,884,26.78
AMM_fee,883,26.4
AMM_fee,885,27.67
AMM_fee,886,28.46
AMM_fee,887,26.87
AMM_fee,891,26.06
AMM_fee,888,28.55
AMM_fee,889,26.13
AMM_fee,890,24.84
AMM_fee,892,27.11
AMM_fee,893,26.48
AMM_fee,894,27.04
AMM_fee,895,26.22
AMM_fee,896,26.73
AMM_fee,897,26.18
AMM_fee,901,25.91
AMM_fee,898,26.76
AMM_fee,899,27.12
AMM_fee,900,24.58
AMM_fee,902,27.06
AMM_fee,903,26.03
AMM_fee,904,26.15
AMM_fee,905,24.0
AMM_fee,907,27.46
AMM_fee,906,27.58
AMM_fee,911,26.83
AMM_fee,908,27.38
AMM_fee,909,26.58
AMM_fee,910,26.42
AMM_fee,912,27.68
AMM_fee,913,26.34
AMM_fee,914,28.25
AMM_fee,915,26.7
AMM_fee,916,26.14
AMM_fee,917,25.94
AMM_fee,921,26.75
AMM_fee,918,28.58
AMM_fee,919,26.26
AMM_fee,920,28.58
AMM_fee,922,27.41
AMM_fee,924,29.34
AMM_fee,923,26.42
AMM_fee,925,26.31
AMM_fee,926,25.23
AMM_fee,927,26.65
AMM_fee,928,23.57
AMM_fee,931,26.5
AMM_fee,930,28.95
AMM_fee,929,27.46
AMM_fee,932,26.57
AMM_fee,933,28.39
AMM_fee,934,26.04
AMM_fee,935,26.56
AMM_fee,936,26.74
AMM_fee,937,27.37
AMM_fee,938,26.18
AMM_fee,942,26.06
AMM_fee,939,28.23
AMM_fee,940,25.52
AMM_fee,941,26.07
AMM_fee,944,25.99
AMM_fee,943,25.59
AMM_fee,945,27.21
AMM_fee,946,26.89
AMM_fee,947,25.86
AMM_fee,948,26.39
AMM_fee,952,26.9
AMM_fee,949,27.24
AMM_fee,950,25.1
AMM_fee,951,26.83
AMM_fee,953,26.52
AMM_fee,954,25.07
AMM_fee,955,26.08
AMM_fee,957,26.5
AMM_fee,956,27.11
AMM_fee,959,23.82
AMM_fee,960,25.91
AMM_fee,962,27.78
AMM_fee,958,24.37
AMM_fee,961,26.65
AMM_fee,964,26.71
AMM_fee,963,25.74
AMM_fee,965,25.78
AMM_fee,966,24.15
AMM_fee,967,27.16
AMM_fee,968,23.68
AMM_fee,973,27.78
AMM_fee,969,26.5
AMM_fee,970,27.25
AMM_fee,972,26.99
AMM_fee,971,25.0
AMM_fee,974,25.42
AMM_fee,975,25.71
AMM_fee,976,27.35
AMM_fee,978,26.35
AMM_fee,977,26.81
AMM_fee,982,27.86
AMM_fee,979,24.91
AMM_fee,980,27.64
AMM_fee,981,26.72
AMM_fee,983,28.34
AMM_fee,984,26.08
AMM_fee,985,26.3
AMM_fee,987,27.04
AMM_fee,986,25.24
AMM_fee,988,25.78
AMM_fee,990,26.07
AMM_fee,992,26.48
AMM_fee,989,27.89
AMM_fee,991,26.55
AMM_fee,994,28.15
AMM_fee,993,27.99
AMM_fee,995,27.62
AMM_fee,996,25.31
AMM_fee,997,27.11
AMM_fee,998,23.93
AMM_fee,999,25.2
OB_fee,0,32.24
OB_fee,1,32.12
OB_fee,2,31.7
OB_fee,3,31.66
OB_fee,5,31.98
OB_fee,4,32.15
OB_fee,6,32.08
OB_fee,7,32.36
OB_fee,8,31.77
OB_fee,9,32.22
OB_fee,10,32.33
OB_fee,11,32.3
OB_fee,12,31.89
OB_fee,13,32.29
OB_fee,14,31.68
OB_fee,15,31.84
OB_fee,17,31.93
OB_fee,18,32.18
OB_fee,16,32.2
OB_fee,19,31.79
OB_fee,20,32.17
OB_fee,22,31.87
OB_fee,23,31.61
OB_fee,21,31.95
OB_fee,24,31.33
OB_fee,25,32.22
OB_fee,26,31.69
OB_fee,27,31.71
OB_fee,30,32.13
OB_fee,28,32.06
OB_fee,32,32.02
OB_fee,33,32.76
OB_fee,29,32.56
OB_fee,31,32.63
OB_fee,36,32.14
OB_fee,34,31.84
OB_fee,35,31.5
OB_fee,37,32.17
OB_fee,38,32.18
OB_fee,40,31.89
OB_fee,39,32.1
OB_fee,41,32.13
OB_fee,43,32.29
OB_fee,42,32.0
OB_fee,46,32.05
OB_fee,45,32.23
OB_fee,44,32.03
OB_fee,47,32.26
OB_fee,49,32.25
OB_fee,48,31.93
OB_fee,50,32.12
OB_fee,51,31.97
OB_fee,52,32.16
OB_fee,53,32.06
OB_fee,55,32.03
OB_fee,54,31.8
OB_fee,56,31.73
OB_fee,58,31.8
OB_fee,59,32.23
OB_fee,57,32.04
OB_fee,62,32.1
OB_fee,60,31.91
OB_fee,61,31.73
OB_fee,63,31.95
OB_fee,64,32.11
OB_fee,66,32.02
OB_fee,65,31.49
OB_fee,69,32.13
OB_fee,68,31.8
OB_fee,67,31.55
OB_fee,70,31.53
OB_fee,71,32.36
OB_fee,72,32.36
OB_fee,74,31.8
OB_fee,75,32.16
OB_fee,73,31.69
OB_fee,76,32.27
OB_fee,77,31.52
OB_fee,78,32.15
OB_fee,79,32.32
OB_fee,81,32.08
OB_fee,82,32.32
OB_fee,80,32.02
OB_fee,83,32.15
OB_fee,84,31.71
OB_fee,85,32.18
OB_fee,87,32.35
OB_fee,86,32.06
OB_fee,88,32.18
OB_fee,89,31.99
OB_fee,90,32.41
OB_fee,91,31.88
OB_fee,92,31.77
OB_fee,93,32.34
OB_fee,95,32.17
OB_fee,96,31.65
OB_fee,94,32.09
OB_fee,97,32.11
OB_fee,98,31.94
OB_fee,100,32.15
OB_fee,99,32.34
OB_fee,101,32.38
OB_fee,102,32.54
OB_fee,103,31.84
OB_fee,104,32.21
OB_fee,105,31.69
OB_fee,106,32.37
OB_fee,107,31.48
OB_fee,108,31.62
OB_fee,109,32.05
OB_fee,110,32.83
OB_fee,113,32.28
OB_fee,111,31.87
OB_fee,112,32.0
OB_fee,114,32.13
OB_fee,115,32.08
OB_fee,116,31.95
OB_fee,118,32.14
OB_fee,117,31.88
OB_fee,119,31.74
OB_fee,122,32.29
OB_fee,121,31.9
OB_fee,120,32.36
OB_fee,123,32.11
OB_fee,124,32.28
OB_fee,127,32.24
OB_fee,125,31.84
OB_fee,126,31.83
OB_fee,128,32.1
OB_fee,129,32.3
OB_fee,130,31.91
OB_fee,131,31.75
OB_fee,132,31.81
OB_fee,133,32.32
OB_fee,135,31.97
OB_fee,136,31.81
OB_fee,134,31.84
OB_fee,137,31.39
OB_fee,140,32.52
OB_fee,139,32.44
OB_fee,138,32.38
OB_fee,141,31.99
OB_fee,142,31.96
OB_fee,144,31.98
OB_fee,143,31.94
OB_fee,146,32.06
OB_fee,147,32.28
OB_fee,145,32.0
OB_fee,149,31.76
OB_fee,148,32.18
OB_fee,151,32.06
OB_fee,150,32.06
OB_fee,152,31.61
OB_fee,153,31.89
OB_fee,154,32.26
OB_fee,155,32.37
OB_fee,156,32.34
OB_fee,157,31.66
OB_fee,158,32.37
OB_fee,159,32.43
OB_fee,162,31.9
OB_fee,160,32.19
OB_fee,161,31.76
OB_fee,163,32.2
OB_fee,164,32.05
OB_fee,165,32.3
OB_fee,167,31.94
OB_fee,166,31.98
OB_fee,168,31.62
OB_fee,169,31.89
OB_fee,172,32.19
OB_fee,170,31.96
OB_fee,171,31.96
OB_fee,173,31.89
OB_fee,174,32.07
OB_fee,176,31.61
OB_fee,175,31.77
OB_fee,177,31.89
OB_fee,179,31.79
OB_fee,178,31.99
OB_fee,180,32.07
OB_fee,181,32.13
OB_fee,182,32.22
OB_fee,184,32.2
OB_fee,185,32.14
OB_fee,186,31.95
OB_fee,183,32.44
OB_fee,187,32.12
OB_fee,188,32.2
OB_fee,189,32.16
OB_fee,190,32.16
OB_fee,192,31.52
OB_fee,191,32.14
OB_fee,193,32.15
OB_fee,194,32.38
OB_fee,195,31.96
OB_fee,199,32.46
OB_fee,200,32.22
OB_fee,196,31.59
OB_fee,198,31.88
OB_fee,197,32.15
OB_fee,201,32.07
OB_fee,202,32.3
OB_fee,203,31.87
OB_fee,205,32.27
OB_fee,204,31.66
OB_fee,206,31.82
OB_fee,208,32.01
OB_fee,210,32.25
OB_fee,209,32.42
OB_fee,207,32.24
OB_fee,211,32.07
OB_fee,213,31.83
OB_fee,212,31.93
OB_fee,214,31.99
OB_fee,215,32.15
OB_fee,216,32.34
OB_fee,217,32.4
OB_fee,218,31.91
OB_fee,219,32.18
OB_fee,221,32.09
OB_fee,222,32.19
OB_fee,220,32.36
OB_fee,223,31.83
OB_fee,224,32.38
OB_fee,226,32.01
OB_fee,225,31.96
OB_fee,228,31.86
OB_fee,227,32.03
OB_fee,229,32.03
OB_fee,230,32.08
OB_fee,232,32.2
OB_fee,231,31.73
OB_fee,233,31.84
OB_fee,234,31.89
OB_fee,236,31.61
OB_fee,237,32.07
OB_fee,235,31.94
OB_fee,238,31.91
OB_fee,239,32.24
OB_fee,241,32.01
OB_fee,240,31.84
OB_fee,242,31.28
OB_fee,243,31.78
OB_fee,244,32.1
OB_fee,245,32.07
OB_fee,246,31.92
OB_fee,248,31.7
OB_fee,247,32.06
OB_fee,250,31.84
OB_fee,251,32.07
OB_fee,249,31.89
OB_fee,252,31.91
OB_fee,254,32.39
OB_fee,253,32.02
OB_fee,255,32.1
OB_fee,257,31.94
OB_fee,258,32.31
OB_fee,256,32.14
OB_fee,259,31.95
OB_fee,261,32.46
OB_fee,260,32.0
OB_fee,263,31.76
OB_fee,262,31.91
OB_fee,266,31.71
OB_fee,265,31.45
OB_fee,264,32.53
OB_fee,267,31.99
OB_fee,268,32.08
OB_fee,269,31.76
OB_fee,270,32.59
OB_fee,271,32.55
OB_fee,274,31.75
OB_fee,273,31.7
OB_fee,272,31.9
OB_fee,276,31.8
OB_fee,275,32.03
OB_fee,277,32.38
OB_fee,279,32.1
OB_fee,278,31.87
OB_fee,280,31.85
OB_fee,281,32.11
OB_fee,282,31.87
OB_fee,283,32.34
OB_fee,284,31.59
OB_fee,285,31.49
OB_fee,290,32.03
OB_fee,286,32.21
OB_fee,288,31.81
OB_fee,289,32.08
OB_fee,287,31.8
OB_fee,291,32.05
OB_fee,292,32.18
OB_fee,293,31.68
OB_fee,294,31.86
OB_fee,295,31.87
OB_fee,296,31.67
OB_fee,297,31.84
OB_fee,298,31.94
OB_fee,299,31.64
OB_fee,300,31.74
OB_fee,303,32.05
OB_fee,301,32.42
OB_fee,302,32.08
OB_fee,304,32.12
OB_fee,306,31.83
OB_fee,305,32.24
OB_fee,307,32.38
OB_fee,308,32.07
OB_fee,309,31.95
OB_fee,310,32.35
OB_fee,311,31.97
OB_fee,312,31.89
OB_fee,313,32.31
OB_fee,315,32.27
OB_fee,314,31.61
OB_fee,316,32.18
OB_fee,317,31.96
OB_fee,318,31.99
OB_fee,319,31.9
OB_fee,321,31.95
OB_fee,320,32.2
OB_fee,323,31.95
OB_fee,322,31.86
OB_fee,328,31.94
OB_fee,325,32.01
OB_fee,326,31.89
OB_fee,324,32.01
OB_fee,327,31.83
OB_fee,329,32.05
OB_fee,331,31.77
OB_fee,330,32.08
OB_fee,332,32.09
OB_fee,333,32.31
OB_fee,334,32.06
OB_fee,335,32.04
OB_fee,336,31.71
OB_fee,339,32.11
OB_fee,337,32.13
OB_fee,338,32.05
OB_fee,340,32.02
OB_fee,341,31.73
OB_fee,342,32.09
OB_fee,344,32.17
OB_fee,343,32.1
OB_fee,345,32.13
OB_fee,346,32.23
OB_fee,347,32.34
OB_fee,348,31.98
OB_fee,349,32.26
OB_fee,350,31.85
OB_fee,351,32.27
OB_fee,353,32.25
OB_fee,352,31.78
OB_fee,355,32.39
OB_fee,354,32.11
OB_fee,356,31.8
OB_fee,357,32.12
OB_fee,358,31.62
OB_fee,359,32.21
OB_fee,360,31.92
OB_fee,361,31.68
OB_fee,362,32.19
OB_fee,363,32.16
OB_fee,364,32.19
OB_fee,366,31.69
OB_fee,365,32.36
OB_fee,367,32.02
OB_fee,368,31.82
OB_fee,369,32.13
OB_fee,370,31.82
OB_fee,371,31.6
OB_fee,372,32.14
OB_fee,373,31.65
OB_fee,374,32.22
OB_fee,375,32.17
OB_fee,376,31.99
OB_fee,377,31.88
OB_fee,378,32.47
OB_fee,379,32.15
OB_fee,380,31.89
OB_fee,381,31.91
OB_fee,383,32.24
OB_fee,382,32.08
OB_fee,384,32.03
OB_fee,385,31.93
OB_fee,386,31.67
OB_fee,387,31.99
OB_fee,389,32.08
OB_fee,390,32.18
OB_fee,388,31.59
OB_fee,391,32.12
OB_fee,393,32.36
OB_fee,392,32.37
OB_fee,394,32.31
OB_fee,395,31.84
OB_fee,396,32.08
OB_fee,397,31.93
OB_fee,398,32.27
OB_fee,399,32.1
OB_fee,401,31.98
OB_fee,400,31.99
OB_fee,402,32.31
OB_fee,403,31.55
OB_fee,404,31.95
OB_fee,405,32.16
OB_fee,407,32.15
OB_fee,406,32.07
OB_fee,409,31.92
OB_fee,408,32.19
OB_fee,410,31.76
OB_fee,411,32.31
OB_fee,412,31.95
OB_fee,413,32.04
OB_fee,414,32.13
OB_fee,415,31.58
OB_fee,416,31.89
OB_fee,417,32.21
OB_fee,419,31.56
OB_fee,418,32.0
OB_fee,420,31.9
OB_fee,421,32.04
OB_fee,422,32.26
OB_fee,423,31.99
OB_fee,424,32.06
OB_fee,425,32.02
OB_fee,426,32.32
OB_fee,427,32.21
OB_fee,428,31.75
OB_fee,429,32.1
OB_fee,430,31.85
OB_fee,432,32.11
OB_fee,431,31.54
OB_fee,433,31.98
OB_fee,434,31.9
OB_fee,435,32.13
OB_fee,436,31.48
OB_fee,437,31.65
OB_fee,438,32.22
OB_fee,439,31.77
OB_fee,441,31.9
OB_fee,440,32.4
OB_fee,442,32.1
OB_fee,443,31.75
OB_fee,444,31.64
OB_fee,445,32.39
OB_fee,447,32.03
OB_fee,446,32.25
OB_fee,448,32.32
OB_fee,449,32.16
OB_fee,450,32.12
OB_fee,451,31.76
OB_fee,452,32.1
OB_fee,453,31.95
OB_fee,454,31.64
OB_fee,455,32.24
OB_fee,457,32.13
OB_fee,456,32.1
OB_fee,459,32.12
OB_fee,458,31.87
OB_fee,460,31.98
OB_fee,461,32.0
OB_fee,462,31.83
OB_fee,463,32.22
OB_fee,464,31.73
OB_fee,465,32.21
OB_fee,466,31.72
OB_fee,470,31.98
OB_fee,468,31.62
OB_fee,467,32.02
OB_fee,469,32.06
OB_fee,471,31.87
OB_fee,472,32.06
OB_fee,473,31.78
OB_fee,474,31.96
OB_fee,475,32.16
OB_fee,476,32.21
OB_fee,477,32.44
OB_fee,478,31.85
OB_fee,480,32.24
OB_fee,479,32.18
OB_fee,481,31.96
OB_fee,482,31.49
OB_fee,483,32.01
OB_fee,484,32.22
OB_fee,485,32.32
OB_fee,486,31.81
OB_fee,487,31.7
OB_fee,489,32.08
OB_fee,488,31.96
OB_fee,490,32.32
OB_fee,491,31.74
OB_fee,493,31.77
OB_fee,494,31.98
OB_fee,492,32.22
OB_fee,495,32.02
OB_fee,497,31.99
OB_fee,496,31.92
OB_fee,498,31.6
OB_fee,500,31.47
OB_fee,499,31.6
OB_fee,501,31.7
OB_fee,502,32.2
OB_fee,503,31.55
OB_fee,504,31.87
OB_fee,505,32.06
OB_fee,507,32.06
OB_fee,506,31.8
OB_fee,509,32.08
OB_fee,508,32.01
OB_fee,510,31.91
OB_fee,511,31.53
OB_fee,513,32.09
OB_fee,512,31.81
OB_fee,514,32.11
OB_fee,515,32.15
OB_fee,516,32.43
OB_fee,517,32.08
OB_fee,518,31.98
OB_fee,520,31.94
OB_fee,519,32.37
OB_fee,521,32.42
OB_fee,523,31.47
OB_fee,522,31.91
OB_fee,524,32.02
OB_fee,526,32.07
OB_fee,525,32.33
OB_fee,527,31.6
OB_fee,528,31.62
OB_fee,529,32.13
OB_fee,531,31.94
OB_fee,530,31.82
OB_fee,532,32.29
OB_fee,533,32.02
OB_fee,534,32.18
OB_fee,535,31.67
OB_fee,536,31.98
OB_fee,537,31.81
OB_fee,538,32.19
OB_fee,539,32.25
OB_fee,540,32.02
OB_fee,541,32.37
OB_fee,543,32.22
OB_fee,542,31.48
OB_fee,544,32.0
OB_fee,545,32.04
OB_fee,546,32.23
OB_fee,548,31.65
OB_fee,547,31.83
OB_fee,549,31.9
OB_fee,550,32.11
OB_fee,551,31.87
OB_fee,552,32.29
OB_fee,553,31.91
OB_fee,554,32.31
OB_fee,555,31.68
OB_fee,557,31.78
OB_fee,556,32.08
OB_fee,559,31.58
OB_fee,560,32.09
OB_fee,558,31.93
OB_fee,561,31.45
OB_fee,562,32.25
OB_fee,563,32.04
OB_fee,564,31.92
OB_fee,565,31.66
OB_fee,566,32.25
OB_fee,567,32.02
OB_fee,568,31.92
OB_fee,569,31.86
OB_fee,571,31.9
OB_fee,570,32.32
OB_fee,573,31.8
OB_fee,572,31.73
OB_fee,574,32.25
OB_fee,575,31.65
OB_fee,577,31.94
OB_fee,576,31.9
OB_fee,578,32.02
OB_fee,580,32.19
OB_fee,579,31.81
OB_fee,581,32.15
OB_fee,582,31.79
OB_fee,583,31.93
OB_fee,584,32.27
OB_fee,585,32.15
OB_fee,586,31.75
OB_fee,587,31.65
OB_fee,589,31.97
OB_fee,588,32.31
OB_fee,590,31.69
OB_fee,591,32.47
OB_fee,593,32.31
OB_fee,592,32.02
OB_fee,594,32.16
OB_fee,597,31.66
OB_fee,596,32.38
OB_fee,595,32.3
OB_fee,598,31.99
OB_fee,599,32.1
OB_fee,600,31.98
OB_fee,602,31.76
OB_fee,601,31.81
OB_fee,604,32.47
OB_fee,603,32.06
OB_fee,605,31.94
OB_fee,606,31.61
OB_fee,607,32.27
OB_fee,609,32.29
OB_fee,610,32.04
OB_fee,608,31.8
OB_fee,611,32.05
OB_fee,612,31.77
OB_fee,613,31.76
OB_fee,615,32.28
OB_fee,614,31.89
OB_fee,618,31.61
OB_fee,616,32.02
OB_fee,617,31.89
OB_fee,619,32.21
OB_fee,620,31.95
OB_fee,623,31.89
OB_fee,621,32.15
OB_fee,622,31.73
OB_fee,624,32.35
OB_fee,625,31.31
OB_fee,626,32.43
OB_fee,627,32.04
OB_fee,629,32.24
OB_fee,630,32.15
OB_fee,628,31.93
OB_fee,631,32.12
OB_fee,632,32.13
OB_fee,633,32.16
OB_fee,636,31.93
OB_fee,634,31.85
OB_fee,635,31.93
OB_fee,637,31.79
OB_fee,638,32.14
OB_fee,640,31.63
OB_fee,639,32.06
OB_fee,644,32.09
OB_fee,642,31.95
OB_fee,643,32.23
OB_fee,641,32.06
OB_fee,645,31.98
OB_fee,646,31.89
OB_fee,647,31.81
OB_fee,649,32.3
OB_fee,648,32.14
OB_fee,651,31.91
OB_fee,652,32.0
OB_fee,650,32.21
OB_fee,658,31.94
OB_fee,653,32.13
OB_fee,655,32.69
OB_fee,656,31.86
OB_fee,657,31.86
OB_fee,654,31.88
OB_fee,659,32.33
OB_fee,666,31.67
OB_fee,661,32.02
OB_fee,662,32.06
OB_fee,660,32.35
OB_fee,664,31.63
OB_fee,665,32.18
OB_fee,663,31.9
OB_fee,667,31.49
OB_fee,671,32.0
OB_fee,669,31.6
OB_fee,668,32.0
OB_fee,670,31.81
OB_fee,673,32.01
OB_fee,672,32.22
OB_fee,674,32.24
OB_fee,675,32.06
OB_fee,676,32.09
OB_fee,677,31.95
OB_fee,680,31.88
OB_fee,679,31.85
OB_fee,678,31.93
OB_fee,681,32.15
OB_fee,685,32.24
OB_fee,684,32.34
OB_fee,682,31.97
OB_fee,683,31.94
OB_fee,686,32.09
OB_fee,687,31.8
OB_fee,688,32.03
OB_fee,690,31.87
OB_fee,689,31.91
OB_fee,695,31.83
OB_fee,691,31.93
OB_fee,693,32.06
OB_fee,692,32.01
OB_fee,694,32.16
OB_fee,697,31.98
OB_fee,696,32.13
OB_fee,698,32.04
OB_fee,704,32.12
OB_fee,699,32.18
OB_fee,700,32.24
OB_fee,702,31.85
OB_fee,701,31.74
OB_fee,703,32.04
OB_fee,706,31.78
OB_fee,708,32.06
OB_fee,707,32.26
OB_fee,705,31.75
OB_fee,709,31.99
OB_fee,710,31.84
OB_fee,711,32.03
OB_fee,712,31.94
OB_fee,713,31.9
OB_fee,714,32.4
OB_fee,715,31.66
OB_fee,716,31.93
OB_fee,717,31.76
OB_fee,718,31.79
OB_fee,719,32.09
OB_fee,721,32.25
OB_fee,720,31.62
OB_fee,722,32.56
OB_fee,723,31.96
OB_fee,725,32.5
OB_fee,724,32.23
OB_fee,726,32.16
OB_fee,727,32.27
OB_fee,728,32.08
OB_fee,729,32.04
OB_fee,730,32.62
OB_fee,737,31.96
OB_fee,731,31.79
OB_fee,733,32.4
OB_fee,734,31.84
OB_fee,732,32.23
OB_fee,735,32.48
OB_fee,736,31.89
OB_fee,738,31.93
OB_fee,739,31.77
OB_fee,744,31.78
OB_fee,740,32.28
OB_fee,743,32.1
OB_fee,741,32.06
OB_fee,742,32.1
OB_fee,745,31.59
OB_fee,749,31.9
OB_fee,747,31.59
OB_fee,746,32.08
OB_fee,751,31.86
OB_fee,748,31.85
OB_fee,750,32.36
OB_fee,753,32.15
OB_fee,752,32.26
OB_fee,754,31.37
OB_fee,756,32.27
OB_fee,755,32.19
OB_fee,757,31.81
OB_fee,759,31.78
OB_fee,758,32.18
OB_fee,761,32.23
OB_fee,760,32.41
OB_fee,765,32.2
OB_fee,762,31.64
OB_fee,763,31.87
OB_fee,764,32.3
OB_fee,766,32.18
OB_fee,767,31.93
OB_fee,769,32.41
OB_fee,768,31.77
OB_fee,770,32.25
OB_fee,775,32.04
OB_fee,771,32.4
OB_fee,772,31.93
OB_fee,774,32.28
OB_fee,773,31.75
OB_fee,777,32.3
OB_fee,778,31.71
OB_fee,776,32.1
OB_fee,779,31.65
OB_fee,781,31.92
OB_fee,784,32.14
OB_fee,782,31.99
OB_fee,780,32.3
OB_fee,783,31.86
OB_fee,785,31.71
OB_fee,789,32.04
OB_fee,787,31.87
OB_fee,786,32.6
OB_fee,791,32.1
OB_fee,790,31.84
OB_fee,788,32.32
OB_fee,792,32.15
OB_fee,794,32.32
OB_fee,795,32.35
OB_fee,793,32.13
OB_fee,796,32.52
OB_fee,797,31.62
OB_fee,798,32.06
OB_fee,801,31.98
OB_fee,800,31.96
OB_fee,803,32.11
OB_fee,804,32.65
OB_fee,799,31.71
OB_fee,806,31.88
OB_fee,802,31.63
OB_fee,805,31.81
OB_fee,808,31.78
OB_fee,807,32.19
OB_fee,809,32.28
OB_fee,810,32.07
OB_fee,817,32.1
OB_fee,811,32.21
OB_fee,814,31.78
OB_fee,813,32.28
OB_fee,818,32.16
OB_fee,815,31.85
OB_fee,816,31.81
OB_fee,812,32.3
OB_fee,819,31.96
OB_fee,820,32.14
OB_fee,822,31.89
OB_fee,821,32.45
OB_fee,824,32.24
OB_fee,823,31.6
OB_fee,825,32.27
OB_fee,826,32.22
OB_fee,827,32.25
OB_fee,828,32.06
OB_fee,831,31.74
OB_fee,830,31.74
OB_fee,829,31.73
OB_fee,832,31.86
OB_fee,836,32.13
OB_fee,833,32.13
OB_fee,834,32.05
OB_fee,835,32.06
OB_fee,838,32.02
OB_fee,839,31.98
OB_fee,837,32.35
OB_fee,841,31.79
OB_fee,840,31.72
OB_fee,842,32.19
OB_fee,843,32.03
OB_fee,844,31.93
OB_fee,846,32.38
OB_fee,845,32.12
OB_fee,847,32.31
OB_fee,848,32.2
OB_fee,849,32.07
OB_fee,858,31.9
OB_fee,852,31.69
OB_fee,853,31.57
OB_fee,851,31.9
OB_fee,854,32.27
OB_fee,850,31.96
OB_fee,856,32.36
OB_fee,855,31.74
OB_fee,857,31.53
OB_fee,859,32.21
OB_fee,860,32.06
OB_fee,861,32.3
OB_fee,863,31.95
OB_fee,862,32.46
OB_fee,864,32.22
OB_fee,865,31.75
OB_fee,866,32.18
OB_fee,867,32.04
OB_fee,870,31.97
OB_fee,868,31.86
OB_fee,869,32.37
OB_fee,871,31.78
OB_fee,872,32.24
OB_fee,875,31.67
OB_fee,873,31.85
OB_fee,874,31.58
OB_fee,876,31.95
OB_fee,878,31.98
OB_fee,877,31.85
OB_fee,879,31.89
OB_fee,880,31.99
OB_fee,881,32.04
OB_fee,882,32.1
OB_fee,886,31.99
OB_fee,883,31.71
OB_fee,885,32.57
OB_fee,884,31.97
OB_fee,888,32.43
OB_fee,887,32.22
OB_fee,889,32.01
OB_fee,896,31.89
OB_fee,890,32.19
OB_fee,892,32.1
OB_fee,891,31.73
OB_fee,893,32.12
OB_fee,894,31.98
OB_fee,895,32.26
OB_fee,897,31.82
OB_fee,898,32.65
OB_fee,899,32.29
OB_fee,900,31.82
OB_fee,901,32.04
OB_fee,903,32.02
OB_fee,902,31.63
OB_fee,905,31.74
OB_fee,904,31.97
OB_fee,906,32.13
OB_fee,907,32.19
OB_fee,908,32.25
OB_fee,909,32.2
OB_fee,910,32.32
OB_fee,912,32.27
OB_fee,911,32.07
OB_fee,915,31.94
OB_fee,913,32.14
OB_fee,914,31.84
OB_fee,916,32.38
OB_fee,917,31.46
OB_fee,918,31.74
OB_fee,920,32.09
OB_fee,919,31.6
OB_fee,921,32.21
OB_fee,926,31.87
OB_fee,922,31.95
OB_fee,923,31.67
OB_fee,925,31.56
OB_fee,924,32.15
OB_fee,928,32.33
OB_fee,927,31.66
OB_fee,929,31.86
OB_fee,930,32.15
OB_fee,931,32.04
OB_fee,935,32.02
OB_fee,932,31.73
OB_fee,934,32.01
OB_fee,937,31.95
OB_fee,933,32.29
OB_fee,936,31.97
OB_fee,939,32.04
OB_fee,938,31.95
OB_fee,940,31.93
OB_fee,941,32.46
OB_fee,945,31.53
OB_fee,942,32.29
OB_fee,943,32.1
OB_fee,944,32.26
OB_fee,946,32.16
OB_fee,947,32.34
OB_fee,950,32.34
OB_fee,948,31.6
OB_fee,951,31.93
OB_fee,949,32.2
OB_fee,953,31.9
OB_fee,952,32.02
OB_fee,954,32.0
OB_fee,955,31.95
OB_fee,956,31.81
OB_fee,957,32.19
OB_fee,958,31.99
OB_fee,959,32.31
OB_fee,960,31.81
OB_fee,968,31.96
OB_fee,961,32.2
OB_fee,962,32.1
OB_fee,964,32.03
OB_fee,966,31.66
OB_fee,963,32.06
OB_fee,967,32.02
OB_fee,965,32.18
OB_fee,969,32.21
OB_fee,970,32.16
OB_fee,974,32.21
OB_fee,971,32.09
OB_fee,972,31.6
OB_fee,973,32.07
OB_fee,975,31.85
OB_fee,976,31.79
OB_fee,977,31.78
OB_fee,978,32.05
OB_fee,980,32.15
OB_fee,979,31.79
OB_fee,981,32.19
OB_fee,984,32.13
OB_fee,982,32.08
OB_fee,983,31.82
OB_fee,985,32.41
OB_fee,986,32.32
OB_fee,987,31.96
OB_fee,988,31.98
OB_fee,990,31.92
OB_fee,989,31.92
OB_fee,991,32.27
OB_fee,992,32.25
OB_fee,995,32.12
OB_fee,993,31.86
OB_fee,994,32.23
OB_fee,996,32.34
OB_fee,997,32.18
OB_fee,998,31.69
OB_fee,999,32.23
IMPROVED_FX_fee,1,18.42
IMPROVED_FX_fee,2,18.14
IMPROVED_FX_fee,0,18.46
IMPROVED_FX_fee,3,18.09
IMPROVED_FX_fee,4,18.78
IMPROVED_FX_fee,5,18.26
IMPROVED_FX_fee,6,18.53
IMPROVED_FX_fee,11,18.63
IMPROVED_FX_fee,7,18.92
IMPROVED_FX_fee,8,18.41
IMPROVED_FX_fee,9,18.5
IMPROVED_FX_fee,10,18.45
IMPROVED_FX_fee,12,18.43
IMPROVED_FX_fee,14,18.06
IMPROVED_FX_fee,13,18.64
IMPROVED_FX_fee,16,18.24
IMPROVED_FX_fee,15,18.17
IMPROVED_FX_fee,20,18.49
IMPROVED_FX_fee,17,18.56
IMPROVED_FX_fee,18,18.63
IMPROVED_FX_fee,19,18.41
IMPROVED_FX_fee,21,18.36
IMPROVED_FX_fee,23,18.17
IMPROVED_FX_fee,22,18.2
IMPROVED_FX_fee,24,17.9
IMPROVED_FX_fee,25,18.53
IMPROVED_FX_fee,27,18.09
IMPROVED_FX_fee,26,18.13
IMPROVED_FX_fee,30,18.75
IMPROVED_FX_fee,28,18.52
IMPROVED_FX_fee,29,18.93
IMPROVED_FX_fee,31,18.85
IMPROVED_FX_fee,32,18.49
IMPROVED_FX_fee,34,18.19
IMPROVED_FX_fee,33,18.91
IMPROVED_FX_fee,36,18.4
IMPROVED_FX_fee,35,18.2
IMPROVED_FX_fee,37,18.65
IMPROVED_FX_fee,41,18.46
IMPROVED_FX_fee,38,18.68
IMPROVED_FX_fee,39,18.58
IMPROVED_FX_fee,40,18.37
IMPROVED_FX_fee,42,18.42
IMPROVED_FX_fee,43,18.41
IMPROVED_FX_fee,44,18.36
IMPROVED_FX_fee,45,18.96
IMPROVED_FX_fee,47,18.56
IMPROVED_FX_fee,51,18.79
IMPROVED_FX_fee,46,18.35
IMPROVED_FX_fee,49,18.51
IMPROVED_FX_fee,48,18.36
IMPROVED_FX_fee,50,18.49
IMPROVED_FX_fee,53,18.51
IMPROVED_FX_fee,52,18.47
IMPROVED_FX_fee,54,18.15
IMPROVED_FX_fee,55,18.64
IMPROVED_FX_fee,56,18.13
IMPROVED_FX_fee,57,18.53
IMPROVED_FX_fee,60,18.26
IMPROVED_FX_fee,58,18.43
IMPROVED_FX_fee,61,18.06
IMPROVED_FX_fee,59,18.58
IMPROVED_FX_fee,62,18.49
IMPROVED_FX_fee,63,18.57
IMPROVED_FX_fee,64,18.3
IMPROVED_FX_fee,67,17.99
IMPROVED_FX_fee,66,18.42
IMPROVED_FX_fee,65,18.11
IMPROVED_FX_fee,71,18.73
IMPROVED_FX_fee,68,18.12
IMPROVED_FX_fee,69,18.35
IMPROVED_FX_fee,70,17.98
IMPROVED_FX_fee,72,18.7
IMPROVED_FX_fee,75,18.42
IMPROVED_FX_fee,73,18.12
IMPROVED_FX_fee,74,18.62
IMPROVED_FX_fee,76,18.4
IMPROVED_FX_fee,77,17.95
IMPROVED_FX_fee,81,18.67
IMPROVED_FX_fee,79,18.74
IMPROVED_FX_fee,80,18.5
IMPROVED_FX_fee,78,18.53
IMPROVED_FX_fee,82,18.48
IMPROVED_FX_fee,83,19.05
IMPROVED_FX_fee,84,18.15
IMPROVED_FX_fee,85,18.75
IMPROVED_FX_fee,86,18.29
IMPROVED_FX_fee,91,18.43
IMPROVED_FX_fee,89,18.39
IMPROVED_FX_fee,88,18.63
IMPROVED_FX_fee,87,18.76
IMPROVED_FX_fee,90,18.88
IMPROVED_FX_fee,92,18.3
IMPROVED_FX_fee,93,18.6
IMPROVED_FX_fee,94,18.44
IMPROVED_FX_fee,95,18.69
IMPROVED_FX_fee,96,18.59
IMPROVED_FX_fee,97,18.51
IMPROVED_FX_fee,100,18.27
IMPROVED_FX_fee,98,18.32
IMPROVED_FX_fee,99,18.82
IMPROVED_FX_fee,101,18.66
IMPROVED_FX_fee,102,18.88
IMPROVED_FX_fee,103,18.32
IMPROVED_FX_fee,104,18.59
IMPROVED_FX_fee,106,18.91
IMPROVED_FX_fee,105,18.25
IMPROVED_FX_fee,107,18.05
IMPROVED_FX_fee,108,18.08
IMPROVED_FX_fee,111,18.34
IMPROVED_FX_fee,109,18.47
IMPROVED_FX_fee,110,18.99
IMPROVED_FX_fee,113,18.63
IMPROVED_FX_fee,112,18.61
IMPROVED_FX_fee,114,18.4
IMPROVED_FX_fee,115,18.65
IMPROVED_FX_fee,116,18.41
IMPROVED_FX_fee,117,18.19
IMPROVED_FX_fee,118,18.51
IMPROVED_FX_fee,122,18.74
IMPROVED_FX_fee,119,18.28
IMPROVED_FX_fee,120,18.8
IMPROVED_FX_fee,121,18.57
IMPROVED_FX_fee,123,18.71
IMPROVED_FX_fee,124,18.84
IMPROVED_FX_fee,125,18.21
IMPROVED_FX_fee,126,18.24
IMPROVED_FX_fee,129,18.65
IMPROVED_FX_fee,132,18.24
IMPROVED_FX_fee,127,18.52
IMPROVED_FX_fee,128,18.64
IMPROVED_FX_fee,130,18.36
IMPROVED_FX_fee,134,18.52
IMPROVED_FX_fee,131,18.18
IMPROVED_FX_fee,133,18.61
IMPROVED_FX_fee,135,18.55
IMPROVED_FX_fee,136,18.21
IMPROVED_FX_fee,141,18.42
IMPROVED_FX_fee,137,18.0
IMPROVED_FX_fee,138,18.6
IMPROVED_FX_fee,140,18.53
IMPROVED_FX_fee,139,18.69
IMPROVED_FX_fee,142,18.61
IMPROVED_FX_fee,143,18.38
IMPROVED_FX_fee,144,18.51
IMPROVED_FX_fee,146,18.61
IMPROVED_FX_fee,145,18.2
IMPROVED_FX_fee,147,18.27
IMPROVED_FX_fee,148,18.78
IMPROVED_FX_fee,150,18.23
IMPROVED_FX_fee,149,18.42
IMPROVED_FX_fee,151,18.62
IMPROVED_FX_fee,152,18.19
IMPROVED_FX_fee,153,18.58
IMPROVED_FX_fee,156,18.72
IMPROVED_FX_fee,154,18.78
IMPROVED_FX_fee,157,18.36
IMPROVED_FX_fee,155,18.71
IMPROVED_FX_fee,158,18.72
IMPROVED_FX_fee,159,18.78
IMPROVED_FX_fee,162,18.46
IMPROVED_FX_fee,160,18.38
IMPROVED_FX_fee,161,18.28
IMPROVED_FX_fee,163,18.65
IMPROVED_FX_fee,164,18.46
IMPROVED_FX_fee,165,18.6
IMPROVED_FX_fee,166,18.46
IMPROVED_FX_fee,173,18.2
IMPROVED_FX_fee,167,18.54
IMPROVED_FX_fee,168,18.33
IMPROVED_FX_fee,169,18.65
IMPROVED_FX_fee,170,18.44
IMPROVED_FX_fee,171,18.58
IMPROVED_FX_fee,172,18.61
IMPROVED_FX_fee,174,18.43
IMPROVED_FX_fee,175,18.34
IMPROVED_FX_fee,180,18.49
IMPROVED_FX_fee,176,17.94
IMPROVED_FX_fee,177,18.31
IMPROVED_FX_fee,178,18.58
IMPROVED_FX_fee,179,18.25
IMPROVED_FX_fee,181,18.55
IMPROVED_FX_fee,183,18.75
IMPROVED_FX_fee,184,18.85
IMPROVED_FX_fee,182,18.58
IMPROVED_FX_fee,185,18.6
IMPROVED_FX_fee,186,18.58
IMPROVED_FX_fee,187,18.5
IMPROVED_FX_fee,188,18.7
IMPROVED_FX_fee,189,18.65
IMPROVED_FX_fee,190,18.24
IMPROVED_FX_fee,191,18.45
IMPROVED_FX_fee,192,18.11
IMPROVED_FX_fee,193,18.37
IMPROVED_FX_fee,194,18.98
IMPROVED_FX_fee,195,18.57
IMPROVED_FX_fee,196,18.0
IMPROVED_FX_fee,197,18.66
IMPROVED_FX_fee,198,18.2
IMPROVED_FX_fee,200,18.53
IMPROVED_FX_fee,202,18.9
IMPROVED_FX_fee,199,18.73
IMPROVED_FX_fee,201,18.53
IMPROVED_FX_fee,203,18.48
IMPROVED_FX_fee,204,17.9
IMPROVED_FX_fee,205,18.51
IMPROVED_FX_fee,206,18.37
IMPROVED_FX_fee,208,18.4
IMPROVED_FX_fee,213,18.06
IMPROVED_FX_fee,209,18.6
IMPROVED_FX_fee,207,18.69
IMPROVED_FX_fee,210,18.78
IMPROVED_FX_fee,212,18.43
IMPROVED_FX_fee,211,18.51
IMPROVED_FX_fee,214,18.52
IMPROVED_FX_fee,215,18.53
IMPROVED_FX_fee,216,18.86
IMPROVED_FX_fee,221,18.44
IMPROVED_FX_fee,217,18.76
IMPROVED_FX_fee,218,18.17
IMPROVED_FX_fee,219,18.47
IMPROVED_FX_fee,220,18.58
IMPROVED_FX_fee,223,18.15
IMPROVED_FX_fee,224,18.81
IMPROVED_FX_fee,222,18.67
IMPROVED_FX_fee,225,18.33
IMPROVED_FX_fee,226,18.39
IMPROVED_FX_fee,227,18.34
IMPROVED_FX_fee,228,18.22
IMPROVED_FX_fee,230,18.42
IMPROVED_FX_fee,229,18.57
IMPROVED_FX_fee,231,17.92
IMPROVED_FX_fee,232,18.56
IMPROVED_FX_fee,234,18.32
IMPROVED_FX_fee,233,18.41
IMPROVED_FX_fee,236,18.13
IMPROVED_FX_fee,235,18.37
IMPROVED_FX_fee,237,18.51
IMPROVED_FX_fee,239,18.59
IMPROVED_FX_fee,238,18.48
IMPROVED_FX_fee,242,17.69
IMPROVED_FX_fee,240,18.27
IMPROVED_FX_fee,241,18.43
IMPROVED_FX_fee,243,18.27
IMPROVED_FX_fee,244,18.18
IMPROVED_FX_fee,245,18.49
IMPROVED_FX_fee,246,18.33
IMPROVED_FX_fee,253,18.55
IMPROVED_FX_fee,248,18.33
IMPROVED_FX_fee,249,18.29
IMPROVED_FX_fee,247,18.43
IMPROVED_FX_fee,251,18.48
IMPROVED_FX_fee,250,18.41
IMPROVED_FX_fee,252,18.24
IMPROVED_FX_fee,254,18.96
IMPROVED_FX_fee,255,18.42
IMPROVED_FX_fee,256,18.14
IMPROVED_FX_fee,260,18.37
IMPROVED_FX_fee,259,18.45
IMPROVED_FX_fee,257,18.45
IMPROVED_FX_fee,258,18.64
IMPROVED_FX_fee,262,18.28
IMPROVED_FX_fee,261,18.86
IMPROVED_FX_fee,263,17.88
IMPROVED_FX_fee,266,17.98
IMPROVED_FX_fee,264,18.87
IMPROVED_FX_fee,265,17.95
IMPROVED_FX_fee,267,18.32
IMPROVED_FX_fee,268,18.37
IMPROVED_FX_fee,270,18.62
IMPROVED_FX_fee,269,18.47
IMPROVED_FX_fee,273,18.55
IMPROVED_FX_fee,272,18.39
IMPROVED_FX_fee,271,19.02
IMPROVED_FX_fee,274,18.24
IMPROVED_FX_fee,276,18.5
IMPROVED_FX_fee,278,18.25
IMPROVED_FX_fee,275,18.33
IMPROVED_FX_fee,277,18.58
IMPROVED_FX_fee,279,18.63
IMPROVED_FX_fee,280,18.11
IMPROVED_FX_fee,282,18.5
IMPROVED_FX_fee,281,18.31
IMPROVED_FX_fee,283,18.78
IMPROVED_FX_fee,284,18.27
IMPROVED_FX_fee,286,18.77
IMPROVED_FX_fee,285,18.03
IMPROVED_FX_fee,287,18.39
IMPROVED_FX_fee,288,18.21
IMPROVED_FX_fee,289,18.46
IMPROVED_FX_fee,294,18.43
IMPROVED_FX_fee,290,18.45
IMPROVED_FX_fee,291,18.58
IMPROVED_FX_fee,292,18.61
IMPROVED_FX_fee,293,18.18
IMPROVED_FX_fee,295,18.47
IMPROVED_FX_fee,296,18.21
IMPROVED_FX_fee,297,18.3
IMPROVED_FX_fee,298,18.46
IMPROVED_FX_fee,303,18.38
IMPROVED_FX_fee,299,18.55
IMPROVED_FX_fee,300,18.24
IMPROVED_FX_fee,301,18.59
IMPROVED_FX_fee,302,18.29
IMPROVED_FX_fee,305,18.29
IMPROVED_FX_fee,304,18.34
IMPROVED_FX_fee,306,18.45
IMPROVED_FX_fee,307,18.55
IMPROVED_FX_fee,308,18.13
IMPROVED_FX_fee,312,18.45
IMPROVED_FX_fee,310,18.49
IMPROVED_FX_fee,309,18.22
IMPROVED_FX_fee,311,18.49
IMPROVED_FX_fee,315,18.7
IMPROVED_FX_fee,314,18.23
IMPROVED_FX_fee,316,18.44
IMPROVED_FX_fee,313,18.55
IMPROVED_FX_fee,317,18.29
IMPROVED_FX_fee,319,18.58
IMPROVED_FX_fee,318,18.37
IMPROVED_FX_fee,320,18.67
IMPROVED_FX_fee,321,18.3
IMPROVED_FX_fee,322,18.48
IMPROVED_FX_fee,324,18.49
IMPROVED_FX_fee,323,18.35
IMPROVED_FX_fee,325,18.39
IMPROVED_FX_fee,328,18.49
IMPROVED_FX_fee,329,18.51
IMPROVED_FX_fee,327,18.38
IMPROVED_FX_fee,326,18.18
IMPROVED_FX_fee,330,18.52
IMPROVED_FX_fee,331,18.28
IMPROVED_FX_fee,335,18.71
IMPROVED_FX_fee,332,18.71
IMPROVED_FX_fee,333,18.7
IMPROVED_FX_fee,334,18.38
IMPROVED_FX_fee,337,18.59
IMPROVED_FX_fee,336,18.0
IMPROVED_FX_fee,338,18.45
IMPROVED_FX_fee,341,18.16
IMPROVED_FX_fee,339,18.43
IMPROVED_FX_fee,340,18.29
IMPROVED_FX_fee,345,18.56
IMPROVED_FX_fee,342,18.58
IMPROVED_FX_fee,343,18.55
IMPROVED_FX_fee,344,18.51
IMPROVED_FX_fee,347,18.57
IMPROVED_FX_fee,346,18.66
IMPROVED_FX_fee,348,18.18
IMPROVED_FX_fee,349,18.62
IMPROVED_FX_fee,355,18.96
IMPROVED_FX_fee,350,18.27
IMPROVED_FX_fee,351,18.69
IMPROVED_FX_fee,352,18.29
IMPROVED_FX_fee,353,18.63
IMPROVED_FX_fee,354,18.34
IMPROVED_FX_fee,356,18.43
IMPROVED_FX_fee,357,18.45
IMPROVED_FX_fee,358,18.24
IMPROVED_FX_fee,360,18.42
IMPROVED_FX_fee,361,18.14
IMPROVED_FX_fee,359,18.46
IMPROVED_FX_fee,363,18.66
IMPROVED_FX_fee,362,18.68
IMPROVED_FX_fee,365,18.58
IMPROVED_FX_fee,364,18.58
IMPROVED_FX_fee,366,18.05
IMPROVED_FX_fee,367,18.6
IMPROVED_FX_fee,368,18.49
IMPROVED_FX_fee,369,18.44
IMPROVED_FX_fee,371,18.16
IMPROVED_FX_fee,370,18.14
IMPROVED_FX_fee,375,18.61
IMPROVED_FX_fee,372,18.51
IMPROVED_FX_fee,374,18.63
IMPROVED_FX_fee,373,18.22
IMPROVED_FX_fee,376,18.49
IMPROVED_FX_fee,378,18.72
IMPROVED_FX_fee,377,18.49
IMPROVED_FX_fee,379,18.45
IMPROVED_FX_fee,380,18.43
IMPROVED_FX_fee,385,18.41
IMPROVED_FX_fee,381,18.49
IMPROVED_FX_fee,383,18.62
IMPROVED_FX_fee,382,18.76
IMPROVED_FX_fee,384,18.59
IMPROVED_FX_fee,386,18.36
IMPROVED_FX_fee,388,18.1
IMPROVED_FX_fee,387,18.21
IMPROVED_FX_fee,389,18.35
IMPROVED_FX_fee,390,18.6
IMPROVED_FX_fee,391,18.74
IMPROVED_FX_fee,392,18.86
IMPROVED_FX_fee,394,18.82
IMPROVED_FX_fee,393,18.78
IMPROVED_FX_fee,395,18.18
IMPROVED_FX_fee,396,18.77
IMPROVED_FX_fee,397,18.42
IMPROVED_FX_fee,398,18.35
IMPROVED_FX_fee,399,18.64
IMPROVED_FX_fee,400,18.15
IMPROVED_FX_fee,401,18.24
IMPROVED_FX_fee,406,18.37
IMPROVED_FX_fee,402,18.54
IMPROVED_FX_fee,403,18.29
IMPROVED_FX_fee,405,18.47
IMPROVED_FX_fee,404,18.43
IMPROVED_FX_fee,407,18.38
IMPROVED_FX_fee,408,18.72
IMPROVED_FX_fee,409,18.31
IMPROVED_FX_fee,410,18.41
IMPROVED_FX_fee,411,18.62
IMPROVED_FX_fee,415,17.92
IMPROVED_FX_fee,412,18.29
IMPROVED_FX_fee,413,18.32
IMPROVED_FX_fee,414,18.48
IMPROVED_FX_fee,417,18.56
IMPROVED_FX_fee,416,18.29
IMPROVED_FX_fee,418,18.35
IMPROVED_FX_fee,419,18.27
IMPROVED_FX_fee,420,18.41
IMPROVED_FX_fee,422,18.74
IMPROVED_FX_fee,423,18.38
IMPROVED_FX_fee,425,18.13
IMPROVED_FX_fee,421,18.54
IMPROVED_FX_fee,424,18.67
IMPROVED_FX_fee,426,18.66
IMPROVED_FX_fee,427,18.78
IMPROVED_FX_fee,428,18.33
IMPROVED_FX_fee,430,18.33
IMPROVED_FX_fee,429,18.56
IMPROVED_FX_fee,431,18.15
IMPROVED_FX_fee,432,18.56
IMPROVED_FX_fee,436,18.12
IMPROVED_FX_fee,433,18.42
IMPROVED_FX_fee,434,18.41
IMPROVED_FX_fee,437,18.14
IMPROVED_FX_fee,435,18.39
IMPROVED_FX_fee,438,18.57
IMPROVED_FX_fee,439,18.41
IMPROVED_FX_fee,440,18.78
IMPROVED_FX_fee,441,18.37
IMPROVED_FX_fee,443,18.13
IMPROVED_FX_fee,442,18.56
IMPROVED_FX_fee,446,18.57
IMPROVED_FX_fee,444,17.85
IMPROVED_FX_fee,445,18.61
IMPROVED_FX_fee,447,18.47
IMPROVED_FX_fee,448,18.63
IMPROVED_FX_fee,449,18.48
IMPROVED_FX_fee,450,18.44
IMPROVED_FX_fee,451,18.6
IMPROVED_FX_fee,457,18.54
IMPROVED_FX_fee,453,18.34
IMPROVED_FX_fee,452,18.41
IMPROVED_FX_fee,455,18.54
IMPROVED_FX_fee,454,18.27
IMPROVED_FX_fee,456,18.47
IMPROVED_FX_fee,458,18.15
IMPROVED_FX_fee,459,18.46
IMPROVED_FX_fee,460,18.49
IMPROVED_FX_fee,461,18.46
IMPROVED_FX_fee,462,17.88
IMPROVED_FX_fee,465,18.57
IMPROVED_FX_fee,463,18.58
IMPROVED_FX_fee,464,18.21
IMPROVED_FX_fee,467,18.33
IMPROVED_FX_fee,466,18.25
IMPROVED_FX_fee,470,18.21
IMPROVED_FX_fee,469,18.27
IMPROVED_FX_fee,468,17.95
IMPROVED_FX_fee,471,18.62
IMPROVED_FX_fee,472,18.6
IMPROVED_FX_fee,473,18.03
IMPROVED_FX_fee,476,18.74
IMPROVED_FX_fee,474,18.45
IMPROVED_FX_fee,475,18.42
IMPROVED_FX_fee,477,18.93
IMPROVED_FX_fee,478,17.91
IMPROVED_FX_fee,480,18.74
IMPROVED_FX_fee,479,18.67
IMPROVED_FX_fee,482,18.08
IMPROVED_FX_fee,484,18.48
IMPROVED_FX_fee,481,18.3
IMPROVED_FX_fee,483,18.39
IMPROVED_FX_fee,487,18.37
IMPROVED_FX_fee,485,18.88
IMPROVED_FX_fee,486,18.29
IMPROVED_FX_fee,488,18.6
IMPROVED_FX_fee,489,18.58
IMPROVED_FX_fee,491,18.38
IMPROVED_FX_fee,490,18.42
IMPROVED_FX_fee,498,18.06
IMPROVED_FX_fee,492,18.52
IMPROVED_FX_fee,493,18.14
IMPROVED_FX_fee,495,18.53
IMPROVED_FX_fee,494,18.58
IMPROVED_FX_fee,496,18.55
IMPROVED_FX_fee,497,18.55
IMPROVED_FX_fee,499,17.97
IMPROVED_FX_fee,500,17.95
IMPROVED_FX_fee,501,17.9
IMPROVED_FX_fee,502,18.34
IMPROVED_FX_fee,505,18.41
IMPROVED_FX_fee,503,18.14
IMPROVED_FX_fee,504,18.75
IMPROVED_FX_fee,506,18.26
IMPROVED_FX_fee,507,18.47
IMPROVED_FX_fee,508,18.6
IMPROVED_FX_fee,509,18.3
IMPROVED_FX_fee,511,18.02
IMPROVED_FX_fee,510,18.45
IMPROVED_FX_fee,512,18.13
IMPROVED_FX_fee,513,18.51
IMPROVED_FX_fee,516,18.64
IMPROVED_FX_fee,514,18.58
IMPROVED_FX_fee,515,18.85
IMPROVED_FX_fee,517,18.35
IMPROVED_FX_fee,518,18.28
IMPROVED_FX_fee,519,18.6
IMPROVED_FX_fee,521,18.56
IMPROVED_FX_fee,522,18.41
IMPROVED_FX_fee,520,18.47
IMPROVED_FX_fee,524,18.4
IMPROVED_FX_fee,523,17.76
IMPROVED_FX_fee,527,18.2
IMPROVED_FX_fee,526,18.55
IMPROVED_FX_fee,525,18.77
IMPROVED_FX_fee,528,18.0
IMPROVED_FX_fee,529,18.69
IMPROVED_FX_fee,530,18.15
IMPROVED_FX_fee,531,18.44
IMPROVED_FX_fee,538,18.49
IMPROVED_FX_fee,533,18.39
IMPROVED_FX_fee,532,18.73
IMPROVED_FX_fee,535,18.11
IMPROVED_FX_fee,534,18.97
IMPROVED_FX_fee,536,18.4
IMPROVED_FX_fee,537,18.22
IMPROVED_FX_fee,540,18.66
IMPROVED_FX_fee,539,18.61
IMPROVED_FX_fee,541,18.65
IMPROVED_FX_fee,542,18.17
IMPROVED_FX_fee,543,18.48
IMPROVED_FX_fee,545,18.49
IMPROVED_FX_fee,544,18.55
IMPROVED_FX_fee,546,18.82
IMPROVED_FX_fee,548,17.89
IMPROVED_FX_fee,547,18.46
IMPROVED_FX_fee,549,18.35
IMPROVED_FX_fee,550,18.59
IMPROVED_FX_fee,551,18.23
IMPROVED_FX_fee,552,18.67
IMPROVED_FX_fee,553,18.31
IMPROVED_FX_fee,557,18.47
IMPROVED_FX_fee,554,18.69
IMPROVED_FX_fee,555,18.17
IMPROVED_FX_fee,556,18.31
IMPROVED_FX_fee,558,18.41
IMPROVED_FX_fee,560,18.4
IMPROVED_FX_fee,561,18.05
IMPROVED_FX_fee,559,18.05
IMPROVED_FX_fee,562,18.45
IMPROVED_FX_fee,563,18.37
IMPROVED_FX_fee,565,18.11
IMPROVED_FX_fee,567,18.42
IMPROVED_FX_fee,564,18.57
IMPROVED_FX_fee,566,18.67
IMPROVED_FX_fee,568,18.54
IMPROVED_FX_fee,570,18.86
IMPROVED_FX_fee,569,18.54
IMPROVED_FX_fee,573,18.46
IMPROVED_FX_fee,578,18.39
IMPROVED_FX_fee,571,18.31
IMPROVED_FX_fee,572,18.23
IMPROVED_FX_fee,575,18.24
IMPROVED_FX_fee,574,18.68
IMPROVED_FX_fee,577,18.47
IMPROVED_FX_fee,576,18.18
IMPROVED_FX_fee,579,18.29
IMPROVED_FX_fee,580,18.62
IMPROVED_FX_fee,581,18.27
IMPROVED_FX_fee,585,18.42
IMPROVED_FX_fee,582,18.47
IMPROVED_FX_fee,583,18.01
IMPROVED_FX_fee,586,18.31
IMPROVED_FX_fee,584,18.6
IMPROVED_FX_fee,588,18.57
IMPROVED_FX_fee,587,18.24
IMPROVED_FX_fee,589,18.3
IMPROVED_FX_fee,592,18.46
IMPROVED_FX_fee,591,18.61
IMPROVED_FX_fee,590,18.18
IMPROVED_FX_fee,593,18.46
IMPROVED_FX_fee,595,18.83
IMPROVED_FX_fee,594,18.45
IMPROVED_FX_fee,596,18.76
IMPROVED_FX_fee,597,18.3
IMPROVED_FX_fee,598,18.5
IMPROVED_FX_fee,599,18.55
IMPROVED_FX_fee,601,18.28
IMPROVED_FX_fee,600,18.24
IMPROVED_FX_fee,602,18.24
IMPROVED_FX_fee,603,18.48
IMPROVED_FX_fee,605,18.35
IMPROVED_FX_fee,607,18.6
IMPROVED_FX_fee,604,18.58
IMPROVED_FX_fee,606,17.98
IMPROVED_FX_fee,608,18.03
IMPROVED_FX_fee,609,18.7
IMPROVED_FX_fee,610,18.33
IMPROVED_FX_fee,611,18.49
IMPROVED_FX_fee,618,17.91
IMPROVED_FX_fee,613,18.5
IMPROVED_FX_fee,612,18.36
IMPROVED_FX_fee,615,18.58
IMPROVED_FX_fee,616,18.54
IMPROVED_FX_fee,614,18.37
IMPROVED_FX_fee,617,18.49
IMPROVED_FX_fee,619,18.62
IMPROVED_FX_fee,620,18.48
IMPROVED_FX_fee,621,18.35
IMPROVED_FX_fee,622,18.39
IMPROVED_FX_fee,625,17.85
IMPROVED_FX_fee,623,18.55
IMPROVED_FX_fee,624,18.74
IMPROVED_FX_fee,626,18.58
IMPROVED_FX_fee,627,18.29
IMPROVED_FX_fee,629,18.44
IMPROVED_FX_fee,630,18.45
IMPROVED_FX_fee,628,18.42
IMPROVED_FX_fee,631,18.62
IMPROVED_FX_fee,632,18.63
IMPROVED_FX_fee,633,18.45
IMPROVED_FX_fee,634,18.21
IMPROVED_FX_fee,636,18.33
IMPROVED_FX_fee,635,18.35
IMPROVED_FX_fee,637,18.32
IMPROVED_FX_fee,638,18.5
IMPROVED_FX_fee,640,18.29
IMPROVED_FX_fee,641,18.49
IMPROVED_FX_fee,643,18.76
IMPROVED_FX_fee,642,18.44
IMPROVED_FX_fee,639,18.51
IMPROVED_FX_fee,645,18.42
IMPROVED_FX_fee,644,18.87
IMPROVED_FX_fee,646,18.39
IMPROVED_FX_fee,648,18.38
IMPROVED_FX_fee,647,18.26
IMPROVED_FX_fee,649,18.54
IMPROVED_FX_fee,650,18.47
IMPROVED_FX_fee,652,18.32
IMPROVED_FX_fee,651,18.5
IMPROVED_FX_fee,656,18.53
IMPROVED_FX_fee,653,18.6
IMPROVED_FX_fee,654,18.36
IMPROVED_FX_fee,655,18.81
IMPROVED_FX_fee,660,18.72
IMPROVED_FX_fee,657,18.58
IMPROVED_FX_fee,658,18.58
IMPROVED_FX_fee,659,18.73
IMPROVED_FX_fee,661,18.33
IMPROVED_FX_fee,662,18.35
IMPROVED_FX_fee,663,18.47
IMPROVED_FX_fee,670,18.41
IMPROVED_FX_fee,664,18.2
IMPROVED_FX_fee,665,18.48
IMPROVED_FX_fee,667,17.96
IMPROVED_FX_fee,666,18.46
IMPROVED_FX_fee,668,18.65
IMPROVED_FX_fee,669,18.04
IMPROVED_FX_fee,671,18.38
IMPROVED_FX_fee,672,18.36
IMPROVED_FX_fee,673,18.53
IMPROVED_FX_fee,674,18.54
IMPROVED_FX_fee,675,18.35
IMPROVED_FX_fee,677,18.68
IMPROVED_FX_fee,676,18.46
IMPROVED_FX_fee,678,18.34
IMPROVED_FX_fee,681,18.59
IMPROVED_FX_fee,682,18.35
IMPROVED_FX_fee,679,18.26
IMPROVED_FX_fee,680,18.42
IMPROVED_FX_fee,683,18.23
IMPROVED_FX_fee,684,18.53
IMPROVED_FX_fee,685,18.39
IMPROVED_FX_fee,686,18.54
IMPROVED_FX_fee,687,18.61
IMPROVED_FX_fee,689,18.35
IMPROVED_FX_fee,688,18.49
IMPROVED_FX_fee,690,18.47
IMPROVED_FX_fee,691,18.33
IMPROVED_FX_fee,693,18.42
IMPROVED_FX_fee,695,18.31
IMPROVED_FX_fee,696,18.56
IMPROVED_FX_fee,694,18.56
IMPROVED_FX_fee,692,18.56
IMPROVED_FX_fee,697,18.32
IMPROVED_FX_fee,698,18.57
IMPROVED_FX_fee,701,18.2
IMPROVED_FX_fee,699,18.53
IMPROVED_FX_fee,700,18.48
IMPROVED_FX_fee,702,18.36
IMPROVED_FX_fee,703,18.51
IMPROVED_FX_fee,704,18.56
IMPROVED_FX_fee,705,18.16
IMPROVED_FX_fee,706,18.28
IMPROVED_FX_fee,712,18.08
IMPROVED_FX_fee,707,18.65
IMPROVED_FX_fee,708,18.55
IMPROVED_FX_fee,709,18.62
IMPROVED_FX_fee,710,18.25
IMPROVED_FX_fee,711,18.41
IMPROVED_FX_fee,713,18.1
IMPROVED_FX_fee,714,18.47
IMPROVED_FX_fee,715,18.07
IMPROVED_FX_fee,720,17.86
IMPROVED_FX_fee,717,18.23
IMPROVED_FX_fee,718,18.14
IMPROVED_FX_fee,716,18.6
IMPROVED_FX_fee,719,18.64
IMPROVED_FX_fee,721,18.6
IMPROVED_FX_fee,723,18.26
IMPROVED_FX_fee,725,18.71
IMPROVED_FX_fee,724,18.58
IMPROVED_FX_fee,722,18.74
IMPROVED_FX_fee,726,18.56
IMPROVED_FX_fee,727,18.73
IMPROVED_FX_fee,729,18.45
IMPROVED_FX_fee,728,18.64
IMPROVED_FX_fee,730,18.75
IMPROVED_FX_fee,732,18.68
IMPROVED_FX_fee,731,18.33
IMPROVED_FX_fee,733,18.84
IMPROVED_FX_fee,734,18.23
IMPROVED_FX_fee,735,18.84
IMPROVED_FX_fee,736,18.39
IMPROVED_FX_fee,738,18.21
IMPROVED_FX_fee,737,18.58
IMPROVED_FX_fee,741,18.55
IMPROVED_FX_fee,739,18.08
IMPROVED_FX_fee,740,18.62
IMPROVED_FX_fee,742,18.62
IMPROVED_FX_fee,743,18.46
IMPROVED_FX_fee,744,18.16
IMPROVED_FX_fee,745,18.15
IMPROVED_FX_fee,746,18.46
IMPROVED_FX_fee,747,18.18
IMPROVED_FX_fee,752,18.75
IMPROVED_FX_fee,748,18.4
IMPROVED_FX_fee,749,18.32
IMPROVED_FX_fee,750,18.88
IMPROVED_FX_fee,751,18.4
IMPROVED_FX_fee,753,18.69
IMPROVED_FX_fee,754,17.85
IMPROVED_FX_fee,755,18.65
IMPROVED_FX_fee,756,18.69
IMPROVED_FX_fee,761,18.59
IMPROVED_FX_fee,757,18.34
IMPROVED_FX_fee,758,18.62
IMPROVED_FX_fee,759,18.27
IMPROVED_FX_fee,760,18.76
IMPROVED_FX_fee,762,18.3
IMPROVED_FX_fee,765,18.54
IMPROVED_FX_fee,763,18.15
IMPROVED_FX_fee,764,18.94
IMPROVED_FX_fee,766,18.4
IMPROVED_FX_fee,767,18.67
IMPROVED_FX_fee,770,18.62
IMPROVED_FX_fee,768,18.0
IMPROVED_FX_fee,769,19.05
IMPROVED_FX_fee,771,18.66
IMPROVED_FX_fee,773,18.21
IMPROVED_FX_fee,772,18.39
IMPROVED_FX_fee,774,18.63
IMPROVED_FX_fee,776,18.44
IMPROVED_FX_fee,778,18.2
IMPROVED_FX_fee,775,18.46
IMPROVED_FX_fee,777,18.7
IMPROVED_FX_fee,779,18.17
IMPROVED_FX_fee,781,18.46
IMPROVED_FX_fee,780,18.84
IMPROVED_FX_fee,782,18.23
IMPROVED_FX_fee,783,18.56
IMPROVED_FX_fee,784,18.65
IMPROVED_FX_fee,786,18.8
IMPROVED_FX_fee,787,18.19
IMPROVED_FX_fee,788,18.51
IMPROVED_FX_fee,785,18.42
IMPROVED_FX_fee,789,18.51
IMPROVED_FX_fee,790,18.27
IMPROVED_FX_fee,793,18.6
IMPROVED_FX_fee,791,18.51
IMPROVED_FX_fee,792,18.61
IMPROVED_FX_fee,794,18.66
IMPROVED_FX_fee,796,18.81
IMPROVED_FX_fee,795,18.47
IMPROVED_FX_fee,797,18.02
IMPROVED_FX_fee,801,18.59
IMPROVED_FX_fee,798,18.73
IMPROVED_FX_fee,802,18.12
IMPROVED_FX_fee,804,18.96
IMPROVED_FX_fee,800,18.38
IMPROVED_FX_fee,799,18.02
IMPROVED_FX_fee,803,18.53
IMPROVED_FX_fee,805,18.1
IMPROVED_FX_fee,806,18.59
IMPROVED_FX_fee,807,18.42
IMPROVED_FX_fee,808,18.14
IMPROVED_FX_fee,809,18.86
IMPROVED_FX_fee,810,18.53
IMPROVED_FX_fee,812,18.66
IMPROVED_FX_fee,811,18.43
IMPROVED_FX_fee,815,18.25
IMPROVED_FX_fee,813,18.67
IMPROVED_FX_fee,816,18.24
IMPROVED_FX_fee,818,18.53
IMPROVED_FX_fee,814,18.6
IMPROVED_FX_fee,817,18.55
IMPROVED_FX_fee,819,18.3
IMPROVED_FX_fee,820,18.5
IMPROVED_FX_fee,822,18.14
IMPROVED_FX_fee,821,18.55
IMPROVED_FX_fee,824,18.65
IMPROVED_FX_fee,823,18.06
IMPROVED_FX_fee,826,18.48
IMPROVED_FX_fee,828,18.48
IMPROVED_FX_fee,827,18.74
IMPROVED_FX_fee,825,18.64
IMPROVED_FX_fee,830,18.41
IMPROVED_FX_fee,829,18.04
IMPROVED_FX_fee,831,18.19
IMPROVED_FX_fee,832,18.02
IMPROVED_FX_fee,833,18.67
IMPROVED_FX_fee,834,18.59
IMPROVED_FX_fee,835,18.34
IMPROVED_FX_fee,836,18.45
IMPROVED_FX_fee,837,18.5
IMPROVED_FX_fee,841,18.12
IMPROVED_FX_fee,838,18.61
IMPROVED_FX_fee,839,18.4
IMPROVED_FX_fee,840,18.12
IMPROVED_FX_fee,842,18.58
IMPROVED_FX_fee,844,18.3
IMPROVED_FX_fee,843,18.28
IMPROVED_FX_fee,845,18.91
IMPROVED_FX_fee,846,18.92
IMPROVED_FX_fee,847,18.5
IMPROVED_FX_fee,848,18.57
IMPROVED_FX_fee,853,18.2
IMPROVED_FX_fee,850,18.52
IMPROVED_FX_fee,849,18.56
IMPROVED_FX_fee,851,18.23
IMPROVED_FX_fee,852,18.12
IMPROVED_FX_fee,854,18.61
IMPROVED_FX_fee,856,18.68
IMPROVED_FX_fee,855,18.27
IMPROVED_FX_fee,857,18.06
IMPROVED_FX_fee,858,18.39
IMPROVED_FX_fee,859,18.43
IMPROVED_FX_fee,860,18.72
IMPROVED_FX_fee,861,18.66
IMPROVED_FX_fee,865,18.44
IMPROVED_FX_fee,866,18.61
IMPROVED_FX_fee,863,18.56
IMPROVED_FX_fee,864,18.63
IMPROVED_FX_fee,862,18.84
IMPROVED_FX_fee,869,18.67
IMPROVED_FX_fee,867,18.44
IMPROVED_FX_fee,868,18.39
IMPROVED_FX_fee,870,18.37
IMPROVED_FX_fee,871,18.37
IMPROVED_FX_fee,872,18.47
IMPROVED_FX_fee,873,18.3
IMPROVED_FX_fee,874,18.12
IMPROVED_FX_fee,875,18.45
IMPROVED_FX_fee,877,18.22
IMPROVED_FX_fee,876,18.39
IMPROVED_FX_fee,878,18.57
IMPROVED_FX_fee,879,18.51
IMPROVED_FX_fee,880,18.29
IMPROVED_FX_fee,881,18.3
IMPROVED_FX_fee,882,18.37
IMPROVED_FX_fee,883,18.2
IMPROVED_FX_fee,885,18.73
IMPROVED_FX_fee,884,18.31
IMPROVED_FX_fee,886,18.57
IMPROVED_FX_fee,887,18.58
IMPROVED_FX_fee,888,18.64
IMPROVED_FX_fee,889,18.23
IMPROVED_FX_fee,890,18.31
IMPROVED_FX_fee,891,17.97
IMPROVED_FX_fee,892,18.47
IMPROVED_FX_fee,893,18.4
IMPROVED_FX_fee,894,17.88
IMPROVED_FX_fee,895,18.52
IMPROVED_FX_fee,896,18.33
IMPROVED_FX_fee,897,18.34
IMPROVED_FX_fee,898,18.83
IMPROVED_FX_fee,900,18.16
IMPROVED_FX_fee,899,18.54
IMPROVED_FX_fee,901,18.29
IMPROVED_FX_fee,903,18.15
IMPROVED_FX_fee,902,18.16
IMPROVED_FX_fee,905,18.0
IMPROVED_FX_fee,904,18.6
IMPROVED_FX_fee,907,18.53
IMPROVED_FX_fee,906,18.61
IMPROVED_FX_fee,908,18.67
IMPROVED_FX_fee,909,18.67
IMPROVED_FX_fee,910,18.73
IMPROVED_FX_fee,911,18.44
IMPROVED_FX_fee,912,18.67
IMPROVED_FX_fee,913,18.51
IMPROVED_FX_fee,914,18.31
IMPROVED_FX_fee,917,17.98
IMPROVED_FX_fee,916,18.54
IMPROVED_FX_fee,915,18.45
IMPROVED_FX_fee,918,18.3
IMPROVED_FX_fee,919,18.04
IMPROVED_FX_fee,920,18.37
IMPROVED_FX_fee,922,18.52
IMPROVED_FX_fee,921,18.59
IMPROVED_FX_fee,923,18.13
IMPROVED_FX_fee,924,18.45
IMPROVED_FX_fee,925,18.01
IMPROVED_FX_fee,926,18.2
IMPROVED_FX_fee,928,18.85
IMPROVED_FX_fee,927,18.26
IMPROVED_FX_fee,929,18.22
IMPROVED_FX_fee,930,18.68
IMPROVED_FX_fee,932,18.22
IMPROVED_FX_fee,931,18.49
IMPROVED_FX_fee,933,18.66
IMPROVED_FX_fee,934,18.47
IMPROVED_FX_fee,936,18.19
IMPROVED_FX_fee,935,18.7
IMPROVED_FX_fee,937,18.47
IMPROVED_FX_fee,938,18.35
IMPROVED_FX_fee,939,18.44
IMPROVED_FX_fee,940,18.19
IMPROVED_FX_fee,942,18.77
IMPROVED_FX_fee,941,18.96
IMPROVED_FX_fee,944,18.6
IMPROVED_FX_fee,943,18.46
IMPROVED_FX_fee,945,18.15
IMPROVED_FX_fee,946,18.52
IMPROVED_FX_fee,947,18.58
IMPROVED_FX_fee,949,18.57
IMPROVED_FX_fee,948,18.27
IMPROVED_FX_fee,950,18.92
IMPROVED_FX_fee,951,18.35
IMPROVED_FX_fee,952,18.14
IMPROVED_FX_fee,953,18.36
IMPROVED_FX_fee,954,18.46
IMPROVED_FX_fee,955,18.05
IMPROVED_FX_fee,956,18.17
IMPROVED_FX_fee,957,18.41
IMPROVED_FX_fee,959,18.42
IMPROVED_FX_fee,958,18.42
IMPROVED_FX_fee,960,18.41
IMPROVED_FX_fee,961,18.57
IMPROVED_FX_fee,963,18.06
IMPROVED_FX_fee,962,18.1
IMPROVED_FX_fee,964,18.59
IMPROVED_FX_fee,965,18.49
IMPROVED_FX_fee,966,18.03
IMPROVED_FX_fee,967,18.43
IMPROVED_FX_fee,968,18.32
IMPROVED_FX_fee,971,18.54
IMPROVED_FX_fee,969,18.55
IMPROVED_FX_fee,970,18.62
IMPROVED_FX_fee,972,18.08
IMPROVED_FX_fee,973,18.5
IMPROVED_FX_fee,974,18.69
IMPROVED_FX_fee,975,18.49
IMPROVED_FX_fee,976,18.13
IMPROVED_FX_fee,977,18.23
IMPROVED_FX_fee,978,18.39
IMPROVED_FX_fee,979,18.26
IMPROVED_FX_fee,980,18.31
IMPROVED_FX_fee,981,18.59
IMPROVED_FX_fee,982,18.45
IMPROVED_FX_fee,984,18.49
IMPROVED_FX_fee,985,18.72
IMPROVED_FX_fee,986,18.7
IMPROVED_FX_fee,983,18.28
IMPROVED_FX_fee,987,18.14
IMPROVED_FX_fee,988,18.23
IMPROVED_FX_fee,989,18.26
IMPROVED_FX_fee,990,18.46
IMPROVED_FX_fee,992,18.65
IMPROVED_FX_fee,991,18.54
IMPROVED_FX_fee,994,18.69
IMPROVED_FX_fee,993,18.38
IMPROVED_FX_fee,996,18.62
IMPROVED_FX_fee,995,18.52
IMPROVED_FX_fee,998,18.19
IMPROVED_FX_fee,999,18.62
IMPROVED_FX_fee,997,18.51
IMPROVED_DA_fee,0,17.1
IMPROVED_DA_fee,2,16.62
IMPROVED_DA_fee,1,16.64
IMPROVED_DA_fee,3,22.17
IMPROVED_DA_fee,4,17.52
IMPROVED_DA_fee,6,16.72
IMPROVED_DA_fee,5,16.32
IMPROVED_DA_fee,7,16.73
IMPROVED_DA_fee,8,16.56
IMPROVED_DA_fee,9,16.38
IMPROVED_DA_fee,10,16.61
IMPROVED_DA_fee,11,17.95
IMPROVED_DA_fee,12,17.67
IMPROVED_DA_fee,13,17.63
IMPROVED_DA_fee,14,16.84
IMPROVED_DA_fee,15,20.2
IMPROVED_DA_fee,19,16.97
IMPROVED_DA_fee,16,16.81
IMPROVED_DA_fee,17,16.56
IMPROVED_DA_fee,18,16.81
IMPROVED_DA_fee,20,23.32
IMPROVED_DA_fee,21,18.04
IMPROVED_DA_fee,24,19.83
IMPROVED_DA_fee,23,18.89
IMPROVED_DA_fee,22,14.83
IMPROVED_DA_fee,25,16.08
IMPROVED_DA_fee,26,16.97
IMPROVED_DA_fee,27,16.27
IMPROVED_DA_fee,28,15.81
IMPROVED_DA_fee,31,16.09
IMPROVED_DA_fee,30,16.02
IMPROVED_DA_fee,29,17.37
IMPROVED_DA_fee,32,16.67
IMPROVED_DA_fee,33,16.86
IMPROVED_DA_fee,34,15.47
IMPROVED_DA_fee,35,16.96
IMPROVED_DA_fee,36,16.46
IMPROVED_DA_fee,38,16.19
IMPROVED_DA_fee,37,17.98
IMPROVED_DA_fee,39,16.71
IMPROVED_DA_fee,40,18.26
IMPROVED_DA_fee,41,16.61
IMPROVED_DA_fee,44,17.24
IMPROVED_DA_fee,42,16.75
IMPROVED_DA_fee,45,16.96
IMPROVED_DA_fee,43,17.5
IMPROVED_DA_fee,46,17.58
IMPROVED_DA_fee,48,16.97
IMPROVED_DA_fee,47,16.0
IMPROVED_DA_fee,49,17.02
IMPROVED_DA_fee,50,17.69
IMPROVED_DA_fee,51,17.23
IMPROVED_DA_fee,52,17.14
IMPROVED_DA_fee,53,18.46
IMPROVED_DA_fee,54,16.21
IMPROVED_DA_fee,57,16.3
IMPROVED_DA_fee,56,16.75
IMPROVED_DA_fee,55,17.42
IMPROVED_DA_fee,58,16.41
IMPROVED_DA_fee,59,16.68
IMPROVED_DA_fee,63,17.79
IMPROVED_DA_fee,60,17.86
IMPROVED_DA_fee,61,16.61
IMPROVED_DA_fee,62,18.03
IMPROVED_DA_fee,64,12.54
IMPROVED_DA_fee,65,17.21
IMPROVED_DA_fee,66,17.76
IMPROVED_DA_fee,67,20.39
IMPROVED_DA_fee,68,16.51
IMPROVED_DA_fee,69,17.41
IMPROVED_DA_fee,71,16.0
IMPROVED_DA_fee,70,15.95
IMPROVED_DA_fee,72,16.33
IMPROVED_DA_fee,74,15.54
IMPROVED_DA_fee,75,15.8
IMPROVED_DA_fee,73,17.19
IMPROVED_DA_fee,77,18.03
IMPROVED_DA_fee,76,16.97
IMPROVED_DA_fee,78,17.2
IMPROVED_DA_fee,79,16.68
IMPROVED_DA_fee,80,18.85
IMPROVED_DA_fee,81,16.54
IMPROVED_DA_fee,82,15.38
IMPROVED_DA_fee,83,16.85
IMPROVED_DA_fee,85,22.83
IMPROVED_DA_fee,84,16.81
IMPROVED_DA_fee,87,15.39
IMPROVED_DA_fee,86,17.1
IMPROVED_DA_fee,90,15.78
IMPROVED_DA_fee,88,16.86
IMPROVED_DA_fee,89,17.95
IMPROVED_DA_fee,91,17.4
IMPROVED_DA_fee,92,16.67
IMPROVED_DA_fee,93,16.82
IMPROVED_DA_fee,94,16.83
IMPROVED_DA_fee,95,16.8
IMPROVED_DA_fee,98,17.89
IMPROVED_DA_fee,96,17.18
IMPROVED_DA_fee,97,16.27
IMPROVED_DA_fee,99,16.92
IMPROVED_DA_fee,100,15.95
IMPROVED_DA_fee,101,16.01
IMPROVED_DA_fee,103,19.31
IMPROVED_DA_fee,102,16.92
IMPROVED_DA_fee,104,16.74
IMPROVED_DA_fee,105,12.69
IMPROVED_DA_fee,106,17.38
IMPROVED_DA_fee,107,14.92
IMPROVED_DA_fee,108,17.87
IMPROVED_DA_fee,110,17.28
IMPROVED_DA_fee,109,17.01
IMPROVED_DA_fee,111,23.47
IMPROVED_DA_fee,112,18.06
IMPROVED_DA_fee,113,16.79
IMPROVED_DA_fee,115,21.01
IMPROVED_DA_fee,114,16.48
IMPROVED_DA_fee,117,16.48
IMPROVED_DA_fee,116,12.42
IMPROVED_DA_fee,118,15.02
IMPROVED_DA_fee,119,16.92
IMPROVED_DA_fee,122,16.19
IMPROVED_DA_fee,120,17.09
IMPROVED_DA_fee,123,15.74
IMPROVED_DA_fee,121,14.51
IMPROVED_DA_fee,124,17.3
IMPROVED_DA_fee,125,16.81
IMPROVED_DA_fee,126,17.35
IMPROVED_DA_fee,127,16.72
IMPROVED_DA_fee,130,23.13
IMPROVED_DA_fee,128,17.78
IMPROVED_DA_fee,129,15.4
IMPROVED_DA_fee,132,17.21
IMPROVED_DA_fee,131,16.2
IMPROVED_DA_fee,134,15.33
IMPROVED_DA_fee,133,16.31
IMPROVED_DA_fee,135,16.6
IMPROVED_DA_fee,137,15.73
IMPROVED_DA_fee,136,16.43
IMPROVED_DA_fee,138,17.25
IMPROVED_DA_fee,140,16.31
IMPROVED_DA_fee,141,16.39
IMPROVED_DA_fee,139,17.11
IMPROVED_DA_fee,143,16.9
IMPROVED_DA_fee,142,17.15
IMPROVED_DA_fee,145,20.7
IMPROVED_DA_fee,144,18.11
IMPROVED_DA_fee,146,18.18
IMPROVED_DA_fee,150,16.91
IMPROVED_DA_fee,148,17.42
IMPROVED_DA_fee,147,16.67
IMPROVED_DA_fee,149,17.13
IMPROVED_DA_fee,151,17.57
IMPROVED_DA_fee,152,17.96
IMPROVED_DA_fee,154,17.1
IMPROVED_DA_fee,155,17.82
IMPROVED_DA_fee,153,16.61
IMPROVED_DA_fee,156,17.26
IMPROVED_DA_fee,157,17.29
IMPROVED_DA_fee,158,16.54
IMPROVED_DA_fee,161,17.64
IMPROVED_DA_fee,162,16.87
IMPROVED_DA_fee,160,16.4
IMPROVED_DA_fee,159,14.8
IMPROVED_DA_fee,163,17.17
IMPROVED_DA_fee,164,16.51
IMPROVED_DA_fee,165,16.04
IMPROVED_DA_fee,168,23.29
IMPROVED_DA_fee,166,17.76
IMPROVED_DA_fee,167,18.26
IMPROVED_DA_fee,169,16.79
IMPROVED_DA_fee,170,16.23
IMPROVED_DA_fee,171,19.07
IMPROVED_DA_fee,172,18.47
IMPROVED_DA_fee,173,16.3
IMPROVED_DA_fee,174,16.22
IMPROVED_DA_fee,175,18.14
IMPROVED_DA_fee,176,16.9
IMPROVED_DA_fee,178,15.76
IMPROVED_DA_fee,177,17.8
IMPROVED_DA_fee,180,17.14
IMPROVED_DA_fee,181,21.92
IMPROVED_DA_fee,179,17.37
IMPROVED_DA_fee,182,16.89
IMPROVED_DA_fee,183,17.44
IMPROVED_DA_fee,184,16.42
IMPROVED_DA_fee,185,16.33
IMPROVED_DA_fee,189,24.39
IMPROVED_DA_fee,188,15.49
IMPROVED_DA_fee,186,21.37
IMPROVED_DA_fee,187,14.93
IMPROVED_DA_fee,190,17.64
IMPROVED_DA_fee,192,17.36
IMPROVED_DA_fee,194,16.78
IMPROVED_DA_fee,191,16.59
IMPROVED_DA_fee,193,16.96
IMPROVED_DA_fee,195,16.02
IMPROVED_DA_fee,196,19.73
IMPROVED_DA_fee,197,17.34
IMPROVED_DA_fee,198,17.85
IMPROVED_DA_fee,200,15.3
IMPROVED_DA_fee,201,15.31
IMPROVED_DA_fee,199,16.03
IMPROVED_DA_fee,202,16.29
IMPROVED_DA_fee,203,17.82
IMPROVED_DA_fee,205,16.16
IMPROVED_DA_fee,204,16.6
IMPROVED_DA_fee,207,17.23
IMPROVED_DA_fee,206,16.39
IMPROVED_DA_fee,208,14.62
IMPROVED_DA_fee,210,17.45
IMPROVED_DA_fee,209,16.16
IMPROVED_DA_fee,211,18.06
IMPROVED_DA_fee,214,16.26
IMPROVED_DA_fee,212,16.99
IMPROVED_DA_fee,215,16.68
IMPROVED_DA_fee,213,20.68
IMPROVED_DA_fee,216,17.9
IMPROVED_DA_fee,217,16.35
IMPROVED_DA_fee,219,23.12
IMPROVED_DA_fee,221,16.58
IMPROVED_DA_fee,218,17.05
IMPROVED_DA_fee,220,17.55
IMPROVED_DA_fee,222,17.12
IMPROVED_DA_fee,223,15.44
IMPROVED_DA_fee,225,16.99
IMPROVED_DA_fee,226,17.85
IMPROVED_DA_fee,224,14.99
IMPROVED_DA_fee,228,16.91
IMPROVED_DA_fee,227,16.16
IMPROVED_DA_fee,230,14.46
IMPROVED_DA_fee,229,16.73
IMPROVED_DA_fee,231,16.28
IMPROVED_DA_fee,232,16.86
IMPROVED_DA_fee,233,18.19
IMPROVED_DA_fee,234,18.08
IMPROVED_DA_fee,235,16.29
IMPROVED_DA_fee,236,18.55
IMPROVED_DA_fee,239,16.56
IMPROVED_DA_fee,238,17.5
IMPROVED_DA_fee,237,17.76
IMPROVED_DA_fee,240,16.0
IMPROVED_DA_fee,241,17.1
IMPROVED_DA_fee,243,17.47
IMPROVED_DA_fee,245,17.22
IMPROVED_DA_fee,244,14.93
IMPROVED_DA_fee,242,17.43
IMPROVED_DA_fee,246,21.14
IMPROVED_DA_fee,247,18.4
IMPROVED_DA_fee,249,16.57
IMPROVED_DA_fee,248,15.83
IMPROVED_DA_fee,250,15.8
IMPROVED_DA_fee,252,19.13
IMPROVED_DA_fee,251,16.28
IMPROVED_DA_fee,254,15.73
IMPROVED_DA_fee,253,15.79
IMPROVED_DA_fee,255,16.66
IMPROVED_DA_fee,257,17.1
IMPROVED_DA_fee,256,17.72
IMPROVED_DA_fee,258,16.72
IMPROVED_DA_fee,259,16.9
IMPROVED_DA_fee,260,16.83
IMPROVED_DA_fee,261,17.57
IMPROVED_DA_fee,263,16.74
IMPROVED_DA_fee,262,16.56
IMPROVED_DA_fee,264,16.43
IMPROVED_DA_fee,265,19.87
IMPROVED_DA_fee,266,19.67
IMPROVED_DA_fee,267,17.29
IMPROVED_DA_fee,268,16.3
IMPROVED_DA_fee,269,22.87
IMPROVED_DA_fee,270,18.0
IMPROVED_DA_fee,271,17.0
IMPROVED_DA_fee,272,22.31
IMPROVED_DA_fee,274,16.67
IMPROVED_DA_fee,275,17.18
IMPROVED_DA_fee,273,17.33
IMPROVED_DA_fee,276,17.1
IMPROVED_DA_fee,277,20.82
IMPROVED_DA_fee,278,17.51
IMPROVED_DA_fee,279,13.87
IMPROVED_DA_fee,280,17.51
IMPROVED_DA_fee,282,18.38
IMPROVED_DA_fee,281,12.62
IMPROVED_DA_fee,283,17.1
IMPROVED_DA_fee,284,16.02
IMPROVED_DA_fee,285,19.15
IMPROVED_DA_fee,287,16.76
IMPROVED_DA_fee,286,16.0
IMPROVED_DA_fee,288,16.34
IMPROVED_DA_fee,289,15.97
IMPROVED_DA_fee,290,17.16
IMPROVED_DA_fee,292,18.27
IMPROVED_DA_fee,291,17.28
IMPROVED_DA_fee,293,16.88
IMPROVED_DA_fee,294,16.92
IMPROVED_DA_fee,295,17.42
IMPROVED_DA_fee,296,16.72
IMPROVED_DA_fee,297,16.27
IMPROVED_DA_fee,298,15.89
IMPROVED_DA_fee,300,18.39
IMPROVED_DA_fee,299,22.28
IMPROVED_DA_fee,302,17.09
IMPROVED_DA_fee,301,17.37
IMPROVED_DA_fee,303,16.87
IMPROVED_DA_fee,304,15.9
IMPROVED_DA_fee,305,17.56
IMPROVED_DA_fee,306,16.52
IMPROVED_DA_fee,307,17.71
IMPROVED_DA_fee,308,16.95
IMPROVED_DA_fee,309,16.35
IMPROVED_DA_fee,310,16.29
IMPROVED_DA_fee,311,16.51
IMPROVED_DA_fee,312,18.77
IMPROVED_DA_fee,314,17.99
IMPROVED_DA_fee,313,17.14
IMPROVED_DA_fee,316,16.25
IMPROVED_DA_fee,315,25.86
IMPROVED_DA_fee,317,17.0
IMPROVED_DA_fee,318,20.25
IMPROVED_DA_fee,319,17.15
IMPROVED_DA_fee,320,17.28
IMPROVED_DA_fee,321,17.06
IMPROVED_DA_fee,322,16.29
IMPROVED_DA_fee,324,17.44
IMPROVED_DA_fee,323,16.44
IMPROVED_DA_fee,325,17.33
IMPROVED_DA_fee,326,18.75
IMPROVED_DA_fee,329,22.53
IMPROVED_DA_fee,327,17.83
IMPROVED_DA_fee,328,17.57
IMPROVED_DA_fee,330,16.69
IMPROVED_DA_fee,331,17.16
IMPROVED_DA_fee,332,16.83
IMPROVED_DA_fee,333,17.6
IMPROVED_DA_fee,334,15.77
IMPROVED_DA_fee,335,15.5
IMPROVED_DA_fee,336,20.39
IMPROVED_DA_fee,338,15.71
IMPROVED_DA_fee,337,17.05
IMPROVED_DA_fee,339,17.26
IMPROVED_DA_fee,340,16.99
IMPROVED_DA_fee,341,19.23
IMPROVED_DA_fee,342,17.32
IMPROVED_DA_fee,344,17.34
IMPROVED_DA_fee,343,16.57
IMPROVED_DA_fee,345,15.92
IMPROVED_DA_fee,346,17.13
IMPROVED_DA_fee,348,14.92
IMPROVED_DA_fee,347,16.17
IMPROVED_DA_fee,349,16.59
IMPROVED_DA_fee,350,16.45
IMPROVED_DA_fee,351,16.8
IMPROVED_DA_fee,352,18.36
IMPROVED_DA_fee,354,16.05
IMPROVED_DA_fee,353,17.06
IMPROVED_DA_fee,355,16.3
IMPROVED_DA_fee,356,16.75
IMPROVED_DA_fee,357,16.93
IMPROVED_DA_fee,358,17.4
IMPROVED_DA_fee,359,16.21
IMPROVED_DA_fee,360,17.14
IMPROVED_DA_fee,361,16.25
IMPROVED_DA_fee,362,16.91
IMPROVED_DA_fee,363,17.6
IMPROVED_DA_fee,364,17.03
IMPROVED_DA_fee,365,21.66
IMPROVED_DA_fee,366,17.59
IMPROVED_DA_fee,367,16.95
IMPROVED_DA_fee,368,16.49
IMPROVED_DA_fee,369,16.07
IMPROVED_DA_fee,370,18.5
IMPROVED_DA_fee,371,19.88
IMPROVED_DA_fee,372,22.49
IMPROVED_DA_fee,373,16.1
IMPROVED_DA_fee,374,16.45
IMPROVED_DA_fee,376,18.9
IMPROVED_DA_fee,375,16.96
IMPROVED_DA_fee,377,14.6
IMPROVED_DA_fee,378,17.43
IMPROVED_DA_fee,379,15.72
IMPROVED_DA_fee,380,16.21
IMPROVED_DA_fee,381,16.93
IMPROVED_DA_fee,383,16.91
IMPROVED_DA_fee,382,16.15
IMPROVED_DA_fee,384,16.93
IMPROVED_DA_fee,385,17.44
IMPROVED_DA_fee,386,17.34
IMPROVED_DA_fee,389,16.74
IMPROVED_DA_fee,387,16.43
IMPROVED_DA_fee,388,16.69
IMPROVED_DA_fee,390,16.53
IMPROVED_DA_fee,391,16.57
IMPROVED_DA_fee,392,16.66
IMPROVED_DA_fee,393,17.43
IMPROVED_DA_fee,394,17.83
IMPROVED_DA_fee,395,17.97
IMPROVED_DA_fee,396,18.38
IMPROVED_DA_fee,397,17.56
IMPROVED_DA_fee,398,17.09
IMPROVED_DA_fee,399,18.09
IMPROVED_DA_fee,400,17.15
IMPROVED_DA_fee,401,16.48
IMPROVED_DA_fee,404,16.92
IMPROVED_DA_fee,402,17.4
IMPROVED_DA_fee,403,17.38
IMPROVED_DA_fee,405,16.81
IMPROVED_DA_fee,406,21.4
IMPROVED_DA_fee,407,20.88
IMPROVED_DA_fee,408,17.55
IMPROVED_DA_fee,409,17.49
IMPROVED_DA_fee,410,17.18
IMPROVED_DA_fee,411,17.59
IMPROVED_DA_fee,412,15.63
IMPROVED_DA_fee,414,16.43
IMPROVED_DA_fee,413,17.18
IMPROVED_DA_fee,418,15.73
IMPROVED_DA_fee,416,16.39
IMPROVED_DA_fee,415,14.89
IMPROVED_DA_fee,417,17.08
IMPROVED_DA_fee,419,23.27
IMPROVED_DA_fee,420,16.8
IMPROVED_DA_fee,421,17.66
IMPROVED_DA_fee,422,17.45
IMPROVED_DA_fee,423,16.64
IMPROVED_DA_fee,424,16.55
IMPROVED_DA_fee,425,16.87
IMPROVED_DA_fee,426,17.14
IMPROVED_DA_fee,427,18.1
IMPROVED_DA_fee,429,16.71
IMPROVED_DA_fee,428,16.6
IMPROVED_DA_fee,430,16.75
IMPROVED_DA_fee,431,16.3
IMPROVED_DA_fee,432,16.07
IMPROVED_DA_fee,433,18.98
IMPROVED_DA_fee,434,16.42
IMPROVED_DA_fee,435,15.67
IMPROVED_DA_fee,436,16.43
IMPROVED_DA_fee,437,14.43
IMPROVED_DA_fee,439,17.92
IMPROVED_DA_fee,438,16.36
IMPROVED_DA_fee,440,17.5
IMPROVED_DA_fee,442,14.99
IMPROVED_DA_fee,441,14.95
IMPROVED_DA_fee,443,17.32
IMPROVED_DA_fee,447,17.37
IMPROVED_DA_fee,444,17.17
IMPROVED_DA_fee,446,16.66
IMPROVED_DA_fee,445,16.52
IMPROVED_DA_fee,448,17.92
IMPROVED_DA_fee,449,16.47
IMPROVED_DA_fee,451,17.55
IMPROVED_DA_fee,450,15.86
IMPROVED_DA_fee,452,15.74
IMPROVED_DA_fee,453,16.07
IMPROVED_DA_fee,455,18.48
IMPROVED_DA_fee,454,16.64
IMPROVED_DA_fee,456,16.27
IMPROVED_DA_fee,457,16.68
IMPROVED_DA_fee,458,16.02
IMPROVED_DA_fee,459,19.96
IMPROVED_DA_fee,460,16.2
IMPROVED_DA_fee,461,17.28
IMPROVED_DA_fee,462,17.2
IMPROVED_DA_fee,464,16.43
IMPROVED_DA_fee,463,16.37
IMPROVED_DA_fee,466,18.19
IMPROVED_DA_fee,465,17.2
IMPROVED_DA_fee,468,17.22
IMPROVED_DA_fee,467,15.52
IMPROVED_DA_fee,470,16.75
IMPROVED_DA_fee,469,16.96
IMPROVED_DA_fee,472,16.35
IMPROVED_DA_fee,473,18.23
IMPROVED_DA_fee,471,17.57
IMPROVED_DA_fee,474,16.89
IMPROVED_DA_fee,475,16.82
IMPROVED_DA_fee,476,16.76
IMPROVED_DA_fee,477,17.08
IMPROVED_DA_fee,478,19.63
IMPROVED_DA_fee,479,16.72
IMPROVED_DA_fee,481,17.71
IMPROVED_DA_fee,482,16.58
IMPROVED_DA_fee,480,17.41
IMPROVED_DA_fee,483,17.43
IMPROVED_DA_fee,486,16.03
IMPROVED_DA_fee,485,16.94
IMPROVED_DA_fee,484,21.56
IMPROVED_DA_fee,487,16.97
IMPROVED_DA_fee,488,16.74
IMPROVED_DA_fee,490,16.45
IMPROVED_DA_fee,489,16.03
IMPROVED_DA_fee,491,17.16
IMPROVED_DA_fee,493,17.55
IMPROVED_DA_fee,492,16.75
IMPROVED_DA_fee,494,16.98
IMPROVED_DA_fee,495,16.63
IMPROVED_DA_fee,496,17.02
IMPROVED_DA_fee,499,16.74
IMPROVED_DA_fee,498,15.45
IMPROVED_DA_fee,497,15.51
IMPROVED_DA_fee,500,19.07
IMPROVED_DA_fee,501,16.93
IMPROVED_DA_fee,503,20.55
IMPROVED_DA_fee,502,22.96
IMPROVED_DA_fee,505,22.9
IMPROVED_DA_fee,504,16.86
IMPROVED_DA_fee,506,16.28
IMPROVED_DA_fee,507,16.21
IMPROVED_DA_fee,508,17.09
IMPROVED_DA_fee,510,16.42
IMPROVED_DA_fee,509,16.53
IMPROVED_DA_fee,511,16.95
IMPROVED_DA_fee,512,16.77
IMPROVED_DA_fee,513,16.11
IMPROVED_DA_fee,514,17.18
IMPROVED_DA_fee,516,16.2
IMPROVED_DA_fee,515,16.96
IMPROVED_DA_fee,518,17.56
IMPROVED_DA_fee,517,16.38
IMPROVED_DA_fee,519,16.47
IMPROVED_DA_fee,520,16.11
IMPROVED_DA_fee,521,16.45
IMPROVED_DA_fee,524,19.51
IMPROVED_DA_fee,522,16.65
IMPROVED_DA_fee,523,17.57
IMPROVED_DA_fee,525,15.92
IMPROVED_DA_fee,526,16.68
IMPROVED_DA_fee,527,17.18
IMPROVED_DA_fee,528,16.93
IMPROVED_DA_fee,529,17.2
IMPROVED_DA_fee,530,16.23
IMPROVED_DA_fee,531,18.02
IMPROVED_DA_fee,532,16.46
IMPROVED_DA_fee,534,17.96
IMPROVED_DA_fee,533,17.06
IMPROVED_DA_fee,535,18.08
IMPROVED_DA_fee,536,14.12
IMPROVED_DA_fee,538,17.81
IMPROVED_DA_fee,539,16.91
IMPROVED_DA_fee,537,15.82
IMPROVED_DA_fee,540,18.18
IMPROVED_DA_fee,541,16.31
IMPROVED_DA_fee,542,22.23
IMPROVED_DA_fee,543,15.97
IMPROVED_DA_fee,545,16.07
IMPROVED_DA_fee,544,17.48
IMPROVED_DA_fee,546,17.86
IMPROVED_DA_fee,547,16.38
IMPROVED_DA_fee,548,17.13
IMPROVED_DA_fee,549,18.33
IMPROVED_DA_fee,551,16.01
IMPROVED_DA_fee,552,18.3
IMPROVED_DA_fee,550,16.05
IMPROVED_DA_fee,553,16.48
IMPROVED_DA_fee,554,17.31
IMPROVED_DA_fee,555,16.54
IMPROVED_DA_fee,556,22.43
IMPROVED_DA_fee,557,15.26
IMPROVED_DA_fee,558,17.1
IMPROVED_DA_fee,559,17.53
IMPROVED_DA_fee,560,16.78
IMPROVED_DA_fee,561,17.14
IMPROVED_DA_fee,562,16.98
IMPROVED_DA_fee,565,18.33
IMPROVED_DA_fee,564,17.57
IMPROVED_DA_fee,563,18.3
IMPROVED_DA_fee,567,15.66
IMPROVED_DA_fee,566,15.9
IMPROVED_DA_fee,568,15.49
IMPROVED_DA_fee,569,16.6
IMPROVED_DA_fee,571,17.44
IMPROVED_DA_fee,570,16.6
IMPROVED_DA_fee,572,16.67
IMPROVED_DA_fee,573,18.12
IMPROVED_DA_fee,574,16.5
IMPROVED_DA_fee,576,17.73
IMPROVED_DA_fee,575,16.9
IMPROVED_DA_fee,577,16.51
IMPROVED_DA_fee,578,16.21
IMPROVED_DA_fee,579,18.55
IMPROVED_DA_fee,581,19.79
IMPROVED_DA_fee,580,18.47
IMPROVED_DA_fee,582,16.66
IMPROVED_DA_fee,583,17.16
IMPROVED_DA_fee,585,17.14
IMPROVED_DA_fee,584,16.28
IMPROVED_DA_fee,586,16.72
IMPROVED_DA_fee,587,21.45
IMPROVED_DA_fee,588,15.28
IMPROVED_DA_fee,589,18.1
IMPROVED_DA_fee,590,16.47
IMPROVED_DA_fee,591,16.25
IMPROVED_DA_fee,592,17.15
IMPROVED_DA_fee,594,17.46
IMPROVED_DA_fee,593,16.52
IMPROVED_DA_fee,595,16.51
IMPROVED_DA_fee,596,15.46
IMPROVED_DA_fee,599,17.08
IMPROVED_DA_fee,597,16.98
IMPROVED_DA_fee,598,17.47
IMPROVED_DA_fee,600,17.42
IMPROVED_DA_fee,601,17.07
IMPROVED_DA_fee,602,16.99
IMPROVED_DA_fee,603,22.57
IMPROVED_DA_fee,604,16.09
IMPROVED_DA_fee,605,18.14
IMPROVED_DA_fee,606,18.46
IMPROVED_DA_fee,607,18.22
IMPROVED_DA_fee,608,23.26
IMPROVED_DA_fee,609,19.82
IMPROVED_DA_fee,610,15.41
IMPROVED_DA_fee,612,21.26
IMPROVED_DA_fee,611,16.22
IMPROVED_DA_fee,613,16.93
IMPROVED_DA_fee,614,16.49
IMPROVED_DA_fee,615,15.61
IMPROVED_DA_fee,616,17.24
IMPROVED_DA_fee,617,16.31
IMPROVED_DA_fee,618,21.75
IMPROVED_DA_fee,621,16.82
IMPROVED_DA_fee,620,16.05
IMPROVED_DA_fee,619,16.02
IMPROVED_DA_fee,622,17.99
IMPROVED_DA_fee,623,17.72
IMPROVED_DA_fee,625,17.81
IMPROVED_DA_fee,624,16.79
IMPROVED_DA_fee,626,16.09
IMPROVED_DA_fee,627,17.42
IMPROVED_DA_fee,628,17.59
IMPROVED_DA_fee,629,15.55
IMPROVED_DA_fee,630,17.21
IMPROVED_DA_fee,631,15.73
IMPROVED_DA_fee,634,17.12
IMPROVED_DA_fee,632,22.01
IMPROVED_DA_fee,633,16.74
IMPROVED_DA_fee,636,17.34
IMPROVED_DA_fee,635,16.67
IMPROVED_DA_fee,637,16.33
IMPROVED_DA_fee,638,16.84
IMPROVED_DA_fee,640,17.64
IMPROVED_DA_fee,641,17.83
IMPROVED_DA_fee,639,16.34
IMPROVED_DA_fee,642,17.21
IMPROVED_DA_fee,643,16.59
IMPROVED_DA_fee,644,16.19
IMPROVED_DA_fee,646,16.5
IMPROVED_DA_fee,645,22.78
IMPROVED_DA_fee,649,17.29
IMPROVED_DA_fee,648,21.94
IMPROVED_DA_fee,647,15.85
IMPROVED_DA_fee,651,17.54
IMPROVED_DA_fee,650,16.69
IMPROVED_DA_fee,652,16.99
IMPROVED_DA_fee,655,17.58
IMPROVED_DA_fee,654,16.6
IMPROVED_DA_fee,653,15.92
IMPROVED_DA_fee,656,16.63
IMPROVED_DA_fee,658,16.39
IMPROVED_DA_fee,659,16.19
IMPROVED_DA_fee,660,14.49
IMPROVED_DA_fee,662,15.22
IMPROVED_DA_fee,657,17.61
IMPROVED_DA_fee,661,16.77
IMPROVED_DA_fee,663,16.2
IMPROVED_DA_fee,664,19.04
IMPROVED_DA_fee,665,16.23
IMPROVED_DA_fee,667,21.21
IMPROVED_DA_fee,666,18.48
IMPROVED_DA_fee,668,17.61
IMPROVED_DA_fee,669,15.48
IMPROVED_DA_fee,671,15.93
IMPROVED_DA_fee,673,15.3
IMPROVED_DA_fee,670,16.64
IMPROVED_DA_fee,672,15.73
IMPROVED_DA_fee,675,17.47
IMPROVED_DA_fee,674,17.13
IMPROVED_DA_fee,676,14.86
IMPROVED_DA_fee,677,22.02
IMPROVED_DA_fee,678,16.64
IMPROVED_DA_fee,679,17.16
IMPROVED_DA_fee,680,16.51
IMPROVED_DA_fee,682,17.38
IMPROVED_DA_fee,681,16.89
IMPROVED_DA_fee,686,16.96
IMPROVED_DA_fee,683,18.29
IMPROVED_DA_fee,685,16.7
IMPROVED_DA_fee,684,16.36
IMPROVED_DA_fee,688,14.89
IMPROVED_DA_fee,687,16.8
IMPROVED_DA_fee,690,16.22
IMPROVED_DA_fee,689,16.15
IMPROVED_DA_fee,691,14.86
IMPROVED_DA_fee,693,15.95
IMPROVED_DA_fee,692,15.64
IMPROVED_DA_fee,695,17.14
IMPROVED_DA_fee,694,16.19
IMPROVED_DA_fee,698,16.76
IMPROVED_DA_fee,699,17.59
IMPROVED_DA_fee,700,16.86
IMPROVED_DA_fee,697,16.47
IMPROVED_DA_fee,696,17.04
IMPROVED_DA_fee,701,16.73
IMPROVED_DA_fee,702,15.97
IMPROVED_DA_fee,703,14.74
IMPROVED_DA_fee,704,16.77
IMPROVED_DA_fee,705,17.1
IMPROVED_DA_fee,706,17.45
IMPROVED_DA_fee,707,16.81
IMPROVED_DA_fee,708,16.79
IMPROVED_DA_fee,711,13.98
IMPROVED_DA_fee,710,16.41
IMPROVED_DA_fee,712,17.25
IMPROVED_DA_fee,714,16.57
IMPROVED_DA_fee,709,17.28
IMPROVED_DA_fee,713,16.54
IMPROVED_DA_fee,715,16.39
IMPROVED_DA_fee,716,17.73
IMPROVED_DA_fee,717,17.24
IMPROVED_DA_fee,718,15.68
IMPROVED_DA_fee,719,16.99
IMPROVED_DA_fee,720,16.91
IMPROVED_DA_fee,721,16.63
IMPROVED_DA_fee,722,16.29
IMPROVED_DA_fee,723,16.96
IMPROVED_DA_fee,725,17.58
IMPROVED_DA_fee,724,16.63
IMPROVED_DA_fee,726,17.37
IMPROVED_DA_fee,727,16.61
IMPROVED_DA_fee,728,16.4
IMPROVED_DA_fee,729,15.94
IMPROVED_DA_fee,730,16.66
IMPROVED_DA_fee,731,16.44
IMPROVED_DA_fee,732,16.43
IMPROVED_DA_fee,733,16.85
IMPROVED_DA_fee,734,17.55
IMPROVED_DA_fee,736,16.98
IMPROVED_DA_fee,737,17.21
IMPROVED_DA_fee,735,16.79
IMPROVED_DA_fee,738,16.1
IMPROVED_DA_fee,740,17.06
IMPROVED_DA_fee,739,17.5
IMPROVED_DA_fee,741,16.22
IMPROVED_DA_fee,743,16.22
IMPROVED_DA_fee,742,18.86
IMPROVED_DA_fee,744,17.19
IMPROVED_DA_fee,745,17.59
IMPROVED_DA_fee,746,18.33
IMPROVED_DA_fee,747,16.54
IMPROVED_DA_fee,748,16.78
IMPROVED_DA_fee,749,18.36
IMPROVED_DA_fee,750,15.68
IMPROVED_DA_fee,751,17.06
IMPROVED_DA_fee,753,16.38
IMPROVED_DA_fee,752,17.02
IMPROVED_DA_fee,754,18.32
IMPROVED_DA_fee,756,15.94
IMPROVED_DA_fee,755,17.37
IMPROVED_DA_fee,757,18.63
IMPROVED_DA_fee,758,15.8
IMPROVED_DA_fee,759,17.87
IMPROVED_DA_fee,760,15.66
IMPROVED_DA_fee,763,20.63
IMPROVED_DA_fee,762,16.82
IMPROVED_DA_fee,761,18.05
IMPROVED_DA_fee,766,16.46
IMPROVED_DA_fee,765,17.52
IMPROVED_DA_fee,764,16.88
IMPROVED_DA_fee,767,20.3
IMPROVED_DA_fee,768,17.0
IMPROVED_DA_fee,770,17.41
IMPROVED_DA_fee,769,17.12
IMPROVED_DA_fee,771,17.06
IMPROVED_DA_fee,772,17.36
IMPROVED_DA_fee,773,16.72
IMPROVED_DA_fee,776,17.02
IMPROVED_DA_fee,774,17.0
IMPROVED_DA_fee,775,16.09
IMPROVED_DA_fee,777,16.64
IMPROVED_DA_fee,778,16.81
IMPROVED_DA_fee,779,17.93
IMPROVED_DA_fee,780,16.38
IMPROVED_DA_fee,781,16.84
IMPROVED_DA_fee,782,16.58
IMPROVED_DA_fee,783,17.6
IMPROVED_DA_fee,784,16.9
IMPROVED_DA_fee,785,16.55
IMPROVED_DA_fee,786,18.11
IMPROVED_DA_fee,787,17.33
IMPROVED_DA_fee,789,17.2
IMPROVED_DA_fee,788,15.39
IMPROVED_DA_fee,792,21.21
IMPROVED_DA_fee,791,16.71
IMPROVED_DA_fee,790,16.93
IMPROVED_DA_fee,793,16.31
IMPROVED_DA_fee,795,17.15
IMPROVED_DA_fee,794,15.88
IMPROVED_DA_fee,796,16.66
IMPROVED_DA_fee,797,18.49
IMPROVED_DA_fee,798,17.28
IMPROVED_DA_fee,799,16.41
IMPROVED_DA_fee,801,16.93
IMPROVED_DA_fee,802,17.79
IMPROVED_DA_fee,800,16.9
IMPROVED_DA_fee,804,16.82
IMPROVED_DA_fee,805,16.45
IMPROVED_DA_fee,803,15.27
IMPROVED_DA_fee,806,18.4
IMPROVED_DA_fee,807,17.43
IMPROVED_DA_fee,808,17.95
IMPROVED_DA_fee,809,20.9
IMPROVED_DA_fee,810,16.6
IMPROVED_DA_fee,811,16.12
IMPROVED_DA_fee,812,16.57
IMPROVED_DA_fee,813,16.53
IMPROVED_DA_fee,816,18.11
IMPROVED_DA_fee,815,17.81
IMPROVED_DA_fee,814,15.97
IMPROVED_DA_fee,817,15.77
IMPROVED_DA_fee,818,17.26
IMPROVED_DA_fee,819,18.09
IMPROVED_DA_fee,820,16.3
IMPROVED_DA_fee,821,17.04
IMPROVED_DA_fee,822,18.44
IMPROVED_DA_fee,823,17.27
IMPROVED_DA_fee,824,15.88
IMPROVED_DA_fee,825,17.28
IMPROVED_DA_fee,826,17.42
IMPROVED_DA_fee,827,17.21
IMPROVED_DA_fee,828,18.3
IMPROVED_DA_fee,829,17.39
IMPROVED_DA_fee,830,17.93
IMPROVED_DA_fee,832,17.87
IMPROVED_DA_fee,831,17.45
IMPROVED_DA_fee,834,17.15
IMPROVED_DA_fee,835,17.01
IMPROVED_DA_fee,833,17.18
IMPROVED_DA_fee,836,17.26
IMPROVED_DA_fee,838,17.57
IMPROVED_DA_fee,837,16.38
IMPROVED_DA_fee,839,17.25
IMPROVED_DA_fee,841,15.63
IMPROVED_DA_fee,840,17.81
IMPROVED_DA_fee,842,16.27
IMPROVED_DA_fee,843,16.7
IMPROVED_DA_fee,844,16.74
IMPROVED_DA_fee,845,16.7
IMPROVED_DA_fee,848,17.31
IMPROVED_DA_fee,847,21.06
IMPROVED_DA_fee,846,15.41
IMPROVED_DA_fee,849,17.03
IMPROVED_DA_fee,850,16.51
IMPROVED_DA_fee,851,18.4
IMPROVED_DA_fee,852,17.31
IMPROVED_DA_fee,853,21.04
IMPROVED_DA_fee,855,14.87
IMPROVED_DA_fee,854,16.02
IMPROVED_DA_fee,856,17.14
IMPROVED_DA_fee,857,15.8
IMPROVED_DA_fee,859,16.67
IMPROVED_DA_fee,858,16.94
IMPROVED_DA_fee,860,17.03
IMPROVED_DA_fee,861,15.98
IMPROVED_DA_fee,862,16.11
IMPROVED_DA_fee,863,17.45
IMPROVED_DA_fee,864,16.18
IMPROVED_DA_fee,865,17.12
IMPROVED_DA_fee,868,17.86
IMPROVED_DA_fee,867,16.81
IMPROVED_DA_fee,866,17.99
IMPROVED_DA_fee,869,16.48
IMPROVED_DA_fee,871,16.59
IMPROVED_DA_fee,873,17.13
IMPROVED_DA_fee,872,17.21
IMPROVED_DA_fee,870,16.49
IMPROVED_DA_fee,874,17.21
IMPROVED_DA_fee,875,17.69
IMPROVED_DA_fee,876,16.69
IMPROVED_DA_fee,877,16.29
IMPROVED_DA_fee,880,17.85
IMPROVED_DA_fee,878,20.63
IMPROVED_DA_fee,879,17.4
IMPROVED_DA_fee,881,16.13
IMPROVED_DA_fee,882,18.23
IMPROVED_DA_fee,883,16.8
IMPROVED_DA_fee,886,16.12
IMPROVED_DA_fee,885,15.93
IMPROVED_DA_fee,884,17.33
IMPROVED_DA_fee,887,16.58
IMPROVED_DA_fee,888,16.3
IMPROVED_DA_fee,889,17.78
IMPROVED_DA_fee,890,17.25
IMPROVED_DA_fee,891,19.32
IMPROVED_DA_fee,892,17.93
IMPROVED_DA_fee,893,16.04
IMPROVED_DA_fee,894,16.06
IMPROVED_DA_fee,895,17.02
IMPROVED_DA_fee,898,16.51
IMPROVED_DA_fee,897,16.02
IMPROVED_DA_fee,896,16.75
IMPROVED_DA_fee,901,15.39
IMPROVED_DA_fee,899,16.7
IMPROVED_DA_fee,900,21.84
IMPROVED_DA_fee,902,18.86
IMPROVED_DA_fee,903,21.0
IMPROVED_DA_fee,904,16.78
IMPROVED_DA_fee,905,17.59
IMPROVED_DA_fee,907,16.54
IMPROVED_DA_fee,908,15.7
IMPROVED_DA_fee,906,16.86
IMPROVED_DA_fee,911,16.72
IMPROVED_DA_fee,910,17.46
IMPROVED_DA_fee,909,17.36
IMPROVED_DA_fee,914,20.2
IMPROVED_DA_fee,912,21.34
IMPROVED_DA_fee,913,17.57
IMPROVED_DA_fee,915,17.04
IMPROVED_DA_fee,916,16.89
IMPROVED_DA_fee,919,15.82
IMPROVED_DA_fee,917,17.64
IMPROVED_DA_fee,921,17.38
IMPROVED_DA_fee,918,14.65
IMPROVED_DA_fee,920,16.27
IMPROVED_DA_fee,923,20.16
IMPROVED_DA_fee,922,17.01
IMPROVED_DA_fee,924,14.5
IMPROVED_DA_fee,926,19.45
IMPROVED_DA_fee,925,17.06
IMPROVED_DA_fee,927,16.83
IMPROVED_DA_fee,928,17.98
IMPROVED_DA_fee,929,20.4
IMPROVED_DA_fee,934,17.57
IMPROVED_DA_fee,932,17.21
IMPROVED_DA_fee,930,15.87
IMPROVED_DA_fee,931,17.53
IMPROVED_DA_fee,933,16.27
IMPROVED_DA_fee,935,16.59
IMPROVED_DA_fee,936,17.85
IMPROVED_DA_fee,938,18.13
IMPROVED_DA_fee,937,18.37
IMPROVED_DA_fee,939,18.12
IMPROVED_DA_fee,940,17.72
IMPROVED_DA_fee,941,17.68
IMPROVED_DA_fee,942,17.12
IMPROVED_DA_fee,943,17.04
IMPROVED_DA_fee,945,16.5
IMPROVED_DA_fee,944,16.21
IMPROVED_DA_fee,946,17.1
IMPROVED_DA_fee,947,17.46
IMPROVED_DA_fee,948,19.91
IMPROVED_DA_fee,949,17.55
IMPROVED_DA_fee,950,17.26
IMPROVED_DA_fee,952,16.82
IMPROVED_DA_fee,951,16.39
IMPROVED_DA_fee,953,17.61
IMPROVED_DA_fee,954,17.57
IMPROVED_DA_fee,955,17.0
IMPROVED_DA_fee,956,16.21
IMPROVED_DA_fee,957,16.57
IMPROVED_DA_fee,959,17.28
IMPROVED_DA_fee,958,17.18
IMPROVED_DA_fee,960,17.26
IMPROVED_DA_fee,961,16.53
IMPROVED_DA_fee,962,16.54
IMPROVED_DA_fee,963,16.88
IMPROVED_DA_fee,965,17.08
IMPROVED_DA_fee,964,16.97
IMPROVED_DA_fee,966,16.96
IMPROVED_DA_fee,967,16.75
IMPROVED_DA_fee,968,18.14
IMPROVED_DA_fee,969,16.51
IMPROVED_DA_fee,970,17.37
IMPROVED_DA_fee,971,17.46
IMPROVED_DA_fee,972,17.27
IMPROVED_DA_fee,973,17.72
IMPROVED_DA_fee,974,16.03
IMPROVED_DA_fee,975,21.5
IMPROVED_DA_fee,976,15.54
IMPROVED_DA_fee,978,16.84
IMPROVED_DA_fee,977,17.37
IMPROVED_DA_fee,979,16.91
IMPROVED_DA_fee,980,17.41
IMPROVED_DA_fee,981,15.98
IMPROVED_DA_fee,982,16.65
IMPROVED_DA_fee,983,15.59
IMPROVED_DA_fee,986,17.29
IMPROVED_DA_fee,984,16.24
IMPROVED_DA_fee,985,17.26
IMPROVED_DA_fee,987,15.88
IMPROVED_DA_fee,988,16.47
IMPROVED_DA_fee,990,16.84
IMPROVED_DA_fee,989,16.71
IMPROVED_DA_fee,992,22.8
IMPROVED_DA_fee,991,13.65
IMPROVED_DA_fee,993,15.89
IMPROVED_DA_fee,994,16.97
IMPROVED_DA_fee,995,16.61
IMPROVED_DA_fee,996,23.65
IMPROVED_DA_fee,997,16.24
IMPROVED_DA_fee,999,16.52
IMPROVED_DA_fee,998,16.6
IMPROVED_BA_fee,2,21.89
IMPROVED_BA_fee,0,20.66
IMPROVED_BA_fee,3,21.58
IMPROVED_BA_fee,1,21.84
IMPROVED_BA_fee,5,20.28
IMPROVED_BA_fee,4,20.72
IMPROVED_BA_fee,6,22.1
IMPROVED_BA_fee,7,23.07
IMPROVED_BA_fee,8,21.56
IMPROVED_BA_fee,9,22.31
IMPROVED_BA_fee,10,21.38
IMPROVED_BA_fee,11,19.75
IMPROVED_BA_fee,12,19.91
IMPROVED_BA_fee,13,20.39
IMPROVED_BA_fee,14,19.75
IMPROVED_BA_fee,16,20.82
IMPROVED_BA_fee,15,19.77
IMPROVED_BA_fee,17,22.31
IMPROVED_BA_fee,18,22.12
IMPROVED_BA_fee,19,21.04
IMPROVED_BA_fee,20,21.5
IMPROVED_BA_fee,21,20.28
IMPROVED_BA_fee,22,21.26
IMPROVED_BA_fee,23,19.05
IMPROVED_BA_fee,24,19.15
IMPROVED_BA_fee,25,23.14
IMPROVED_BA_fee,26,20.42
IMPROVED_BA_fee,27,21.3
IMPROVED_BA_fee,28,23.96
IMPROVED_BA_fee,29,21.91
IMPROVED_BA_fee,30,24.41
IMPROVED_BA_fee,31,24.34
IMPROVED_BA_fee,32,22.02
IMPROVED_BA_fee,33,22.76
IMPROVED_BA_fee,34,21.96
IMPROVED_BA_fee,35,20.6
IMPROVED_BA_fee,39,20.95
IMPROVED_BA_fee,36,21.42
IMPROVED_BA_fee,40,18.25
IMPROVED_BA_fee,37,19.49
IMPROVED_BA_fee,38,23.01
IMPROVED_BA_fee,41,22.28
IMPROVED_BA_fee,42,20.54
IMPROVED_BA_fee,43,20.11
IMPROVED_BA_fee,45,22.7
IMPROVED_BA_fee,46,20.4
IMPROVED_BA_fee,44,20.09
IMPROVED_BA_fee,47,23.12
IMPROVED_BA_fee,48,20.41
IMPROVED_BA_fee,49,20.54
IMPROVED_BA_fee,50,19.68
IMPROVED_BA_fee,51,21.06
IMPROVED_BA_fee,52,20.64
IMPROVED_BA_fee,53,19.68
IMPROVED_BA_fee,54,19.99
IMPROVED_BA_fee,55,20.47
IMPROVED_BA_fee,56,20.87
IMPROVED_BA_fee,57,23.06
IMPROVED_BA_fee,59,22.06
IMPROVED_BA_fee,58,20.62
IMPROVED_BA_fee,60,19.37
IMPROVED_BA_fee,61,19.67
IMPROVED_BA_fee,62,18.44
IMPROVED_BA_fee,63,19.8
IMPROVED_BA_fee,65,19.14
IMPROVED_BA_fee,64,24.06
IMPROVED_BA_fee,68,20.46
IMPROVED_BA_fee,66,19.99
IMPROVED_BA_fee,67,19.68
IMPROVED_BA_fee,69,19.69
IMPROVED_BA_fee,70,21.33
IMPROVED_BA_fee,71,24.37
IMPROVED_BA_fee,72,21.25
IMPROVED_BA_fee,73,19.63
IMPROVED_BA_fee,74,24.73
IMPROVED_BA_fee,75,22.67
IMPROVED_BA_fee,76,21.74
IMPROVED_BA_fee,78,21.52
IMPROVED_BA_fee,77,18.85
IMPROVED_BA_fee,80,19.76
IMPROVED_BA_fee,79,20.83
IMPROVED_BA_fee,81,22.86
IMPROVED_BA_fee,82,23.27
IMPROVED_BA_fee,83,23.39
IMPROVED_BA_fee,84,20.13
IMPROVED_BA_fee,85,20.56
IMPROVED_BA_fee,86,20.94
IMPROVED_BA_fee,87,24.95
IMPROVED_BA_fee,88,21.88
IMPROVED_BA_fee,90,23.54
IMPROVED_BA_fee,91,20.78
IMPROVED_BA_fee,89,19.16
IMPROVED_BA_fee,93,21.99
IMPROVED_BA_fee,94,21.08
IMPROVED_BA_fee,92,20.47
IMPROVED_BA_fee,95,21.71
IMPROVED_BA_fee,96,21.2
IMPROVED_BA_fee,97,22.72
IMPROVED_BA_fee,98,18.8
IMPROVED_BA_fee,99,21.5
IMPROVED_BA_fee,101,22.73
IMPROVED_BA_fee,100,22.73
IMPROVED_BA_fee,102,21.34
IMPROVED_BA_fee,103,18.69
IMPROVED_BA_fee,104,21.83
IMPROVED_BA_fee,107,20.79
IMPROVED_BA_fee,106,20.84
IMPROVED_BA_fee,105,24.31
IMPROVED_BA_fee,108,19.03
IMPROVED_BA_fee,109,20.28
IMPROVED_BA_fee,110,21.99
IMPROVED_BA_fee,111,21.36
IMPROVED_BA_fee,112,19.52
IMPROVED_BA_fee,113,22.26
IMPROVED_BA_fee,114,21.32
IMPROVED_BA_fee,115,19.83
IMPROVED_BA_fee,116,23.89
IMPROVED_BA_fee,117,20.95
IMPROVED_BA_fee,119,20.19
IMPROVED_BA_fee,120,20.63
IMPROVED_BA_fee,118,24.72
IMPROVED_BA_fee,121,23.73
IMPROVED_BA_fee,122,21.75
IMPROVED_BA_fee,123,24.81
IMPROVED_BA_fee,124,21.62
IMPROVED_BA_fee,125,21.18
IMPROVED_BA_fee,126,20.81
IMPROVED_BA_fee,127,21.22
IMPROVED_BA_fee,128,19.57
IMPROVED_BA_fee,129,23.85
IMPROVED_BA_fee,130,23.1
IMPROVED_BA_fee,132,18.88
IMPROVED_BA_fee,133,22.93
IMPROVED_BA_fee,131,22.23
IMPROVED_BA_fee,134,24.84
IMPROVED_BA_fee,135,22.67
IMPROVED_BA_fee,136,21.83
IMPROVED_BA_fee,138,20.33
IMPROVED_BA_fee,137,22.93
IMPROVED_BA_fee,139,21.61
IMPROVED_BA_fee,141,22.38
IMPROVED_BA_fee,140,22.82
IMPROVED_BA_fee,142,21.03
IMPROVED_BA_fee,143,21.17
IMPROVED_BA_fee,144,18.37
IMPROVED_BA_fee,146,18.92
IMPROVED_BA_fee,145,19.4
IMPROVED_BA_fee,147,20.24
IMPROVED_BA_fee,148,20.61
IMPROVED_BA_fee,149,21.39
IMPROVED_BA_fee,151,20.64
IMPROVED_BA_fee,152,19.35
IMPROVED_BA_fee,150,20.51
IMPROVED_BA_fee,153,22.87
IMPROVED_BA_fee,155,20.46
IMPROVED_BA_fee,154,20.96
IMPROVED_BA_fee,159,24.81
IMPROVED_BA_fee,156,21.11
IMPROVED_BA_fee,158,22.76
IMPROVED_BA_fee,157,19.42
IMPROVED_BA_fee,160,22.6
IMPROVED_BA_fee,161,19.43
IMPROVED_BA_fee,162,20.83
IMPROVED_BA_fee,163,21.83
IMPROVED_BA_fee,165,21.07
IMPROVED_BA_fee,164,21.05
IMPROVED_BA_fee,166,19.95
IMPROVED_BA_fee,168,21.17
IMPROVED_BA_fee,167,20.14
IMPROVED_BA_fee,169,21.75
IMPROVED_BA_fee,172,20.01
IMPROVED_BA_fee,170,22.17
IMPROVED_BA_fee,173,21.9
IMPROVED_BA_fee,171,19.64
IMPROVED_BA_fee,175,18.2
IMPROVED_BA_fee,174,22.69
IMPROVED_BA_fee,176,20.84
IMPROVED_BA_fee,178,22.59
IMPROVED_BA_fee,177,19.18
IMPROVED_BA_fee,179,18.59
IMPROVED_BA_fee,181,21.39
IMPROVED_BA_fee,180,20.94
IMPROVED_BA_fee,184,23.56
IMPROVED_BA_fee,183,22.49
IMPROVED_BA_fee,182,22.4
IMPROVED_BA_fee,185,23.01
IMPROVED_BA_fee,186,19.67
IMPROVED_BA_fee,188,22.67
IMPROVED_BA_fee,187,21.99
IMPROVED_BA_fee,189,23.09
IMPROVED_BA_fee,190,19.33
IMPROVED_BA_fee,191,22.03
IMPROVED_BA_fee,192,19.58
IMPROVED_BA_fee,193,21.06
IMPROVED_BA_fee,194,23.76
IMPROVED_BA_fee,197,20.83
IMPROVED_BA_fee,195,23.78
IMPROVED_BA_fee,199,24.27
IMPROVED_BA_fee,196,21.12
IMPROVED_BA_fee,198,19.56
IMPROVED_BA_fee,200,23.95
IMPROVED_BA_fee,201,21.48
IMPROVED_BA_fee,202,23.77
IMPROVED_BA_fee,203,20.16
IMPROVED_BA_fee,204,20.31
IMPROVED_BA_fee,205,22.4
IMPROVED_BA_fee,206,21.24
IMPROVED_BA_fee,207,21.37
IMPROVED_BA_fee,208,22.04
IMPROVED_BA_fee,211,18.83
IMPROVED_BA_fee,212,21.54
IMPROVED_BA_fee,210,21.43
IMPROVED_BA_fee,209,24.18
IMPROVED_BA_fee,213,18.5
IMPROVED_BA_fee,214,21.94
IMPROVED_BA_fee,215,22.09
IMPROVED_BA_fee,216,21.09
IMPROVED_BA_fee,217,23.28
IMPROVED_BA_fee,218,20.22
IMPROVED_BA_fee,219,21.45
IMPROVED_BA_fee,220,19.89
IMPROVED_BA_fee,222,21.26
IMPROVED_BA_fee,223,21.37
IMPROVED_BA_fee,221,20.32
IMPROVED_BA_fee,225,20.38
IMPROVED_BA_fee,224,24.59
IMPROVED_BA_fee,227,20.74
IMPROVED_BA_fee,226,18.91
IMPROVED_BA_fee,228,19.94
IMPROVED_BA_fee,230,24.18
IMPROVED_BA_fee,229,21.92
IMPROVED_BA_fee,231,19.76
IMPROVED_BA_fee,232,21.94
IMPROVED_BA_fee,233,19.47
IMPROVED_BA_fee,234,17.87
IMPROVED_BA_fee,235,20.98
IMPROVED_BA_fee,236,18.17
IMPROVED_BA_fee,237,18.74
IMPROVED_BA_fee,238,20.11
IMPROVED_BA_fee,239,22.33
IMPROVED_BA_fee,240,22.44
IMPROVED_BA_fee,241,20.47
IMPROVED_BA_fee,242,18.03
IMPROVED_BA_fee,243,19.69
IMPROVED_BA_fee,244,21.56
IMPROVED_BA_fee,245,19.35
IMPROVED_BA_fee,246,20.0
IMPROVED_BA_fee,247,20.71
IMPROVED_BA_fee,248,23.1
IMPROVED_BA_fee,251,22.91
IMPROVED_BA_fee,250,23.36
IMPROVED_BA_fee,249,21.38
IMPROVED_BA_fee,252,18.9
IMPROVED_BA_fee,253,21.7
IMPROVED_BA_fee,255,20.7
IMPROVED_BA_fee,254,25.3
IMPROVED_BA_fee,256,18.2
IMPROVED_BA_fee,257,19.91
IMPROVED_BA_fee,259,21.65
IMPROVED_BA_fee,260,21.11
IMPROVED_BA_fee,261,21.77
IMPROVED_BA_fee,258,20.9
IMPROVED_BA_fee,264,23.33
IMPROVED_BA_fee,262,22.73
IMPROVED_BA_fee,263,19.82
IMPROVED_BA_fee,265,17.29
IMPROVED_BA_fee,266,18.52
IMPROVED_BA_fee,267,19.8
IMPROVED_BA_fee,268,22.45
IMPROVED_BA_fee,269,20.87
IMPROVED_BA_fee,270,19.96
IMPROVED_BA_fee,272,20.61
IMPROVED_BA_fee,273,21.47
IMPROVED_BA_fee,271,23.1
IMPROVED_BA_fee,275,19.91
IMPROVED_BA_fee,274,20.12
IMPROVED_BA_fee,277,18.83
IMPROVED_BA_fee,276,20.73
IMPROVED_BA_fee,278,19.19
IMPROVED_BA_fee,279,23.01
IMPROVED_BA_fee,281,24.54
IMPROVED_BA_fee,282,18.84
IMPROVED_BA_fee,280,18.82
IMPROVED_BA_fee,283,21.86
IMPROVED_BA_fee,284,22.26
IMPROVED_BA_fee,285,18.4
IMPROVED_BA_fee,289,21.84
IMPROVED_BA_fee,286,22.71
IMPROVED_BA_fee,288,21.48
IMPROVED_BA_fee,287,21.12
IMPROVED_BA_fee,290,20.48
IMPROVED_BA_fee,291,19.84
IMPROVED_BA_fee,292,20.25
IMPROVED_BA_fee,294,21.22
IMPROVED_BA_fee,293,20.33
IMPROVED_BA_fee,295,19.71
IMPROVED_BA_fee,296,20.11
IMPROVED_BA_fee,297,21.93
IMPROVED_BA_fee,298,23.62
IMPROVED_BA_fee,299,21.13
IMPROVED_BA_fee,302,20.01
IMPROVED_BA_fee,301,20.75
IMPROVED_BA_fee,300,19.49
IMPROVED_BA_fee,303,21.6
IMPROVED_BA_fee,304,22.65
IMPROVED_BA_fee,305,19.11
IMPROVED_BA_fee,307,20.93
IMPROVED_BA_fee,306,21.1
IMPROVED_BA_fee,308,20.3
IMPROVED_BA_fee,309,21.93
IMPROVED_BA_fee,310,22.61
IMPROVED_BA_fee,312,18.76
IMPROVED_BA_fee,311,21.81
IMPROVED_BA_fee,313,21.02
IMPROVED_BA_fee,315,24.75
IMPROVED_BA_fee,314,18.88
IMPROVED_BA_fee,316,22.58
IMPROVED_BA_fee,317,20.7
IMPROVED_BA_fee,318,20.7
IMPROVED_BA_fee,319,21.91
IMPROVED_BA_fee,320,21.44
IMPROVED_BA_fee,321,20.94
IMPROVED_BA_fee,323,22.49
IMPROVED_BA_fee,322,22.77
IMPROVED_BA_fee,324,22.62
IMPROVED_BA_fee,328,19.88
IMPROVED_BA_fee,325,19.51
IMPROVED_BA_fee,327,18.49
IMPROVED_BA_fee,326,20.94
IMPROVED_BA_fee,329,21.37
IMPROVED_BA_fee,330,22.39
IMPROVED_BA_fee,331,20.65
IMPROVED_BA_fee,332,22.47
IMPROVED_BA_fee,333,20.52
IMPROVED_BA_fee,334,23.67
IMPROVED_BA_fee,336,19.21
IMPROVED_BA_fee,335,22.86
IMPROVED_BA_fee,337,20.63
IMPROVED_BA_fee,339,20.4
IMPROVED_BA_fee,340,20.03
IMPROVED_BA_fee,341,18.23
IMPROVED_BA_fee,338,20.62
IMPROVED_BA_fee,342,20.77
IMPROVED_BA_fee,343,20.46
IMPROVED_BA_fee,344,20.67
IMPROVED_BA_fee,345,23.53
IMPROVED_BA_fee,346,22.09
IMPROVED_BA_fee,347,23.53
IMPROVED_BA_fee,348,22.31
IMPROVED_BA_fee,349,22.57
IMPROVED_BA_fee,350,21.41
IMPROVED_BA_fee,351,22.01
IMPROVED_BA_fee,353,21.9
IMPROVED_BA_fee,352,20.32
IMPROVED_BA_fee,354,22.13
IMPROVED_BA_fee,355,24.18
IMPROVED_BA_fee,356,21.48
IMPROVED_BA_fee,357,20.31
IMPROVED_BA_fee,358,19.26
IMPROVED_BA_fee,359,21.98
IMPROVED_BA_fee,360,20.98
IMPROVED_BA_fee,362,21.65
IMPROVED_BA_fee,361,20.45
IMPROVED_BA_fee,364,19.96
IMPROVED_BA_fee,363,21.06
IMPROVED_BA_fee,366,19.49
IMPROVED_BA_fee,367,21.35
IMPROVED_BA_fee,365,20.58
IMPROVED_BA_fee,368,22.35
IMPROVED_BA_fee,369,20.68
IMPROVED_BA_fee,370,18.62
IMPROVED_BA_fee,371,19.78
IMPROVED_BA_fee,373,22.08
IMPROVED_BA_fee,374,22.53
IMPROVED_BA_fee,372,21.34
IMPROVED_BA_fee,375,21.17
IMPROVED_BA_fee,376,20.11
IMPROVED_BA_fee,377,23.9
IMPROVED_BA_fee,378,21.09
IMPROVED_BA_fee,380,22.4
IMPROVED_BA_fee,379,22.6
IMPROVED_BA_fee,381,20.99
IMPROVED_BA_fee,382,23.66
IMPROVED_BA_fee,383,21.52
IMPROVED_BA_fee,384,21.6
IMPROVED_BA_fee,386,20.33
IMPROVED_BA_fee,385,21.83
IMPROVED_BA_fee,387,19.1
IMPROVED_BA_fee,388,19.7
IMPROVED_BA_fee,389,21.21
IMPROVED_BA_fee,390,22.06
IMPROVED_BA_fee,391,21.18
IMPROVED_BA_fee,392,22.32
IMPROVED_BA_fee,393,21.97
IMPROVED_BA_fee,394,20.06
IMPROVED_BA_fee,395,18.55
IMPROVED_BA_fee,398,20.37
IMPROVED_BA_fee,396,19.17
IMPROVED_BA_fee,397,19.47
IMPROVED_BA_fee,399,22.28
IMPROVED_BA_fee,400,20.75
IMPROVED_BA_fee,401,20.55
IMPROVED_BA_fee,403,19.69
IMPROVED_BA_fee,402,19.66
IMPROVED_BA_fee,404,20.34
IMPROVED_BA_fee,406,22.36
IMPROVED_BA_fee,405,21.71
IMPROVED_BA_fee,407,19.51
IMPROVED_BA_fee,408,19.69
IMPROVED_BA_fee,411,20.02
IMPROVED_BA_fee,409,18.51
IMPROVED_BA_fee,410,19.6
IMPROVED_BA_fee,412,23.61
IMPROVED_BA_fee,413,20.3
IMPROVED_BA_fee,414,22.15
IMPROVED_BA_fee,415,20.74
IMPROVED_BA_fee,416,22.45
IMPROVED_BA_fee,417,21.45
IMPROVED_BA_fee,419,21.53
IMPROVED_BA_fee,418,21.63
IMPROVED_BA_fee,420,21.09
IMPROVED_BA_fee,421,19.99
IMPROVED_BA_fee,423,21.29
IMPROVED_BA_fee,422,20.24
IMPROVED_BA_fee,424,22.14
IMPROVED_BA_fee,425,20.41
IMPROVED_BA_fee,426,21.13
IMPROVED_BA_fee,427,19.96
IMPROVED_BA_fee,428,20.09
IMPROVED_BA_fee,429,23.56
IMPROVED_BA_fee,430,21.5
IMPROVED_BA_fee,431,21.55
IMPROVED_BA_fee,432,20.08
IMPROVED_BA_fee,434,22.23
IMPROVED_BA_fee,433,18.5
IMPROVED_BA_fee,435,22.54
IMPROVED_BA_fee,436,20.67
IMPROVED_BA_fee,437,21.67
IMPROVED_BA_fee,438,23.2
IMPROVED_BA_fee,439,20.49
IMPROVED_BA_fee,440,20.65
IMPROVED_BA_fee,442,23.43
IMPROVED_BA_fee,441,22.09
IMPROVED_BA_fee,443,19.59
IMPROVED_BA_fee,444,19.38
IMPROVED_BA_fee,445,22.2
IMPROVED_BA_fee,446,21.09
IMPROVED_BA_fee,447,19.9
IMPROVED_BA_fee,448,19.83
IMPROVED_BA_fee,449,21.41
IMPROVED_BA_fee,450,22.6
IMPROVED_BA_fee,451,19.76
IMPROVED_BA_fee,453,22.21
IMPROVED_BA_fee,452,23.57
IMPROVED_BA_fee,454,21.18
IMPROVED_BA_fee,455,19.2
IMPROVED_BA_fee,456,22.77
IMPROVED_BA_fee,457,21.6
IMPROVED_BA_fee,458,22.52
IMPROVED_BA_fee,459,18.93
IMPROVED_BA_fee,461,20.48
IMPROVED_BA_fee,460,22.35
IMPROVED_BA_fee,462,19.3
IMPROVED_BA_fee,463,22.32
IMPROVED_BA_fee,464,21.01
IMPROVED_BA_fee,465,21.1
IMPROVED_BA_fee,466,18.57
IMPROVED_BA_fee,467,21.27
IMPROVED_BA_fee,468,19.98
IMPROVED_BA_fee,469,21.08
IMPROVED_BA_fee,470,20.95
IMPROVED_BA_fee,471,19.38
IMPROVED_BA_fee,473,18.68
IMPROVED_BA_fee,474,20.52
IMPROVED_BA_fee,472,22.63
IMPROVED_BA_fee,475,21.59
IMPROVED_BA_fee,477,21.67
IMPROVED_BA_fee,476,22.6
IMPROVED_BA_fee,479,22.07
IMPROVED_BA_fee,478,19.97
IMPROVED_BA_fee,480,20.96
IMPROVED_BA_fee,481,18.93
IMPROVED_BA_fee,482,20.26
IMPROVED_BA_fee,483,19.81
IMPROVED_BA_fee,484,19.96
IMPROVED_BA_fee,486,22.65
IMPROVED_BA_fee,485,22.08
IMPROVED_BA_fee,487,21.04
IMPROVED_BA_fee,488,20.57
IMPROVED_BA_fee,489,23.67
IMPROVED_BA_fee,490,22.17
IMPROVED_BA_fee,491,20.66
IMPROVED_BA_fee,492,21.17
IMPROVED_BA_fee,493,20.17
IMPROVED_BA_fee,494,21.12
IMPROVED_BA_fee,495,21.64
IMPROVED_BA_fee,496,20.39
IMPROVED_BA_fee,497,24.49
IMPROVED_BA_fee,499,19.77
IMPROVED_BA_fee,498,21.58
IMPROVED_BA_fee,500,17.6
IMPROVED_BA_fee,501,19.5
IMPROVED_BA_fee,502,21.91
IMPROVED_BA_fee,503,19.47
IMPROVED_BA_fee,504,22.04
IMPROVED_BA_fee,505,22.9
IMPROVED_BA_fee,506,21.38
IMPROVED_BA_fee,507,22.63
IMPROVED_BA_fee,508,20.05
IMPROVED_BA_fee,509,21.32
IMPROVED_BA_fee,510,22.23
IMPROVED_BA_fee,511,19.68
IMPROVED_BA_fee,512,20.55
IMPROVED_BA_fee,513,19.65
IMPROVED_BA_fee,514,20.39
IMPROVED_BA_fee,517,20.57
IMPROVED_BA_fee,515,23.13
IMPROVED_BA_fee,518,19.57
IMPROVED_BA_fee,516,23.29
IMPROVED_BA_fee,519,22.68
IMPROVED_BA_fee,520,20.68
IMPROVED_BA_fee,521,22.52
IMPROVED_BA_fee,522,21.99
IMPROVED_BA_fee,524,19.75
IMPROVED_BA_fee,523,18.98
IMPROVED_BA_fee,526,22.33
IMPROVED_BA_fee,525,24.17
IMPROVED_BA_fee,527,21.07
IMPROVED_BA_fee,529,20.51
IMPROVED_BA_fee,528,20.01
IMPROVED_BA_fee,530,21.72
IMPROVED_BA_fee,531,19.49
IMPROVED_BA_fee,532,23.11
IMPROVED_BA_fee,533,20.87
IMPROVED_BA_fee,534,21.92
IMPROVED_BA_fee,535,19.66
IMPROVED_BA_fee,537,22.91
IMPROVED_BA_fee,536,22.38
IMPROVED_BA_fee,538,19.19
IMPROVED_BA_fee,539,21.45
IMPROVED_BA_fee,540,18.8
IMPROVED_BA_fee,541,23.24
IMPROVED_BA_fee,543,23.73
IMPROVED_BA_fee,542,20.79
IMPROVED_BA_fee,544,19.27
IMPROVED_BA_fee,545,23.09
IMPROVED_BA_fee,546,20.3
IMPROVED_BA_fee,547,22.25
IMPROVED_BA_fee,548,19.14
IMPROVED_BA_fee,549,17.5
IMPROVED_BA_fee,550,22.57
IMPROVED_BA_fee,551,22.02
IMPROVED_BA_fee,552,18.8
IMPROVED_BA_fee,553,20.38
IMPROVED_BA_fee,554,21.58
IMPROVED_BA_fee,556,20.22
IMPROVED_BA_fee,555,21.11
IMPROVED_BA_fee,557,24.97
IMPROVED_BA_fee,559,18.51
IMPROVED_BA_fee,558,20.07
IMPROVED_BA_fee,560,21.29
IMPROVED_BA_fee,561,19.1
IMPROVED_BA_fee,562,20.89
IMPROVED_BA_fee,564,21.71
IMPROVED_BA_fee,563,18.55
IMPROVED_BA_fee,565,19.61
IMPROVED_BA_fee,567,22.61
IMPROVED_BA_fee,566,22.33
IMPROVED_BA_fee,568,21.55
IMPROVED_BA_fee,569,21.35
IMPROVED_BA_fee,570,22.93
IMPROVED_BA_fee,572,19.12
IMPROVED_BA_fee,571,19.66
IMPROVED_BA_fee,573,18.62
IMPROVED_BA_fee,574,22.55
IMPROVED_BA_fee,576,18.78
IMPROVED_BA_fee,575,20.6
IMPROVED_BA_fee,577,20.57
IMPROVED_BA_fee,578,23.54
IMPROVED_BA_fee,579,17.99
IMPROVED_BA_fee,580,22.0
IMPROVED_BA_fee,582,22.01
IMPROVED_BA_fee,581,19.59
IMPROVED_BA_fee,583,20.03
IMPROVED_BA_fee,584,22.89
IMPROVED_BA_fee,585,21.59
IMPROVED_BA_fee,587,21.41
IMPROVED_BA_fee,586,21.07
IMPROVED_BA_fee,588,25.32
IMPROVED_BA_fee,590,21.76
IMPROVED_BA_fee,589,18.92
IMPROVED_BA_fee,591,22.39
IMPROVED_BA_fee,592,18.99
IMPROVED_BA_fee,593,22.24
IMPROVED_BA_fee,595,23.33
IMPROVED_BA_fee,594,20.07
IMPROVED_BA_fee,597,19.34
IMPROVED_BA_fee,596,25.13
IMPROVED_BA_fee,598,20.54
IMPROVED_BA_fee,600,19.09
IMPROVED_BA_fee,599,21.0
IMPROVED_BA_fee,601,20.13
IMPROVED_BA_fee,602,20.52
IMPROVED_BA_fee,603,21.59
IMPROVED_BA_fee,604,23.36
IMPROVED_BA_fee,605,18.55
IMPROVED_BA_fee,606,18.29
IMPROVED_BA_fee,608,22.01
IMPROVED_BA_fee,607,20.99
IMPROVED_BA_fee,609,20.28
IMPROVED_BA_fee,610,24.06
IMPROVED_BA_fee,611,21.68
IMPROVED_BA_fee,613,21.01
IMPROVED_BA_fee,612,21.54
IMPROVED_BA_fee,614,21.54
IMPROVED_BA_fee,615,23.98
IMPROVED_BA_fee,616,20.7
IMPROVED_BA_fee,617,20.84
IMPROVED_BA_fee,618,21.84
IMPROVED_BA_fee,620,22.44
IMPROVED_BA_fee,619,23.75
IMPROVED_BA_fee,621,20.77
IMPROVED_BA_fee,622,18.68
IMPROVED_BA_fee,623,19.23
IMPROVED_BA_fee,624,20.99
IMPROVED_BA_fee,625,18.18
IMPROVED_BA_fee,627,19.91
IMPROVED_BA_fee,626,20.33
IMPROVED_BA_fee,628,19.66
IMPROVED_BA_fee,629,21.44
IMPROVED_BA_fee,630,22.27
IMPROVED_BA_fee,631,23.22
IMPROVED_BA_fee,633,21.48
IMPROVED_BA_fee,634,20.53
IMPROVED_BA_fee,632,20.22
IMPROVED_BA_fee,636,19.59
IMPROVED_BA_fee,635,20.87
IMPROVED_BA_fee,637,21.97
IMPROVED_BA_fee,639,22.72
IMPROVED_BA_fee,638,21.77
IMPROVED_BA_fee,640,18.71
IMPROVED_BA_fee,641,20.5
IMPROVED_BA_fee,643,22.59
IMPROVED_BA_fee,642,19.05
IMPROVED_BA_fee,644,23.66
IMPROVED_BA_fee,645,19.74
IMPROVED_BA_fee,647,22.65
IMPROVED_BA_fee,646,20.48
IMPROVED_BA_fee,649,20.36
IMPROVED_BA_fee,648,20.72
IMPROVED_BA_fee,650,21.12
IMPROVED_BA_fee,652,20.23
IMPROVED_BA_fee,651,19.67
IMPROVED_BA_fee,654,21.06
IMPROVED_BA_fee,653,23.45
IMPROVED_BA_fee,656,21.44
IMPROVED_BA_fee,655,20.38
IMPROVED_BA_fee,657,19.77
IMPROVED_BA_fee,658,22.98
IMPROVED_BA_fee,659,23.43
IMPROVED_BA_fee,660,24.11
IMPROVED_BA_fee,661,21.33
IMPROVED_BA_fee,662,22.74
IMPROVED_BA_fee,663,22.27
IMPROVED_BA_fee,665,23.38
IMPROVED_BA_fee,666,17.75
IMPROVED_BA_fee,664,18.91
IMPROVED_BA_fee,668,20.48
IMPROVED_BA_fee,667,18.66
IMPROVED_BA_fee,669,20.84
IMPROVED_BA_fee,670,19.72
IMPROVED_BA_fee,671,20.63
IMPROVED_BA_fee,672,23.75
IMPROVED_BA_fee,673,24.96
IMPROVED_BA_fee,674,22.08
IMPROVED_BA_fee,676,22.19
IMPROVED_BA_fee,675,19.34
IMPROVED_BA_fee,679,20.65
IMPROVED_BA_fee,678,20.89
IMPROVED_BA_fee,677,21.16
IMPROVED_BA_fee,680,20.14
IMPROVED_BA_fee,681,21.7
IMPROVED_BA_fee,682,19.5
IMPROVED_BA_fee,683,18.47
IMPROVED_BA_fee,684,23.15
IMPROVED_BA_fee,685,21.53
IMPROVED_BA_fee,686,21.06
IMPROVED_BA_fee,687,21.14
IMPROVED_BA_fee,688,22.87
IMPROVED_BA_fee,689,21.78
IMPROVED_BA_fee,692,24.44
IMPROVED_BA_fee,690,22.64
IMPROVED_BA_fee,691,22.99
IMPROVED_BA_fee,693,22.38
IMPROVED_BA_fee,694,23.25
IMPROVED_BA_fee,695,20.41
IMPROVED_BA_fee,696,21.67
IMPROVED_BA_fee,697,22.21
IMPROVED_BA_fee,698,21.97
IMPROVED_BA_fee,699,19.03
IMPROVED_BA_fee,701,19.17
IMPROVED_BA_fee,700,21.74
IMPROVED_BA_fee,702,22.95
IMPROVED_BA_fee,704,21.81
IMPROVED_BA_fee,703,21.58
IMPROVED_BA_fee,705,20.33
IMPROVED_BA_fee,706,19.69
IMPROVED_BA_fee,707,21.88
IMPROVED_BA_fee,708,21.53
IMPROVED_BA_fee,709,21.37
IMPROVED_BA_fee,710,22.01
IMPROVED_BA_fee,711,22.88
IMPROVED_BA_fee,712,19.83
IMPROVED_BA_fee,714,21.57
IMPROVED_BA_fee,713,21.4
IMPROVED_BA_fee,715,19.21
IMPROVED_BA_fee,717,19.82
IMPROVED_BA_fee,716,19.94
IMPROVED_BA_fee,718,22.69
IMPROVED_BA_fee,719,21.47
IMPROVED_BA_fee,720,20.0
IMPROVED_BA_fee,722,23.36
IMPROVED_BA_fee,721,21.22
IMPROVED_BA_fee,724,22.53
IMPROVED_BA_fee,723,20.33
IMPROVED_BA_fee,725,21.37
IMPROVED_BA_fee,727,22.81
IMPROVED_BA_fee,729,22.94
IMPROVED_BA_fee,726,20.73
IMPROVED_BA_fee,728,22.49
IMPROVED_BA_fee,731,22.36
IMPROVED_BA_fee,732,21.17
IMPROVED_BA_fee,733,22.48
IMPROVED_BA_fee,730,23.02
IMPROVED_BA_fee,734,20.04
IMPROVED_BA_fee,735,22.54
IMPROVED_BA_fee,736,19.88
IMPROVED_BA_fee,737,21.75
IMPROVED_BA_fee,738,21.99
IMPROVED_BA_fee,741,20.5
IMPROVED_BA_fee,739,19.61
IMPROVED_BA_fee,740,21.32
IMPROVED_BA_fee,742,20.03
IMPROVED_BA_fee,743,22.99
IMPROVED_BA_fee,745,18.69
IMPROVED_BA_fee,744,19.03
IMPROVED_BA_fee,746,20.05
IMPROVED_BA_fee,748,21.62
IMPROVED_BA_fee,747,21.46
IMPROVED_BA_fee,749,18.97
IMPROVED_BA_fee,750,25.26
IMPROVED_BA_fee,751,20.35
IMPROVED_BA_fee,754,17.91
IMPROVED_BA_fee,755,20.86
IMPROVED_BA_fee,753,23.56
IMPROVED_BA_fee,752,21.5
IMPROVED_BA_fee,756,23.87
IMPROVED_BA_fee,757,18.49
IMPROVED_BA_fee,758,23.99
IMPROVED_BA_fee,759,21.74
IMPROVED_BA_fee,760,24.59
IMPROVED_BA_fee,761,20.53
IMPROVED_BA_fee,763,19.51
IMPROVED_BA_fee,762,21.06
IMPROVED_BA_fee,764,23.2
IMPROVED_BA_fee,765,20.14
IMPROVED_BA_fee,766,21.87
IMPROVED_BA_fee,767,19.39
IMPROVED_BA_fee,768,19.44
IMPROVED_BA_fee,769,22.96
IMPROVED_BA_fee,770,19.67
IMPROVED_BA_fee,771,21.72
IMPROVED_BA_fee,772,19.7
IMPROVED_BA_fee,773,20.71
IMPROVED_BA_fee,774,21.26
IMPROVED_BA_fee,776,23.61
IMPROVED_BA_fee,775,21.94
IMPROVED_BA_fee,777,21.99
IMPROVED_BA_fee,778,20.81
IMPROVED_BA_fee,780,23.48
IMPROVED_BA_fee,781,21.04
IMPROVED_BA_fee,779,18.28
IMPROVED_BA_fee,783,20.28
IMPROVED_BA_fee,784,21.19
IMPROVED_BA_fee,782,21.37
IMPROVED_BA_fee,785,22.47
IMPROVED_BA_fee,786,19.46
IMPROVED_BA_fee,787,19.2
IMPROVED_BA_fee,788,24.95
IMPROVED_BA_fee,789,20.23
IMPROVED_BA_fee,790,20.4
IMPROVED_BA_fee,791,21.49
IMPROVED_BA_fee,792,20.45
IMPROVED_BA_fee,793,22.36
IMPROVED_BA_fee,794,22.2
IMPROVED_BA_fee,796,23.1
IMPROVED_BA_fee,795,20.96
IMPROVED_BA_fee,797,18.81
IMPROVED_BA_fee,798,21.51
IMPROVED_BA_fee,799,20.13
IMPROVED_BA_fee,800,18.93
IMPROVED_BA_fee,801,21.45
IMPROVED_BA_fee,802,18.28
IMPROVED_BA_fee,803,25.17
IMPROVED_BA_fee,804,22.92
IMPROVED_BA_fee,805,21.97
IMPROVED_BA_fee,806,18.68
IMPROVED_BA_fee,807,19.28
IMPROVED_BA_fee,808,18.95
IMPROVED_BA_fee,810,22.56
IMPROVED_BA_fee,809,20.25
IMPROVED_BA_fee,811,20.34
IMPROVED_BA_fee,812,22.28
IMPROVED_BA_fee,813,22.43
IMPROVED_BA_fee,815,20.42
IMPROVED_BA_fee,814,21.71
IMPROVED_BA_fee,816,19.42
IMPROVED_BA_fee,817,24.1
IMPROVED_BA_fee,818,19.98
IMPROVED_BA_fee,819,18.71
IMPROVED_BA_fee,820,21.92
IMPROVED_BA_fee,822,18.53
IMPROVED_BA_fee,821,20.08
IMPROVED_BA_fee,823,19.84
IMPROVED_BA_fee,824,21.81
IMPROVED_BA_fee,825,20.68
IMPROVED_BA_fee,826,19.69
IMPROVED_BA_fee,828,18.34
IMPROVED_BA_fee,827,21.33
IMPROVED_BA_fee,829,19.13
IMPROVED_BA_fee,831,19.26
IMPROVED_BA_fee,830,18.2
IMPROVED_BA_fee,832,18.24
IMPROVED_BA_fee,833,21.61
IMPROVED_BA_fee,836,20.46
IMPROVED_BA_fee,834,21.0
IMPROVED_BA_fee,838,20.05
IMPROVED_BA_fee,835,21.56
IMPROVED_BA_fee,837,21.95
IMPROVED_BA_fee,839,20.15
IMPROVED_BA_fee,841,22.66
IMPROVED_BA_fee,840,18.27
IMPROVED_BA_fee,842,21.84
IMPROVED_BA_fee,843,21.61
IMPROVED_BA_fee,844,20.59
IMPROVED_BA_fee,845,23.36
IMPROVED_BA_fee,846,25.9
IMPROVED_BA_fee,847,19.98
IMPROVED_BA_fee,848,21.2
IMPROVED_BA_fee,851,19.01
IMPROVED_BA_fee,850,21.96
IMPROVED_BA_fee,849,21.15
IMPROVED_BA_fee,852,19.36
IMPROVED_BA_fee,854,23.76
IMPROVED_BA_fee,853,19.0
IMPROVED_BA_fee,855,23.09
IMPROVED_BA_fee,856,21.15
IMPROVED_BA_fee,857,22.37
IMPROVED_BA_fee,858,20.34
IMPROVED_BA_fee,859,21.06
IMPROVED_BA_fee,861,22.98
IMPROVED_BA_fee,860,21.99
IMPROVED_BA_fee,862,23.93
IMPROVED_BA_fee,863,19.99
IMPROVED_BA_fee,864,23.4
IMPROVED_BA_fee,865,20.52
IMPROVED_BA_fee,867,21.07
IMPROVED_BA_fee,866,19.39
IMPROVED_BA_fee,869,22.37
IMPROVED_BA_fee,870,22.57
IMPROVED_BA_fee,868,21.07
IMPROVED_BA_fee,871,19.42
IMPROVED_BA_fee,872,20.56
IMPROVED_BA_fee,873,20.74
IMPROVED_BA_fee,875,19.5
IMPROVED_BA_fee,874,19.1
IMPROVED_BA_fee,877,21.38
IMPROVED_BA_fee,876,21.07
IMPROVED_BA_fee,878,19.55
IMPROVED_BA_fee,880,18.26
IMPROVED_BA_fee,879,19.24
IMPROVED_BA_fee,883,20.87
IMPROVED_BA_fee,881,22.09
IMPROVED_BA_fee,882,18.05
IMPROVED_BA_fee,884,19.69
IMPROVED_BA_fee,885,24.07
IMPROVED_BA_fee,886,23.06
IMPROVED_BA_fee,888,23.23
IMPROVED_BA_fee,887,21.96
IMPROVED_BA_fee,889,18.27
IMPROVED_BA_fee,890,19.71
IMPROVED_BA_fee,891,18.81
IMPROVED_BA_fee,892,19.23
IMPROVED_BA_fee,893,19.75
IMPROVED_BA_fee,894,20.52
IMPROVED_BA_fee,895,21.35
IMPROVED_BA_fee,896,20.39
IMPROVED_BA_fee,897,22.87
IMPROVED_BA_fee,899,21.93
IMPROVED_BA_fee,900,20.98
IMPROVED_BA_fee,898,23.13
IMPROVED_BA_fee,901,22.29
IMPROVED_BA_fee,902,19.81
IMPROVED_BA_fee,903,20.03
IMPROVED_BA_fee,904,21.31
IMPROVED_BA_fee,905,18.24
IMPROVED_BA_fee,906,21.34
IMPROVED_BA_fee,907,22.07
IMPROVED_BA_fee,908,24.63
IMPROVED_BA_fee,909,21.12
IMPROVED_BA_fee,910,21.35
IMPROVED_BA_fee,911,21.2
IMPROVED_BA_fee,912,21.54
IMPROVED_BA_fee,914,18.92
IMPROVED_BA_fee,913,20.65
IMPROVED_BA_fee,915,21.12
IMPROVED_BA_fee,916,21.27
IMPROVED_BA_fee,918,22.09
IMPROVED_BA_fee,917,20.06
IMPROVED_BA_fee,919,22.16
IMPROVED_BA_fee,920,22.2
IMPROVED_BA_fee,921,21.5
IMPROVED_BA_fee,922,21.67
IMPROVED_BA_fee,923,19.14
IMPROVED_BA_fee,924,22.96
IMPROVED_BA_fee,925,18.86
IMPROVED_BA_fee,926,17.64
IMPROVED_BA_fee,927,21.83
IMPROVED_BA_fee,928,19.52
IMPROVED_BA_fee,929,18.66
IMPROVED_BA_fee,930,24.39
IMPROVED_BA_fee,931,20.34
IMPROVED_BA_fee,932,20.57
IMPROVED_BA_fee,933,23.03
IMPROVED_BA_fee,935,20.85
IMPROVED_BA_fee,934,19.73
IMPROVED_BA_fee,936,19.32
IMPROVED_BA_fee,937,20.0
IMPROVED_BA_fee,938,19.34
IMPROVED_BA_fee,939,19.38
IMPROVED_BA_fee,941,20.97
IMPROVED_BA_fee,940,18.57
IMPROVED_BA_fee,942,22.19
IMPROVED_BA_fee,943,19.29
IMPROVED_BA_fee,944,23.4
IMPROVED_BA_fee,945,19.39
IMPROVED_BA_fee,946,21.59
IMPROVED_BA_fee,947,20.38
IMPROVED_BA_fee,948,18.46
IMPROVED_BA_fee,949,20.64
IMPROVED_BA_fee,950,21.73
IMPROVED_BA_fee,952,21.25
IMPROVED_BA_fee,951,21.87
IMPROVED_BA_fee,954,19.93
IMPROVED_BA_fee,953,19.8
IMPROVED_BA_fee,955,18.88
IMPROVED_BA_fee,957,21.34
IMPROVED_BA_fee,956,22.66
IMPROVED_BA_fee,959,19.05
IMPROVED_BA_fee,958,20.78
IMPROVED_BA_fee,960,20.45
IMPROVED_BA_fee,961,22.35
IMPROVED_BA_fee,962,21.04
IMPROVED_BA_fee,963,20.97
IMPROVED_BA_fee,964,21.54
IMPROVED_BA_fee,965,19.66
IMPROVED_BA_fee,966,18.71
IMPROVED_BA_fee,967,21.23
IMPROVED_BA_fee,968,19.14
IMPROVED_BA_fee,970,21.76
IMPROVED_BA_fee,969,22.83
IMPROVED_BA_fee,971,20.72
IMPROVED_BA_fee,972,19.14
IMPROVED_BA_fee,973,19.07
IMPROVED_BA_fee,974,22.13
IMPROVED_BA_fee,975,19.99
IMPROVED_BA_fee,976,20.18
IMPROVED_BA_fee,977,19.0
IMPROVED_BA_fee,978,21.48
IMPROVED_BA_fee,979,20.13
IMPROVED_BA_fee,980,19.67
IMPROVED_BA_fee,981,23.85
IMPROVED_BA_fee,982,20.82
IMPROVED_BA_fee,983,24.23
IMPROVED_BA_fee,984,22.22
IMPROVED_BA_fee,986,21.18
IMPROVED_BA_fee,985,21.28
IMPROVED_BA_fee,987,22.63
IMPROVED_BA_fee,988,20.92
IMPROVED_BA_fee,989,20.85
IMPROVED_BA_fee,990,20.54
IMPROVED_BA_fee,991,24.0
IMPROVED_BA_fee,993,21.96
IMPROVED_BA_fee,992,22.37
IMPROVED_BA_fee,994,22.47
IMPROVED_BA_fee,995,22.26
IMPROVED_BA_fee,997,22.51
IMPROVED_BA_fee,996,22.09
IMPROVED_BA_fee,998,19.79
IMPROVED_BA_fee,999,21.33
IMPROVED_AMM_fee,0,27.05
IMPROVED_AMM_fee,1,26.31
IMPROVED_AMM_fee,2,27.35
IMPROVED_AMM_fee,3,26.1
IMPROVED_AMM_fee,4,25.24
IMPROVED_AMM_fee,5,25.91
IMPROVED_AMM_fee,6,26.83
IMPROVED_AMM_fee,7,28.27
IMPROVED_AMM_fee,8,26.05
IMPROVED_AMM_fee,9,26.43
IMPROVED_AMM_fee,10,24.54
IMPROVED_AMM_fee,11,27.88
IMPROVED_AMM_fee,12,24.51
IMPROVED_AMM_fee,13,27.41
IMPROVED_AMM_fee,14,27.55
IMPROVED_AMM_fee,15,26.32
IMPROVED_AMM_fee,16,25.53
IMPROVED_AMM_fee,19,26.27
IMPROVED_AMM_fee,18,26.92
IMPROVED_AMM_fee,17,25.93
IMPROVED_AMM_fee,21,24.24
IMPROVED_AMM_fee,20,28.23
IMPROVED_AMM_fee,22,26.21
IMPROVED_AMM_fee,23,25.35
IMPROVED_AMM_fee,24,27.53
IMPROVED_AMM_fee,25,26.34
IMPROVED_AMM_fee,26,26.93
IMPROVED_AMM_fee,27,26.56
IMPROVED_AMM_fee,28,27.28
IMPROVED_AMM_fee,30,28.25
IMPROVED_AMM_fee,29,27.32
IMPROVED_AMM_fee,32,26.75
IMPROVED_AMM_fee,31,30.06
IMPROVED_AMM_fee,33,27.13
IMPROVED_AMM_fee,34,25.71
IMPROVED_AMM_fee,35,26.4
IMPROVED_AMM_fee,36,25.88
IMPROVED_AMM_fee,37,24.23
IMPROVED_AMM_fee,38,26.96
IMPROVED_AMM_fee,39,27.24
IMPROVED_AMM_fee,40,24.63
IMPROVED_AMM_fee,41,27.89
IMPROVED_AMM_fee,42,27.83
IMPROVED_AMM_fee,43,27.32
IMPROVED_AMM_fee,44,24.89
IMPROVED_AMM_fee,46,24.91
IMPROVED_AMM_fee,47,27.06
IMPROVED_AMM_fee,45,25.58
IMPROVED_AMM_fee,48,26.28
IMPROVED_AMM_fee,49,24.5
IMPROVED_AMM_fee,50,27.46
IMPROVED_AMM_fee,51,26.0
IMPROVED_AMM_fee,52,26.7
IMPROVED_AMM_fee,54,26.38
IMPROVED_AMM_fee,53,26.44
IMPROVED_AMM_fee,55,26.44
IMPROVED_AMM_fee,56,27.93
IMPROVED_AMM_fee,57,29.12
IMPROVED_AMM_fee,60,26.51
IMPROVED_AMM_fee,59,26.82
IMPROVED_AMM_fee,58,26.75
IMPROVED_AMM_fee,61,22.82
IMPROVED_AMM_fee,62,26.31
IMPROVED_AMM_fee,63,26.19
IMPROVED_AMM_fee,64,27.78
IMPROVED_AMM_fee,65,24.24
IMPROVED_AMM_fee,66,26.31
IMPROVED_AMM_fee,67,27.59
IMPROVED_AMM_fee,68,26.08
IMPROVED_AMM_fee,72,27.45
IMPROVED_AMM_fee,69,25.76
IMPROVED_AMM_fee,73,26.39
IMPROVED_AMM_fee,70,27.07
IMPROVED_AMM_fee,71,29.14
IMPROVED_AMM_fee,74,26.65
IMPROVED_AMM_fee,75,28.22
IMPROVED_AMM_fee,76,26.51
IMPROVED_AMM_fee,77,25.95
IMPROVED_AMM_fee,78,27.0
IMPROVED_AMM_fee,79,28.48
IMPROVED_AMM_fee,80,25.04
IMPROVED_AMM_fee,81,26.14
IMPROVED_AMM_fee,82,28.66
IMPROVED_AMM_fee,84,26.62
IMPROVED_AMM_fee,83,27.53
IMPROVED_AMM_fee,85,27.64
IMPROVED_AMM_fee,86,24.6
IMPROVED_AMM_fee,87,26.67
IMPROVED_AMM_fee,89,25.75
IMPROVED_AMM_fee,88,26.57
IMPROVED_AMM_fee,90,27.24
IMPROVED_AMM_fee,91,25.75
IMPROVED_AMM_fee,92,25.77
IMPROVED_AMM_fee,94,27.16
IMPROVED_AMM_fee,93,27.51
IMPROVED_AMM_fee,95,26.19
IMPROVED_AMM_fee,96,26.74
IMPROVED_AMM_fee,97,26.83
IMPROVED_AMM_fee,98,27.13
IMPROVED_AMM_fee,99,27.09
IMPROVED_AMM_fee,100,27.08
IMPROVED_AMM_fee,102,26.25
IMPROVED_AMM_fee,101,27.17
IMPROVED_AMM_fee,103,25.69
IMPROVED_AMM_fee,104,27.74
IMPROVED_AMM_fee,105,27.74
IMPROVED_AMM_fee,106,26.56
IMPROVED_AMM_fee,107,26.49
IMPROVED_AMM_fee,108,26.13
IMPROVED_AMM_fee,109,27.59
IMPROVED_AMM_fee,110,27.82
IMPROVED_AMM_fee,111,27.57
IMPROVED_AMM_fee,112,27.06
IMPROVED_AMM_fee,113,27.57
IMPROVED_AMM_fee,114,25.63
IMPROVED_AMM_fee,115,24.83
IMPROVED_AMM_fee,117,27.24
IMPROVED_AMM_fee,116,27.62
IMPROVED_AMM_fee,118,27.09
IMPROVED_AMM_fee,119,26.61
IMPROVED_AMM_fee,120,25.45
IMPROVED_AMM_fee,121,26.37
IMPROVED_AMM_fee,122,26.81
IMPROVED_AMM_fee,124,26.5
IMPROVED_AMM_fee,123,28.51
IMPROVED_AMM_fee,126,25.88
IMPROVED_AMM_fee,125,27.21
IMPROVED_AMM_fee,127,27.24
IMPROVED_AMM_fee,128,25.47
IMPROVED_AMM_fee,129,27.24
IMPROVED_AMM_fee,130,27.59
IMPROVED_AMM_fee,131,28.13
IMPROVED_AMM_fee,132,25.17
IMPROVED_AMM_fee,133,27.25
IMPROVED_AMM_fee,134,26.54
IMPROVED_AMM_fee,135,27.02
IMPROVED_AMM_fee,136,26.97
IMPROVED_AMM_fee,138,25.28
IMPROVED_AMM_fee,137,27.61
IMPROVED_AMM_fee,139,26.63
IMPROVED_AMM_fee,140,26.73
IMPROVED_AMM_fee,141,25.82
IMPROVED_AMM_fee,142,26.49
IMPROVED_AMM_fee,143,27.22
IMPROVED_AMM_fee,144,24.86
IMPROVED_AMM_fee,145,25.51
IMPROVED_AMM_fee,147,26.67
IMPROVED_AMM_fee,148,26.33
IMPROVED_AMM_fee,146,25.34
IMPROVED_AMM_fee,149,26.04
IMPROVED_AMM_fee,150,27.32
IMPROVED_AMM_fee,151,26.37
IMPROVED_AMM_fee,153,27.26
IMPROVED_AMM_fee,152,27.81
IMPROVED_AMM_fee,154,26.21
IMPROVED_AMM_fee,155,25.94
IMPROVED_AMM_fee,156,27.45
IMPROVED_AMM_fee,158,28.28
IMPROVED_AMM_fee,157,24.39
IMPROVED_AMM_fee,160,25.85
IMPROVED_AMM_fee,159,28.26
IMPROVED_AMM_fee,161,26.12
IMPROVED_AMM_fee,163,25.23
IMPROVED_AMM_fee,162,27.43
IMPROVED_AMM_fee,164,24.87
IMPROVED_AMM_fee,166,25.74
IMPROVED_AMM_fee,165,26.66
IMPROVED_AMM_fee,167,26.67
IMPROVED_AMM_fee,168,27.52
IMPROVED_AMM_fee,169,26.01
IMPROVED_AMM_fee,170,28.05
IMPROVED_AMM_fee,171,26.43
IMPROVED_AMM_fee,172,26.28
IMPROVED_AMM_fee,173,26.25
IMPROVED_AMM_fee,174,27.44
IMPROVED_AMM_fee,175,25.47
IMPROVED_AMM_fee,179,26.92
IMPROVED_AMM_fee,177,24.33
IMPROVED_AMM_fee,178,25.8
IMPROVED_AMM_fee,176,26.36
IMPROVED_AMM_fee,180,26.6
IMPROVED_AMM_fee,181,25.65
IMPROVED_AMM_fee,182,26.0
IMPROVED_AMM_fee,183,29.91
IMPROVED_AMM_fee,184,27.19
IMPROVED_AMM_fee,186,26.22
IMPROVED_AMM_fee,185,27.83
IMPROVED_AMM_fee,188,27.28
IMPROVED_AMM_fee,187,27.6
IMPROVED_AMM_fee,190,26.35
IMPROVED_AMM_fee,191,26.65
IMPROVED_AMM_fee,189,28.71
IMPROVED_AMM_fee,192,25.54
IMPROVED_AMM_fee,194,26.87
IMPROVED_AMM_fee,193,27.31
IMPROVED_AMM_fee,196,26.38
IMPROVED_AMM_fee,195,26.9
IMPROVED_AMM_fee,197,28.26
IMPROVED_AMM_fee,198,26.36
IMPROVED_AMM_fee,199,29.01
IMPROVED_AMM_fee,201,27.5
IMPROVED_AMM_fee,202,25.91
IMPROVED_AMM_fee,200,27.65
IMPROVED_AMM_fee,204,26.66
IMPROVED_AMM_fee,205,28.93
IMPROVED_AMM_fee,203,24.16
IMPROVED_AMM_fee,207,27.08
IMPROVED_AMM_fee,206,25.59
IMPROVED_AMM_fee,208,26.56
IMPROVED_AMM_fee,209,28.28
IMPROVED_AMM_fee,210,26.28
IMPROVED_AMM_fee,211,26.08
IMPROVED_AMM_fee,212,27.17
IMPROVED_AMM_fee,216,28.9
IMPROVED_AMM_fee,213,26.3
IMPROVED_AMM_fee,214,27.04
IMPROVED_AMM_fee,215,26.73
IMPROVED_AMM_fee,217,29.0
IMPROVED_AMM_fee,218,26.13
IMPROVED_AMM_fee,219,28.59
IMPROVED_AMM_fee,220,26.04
IMPROVED_AMM_fee,221,26.03
IMPROVED_AMM_fee,222,25.53
IMPROVED_AMM_fee,223,26.81
IMPROVED_AMM_fee,224,27.07
IMPROVED_AMM_fee,225,26.69
IMPROVED_AMM_fee,228,25.81
IMPROVED_AMM_fee,229,25.02
IMPROVED_AMM_fee,226,25.68
IMPROVED_AMM_fee,227,27.09
IMPROVED_AMM_fee,230,28.03
IMPROVED_AMM_fee,231,26.32
IMPROVED_AMM_fee,232,28.64
IMPROVED_AMM_fee,233,26.47
IMPROVED_AMM_fee,234,25.06
IMPROVED_AMM_fee,235,24.62
IMPROVED_AMM_fee,237,24.99
IMPROVED_AMM_fee,236,24.96
IMPROVED_AMM_fee,238,26.69
IMPROVED_AMM_fee,241,26.06
IMPROVED_AMM_fee,239,27.12
IMPROVED_AMM_fee,240,25.27
IMPROVED_AMM_fee,242,26.44
IMPROVED_AMM_fee,243,24.41
IMPROVED_AMM_fee,244,26.39
IMPROVED_AMM_fee,245,26.93
IMPROVED_AMM_fee,246,26.21
IMPROVED_AMM_fee,247,26.95
IMPROVED_AMM_fee,248,27.42
IMPROVED_AMM_fee,249,27.29
IMPROVED_AMM_fee,250,29.7
IMPROVED_AMM_fee,251,28.22
IMPROVED_AMM_fee,252,25.08
IMPROVED_AMM_fee,253,29.32
IMPROVED_AMM_fee,254,27.68
IMPROVED_AMM_fee,255,25.3
IMPROVED_AMM_fee,256,25.97
IMPROVED_AMM_fee,257,26.76
IMPROVED_AMM_fee,258,27.32
IMPROVED_AMM_fee,259,26.43
IMPROVED_AMM_fee,260,27.73
IMPROVED_AMM_fee,261,25.31
IMPROVED_AMM_fee,263,27.2
IMPROVED_AMM_fee,262,26.24
IMPROVED_AMM_fee,264,27.62
IMPROVED_AMM_fee,267,24.49
IMPROVED_AMM_fee,266,26.21
IMPROVED_AMM_fee,265,25.69
IMPROVED_AMM_fee,270,26.85
IMPROVED_AMM_fee,269,26.32
IMPROVED_AMM_fee,268,28.15
IMPROVED_AMM_fee,271,27.72
IMPROVED_AMM_fee,273,26.62
IMPROVED_AMM_fee,272,25.62
IMPROVED_AMM_fee,274,26.42
IMPROVED_AMM_fee,275,24.64
IMPROVED_AMM_fee,276,25.38
IMPROVED_AMM_fee,277,25.38
IMPROVED_AMM_fee,278,25.54
IMPROVED_AMM_fee,279,26.7
IMPROVED_AMM_fee,280,24.09
IMPROVED_AMM_fee,281,28.9
IMPROVED_AMM_fee,283,26.64
IMPROVED_AMM_fee,282,27.46
IMPROVED_AMM_fee,284,28.52
IMPROVED_AMM_fee,285,26.03
IMPROVED_AMM_fee,286,27.34
IMPROVED_AMM_fee,287,25.85
IMPROVED_AMM_fee,288,27.67
IMPROVED_AMM_fee,289,27.15
IMPROVED_AMM_fee,290,25.29
IMPROVED_AMM_fee,292,27.56
IMPROVED_AMM_fee,293,26.29
IMPROVED_AMM_fee,294,25.47
IMPROVED_AMM_fee,291,25.12
IMPROVED_AMM_fee,296,24.88
IMPROVED_AMM_fee,295,26.53
IMPROVED_AMM_fee,297,26.77
IMPROVED_AMM_fee,298,27.32
IMPROVED_AMM_fee,299,26.85
IMPROVED_AMM_fee,300,26.84
IMPROVED_AMM_fee,302,28.79
IMPROVED_AMM_fee,301,26.37
IMPROVED_AMM_fee,303,27.74
IMPROVED_AMM_fee,304,27.97
IMPROVED_AMM_fee,306,26.69
IMPROVED_AMM_fee,307,25.33
IMPROVED_AMM_fee,305,24.64
IMPROVED_AMM_fee,308,26.31
IMPROVED_AMM_fee,309,25.5
IMPROVED_AMM_fee,310,27.5
IMPROVED_AMM_fee,311,26.71
IMPROVED_AMM_fee,312,26.01
IMPROVED_AMM_fee,313,28.17
IMPROVED_AMM_fee,315,28.72
IMPROVED_AMM_fee,314,25.97
IMPROVED_AMM_fee,316,27.66
IMPROVED_AMM_fee,317,25.8
IMPROVED_AMM_fee,319,28.12
IMPROVED_AMM_fee,320,27.36
IMPROVED_AMM_fee,318,25.27
IMPROVED_AMM_fee,321,26.96
IMPROVED_AMM_fee,322,27.1
IMPROVED_AMM_fee,323,27.98
IMPROVED_AMM_fee,324,27.36
IMPROVED_AMM_fee,325,25.26
IMPROVED_AMM_fee,328,25.57
IMPROVED_AMM_fee,326,27.28
IMPROVED_AMM_fee,327,25.75
IMPROVED_AMM_fee,329,26.38
IMPROVED_AMM_fee,330,29.32
IMPROVED_AMM_fee,331,25.86
IMPROVED_AMM_fee,332,24.91
IMPROVED_AMM_fee,333,25.36
IMPROVED_AMM_fee,334,28.3
IMPROVED_AMM_fee,335,27.03
IMPROVED_AMM_fee,336,25.77
IMPROVED_AMM_fee,337,26.56
IMPROVED_AMM_fee,338,26.24
IMPROVED_AMM_fee,339,25.03
IMPROVED_AMM_fee,341,26.92
IMPROVED_AMM_fee,340,26.87
IMPROVED_AMM_fee,342,25.57
IMPROVED_AMM_fee,344,25.93
IMPROVED_AMM_fee,343,25.88
IMPROVED_AMM_fee,346,27.94
IMPROVED_AMM_fee,345,28.79
IMPROVED_AMM_fee,347,29.37
IMPROVED_AMM_fee,348,27.46
IMPROVED_AMM_fee,349,27.87
IMPROVED_AMM_fee,350,26.47
IMPROVED_AMM_fee,351,26.39
IMPROVED_AMM_fee,352,26.27
IMPROVED_AMM_fee,354,26.38
IMPROVED_AMM_fee,353,27.66
IMPROVED_AMM_fee,355,29.22
IMPROVED_AMM_fee,357,25.98
IMPROVED_AMM_fee,356,27.32
IMPROVED_AMM_fee,358,26.41
IMPROVED_AMM_fee,359,26.41
IMPROVED_AMM_fee,360,25.9
IMPROVED_AMM_fee,361,26.21
IMPROVED_AMM_fee,362,25.79
IMPROVED_AMM_fee,363,27.01
IMPROVED_AMM_fee,365,26.21
IMPROVED_AMM_fee,364,25.4
IMPROVED_AMM_fee,367,26.35
IMPROVED_AMM_fee,366,26.24
IMPROVED_AMM_fee,368,27.56
IMPROVED_AMM_fee,369,25.86
IMPROVED_AMM_fee,370,25.32
IMPROVED_AMM_fee,371,25.91
IMPROVED_AMM_fee,372,26.91
IMPROVED_AMM_fee,374,26.21
IMPROVED_AMM_fee,373,24.51
IMPROVED_AMM_fee,375,26.1
IMPROVED_AMM_fee,376,28.65
IMPROVED_AMM_fee,379,25.49
IMPROVED_AMM_fee,377,27.63
IMPROVED_AMM_fee,378,25.2
IMPROVED_AMM_fee,380,25.89
IMPROVED_AMM_fee,381,26.11
IMPROVED_AMM_fee,382,28.26
IMPROVED_AMM_fee,383,27.06
IMPROVED_AMM_fee,384,25.34
IMPROVED_AMM_fee,385,27.6
IMPROVED_AMM_fee,386,25.49
IMPROVED_AMM_fee,387,25.53
IMPROVED_AMM_fee,388,25.09
IMPROVED_AMM_fee,390,27.11
IMPROVED_AMM_fee,389,25.88
IMPROVED_AMM_fee,391,27.07
IMPROVED_AMM_fee,392,26.86
IMPROVED_AMM_fee,393,26.81
IMPROVED_AMM_fee,395,23.89
IMPROVED_AMM_fee,394,25.1
IMPROVED_AMM_fee,396,26.66
IMPROVED_AMM_fee,397,27.74
IMPROVED_AMM_fee,398,26.0
IMPROVED_AMM_fee,399,27.01
IMPROVED_AMM_fee,400,26.27
IMPROVED_AMM_fee,401,26.53
IMPROVED_AMM_fee,404,27.55
IMPROVED_AMM_fee,403,26.23
IMPROVED_AMM_fee,402,26.77
IMPROVED_AMM_fee,406,28.06
IMPROVED_AMM_fee,405,25.76
IMPROVED_AMM_fee,408,25.65
IMPROVED_AMM_fee,407,25.72
IMPROVED_AMM_fee,409,26.27
IMPROVED_AMM_fee,410,28.32
IMPROVED_AMM_fee,411,25.72
IMPROVED_AMM_fee,412,26.04
IMPROVED_AMM_fee,413,26.07
IMPROVED_AMM_fee,414,26.78
IMPROVED_AMM_fee,415,25.23
IMPROVED_AMM_fee,417,26.56
IMPROVED_AMM_fee,416,27.48
IMPROVED_AMM_fee,418,25.67
IMPROVED_AMM_fee,419,26.37
IMPROVED_AMM_fee,421,26.0
IMPROVED_AMM_fee,420,26.5
IMPROVED_AMM_fee,422,27.07
IMPROVED_AMM_fee,423,26.58
IMPROVED_AMM_fee,424,27.3
IMPROVED_AMM_fee,425,26.82
IMPROVED_AMM_fee,427,26.26
IMPROVED_AMM_fee,426,28.2
IMPROVED_AMM_fee,428,25.55
IMPROVED_AMM_fee,429,27.28
IMPROVED_AMM_fee,430,27.55
IMPROVED_AMM_fee,431,25.84
IMPROVED_AMM_fee,432,27.59
IMPROVED_AMM_fee,434,27.57
IMPROVED_AMM_fee,433,26.33
IMPROVED_AMM_fee,435,29.66
IMPROVED_AMM_fee,437,27.78
IMPROVED_AMM_fee,436,25.18
IMPROVED_AMM_fee,438,27.1
IMPROVED_AMM_fee,440,26.63
IMPROVED_AMM_fee,439,25.34
IMPROVED_AMM_fee,441,27.8
IMPROVED_AMM_fee,443,27.44
IMPROVED_AMM_fee,442,26.53
IMPROVED_AMM_fee,444,25.16
IMPROVED_AMM_fee,445,26.77
IMPROVED_AMM_fee,446,24.93
IMPROVED_AMM_fee,447,26.27
IMPROVED_AMM_fee,448,26.57
IMPROVED_AMM_fee,450,26.35
IMPROVED_AMM_fee,449,27.05
IMPROVED_AMM_fee,451,24.62
IMPROVED_AMM_fee,453,27.1
IMPROVED_AMM_fee,452,25.56
IMPROVED_AMM_fee,454,26.27
IMPROVED_AMM_fee,455,24.28
IMPROVED_AMM_fee,456,25.99
IMPROVED_AMM_fee,458,26.11
IMPROVED_AMM_fee,457,28.0
IMPROVED_AMM_fee,459,26.84
IMPROVED_AMM_fee,460,25.23
IMPROVED_AMM_fee,461,25.52
IMPROVED_AMM_fee,462,25.97
IMPROVED_AMM_fee,463,26.27
IMPROVED_AMM_fee,464,28.76
IMPROVED_AMM_fee,465,27.45
IMPROVED_AMM_fee,466,26.04
IMPROVED_AMM_fee,467,28.8
IMPROVED_AMM_fee,468,26.52
IMPROVED_AMM_fee,469,26.74
IMPROVED_AMM_fee,470,26.81
IMPROVED_AMM_fee,471,27.06
IMPROVED_AMM_fee,472,29.69
IMPROVED_AMM_fee,473,25.08
IMPROVED_AMM_fee,474,27.1
IMPROVED_AMM_fee,475,26.57
IMPROVED_AMM_fee,476,27.5
IMPROVED_AMM_fee,477,24.76
IMPROVED_AMM_fee,478,27.66
IMPROVED_AMM_fee,479,25.95
IMPROVED_AMM_fee,481,25.98
IMPROVED_AMM_fee,480,26.78
IMPROVED_AMM_fee,482,26.72
IMPROVED_AMM_fee,483,27.6
IMPROVED_AMM_fee,484,27.28
IMPROVED_AMM_fee,485,28.71
IMPROVED_AMM_fee,486,26.87
IMPROVED_AMM_fee,487,26.33
IMPROVED_AMM_fee,489,26.28
IMPROVED_AMM_fee,490,27.13
IMPROVED_AMM_fee,488,26.97
IMPROVED_AMM_fee,491,25.29
IMPROVED_AMM_fee,492,26.14
IMPROVED_AMM_fee,493,28.18
IMPROVED_AMM_fee,494,25.73
IMPROVED_AMM_fee,495,26.33
IMPROVED_AMM_fee,496,27.7
IMPROVED_AMM_fee,497,29.71
IMPROVED_AMM_fee,498,25.65
IMPROVED_AMM_fee,499,26.39
IMPROVED_AMM_fee,500,24.52
IMPROVED_AMM_fee,501,24.56
IMPROVED_AMM_fee,502,28.15
IMPROVED_AMM_fee,503,26.7
IMPROVED_AMM_fee,504,26.37
IMPROVED_AMM_fee,505,26.68
IMPROVED_AMM_fee,506,25.97
IMPROVED_AMM_fee,507,26.9
IMPROVED_AMM_fee,508,27.5
IMPROVED_AMM_fee,510,27.51
IMPROVED_AMM_fee,509,25.88
IMPROVED_AMM_fee,511,26.48
IMPROVED_AMM_fee,512,24.94
IMPROVED_AMM_fee,513,27.2
IMPROVED_AMM_fee,514,27.59
IMPROVED_AMM_fee,515,27.5
IMPROVED_AMM_fee,516,25.68
IMPROVED_AMM_fee,517,26.43
IMPROVED_AMM_fee,518,26.48
IMPROVED_AMM_fee,519,26.84
IMPROVED_AMM_fee,520,26.54
IMPROVED_AMM_fee,522,26.54
IMPROVED_AMM_fee,521,27.05
IMPROVED_AMM_fee,523,26.87
IMPROVED_AMM_fee,524,27.92
IMPROVED_AMM_fee,525,27.4
IMPROVED_AMM_fee,526,26.21
IMPROVED_AMM_fee,528,25.86
IMPROVED_AMM_fee,527,27.0
IMPROVED_AMM_fee,530,27.56
IMPROVED_AMM_fee,529,26.67
IMPROVED_AMM_fee,533,27.34
IMPROVED_AMM_fee,532,28.68
IMPROVED_AMM_fee,531,25.82
IMPROVED_AMM_fee,535,24.73
IMPROVED_AMM_fee,534,26.5
IMPROVED_AMM_fee,536,27.53
IMPROVED_AMM_fee,537,27.92
IMPROVED_AMM_fee,538,25.46
IMPROVED_AMM_fee,539,26.54
IMPROVED_AMM_fee,541,26.95
IMPROVED_AMM_fee,540,25.5
IMPROVED_AMM_fee,542,25.9
IMPROVED_AMM_fee,543,28.66
IMPROVED_AMM_fee,544,25.05
IMPROVED_AMM_fee,545,26.16
IMPROVED_AMM_fee,546,28.29
IMPROVED_AMM_fee,548,25.09
IMPROVED_AMM_fee,547,25.23
IMPROVED_AMM_fee,549,26.8
IMPROVED_AMM_fee,550,28.36
IMPROVED_AMM_fee,551,26.24
IMPROVED_AMM_fee,552,26.07
IMPROVED_AMM_fee,553,27.0
IMPROVED_AMM_fee,554,25.75
IMPROVED_AMM_fee,555,26.37
IMPROVED_AMM_fee,556,26.19
IMPROVED_AMM_fee,559,25.96
IMPROVED_AMM_fee,558,27.31
IMPROVED_AMM_fee,557,28.18
IMPROVED_AMM_fee,561,25.47
IMPROVED_AMM_fee,562,26.02
IMPROVED_AMM_fee,560,27.15
IMPROVED_AMM_fee,563,26.65
IMPROVED_AMM_fee,565,26.86
IMPROVED_AMM_fee,566,26.4
IMPROVED_AMM_fee,564,24.76
IMPROVED_AMM_fee,567,26.94
IMPROVED_AMM_fee,569,25.15
IMPROVED_AMM_fee,572,26.51
IMPROVED_AMM_fee,568,29.04
IMPROVED_AMM_fee,570,28.45
IMPROVED_AMM_fee,571,25.92
IMPROVED_AMM_fee,573,25.73
IMPROVED_AMM_fee,575,26.16
IMPROVED_AMM_fee,574,26.92
IMPROVED_AMM_fee,576,26.24
IMPROVED_AMM_fee,577,27.74
IMPROVED_AMM_fee,578,29.39
IMPROVED_AMM_fee,579,24.48
IMPROVED_AMM_fee,580,28.07
IMPROVED_AMM_fee,583,25.11
IMPROVED_AMM_fee,581,25.14
IMPROVED_AMM_fee,584,26.26
IMPROVED_AMM_fee,582,26.16
IMPROVED_AMM_fee,585,25.61
IMPROVED_AMM_fee,586,28.16
IMPROVED_AMM_fee,588,27.46
IMPROVED_AMM_fee,587,26.06
IMPROVED_AMM_fee,589,26.39
IMPROVED_AMM_fee,590,26.63
IMPROVED_AMM_fee,592,25.74
IMPROVED_AMM_fee,591,25.2
IMPROVED_AMM_fee,593,26.46
IMPROVED_AMM_fee,594,25.65
IMPROVED_AMM_fee,596,25.94
IMPROVED_AMM_fee,598,26.6
IMPROVED_AMM_fee,595,27.06
IMPROVED_AMM_fee,597,25.8
IMPROVED_AMM_fee,599,25.44
IMPROVED_AMM_fee,600,25.97
IMPROVED_AMM_fee,601,25.18
IMPROVED_AMM_fee,602,26.08
IMPROVED_AMM_fee,603,26.5
IMPROVED_AMM_fee,604,27.33
IMPROVED_AMM_fee,605,25.41
IMPROVED_AMM_fee,606,26.08
IMPROVED_AMM_fee,607,27.57
IMPROVED_AMM_fee,608,25.91
IMPROVED_AMM_fee,609,25.2
IMPROVED_AMM_fee,610,27.84
IMPROVED_AMM_fee,611,26.86
IMPROVED_AMM_fee,612,25.71
IMPROVED_AMM_fee,613,26.11
IMPROVED_AMM_fee,614,26.35
IMPROVED_AMM_fee,615,26.01
IMPROVED_AMM_fee,616,26.62
IMPROVED_AMM_fee,618,27.96
IMPROVED_AMM_fee,617,25.39
IMPROVED_AMM_fee,619,28.3
IMPROVED_AMM_fee,622,25.28
IMPROVED_AMM_fee,620,28.93
IMPROVED_AMM_fee,621,26.98
IMPROVED_AMM_fee,623,27.78
IMPROVED_AMM_fee,624,26.02
IMPROVED_AMM_fee,625,26.96
IMPROVED_AMM_fee,626,26.49
IMPROVED_AMM_fee,627,25.31
IMPROVED_AMM_fee,628,26.16
IMPROVED_AMM_fee,629,24.34
IMPROVED_AMM_fee,630,27.62
IMPROVED_AMM_fee,631,27.91
IMPROVED_AMM_fee,632,27.86
IMPROVED_AMM_fee,633,26.86
IMPROVED_AMM_fee,635,25.38
IMPROVED_AMM_fee,634,27.62
IMPROVED_AMM_fee,636,27.02
IMPROVED_AMM_fee,638,26.09
IMPROVED_AMM_fee,637,27.75
IMPROVED_AMM_fee,639,28.01
IMPROVED_AMM_fee,640,25.86
IMPROVED_AMM_fee,641,27.06
IMPROVED_AMM_fee,642,24.02
IMPROVED_AMM_fee,643,25.78
IMPROVED_AMM_fee,644,28.3
IMPROVED_AMM_fee,645,24.79
IMPROVED_AMM_fee,646,26.45
IMPROVED_AMM_fee,647,26.24
IMPROVED_AMM_fee,648,27.37
IMPROVED_AMM_fee,649,25.96
IMPROVED_AMM_fee,651,26.79
IMPROVED_AMM_fee,650,26.71
IMPROVED_AMM_fee,653,26.3
IMPROVED_AMM_fee,652,27.01
IMPROVED_AMM_fee,654,27.73
IMPROVED_AMM_fee,655,24.93
IMPROVED_AMM_fee,656,25.32
IMPROVED_AMM_fee,657,25.12
IMPROVED_AMM_fee,658,27.21
IMPROVED_AMM_fee,659,26.93
IMPROVED_AMM_fee,660,26.71
IMPROVED_AMM_fee,661,26.16
IMPROVED_AMM_fee,663,27.39
IMPROVED_AMM_fee,662,28.63
IMPROVED_AMM_fee,664,27.03
IMPROVED_AMM_fee,666,24.58
IMPROVED_AMM_fee,665,26.6
IMPROVED_AMM_fee,667,24.33
IMPROVED_AMM_fee,668,25.25
IMPROVED_AMM_fee,669,25.15
IMPROVED_AMM_fee,670,26.34
IMPROVED_AMM_fee,671,27.72
IMPROVED_AMM_fee,673,27.8
IMPROVED_AMM_fee,672,27.61
IMPROVED_AMM_fee,676,26.98
IMPROVED_AMM_fee,674,27.27
IMPROVED_AMM_fee,675,26.77
IMPROVED_AMM_fee,677,26.64
IMPROVED_AMM_fee,678,24.98
IMPROVED_AMM_fee,680,25.85
IMPROVED_AMM_fee,679,26.02
IMPROVED_AMM_fee,681,28.32
IMPROVED_AMM_fee,682,25.19
IMPROVED_AMM_fee,684,26.33
IMPROVED_AMM_fee,683,26.41
IMPROVED_AMM_fee,686,25.65
IMPROVED_AMM_fee,685,26.47
IMPROVED_AMM_fee,688,26.93
IMPROVED_AMM_fee,689,27.52
IMPROVED_AMM_fee,687,24.69
IMPROVED_AMM_fee,690,29.12
IMPROVED_AMM_fee,691,28.47
IMPROVED_AMM_fee,693,27.96
IMPROVED_AMM_fee,692,27.76
IMPROVED_AMM_fee,694,26.48
IMPROVED_AMM_fee,695,25.77
IMPROVED_AMM_fee,696,26.25
IMPROVED_AMM_fee,697,26.09
IMPROVED_AMM_fee,698,24.49
IMPROVED_AMM_fee,699,25.3
IMPROVED_AMM_fee,702,27.38
IMPROVED_AMM_fee,700,27.4
IMPROVED_AMM_fee,701,27.34
IMPROVED_AMM_fee,703,27.47
IMPROVED_AMM_fee,704,27.89
IMPROVED_AMM_fee,706,27.72
IMPROVED_AMM_fee,705,24.98
IMPROVED_AMM_fee,707,25.61
IMPROVED_AMM_fee,708,26.79
IMPROVED_AMM_fee,709,26.03
IMPROVED_AMM_fee,710,25.84
IMPROVED_AMM_fee,711,27.97
IMPROVED_AMM_fee,712,25.38
IMPROVED_AMM_fee,713,28.49
IMPROVED_AMM_fee,714,27.94
IMPROVED_AMM_fee,715,26.72
IMPROVED_AMM_fee,716,24.35
IMPROVED_AMM_fee,717,26.82
IMPROVED_AMM_fee,718,27.96
IMPROVED_AMM_fee,719,26.86
IMPROVED_AMM_fee,720,26.1
IMPROVED_AMM_fee,721,26.97
IMPROVED_AMM_fee,722,27.06
IMPROVED_AMM_fee,723,26.06
IMPROVED_AMM_fee,724,25.33
IMPROVED_AMM_fee,725,25.63
IMPROVED_AMM_fee,726,25.14
IMPROVED_AMM_fee,727,26.19
IMPROVED_AMM_fee,728,25.92
IMPROVED_AMM_fee,729,26.54
IMPROVED_AMM_fee,730,26.16
IMPROVED_AMM_fee,731,28.32
IMPROVED_AMM_fee,732,26.18
IMPROVED_AMM_fee,734,26.11
IMPROVED_AMM_fee,733,27.53
IMPROVED_AMM_fee,735,26.25
IMPROVED_AMM_fee,736,28.01
IMPROVED_AMM_fee,737,28.78
IMPROVED_AMM_fee,738,26.04
IMPROVED_AMM_fee,741,27.54
IMPROVED_AMM_fee,739,26.51
IMPROVED_AMM_fee,740,26.34
IMPROVED_AMM_fee,742,25.73
IMPROVED_AMM_fee,743,27.5
IMPROVED_AMM_fee,745,25.73
IMPROVED_AMM_fee,744,25.66
IMPROVED_AMM_fee,746,26.26
IMPROVED_AMM_fee,747,24.97
IMPROVED_AMM_fee,748,28.06
IMPROVED_AMM_fee,749,26.88
IMPROVED_AMM_fee,750,28.62
IMPROVED_AMM_fee,751,26.43
IMPROVED_AMM_fee,752,26.7
IMPROVED_AMM_fee,753,27.5
IMPROVED_AMM_fee,755,25.38
IMPROVED_AMM_fee,754,24.99
IMPROVED_AMM_fee,756,26.62
IMPROVED_AMM_fee,757,26.56
IMPROVED_AMM_fee,758,27.4
IMPROVED_AMM_fee,760,25.95
IMPROVED_AMM_fee,759,26.29
IMPROVED_AMM_fee,761,26.89
IMPROVED_AMM_fee,762,25.97
IMPROVED_AMM_fee,763,23.96
IMPROVED_AMM_fee,764,25.56
IMPROVED_AMM_fee,766,26.96
IMPROVED_AMM_fee,765,26.7
IMPROVED_AMM_fee,768,26.59
IMPROVED_AMM_fee,767,28.66
IMPROVED_AMM_fee,769,28.07
IMPROVED_AMM_fee,770,24.54
IMPROVED_AMM_fee,771,28.09
IMPROVED_AMM_fee,773,24.78
IMPROVED_AMM_fee,772,26.42
IMPROVED_AMM_fee,776,27.14
IMPROVED_AMM_fee,774,29.23
IMPROVED_AMM_fee,775,28.21
IMPROVED_AMM_fee,777,26.79
IMPROVED_AMM_fee,778,26.94
IMPROVED_AMM_fee,780,27.59
IMPROVED_AMM_fee,779,27.84
IMPROVED_AMM_fee,781,25.49
IMPROVED_AMM_fee,782,25.99
IMPROVED_AMM_fee,783,25.42
IMPROVED_AMM_fee,784,26.33
IMPROVED_AMM_fee,785,26.71
IMPROVED_AMM_fee,786,25.65
IMPROVED_AMM_fee,788,28.81
IMPROVED_AMM_fee,787,25.98
IMPROVED_AMM_fee,789,24.02
IMPROVED_AMM_fee,790,27.1
IMPROVED_AMM_fee,792,23.34
IMPROVED_AMM_fee,791,26.19
IMPROVED_AMM_fee,793,27.17
IMPROVED_AMM_fee,794,26.61
IMPROVED_AMM_fee,795,26.42
IMPROVED_AMM_fee,796,27.47
IMPROVED_AMM_fee,799,27.08
IMPROVED_AMM_fee,797,27.19
IMPROVED_AMM_fee,798,28.28
IMPROVED_AMM_fee,801,27.24
IMPROVED_AMM_fee,800,27.17
IMPROVED_AMM_fee,802,26.45
IMPROVED_AMM_fee,803,28.09
IMPROVED_AMM_fee,805,26.1
IMPROVED_AMM_fee,804,27.08
IMPROVED_AMM_fee,806,27.7
IMPROVED_AMM_fee,807,25.91
IMPROVED_AMM_fee,808,27.32
IMPROVED_AMM_fee,810,26.52
IMPROVED_AMM_fee,809,27.49
IMPROVED_AMM_fee,811,27.51
IMPROVED_AMM_fee,812,26.7
IMPROVED_AMM_fee,814,28.21
IMPROVED_AMM_fee,813,28.23
IMPROVED_AMM_fee,815,25.67
IMPROVED_AMM_fee,819,27.16
IMPROVED_AMM_fee,816,27.54
IMPROVED_AMM_fee,818,27.39
IMPROVED_AMM_fee,817,27.65
IMPROVED_AMM_fee,820,26.44
IMPROVED_AMM_fee,821,24.38
IMPROVED_AMM_fee,823,26.82
IMPROVED_AMM_fee,822,25.58
IMPROVED_AMM_fee,824,28.66
IMPROVED_AMM_fee,825,26.24
IMPROVED_AMM_fee,826,25.99
IMPROVED_AMM_fee,827,26.05
IMPROVED_AMM_fee,828,24.78
IMPROVED_AMM_fee,829,25.66
IMPROVED_AMM_fee,832,25.54
IMPROVED_AMM_fee,831,26.14
IMPROVED_AMM_fee,830,27.47
IMPROVED_AMM_fee,834,26.28
IMPROVED_AMM_fee,833,27.18
IMPROVED_AMM_fee,836,26.19
IMPROVED_AMM_fee,835,26.6
IMPROVED_AMM_fee,837,26.37
IMPROVED_AMM_fee,838,25.38
IMPROVED_AMM_fee,839,25.91
IMPROVED_AMM_fee,840,25.56
IMPROVED_AMM_fee,841,26.91
IMPROVED_AMM_fee,842,28.42
IMPROVED_AMM_fee,843,27.37
IMPROVED_AMM_fee,845,27.17
IMPROVED_AMM_fee,844,26.29
IMPROVED_AMM_fee,847,25.92
IMPROVED_AMM_fee,846,27.52
IMPROVED_AMM_fee,848,26.09
IMPROVED_AMM_fee,850,26.73
IMPROVED_AMM_fee,849,28.18
IMPROVED_AMM_fee,851,26.1
IMPROVED_AMM_fee,852,24.91
IMPROVED_AMM_fee,853,26.26
IMPROVED_AMM_fee,854,28.93
IMPROVED_AMM_fee,855,28.51
IMPROVED_AMM_fee,859,26.3
IMPROVED_AMM_fee,857,27.8
IMPROVED_AMM_fee,856,28.32
IMPROVED_AMM_fee,858,25.76
IMPROVED_AMM_fee,860,28.11
IMPROVED_AMM_fee,862,28.26
IMPROVED_AMM_fee,863,26.41
IMPROVED_AMM_fee,861,26.59
IMPROVED_AMM_fee,864,26.05
IMPROVED_AMM_fee,866,27.18
IMPROVED_AMM_fee,865,24.96
IMPROVED_AMM_fee,867,27.65
IMPROVED_AMM_fee,869,27.0
IMPROVED_AMM_fee,871,26.39
IMPROVED_AMM_fee,868,27.91
IMPROVED_AMM_fee,870,28.27
IMPROVED_AMM_fee,872,27.0
IMPROVED_AMM_fee,873,26.93
IMPROVED_AMM_fee,874,25.69
IMPROVED_AMM_fee,875,25.57
IMPROVED_AMM_fee,876,26.4
IMPROVED_AMM_fee,877,28.47
IMPROVED_AMM_fee,878,26.42
IMPROVED_AMM_fee,879,26.34
IMPROVED_AMM_fee,880,23.61
IMPROVED_AMM_fee,881,28.0
IMPROVED_AMM_fee,883,26.4
IMPROVED_AMM_fee,882,25.11
IMPROVED_AMM_fee,884,26.78
IMPROVED_AMM_fee,885,27.67
IMPROVED_AMM_fee,886,28.46
IMPROVED_AMM_fee,887,26.87
IMPROVED_AMM_fee,889,26.13
IMPROVED_AMM_fee,888,28.55
IMPROVED_AMM_fee,890,24.84
IMPROVED_AMM_fee,891,26.06
IMPROVED_AMM_fee,892,27.11
IMPROVED_AMM_fee,895,26.22
IMPROVED_AMM_fee,893,26.48
IMPROVED_AMM_fee,894,27.04
IMPROVED_AMM_fee,897,26.18
IMPROVED_AMM_fee,896,26.73
IMPROVED_AMM_fee,898,26.76
IMPROVED_AMM_fee,900,24.58
IMPROVED_AMM_fee,899,27.12
IMPROVED_AMM_fee,901,25.91
IMPROVED_AMM_fee,903,26.03
IMPROVED_AMM_fee,902,27.06
IMPROVED_AMM_fee,905,24.0
IMPROVED_AMM_fee,904,26.15
IMPROVED_AMM_fee,906,27.58
IMPROVED_AMM_fee,907,27.46
IMPROVED_AMM_fee,908,27.38
IMPROVED_AMM_fee,909,26.58
IMPROVED_AMM_fee,911,26.83
IMPROVED_AMM_fee,910,26.42
IMPROVED_AMM_fee,913,26.34
IMPROVED_AMM_fee,912,27.68
IMPROVED_AMM_fee,914,28.25
IMPROVED_AMM_fee,915,26.7
IMPROVED_AMM_fee,916,26.14
IMPROVED_AMM_fee,918,28.58
IMPROVED_AMM_fee,917,25.94
IMPROVED_AMM_fee,919,26.26
IMPROVED_AMM_fee,920,28.58
IMPROVED_AMM_fee,921,26.75
IMPROVED_AMM_fee,922,27.41
IMPROVED_AMM_fee,924,29.34
IMPROVED_AMM_fee,923,26.42
IMPROVED_AMM_fee,925,26.31
IMPROVED_AMM_fee,926,25.23
IMPROVED_AMM_fee,927,26.65
IMPROVED_AMM_fee,928,23.57
IMPROVED_AMM_fee,929,27.46
IMPROVED_AMM_fee,930,28.95
IMPROVED_AMM_fee,932,26.57
IMPROVED_AMM_fee,931,26.5
IMPROVED_AMM_fee,933,28.39
IMPROVED_AMM_fee,934,26.04
IMPROVED_AMM_fee,936,26.74
IMPROVED_AMM_fee,935,26.56
IMPROVED_AMM_fee,937,27.37
IMPROVED_AMM_fee,938,26.18
IMPROVED_AMM_fee,939,28.23
IMPROVED_AMM_fee,940,25.52
IMPROVED_AMM_fee,941,26.07
IMPROVED_AMM_fee,942,26.06
IMPROVED_AMM_fee,943,25.59
IMPROVED_AMM_fee,944,25.99
IMPROVED_AMM_fee,945,27.21
IMPROVED_AMM_fee,946,26.89
IMPROVED_AMM_fee,947,25.86
IMPROVED_AMM_fee,950,25.1
IMPROVED_AMM_fee,948,26.39
IMPROVED_AMM_fee,951,26.83
IMPROVED_AMM_fee,949,27.24
IMPROVED_AMM_fee,952,26.9
IMPROVED_AMM_fee,953,26.52
IMPROVED_AMM_fee,954,25.07
IMPROVED_AMM_fee,955,26.08
IMPROVED_AMM_fee,956,27.11
IMPROVED_AMM_fee,957,26.5
IMPROVED_AMM_fee,958,24.37
IMPROVED_AMM_fee,960,25.91
IMPROVED_AMM_fee,959,23.82
IMPROVED_AMM_fee,961,26.65
IMPROVED_AMM_fee,962,27.78
IMPROVED_AMM_fee,963,25.74
IMPROVED_AMM_fee,964,26.71
IMPROVED_AMM_fee,966,24.15
IMPROVED_AMM_fee,965,25.78
IMPROVED_AMM_fee,967,27.16
IMPROVED_AMM_fee,968,23.68
IMPROVED_AMM_fee,969,26.5
IMPROVED_AMM_fee,970,27.25
IMPROVED_AMM_fee,972,26.99
IMPROVED_AMM_fee,971,25.0
IMPROVED_AMM_fee,973,27.78
IMPROVED_AMM_fee,974,25.42
IMPROVED_AMM_fee,975,25.71
IMPROVED_AMM_fee,976,27.35
IMPROVED_AMM_fee,977,26.81
IMPROVED_AMM_fee,978,26.35
IMPROVED_AMM_fee,980,27.64
IMPROVED_AMM_fee,979,24.91
IMPROVED_AMM_fee,982,27.86
IMPROVED_AMM_fee,981,26.72
IMPROVED_AMM_fee,983,28.34
IMPROVED_AMM_fee,984,26.08
IMPROVED_AMM_fee,985,26.3
IMPROVED_AMM_fee,986,25.24
IMPROVED_AMM_fee,987,27.04
IMPROVED_AMM_fee,988,25.78
IMPROVED_AMM_fee,990,26.07
IMPROVED_AMM_fee,989,27.89
IMPROVED_AMM_fee,991,26.55
IMPROVED_AMM_fee,992,26.48
IMPROVED_AMM_fee,993,27.99
IMPROVED_AMM_fee,995,27.62
IMPROVED_AMM_fee,994,28.15
IMPROVED_AMM_fee,996,25.31
IMPROVED_AMM_fee,997,27.11
IMPROVED_AMM_fee,998,23.93
IMPROVED_AMM_fee,999,25.2
IMPROVED_OB_fee,0,32.24
IMPROVED_OB_fee,1,32.12
IMPROVED_OB_fee,2,31.7
IMPROVED_OB_fee,3,31.66
IMPROVED_OB_fee,5,31.98
IMPROVED_OB_fee,4,32.15
IMPROVED_OB_fee,6,32.08
IMPROVED_OB_fee,8,31.77
IMPROVED_OB_fee,7,32.36
IMPROVED_OB_fee,10,32.33
IMPROVED_OB_fee,12,31.89
IMPROVED_OB_fee,9,32.22
IMPROVED_OB_fee,11,32.3
IMPROVED_OB_fee,13,32.29
IMPROVED_OB_fee,15,31.84
IMPROVED_OB_fee,14,31.68
IMPROVED_OB_fee,16,32.2
IMPROVED_OB_fee,17,31.93
IMPROVED_OB_fee,18,32.18
IMPROVED_OB_fee,19,31.79
IMPROVED_OB_fee,20,32.17
IMPROVED_OB_fee,21,31.95
IMPROVED_OB_fee,24,31.33
IMPROVED_OB_fee,23,31.61
IMPROVED_OB_fee,22,31.87
IMPROVED_OB_fee,25,32.22
IMPROVED_OB_fee,28,32.06
IMPROVED_OB_fee,26,31.69
IMPROVED_OB_fee,27,31.71
IMPROVED_OB_fee,29,32.56
IMPROVED_OB_fee,30,32.13
IMPROVED_OB_fee,32,32.02
IMPROVED_OB_fee,31,32.63
IMPROVED_OB_fee,34,31.84
IMPROVED_OB_fee,33,32.76
IMPROVED_OB_fee,36,32.14
IMPROVED_OB_fee,38,32.18
IMPROVED_OB_fee,35,31.5
IMPROVED_OB_fee,37,32.17
IMPROVED_OB_fee,39,32.1
IMPROVED_OB_fee,41,32.13
IMPROVED_OB_fee,40,31.89
IMPROVED_OB_fee,42,32.0
IMPROVED_OB_fee,45,32.23
IMPROVED_OB_fee,43,32.29
IMPROVED_OB_fee,44,32.03
IMPROVED_OB_fee,47,32.26
IMPROVED_OB_fee,46,32.05
IMPROVED_OB_fee,48,31.93
IMPROVED_OB_fee,50,32.12
IMPROVED_OB_fee,49,32.25
IMPROVED_OB_fee,51,31.97
IMPROVED_OB_fee,53,32.06
IMPROVED_OB_fee,52,32.16
IMPROVED_OB_fee,54,31.8
IMPROVED_OB_fee,55,32.03
IMPROVED_OB_fee,56,31.73
IMPROVED_OB_fee,58,31.8
IMPROVED_OB_fee,57,32.04
IMPROVED_OB_fee,60,31.91
IMPROVED_OB_fee,59,32.23
IMPROVED_OB_fee,61,31.73
IMPROVED_OB_fee,62,32.1
IMPROVED_OB_fee,63,31.95
IMPROVED_OB_fee,64,32.11
IMPROVED_OB_fee,65,31.49
IMPROVED_OB_fee,66,32.02
IMPROVED_OB_fee,67,31.55
IMPROVED_OB_fee,68,31.8
IMPROVED_OB_fee,71,32.36
IMPROVED_OB_fee,70,31.53
IMPROVED_OB_fee,69,32.13
IMPROVED_OB_fee,72,32.36
IMPROVED_OB_fee,73,31.69
IMPROVED_OB_fee,75,32.16
IMPROVED_OB_fee,76,32.27
IMPROVED_OB_fee,77,31.52
IMPROVED_OB_fee,74,31.8
IMPROVED_OB_fee,79,32.32
IMPROVED_OB_fee,78,32.15
IMPROVED_OB_fee,80,32.02
IMPROVED_OB_fee,81,32.08
IMPROVED_OB_fee,82,32.32
IMPROVED_OB_fee,84,31.71
IMPROVED_OB_fee,83,32.15
IMPROVED_OB_fee,86,32.06
IMPROVED_OB_fee,85,32.18
IMPROVED_OB_fee,87,32.35
IMPROVED_OB_fee,88,32.18
IMPROVED_OB_fee,89,31.99
IMPROVED_OB_fee,90,32.41
IMPROVED_OB_fee,93,32.34
IMPROVED_OB_fee,91,31.88
IMPROVED_OB_fee,92,31.77
IMPROVED_OB_fee,94,32.09
IMPROVED_OB_fee,96,31.65
IMPROVED_OB_fee,95,32.17
IMPROVED_OB_fee,97,32.11
IMPROVED_OB_fee,98,31.94
IMPROVED_OB_fee,99,32.34
IMPROVED_OB_fee,100,32.15
IMPROVED_OB_fee,102,32.54
IMPROVED_OB_fee,104,32.21
IMPROVED_OB_fee,103,31.84
IMPROVED_OB_fee,101,32.38
IMPROVED_OB_fee,105,31.69
IMPROVED_OB_fee,106,32.37
IMPROVED_OB_fee,107,31.48
IMPROVED_OB_fee,109,32.05
IMPROVED_OB_fee,108,31.62
IMPROVED_OB_fee,110,32.83
IMPROVED_OB_fee,111,31.87
IMPROVED_OB_fee,112,32.0
IMPROVED_OB_fee,113,32.28
IMPROVED_OB_fee,114,32.13
IMPROVED_OB_fee,117,31.88
IMPROVED_OB_fee,118,32.14
IMPROVED_OB_fee,116,31.95
IMPROVED_OB_fee,115,32.08
IMPROVED_OB_fee,119,31.74
IMPROVED_OB_fee,120,32.36
IMPROVED_OB_fee,121,31.9
IMPROVED_OB_fee,123,32.11
IMPROVED_OB_fee,122,32.29
IMPROVED_OB_fee,125,31.84
IMPROVED_OB_fee,124,32.28
IMPROVED_OB_fee,126,31.83
IMPROVED_OB_fee,130,31.91
IMPROVED_OB_fee,128,32.1
IMPROVED_OB_fee,129,32.3
IMPROVED_OB_fee,127,32.24
IMPROVED_OB_fee,131,31.75
IMPROVED_OB_fee,132,31.81
IMPROVED_OB_fee,133,32.32
IMPROVED_OB_fee,134,31.84
IMPROVED_OB_fee,135,31.97
IMPROVED_OB_fee,136,31.81
IMPROVED_OB_fee,137,31.39
IMPROVED_OB_fee,138,32.38
IMPROVED_OB_fee,139,32.44
IMPROVED_OB_fee,141,31.99
IMPROVED_OB_fee,142,31.96
IMPROVED_OB_fee,143,31.94
IMPROVED_OB_fee,140,32.52
IMPROVED_OB_fee,145,32.0
IMPROVED_OB_fee,144,31.98
IMPROVED_OB_fee,146,32.06
IMPROVED_OB_fee,147,32.28
IMPROVED_OB_fee,148,32.18
IMPROVED_OB_fee,151,32.06
IMPROVED_OB_fee,150,32.06
IMPROVED_OB_fee,149,31.76
IMPROVED_OB_fee,152,31.61
IMPROVED_OB_fee,153,31.89
IMPROVED_OB_fee,154,32.26
IMPROVED_OB_fee,158,32.37
IMPROVED_OB_fee,157,31.66
IMPROVED_OB_fee,156,32.34
IMPROVED_OB_fee,155,32.37
IMPROVED_OB_fee,159,32.43
IMPROVED_OB_fee,160,32.19
IMPROVED_OB_fee,161,31.76
IMPROVED_OB_fee,162,31.9
IMPROVED_OB_fee,164,32.05
IMPROVED_OB_fee,163,32.2
IMPROVED_OB_fee,165,32.3
IMPROVED_OB_fee,167,31.94
IMPROVED_OB_fee,168,31.62
IMPROVED_OB_fee,169,31.89
IMPROVED_OB_fee,170,31.96
IMPROVED_OB_fee,166,31.98
IMPROVED_OB_fee,171,31.96
IMPROVED_OB_fee,172,32.19
IMPROVED_OB_fee,173,31.89
IMPROVED_OB_fee,174,32.07
IMPROVED_OB_fee,175,31.77
IMPROVED_OB_fee,176,31.61
IMPROVED_OB_fee,177,31.89
IMPROVED_OB_fee,178,31.99
IMPROVED_OB_fee,179,31.79
IMPROVED_OB_fee,181,32.13
IMPROVED_OB_fee,182,32.22
IMPROVED_OB_fee,180,32.07
IMPROVED_OB_fee,183,32.44
IMPROVED_OB_fee,184,32.2
IMPROVED_OB_fee,185,32.14
IMPROVED_OB_fee,186,31.95
IMPROVED_OB_fee,187,32.12
IMPROVED_OB_fee,189,32.16
IMPROVED_OB_fee,188,32.2
IMPROVED_OB_fee,190,32.16
IMPROVED_OB_fee,191,32.14
IMPROVED_OB_fee,193,32.15
IMPROVED_OB_fee,194,32.38
IMPROVED_OB_fee,192,31.52
IMPROVED_OB_fee,196,31.59
IMPROVED_OB_fee,195,31.96
IMPROVED_OB_fee,197,32.15
IMPROVED_OB_fee,198,31.88
IMPROVED_OB_fee,199,32.46
IMPROVED_OB_fee,200,32.22
IMPROVED_OB_fee,201,32.07
IMPROVED_OB_fee,202,32.3
IMPROVED_OB_fee,203,31.87
IMPROVED_OB_fee,204,31.66
IMPROVED_OB_fee,206,31.82
IMPROVED_OB_fee,205,32.27
IMPROVED_OB_fee,207,32.24
IMPROVED_OB_fee,208,32.01
IMPROVED_OB_fee,209,32.42
IMPROVED_OB_fee,210,32.25
IMPROVED_OB_fee,211,32.07
IMPROVED_OB_fee,212,31.93
IMPROVED_OB_fee,213,31.83
IMPROVED_OB_fee,214,31.99
IMPROVED_OB_fee,215,32.15
IMPROVED_OB_fee,216,32.34
IMPROVED_OB_fee,217,32.4
IMPROVED_OB_fee,219,32.18
IMPROVED_OB_fee,218,31.91
IMPROVED_OB_fee,222,32.19
IMPROVED_OB_fee,220,32.36
IMPROVED_OB_fee,221,32.09
IMPROVED_OB_fee,223,31.83
IMPROVED_OB_fee,224,32.38
IMPROVED_OB_fee,225,31.96
IMPROVED_OB_fee,226,32.01
IMPROVED_OB_fee,228,31.86
IMPROVED_OB_fee,227,32.03
IMPROVED_OB_fee,230,32.08
IMPROVED_OB_fee,229,32.03
IMPROVED_OB_fee,231,31.73
IMPROVED_OB_fee,232,32.2
IMPROVED_OB_fee,233,31.84
IMPROVED_OB_fee,234,31.89
IMPROVED_OB_fee,235,31.94
IMPROVED_OB_fee,236,31.61
IMPROVED_OB_fee,238,31.91
IMPROVED_OB_fee,237,32.07
IMPROVED_OB_fee,239,32.24
IMPROVED_OB_fee,240,31.84
IMPROVED_OB_fee,241,32.01
IMPROVED_OB_fee,242,31.28
IMPROVED_OB_fee,243,31.78
IMPROVED_OB_fee,245,32.07
IMPROVED_OB_fee,244,32.1
IMPROVED_OB_fee,246,31.92
IMPROVED_OB_fee,248,31.7
IMPROVED_OB_fee,247,32.06
IMPROVED_OB_fee,249,31.89
IMPROVED_OB_fee,251,32.07
IMPROVED_OB_fee,250,31.84
IMPROVED_OB_fee,252,31.91
IMPROVED_OB_fee,255,32.1
IMPROVED_OB_fee,254,32.39
IMPROVED_OB_fee,256,32.14
IMPROVED_OB_fee,253,32.02
IMPROVED_OB_fee,258,32.31
IMPROVED_OB_fee,257,31.94
IMPROVED_OB_fee,260,32.0
IMPROVED_OB_fee,259,31.95
IMPROVED_OB_fee,261,32.46
IMPROVED_OB_fee,263,31.76
IMPROVED_OB_fee,266,31.71
IMPROVED_OB_fee,262,31.91
IMPROVED_OB_fee,264,32.53
IMPROVED_OB_fee,265,31.45
IMPROVED_OB_fee,268,32.08
IMPROVED_OB_fee,267,31.99
IMPROVED_OB_fee,269,31.76
IMPROVED_OB_fee,270,32.59
IMPROVED_OB_fee,271,32.55
IMPROVED_OB_fee,273,31.7
IMPROVED_OB_fee,272,31.9
IMPROVED_OB_fee,274,31.75
IMPROVED_OB_fee,276,31.8
IMPROVED_OB_fee,277,32.38
IMPROVED_OB_fee,275,32.03
IMPROVED_OB_fee,278,31.87
IMPROVED_OB_fee,279,32.1
IMPROVED_OB_fee,282,31.87
IMPROVED_OB_fee,281,32.11
IMPROVED_OB_fee,280,31.85
IMPROVED_OB_fee,283,32.34
IMPROVED_OB_fee,284,31.59
IMPROVED_OB_fee,286,32.21
IMPROVED_OB_fee,285,31.49
IMPROVED_OB_fee,287,31.8
IMPROVED_OB_fee,288,31.81
IMPROVED_OB_fee,290,32.03
IMPROVED_OB_fee,289,32.08
IMPROVED_OB_fee,291,32.05
IMPROVED_OB_fee,292,32.18
IMPROVED_OB_fee,293,31.68
IMPROVED_OB_fee,294,31.86
IMPROVED_OB_fee,295,31.87
IMPROVED_OB_fee,296,31.67
IMPROVED_OB_fee,297,31.84
IMPROVED_OB_fee,298,31.94
IMPROVED_OB_fee,299,31.64
IMPROVED_OB_fee,300,31.74
IMPROVED_OB_fee,301,32.42
IMPROVED_OB_fee,302,32.08
IMPROVED_OB_fee,303,32.05
IMPROVED_OB_fee,304,32.12
IMPROVED_OB_fee,305,32.24
IMPROVED_OB_fee,307,32.38
IMPROVED_OB_fee,306,31.83
IMPROVED_OB_fee,308,32.07
IMPROVED_OB_fee,309,31.95
IMPROVED_OB_fee,311,31.97
IMPROVED_OB_fee,310,32.35
IMPROVED_OB_fee,312,31.89
IMPROVED_OB_fee,313,32.31
IMPROVED_OB_fee,314,31.61
IMPROVED_OB_fee,316,32.18
IMPROVED_OB_fee,315,32.27
IMPROVED_OB_fee,317,31.96
IMPROVED_OB_fee,318,31.99
IMPROVED_OB_fee,319,31.9
IMPROVED_OB_fee,321,31.95
IMPROVED_OB_fee,320,32.2
IMPROVED_OB_fee,322,31.86
IMPROVED_OB_fee,323,31.95
IMPROVED_OB_fee,324,32.01
IMPROVED_OB_fee,325,32.01
IMPROVED_OB_fee,326,31.89
IMPROVED_OB_fee,327,31.83
IMPROVED_OB_fee,331,31.77
IMPROVED_OB_fee,328,31.94
IMPROVED_OB_fee,329,32.05
IMPROVED_OB_fee,330,32.08
IMPROVED_OB_fee,334,32.06
IMPROVED_OB_fee,332,32.09
IMPROVED_OB_fee,333,32.31
IMPROVED_OB_fee,335,32.04
IMPROVED_OB_fee,336,31.71
IMPROVED_OB_fee,337,32.13
IMPROVED_OB_fee,338,32.05
IMPROVED_OB_fee,339,32.11
IMPROVED_OB_fee,340,32.02
IMPROVED_OB_fee,342,32.09
IMPROVED_OB_fee,343,32.1
IMPROVED_OB_fee,341,31.73
IMPROVED_OB_fee,344,32.17
IMPROVED_OB_fee,345,32.13
IMPROVED_OB_fee,346,32.23
IMPROVED_OB_fee,347,32.34
IMPROVED_OB_fee,348,31.98
IMPROVED_OB_fee,350,31.85
IMPROVED_OB_fee,349,32.26
IMPROVED_OB_fee,351,32.27
IMPROVED_OB_fee,352,31.78
IMPROVED_OB_fee,353,32.25
IMPROVED_OB_fee,356,31.8
IMPROVED_OB_fee,355,32.39
IMPROVED_OB_fee,354,32.11
IMPROVED_OB_fee,357,32.12
IMPROVED_OB_fee,359,32.21
IMPROVED_OB_fee,358,31.62
IMPROVED_OB_fee,360,31.92
IMPROVED_OB_fee,361,31.68
IMPROVED_OB_fee,362,32.19
IMPROVED_OB_fee,363,32.16
IMPROVED_OB_fee,364,32.19
IMPROVED_OB_fee,365,32.36
IMPROVED_OB_fee,366,31.69
IMPROVED_OB_fee,368,31.82
IMPROVED_OB_fee,367,32.02
IMPROVED_OB_fee,369,32.13
IMPROVED_OB_fee,370,31.82
IMPROVED_OB_fee,371,31.6
IMPROVED_OB_fee,372,32.14
IMPROVED_OB_fee,373,31.65
IMPROVED_OB_fee,374,32.22
IMPROVED_OB_fee,375,32.17
IMPROVED_OB_fee,376,31.99
IMPROVED_OB_fee,377,31.88
IMPROVED_OB_fee,378,32.47
IMPROVED_OB_fee,379,32.15
IMPROVED_OB_fee,380,31.89
IMPROVED_OB_fee,381,31.91
IMPROVED_OB_fee,383,32.24
IMPROVED_OB_fee,385,31.93
IMPROVED_OB_fee,384,32.03
IMPROVED_OB_fee,382,32.08
IMPROVED_OB_fee,386,31.67
IMPROVED_OB_fee,387,31.99
IMPROVED_OB_fee,388,31.59
IMPROVED_OB_fee,389,32.08
IMPROVED_OB_fee,390,32.18
IMPROVED_OB_fee,391,32.12
IMPROVED_OB_fee,392,32.37
IMPROVED_OB_fee,394,32.31
IMPROVED_OB_fee,395,31.84
IMPROVED_OB_fee,396,32.08
IMPROVED_OB_fee,393,32.36
IMPROVED_OB_fee,397,31.93
IMPROVED_OB_fee,398,32.27
IMPROVED_OB_fee,399,32.1
IMPROVED_OB_fee,400,31.99
IMPROVED_OB_fee,402,32.31
IMPROVED_OB_fee,401,31.98
IMPROVED_OB_fee,403,31.55
IMPROVED_OB_fee,404,31.95
IMPROVED_OB_fee,405,32.16
IMPROVED_OB_fee,406,32.07
IMPROVED_OB_fee,407,32.15
IMPROVED_OB_fee,410,31.76
IMPROVED_OB_fee,408,32.19
IMPROVED_OB_fee,409,31.92
IMPROVED_OB_fee,411,32.31
IMPROVED_OB_fee,412,31.95
IMPROVED_OB_fee,413,32.04
IMPROVED_OB_fee,414,32.13
IMPROVED_OB_fee,415,31.58
IMPROVED_OB_fee,416,31.89
IMPROVED_OB_fee,417,32.21
IMPROVED_OB_fee,418,32.0
IMPROVED_OB_fee,419,31.56
IMPROVED_OB_fee,422,32.26
IMPROVED_OB_fee,423,31.99
IMPROVED_OB_fee,420,31.9
IMPROVED_OB_fee,421,32.04
IMPROVED_OB_fee,424,32.06
IMPROVED_OB_fee,425,32.02
IMPROVED_OB_fee,426,32.32
IMPROVED_OB_fee,427,32.21
IMPROVED_OB_fee,428,31.75
IMPROVED_OB_fee,429,32.1
IMPROVED_OB_fee,430,31.85
IMPROVED_OB_fee,431,31.54
IMPROVED_OB_fee,433,31.98
IMPROVED_OB_fee,432,32.11
IMPROVED_OB_fee,435,32.13
IMPROVED_OB_fee,436,31.48
IMPROVED_OB_fee,434,31.9
IMPROVED_OB_fee,437,31.65
IMPROVED_OB_fee,438,32.22
IMPROVED_OB_fee,439,31.77
IMPROVED_OB_fee,441,31.9
IMPROVED_OB_fee,440,32.4
IMPROVED_OB_fee,442,32.1
IMPROVED_OB_fee,446,32.25
IMPROVED_OB_fee,445,32.39
IMPROVED_OB_fee,443,31.75
IMPROVED_OB_fee,444,31.64
IMPROVED_OB_fee,447,32.03
IMPROVED_OB_fee,448,32.32
IMPROVED_OB_fee,449,32.16
IMPROVED_OB_fee,450,32.12
IMPROVED_OB_fee,451,31.76
IMPROVED_OB_fee,452,32.1
IMPROVED_OB_fee,453,31.95
IMPROVED_OB_fee,454,31.64
IMPROVED_OB_fee,455,32.24
IMPROVED_OB_fee,457,32.13
IMPROVED_OB_fee,456,32.1
IMPROVED_OB_fee,459,32.12
IMPROVED_OB_fee,458,31.87
IMPROVED_OB_fee,460,31.98
IMPROVED_OB_fee,462,31.83
IMPROVED_OB_fee,461,32.0
IMPROVED_OB_fee,463,32.22
IMPROVED_OB_fee,464,31.73
IMPROVED_OB_fee,465,32.21
IMPROVED_OB_fee,466,31.72
IMPROVED_OB_fee,467,32.02
IMPROVED_OB_fee,468,31.62
IMPROVED_OB_fee,470,31.98
IMPROVED_OB_fee,469,32.06
IMPROVED_OB_fee,473,31.78
IMPROVED_OB_fee,474,31.96
IMPROVED_OB_fee,472,32.06
IMPROVED_OB_fee,471,31.87
IMPROVED_OB_fee,475,32.16
IMPROVED_OB_fee,476,32.21
IMPROVED_OB_fee,477,32.44
IMPROVED_OB_fee,478,31.85
IMPROVED_OB_fee,479,32.18
IMPROVED_OB_fee,480,32.24
IMPROVED_OB_fee,481,31.96
IMPROVED_OB_fee,483,32.01
IMPROVED_OB_fee,482,31.49
IMPROVED_OB_fee,484,32.22
IMPROVED_OB_fee,487,31.7
IMPROVED_OB_fee,486,31.81
IMPROVED_OB_fee,485,32.32
IMPROVED_OB_fee,488,31.96
IMPROVED_OB_fee,489,32.08
IMPROVED_OB_fee,490,32.32
IMPROVED_OB_fee,491,31.74
IMPROVED_OB_fee,492,32.22
IMPROVED_OB_fee,493,31.77
IMPROVED_OB_fee,494,31.98
IMPROVED_OB_fee,495,32.02
IMPROVED_OB_fee,496,31.92
IMPROVED_OB_fee,497,31.99
IMPROVED_OB_fee,498,31.6
IMPROVED_OB_fee,499,31.6
IMPROVED_OB_fee,500,31.47
IMPROVED_OB_fee,501,31.7
IMPROVED_OB_fee,503,31.55
IMPROVED_OB_fee,502,32.2
IMPROVED_OB_fee,504,31.87
IMPROVED_OB_fee,505,32.06
IMPROVED_OB_fee,506,31.8
IMPROVED_OB_fee,507,32.06
IMPROVED_OB_fee,508,32.01
IMPROVED_OB_fee,509,32.08
IMPROVED_OB_fee,510,31.91
IMPROVED_OB_fee,511,31.53
IMPROVED_OB_fee,512,31.81
IMPROVED_OB_fee,513,32.09
IMPROVED_OB_fee,514,32.11
IMPROVED_OB_fee,515,32.15
IMPROVED_OB_fee,516,32.43
IMPROVED_OB_fee,517,32.08
IMPROVED_OB_fee,518,31.98
IMPROVED_OB_fee,519,32.37
IMPROVED_OB_fee,523,31.47
IMPROVED_OB_fee,522,31.91
IMPROVED_OB_fee,520,31.94
IMPROVED_OB_fee,524,32.02
IMPROVED_OB_fee,521,32.42
IMPROVED_OB_fee,525,32.33
IMPROVED_OB_fee,526,32.07
IMPROVED_OB_fee,527,31.6
IMPROVED_OB_fee,528,31.62
IMPROVED_OB_fee,529,32.13
IMPROVED_OB_fee,530,31.82
IMPROVED_OB_fee,531,31.94
IMPROVED_OB_fee,532,32.29
IMPROVED_OB_fee,534,32.18
IMPROVED_OB_fee,537,31.81
IMPROVED_OB_fee,533,32.02
IMPROVED_OB_fee,535,31.67
IMPROVED_OB_fee,536,31.98
IMPROVED_OB_fee,538,32.19
IMPROVED_OB_fee,539,32.25
IMPROVED_OB_fee,540,32.02
IMPROVED_OB_fee,541,32.37
IMPROVED_OB_fee,542,31.48
IMPROVED_OB_fee,543,32.22
IMPROVED_OB_fee,544,32.0
IMPROVED_OB_fee,545,32.04
IMPROVED_OB_fee,549,31.9
IMPROVED_OB_fee,547,31.83
IMPROVED_OB_fee,546,32.23
IMPROVED_OB_fee,548,31.65
IMPROVED_OB_fee,550,32.11
IMPROVED_OB_fee,551,31.87
IMPROVED_OB_fee,552,32.29
IMPROVED_OB_fee,553,31.91
IMPROVED_OB_fee,554,32.31
IMPROVED_OB_fee,555,31.68
IMPROVED_OB_fee,556,32.08
IMPROVED_OB_fee,557,31.78
IMPROVED_OB_fee,558,31.93
IMPROVED_OB_fee,559,31.58
IMPROVED_OB_fee,560,32.09
IMPROVED_OB_fee,561,31.45
IMPROVED_OB_fee,562,32.25
IMPROVED_OB_fee,563,32.04
IMPROVED_OB_fee,565,31.66
IMPROVED_OB_fee,564,31.92
IMPROVED_OB_fee,566,32.25
IMPROVED_OB_fee,567,32.02
IMPROVED_OB_fee,568,31.92
IMPROVED_OB_fee,569,31.86
IMPROVED_OB_fee,570,32.32
IMPROVED_OB_fee,571,31.9
IMPROVED_OB_fee,572,31.73
IMPROVED_OB_fee,573,31.8
IMPROVED_OB_fee,575,31.65
IMPROVED_OB_fee,574,32.25
IMPROVED_OB_fee,576,31.9
IMPROVED_OB_fee,579,31.81
IMPROVED_OB_fee,577,31.94
IMPROVED_OB_fee,578,32.02
IMPROVED_OB_fee,580,32.19
IMPROVED_OB_fee,581,32.15
IMPROVED_OB_fee,583,31.93
IMPROVED_OB_fee,582,31.79
IMPROVED_OB_fee,584,32.27
IMPROVED_OB_fee,586,31.75
IMPROVED_OB_fee,585,32.15
IMPROVED_OB_fee,587,31.65
IMPROVED_OB_fee,588,32.31
IMPROVED_OB_fee,589,31.97
IMPROVED_OB_fee,591,32.47
IMPROVED_OB_fee,590,31.69
IMPROVED_OB_fee,592,32.02
IMPROVED_OB_fee,594,32.16
IMPROVED_OB_fee,593,32.31
IMPROVED_OB_fee,595,32.3
IMPROVED_OB_fee,596,32.38
IMPROVED_OB_fee,597,31.66
IMPROVED_OB_fee,598,31.99
IMPROVED_OB_fee,599,32.1
IMPROVED_OB_fee,600,31.98
IMPROVED_OB_fee,602,31.76
IMPROVED_OB_fee,601,31.81
IMPROVED_OB_fee,604,32.47
IMPROVED_OB_fee,605,31.94
IMPROVED_OB_fee,603,32.06
IMPROVED_OB_fee,607,32.27
IMPROVED_OB_fee,606,31.61
IMPROVED_OB_fee,608,31.8
IMPROVED_OB_fee,609,32.29
IMPROVED_OB_fee,610,32.04
IMPROVED_OB_fee,613,31.76
IMPROVED_OB_fee,611,32.05
IMPROVED_OB_fee,612,31.77
IMPROVED_OB_fee,614,31.89
IMPROVED_OB_fee,615,32.28
IMPROVED_OB_fee,616,32.02
IMPROVED_OB_fee,618,31.61
IMPROVED_OB_fee,617,31.89
IMPROVED_OB_fee,619,32.21
IMPROVED_OB_fee,620,31.95
IMPROVED_OB_fee,621,32.15
IMPROVED_OB_fee,622,31.73
IMPROVED_OB_fee,625,31.31
IMPROVED_OB_fee,624,32.35
IMPROVED_OB_fee,623,31.89
IMPROVED_OB_fee,627,32.04
IMPROVED_OB_fee,626,32.43
IMPROVED_OB_fee,628,31.93
IMPROVED_OB_fee,629,32.24
IMPROVED_OB_fee,630,32.15
IMPROVED_OB_fee,631,32.12
IMPROVED_OB_fee,632,32.13
IMPROVED_OB_fee,633,32.16
IMPROVED_OB_fee,634,31.85
IMPROVED_OB_fee,635,31.93
IMPROVED_OB_fee,636,31.93
IMPROVED_OB_fee,637,31.79
IMPROVED_OB_fee,638,32.14
IMPROVED_OB_fee,639,32.06
IMPROVED_OB_fee,640,31.63
IMPROVED_OB_fee,641,32.06
IMPROVED_OB_fee,642,31.95
IMPROVED_OB_fee,644,32.09
IMPROVED_OB_fee,643,32.23
IMPROVED_OB_fee,645,31.98
IMPROVED_OB_fee,646,31.89
IMPROVED_OB_fee,647,31.81
IMPROVED_OB_fee,648,32.14
IMPROVED_OB_fee,649,32.3
IMPROVED_OB_fee,651,31.91
IMPROVED_OB_fee,650,32.21
IMPROVED_OB_fee,652,32.0
IMPROVED_OB_fee,654,31.88
IMPROVED_OB_fee,653,32.13
IMPROVED_OB_fee,655,32.69
IMPROVED_OB_fee,656,31.86
IMPROVED_OB_fee,658,31.94
IMPROVED_OB_fee,657,31.86
IMPROVED_OB_fee,660,32.35
IMPROVED_OB_fee,659,32.33
IMPROVED_OB_fee,661,32.02
IMPROVED_OB_fee,662,32.06
IMPROVED_OB_fee,664,31.63
IMPROVED_OB_fee,663,31.9
IMPROVED_OB_fee,665,32.18
IMPROVED_OB_fee,666,31.67
IMPROVED_OB_fee,667,31.49
IMPROVED_OB_fee,668,32.0
IMPROVED_OB_fee,669,31.6
IMPROVED_OB_fee,671,32.0
IMPROVED_OB_fee,670,31.81
IMPROVED_OB_fee,672,32.22
IMPROVED_OB_fee,673,32.01
IMPROVED_OB_fee,674,32.24
IMPROVED_OB_fee,675,32.06
IMPROVED_OB_fee,676,32.09
IMPROVED_OB_fee,678,31.93
IMPROVED_OB_fee,677,31.95
IMPROVED_OB_fee,679,31.85
IMPROVED_OB_fee,680,31.88
IMPROVED_OB_fee,681,32.15
IMPROVED_OB_fee,682,31.97
IMPROVED_OB_fee,684,32.34
IMPROVED_OB_fee,683,31.94
IMPROVED_OB_fee,685,32.24
IMPROVED_OB_fee,687,31.8
IMPROVED_OB_fee,686,32.09
IMPROVED_OB_fee,688,32.03
IMPROVED_OB_fee,690,31.87
IMPROVED_OB_fee,689,31.91
IMPROVED_OB_fee,691,31.93
IMPROVED_OB_fee,692,32.01
IMPROVED_OB_fee,694,32.16
IMPROVED_OB_fee,693,32.06
IMPROVED_OB_fee,695,31.83
IMPROVED_OB_fee,697,31.98
IMPROVED_OB_fee,696,32.13
IMPROVED_OB_fee,698,32.04
IMPROVED_OB_fee,699,32.18
IMPROVED_OB_fee,700,32.24
IMPROVED_OB_fee,701,31.74
IMPROVED_OB_fee,703,32.04
IMPROVED_OB_fee,702,31.85
IMPROVED_OB_fee,704,32.12
IMPROVED_OB_fee,705,31.75
IMPROVED_OB_fee,707,32.26
IMPROVED_OB_fee,708,32.06
IMPROVED_OB_fee,706,31.78
IMPROVED_OB_fee,710,31.84
IMPROVED_OB_fee,711,32.03
IMPROVED_OB_fee,709,31.99
IMPROVED_OB_fee,712,31.94
IMPROVED_OB_fee,713,31.9
IMPROVED_OB_fee,714,32.4
IMPROVED_OB_fee,715,31.66
IMPROVED_OB_fee,716,31.93
IMPROVED_OB_fee,717,31.76
IMPROVED_OB_fee,718,31.79
IMPROVED_OB_fee,720,31.62
IMPROVED_OB_fee,719,32.09
IMPROVED_OB_fee,721,32.25
IMPROVED_OB_fee,722,32.56
IMPROVED_OB_fee,724,32.23
IMPROVED_OB_fee,723,31.96
IMPROVED_OB_fee,725,32.5
IMPROVED_OB_fee,726,32.16
IMPROVED_OB_fee,727,32.27
IMPROVED_OB_fee,729,32.04
IMPROVED_OB_fee,728,32.08
IMPROVED_OB_fee,730,32.62
IMPROVED_OB_fee,731,31.79
IMPROVED_OB_fee,732,32.23
IMPROVED_OB_fee,733,32.4
IMPROVED_OB_fee,734,31.84
IMPROVED_OB_fee,736,31.89
IMPROVED_OB_fee,735,32.48
IMPROVED_OB_fee,737,31.96
IMPROVED_OB_fee,738,31.93
IMPROVED_OB_fee,739,31.77
IMPROVED_OB_fee,740,32.28
IMPROVED_OB_fee,741,32.06
IMPROVED_OB_fee,742,32.1
IMPROVED_OB_fee,743,32.1
IMPROVED_OB_fee,744,31.78
IMPROVED_OB_fee,745,31.59
IMPROVED_OB_fee,746,32.08
IMPROVED_OB_fee,747,31.59
IMPROVED_OB_fee,748,31.85
IMPROVED_OB_fee,749,31.9
IMPROVED_OB_fee,750,32.36
IMPROVED_OB_fee,751,31.86
IMPROVED_OB_fee,752,32.26
IMPROVED_OB_fee,753,32.15
IMPROVED_OB_fee,755,32.19
IMPROVED_OB_fee,754,31.37
IMPROVED_OB_fee,756,32.27
IMPROVED_OB_fee,757,31.81
IMPROVED_OB_fee,758,32.18
IMPROVED_OB_fee,759,31.78
IMPROVED_OB_fee,760,32.41
IMPROVED_OB_fee,761,32.23
IMPROVED_OB_fee,762,31.64
IMPROVED_OB_fee,764,32.3
IMPROVED_OB_fee,763,31.87
IMPROVED_OB_fee,765,32.2
IMPROVED_OB_fee,767,31.93
IMPROVED_OB_fee,766,32.18
IMPROVED_OB_fee,768,31.77
IMPROVED_OB_fee,769,32.41
IMPROVED_OB_fee,770,32.25
IMPROVED_OB_fee,772,31.93
IMPROVED_OB_fee,771,32.4
IMPROVED_OB_fee,773,31.75
IMPROVED_OB_fee,774,32.28
IMPROVED_OB_fee,775,32.04
IMPROVED_OB_fee,777,32.3
IMPROVED_OB_fee,776,32.1
IMPROVED_OB_fee,778,31.71
IMPROVED_OB_fee,779,31.65
IMPROVED_OB_fee,781,31.92
IMPROVED_OB_fee,780,32.3
IMPROVED_OB_fee,782,31.99
IMPROVED_OB_fee,783,31.86
IMPROVED_OB_fee,785,31.71
IMPROVED_OB_fee,784,32.14
IMPROVED_OB_fee,786,32.6
IMPROVED_OB_fee,787,31.87
IMPROVED_OB_fee,788,32.32
IMPROVED_OB_fee,790,31.84
IMPROVED_OB_fee,789,32.04
IMPROVED_OB_fee,791,32.1
IMPROVED_OB_fee,792,32.15
IMPROVED_OB_fee,793,32.13
IMPROVED_OB_fee,794,32.32
IMPROVED_OB_fee,795,32.35
IMPROVED_OB_fee,796,32.52
IMPROVED_OB_fee,798,32.06
IMPROVED_OB_fee,797,31.62
IMPROVED_OB_fee,799,31.71
IMPROVED_OB_fee,800,31.96
IMPROVED_OB_fee,801,31.98
IMPROVED_OB_fee,802,31.63
IMPROVED_OB_fee,804,32.65
IMPROVED_OB_fee,803,32.11
IMPROVED_OB_fee,805,31.81
IMPROVED_OB_fee,807,32.19
IMPROVED_OB_fee,806,31.88
IMPROVED_OB_fee,808,31.78
IMPROVED_OB_fee,809,32.28
IMPROVED_OB_fee,811,32.21
IMPROVED_OB_fee,810,32.07
IMPROVED_OB_fee,812,32.3
IMPROVED_OB_fee,813,32.28
IMPROVED_OB_fee,815,31.85
IMPROVED_OB_fee,814,31.78
IMPROVED_OB_fee,816,31.81
IMPROVED_OB_fee,817,32.1
IMPROVED_OB_fee,818,32.16
IMPROVED_OB_fee,819,31.96
IMPROVED_OB_fee,820,32.14
IMPROVED_OB_fee,821,32.45
IMPROVED_OB_fee,822,31.89
IMPROVED_OB_fee,823,31.6
IMPROVED_OB_fee,824,32.24
IMPROVED_OB_fee,825,32.27
IMPROVED_OB_fee,826,32.22
IMPROVED_OB_fee,827,32.25
IMPROVED_OB_fee,828,32.06
IMPROVED_OB_fee,829,31.73
IMPROVED_OB_fee,830,31.74
IMPROVED_OB_fee,831,31.74
IMPROVED_OB_fee,832,31.86
IMPROVED_OB_fee,833,32.13
IMPROVED_OB_fee,834,32.05
IMPROVED_OB_fee,835,32.06
IMPROVED_OB_fee,837,32.35
IMPROVED_OB_fee,836,32.13
IMPROVED_OB_fee,838,32.02
IMPROVED_OB_fee,839,31.98
IMPROVED_OB_fee,844,31.93
IMPROVED_OB_fee,841,31.79
IMPROVED_OB_fee,840,31.72
IMPROVED_OB_fee,842,32.19
IMPROVED_OB_fee,843,32.03
IMPROVED_OB_fee,845,32.12
IMPROVED_OB_fee,846,32.38
IMPROVED_OB_fee,847,32.31
IMPROVED_OB_fee,848,32.2
IMPROVED_OB_fee,849,32.07
IMPROVED_OB_fee,850,31.96
IMPROVED_OB_fee,851,31.9
IMPROVED_OB_fee,852,31.69
IMPROVED_OB_fee,854,32.27
IMPROVED_OB_fee,853,31.57
IMPROVED_OB_fee,855,31.74
IMPROVED_OB_fee,856,32.36
IMPROVED_OB_fee,857,31.53
IMPROVED_OB_fee,858,31.9
IMPROVED_OB_fee,859,32.21
IMPROVED_OB_fee,860,32.06
IMPROVED_OB_fee,861,32.3
IMPROVED_OB_fee,864,32.22
IMPROVED_OB_fee,863,31.95
IMPROVED_OB_fee,862,32.46
IMPROVED_OB_fee,865,31.75
IMPROVED_OB_fee,866,32.18
IMPROVED_OB_fee,867,32.04
IMPROVED_OB_fee,868,31.86
IMPROVED_OB_fee,869,32.37
IMPROVED_OB_fee,871,31.78
IMPROVED_OB_fee,870,31.97
IMPROVED_OB_fee,872,32.24
IMPROVED_OB_fee,873,31.85
IMPROVED_OB_fee,874,31.58
IMPROVED_OB_fee,876,31.95
IMPROVED_OB_fee,877,31.85
IMPROVED_OB_fee,875,31.67
IMPROVED_OB_fee,879,31.89
IMPROVED_OB_fee,878,31.98
IMPROVED_OB_fee,880,31.99
IMPROVED_OB_fee,881,32.04
IMPROVED_OB_fee,882,32.1
IMPROVED_OB_fee,883,31.71
IMPROVED_OB_fee,885,32.57
IMPROVED_OB_fee,884,31.97
IMPROVED_OB_fee,886,31.99
IMPROVED_OB_fee,887,32.22
IMPROVED_OB_fee,888,32.43
IMPROVED_OB_fee,890,32.19
IMPROVED_OB_fee,889,32.01
IMPROVED_OB_fee,891,31.73
IMPROVED_OB_fee,892,32.1
IMPROVED_OB_fee,893,32.12
IMPROVED_OB_fee,894,31.98
IMPROVED_OB_fee,896,31.89
IMPROVED_OB_fee,895,32.26
IMPROVED_OB_fee,897,31.82
IMPROVED_OB_fee,898,32.65
IMPROVED_OB_fee,899,32.29
IMPROVED_OB_fee,900,31.82
IMPROVED_OB_fee,902,31.63
IMPROVED_OB_fee,903,32.02
IMPROVED_OB_fee,901,32.04
IMPROVED_OB_fee,905,31.74
IMPROVED_OB_fee,904,31.97
IMPROVED_OB_fee,906,32.13
IMPROVED_OB_fee,908,32.25
IMPROVED_OB_fee,907,32.19
IMPROVED_OB_fee,909,32.2
IMPROVED_OB_fee,910,32.32
IMPROVED_OB_fee,911,32.07
IMPROVED_OB_fee,912,32.27
IMPROVED_OB_fee,913,32.14
IMPROVED_OB_fee,914,31.84
IMPROVED_OB_fee,916,32.38
IMPROVED_OB_fee,917,31.46
IMPROVED_OB_fee,918,31.74
IMPROVED_OB_fee,915,31.94
IMPROVED_OB_fee,919,31.6
IMPROVED_OB_fee,921,32.21
IMPROVED_OB_fee,920,32.09
IMPROVED_OB_fee,922,31.95
IMPROVED_OB_fee,923,31.67
IMPROVED_OB_fee,924,32.15
IMPROVED_OB_fee,925,31.56
IMPROVED_OB_fee,926,31.87
IMPROVED_OB_fee,928,32.33
IMPROVED_OB_fee,927,31.66
IMPROVED_OB_fee,930,32.15
IMPROVED_OB_fee,932,31.73
IMPROVED_OB_fee,931,32.04
IMPROVED_OB_fee,933,32.29
IMPROVED_OB_fee,929,31.86
IMPROVED_OB_fee,934,32.01
IMPROVED_OB_fee,935,32.02
IMPROVED_OB_fee,936,31.97
IMPROVED_OB_fee,937,31.95
IMPROVED_OB_fee,938,31.95
IMPROVED_OB_fee,939,32.04
IMPROVED_OB_fee,941,32.46
IMPROVED_OB_fee,940,31.93
IMPROVED_OB_fee,942,32.29
IMPROVED_OB_fee,946,32.16
IMPROVED_OB_fee,943,32.1
IMPROVED_OB_fee,944,32.26
IMPROVED_OB_fee,945,31.53
IMPROVED_OB_fee,947,32.34
IMPROVED_OB_fee,948,31.6
IMPROVED_OB_fee,949,32.2
IMPROVED_OB_fee,950,32.34
IMPROVED_OB_fee,951,31.93
IMPROVED_OB_fee,952,32.02
IMPROVED_OB_fee,953,31.9
IMPROVED_OB_fee,956,31.81
IMPROVED_OB_fee,955,31.95
IMPROVED_OB_fee,954,32.0
IMPROVED_OB_fee,959,32.31
IMPROVED_OB_fee,957,32.19
IMPROVED_OB_fee,958,31.99
IMPROVED_OB_fee,960,31.81
IMPROVED_OB_fee,961,32.2
IMPROVED_OB_fee,962,32.1
IMPROVED_OB_fee,963,32.06
IMPROVED_OB_fee,964,32.03
IMPROVED_OB_fee,965,32.18
IMPROVED_OB_fee,967,32.02
IMPROVED_OB_fee,966,31.66
IMPROVED_OB_fee,968,31.96
IMPROVED_OB_fee,970,32.16
IMPROVED_OB_fee,969,32.21
IMPROVED_OB_fee,972,31.6
IMPROVED_OB_fee,971,32.09
IMPROVED_OB_fee,973,32.07
IMPROVED_OB_fee,974,32.21
IMPROVED_OB_fee,975,31.85
IMPROVED_OB_fee,976,31.79
IMPROVED_OB_fee,977,31.78
IMPROVED_OB_fee,978,32.05
IMPROVED_OB_fee,980,32.15
IMPROVED_OB_fee,982,32.08
IMPROVED_OB_fee,979,31.79
IMPROVED_OB_fee,981,32.19
IMPROVED_OB_fee,985,32.41
IMPROVED_OB_fee,983,31.82
IMPROVED_OB_fee,986,32.32
IMPROVED_OB_fee,984,32.13
IMPROVED_OB_fee,987,31.96
IMPROVED_OB_fee,989,31.92
IMPROVED_OB_fee,988,31.98
IMPROVED_OB_fee,990,31.92
IMPROVED_OB_fee,991,32.27
IMPROVED_OB_fee,992,32.25
IMPROVED_OB_fee,994,32.23
IMPROVED_OB_fee,995,32.12
IMPROVED_OB_fee,993,31.86
IMPROVED_OB_fee,996,32.34
IMPROVED_OB_fee,997,32.18
IMPROVED_OB_fee,998,31.69
IMPROVED_OB_fee,999,32.23
