fee_algo_name,lp_yield,density
FX_fee,17.67,0.010075703064665582
FX_fee,17.672765531062126,0.010322987540085076
FX_fee,17.67553106212425,0.010569988092625824
FX_fee,17.678296593186374,0.010817615433851081
FX_fee,17.6810621242485,0.011066939031709543
FX_fee,17.683827655310623,0.011319190479229281
FX_fee,17.686593186372747,0.01157576601179858
FX_fee,17.68935871743487,0.01183822814056391
FX_fee,17.692124248496995,0.012108306366135392
FX_fee,17.69488977955912,0.012387896932011958
FX_fee,17.697655310621244,0.012679061571197633
FX_fee,17.700420841683368,0.012984025192744884
FX_fee,17.703186372745492,0.013305172447878794
FX_fee,17.705951903807616,0.013645043108443186
FX_fee,17.70871743486974,0.014006326184235885
FX_fee,17.711482965931864,0.014391852700969059
FX_fee,17.71424849699399,0.014804587057711647
FX_fee,17.717014028056113,0.015247616882351099
FX_fee,17.719779559118237,0.015724141306409947
FX_fee,17.72254509018036,0.016237457586973446
FX_fee,17.725310621242485,0.01679094601394995
FX_fee,17.72807615230461,0.017388053055676134
FX_fee,17.730841683366734,0.01803227271523138
FX_fee,17.733607214428858,0.018727126093687825
FX_fee,17.736372745490982,0.01947613918485453
FX_fee,17.739138276553106,0.02028281895852794
FX_fee,17.74190380761523,0.02115062782540772
FX_fee,17.744669338677355,0.022082956616048977
FX_fee,17.747434869739482,0.02308309624772465
FX_fee,17.750200400801607,0.024154208295949216
FX_fee,17.75296593186373,0.025299294730669802
FX_fee,17.755731462925855,0.02652116711955093
FX_fee,17.75849699398798,0.027822415641318224
FX_fee,17.761262525050103,0.029205378289429092
FX_fee,17.764028056112227,0.030672110679288427
FX_fee,17.76679358717435,0.03222435689961783
FX_fee,17.769559118236476,0.03386352186934037
FX_fee,17.7723246492986,0.035590645674483626
FX_fee,17.775090180360724,0.03740638036430677
FX_fee,17.77785571142285,0.03931096968146734
FX_fee,17.780621242484973,0.04130423218711989
FX_fee,17.783386773547097,0.043385548218138864
FX_fee,17.78615230460922,0.04555385108019825
FX_fee,17.788917835671345,0.047807622837450006
FX_fee,17.79168336673347,0.05014489500750577
FX_fee,17.794448897795593,0.052563254410051344
FX_fee,17.797214428857718,0.05505985434962503
FX_fee,17.799979959919842,0.05763143123899166
FX_fee,17.802745490981966,0.0602743266904399
FX_fee,17.80551102204409,0.06298451501954555
FX_fee,17.808276553106214,0.06575763602122997
FX_fee,17.81104208416834,0.06858903279251845
FX_fee,17.813807615230463,0.07147379429223626
FX_fee,17.816573146292587,0.07440680224631771
FX_fee,17.81933867735471,0.07738278193008649
FX_fee,17.822104208416835,0.08039635628722003
FX_fee,17.82486973947896,0.0834421027804677
FX_fee,17.827635270541084,0.08651461231276518
FX_fee,17.830400801603208,0.0896085495101537
FX_fee,17.833166332665332,0.09271871362077828
FX_fee,17.835931863727456,0.09584009925778492
FX_fee,17.83869739478958,0.09896795619868136
FX_fee,17.841462925851705,0.10209784744987482
FX_fee,17.84422845691383,0.10522570479274737
FX_fee,17.846993987975953,0.10834788104665673
FX_fee,17.849759519038077,0.11146119831437586
FX_fee,17.8525250501002,0.11456299151626131
FX_fee,17.855290581162325,0.11765114657034952
FX_fee,17.85805611222445,0.12072413263586836
FX_fee,17.860821643286574,0.12378102790663763
FX_fee,17.863587174348698,0.12682153851755942
FX_fee,17.866352705410822,0.12984601021105116
FX_fee,17.869118236472946,0.13285543249977488
FX_fee,17.87188376753507,0.135851435156487
FX_fee,17.874649298597195,0.13883627696000045
FX_fee,17.87741482965932,0.1418128267274251
FX_fee,17.880180360721443,0.14478453676541364
FX_fee,17.882945891783567,0.1477554089764522
FX_fee,17.88571142284569,0.1507299539587973
FX_fee,17.888476953907816,0.15371314353946436
FX_fee,17.89124248496994,0.15671035727738902
FX_fee,17.894008016032064,0.1597273235673504
FX_fee,17.896773547094188,0.1627700560630959
FX_fee,17.899539078156316,0.16584478621910423
FX_fee,17.90230460921844,0.16895789282317547
FX_fee,17.905070140280564,0.17211582945537485
FX_fee,17.90783567134269,0.17532505086115904
FX_fee,17.910601202404813,0.17859193926697167
FX_fee,17.913366733466937,0.1819227316935709
FX_fee,17.91613226452906,0.18532344933502531
FX_fee,17.918897795591185,0.18879983006859327
FX_fee,17.92166332665331,0.19235726514181897
FX_fee,17.924428857715434,0.19600074104751744
FX_fee,17.927194388777558,0.19973478754452806
FX_fee,17.929959919839682,0.20356343271209631
FX_fee,17.932725450901806,0.2074901658387106
FX_fee,17.93549098196393,0.21151790884274888
FX_fee,17.938256513026055,0.21564899680323252
FX_fee,17.94102204408818,0.21988516804562114
FX_fee,17.943787575150303,0.22422756408157435
FX_fee,17.946553106212427,0.22867673954485543
FX_fee,17.94931863727455,0.23323268210049272
FX_fee,17.952084168336675,0.23789484213335182
FX_fee,17.9548496993988,0.24266217184877878
FX_fee,17.957615230460924,0.24753317324437235
FX_fee,17.960380761523048,0.25250595424225475
FX_fee,17.963146292585172,0.2575782921082919
FX_fee,17.965911823647296,0.2627477031322635
FX_fee,17.96867735470942,0.26801151740424106
FX_fee,17.971442885771545,0.2733669574006447
FX_fee,17.97420841683367,0.27881121899167166
FX_fee,17.976973947895793,0.28434155340267064
FX_fee,17.979739478957917,0.2899553486079603
FX_fee,17.98250501002004,0.2956502086084674
FX_fee,17.985270541082166,0.3014240290457662
FX_fee,17.98803607214429,0.30727506763554086
FX_fee,17.990801603206414,0.3132020079633618
FX_fee,17.993567134268538,0.31920401527469755
FX_fee,17.996332665330662,0.3252807830082564
FX_fee,17.999098196392787,0.3314325689654667
FX_fee,18.00186372745491,0.33766022017702785
FX_fee,18.004629258517035,0.34396518571714635
FX_fee,18.00739478957916,0.35034951692412164
FX_fee,18.010160320641283,0.35681585470859173
FX_fee,18.012925851703407,0.36336740386381167
FX_fee,18.01569138276553,0.3700078945315581
FX_fee,18.018456913827656,0.3767415312178772
FX_fee,18.02122244488978,0.38357292999004494
FX_fee,18.023987975951904,0.3905070447157116
FX_fee,18.02675350701403,0.3975490834214849
FX_fee,18.029519038076153,0.40470441604798046
FX_fee,18.032284569138277,0.41197847505651763
FX_fee,18.0350501002004,0.41937665049601935
FX_fee,18.037815631262525,0.42690418126367663
FX_fee,18.04058116232465,0.43456604438707974
FX_fee,18.043346693386773,0.4423668442165205
FX_fee,18.046112224448898,0.45031070344268126
FX_fee,18.048877755511022,0.4584011578462604
FX_fee,18.051643286573146,0.4666410566420914
FX_fee,18.054408817635274,0.475032470201742
FX_fee,18.057174348697398,0.4835766068268766
FX_fee,18.059939879759522,0.49227374010305913
FX_fee,18.062705410821646,0.50112314819219
FX_fee,18.06547094188377,0.5101230662258925
FX_fee,18.068236472945895,0.5192706527445043
FX_fee,18.07100200400802,0.5285619708917636
FX_fee,18.073767535070143,0.5379919848283128
FX_fee,18.076533066132267,0.5475545715721809
FX_fee,18.07929859719439,0.5572425482169049
FX_fee,18.082064128256516,0.5670477142222564
FX_fee,18.08482965931864,0.5769609082239789
FX_fee,18.087595190380764,0.5869720785718284
FX_fee,18.090360721442888,0.5970703665841097
FX_fee,18.093126252505012,0.6072442013057053
FX_fee,18.095891783567136,0.6174814043786623
FX_fee,18.09865731462926,0.6277693034833761
FX_fee,18.101422845691385,0.6380948526856205
FX_fee,18.10418837675351,0.6484447579329172
FX_fee,18.106953907815633,0.6588056058836168
FX_fee,18.109719438877757,0.6691639942240589
FX_fee,18.11248496993988,0.6795066616332077
FX_fee,18.115250501002006,0.6898206155893051
FX_fee,18.11801603206413,0.7000932562779143
FX_fee,18.120781563126254,0.7103124949531513
FX_fee,18.12354709418838,0.720466865221551
FX_fee,18.126312625250502,0.7305456258577742
FX_fee,18.129078156312627,0.7405388539202028
FX_fee,18.13184368737475,0.750437527108531
FX_fee,18.134609218436875,0.7602335944914547
FX_fee,18.137374749499,0.7699200349262918
FX_fee,18.140140280561123,0.7794909026904348
FX_fee,18.142905811623248,0.7889413600430475
FX_fee,18.14567134268537,0.7982676966310238
FX_fee,18.148436873747496,0.8074673358425807
FX_fee,18.15120240480962,0.8165388283920979
FX_fee,18.153967935871744,0.8254818335884176
FX_fee,18.15673346693387,0.8342970888933623
FX_fee,18.159498997995993,0.8429863685162274
FX_fee,18.162264529058117,0.8515524319119736
FX_fee,18.16503006012024,0.8599989631545029
FX_fee,18.167795591182365,0.8683305022423505
FX_fee,18.17056112224449,0.8765523694602898
FX_fee,18.173326653306614,0.8846705839691396
FX_fee,18.176092184368738,0.8926917778262994
FX_fee,18.178857715430862,0.9006231066527135
FX_fee,18.181623246492986,0.9084721581591924
FX_fee,18.18438877755511,0.9162468597270084
FX_fee,18.187154308617234,0.9239553862060353
FX_fee,18.18991983967936,0.9316060690496402
FX_fee,18.192685370741483,0.9392073078503645
FX_fee,18.195450901803607,0.9467674852757038
FX_fee,18.19821643286573,0.9542948863299278
FX_fee,18.200981963927855,0.9617976227875299
FX_fee,18.203747494989983,0.9692835635574473
FX_fee,18.206513026052107,0.9767602716454732
FX_fee,18.20927855711423,0.9842349482871617
FX_fee,18.212044088176356,0.9917143847242601
FX_fee,18.21480961923848,0.9992049219968067
FX_fee,18.217575150300604,1.0067124190201324
FX_fee,18.220340681362728,1.0142422291117943
FX_fee,18.223106212424852,1.021799185029278
FX_fee,18.225871743486977,1.0293875924751008
FX_fee,18.2286372745491,1.0370112319225848
FX_fee,18.231402805611225,1.0446733685140104
FX_fee,18.23416833667335,1.0523767696834376
FX_fee,18.236933867735473,1.0601237300603568
FX_fee,18.239699398797597,1.0679161031181954
FX_fee,18.24246492985972,1.0757553389443648
FX_fee,18.245230460921846,1.0836425274276698
FX_fee,18.24799599198397,1.091578446084403
FX_fee,18.250761523046094,1.0995636116785503
FX_fee,18.25352705410822,1.1075983347345149
FX_fee,18.256292585170343,1.1156827759941657
FX_fee,18.259058116232467,1.123817003834279
FX_fee,18.26182364729459,1.1320010516372336
FX_fee,18.264589178356715,1.1402349740970805
FX_fee,18.26735470941884,1.1485189014460013
FX_fee,18.270120240480964,1.1568530906032441
FX_fee,18.272885771543088,1.1652379722794388
FX_fee,18.275651302605212,1.1736741931146597
FX_fee,18.278416833667336,1.1821626519878354
FX_fee,18.28118236472946,1.1907045297079422
FX_fee,18.283947895791584,1.1993013113832234
FX_fee,18.28671342685371,1.2079548008622392
FX_fee,18.289478957915833,1.2166671267488671
FX_fee,18.292244488977957,1.2254407396113465
FX_fee,18.29501002004008,1.2342784001305867
FX_fee,18.297775551102205,1.2431831580649604
FX_fee,18.30054108216433,1.2521583220442465
FX_fee,18.303306613226454,1.2612074203435182
FX_fee,18.306072144288578,1.270334152926116
FX_fee,18.308837675350702,1.2795423351811528
FX_fee,18.311603206412826,1.288835833913553
FX_fee,18.31436873747495,1.2982184962720358
FX_fee,18.317134268537075,1.3076940724191646
FX_fee,18.3198997995992,1.3172661328578188
FX_fee,18.322665330661323,1.3269379814276452
FX_fee,18.325430861723447,1.336712565071254
FX_fee,18.32819639278557,1.3465923815433392
FX_fee,18.330961923847696,1.356579386294325
FX_fee,18.33372745490982,1.3666748998028126
FX_fee,18.336492985971944,1.3768795166584664
FX_fee,18.339258517034068,1.3871930177071599
FX_fee,18.342024048096192,1.3976142865643513
FX_fee,18.344789579158316,1.4081412317800206
FX_fee,18.34755511022044,1.4187707158993716
FX_fee,18.350320641282565,1.4294984926090515
FX_fee,18.35308617234469,1.4403191530882011
FX_fee,18.355851703406813,1.4512260825991246
FX_fee,18.358617234468937,1.4622114282540022
FX_fee,18.361382765531065,1.4732660787831016
FX_fee,18.36414829659319,1.4843796570070265
FX_fee,18.366913827655313,1.4955405255829621
FX_fee,18.369679358717438,1.506735806452214
FX_fee,18.372444889779562,1.5179514142665016
FX_fee,18.375210420841686,1.5291721039138482
FX_fee,18.37797595190381,1.5403815321032288
FX_fee,18.380741482965934,1.5515623328014927
FX_fee,18.38350701402806,1.5626962061488068
FX_fee,18.386272545090183,1.5737640203098504
FX_fee,18.389038076152307,1.5847459255506666
FX_fee,18.39180360721443,1.5956214796654324
FX_fee,18.394569138276555,1.606369783715454
FX_fee,18.39733466933868,1.616969626886782
FX_fee,18.400100200400804,1.627399639123622
FX_fee,18.402865731462928,1.637638450054173
FX_fee,18.405631262525052,1.647664852596348
FX_fee,18.408396793587176,1.6574579695133433
FX_fee,18.4111623246493,1.666997421086238
FX_fee,18.413927855711425,1.6762634919848836
FX_fee,18.41669338677355,1.6852372953495758
FX_fee,18.419458917835673,1.693900932048738
FX_fee,18.422224448897797,1.7022376430520905
FX_fee,18.42498997995992,1.7102319528572065
FX_fee,18.427755511022045,1.7178698019318392
FX_fee,18.43052104208417,1.7251386661863302
FX_fee,18.433286573146294,1.7320276615708543
FX_fee,18.436052104208418,1.7385276320026755
FX_fee,18.438817635270542,1.7446312189696662
FX_fee,18.441583166332666,1.7503329113280466
FX_fee,18.44434869739479,1.7556290740142462
FX_fee,18.447114228456915,1.76051795462304
FX_fee,18.44987975951904,1.7649996670639188
FX_fee,18.452645290581163,1.769076151794025
FX_fee,18.455410821643287,1.7727511124356494
FX_fee,18.45817635270541,1.7760299289153065
FX_fee,18.460941883767536,1.7789195476072577
FX_fee,18.46370741482966,1.781428349319334
FX_fee,18.466472945891784,1.783565996320799
FX_fee,18.469238476953908,1.78534325997214
FX_fee,18.472004008016032,1.7867718308699436
FX_fee,18.474769539078157,1.787864113759496
FX_fee,18.47753507014028,1.7886330097859244
FX_fee,18.480300601202405,1.7890916889445798
FX_fee,18.48306613226453,1.789253355846887
FX_fee,18.485831663326653,1.7891310121310822
FX_fee,18.488597194388777,1.7887372190126662
FX_fee,18.4913627254509,1.7880838635819858
FX_fee,18.494128256513026,1.7871819325099167
FX_fee,18.49689378757515,1.786041296815387
FX_fee,18.499659318637274,1.7846705112763028
FX_fee,18.5024248496994,1.7830766319278497
FX_fee,18.505190380761523,1.781265054889242
FX_fee,18.507955911823647,1.7792393794926695
FX_fee,18.510721442885774,1.7770012983603738
FX_fee,18.5134869739479,1.7745505166906137
FX_fee,18.516252505010023,1.7718847025779187
FX_fee,18.519018036072147,1.7689994697136895
FX_fee,18.52178356713427,1.7658883932981735
FX_fee,18.524549098196395,1.7625430594540026
FX_fee,18.52731462925852,1.7589531478749123
FX_fee,18.530080160320644,1.7551065468806462
FX_fee,18.532845691382768,1.750989499493667
FX_fee,18.535611222444892,1.746586778613944
FX_fee,18.538376753507016,1.7418818888579164
FX_fee,18.54114228456914,1.7368572921561884
FX_fee,18.543907815631265,1.7314946537818907
FX_fee,18.54667334669339,1.7257751051173353
FX_fee,18.549438877755513,1.7196795191677017
FX_fee,18.552204408817637,1.7131887946041997
FX_fee,18.55496993987976,1.7062841439699385
FX_fee,18.557735470941886,1.6989473816128566
FX_fee,18.56050100200401,1.6911612069231476
FX_fee,18.563266533066134,1.6829094785468186
FX_fee,18.566032064128258,1.6741774754211256
FX_fee,18.568797595190382,1.6649521407258834
FX_fee,18.571563126252506,1.6552223051638848
FX_fee,18.57432865731463,1.6449788863641965
FX_fee,18.577094188376755,1.634215061637214
FX_fee,18.57985971943888,1.62292641178998
FX_fee,18.582625250501003,1.6111110342231707
FX_fee,18.585390781563127,1.598769624067712
FX_fee,18.58815631262525,1.5859055226662266
FX_fee,18.590921843687376,1.5725247332522392
FX_fee,18.5936873747495,1.5586359042163713
FX_fee,18.596452905811624,1.5442502808634466
FX_fee,18.59921843687375,1.5293816270469958
FX_fee,18.601983967935872,1.514046118510332
FX_fee,18.604749498997997,1.4982622101569418
FX_fee,18.60751503006012,1.4820504798128213
FX_fee,18.610280561122245,1.4654334513233724
FX_fee,18.61304609218437,1.4484354000451802
FX_fee,18.615811623246493,1.4310821439460806
FX_fee,18.618577154308618,1.413400823616088
FX_fee,18.62134268537074,1.395419674517365
FX_fee,18.624108216432866,1.3771677947671923
FX_fee,18.62687374749499,1.3586749116571972
FX_fee,18.629639278557114,1.339971149970477
FX_fee,18.63240480961924,1.3210868049713327
FX_fee,18.635170340681363,1.3020521227172992
FX_fee,18.637935871743487,1.2828970900866
FX_fee,18.64070140280561,1.2636512366341166
FX_fee,18.643466933867735,1.2443434500921111
FX_fee,18.64623246492986,1.2250018070262019
FX_fee,18.648997995991984,1.2056534198490643
FX_fee,18.651763527054108,1.1863243010899225
FX_fee,18.654529058116232,1.1670392455234835
FX_fee,18.657294589178356,1.1478217304818763
FX_fee,18.66006012024048,1.1286938344113822
FX_fee,18.662825651302605,1.1096761734955867
FX_fee,18.66559118236473,1.0907878559503208
FX_fee,18.668356713426856,1.0720464534038865
FX_fee,18.67112224448898,1.0534679886110696
FX_fee,18.673887775551105,1.0350669386069988
FX_fee,18.67665330661323,1.0168562522926934
FX_fee,18.679418837675353,0.9988473813494032
FX_fee,18.682184368737477,0.9810503233066622
FX_fee,18.6849498997996,0.9634736755365797
FX_fee,18.687715430861726,0.9461246989100248
FX_fee,18.69048096192385,0.9290093898292157
FX_fee,18.693246492985974,0.9121325593421703
FX_fee,18.6960120240481,0.8954979180464281
FX_fee,18.698777555110222,0.8791081655003266
FX_fee,18.701543086172347,0.8629650828789079
FX_fee,18.70430861723447,0.847069627637161
FX_fee,18.707074148296595,0.8314220289750964
FX_fee,18.70983967935872,0.8160218829373996
FX_fee,18.712605210420843,0.8008682460243208
FX_fee,18.715370741482968,0.7859597262414333
FX_fee,18.71813627254509,0.7712945705735245
FX_fee,18.720901803607216,0.7568707479336586
FX_fee,18.72366733466934,0.7426860267123859
FX_fee,18.726432865731464,0.7287380461351936
FX_fee,18.72919839679359,0.7150243807289989
FX_fee,18.731963927855713,0.7015425973007413
FX_fee,18.734729458917837,0.688290303943211
FX_fee,18.73749498997996,0.6752651907043603
FX_fee,18.740260521042085,0.6624650616857556
FX_fee,18.74302605210421,0.6498878584722276
FX_fee,18.745791583166334,0.6375316749361644
FX_fee,18.748557114228458,0.6253947636047364
FX_fee,18.751322645290582,0.6134755339227312
FX_fee,18.754088176352706,0.6017725428867594
FX_fee,18.75685370741483,0.59028447866311
FX_fee,18.759619238476954,0.5790101379298511
FX_fee,18.76238476953908,0.5679483977997575
FX_fee,18.765150300601203,0.5570981832813803
FX_fee,18.767915831663327,0.5464584313180346
FX_fee,18.77068136272545,0.5360280525059077
FX_fee,18.773446893787575,0.5258058916306874
FX_fee,18.7762124248497,0.5157906881753136
FX_fee,18.778977955911824,0.5059810379384542
FX_fee,18.781743486973948,0.49637535686383444
FX_fee,18.784509018036072,0.4869718481146657
FX_fee,18.787274549098196,0.47776847333624456
FX_fee,18.79004008016032,0.4687629289351963
FX_fee,18.792805611222445,0.45995262806800147
FX_fee,18.79557114228457,0.4513346888779462
FX_fee,18.798336673346693,0.44290592935178247
FX_fee,18.801102204408817,0.4346628689897866
FX_fee,18.80386773547094,0.426601737299831
FX_fee,18.806633266533066,0.4187184889428058
FX_fee,18.80939879759519,0.41100882517765686
FX_fee,18.812164328657314,0.40346822108492114
FX_fee,18.81492985971944,0.39609195789216056
FX_fee,18.817695390781566,0.38887515958807894
FX_fee,18.82046092184369,0.38181283289691115
FX_fee,18.823226452905814,0.3748999095967743
FX_fee,18.82599198396794,0.36813129010395634
FX_fee,18.828757515030063,0.36150188721501775
FX_fee,18.831523046092187,0.3550066688983452
FX_fee,18.83428857715431,0.3486406990578593
FX_fee,18.837054108216435,0.3423991752524385
FX_fee,18.83981963927856,0.3362774624437386
FX_fee,18.842585170340683,0.3302711219598888
FX_fee,18.845350701402808,0.3243759349995394
FX_fee,18.848116232464932,0.31858792015621146
FX_fee,18.850881763527056,0.3129033446120634
FX_fee,18.85364729458918,0.3073187288284685
FX_fee,18.856412825651304,0.3018308447427533
FX_fee,18.85917835671343,0.2964367076612025
FX_fee,18.861943887775553,0.2911335622124882
FX_fee,18.864709418837677,0.2859188628885409
FX_fee,18.8674749498998,0.28079024984654244
FX_fee,18.870240480961925,0.2757455207725878
FX_fee,18.87300601202405,0.2707825997108828
FX_fee,18.875771543086174,0.26589950383957056
FX_fee,18.878537074148298,0.2610943092234946
FX_fee,18.881302605210422,0.25636511659415895
FX_fee,18.884068136272546,0.2517100181978864
FX_fee,18.88683366733467,0.24712706671490398
FX_fee,18.889599198396795,0.24261424718664118
FX_fee,18.89236472945892,0.2381694527977404
FX_fee,18.895130260521043,0.23379046524631197
FX_fee,18.897895791583167,0.22947494030382987
FX_fee,18.90066132264529,0.22522039901932803
FX_fee,18.903426853707415,0.22102422486476556
FX_fee,18.90619238476954,0.21688366695464573
FX_fee,18.908957915831664,0.21279584930742204
FX_fee,18.911723446893788,0.2087577859536506
FX_fee,18.914488977955912,0.2047664015404396
FX_fee,18.917254509018036,0.2008185569377172
FX_fee,18.92002004008016,0.19691107922270054
FX_fee,18.922785571142285,0.19304079530802767
FX_fee,18.92555110220441,0.1892045683887215
FX_fee,18.928316633266533,0.1853993363156694
FX_fee,18.931082164328657,0.18162215095971462
FX_fee,18.93384769539078,0.1778702176115762
FX_fee,18.936613226452906,0.17414093346848444
FX_fee,18.93937875751503,0.17043192428794532
FX_fee,18.942144288577154,0.16674107834115873
FX_fee,18.94490981963928,0.1630665768713499
FX_fee,18.947675350701402,0.15940692035335272
FX_fee,18.950440881763527,0.15576094995730352
FX_fee,18.95320641282565,0.15212786373827455
FX_fee,18.955971943887775,0.14850722720168655
FX_fee,18.9587374749499,0.14489897802794827
FX_fee,18.961503006012023,0.14130342487540962
FX_fee,18.964268537074148,0.1377212403151741
FX_fee,18.96703406813627,0.13415344808081256
FX_fee,18.969799599198396,0.1306014049381335
FX_fee,18.97256513026052,0.12706677759153245
FX_fee,18.975330661322644,0.12355151514202606
FX_fee,18.978096192384772,0.12005781769572313
FX_fee,18.980861723446896,0.11658810178872424
FX_fee,18.98362725450902,0.11314496334403952
FX_fee,18.986392785571145,0.10973113890780167
FX_fee,18.98915831663327,0.10634946592522523
FX_fee,18.991923847695393,0.10300284281223374
FX_fee,18.994689378757517,0.09969418955692332
FX_fee,18.99745490981964,0.09642640954731876
FX_fee,19.000220440881765,0.09320235326975056
FX_fee,19.00298597194389,0.09002478445742573
FX_fee,19.005751503006014,0.08689634919347015
FX_fee,19.008517034068138,0.08381954838910831
FX_fee,19.011282565130262,0.08079671396809716
FX_fee,19.014048096192386,0.07782998899543046
FX_fee,19.01681362725451,0.07492131189407379
FX_fee,19.019579158316635,0.07207240480040816
FX_fee,19.02234468937876,0.0692847660193039
FX_fee,19.025110220440883,0.06655966645535681
FX_fee,19.027875751503007,0.06389814981954295
FX_fee,19.03064128256513,0.06130103634192748
FX_fee,19.033406813627256,0.05876892966230289
FX_fee,19.03617234468938,0.05630222652266488
FX_fee,19.038937875751504,0.053901128848933395
FX_fee,19.041703406813628,0.051565657784370326
FX_fee,19.044468937875752,0.049295669224053804
FX_fee,19.047234468937877,0.04709087039789034
FX_fee,19.05,0.04495083705860013
DA_fee,12.42,0.003768732718472485
DA_fee,12.44693386773547,0.0038589800130504124
DA_fee,12.473867735470941,0.003933536249758129
DA_fee,12.500801603206412,0.003991504111208143
DA_fee,12.527735470941884,0.004032221723660673
DA_fee,12.554669338677355,0.00405528151462645
DA_fee,12.581603206412826,0.004060543762818221
DA_fee,12.608537074148296,0.00404814441003407
DA_fee,12.635470941883767,0.0040184968778047905
DA_fee,12.662404809619238,0.0039722878142915054
DA_fee,12.689338677354709,0.003910466881618443
DA_fee,12.716272545090181,0.0038342308731651132
DA_fee,12.743206412825652,0.003745002617252521
DA_fee,12.770140280561122,0.0036444052717568252
DA_fee,12.797074148296593,0.0035342327380964585
DA_fee,12.824008016032064,0.0034164170186399847
DA_fee,12.850941883767534,0.003292993406185116
DA_fee,12.877875751503005,0.003166064426594918
DA_fee,12.904809619238478,0.003037763456303085
DA_fee,12.931743486973948,0.0029102189070099923
DA_fee,12.958677354709419,0.0027855198135491705
DA_fee,12.98561122244489,0.0026656835817145956
DA_fee,13.01254509018036,0.0025526265556585674
DA_fee,13.039478957915831,0.002448137954597467
DA_fee,13.066412825651302,0.002353857611413941
DA_fee,13.093346693386774,0.002271257826539711
DA_fee,13.120280561122245,0.00220162953398993
DA_fee,13.147214428857716,0.0021460728666317106
DA_fee,13.174148296593186,0.002105492107861014
DA_fee,13.201082164328657,0.002080594928994867
DA_fee,13.228016032064128,0.002071895737003052
DA_fee,13.254949899799598,0.002079722895860472
DA_fee,13.28188376753507,0.002104229536070155
DA_fee,13.308817635270541,0.0021454076293319123
DA_fee,13.335751503006012,0.002203104976925447
DA_fee,13.362685370741483,0.0022770447388451515
DA_fee,13.389619238476953,0.002366847113700834
DA_fee,13.416553106212424,0.002472052764670294
DA_fee,13.443486973947895,0.0025921475725074377
DA_fee,13.470420841683367,0.002726588281456061
DA_fee,13.497354709418838,0.002874828587238471
DA_fee,13.524288577154309,0.003036345198159969
DA_fee,13.55122244488978,0.003210663381622007
DA_fee,13.57815631262525,0.003397381490509479
DA_fee,13.60509018036072,0.003596193949159049
DA_fee,13.632024048096191,0.0038069121695449813
DA_fee,13.658957915831664,0.0040294828678314075
DA_fee,13.685891783567135,0.0042640032625025455
DA_fee,13.712825651302605,0.004510732660696148
DA_fee,13.739759519038076,0.004770099981541146
DA_fee,13.766693386773547,0.005042706826046645
DA_fee,13.793627254509017,0.005329325783412091
DA_fee,13.820561122244488,0.005630893763601102
DA_fee,13.84749498997996,0.005948500264670396
DA_fee,13.874428857715431,0.0062833706186206685
DA_fee,13.901362725450902,0.006636844408326392
DA_fee,13.928296593186372,0.007010349406312457
DA_fee,13.955230460921843,0.007405371548844274
DA_fee,13.982164328657314,0.007823421620384796
DA_fee,14.009098196392785,0.00826599947792022
DA_fee,14.036032064128257,0.008734556785745664
DA_fee,14.062965931863728,0.009230459352896033
DA_fee,14.089899799599198,0.009754950261696196
DA_fee,14.116833667334669,0.010309115041660497
DA_fee,14.14376753507014,0.01089385017377255
DA_fee,14.17070140280561,0.011509836202564452
DA_fee,14.197635270541081,0.012157516685086443
DA_fee,14.224569138276554,0.012837084115721802
DA_fee,14.251503006012024,0.013548473834083393
DA_fee,14.278436873747495,0.014291366751480666
DA_fee,14.305370741482966,0.015065201522556916
DA_fee,14.332304609218436,0.01586919654686558
DA_fee,14.359238476953907,0.016702381915836836
DA_fee,14.386172344689378,0.017563641130437162
DA_fee,14.41310621242485,0.018451762111583163
DA_fee,14.44004008016032,0.01936549671777675
DA_fee,14.466973947895791,0.020303627682016934
DA_fee,14.493907815631262,0.021265041592985777
DA_fee,14.520841683366733,0.02224880628433881
DA_fee,14.547775551102205,0.023254250771226156
DA_fee,14.574709418837674,0.02428104569518726
DA_fee,14.601643286573147,0.02532928211678597
DA_fee,14.628577154308617,0.026399546437985883
DA_fee,14.655511022044088,0.027492989249796165
DA_fee,14.682444889779559,0.028611385989260416
DA_fee,14.70937875751503,0.029757187454846585
DA_fee,14.736312625250502,0.030933558468920944
DA_fee,14.76324649298597,0.032144403285055974
DA_fee,14.790180360721443,0.03339437670764209
DA_fee,14.817114228456914,0.03468888030944328
DA_fee,14.844048096192385,0.03603404358395874
DA_fee,14.870981963927855,0.037436690335769816
DA_fee,14.897915831663326,0.038904291073676774
DA_fee,14.924849699398798,0.04044490260768032
DA_fee,14.951783567134267,0.04206709644135692
DA_fee,14.97871743486974,0.043779877876916055
DA_fee,15.00565130260521,0.045592597994841985
DA_fee,15.032585170340681,0.04751486082087914
DA_fee,15.059519038076152,0.049556428042178045
DA_fee,15.086452905811623,0.05172712357897166
DA_fee,15.113386773547095,0.05403674016116857
DA_fee,15.140320641282564,0.056494949809309344
DA_fee,15.167254509018036,0.05911121979037168
DA_fee,15.194188376753507,0.061894735229310945
DA_fee,15.221122244488978,0.06485432912897893
DA_fee,15.248056112224448,0.06799842010816214
DA_fee,15.27498997995992,0.07133495773476564
DA_fee,15.301923847695392,0.07487137493248405
DA_fee,15.32885771543086,0.07861454659619099
DA_fee,15.355791583166333,0.08257075328165325
DA_fee,15.382725450901804,0.08674564865202812
DA_fee,15.409659318637274,0.09114422927463373
DA_fee,15.436593186372745,0.0957708053683107
DA_fee,15.463527054108216,0.10062897120027221
DA_fee,15.490460921843688,0.10572157401218622
DA_fee,15.517394789579157,0.11105068060428559
DA_fee,15.54432865731463,0.11661754100600623
DA_fee,15.5712625250501,0.12242254899227188
DA_fee,15.598196392785571,0.1284651995455005
DA_fee,15.625130260521042,0.1347440436946328
DA_fee,15.652064128256512,0.14125664146585415
DA_fee,15.678997995991985,0.14799951393979904
DA_fee,15.705931863727455,0.1549680956153176
DA_fee,15.732865731462926,0.16215668842298042
DA_fee,15.759799599198397,0.1695584188091866
DA_fee,15.786733466933867,0.1771651993253244
DA_fee,15.813667334669338,0.18496769611062167
DA_fee,15.840601202404809,0.19295530356006177
DA_fee,15.867535070140281,0.20111612733010922
DA_fee,15.894468937875752,0.20943697666622443
DA_fee,15.921402805611223,0.21790336684881453
DA_fee,15.948336673346693,0.22649953235924292
DA_fee,15.975270541082164,0.23520845117427344
DA_fee,16.002204408817637,0.24401188041341526
DA_fee,16.029138276553105,0.2528904033941264
DA_fee,16.056072144288578,0.26182348799761546
DA_fee,16.083006012024047,0.2707895561132094
DA_fee,16.10993987975952,0.27976606381058045
DA_fee,16.136873747494988,0.28872959178311125
DA_fee,16.16380761523046,0.2976559455084821
DA_fee,16.190741482965933,0.3065202644796341
DA_fee,16.217675350701402,0.315297139766798
DA_fee,16.244609218436874,0.32396073907612355
DA_fee,16.271543086172343,0.3324849383711368
DA_fee,16.298476953907816,0.34084345902002894
DA_fee,16.32541082164329,0.3490100093265423
DA_fee,16.352344689378757,0.35695842919926474
DA_fee,16.37927855711423,0.3646628366185891
DA_fee,16.4062124248497,0.37209777447952114
DA_fee,16.43314629258517,0.3792383563291417
DA_fee,16.46008016032064,0.3860604094869965
DA_fee,16.487014028056112,0.3925406140420455
DA_fee,16.51394789579158,0.39865663626581466
DA_fee,16.540881763527054,0.4043872550717952
DA_fee,16.567815631262526,0.4097124802863984
DA_fee,16.594749498997995,0.41461366167520486
DA_fee,16.621683366733468,0.4190735878848424
DA_fee,16.648617234468936,0.4230765747079867
DA_fee,16.67555110220441,0.42660854234645645
DA_fee,16.70248496993988,0.4296570816227739
DA_fee,16.72941883767535,0.43221150936034763
DA_fee,16.756352705410823,0.4342629134020097
DA_fee,16.78328657314629,0.4358041879519708
DA_fee,16.810220440881764,0.4368300600942052
DA_fee,16.837154308617233,0.4373371084497444
DA_fee,16.864088176352706,0.43732377497786085
DA_fee,16.891022044088174,0.4367903708967257
DA_fee,16.917955911823647,0.43573907759656955
DA_fee,16.94488977955912,0.4341739432456025
DA_fee,16.97182364729459,0.43210087555306265
DA_fee,16.99875751503006,0.429527630865889
DA_fee,17.02569138276553,0.4264637994501852
DA_fee,17.052625250501002,0.4229207864637038
DA_fee,17.079559118236475,0.4189117877805695
DA_fee,17.106492985971943,0.41445175950570357
DA_fee,17.133426853707416,0.4095573797348803
DA_fee,17.160360721442885,0.404247000897625
DA_fee,17.187294589178357,0.398540590882392
DA_fee,17.214228456913826,0.3924596611022068
DA_fee,17.2411623246493,0.3860271797253427
DA_fee,17.268096192384768,0.3792674684766194
DA_fee,17.29503006012024,0.37220608171145875
DA_fee,17.321963927855712,0.3648696668730702
DA_fee,17.34889779559118,0.3572858059525125
DA_fee,17.375831663326654,0.3494828381665711
DA_fee,17.402765531062123,0.3414896647285806
DA_fee,17.429699398797595,0.3333355372872805
DA_fee,17.456633266533068,0.32504983232045637
DA_fee,17.483567134268537,0.31666181446258884
DA_fee,17.51050100200401,0.3082003923880423
DA_fee,17.537434869739478,0.29969387143267157
DA_fee,17.56436873747495,0.29116970758882
DA_fee,17.591302605210423,0.2826542678267387
DA_fee,17.618236472945892,0.27417260185944503
DA_fee,17.64517034068136,0.265748230464221
DA_fee,17.672104208416833,0.25740295529490753
DA_fee,17.699038076152306,0.24915669476515687
DA_fee,17.725971943887775,0.24102735006112805
DA_fee,17.752905811623247,0.23303070466740547
DA_fee,17.779839679358716,0.22518035998321417
DA_fee,17.80677354709419,0.21748770869399345
DA_fee,17.83370741482966,0.20996194657735592
DA_fee,17.86064128256513,0.20261012239645987
DA_fee,17.887575150300602,0.19543722450394627
DA_fee,17.91450901803607,0.18844630178158775
DA_fee,17.941442885771544,0.18163861560933375
DA_fee,17.968376753507016,0.17501381872430147
DA_fee,17.995310621242485,0.16857015612328544
DA_fee,18.022244488977954,0.16230468260459532
DA_fee,18.049178356713426,0.15621349115384525
DA_fee,18.0761122244489,0.1502919461651126
DA_fee,18.103046092184368,0.14453491545876943
DA_fee,18.12997995991984,0.1389369952092675
DA_fee,18.15691382765531,0.13349272222326652
DA_fee,18.18384769539078,0.12819676849819955
DA_fee,18.210781563126254,0.12304411362632871
DA_fee,18.237715430861723,0.11803019136777664
DA_fee,18.264649298597195,0.11315100757265187
DA_fee,18.291583166332664,0.10840322755925512
DA_fee,18.318517034068137,0.10378423202240598
DA_fee,18.34545090180361,0.09929214152227357
DA_fee,18.372384769539078,0.09492581055846248
DA_fee,18.399318637274547,0.09068479313618175
DA_fee,18.42625250501002,0.08656928255230383
DA_fee,18.453186372745492,0.08258002884289374
DA_fee,18.48012024048096,0.07871823791769669
DA_fee,18.507054108216433,0.07498545684274148
DA_fee,18.533987975951902,0.07138345000639991
DA_fee,18.560921843687375,0.06791407100925237
DA_fee,18.587855711422847,0.06457913505250613
DA_fee,18.614789579158316,0.061380296368168254
DA_fee,18.64172344689379,0.05831893484787133
DA_fee,18.668657314629257,0.055396055503147225
DA_fee,18.69559118236473,0.0526122037504857
DA_fee,18.722525050100202,0.049967398786720844
DA_fee,18.74945891783567,0.04746108653444746
DA_fee,18.77639278557114,0.045092112825957556
DA_fee,18.803326653306613,0.0428587166907175
DA_fee,18.830260521042085,0.040758542848230064
DA_fee,18.857194388777554,0.03878867181535922
DA_fee,18.884128256513026,0.03694566544144549
DA_fee,18.911062124248495,0.035225625207423096
DA_fee,18.937995991983968,0.0336242602826003
DA_fee,18.96492985971944,0.03213696213417974
DA_fee,18.99186372745491,0.030758882432584775
DA_fee,19.01879759519038,0.029485011086115846
DA_fee,19.04573146292585,0.028310251460830983
DA_fee,19.072665330661323,0.027229490179595372
DA_fee,19.099599198396795,0.02623765932700706
DA_fee,19.126533066132264,0.025329789389793758
DA_fee,19.153466933867733,0.024501051808515605
DA_fee,19.180400801603206,0.023746790578291148
DA_fee,19.207334669338678,0.023062542886650942
DA_fee,19.234268537074147,0.022444049290172283
DA_fee,19.26120240480962,0.021887254385909737
DA_fee,19.28813627254509,0.0213882993104114
DA_fee,19.31507014028056,0.02094350768457398
DA_fee,19.342004008016033,0.020549366808186035
DA_fee,19.368937875751502,0.0202025059904754
DA_fee,19.395871743486975,0.01989967388436051
DA_fee,19.422805611222444,0.01963771657931119
DA_fee,19.449739478957916,0.019413558012033046
DA_fee,19.47667334669339,0.019224183990452254
DA_fee,19.503607214428857,0.019066630812193584
DA_fee,19.530541082164326,0.018937979113099884
DA_fee,19.5574749498998,0.018835353224095675
DA_fee,19.58440881763527,0.018755925965194983
DA_fee,19.61134268537074,0.018696928481598315
DA_fee,19.638276553106213,0.018655664444243297
DA_fee,19.66521042084168,0.018629527708471438
DA_fee,19.692144288577154,0.018616022358713468
DA_fee,19.719078156312627,0.01861278396946746
DA_fee,19.746012024048095,0.018617600884560447
DA_fee,19.772945891783568,0.018628434355100712
DA_fee,19.799879759519037,0.01864343647546666
DA_fee,19.82681362725451,0.018660965006951243
DA_fee,19.85374749498998,0.018679594368740688
DA_fee,19.88068136272545,0.018698122292649864
DA_fee,19.90761523046092,0.01871557186761487
DA_fee,19.934549098196392,0.01873118892863733
DA_fee,19.961482965931864,0.018744434959882476
DA_fee,19.988416833667333,0.018754975871800965
DA_fee,20.015350701402806,0.018762667168529854
DA_fee,20.042284569138275,0.01876753613814882
DA_fee,20.069218436873747,0.018769761771196034
DA_fee,20.09615230460922,0.018769653141680942
DA_fee,20.12308617234469,0.018767626971920224
DA_fee,20.15002004008016,0.018764185052564157
DA_fee,20.17695390781563,0.018759892108845433
DA_fee,20.203887775551102,0.01875535460145672
DA_fee,20.230821643286575,0.01875120083442216
DA_fee,20.257755511022044,0.018748062621891635
DA_fee,20.284689378757513,0.01874655864951107
DA_fee,20.311623246492985,0.018747279561468218
DA_fee,20.338557114228458,0.018750774717589496
DA_fee,20.365490981963926,0.018757540500340442
DA_fee,20.3924248496994,0.01876801001169758
DA_fee,20.419358717434868,0.018782543985108837
DA_fee,20.44629258517034,0.018801422746785586
DA_fee,20.473226452905813,0.018824839090392773
DA_fee,20.50016032064128,0.018852891975539784
DA_fee,20.527094188376754,0.018885581018097283
DA_fee,20.554028056112223,0.018922801803544793
DA_fee,20.580961923847696,0.018964342117443484
DA_fee,20.607895791583168,0.01900987924417921
DA_fee,20.634829659318637,0.019058978531405722
DA_fee,20.661763527054106,0.019111093449117475
DA_fee,20.68869739478958,0.019165567386074066
DA_fee,20.71563126252505,0.019221637420682204
DA_fee,20.742565130260523,0.019278440277954972
DA_fee,20.769498997995992,0.019335020639570204
DA_fee,20.79643286573146,0.01939034191218407
DA_fee,20.823366733466933,0.01944329948282718
DA_fee,20.850300601202406,0.019492736402963624
DA_fee,20.877234468937875,0.01953746134872178
DA_fee,20.904168336673347,0.019576268608315447
DA_fee,20.931102204408816,0.019607959753281147
DA_fee,20.95803607214429,0.019631366562271036
DA_fee,20.98496993987976,0.019645374688897654
DA_fee,21.01190380761523,0.019648947502220963
DA_fee,21.0388376753507,0.019641149483031764
DA_fee,21.06577154308617,0.019621168533579158
DA_fee,21.092705410821644,0.01958833655453375
DA_fee,21.119639278557116,0.019542147661691524
DA_fee,21.146573146292585,0.01948227345630607
DA_fee,21.173507014028054,0.019408574826255562
DA_fee,21.200440881763527,0.019321109838955276
DA_fee,21.227374749499,0.01922013738869095
DA_fee,21.254308617234468,0.019106116377821836
DA_fee,21.28124248496994,0.018979700339398536
DA_fee,21.30817635270541,0.018841727543938497
DA_fee,21.335110220440882,0.018693206770777203
DA_fee,21.362044088176354,0.01853529905969231
DA_fee,21.388977955911823,0.018369295886428872
DA_fee,21.415911823647292,0.018196594321498148
DA_fee,21.442845691382765,0.01801866983065043
DA_fee,21.469779559118237,0.017837047453712816
DA_fee,21.49671342685371,0.01765327215271566
DA_fee,21.52364729458918,0.0174688791479529
DA_fee,21.550581162324647,0.017285365060383796
DA_fee,21.57751503006012,0.017104160650251835
DA_fee,21.604448897795592,0.016926605885776456
DA_fee,21.63138276553106,0.01675392799423199
DA_fee,21.658316633266534,0.016587223043702033
DA_fee,21.685250501002002,0.016427441481287417
DA_fee,21.712184368737475,0.016275377917335455
DA_fee,21.739118236472947,0.016131665300698293
DA_fee,21.766052104208416,0.015996773482782656
DA_fee,21.792985971943885,0.01587101202394192
DA_fee,21.819919839679358,0.015754536960081125
DA_fee,21.84685370741483,0.015647361125225388
DA_fee,21.873787575150303,0.015549367521576846
DA_fee,21.90072144288577,0.01546032514571354
DA_fee,21.92765531062124,0.015379906620520628
DA_fee,21.954589178356713,0.015307706948567893
DA_fee,21.981523046092185,0.015243262694249065
DA_fee,22.008456913827654,0.015186070918322948
DA_fee,22.035390781563127,0.015135607227839699
DA_fee,22.062324649298596,0.015091342364278573
DA_fee,22.089258517034068,0.015052756829896421
DA_fee,22.11619238476954,0.015019353143152128
DA_fee,22.14312625250501,0.014990665414710762
DA_fee,22.17006012024048,0.014966266041924688
DA_fee,22.19699398797595,0.014945769427882375
DA_fee,22.223927855711423,0.014928832737364462
DA_fee,22.250861723446896,0.014915153802935333
DA_fee,22.277795591182365,0.014904466386926243
DA_fee,22.304729458917834,0.014896533086718657
DA_fee,22.331663326653306,0.014891136239519246
DA_fee,22.35859719438878,0.014888067237278979
DA_fee,22.385531062124247,0.014887114701639776
DA_fee,22.41246492985972,0.014888051992415538
DA_fee,22.43939879759519,0.014890624531259859
DA_fee,22.46633266533066,0.014894537415444317
DA_fee,22.493266533066134,0.014899443776103556
DA_fee,22.520200400801603,0.014904934302307351
DA_fee,22.54713426853707,0.014910528308625815
DA_fee,22.574068136272544,0.014915666671430183
DA_fee,22.601002004008016,0.014919706900153946
DA_fee,22.62793587174349,0.014921920546330509
DA_fee,22.654869739478958,0.014921493087608631
DA_fee,22.681803607214427,0.014917526358194428
DA_fee,22.7087374749499,0.014909043533142518
DA_fee,22.73567134268537,0.014894996613206589
DA_fee,22.762605210420844,0.01487427630080824
DA_fee,22.789539078156313,0.014845724106972557
DA_fee,22.816472945891782,0.014808146484309389
DA_fee,22.843406813627254,0.014760330742440186
DA_fee,22.870340681362727,0.014701062469528124
DA_fee,22.897274549098196,0.014629144156385927
DA_fee,22.924208416833665,0.014543414697503169
DA_fee,22.951142284569137,0.014442769425715074
DA_fee,22.97807615230461,0.01432618032366478
DA_fee,23.005010020040082,0.014192716045389776
DA_fee,23.03194388777555,0.01404156137521783
DA_fee,23.05887775551102,0.013872035748883132
DA_fee,23.085811623246492,0.013683610463830915
DA_fee,23.112745490981965,0.013475924212759798
DA_fee,23.139679358717437,0.013248796587412001
DA_fee,23.166613226452906,0.013002239219375624
DA_fee,23.193547094188375,0.012736464252071368
DA_fee,23.220480961923847,0.012451889873833387
DA_fee,23.24741482965932,0.01214914268643407
DA_fee,23.27434869739479,0.011829056736509375
DA_fee,23.301282565130258,0.011492669098601235
DA_fee,23.32821643286573,0.011141211966913697
DA_fee,23.355150300601203,0.010776101286836214
DA_fee,23.382084168336675,0.01039892203482332
DA_fee,23.409018036072144,0.010011410333962084
DA_fee,23.435951903807613,0.009615432669897138
DA_fee,23.462885771543085,0.009212962545005799
DA_fee,23.489819639278558,0.008806054975178747
DA_fee,23.51675350701403,0.008396819290828654
DA_fee,23.5436873747495,0.007987390749746566
DA_fee,23.570621242484968,0.0075799015025399645
DA_fee,23.59755511022044,0.007176451470551146
DA_fee,23.624488977955913,0.006779079700882299
DA_fee,23.651422845691382,0.006389736753532199
DA_fee,23.67835671342685,0.0060102586523036955
DA_fee,23.705290581162323,0.005642342895149963
DA_fee,23.732224448897796,0.005287526972442057
DA_fee,23.75915831663327,0.004947169784957379
DA_fee,23.786092184368737,0.004622436289054687
DA_fee,23.813026052104206,0.004314285626398917
DA_fee,23.83995991983968,0.004023462921565671
DA_fee,23.86689378757515,0.0037504948546212987
DA_fee,23.893827655310623,0.0034956890389179576
DA_fee,23.920761523046092,0.0032591371582883404
DA_fee,23.94769539078156,0.0030407217438388006
DA_fee,23.974629258517034,0.0028401263997772613
DA_fee,24.001563126252506,0.0026568492212324093
DA_fee,24.028496993987975,0.002490219085847346
DA_fee,24.055430861723444,0.0023394144460684597
DA_fee,24.082364729458916,0.0022034842015187955
DA_fee,24.10929859719439,0.002081370191671576
DA_fee,24.13623246492986,0.0019719308192498904
DA_fee,24.16316633266533,0.001873965295352293
DA_fee,24.1901002004008,0.0017862379891178792
DA_fee,24.21703406813627,0.0017075023685052643
DA_fee,24.243967935871744,0.001636524034918603
DA_fee,24.270901803607217,0.0015721023830951363
DA_fee,24.297835671342686,0.001513090458597023
DA_fee,24.324769539078154,0.0014584126377017099
DA_fee,24.351703406813627,0.0014070798172589143
DA_fee,24.3786372745491,0.001358201873503652
DA_fee,24.40557114228457,0.0013109972267697583
DA_fee,24.432505010020037,0.0012647994310487046
DA_fee,24.45943887775551,0.001219060790620139
DA_fee,24.486372745490982,0.001173353087621238
DA_fee,24.513306613226455,0.0011273655814816581
DA_fee,24.540240480961923,0.0010809005108153905
DA_fee,24.567174348697392,0.0010338663880888172
DA_fee,24.594108216432865,0.0009862694250399792
DA_fee,24.621042084168337,0.0009382034607916983
DA_fee,24.64797595190381,0.0008898387838741762
DA_fee,24.67490981963928,0.0008414102436037238
DA_fee,24.701843687374748,0.0007932050357869658
DA_fee,24.72877755511022,0.000745550523526684
DA_fee,24.755711422845692,0.0006988024175922473
DA_fee,24.78264529058116,0.0006533335944975337
DA_fee,24.80957915831663,0.0006095237766177622
DA_fee,24.836513026052103,0.0005677502401590878
DA_fee,24.863446893787575,0.0005283796564824017
DA_fee,24.890380761523048,0.000491761113067361
DA_fee,24.917314629258517,0.000458220305012213
DA_fee,24.944248496993985,0.0004280548388382547
DA_fee,24.971182364729458,0.0004015305495417305
DA_fee,24.99811623246493,0.00037887870085932693
DA_fee,25.025050100200403,0.00036029391858738213
DA_fee,25.051983967935872,0.00034593269794003977
DA_fee,25.07891783567134,0.00033591232818451164
DA_fee,25.105851703406813,0.00033031009042976616
DA_fee,25.132785571142286,0.00032916260623394946
DA_fee,25.159719438877755,0.0003324652439620755
DA_fee,25.186653306613227,0.0003401715245438623
DA_fee,25.213587174348696,0.0003521925061800792
DA_fee,25.24052104208417,0.0003683961662177764
DA_fee,25.26745490981964,0.00038860683543704355
DA_fee,25.29438877755511,0.0004126047730434964
DA_fee,25.32132264529058,0.0004401259976354586
DA_fee,25.34825651302605,0.00047086250852760154
DA_fee,25.375190380761524,0.0005044630416901333
DA_fee,25.402124248496996,0.0005405345043154544
DA_fee,25.429058116232465,0.0005786442213021131
DA_fee,25.455991983967934,0.0006183231059625661
DA_fee,25.482925851703406,0.0006590698367965407
DA_fee,25.50985971943888,0.0007003560835444743
DA_fee,25.536793587174348,0.0007416327807466897
DA_fee,25.56372745490982,0.0007823373978860429
DA_fee,25.59066132264529,0.0008219021043821131
DA_fee,25.61759519038076,0.0008597626779008024
DA_fee,25.644529058116234,0.0008953679583417989
DA_fee,25.671462925851703,0.000928189610053017
DA_fee,25.69839679358717,0.000957731923622714
DA_fee,25.725330661322644,0.0009835413679539654
DA_fee,25.752264529058117,0.0010052155946653077
DA_fee,25.77919839679359,0.00102241160102339
DA_fee,25.806132264529058,0.0010348527747850984
DA_fee,25.833066132264527,0.0010423345740215003
DA_fee,25.86,0.001044728636071845
BA_fee,17.29,0.00604048865602532
BA_fee,17.307254509018037,0.0063524385463491675
BA_fee,17.32450901803607,0.006677078817037639
BA_fee,17.34176352705411,0.00701491163574385
BA_fee,17.359018036072143,0.007366464787447716
BA_fee,17.37627254509018,0.007732291477347462
BA_fee,17.393527054108215,0.008112969824639212
BA_fee,17.410781563126253,0.008509102028041716
BA_fee,17.428036072144288,0.008921313187221593
BA_fee,17.445290581162325,0.009350249768035076
BA_fee,17.46254509018036,0.009796577703681038
BA_fee,17.479799599198397,0.01026098012841775
BA_fee,17.49705410821643,0.010744154745368818
BA_fee,17.51430861723447,0.011246810835075583
BA_fee,17.531563126252504,0.01176966591675969
BA_fee,17.54881763527054,0.012313442079674256
BA_fee,17.566072144288576,0.012878862007333382
BA_fee,17.583326653306614,0.013466644722756072
BA_fee,17.600581162324648,0.014077501088011956
BA_fee,17.617835671342686,0.014712129096248448
BA_fee,17.63509018036072,0.015371208998881164
BA_fee,17.652344689378758,0.016055398314682574
BA_fee,17.669599198396792,0.016765326770983156
BA_fee,17.68685370741483,0.0175015912300567
BA_fee,17.704108216432864,0.018264750655885013
BA_fee,17.721362725450902,0.019055321177868765
BA_fee,17.738617234468936,0.01987377130857099
BA_fee,17.755871743486974,0.02072051737226212
BA_fee,17.77312625250501,0.021595919199810163
BA_fee,17.790380761523046,0.02250027614337214
BA_fee,17.80763527054108,0.023433823461361893
BA_fee,17.82488977955912,0.024396729120362823
BA_fee,17.842144288577153,0.025389091056040192
BA_fee,17.85939879759519,0.026410934929785326
BA_fee,17.876653306613225,0.027462212411830108
BA_fee,17.893907815631263,0.028542800015058496
BA_fee,17.911162324649297,0.029652498496757034
BA_fee,17.928416833667335,0.030791032838277024
BA_fee,17.94567134268537,0.03195805280508268
BA_fee,17.962925851703407,0.03315313408214388
BA_fee,17.98018036072144,0.03437577997215982
BA_fee,17.99743486973948,0.03562542363688273
BA_fee,18.014689378757513,0.036901430854904625
BA_fee,18.03194388777555,0.038203103262889476
BA_fee,18.049198396793585,0.039529682041406354
BA_fee,18.066452905811623,0.04088035200144104
BA_fee,18.083707414829657,0.04225424602334131
BA_fee,18.100961923847695,0.04365044979654371
BA_fee,18.11821643286573,0.04506800680592048
BA_fee,18.135470941883767,0.046505923509064705
BA_fee,18.1527254509018,0.04796317464828188
BA_fee,18.16997995991984,0.04943870864150114
BA_fee,18.187234468937874,0.050931452997694394
BA_fee,18.20448897795591,0.052440319704694635
BA_fee,18.221743486973946,0.05396421054041757
BA_fee,18.238997995991983,0.05550202226238817
BA_fee,18.256252505010018,0.05705265163497271
BA_fee,18.273507014028056,0.05861500025879988
BA_fee,18.29076152304609,0.06018797917228814
BA_fee,18.308016032064128,0.06177051320094787
BA_fee,18.325270541082162,0.06336154503595538
BA_fee,18.3425250501002,0.06496003902935414
BA_fee,18.359779559118234,0.06656498469890099
BA_fee,18.377034068136272,0.06817539994098029
BA_fee,18.394288577154306,0.0697903339549539
BA_fee,18.411543086172344,0.07140886988677317
BA_fee,18.428797595190378,0.07303012720344877
BA_fee,18.446052104208416,0.07465326381307687
BA_fee,18.46330661322645,0.07627747794737783
BA_fee,18.480561122244488,0.07790200982519258
BA_fee,18.497815631262526,0.0795261431159643
BA_fee,18.51507014028056,0.08114920622199223
BA_fee,18.532324649298594,0.08277057339716717
BA_fee,18.549579158316632,0.08438966571802514
BA_fee,18.56683366733467,0.08600595192037097
BA_fee,18.584088176352704,0.08761894911150922
BA_fee,18.60134268537074,0.08922822336436444
BA_fee,18.618597194388776,0.0908333901956196
BA_fee,18.635851703406814,0.09243411492557142
BA_fee,18.65310621242485,0.09403011291284281
BA_fee,18.670360721442886,0.09562114965255263
BA_fee,18.68761523046092,0.09720704072217638
BA_fee,18.70486973947896,0.09878765155530805
BA_fee,18.722124248496993,0.10036289701996418
BA_fee,18.73937875751503,0.10193274077515624
BA_fee,18.756633266533065,0.10349719437726136
BA_fee,18.773887775551103,0.10505631610641754
BA_fee,18.791142284569137,0.1066102094828236
BA_fee,18.808396793587175,0.10815902144351973
BA_fee,18.82565130260521,0.10970294015201225
BA_fee,18.842905811623247,0.11124219241603296
BA_fee,18.86016032064128,0.11277704069275331
BA_fee,18.87741482965932,0.11430777966592891
BA_fee,18.894669338677353,0.11583473238560638
BA_fee,18.91192384769539,0.11735824596818928
BA_fee,18.929178356713425,0.11887868686262898
BA_fee,18.946432865731463,0.12039643569720189
BA_fee,18.963687374749497,0.12191188173057814
BA_fee,18.980941883767535,0.1234254169405038
BA_fee,18.99819639278557,0.12493742979316333
BA_fee,19.015450901803607,0.1264482987460512
BA_fee,19.03270541082164,0.12795838554659658
BA_fee,19.04995991983968,0.12946802839776025
BA_fee,19.067214428857714,0.13097753507001653
BA_fee,19.08446893787575,0.13248717604641747
BA_fee,19.101723446893786,0.1339971777934997
BA_fee,19.118977955911824,0.13550771625553698
BA_fee,19.136232464929858,0.13701891067278613
BA_fee,19.153486973947896,0.138530817825861
BA_fee,19.17074148296593,0.14004342680798182
BA_fee,19.187995991983968,0.14155665442458953
BA_fee,19.205250501002002,0.14307034131552787
BA_fee,19.22250501002004,0.144584248888771
BA_fee,19.239759519038074,0.1460980571464519
BA_fee,19.257014028056112,0.14761136347385248
BA_fee,19.274268537074146,0.14912368245011576
BA_fee,19.291523046092184,0.15063444672593326
BA_fee,19.30877755511022,0.15214300899850364
BA_fee,19.326032064128256,0.15364864509789636
BA_fee,19.34328657314629,0.15515055818183512
BA_fee,19.36054108216433,0.15664788401817914
BA_fee,19.377795591182363,0.15813969731626112
BA_fee,19.3950501002004,0.15962501905016155
BA_fee,19.412304609218435,0.16110282469923232
BA_fee,19.429559118236472,0.16257205331414393
BA_fee,19.446813627254507,0.16403161730068352
BA_fee,19.464068136272545,0.16548041279893305
BA_fee,19.48132264529058,0.1669173305224735
BA_fee,19.498577154308617,0.16834126691135282
BA_fee,19.51583166332665,0.1697511354438452
BA_fee,19.53308617234469,0.1711458779458207
BA_fee,19.550340681362723,0.17252447573302412
BA_fee,19.56759519038076,0.17388596042079113
BA_fee,19.584849699398795,0.17522942423790017
BA_fee,19.602104208416833,0.17655402968627265
BA_fee,19.619358717434867,0.17785901839620472
BA_fee,19.636613226452905,0.17914371903749282
BA_fee,19.65386773547094,0.1804075541602039
BA_fee,19.671122244488977,0.18165004585466993
BA_fee,19.688376753507015,0.18287082013828407
BA_fee,19.70563126252505,0.18406960999660754
BA_fee,19.722885771543083,0.18524625702777756
BA_fee,19.74014028056112,0.18640071166186578
BA_fee,19.75739478957916,0.18753303195027593
BA_fee,19.774649298597193,0.18864338094405356
BA_fee,19.791903807615228,0.1897320227036627
BA_fee,19.809158316633265,0.19079931700595046
BA_fee,19.826412825651303,0.1918457128361371
BA_fee,19.843667334669338,0.19287174077344246
BA_fee,19.860921843687372,0.19387800439786368
BA_fee,19.87817635270541,0.19486517086229826
BA_fee,19.895430861723447,0.19583396078839932
BA_fee,19.91268537074148,0.19678513765584948
BA_fee,19.929939879759516,0.19771949686297552
BA_fee,19.947194388777554,0.19863785464159237
BA_fee,19.96444889779559,0.19954103701055007
BA_fee,19.981703406813626,0.20042986895056866
BA_fee,19.998957915831664,0.20130516397765488
BA_fee,20.016212424849698,0.20216771428371388
BA_fee,20.033466933867736,0.20301828160109817
BA_fee,20.05072144288577,0.2038575889329509
BA_fee,20.067975951903808,0.20468631327360243
BA_fee,20.085230460921842,0.20550507942326504
BA_fee,20.10248496993988,0.20631445497928075
BA_fee,20.119739478957914,0.20711494656253565
BA_fee,20.136993987975952,0.20790699731298054
BA_fee,20.154248496993986,0.20869098566278071
BA_fee,20.171503006012024,0.2094672253701835
BA_fee,20.18875751503006,0.21023596677201606
BA_fee,20.206012024048096,0.21099739918858562
BA_fee,20.22326653306613,0.21175165439185534
BA_fee,20.24052104208417,0.2124988110268439
BA_fee,20.257775551102203,0.21323889985748543
BA_fee,20.27503006012024,0.21397190969220672
BA_fee,20.292284569138275,0.21469779383148815
BA_fee,20.309539078156313,0.21541647686998128
BA_fee,20.326793587174347,0.216127861679593
BA_fee,20.344048096192385,0.21683183639740092
BA_fee,20.36130260521042,0.21752828124341295
BA_fee,20.378557114228457,0.2182170749980635
BA_fee,20.39581162324649,0.21889810097775617
BA_fee,20.41306613226453,0.21957125235863642
BA_fee,20.430320641282563,0.22023643671383383
BA_fee,20.4475751503006,0.22089357964729855
BA_fee,20.464829659318635,0.22154262742777833
BA_fee,20.482084168336673,0.22218354854895603
BA_fee,20.499338677354707,0.2228163341658141
BA_fee,20.516593186372745,0.22344099738247222
BA_fee,20.53384769539078,0.22405757139245364
BA_fee,20.551102204408817,0.2246661064980617
BA_fee,20.56835671342685,0.22526666606080445
BA_fee,20.58561122244489,0.22585932145894105
BA_fee,20.602865731462924,0.22644414615087646
BA_fee,20.62012024048096,0.22702120896373737
BA_fee,20.637374749498996,0.2275905667446034
BA_fee,20.654629258517033,0.22815225652725638
BA_fee,20.671883767535068,0.2287062873795043
BA_fee,20.689138276553106,0.22925263210503946
BA_fee,20.70639278557114,0.22979121897911373
BA_fee,20.723647294589178,0.23032192369903431
BA_fee,20.740901803607212,0.23084456172859597
BA_fee,20.75815631262525,0.2313588812100551
BA_fee,20.775410821643284,0.23186455660834046
BA_fee,20.792665330661322,0.23236118324004068
BA_fee,20.809919839679356,0.23284827282458506
BA_fee,20.827174348697394,0.23332525017727132
BA_fee,20.844428857715428,0.2337914511437726
BA_fee,20.861683366733466,0.23424612185387947
BA_fee,20.8789378757515,0.23468841934894408
BA_fee,20.896192384769538,0.23511741361327812
BA_fee,20.913446893787572,0.2355320910150651
BA_fee,20.93070140280561,0.23593135913765417
BA_fee,20.947955911823648,0.23631405295790658
BA_fee,20.965210420841682,0.23667894230495037
BA_fee,20.982464929859717,0.23702474051074213
BA_fee,20.999719438877754,0.23735011414358295
BA_fee,21.016973947895792,0.2376536936975133
BA_fee,21.034228456913826,0.23793408509466848
BA_fee,21.05148296593186,0.2381898818443808
BA_fee,21.0687374749499,0.23841967769228994
BA_fee,21.085991983967936,0.23862207958511905
BA_fee,21.10324649298597,0.23879572077211636
BA_fee,21.120501002004005,0.23893927386248087
BA_fee,21.137755511022043,0.2390514636593985
BA_fee,21.15501002004008,0.23913107959547608
BA_fee,21.172264529058115,0.23917698760121728
BA_fee,21.18951903807615,0.2391881412476739
BA_fee,21.206773547094187,0.23916359201618678
BA_fee,21.224028056112225,0.23910249856202073
BA_fee,21.24128256513026,0.23900413485444325
BA_fee,21.258537074148297,0.23886789709305523
BA_fee,21.27579158316633,0.2386933093186699
BA_fee,21.29304609218437,0.23848002765642978
BA_fee,21.310300601202403,0.23822784314883558
BA_fee,21.327555110220437,0.23793668315659067
BA_fee,21.344809619238475,0.2376066113253132
BA_fee,21.362064128256513,0.23723782613600164
BA_fee,21.379318637274547,0.23683065807620707
BA_fee,21.396573146292585,0.23638556548709827
BA_fee,21.41382765531062,0.2359031291585123
BA_fee,21.431082164328657,0.23538404575965363
BA_fee,21.44833667334669,0.234829120206968
BA_fee,21.46559118236473,0.23423925708277546
BA_fee,21.482845691382764,0.23361545122834948
BA_fee,21.5001002004008,0.23295877764314524
BA_fee,21.517354709418836,0.23227038082773765
BA_fee,21.534609218436874,0.2315514637117242
BA_fee,21.551863727454908,0.23080327630929276
BA_fee,21.569118236472946,0.2300271042444764
BA_fee,21.58637274549098,0.2292242572853165
BA_fee,21.603627254509018,0.22839605802134427
BA_fee,21.620881763527052,0.22754383081210985
BA_fee,21.63813627254509,0.2266688911261086
BA_fee,21.655390781563124,0.2257725353795147
BA_fee,21.672645290581162,0.22485603137291268
BA_fee,21.689899799599196,0.22392060941189812
BA_fee,21.707154308617234,0.22296745418424788
BA_fee,21.72440881763527,0.2219976974526485
BA_fee,21.741663326653306,0.2210124116078824
BA_fee,21.75891783567134,0.22001260411330273
BA_fee,21.77617234468938,0.21899921285747045
BA_fee,21.793426853707413,0.21797310241842854
BA_fee,21.81068136272545,0.21693506123026024
BA_fee,21.827935871743485,0.21588579963073992
BA_fee,21.845190380761522,0.21482594875808075
BA_fee,21.862444889779557,0.21375606025521923
BA_fee,21.879699398797595,0.21267660673191066
BA_fee,21.89695390781563,0.21158798292817793
BA_fee,21.914208416833667,0.21049050751744938
BA_fee,21.9314629258517,0.20938442548404948
BA_fee,21.94871743486974,0.20826991100756598
BA_fee,21.965971943887773,0.20714707078591704
BA_fee,21.98322645290581,0.20601594772964793
BA_fee,22.000480961923845,0.20487652496197142
BA_fee,22.017735470941883,0.203728730062097
BA_fee,22.034989979959917,0.2025724394935313
BA_fee,22.052244488977955,0.2014074831637853
BA_fee,22.069498997995993,0.20023364906739874
BA_fee,22.086753507014027,0.19905068797000142
BA_fee,22.10400801603206,0.19785831809714038
BA_fee,22.1212625250501,0.19665622979764458
BA_fee,22.138517034068137,0.19544409015715336
BA_fee,22.15577154308617,0.1942215475429505
BA_fee,22.173026052104206,0.19298823606630794
BA_fee,22.190280561122243,0.1917437799529883
BA_fee,22.20753507014028,0.19048779781632288
BA_fee,22.224789579158315,0.18921990683029255
BA_fee,22.24204408817635,0.18793972680225016
BA_fee,22.259298597194388,0.18664688414638056
BA_fee,22.276553106212425,0.18534101575959644
BA_fee,22.29380761523046,0.184021772801533
BA_fee,22.311062124248494,0.18268882437953707
BA_fee,22.32831663326653,0.1813418611382383
BA_fee,22.34557114228457,0.17998059875153646
BA_fee,22.362825651302604,0.17860478131265775
BA_fee,22.380080160320638,0.17721418461563512
BA_fee,22.397334669338676,0.1758086193190649
BA_fee,22.414589178356714,0.17438793398057564
BA_fee,22.431843687374748,0.17295201794812542
BA_fee,22.449098196392782,0.17150080409220134
BA_fee,22.46635270541082,0.1700342713612665
BA_fee,22.483607214428858,0.168552447141486
BA_fee,22.500861723446892,0.16705540940093133
BA_fee,22.518116232464926,0.16554328859813192
BA_fee,22.535370741482964,0.16401626933506017
BA_fee,22.552625250501002,0.16247459173535106
BA_fee,22.569879759519036,0.160918552529817
BA_fee,22.58713426853707,0.15934850583303384
BA_fee,22.60438877755511,0.15776486359692765
BA_fee,22.621643286573146,0.1561680957297815
BA_fee,22.63889779559118,0.15455872987190575
BA_fee,22.65615230460922,0.15293735082219387
BA_fee,22.673406813627253,0.15130459961295215
BA_fee,22.69066132264529,0.14966117223356976
BA_fee,22.707915831663325,0.14800781800676108
BA_fee,22.725170340681363,0.14634533762418947
BA_fee,22.742424849699397,0.1446745808511832
BA_fee,22.759679358717435,0.14299644391296196
BA_fee,22.77693386773547,0.14131186657725125
BA_fee,22.794188376753507,0.1396218289503182
BA_fee,22.81144288577154,0.13792734800537787
BA_fee,22.82869739478958,0.13622947386388387
BA_fee,22.845951903807613,0.13452928585155383
BA_fee,22.86320641282565,0.13282788835200388
BA_fee,22.880460921843685,0.13112640648170643
BA_fee,22.897715430861723,0.12942598161056698
BA_fee,22.914969939879757,0.12772776675290365
BA_fee,22.932224448897795,0.12603292185390405
BA_fee,22.94947895791583,0.12434260899691375
BA_fee,22.966733466933867,0.1226579875570924
BA_fee,22.9839879759519,0.12098020932717912
BA_fee,23.00124248496994,0.11931041364128821
BA_fee,23.018496993987974,0.11764972252291002
BA_fee,23.03575150300601,0.11599923588353593
BA_fee,23.053006012024046,0.11436002679863816
BA_fee,23.070260521042083,0.11273313688804293
BA_fee,23.087515030060118,0.1111195718280736
BA_fee,23.104769539078156,0.10952029702310398
BA_fee,23.12202404809619,0.10793623346441446
BA_fee,23.139278557114228,0.10636825380433496
BA_fee,23.156533066132262,0.10481717867362478
BA_fee,23.1737875751503,0.10328377326978225
BA_fee,23.191042084168334,0.10176874424348488
BA_fee,23.208296593186372,0.10027273690954058
BA_fee,23.225551102204406,0.09879633280760465
BA_fee,23.242805611222444,0.09734004763637881
BA_fee,23.260060120240478,0.09590432958311951
BA_fee,23.277314629258516,0.09448955806792135
BA_fee,23.29456913827655,0.09309604291952762
BA_fee,23.311823647294588,0.09172402399623235
BA_fee,23.329078156312626,0.09037367126192845
BA_fee,23.34633266533066,0.0890450853234388
BA_fee,23.363587174348694,0.08773829843107328
BA_fee,23.380841683366732,0.08645327593990376
BA_fee,23.39809619238477,0.08518991822460475
BA_fee,23.415350701402804,0.08394806303595484
BA_fee,23.43260521042084,0.08272748828231086
BA_fee,23.449859719438876,0.08152791521463343
BA_fee,23.467114228456914,0.08034901198904384
BA_fee,23.48436873747495,0.07919039757650721
BA_fee,23.501623246492983,0.07805164598516766
BA_fee,23.51887775551102,0.0769322907571605
BA_fee,23.53613226452906,0.07583182969846317
BA_fee,23.553386773547093,0.07474972979761065
BA_fee,23.570641282565127,0.07368543228690642
BA_fee,23.587895791583165,0.0726383577981675
BA_fee,23.605150300601203,0.07160791156406617
BA_fee,23.622404809619237,0.07059348861579756
BA_fee,23.63965931863727,0.06959447892810258
BA_fee,23.65691382765531,0.06861027246360113
BA_fee,23.674168336673347,0.06764026406991648
BA_fee,23.69142284569138,0.06668385818516996
BA_fee,23.708677354709415,0.06574047331004941
BA_fee,23.725931863727453,0.064809546207748
BA_fee,23.74318637274549,0.06389053579657687
BA_fee,23.760440881763525,0.06298292670392204
BA_fee,23.77769539078156,0.06208623245435915
BA_fee,23.794949899799597,0.06119999826909531
BA_fee,23.812204408817635,0.06032380345842954
BA_fee,23.82945891783567,0.059457263393493075
BA_fee,23.846713426853704,0.05860003104815209
BA_fee,23.86396793587174,0.05775179810650331
BA_fee,23.88122244488978,0.056912295635861546
BA_fee,23.898476953907814,0.056081294329440895
BA_fee,23.915731462925848,0.05525860432705511
BA_fee,23.932985971943886,0.054444074626051255
BA_fee,23.950240480961924,0.053637592098317165
BA_fee,23.967494989979958,0.052839080132553826
BA_fee,23.984749498997996,0.0520484969240441
BA_fee,24.00200400801603,0.05126583343689286
BA_fee,24.019258517034068,0.05049111106611571
BA_fee,24.036513026052102,0.04972437902905839
BA_fee,24.05376753507014,0.048965711517390126
BA_fee,24.071022044088174,0.048215204642382596
BA_fee,24.088276553106212,0.047472973207321204
BA_fee,24.105531062124246,0.046739147341749325
BA_fee,24.122785571142284,0.04601386903278682
BA_fee,24.14004008016032,0.045297288589040446
BA_fee,24.157294589178356,0.04458956107260454
BA_fee,24.17454909819639,0.04389084273437595
BA_fee,24.19180360721443,0.04320128748737041
BA_fee,24.209058116232463,0.0425210434519366
BA_fee,24.2263126252505,0.041850249605724706
BA_fee,24.243567134268535,0.04118903256999964
BA_fee,24.260821643286572,0.04053750356237128
BA_fee,24.278076152304607,0.039895755544291554
BA_fee,24.295330661322645,0.039263860589705386
BA_fee,24.31258517034068,0.038641867499093444
BA_fee,24.329839679358717,0.038029799680774704
BA_fee,24.34709418837675,0.03742765331879831
BA_fee,24.36434869739479,0.03683539584402751
BA_fee,24.381603206412823,0.03625296472215574
BA_fee,24.39885771543086,0.03568026656937692
BA_fee,24.416112224448895,0.03511717660332183
BA_fee,24.433366733466933,0.034563538433661674
BA_fee,24.450621242484967,0.03401916419352616
BA_fee,24.467875751503005,0.033483835009590096
BA_fee,24.48513026052104,0.032957301805413154
BA_fee,24.502384769539077,0.03243928642937394
BA_fee,24.51963927855711,0.03192948309539119
BA_fee,24.53689378757515,0.031427560121581696
BA_fee,24.554148296593183,0.030933161949114378
BA_fee,24.57140280561122,0.03044591142082113
BA_fee,24.58865731462926,0.029965412296642166
BA_fee,24.605911823647293,0.029491251980747896
BA_fee,24.623166332665328,0.02902300443323027
BA_fee,24.640420841683365,0.02856023323760008
BA_fee,24.657675350701403,0.02810249479399384
BA_fee,24.674929859719438,0.02764934160699334
BA_fee,24.692184368737472,0.027200325636307796
BA_fee,24.70943887775551,0.02675500167825418
BA_fee,24.726693386773547,0.026312930746008704
BA_fee,24.74394789579158,0.02587368341697079
BA_fee,24.761202404809616,0.025436843116278786
BA_fee,24.778456913827654,0.025002009306519937
BA_fee,24.79571142284569,0.024568800554964725
BA_fee,24.812965931863726,0.024136857451208735
BA_fee,24.83022044088176,0.023705845349889107
BA_fee,24.847474949899798,0.023275456915131516
BA_fee,24.864729458917836,0.022845414445542032
BA_fee,24.88198396793587,0.022415471960861657
BA_fee,24.899238476953904,0.021985417033807898
BA_fee,24.916492985971942,0.02155507235311588
BA_fee,24.93374749498998,0.021124297006325166
BA_fee,24.951002004008014,0.020692987473411917
BA_fee,24.96825651302605,0.02026107832492023
BA_fee,24.985511022044086,0.019828542620766464
BA_fee,25.002765531062124,0.019395392008372966
BA_fee,25.02002004008016,0.018961676521202533
BA_fee,25.037274549098193,0.01852748408111142
BA_fee,25.05452905811623,0.01809293971019833
BA_fee,25.07178356713427,0.017658204459995986
BA_fee,25.089038076152303,0.017223474067922715
BA_fee,25.106292585170337,0.01678897735289004
BA_fee,25.123547094188375,0.016354974363826377
BA_fee,25.140801603206413,0.015921754296649316
BA_fee,25.158056112224447,0.015489633196875859
BA_fee,25.17531062124248,0.015058951466615322
BA_fee,25.19256513026052,0.0146300711961318
BA_fee,25.209819639278557,0.014203373341486854
BA_fee,25.22707414829659,0.013779254770977018
BA_fee,25.24432865731463,0.013358125204157828
BA_fee,25.261583166332663,0.012940404068175641
BA_fee,25.2788376753507,0.012526517296910728
BA_fee,25.296092184368735,0.01211689409905506
BA_fee,25.31334669338677,0.011711963721678176
BA_fee,25.330601202404807,0.011312152236081258
BA_fee,25.347855711422845,0.01091787937276468
BA_fee,25.36511022044088,0.010529555432137553
BA_fee,25.382364729458914,0.010147578297160217
BA_fee,25.39961923847695,0.0097723305734187
BA_fee,25.41687374749499,0.009404176881173598
BA_fee,25.434128256513024,0.009043461322703488
BA_fee,25.451382765531058,0.008690505146763757
BA_fee,25.468637274549096,0.008345604630219166
BA_fee,25.485891783567133,0.008009029194877101
BA_fee,25.50314629258517,0.007681019775270477
BA_fee,25.520400801603206,0.007361787450630787
BA_fee,25.53765531062124,0.007051512351574784
BA_fee,25.554909819639278,0.006750342849131555
BA_fee,25.572164328657315,0.0064583950307009075
BA_fee,25.58941883767535,0.006175752464389406
BA_fee,25.606673346693384,0.005902466249969
BA_fee,25.623927855711422,0.005638555351485552
BA_fee,25.64118236472946,0.005384007203360875
BA_fee,25.658436873747494,0.005138778578732575
BA_fee,25.675691382765528,0.0049027967058137695
BA_fee,25.692945891783566,0.00467596061527097
BA_fee,25.710200400801604,0.004458142699067009
BA_fee,25.727454909819638,0.004249190458940244
BA_fee,25.744709418837672,0.00404892842072133
BA_fee,25.76196392785571,0.0038571601890729224
BA_fee,25.779218436873748,0.00367367061598849
BA_fee,25.796472945891782,0.0034982280555348314
BA_fee,25.813727454909817,0.003330586676877603
BA_fee,25.830981963927854,0.0031704888075965395
BA_fee,25.848236472945892,0.003017667279673056
BA_fee,25.865490981963926,0.002871847751310489
BA_fee,25.88274549098196,0.0027327509789036937
BA_fee,25.9,0.0026000950149901057
AMM_fee,22.82,0.0017624597312549818
AMM_fee,22.834509018036073,0.0017990152331043203
AMM_fee,22.849018036072145,0.0018352584402405855
AMM_fee,22.863527054108218,0.0018714478807628388
AMM_fee,22.87803607214429,0.0019078742530272174
AMM_fee,22.89254509018036,0.001944858437807067
AMM_fee,22.907054108216432,0.0019827490917987203
AMM_fee,22.921563126252504,0.002021919860189318
AMM_fee,22.936072144288577,0.0020627662534069596
AMM_fee,22.95058116232465,0.002105702239643872
AMM_fee,22.965090180360722,0.002151156610133388
AMM_fee,22.979599198396794,0.0021995691783503815
AMM_fee,22.994108216432867,0.0022513868772044746
AMM_fee,23.00861723446894,0.0023070598198507678
AMM_fee,23.023126252505012,0.002367037389933281
AMM_fee,23.03763527054108,0.0024317644259163203
AMM_fee,23.052144288577153,0.0025016775616936823
AMM_fee,23.066653306613226,0.002577201781973619
AMM_fee,23.0811623246493,0.002658747246123773
AMM_fee,23.09567134268537,0.002746706428352517
AMM_fee,23.110180360721444,0.002841451615451404
AMM_fee,23.124689378757516,0.002943332795990609
AMM_fee,23.13919839679359,0.0030526759670177635
AMM_fee,23.15370741482966,0.003169781876142125
AMM_fee,23.16821643286573,0.003294925208565849
AMM_fee,23.182725450901803,0.0034283542203317305
AMM_fee,23.197234468937875,0.0035702908109564386
AMM_fee,23.211743486973948,0.003720931020870254
AMM_fee,23.22625250501002,0.0038804459318268775
AMM_fee,23.240761523046093,0.004048982941811373
AMM_fee,23.255270541082165,0.004226667380065102
AMM_fee,23.269779559118238,0.004413604422759098
AMM_fee,23.28428857715431,0.004609881265646964
AMM_fee,23.29879759519038,0.004815569506772812
AMM_fee,23.31330661322645,0.005030727690029163
AMM_fee,23.327815631262524,0.00525540395906887
AMM_fee,23.342324649298597,0.005489638770775456
AMM_fee,23.35683366733467,0.005733467618162707
AMM_fee,23.37134268537074,0.005986923714175758
AMM_fee,23.385851703406814,0.006250040590352986
AMM_fee,23.400360721442887,0.006522854567609015
AMM_fee,23.41486973947896,0.006805407060443079
AMM_fee,23.429378757515032,0.007097746680565385
AMM_fee,23.4438877755511,0.007399931111164836
AMM_fee,23.458396793587173,0.007712028728696782
AMM_fee,23.472905811623246,0.00803411995502058
AMM_fee,23.48741482965932,0.00836629832882954
AMM_fee,23.50192384769539,0.008708671291443714
AMM_fee,23.516432865731463,0.009061360688028118
AMM_fee,23.530941883767536,0.009424502991008332
AMM_fee,23.54545090180361,0.00979824925772681
AMM_fee,23.55995991983968,0.010182764839073896
AMM_fee,23.57446893787575,0.010578228859801432
AMM_fee,23.588977955911822,0.010984833494364608
AMM_fee,23.603486973947895,0.011402783064330603
AMM_fee,23.617995991983967,0.011832292984581988
AMM_fee,23.63250501002004,0.012273588585654345
AMM_fee,23.647014028056113,0.012726903838594223
AMM_fee,23.661523046092185,0.013192480006711865
AMM_fee,23.676032064128258,0.013670564245602779
AMM_fee,23.69054108216433,0.014161408168927005
AMM_fee,23.705050100200403,0.014665266392808697
AMM_fee,23.71955911823647,0.015182395066533697
AMM_fee,23.734068136272544,0.015713050391705362
AMM_fee,23.748577154308617,0.016257487126400932
AMM_fee,23.76308617234469,0.016815957065446887
AMM_fee,23.77759519038076,0.017388707482960924
AMM_fee,23.792104208416834,0.017975979519100328
AMM_fee,23.806613226452907,0.018578006489778438
AMM_fee,23.82112224448898,0.01919501209623427
AMM_fee,23.83563126252505,0.01982720851098454
AMM_fee,23.85014028056112,0.020474794318058466
AMM_fee,23.864649298597193,0.021137952288626503
AMM_fee,23.879158316633266,0.0218168469782688
AMM_fee,23.89366733466934,0.02251162213919138
AMM_fee,23.90817635270541,0.023222397949588722
AMM_fee,23.922685370741483,0.023949268072935726
AMM_fee,23.937194388777556,0.02469229657201537
AMM_fee,23.95170340681363,0.02545151471563116
AMM_fee,23.9662124248497,0.02622691772984182
AMM_fee,23.980721442885773,0.027018461559705245
AMM_fee,23.995230460921842,0.027826059721452755
AMM_fee,24.009739478957915,0.028649580338166752
AMM_fee,24.024248496993987,0.029488843463844304
AMM_fee,24.03875751503006,0.03034361881063558
AMM_fee,24.053266533066132,0.0312136240014819
AMM_fee,24.067775551102205,0.03209852347483494
AMM_fee,24.082284569138277,0.03299792816917127
AMM_fee,24.09679358717435,0.03391139611221151
AMM_fee,24.11130260521042,0.034838434032858676
AMM_fee,24.12581162324649,0.03577850010268154
AMM_fee,24.140320641282564,0.03673100789823637
AMM_fee,24.154829659318636,0.03769533165573427
AMM_fee,24.16933867735471,0.03867081286570507
AMM_fee,24.18384769539078,0.03965676822775422
AMM_fee,24.198356713426854,0.04065249895474885
AMM_fee,24.212865731462927,0.041657301382384444
AMM_fee,24.227374749499,0.04267047880484238
AMM_fee,24.24188376753507,0.043691354420963675
AMM_fee,24.25639278557114,0.04471928523894797
AMM_fee,24.270901803607213,0.04575367675201604
AMM_fee,24.285410821643286,0.04679399816375137
AMM_fee,24.299919839679358,0.04783979791097395
AMM_fee,24.31442885771543,0.04889071920496354
AMM_fee,24.328937875751503,0.04994651528961031
AMM_fee,24.343446893787576,0.05100706409842885
AMM_fee,24.357955911823648,0.05207238198211293
AMM_fee,24.37246492985972,0.05314263617500578
AMM_fee,24.38697394789579,0.054218155672977615
AMM_fee,24.401482965931862,0.05529944020701686
AMM_fee,24.415991983967935,0.05638716701641244
AMM_fee,24.430501002004007,0.057482195152655575
AMM_fee,24.44501002004008,0.05858556707977835
AMM_fee,24.459519038076152,0.05969850737825678
AMM_fee,24.474028056112225,0.060822418407162494
AMM_fee,24.488537074148297,0.061958872832041406
AMM_fee,24.50304609218437,0.0631096029829973
AMM_fee,24.517555110220442,0.06427648706751056
AMM_fee,24.53206412825651,0.06546153232431767
AMM_fee,24.546573146292584,0.0666668552669131
AMM_fee,24.561082164328656,0.0678946592264625
AMM_fee,24.57559118236473,0.06914720946282814
AMM_fee,24.5901002004008,0.07042680616755026
AMM_fee,24.604609218436874,0.0717357557328125
AMM_fee,24.619118236472946,0.07307634070438465
AMM_fee,24.63362725450902,0.0744507888732881
AMM_fee,24.64813627254509,0.07586124198953881
AMM_fee,24.66264529058116,0.07730972460112868
AMM_fee,24.677154308617233,0.07879811353186293
AMM_fee,24.691663326653305,0.080328108512517
AMM_fee,24.706172344689378,0.08190120447094189
AMM_fee,24.72068136272545,0.08351866596834594
AMM_fee,24.735190380761523,0.08518150424139892
AMM_fee,24.749699398797596,0.0868904572735833
AMM_fee,24.764208416833668,0.08864597327507255
AMM_fee,24.77871743486974,0.09044819789926882
AMM_fee,24.793226452905813,0.09229696546696213
AMM_fee,24.807735470941882,0.09419179440705479
AMM_fee,24.822244488977955,0.09613188705707701
AMM_fee,24.836753507014027,0.09811613389859207
AMM_fee,24.8512625250501,0.10014312223329638
AMM_fee,24.865771543086172,0.10221114923639128
AMM_fee,24.880280561122245,0.10431823925589079
AMM_fee,24.894789579158317,0.10646216516102132
AMM_fee,24.90929859719439,0.10864047348090834
AMM_fee,24.923807615230462,0.11085051301718518
AMM_fee,24.93831663326653,0.11308946656197327
AMM_fee,24.952825651302604,0.11535438530650283
AMM_fee,24.967334669338676,0.117642225486114
AMM_fee,24.98184368737475,0.1199498867749837
AMM_fee,24.99635270541082,0.12227425191897241
AMM_fee,25.010861723446894,0.12461222707769906
AMM_fee,25.025370741482966,0.12696078233747843
AMM_fee,25.03987975951904,0.12931699185498322
AMM_fee,25.05438877755511,0.13167807309737134
AMM_fee,25.068897795591184,0.13404142465788113
AMM_fee,25.083406813627253,0.13640466214621827
AMM_fee,25.097915831663325,0.13876565168006677
AMM_fee,25.112424849699398,0.14112254053719428
AMM_fee,25.12693386773547,0.1434737845664358
AMM_fee,25.141442885771543,0.1458181719996253
AMM_fee,25.155951903807615,0.14815484335466675
AMM_fee,25.170460921843688,0.15048330717168829
AMM_fee,25.18496993987976,0.15280345137882212
AMM_fee,25.19947895791583,0.15511555014082717
AMM_fee,25.213987975951902,0.15742026610170057
AMM_fee,25.228496993987974,0.15971864799078392
AMM_fee,25.243006012024047,0.16201212361986628
AMM_fee,25.25751503006012,0.1643024883555519
AMM_fee,25.272024048096192,0.16659188920597004
AMM_fee,25.286533066132264,0.16888280471294045
AMM_fee,25.301042084168337,0.17117802088934717
AMM_fee,25.31555110220441,0.17348060348598904
AMM_fee,25.330060120240482,0.17579386691205753
AMM_fee,25.344569138276555,0.17812134016816678
AMM_fee,25.359078156312624,0.1804667301800767
AMM_fee,25.373587174348696,0.18283388294472627
AMM_fee,25.38809619238477,0.18522674291761773
AMM_fee,25.40260521042084,0.18764931108206584
AMM_fee,25.417114228456914,0.190105602146192
AMM_fee,25.431623246492986,0.19259960131313053
AMM_fee,25.44613226452906,0.19513522106380635
AMM_fee,25.46064128256513,0.1977162583803017
AMM_fee,25.4751503006012,0.20034635282150148
AMM_fee,25.489659318637273,0.20302894584206513
AMM_fee,25.504168336673345,0.20576724172108465
AMM_fee,25.518677354709418,0.20856417043884756
AMM_fee,25.53318637274549,0.21142235280929458
AMM_fee,25.547695390781563,0.21434406814277654
AMM_fee,25.562204408817635,0.21733122467902233
AMM_fee,25.576713426853708,0.22038533299448135
AMM_fee,25.59122244488978,0.2235074825518288
AMM_fee,25.605731462925853,0.22669832152304298
AMM_fee,25.620240480961925,0.2299580399813666
AMM_fee,25.634749498997994,0.23328635652228227
AMM_fee,25.649258517034067,0.2366825083395602
AMM_fee,25.66376753507014,0.24014524474993681
AMM_fee,25.678276553106212,0.24367282412940375
AMM_fee,25.692785571142284,0.24726301419556765
AMM_fee,25.707294589178357,0.2509130955445055
AMM_fee,25.72180360721443,0.2546198683271899
AMM_fee,25.736312625250502,0.2583796619299901
AMM_fee,25.75082164328657,0.262188347506324
AMM_fee,25.765330661322643,0.26604135319228306
AMM_fee,25.779839679358716,0.26993368182811184
AMM_fee,25.79434869739479,0.2738599309999378
AMM_fee,25.80885771543086,0.27781431521204447
AMM_fee,25.823366733466933,0.28179068999925655
AMM_fee,25.837875751503006,0.2857825777916681
AMM_fee,25.85238476953908,0.2897831953495504
AMM_fee,25.86689378757515,0.29378548259480936
AMM_fee,25.881402805611224,0.2977821326763432
AMM_fee,25.895911823647292,0.3017656231195338
AMM_fee,25.910420841683365,0.30572824792456504
AMM_fee,25.924929859719438,0.3096621504933946
AMM_fee,25.93943887775551,0.31355935728054357
AMM_fee,25.953947895791583,0.3174118120775419
AMM_fee,25.968456913827655,0.32121141085406985
AMM_fee,25.982965931863728,0.32495003708990894
AMM_fee,25.9974749498998,0.3286195975399018
AMM_fee,26.011983967935873,0.3322120583785852
AMM_fee,26.02649298597194,0.33571948167140453
AMM_fee,26.041002004008014,0.3391340621150541
AMM_fee,26.055511022044087,0.34244816398006456
AMM_fee,26.07002004008016,0.3456543581744461
AMM_fee,26.08452905811623,0.3487454593278061
AMM_fee,26.099038076152304,0.3517145627714712
AMM_fee,26.113547094188377,0.35455508126223406
AMM_fee,26.12805611222445,0.3572607812661377
AMM_fee,26.14256513026052,0.35982581858538176
AMM_fee,26.157074148296594,0.3622447730769996
AMM_fee,26.171583166332663,0.3645126821778504
AMM_fee,26.186092184368736,0.36662507291817026
AMM_fee,26.20060120240481,0.36857799207682235
AMM_fee,26.21511022044088,0.3703680341071564
AMM_fee,26.229619238476953,0.3719923664443491
AMM_fee,26.244128256513026,0.3734487517947229
AMM_fee,26.2586372745491,0.3747355670058834
AMM_fee,26.27314629258517,0.3758518181247117
AMM_fee,26.28765531062124,0.37679715126879265
AMM_fee,26.302164328657312,0.377571858966286
AMM_fee,26.316673346693385,0.37817688165954433
AMM_fee,26.331182364729457,0.37861380411866996
AMM_fee,26.34569138276553,0.3788848465719596
AMM_fee,26.360200400801602,0.3789928504299684
AMM_fee,26.374709418837675,0.3789412585572121
AMM_fee,26.389218436873747,0.3787340901288798
AMM_fee,26.40372745490982,0.3783759101974114
AMM_fee,26.418236472945893,0.3778717941833966
AMM_fee,26.432745490981965,0.37722728759480273
AMM_fee,26.447254509018034,0.37644836136582205
AMM_fee,26.461763527054107,0.3755413632894513
AMM_fee,26.47627254509018,0.3745129660941034
AMM_fee,26.49078156312625,0.3733701127821129
AMM_fee,26.505290581162324,0.37211995990518143
AMM_fee,26.519799599198397,0.370769819497005
AMM_fee,26.53430861723447,0.3693271004153127
AMM_fee,26.54881763527054,0.3677992498633985
AMM_fee,26.56332665330661,0.36619369586436834
AMM_fee,26.577835671342683,0.364517791449508
AMM_fee,26.592344689378756,0.3627787612955969
AMM_fee,26.606853707414828,0.3609836515050447
AMM_fee,26.6213627254509,0.35913928316836885
AMM_fee,26.635871743486973,0.3572522102816962
AMM_fee,26.650380761523046,0.35532868251421845
AMM_fee,26.664889779559118,0.3533746132333147
AMM_fee,26.67939879759519,0.3513955531002705
AMM_fee,26.693907815631263,0.3493966694490464
AMM_fee,26.708416833667336,0.34738273155635363
AMM_fee,26.722925851703405,0.34535810180556664
AMM_fee,26.737434869739477,0.3433267326416704
AMM_fee,26.75194388777555,0.3412921691116825
AMM_fee,26.766452905811622,0.3392575566866135
AMM_fee,26.780961923847695,0.33722565396915244
AMM_fee,26.795470941883767,0.33519884980733167
AMM_fee,26.80997995991984,0.33317918426033594
AMM_fee,26.82448897795591,0.33116837279959305
AMM_fee,26.83899799599198,0.3291678330776048
AMM_fee,26.853507014028054,0.3271787135597759
AMM_fee,26.868016032064126,0.32520192329138986
AMM_fee,26.8825250501002,0.3232381620636055
AMM_fee,26.89703406813627,0.32128795024912526
AMM_fee,26.911543086172344,0.319351657600049
AMM_fee,26.926052104208416,0.3174295303372949
AMM_fee,26.94056112224449,0.31552171591212913
AMM_fee,26.95507014028056,0.3136282848852484
AMM_fee,26.969579158316634,0.31174924944626686
AMM_fee,26.984088176352707,0.30988457818514314
AMM_fee,26.998597194388775,0.3080342068253376
AMM_fee,27.013106212424848,0.30619804473457707
AMM_fee,27.02761523046092,0.30437597714075165
AMM_fee,27.042124248496993,0.30256786309551803
AMM_fee,27.056633266533066,0.30077352934411106
AMM_fee,27.071142284569138,0.29899276037399103
AMM_fee,27.08565130260521,0.29722528502483525
AMM_fee,27.10016032064128,0.2954707601450113
AMM_fee,27.114669338677352,0.293728751872782
AMM_fee,27.129178356713425,0.2919987152013346
AMM_fee,27.143687374749497,0.2902799725530369
AMM_fee,27.15819639278557,0.28857169213821443
AMM_fee,27.172705410821642,0.2868728669052184
AMM_fee,27.187214428857715,0.28518229490054775
AMM_fee,27.201723446893787,0.2834985618492503
AMM_fee,27.21623246492986,0.2818200267363983
AMM_fee,27.230741482965932,0.2801448111202753
AMM_fee,27.245250501002005,0.2784707928376364
AMM_fee,27.259759519038077,0.2767956046721753
AMM_fee,27.274268537074146,0.2751166384510331
AMM_fee,27.28877755511022,0.27343105491280806
AMM_fee,27.30328657314629,0.2717357995569746
AMM_fee,27.317795591182364,0.2700276245417849
AMM_fee,27.332304609218436,0.2683031165491341
AMM_fee,27.34681362725451,0.2665587303840351
AMM_fee,27.36132264529058,0.26479082792703423
AMM_fee,27.37583166332665,0.26299572191401555
AMM_fee,27.390340681362723,0.2611697238828404
AMM_fee,27.404849699398795,0.2593091955040301
AMM_fee,27.419358717434868,0.25741060240611546
AMM_fee,27.43386773547094,0.25547056951859604
AMM_fee,27.448376753507013,0.25348593688879645
AMM_fee,27.462885771543085,0.2514538148854339
AMM_fee,27.477394789579158,0.2493716376826105
AMM_fee,27.49190380761523,0.24723721392398001
AMM_fee,27.506412825651303,0.24504877349815038
AMM_fee,27.520921843687375,0.24280500941227962
AMM_fee,27.535430861723448,0.2405051138303202
AMM_fee,27.549939879759517,0.23814880744348318
AMM_fee,27.56444889779559,0.23573636146117868
AMM_fee,27.578957915831662,0.23326861164793045
AMM_fee,27.593466933867735,0.2307469639826252
AMM_fee,27.607975951903807,0.22817339167732378
AMM_fee,27.62248496993988,0.22555042346016538
AMM_fee,27.636993987975952,0.22288112319677839
AMM_fee,27.65150300601202,0.22016906109335807
AMM_fee,27.666012024048094,0.2174182768883611
AMM_fee,27.680521042084166,0.21463323559515568
AMM_fee,27.69503006012024,0.21181877650155495
AMM_fee,27.70953907815631,0.20898005626103658
AMM_fee,27.724048096192384,0.2061224870220095
AMM_fee,27.738557114228456,0.20325167063350602
AMM_fee,27.75306613226453,0.20037333003657362
AMM_fee,27.7675751503006,0.19749323899906787
AMM_fee,27.782084168336674,0.19461715137696514
AMM_fee,27.796593186372746,0.19175073108736745
AMM_fee,27.81110220440882,0.1888994839574914
AMM_fee,27.825611222444888,0.18606869257074557
AMM_fee,27.84012024048096,0.18326335516680448
AMM_fee,27.854629258517033,0.1804881295689151
AMM_fee,27.869138276553105,0.17774728301042064
AMM_fee,27.883647294589178,0.17504464861601327
AMM_fee,27.89815631262525,0.17238358916390356
AMM_fee,27.912665330661323,0.1697669686156848
AMM_fee,27.927174348697392,0.1671971317539849
AMM_fee,27.941683366733464,0.16467589211697067
AMM_fee,27.956192384769537,0.16220452826635604
AMM_fee,27.97070140280561,0.15978378827471035
AMM_fee,27.985210420841682,0.1574139021714549
AMM_fee,27.999719438877754,0.1550946019477188
AMM_fee,28.014228456913827,0.15282514859080018
AMM_fee,28.0287374749499,0.15060436550172496
AMM_fee,28.043246492985972,0.14843067754648595
AMM_fee,28.057755511022044,0.14630215490472295
AMM_fee,28.072264529058117,0.14421656081054907
AMM_fee,28.086773547094186,0.14217140222992358
AMM_fee,28.10128256513026,0.14016398248837103
AMM_fee,28.11579158316633,0.13819145485221854
AMM_fee,28.130300601202403,0.13625087607589836
AMM_fee,28.144809619238476,0.13433925895684007
AMM_fee,28.15931863727455,0.13245362298711857
AMM_fee,28.17382765531062,0.1305910422561923
AMM_fee,28.18833667334669,0.12874868984006257
AMM_fee,28.202845691382763,0.1269238780071156
AMM_fee,28.217354709418835,0.1251140936774405
AMM_fee,28.231863727454908,0.12331702868809905
AMM_fee,28.24637274549098,0.12153060453887869
AMM_fee,28.260881763527053,0.11975299141869594
AMM_fee,28.275390781563125,0.1179826214390774
AMM_fee,28.289899799599198,0.11621819612512423
AMM_fee,28.30440881763527,0.11445868833328955
AMM_fee,28.318917835671343,0.11270333887642793
AMM_fee,28.333426853707415,0.11095164823751776
AMM_fee,28.347935871743488,0.10920336384203141
AMM_fee,28.362444889779557,0.107458463433338
AMM_fee,28.37695390781563,0.10571713515433545
AMM_fee,28.3914629258517,0.1039797549807765
AMM_fee,28.405971943887774,0.10224686217686542
AMM_fee,28.420480961923847,0.10051913345168696
AMM_fee,28.43498997995992,0.09879735648619238
AMM_fee,28.449498997995992,0.0970824034756722
AMM_fee,28.46400801603206,0.09537520529312568
AMM_fee,28.478517034068133,0.0936767268262816
AMM_fee,28.493026052104206,0.09198794397716537
AMM_fee,28.50753507014028,0.0903098227401631
AMM_fee,28.52204408817635,0.08864330069490621
AMM_fee,28.536553106212423,0.08698927116633809
AMM_fee,28.551062124248496,0.08534857021859232
AMM_fee,28.56557114228457,0.08372196656414753
AMM_fee,28.58008016032064,0.08211015438748445
AMM_fee,28.594589178356713,0.08051374900524666
AMM_fee,28.609098196392786,0.07893328521458831
AMM_fee,28.62360721442886,0.07736921811958988
AMM_fee,28.638116232464927,0.07582192617356147
AMM_fee,28.652625250501,0.07429171613371753
AMM_fee,28.667134268537072,0.0727788295946166
AMM_fee,28.681643286573145,0.07128345074812491
AMM_fee,28.696152304609218,0.06980571501035397
AMM_fee,28.71066132264529,0.06834571815956425
AMM_fee,28.725170340681363,0.06690352564261906
AMM_fee,28.73967935871743,0.06547918173026113
AMM_fee,28.754188376753504,0.06407271823193784
AMM_fee,28.768697394789577,0.06268416251783311
AMM_fee,28.78320641282565,0.061313544637565054
AMM_fee,28.79771543086172,0.05996090337019838
AMM_fee,28.812224448897794,0.058626291087178824
AMM_fee,28.826733466933867,0.05730977735702498
AMM_fee,28.84124248496994,0.05601145126665695
AMM_fee,28.85575150300601,0.054731422477796624
AMM_fee,28.870260521042084,0.05346982107676374
AMM_fee,28.884769539078157,0.052226796311267004
AMM_fee,28.89927855711423,0.05100251433763511
AMM_fee,28.913787575150298,0.04979715512581899
AMM_fee,28.92829659318637,0.04861090868703294
AMM_fee,28.942805611222443,0.04744397079998879
AMM_fee,28.957314629258516,0.0462965384163257
AMM_fee,28.97182364729459,0.04516880492434515
AMM_fee,28.98633266533066,0.044060955442923794
AMM_fee,29.000841683366733,0.04297316230504429
AMM_fee,29.015350701402802,0.04190558087350356
AMM_fee,29.029859719438875,0.0408583458107477
AMM_fee,29.044368737474947,0.03983156790136524
AMM_fee,29.05887775551102,0.03882533150038001
AMM_fee,29.073386773547092,0.03783969265409524
AMM_fee,29.087895791583165,0.03687467791369178
AMM_fee,29.102404809619237,0.03593028383598076
AMM_fee,29.11691382765531,0.03500647714141348
AMM_fee,29.131422845691382,0.03410319547741472
AMM_fee,29.145931863727455,0.033220348715922714
AMM_fee,29.160440881763527,0.03235782069820502
AMM_fee,29.1749498997996,0.03151547132797228
AMM_fee,29.18945891783567,0.0306931389057687
AMM_fee,29.20396793587174,0.02989064259371957
AMM_fee,29.218476953907814,0.0291077848999417
AMM_fee,29.232985971943886,0.028344354076134413
AMM_fee,29.24749498997996,0.027600126329817093
AMM_fee,29.26200400801603,0.026874867763973173
AMM_fee,29.276513026052104,0.026168335971044288
AMM_fee,29.291022044088173,0.02548028122473265
AMM_fee,29.305531062124246,0.024810447231296988
AMM_fee,29.320040080160318,0.024158571421312277
AMM_fee,29.33454909819639,0.02352438478251744
AMM_fee,29.349058116232463,0.022907611253717562
AMM_fee,29.363567134268536,0.022307966718083154
AMM_fee,29.378076152304608,0.02172515765096731
AMM_fee,29.39258517034068,0.021158879491998118
AMM_fee,29.407094188376753,0.020608814823216862
AMM_fee,29.421603206412826,0.020074631444041164
AMM_fee,29.436112224448898,0.01955598043956698
AMM_fee,29.450621242484967,0.019052494341015924
AMM_fee,29.46513026052104,0.018563785475954338
AMM_fee,29.479639278557112,0.018089444601332556
AMM_fee,29.494148296593185,0.01762903990460077
AMM_fee,29.508657314629257,0.017182116447471422
AMM_fee,29.52316633266533,0.016748196113689443
AMM_fee,29.537675350701402,0.016326778106930513
AMM_fee,29.55218436873747,0.015917340028199944
AMM_fee,29.566693386773544,0.015519339544434217
AMM_fee,29.581202404809616,0.01513221664200344
AMM_fee,29.59571142284569,0.014755396441082083
AMM_fee,29.61022044088176,0.014388292529964502
AMM_fee,29.624729458917834,0.014030310762887674
AMM_fee,29.639238476953906,0.013680853451257668
AMM_fee,29.65374749498998,0.013339323866757579
AMM_fee,29.66825651302605,0.013005130965952258
AMM_fee,29.682765531062124,0.012677694239916935
AMM_fee,29.697274549098196,0.012356448589211567
AMM_fee,29.71178356713427,0.012040849124221775
AMM_fee,29.726292585170338,0.01173037579340029
AMM_fee,29.74080160320641,0.011424537747095061
AMM_fee,29.755310621242483,0.01112287735219063
AMM_fee,29.769819639278555,0.01082497378238215
AMM_fee,29.784328657314628,0.010530446120181792
AMM_fee,29.7988376753507,0.010238955919297134
AMM_fee,29.813346693386773,0.00995020918938942
AMM_fee,29.827855711422842,0.009663957778977664
AMM_fee,29.842364729458914,0.009380000145969113
AMM_fee,29.856873747494987,0.00909818151857402
AMM_fee,29.87138276553106,0.008818393461833093
AMM_fee,29.885891783567132,0.008540572876351429
AMM_fee,29.900400801603205,0.008264700465829177
AMM_fee,29.914909819639277,0.00799079871842999
AMM_fee,29.92941883767535,0.007718929453800801
AMM_fee,29.943927855711422,0.007449190992604782
AMM_fee,29.958436873747495,0.007181715008749591
AMM_fee,29.972945891783567,0.00691666312615288
AMM_fee,29.98745490981964,0.006654223321996112
AMM_fee,30.00196392785571,0.0063946061971294245
AMM_fee,30.01647294589178,0.006138041171788633
AMM_fee,30.030981963927854,0.005884772661274065
AMM_fee,30.045490981963926,0.005635056281937204
AMM_fee,30.06,0.005389155132944588
OB_fee,31.28,0.0211524236368297
OB_fee,31.28310621242485,0.021875531605327594
OB_fee,31.2862124248497,0.02259299409701779
OB_fee,31.28931863727455,0.02330426963977514
OB_fee,31.2924248496994,0.024009080173249146
OB_fee,31.29553106212425,0.024707434824034633
OB_fee,31.2986372745491,0.025399651894798436
OB_fee,31.301743486973947,0.026086378739497096
OB_fee,31.304849699398797,0.026768609204456475
OB_fee,31.307955911823647,0.027447698325790297
OB_fee,31.311062124248497,0.02812537398747437
OB_fee,31.314168336673347,0.028803745261366528
OB_fee,31.317274549098197,0.029485307170844136
OB_fee,31.320380761523047,0.030172941643724412
OB_fee,31.323486973947897,0.030869914447854918
OB_fee,31.326593186372747,0.031579867934574374
OB_fee,31.329699398797597,0.03230680945142543
OB_fee,31.332805611222447,0.03305509532613277
OB_fee,31.335911823647297,0.033829410369341964
OB_fee,31.339018036072144,0.03463474289386089
OB_fee,31.342124248496994,0.03547635530340218
OB_fee,31.345230460921844,0.036359750363664976
OB_fee,31.348336673346694,0.03729063333310641
OB_fee,31.351442885771544,0.03827487019911636
OB_fee,31.354549098196394,0.03931844233704383
OB_fee,31.357655310621244,0.04042739798374418
OB_fee,31.360761523046094,0.041607800992658844
OB_fee,31.363867735470944,0.04286567741282572
OB_fee,31.366973947895794,0.04420696050775177
OB_fee,31.370080160320644,0.045637434900278606
OB_fee,31.373186372745494,0.0471626805941443
OB_fee,31.37629258517034,0.04878801768000821
OB_fee,31.37939879759519,0.050518452581187395
OB_fee,31.38250501002004,0.05235862672966251
OB_fee,31.38561122244489,0.05431276858458643
OB_fee,31.38871743486974,0.05638464991092273
OB_fee,31.39182364729459,0.058577547223765125
OB_fee,31.39492985971944,0.06089420927240755
OB_fee,31.39803607214429,0.06333683138674902
OB_fee,31.40114228456914,0.06590703743590587
OB_fee,31.40424849699399,0.06860587005517797
OB_fee,31.40735470941884,0.0714337896832387
OB_fee,31.41046092184369,0.0743906828170091
OB_fee,31.413567134268536,0.07747587973940398
OB_fee,31.416673346693386,0.08068818180648328
OB_fee,31.419779559118236,0.0840258981990456
OB_fee,31.422885771543086,0.08748689185155328
OB_fee,31.425991983967936,0.09106863407369242
OB_fee,31.429098196392786,0.0947682671796761
OB_fee,31.432204408817636,0.09858267424302182
OB_fee,31.435310621242486,0.10250855490471475
OB_fee,31.438416833667336,0.10654250598458764
OB_fee,31.441523046092186,0.11068110548524002
OB_fee,31.444629258517036,0.11492099843864968
OB_fee,31.447735470941886,0.11925898293322681
OB_fee,31.450841683366733,0.12369209457623832
OB_fee,31.453947895791583,0.12821768759797386
OB_fee,31.457054108216433,0.1328335107914889
OB_fee,31.460160320641283,0.13753777650813334
OB_fee,31.463266533066133,0.14232922099502743
OB_fee,31.466372745490983,0.14720715446649207
OB_fee,31.469478957915832,0.15217149944705
OB_fee,31.472585170340682,0.1572228161064683
OB_fee,31.475691382765532,0.16236231352606587
OB_fee,31.478797595190382,0.16759184608512664
OB_fee,31.481903807615232,0.17291389443392563
OB_fee,31.485010020040082,0.17833153081896708
OB_fee,31.48811623246493,0.18384836884222394
OB_fee,31.49122244488978,0.18946849806132568
OB_fee,31.49432865731463,0.19519640416618925
OB_fee,31.49743486973948,0.20103687579233362
OB_fee,31.50054108216433,0.20699489934337625
OB_fee,31.50364729458918,0.2130755434901761
OB_fee,31.50675350701403,0.21928383528226317
OB_fee,31.50985971943888,0.22562463004407485
OB_fee,31.51296593186373,0.2321024774264531
OB_fee,31.51607214428858,0.23872148613918898
OB_fee,31.51917835671343,0.2454851899968907
OB_fee,31.52228456913828,0.25239641796587375
OB_fee,31.52539078156313,0.2594571709018355
OB_fee,31.528496993987975,0.26666850761410554
OB_fee,31.531603206412825,0.27403044278408617
OB_fee,31.534709418837675,0.28154185910253904
OB_fee,31.537815631262525,0.2892004357769751
OB_fee,31.540921843687375,0.2970025952974357
OB_fee,31.544028056112225,0.3049434700445543
OB_fee,31.547134268537075,0.31301688998033506
OB_fee,31.550240480961925,0.32121539228830714
OB_fee,31.553346693386775,0.32953025343292236
OB_fee,31.556452905811625,0.33795154369461605
OB_fee,31.559559118236475,0.3464682038175626
OB_fee,31.562665330661325,0.35506814298821765
OB_fee,31.56577154308617,0.3637383569552494
OB_fee,31.56887775551102,0.37246506471146096
OB_fee,31.57198396793587,0.38123386179557717
OB_fee,31.57509018036072,0.39002988794424404
OB_fee,31.57819639278557,0.39883800653635626
OB_fee,31.58130260521042,0.4076429930329495
OB_fee,31.58440881763527,0.4164297294271019
OB_fee,31.58751503006012,0.42518340158645423
OB_fee,31.59062124248497,0.43388969629652624
OB_fee,31.59372745490982,0.4425349947990134
OB_fee,31.59683366733467,0.4511065596636829
OB_fee,31.59993987975952,0.45959271193563495
OB_fee,31.603046092184368,0.46798299565889406
OB_fee,31.606152304609218,0.4762683270876833
OB_fee,31.609258517034068,0.48444112615490986
OB_fee,31.612364729458918,0.4924954280679251
OB_fee,31.615470941883768,0.5004269732367307
OB_fee,31.618577154308618,0.5082332741039782
OB_fee,31.621683366733468,0.5159136578322762
OB_fee,31.624789579158318,0.5234692842031142
OB_fee,31.627895791583168,0.5309031384875098
OB_fee,31.631002004008018,0.5382199994531898
OB_fee,31.634108216432868,0.5454263830684885
OB_fee,31.637214428857718,0.5525304628440353
OB_fee,31.640320641282564,0.5595419681116321
OB_fee,31.643426853707414,0.5664720618718688
OB_fee,31.646533066132264,0.5733332001400555
OB_fee,31.649639278557114,0.5801389749834023
OB_fee,31.652745490981964,0.5869039436640108
OB_fee,31.655851703406814,0.5936434464820057
OB_fee,31.658957915831664,0.6003734160486762
OB_fee,31.662064128256514,0.6071101808086954
OB_fee,31.665170340681364,0.6138702656749618
OB_fee,31.668276553106214,0.6206701926381292
OB_fee,31.671382765531064,0.627526284168361
OB_fee,31.674488977955914,0.6344544721391535
OB_fee,31.67759519038076,0.6414701148765612
OB_fee,31.68070140280561,0.64858782477291
OB_fee,31.68380761523046,0.6558213087069734
OB_fee,31.68691382765531,0.663183223285001
OB_fee,31.69002004008016,0.6706850466634516
OB_fee,31.69312625250501,0.678336968439199
OB_fee,31.69623246492986,0.6861477987999549
OB_fee,31.69933867735471,0.6941248978225676
OB_fee,31.70244488977956,0.7022741254923593
OB_fee,31.70555110220441,0.7105998126996131
OB_fee,31.70865731462926,0.7191047531521597
OB_fee,31.71176352705411,0.7277902158327014
OB_fee,31.714869739478956,0.7366559773278495
OB_fee,31.717975951903806,0.7457003730692101
OB_fee,31.721082164328656,0.754920366259068
OB_fee,31.724188376753506,0.7643116330061299
OB_fee,31.727294589178356,0.7738686619775016
OB_fee,31.730400801603206,0.783584866680678
OB_fee,31.733507014028056,0.7934527083301878
OB_fee,31.736613226452906,0.80346382712693
OB_fee,31.739719438877756,0.8136091796887033
OB_fee,31.742825651302606,0.8238791803166293
OB_fee,31.745931863727456,0.8342638437661234
OB_fee,31.749038076152306,0.844752927213683
OB_fee,31.752144288577156,0.8553360691686288
OB_fee,31.755250501002003,0.8660029231742495
OB_fee,31.758356713426853,0.8767432842708366
OB_fee,31.761462925851703,0.8875472063542625
OB_fee,31.764569138276553,0.8984051087516586
OB_fee,31.767675350701403,0.9093078705511588
OB_fee,31.770781563126253,0.9202469114575738
OB_fee,31.773887775551103,0.9312142581986912
OB_fee,31.776993987975953,0.9422025957727568
OB_fee,31.780100200400803,0.9532053031002063
OB_fee,31.783206412825653,0.9642164729190429
OB_fee,31.786312625250503,0.9752309160369989
OB_fee,31.789418837675353,0.9862441503214118
OB_fee,31.7925250501002,0.9972523750631168
OB_fee,31.79563126252505,1.0082524315906423
OB_fee,31.7987374749499,1.0192417512324068
OB_fee,31.80184368737475,1.030218291920348
OB_fee,31.8049498997996,1.041180464901033
OB_fee,31.80805611222445,1.0521270531614815
OB_fee,31.8111623246493,1.0630571232896122
OB_fee,31.81426853707415,1.0739699325690408
OB_fee,31.817374749499,1.084864833156583
OB_fee,31.82048096192385,1.0957411752064148
OB_fee,31.8235871743487,1.1065982107891623
OB_fee,31.82669338677355,1.117435000409137
OB_fee,31.829799599198395,1.128250323847882
OB_fee,31.832905811623245,1.1390425969621816
OB_fee,31.836012024048095,1.1498097959395883
OB_fee,31.839118236472945,1.1605493903701036
OB_fee,31.842224448897795,1.171258286327765
OB_fee,31.845330661322645,1.1819327804790676
OB_fee,31.848436873747495,1.1925685260442738
OB_fee,31.851543086172345,1.2031605112392671
OB_fee,31.854649298597195,1.213703050622294
OB_fee,31.857755511022045,1.2241897895630338
OB_fee,31.860861723446895,1.2346137218456024
OB_fee,31.863967935871745,1.2449672202135391
OB_fee,31.86707414829659,1.255242079467212
OB_fee,31.87018036072144,1.2654295715327475
OB_fee,31.87328657314629,1.2755205117396786
OB_fee,31.87639278557114,1.2855053353746104
OB_fee,31.87949899799599,1.2953741834183827
OB_fee,31.88260521042084,1.3051169962308495
OB_fee,31.88571142284569,1.3147236138171572
OB_fee,31.88881763527054,1.3241838811967808
OB_fee,31.89192384769539,1.333487757300826
OB_fee,31.89503006012024,1.3426254257469787
OB_fee,31.89813627254509,1.351587405784715
OB_fee,31.90124248496994,1.3603646616680083
OB_fee,31.904348697394788,1.3689487086998058
OB_fee,31.907454909819638,1.3773317142035737
OB_fee,31.910561122244488,1.3855065917110765
OB_fee,31.913667334669338,1.3934670867169634
OB_fee,31.916773547094188,1.401207852436189
OB_fee,31.919879759519038,1.4087245141126292
OB_fee,31.922985971943888,1.4160137205664782
OB_fee,31.926092184368738,1.4230731818317923
OB_fee,31.929198396793588,1.4299016919251344
OB_fee,31.932304609218438,1.4364991359983892
OB_fee,31.935410821643288,1.4428664813628909
OB_fee,31.938517034068138,1.4490057521236936
OB_fee,31.941623246492988,1.454919987429456
OB_fee,31.944729458917834,1.4606131836220566
OB_fee,31.947835671342684,1.4660902208531152
OB_fee,31.950941883767534,1.4713567750205014
OB_fee,31.954048096192384,1.476419216158322
OB_fee,31.957154308617234,1.4812844946843708
OB_fee,31.960260521042084,1.485960017162568
OB_fee,31.963366733466934,1.490453513470005
OB_fee,31.966472945891784,1.4947728974608174
OB_fee,31.969579158316634,1.4989261233882343
OB_fee,31.972685370741484,1.5029210404767248
OB_fee,31.975791583166334,1.5067652481224116
OB_fee,31.97889779559118,1.5104659542402492
OB_fee,31.98200400801603,1.5140298392666598
OB_fee,31.98511022044088,1.517462928266405
OB_fee,31.98821643286573,1.5207704734809018
OB_fee,31.99132264529058,1.5239568494941496
OB_fee,31.99442885771543,1.5270254629838158
OB_fee,31.99753507014028,1.5299786787717453
OB_fee,32.00064128256513,1.5328177635967026
OB_fee,32.00374749498998,1.5355428487063907
OB_fee,32.00685370741483,1.5381529120139674
OB_fee,32.00995991983968,1.5406457801936198
OB_fee,32.01306613226453,1.5430181507082479
OB_fee,32.01617234468938,1.5452656333787818
OB_fee,32.01927855711423,1.5473828107280392
OB_fee,32.02238476953908,1.5493633159705966
OB_fee,32.02549098196393,1.5511999271822827
OB_fee,32.02859719438878,1.5528846758770507
OB_fee,32.03170340681363,1.554408967950724
OB_fee,32.03480961923848,1.5557637147280312
OB_fee,32.03791583166333,1.5569394716752434
OB_fee,32.04102204408817,1.557926582219382
OB_fee,32.04412825651303,1.558715324049061
OB_fee,32.04723446893787,1.5592960552619766
OB_fee,32.05034068136273,1.5596593577691518
OB_fee,32.05344689378757,1.5597961754651422
OB_fee,32.05655310621243,1.559697944822062
OB_fee,32.05965931863727,1.5593567157600692
OB_fee,32.06276553106213,1.5587652608820566
OB_fee,32.06587174348697,1.5579171714289894
OB_fee,32.068977955911826,1.5568069386084125
OB_fee,32.07208416833667,1.555430019263662
OB_fee,32.07519038076152,1.55378288517886
OB_fee,32.07829659318637,1.5518630556455302
OB_fee,32.08140280561122,1.549669113244631
OB_fee,32.08450901803607,1.5472007031149262
OB_fee,32.08761523046092,1.5444585162783497
OB_fee,32.09072144288577,1.5414442578701357
OB_fee,32.09382765531062,1.5381606013702
OB_fee,32.09693386773547,1.5346111301485428
OB_fee,32.10004008016032,1.5308002678192583
OB_fee,32.10314629258517,1.5267331990407016
OB_fee,32.10625250501002,1.5224157825050153
OB_fee,32.10935871743487,1.5178544579261617
OB_fee,32.11246492985972,1.513056148863665
OB_fee,32.115571142284566,1.508028163210888
OB_fee,32.11867735470942,1.502778093133716
OB_fee,32.121783567134266,1.497313716171005
OB_fee,32.12488977955912,1.4916428991050972
OB_fee,32.127995991983965,1.4857735060839454
OB_fee,32.13110220440882,1.4797133123271329
OB_fee,32.134208416833665,1.4734699245841647
OB_fee,32.13731462925852,1.4670507093343799
OB_fee,32.140420841683365,1.46046272953214
OB_fee,32.14352705410822,1.4537126905082944
OB_fee,32.146633266533065,1.446806895446162
OB_fee,32.14973947895791,1.439751210658273
OB_fee,32.152845691382765,1.4325510407035784
OB_fee,32.15595190380761,1.4252113132059547
OB_fee,32.159058116232465,1.417736473065327
OB_fee,32.16216432865731,1.4101304855964854
OB_fee,32.165270541082165,1.4023968479878013
OB_fee,32.16837675350701,1.394538608345092
OB_fee,32.171482965931865,1.386558391476573
OB_fee,32.17458917835671,1.3784584304832315
OB_fee,32.177695390781565,1.3702406031466619
OB_fee,32.18080160320641,1.3619064720542027
OB_fee,32.183907815631265,1.353457327369145
OB_fee,32.18701402805611,1.3448942311425465
OB_fee,32.19012024048096,1.3362180620715023
OB_fee,32.19322645290581,1.3274295596388637
OB_fee,32.19633266533066,1.3185293666173807
OB_fee,32.19943887775551,1.3095180689892805
OB_fee,32.20254509018036,1.3003962324177731
OB_fee,32.20565130260521,1.291164434507599
OB_fee,32.20875751503006,1.281823292208272
OB_fee,32.21186372745491,1.2723734838410306
OB_fee,32.21496993987976,1.2628157653691414
OB_fee,32.21807615230461,1.2531509806751573
OB_fee,32.22118236472946,1.2433800657599252
OB_fee,32.22428857715431,1.233504046926919
OB_fee,32.22739478957916,1.2235240331668795
OB_fee,32.230501002004004,1.2134412030996873
OB_fee,32.23360721442886,1.2032567869681323
OB_fee,32.236713426853704,1.192972044301812
OB_fee,32.23981963927856,1.1825882379811496
OB_fee,32.242925851703404,1.1721066055257385
OB_fee,32.24603206412826,1.1615283285061564
OB_fee,32.249138276553104,1.1508545010348619
OB_fee,32.25224448897796,1.140086098323193
OB_fee,32.255350701402804,1.129223946304203
OB_fee,32.25845691382766,1.1182686933065327
OB_fee,32.261563126252504,1.1072207847314584
OB_fee,32.26466933867735,1.096080441626342
OB_fee,32.267775551102204,1.0848476439723462
OB_fee,32.27088176352705,1.0735221194065028
OB_fee,32.273987975951904,1.062103337986143
OB_fee,32.27709418837675,1.0505905134781184
OB_fee,32.280200400801604,1.038982611516039
OB_fee,32.28330661322645,1.0272783648262156
OB_fee,32.286412825651304,1.0154762955708114
OB_fee,32.28951903807615,1.0035747447084475
OB_fee,32.292625250501004,0.9915719081214207
OB_fee,32.29573146292585,0.9794658791180356
OB_fee,32.298837675350704,0.9672546967808963
OB_fee,32.30194388777555,0.9549363995100156
OB_fee,32.3050501002004,0.942509082997384
OB_fee,32.30815631262525,0.929970961775248
OB_fee,32.3112625250501,0.9173204334022595
OB_fee,32.31436873747495,0.9045561442910485
OB_fee,32.3174749498998,0.891677056142042
OB_fee,32.32058116232465,0.8786825119252838
OB_fee,32.3236873747495,0.865572300354005
OB_fee,32.32679358717435,0.8523467178091987
OB_fee,32.3298997995992,0.8390066267142031
OB_fee,32.33300601202405,0.8255535094111703
OB_fee,32.3361122244489,0.8119895166638889
OB_fee,32.33921843687375,0.7983175099962229
OB_fee,32.3423246492986,0.7845410971751543
OB_fee,32.34543086172344,0.7706646602556223
OB_fee,32.3485370741483,0.7566933757234654
OB_fee,32.35164328657314,0.7426332263969544
OB_fee,32.354749498998,0.7284910048746819
OB_fee,32.35785571142284,0.7142743084489578
OB_fee,32.3609619238477,0.6999915255308052
OB_fee,32.36406813627254,0.6856518137595997
OB_fee,32.3671743486974,0.6712650700891326
OB_fee,32.37028056112224,0.6568418932550538
OB_fee,32.3733867735471,0.6423935391298273
OB_fee,32.37649298597194,0.6279318695633033
OB_fee,32.37959919839679,0.6134692953841362
OB_fee,32.38270541082164,0.5990187143014442
OB_fee,32.38581162324649,0.5845934444940896
OB_fee,32.38891783567134,0.5702071547075884
OB_fee,32.39202404809619,0.5558737916958236
OB_fee,32.39513026052104,0.5416075058447737
OB_fee,32.39823647294589,0.5274225758020084
OB_fee,32.40134268537074,0.5133333329054344
OB_fee,32.40444889779559,0.49935408616404775
OB_fee,32.40755511022044,0.4854990484887037
OB_fee,32.41066132264529,0.4717822648085328
OB_fee,32.413767535070136,0.45821754263611636
OB_fee,32.41687374749499,0.44481838556972736
OB_fee,32.419979959919836,0.43159793013966546
OB_fee,32.42308617234469,0.41856888632639777
OB_fee,32.426192384769536,0.4057434819994139
OB_fee,32.42929859719439,0.393133411449979
OB_fee,32.432404809619236,0.38074978812273436
OB_fee,32.43551102204409,0.36860310158870585
OB_fee,32.438617234468936,0.35670317875024743
OB_fee,32.44172344689379,0.34505914922448583
OB_fee,32.444829659318636,0.33367941482114555
OB_fee,32.44793587174349,0.3225716230069437
OB_fee,32.451042084168336,0.311742644240041
OB_fee,32.45414829659318,0.3011985530542459
OB_fee,32.457254509018036,0.29094461278207534
OB_fee,32.46036072144288,0.280985263818912
OB_fee,32.463466933867736,0.27132411535169576
OB_fee,32.46657314629258,0.2619639404995641
OB_fee,32.469679358717435,0.25290667483883467
OB_fee,32.47278557114228,0.24415341831149423
OB_fee,32.475891783567135,0.2357044405376079
OB_fee,32.47899799599198,0.22755918957291163
OB_fee,32.482104208416835,0.21971630416371274
OB_fee,32.48521042084168,0.21217362955859692
OB_fee,32.488316633266535,0.2049282369320463
OB_fee,32.49142284569138,0.1979764464651355
OB_fee,32.49452905811623,0.19131385410597188
OB_fee,32.49763527054108,0.18493536200402122
OB_fee,32.50074148296593,0.17883521257376497
OB_fee,32.50384769539078,0.17300702609756544
OB_fee,32.50695390781563,0.1674438417273763
OB_fee,32.51006012024048,0.16213816168835432
OB_fee,32.51316633266533,0.15708199843107343
OB_fee,32.51627254509018,0.152266924420276
OB_fee,32.51937875751503,0.14768412419366012
OB_fee,32.52248496993988,0.14332444827164606
OB_fee,32.52559118236473,0.1391784684547808
OB_fee,32.528697394789575,0.13523653400757268
OB_fee,32.53180360721443,0.1314888282003566
OB_fee,32.534909819639275,0.12792542466401013
OB_fee,32.53801603206413,0.12453634300701391
OB_fee,32.541122244488975,0.1213116031519643
OB_fee,32.54422845691383,0.11824127786726812
OB_fee,32.547334669338674,0.11531554300153773
OB_fee,32.55044088176353,0.11252472496943901
OB_fee,32.553547094188374,0.10985934509006234
OB_fee,32.55665330661323,0.10731016043837714
OB_fee,32.559759519038074,0.10486820093695103
OB_fee,32.56286573146293,0.10252480248570281
OB_fee,32.565971943887774,0.10027163600066494
OB_fee,32.56907815631262,0.09810073230572651
OB_fee,32.572184368737474,0.09600450289268882
OB_fee,32.57529058116232,0.09397575663211025
OB_fee,32.578396793587174,0.09200771257862524
OB_fee,32.58150300601202,0.09009400906856448
OB_fee,32.584609218436874,0.0882287093526586
OB_fee,32.58771543086172,0.0864063040423333
OB_fee,32.590821643286574,0.08462171067326912
OB_fee,32.59392785571142,0.08287027070483263
OB_fee,32.597034068136274,0.08114774427837024
OB_fee,32.60014028056112,0.07945030305220707
OB_fee,32.603246492985974,0.07777452141683859
OB_fee,32.60635270541082,0.07611736637179282
OB_fee,32.60945891783567,0.07447618631684826
OB_fee,32.61256513026052,0.07284869897685328
OB_fee,32.61567134268537,0.07123297864215293
OB_fee,32.61877755511022,0.06962744286802006
OB_fee,32.62188376753507,0.06803083873765381
OB_fee,32.62498997995992,0.0664422287559235
OB_fee,32.62809619238477,0.0648609764068113
OB_fee,32.63120240480962,0.06328673137728447
OB_fee,32.63430861723447,0.061719414425575304
OB_fee,32.63741482965932,0.06015920185288754
OB_fee,32.64052104208417,0.0586065095255423
OB_fee,32.64362725450901,0.05706197638888305
OB_fee,32.64673346693387,0.05552644741594823
OB_fee,32.64983967935871,0.05400095594153272
OB_fee,32.65294589178357,0.052486705346148244
OB_fee,32.65605210420841,0.05098505007339142
OB_fee,32.65915831663327,0.049497475987361185
OB_fee,32.66226452905811,0.04802558010323504
OB_fee,32.66537074148297,0.04657104975232104
OB_fee,32.66847695390781,0.04513564127224844
OB_fee,32.67158316633267,0.04372115834138142
OB_fee,32.67468937875751,0.04232943010393849
OB_fee,32.67779559118236,0.0409622892563754
OB_fee,32.68090180360721,0.03962155028655512
OB_fee,32.68400801603206,0.03830898807337175
OB_fee,32.68711422845691,0.037026317065593804
OB_fee,32.69022044088176,0.03577517126450604
OB_fee,32.69332665330661,0.03455708523449105
OB_fee,32.69643286573146,0.03337347635996938
OB_fee,32.69953907815631,0.032225628555235204
OB_fee,32.70264529058116,0.031114677617072095
OB_fee,32.70575150300601,0.030041598388071918
OB_fee,32.70885771543086,0.029007193873010914
OB_fee,32.71196392785571,0.028012086421267166
OB_fee,32.71507014028056,0.027056711056890077
OB_fee,32.718176352705406,0.0261413110045294
OB_fee,32.72128256513026,0.025265935425805696
OB_fee,32.724388777555106,0.02443043934710214
OB_fee,32.72749498997996,0.023634485727365782
OB_fee,32.730601202404806,0.0228775495842261
OB_fee,32.73370741482966,0.02215892406880112
OB_fee,32.736813627254506,0.021477728355191232
OB_fee,32.73991983967936,0.02083291718964536
OB_fee,32.743026052104206,0.020223291927674344
OB_fee,32.74613226452906,0.019647512874510782
OB_fee,32.749238476953906,0.019104112735897655
OB_fee,32.75234468937876,0.018591510981621148
OB_fee,32.755450901803606,0.01810802892362752
OB_fee,32.75855711422845,0.01765190531339572
OB_fee,32.761663326653306,0.017221312269217092
OB_fee,32.76476953907815,0.016814371352581053
OB_fee,32.767875751503006,0.016429169623484972
OB_fee,32.77098196392785,0.016063775516737818
OB_fee,32.774088176352706,0.015716254394445277
OB_fee,32.77719438877755,0.0153846836436543
OB_fee,32.780300601202406,0.01506716720185168
OB_fee,32.78340681362725,0.01476184940649077
OB_fee,32.786513026052106,0.014466928077488804
OB_fee,32.78961923847695,0.014180666753571478
OB_fee,32.7927254509018,0.013901406014203845
OB_fee,32.79583166332665,0.013627573828670197
OB_fee,32.7989378757515,0.013357694882607511
OB_fee,32.80204408817635,0.013090398840054149
OB_fee,32.8051503006012,0.01282442750608003
OB_fee,32.80825651302605,0.012558640861400558
OB_fee,32.8113627254509,0.012292021946405355
OB_fee,32.81446893787575,0.012023680577902178
OB_fee,32.8175751503006,0.011752855887910365
OB_fee,32.82068136272545,0.011478917680191677
OB_fee,32.8237875751503,0.011201366607151299
OB_fee,32.82689378757515,0.01091983317734433
OB_fee,32.83,0.010634075612242505
IMPROVED_FX_fee,17.69,0.010918699883292035
IMPROVED_FX_fee,17.692725450901804,0.011198590154219187
IMPROVED_FX_fee,17.695450901803607,0.011477832926504401
IMPROVED_FX_fee,17.698176352705413,0.01175722877141361
IMPROVED_FX_fee,17.700901803607216,0.012037745929136288
IMPROVED_FX_fee,17.70362725450902,0.01232052607659398
IMPROVED_FX_fee,17.706352705410822,0.012606889204606087
IMPROVED_FX_fee,17.709078156312625,0.01289833752652474
IMPROVED_FX_fee,17.71180360721443,0.013196558337374382
IMPROVED_FX_fee,17.714529058116234,0.013503425739201082
IMPROVED_FX_fee,17.717254509018037,0.01382100114507744
IMPROVED_FX_fee,17.71997995991984,0.014151532471295306
IMPROVED_FX_fee,17.722705410821643,0.014497451925156257
IMPROVED_FX_fee,17.72543086172345,0.014861372294810469
IMPROVED_FX_fee,17.728156312625252,0.015246081648221629
IMPROVED_FX_fee,17.730881763527055,0.015654536351026968
IMPROVED_FX_fee,17.733607214428858,0.016089852318147482
IMPROVED_FX_fee,17.736332665330664,0.01655529442194179
IMPROVED_FX_fee,17.739058116232467,0.01705426399075779
IMPROVED_FX_fee,17.74178356713427,0.01759028434618627
IMPROVED_FX_fee,17.744509018036073,0.018166984345335715
IMPROVED_FX_fee,17.747234468937876,0.018788079916099015
IMPROVED_FX_fee,17.749959919839682,0.01945735359860427
IMPROVED_FX_fee,17.752685370741485,0.020178632134709763
IMPROVED_FX_fee,17.755410821643288,0.02095576217919381
IMPROVED_FX_fee,17.75813627254509,0.021792584240811746
IMPROVED_FX_fee,17.760861723446894,0.022692904998130956
IMPROVED_FX_fee,17.7635871743487,0.023660468173304774
IMPROVED_FX_fee,17.766312625250503,0.02469892418603029
IMPROVED_FX_fee,17.769038076152306,0.025811798848933396
IMPROVED_FX_fee,17.77176352705411,0.027002461403669503
IMPROVED_FX_fee,17.77448897795591,0.028274092233167087
IMPROVED_FX_fee,17.777214428857718,0.029629650618608856
IMPROVED_FX_fee,17.77993987975952,0.031071842939054843
IMPROVED_FX_fee,17.782665330661324,0.032603091735987084
IMPROVED_FX_fee,17.785390781563127,0.03422550608365388
IMPROVED_FX_fee,17.78811623246493,0.03594085371808727
IMPROVED_FX_fee,17.790841683366736,0.03775053538224236
IMPROVED_FX_fee,17.79356713426854,0.03965556184139491
IMPROVED_FX_fee,17.79629258517034,0.04165653401114751
IMPROVED_FX_fee,17.799018036072145,0.04375362661993675
IMPROVED_FX_fee,17.801743486973947,0.04594657579873307
IMPROVED_FX_fee,17.804468937875754,0.04823467095262524
IMPROVED_FX_fee,17.807194388777557,0.050616751222682374
IMPROVED_FX_fee,17.80991983967936,0.05309120679215917
IMPROVED_FX_fee,17.812645290581163,0.055655985229567904
IMPROVED_FX_fee,17.815370741482965,0.05830860299325242
IMPROVED_FX_fee,17.818096192384772,0.06104616214874737
IMPROVED_FX_fee,17.820821643286575,0.06386537227278266
IMPROVED_FX_fee,17.823547094188378,0.06676257743739927
IMPROVED_FX_fee,17.82627254509018,0.06973378808581836
IMPROVED_FX_fee,17.828997995991987,0.0727747175299754
IMPROVED_FX_fee,17.83172344689379,0.07588082271931436
IMPROVED_FX_fee,17.834448897795593,0.07904734885349238
IMPROVED_FX_fee,17.837174348697395,0.0822693773389328
IMPROVED_FX_fee,17.8398997995992,0.08554187652307056
IMPROVED_FX_fee,17.842625250501005,0.08885975458118932
IMPROVED_FX_fee,17.845350701402808,0.09221791388073743
IMPROVED_FX_fee,17.84807615230461,0.09561130610814068
IMPROVED_FX_fee,17.850801603206413,0.09903498741376228
IMPROVED_FX_fee,17.853527054108216,0.10248417281357511
IMPROVED_FX_fee,17.856252505010023,0.10595428908094337
IMPROVED_FX_fee,17.858977955911826,0.10944102536955659
IMPROVED_FX_fee,17.86170340681363,0.112940380829237
IMPROVED_FX_fee,17.86442885771543,0.11644870850927094
IMPROVED_FX_fee,17.867154308617234,0.11996275488981896
IMPROVED_FX_fee,17.86987975951904,0.12347969443923193
IMPROVED_FX_fee,17.872605210420843,0.12699715866355726
IMPROVED_FX_fee,17.875330661322646,0.13051325919314152
IMPROVED_FX_fee,17.87805611222445,0.13402660453822776
IMPROVED_FX_fee,17.880781563126252,0.13753631024042332
IMPROVED_FX_fee,17.88350701402806,0.14104200224734306
IMPROVED_FX_fee,17.88623246492986,0.14454381344256545
IMPROVED_FX_fee,17.888957915831664,0.14804237337054638
IMPROVED_FX_fee,17.891683366733467,0.15153879130387293
IMPROVED_FX_fee,17.89440881763527,0.15503463290743746
IMPROVED_FX_fee,17.897134268537076,0.15853189085788463
IMPROVED_FX_fee,17.89985971943888,0.16203294987588807
IMPROVED_FX_fee,17.902585170340682,0.16554054672173646
IMPROVED_FX_fee,17.905310621242485,0.16905772578909553
IMPROVED_FX_fee,17.90803607214429,0.17258779100727084
IMPROVED_FX_fee,17.910761523046094,0.17613425482638892
IMPROVED_FX_fee,17.913486973947897,0.17970078511233234
IMPROVED_FX_fee,17.9162124248497,0.18329115081757466
IMPROVED_FX_fee,17.918937875751503,0.18690916731976875
IMPROVED_FX_fee,17.92166332665331,0.19055864233156727
IMPROVED_FX_fee,17.924388777555112,0.19424332328219807
IMPROVED_FX_fee,17.927114228456915,0.19796684705406317
IMPROVED_FX_fee,17.929839679358718,0.20173269292595583
IMPROVED_FX_fee,17.93256513026052,0.20554413952902134
IMPROVED_FX_fee,17.935290581162327,0.20940422656292096
IMPROVED_FX_fee,17.93801603206413,0.21331572194846
IMPROVED_FX_fee,17.940741482965933,0.21728109501048123
IMPROVED_FX_fee,17.943466933867736,0.22130249619195372
IMPROVED_FX_fee,17.94619238476954,0.22538174369847752
IMPROVED_FX_fee,17.948917835671345,0.2295203173632328
IMPROVED_FX_fee,17.951643286573148,0.23371935990711054
IMPROVED_FX_fee,17.95436873747495,0.23797968564923958
IMPROVED_FX_fee,17.957094188376754,0.24230179660075787
IMPROVED_FX_fee,17.959819639278557,0.24668590575137997
IMPROVED_FX_fee,17.962545090180363,0.2511319672357228
IMPROVED_FX_fee,17.965270541082166,0.25563971294615895
IMPROVED_FX_fee,17.96799599198397,0.2602086950429509
IMPROVED_FX_fee,17.970721442885772,0.2648383337021623
IMPROVED_FX_fee,17.973446893787575,0.2695279693390327
IMPROVED_FX_fee,17.97617234468938,0.2742769184508132
IMPROVED_FX_fee,17.978897795591184,0.2790845321397124
IMPROVED_FX_fee,17.981623246492987,0.28395025630540927
IMPROVED_FX_fee,17.98434869739479,0.28887369243850664
IMPROVED_FX_fee,17.987074148296593,0.2938546579027489
IMPROVED_FX_fee,17.9897995991984,0.29889324456604566
IMPROVED_FX_fee,17.992525050100202,0.30398987462881555
IMPROVED_FX_fee,17.995250501002005,0.3091453525043158
IMPROVED_FX_fee,17.997975951903808,0.31436091162943725
IMPROVED_FX_fee,18.000701402805614,0.3196382551268356
IMPROVED_FX_fee,18.003426853707417,0.3249795893001522
IMPROVED_FX_fee,18.00615230460922,0.3303876490235737
IMPROVED_FX_fee,18.008877755511023,0.3358657141843025
IMPROVED_FX_fee,18.011603206412826,0.3414176164519781
IMPROVED_FX_fee,18.014328657314632,0.347047735780481
IMPROVED_FX_fee,18.017054108216435,0.35276098619482055
IMPROVED_FX_fee,18.019779559118238,0.3585627905766651
IMPROVED_FX_fee,18.02250501002004,0.3644590443343699
IMPROVED_FX_fee,18.025230460921843,0.370456068025926
IMPROVED_FX_fee,18.02795591182365,0.3765605491918012
IMPROVED_FX_fee,18.030681362725453,0.38277947384794103
IMPROVED_FX_fee,18.033406813627256,0.3891200482829646
IMPROVED_FX_fee,18.03613226452906,0.3955896119944929
IMPROVED_FX_fee,18.03885771543086,0.4021955427849672
IMPROVED_FX_fee,18.041583166332668,0.4089451552119368
IMPROVED_FX_fee,18.04430861723447,0.4158455937495405
IMPROVED_FX_fee,18.047034068136274,0.4229037221620008
IMPROVED_FX_fee,18.049759519038076,0.43012601071297607
IMPROVED_FX_fee,18.05248496993988,0.43751842293409726
IMPROVED_FX_fee,18.055210420841686,0.44508630374742636
IMPROVED_FX_fee,18.05793587174349,0.4528342707789937
IMPROVED_FX_fee,18.06066132264529,0.4607661107106888
IMPROVED_FX_fee,18.063386773547094,0.46888468249435217
IMPROVED_FX_fee,18.066112224448897,0.4771918291948844
IMPROVED_FX_fee,18.068837675350704,0.4856883001368584
IMPROVED_FX_fee,18.071563126252506,0.49437368490379996
IMPROVED_FX_fee,18.07428857715431,0.5032463605811482
IMPROVED_FX_fee,18.077014028056112,0.5123034534453178
IMPROVED_FX_fee,18.07973947895792,0.5215408160859519
IMPROVED_FX_fee,18.08246492985972,0.5309530207084829
IMPROVED_FX_fee,18.085190380761524,0.5405333691057076
IMPROVED_FX_fee,18.087915831663327,0.5502739195129817
IMPROVED_FX_fee,18.09064128256513,0.5601655302791682
IMPROVED_FX_fee,18.093366733466937,0.5701979199986746
IMPROVED_FX_fee,18.09609218436874,0.5803597434658575
IMPROVED_FX_fee,18.098817635270542,0.5906386825367592
IMPROVED_FX_fee,18.101543086172345,0.6010215507211338
IMPROVED_FX_fee,18.104268537074148,0.6114944100854113
IMPROVED_FX_fee,18.106993987975954,0.6220426988297157
IMPROVED_FX_fee,18.109719438877757,0.632651367714395
IMPROVED_FX_fee,18.11244488977956,0.6433050233574554
IMPROVED_FX_fee,18.115170340681363,0.653988076307355
IMPROVED_FX_fee,18.117895791583166,0.6646848917185167
IMPROVED_FX_fee,18.120621242484972,0.6753799404205145
IMPROVED_FX_fee,18.123346693386775,0.6860579481777364
IMPROVED_FX_fee,18.126072144288578,0.6967040409830249
IMPROVED_FX_fee,18.12879759519038,0.7073038843158506
IMPROVED_FX_fee,18.131523046092184,0.7178438144203497
IMPROVED_FX_fee,18.13424849699399,0.7283109598177725
IMPROVED_FX_fee,18.136973947895793,0.738693351458027
IMPROVED_FX_fee,18.139699398797596,0.748980020131215
IMPROVED_FX_fee,18.1424248496994,0.7591610799972837
IMPROVED_FX_fee,18.145150300601202,0.769227797345196
IMPROVED_FX_fee,18.14787575150301,0.7791726439556925
IMPROVED_FX_fee,18.15060120240481,0.7889893347092979
IMPROVED_FX_fee,18.153326653306614,0.7986728493467075
IMPROVED_FX_fee,18.156052104208417,0.8082194385477353
IMPROVED_FX_fee,18.15877755511022,0.8176266147420294
IMPROVED_FX_fee,18.161503006012026,0.8268931282950662
IMPROVED_FX_fee,18.16422845691383,0.8360189299229099
IMPROVED_FX_fee,18.166953907815632,0.845005120375192
IMPROVED_FX_fee,18.169679358717435,0.853853888585186
IMPROVED_FX_fee,18.17240480961924,0.8625684396174069
IMPROVED_FX_fee,18.175130260521044,0.8711529138443883
IMPROVED_FX_fee,18.177855711422847,0.8796122988573517
IMPROVED_FX_fee,18.18058116232465,0.8879523356570275
IMPROVED_FX_fee,18.183306613226453,0.8961794206865473
IMPROVED_FX_fee,18.18603206412826,0.9043005052553645
IMPROVED_FX_fee,18.188757515030062,0.912322993866766
IMPROVED_FX_fee,18.191482965931865,0.9202546429027519
IMPROVED_FX_fee,18.194208416833668,0.9281034610415618
IMPROVED_FX_fee,18.19693386773547,0.9358776126891613
IMPROVED_FX_fee,18.199659318637277,0.9435853255977882
IMPROVED_FX_fee,18.20238476953908,0.9512348037265567
IMPROVED_FX_fee,18.205110220440883,0.958834146273922
IMPROVED_FX_fee,18.207835671342686,0.9663912736806397
IMPROVED_FX_fee,18.21056112224449,0.9739138612699711
IMPROVED_FX_fee,18.213286573146295,0.981409281058553
IMPROVED_FX_fee,18.216012024048098,0.988884552140174
IMPROVED_FX_fee,18.2187374749499,0.9963462999172062
IMPROVED_FX_fee,18.221462925851704,1.0038007243299463
IMPROVED_FX_fee,18.224188376753506,1.0112535771164497
IMPROVED_FX_fee,18.226913827655313,1.0187101480224612
IMPROVED_FX_fee,18.229639278557116,1.0261752597745266
IMPROVED_FX_fee,18.23236472945892,1.0336532715296667
IMPROVED_FX_fee,18.23509018036072,1.041148090420532
IMPROVED_FX_fee,18.237815631262528,1.048663190728271
IMPROVED_FX_fee,18.24054108216433,1.056201640133522
IMPROVED_FX_fee,18.243266533066134,1.0637661324215588
IMPROVED_FX_fee,18.245991983967937,1.0713590259479688
IMPROVED_FX_fee,18.24871743486974,1.0789823871095439
IMPROVED_FX_fee,18.251442885771546,1.086638038008451
IMPROVED_FX_fee,18.25416833667335,1.0943276074486674
IMPROVED_FX_fee,18.25689378757515,1.102052584361965
IMPROVED_FX_fee,18.259619238476954,1.109814372726204
IMPROVED_FX_fee,18.262344689378757,1.1176143470136692
IMPROVED_FX_fee,18.265070140280564,1.1254539071907455
IMPROVED_FX_fee,18.267795591182367,1.1333345322839445
IMPROVED_FX_fee,18.27052104208417,1.1412578315326105
IMPROVED_FX_fee,18.273246492985972,1.1492255921638383
IMPROVED_FX_fee,18.275971943887775,1.1572398228545753
IMPROVED_FX_fee,18.27869739478958,1.1653027919860284
IMPROVED_FX_fee,18.281422845691385,1.173417059849564
IMPROVED_FX_fee,18.284148296593187,1.1815855040301275
IMPROVED_FX_fee,18.28687374749499,1.1898113372718102
IMPROVED_FX_fee,18.289599198396793,1.1980981172223926
IMPROVED_FX_fee,18.2923246492986,1.2064497475559555
IMPROVED_FX_fee,18.295050100200402,1.2148704700858932
IMPROVED_FX_fee,18.297775551102205,1.2233648476028505
IMPROVED_FX_fee,18.300501002004008,1.2319377373015477
IMPROVED_FX_fee,18.30322645290581,1.2405942547954736
IMPROVED_FX_fee,18.305951903807617,1.24933972885747
IMPROVED_FX_fee,18.30867735470942,1.2581796471643762
IMPROVED_FX_fee,18.311402805611223,1.2671195934636765
IMPROVED_FX_fee,18.314128256513026,1.2761651767169784
IMPROVED_FX_fee,18.31685370741483,1.2853219529067093
IMPROVED_FX_fee,18.319579158316635,1.2945953403172876
IMPROVED_FX_fee,18.32230460921844,1.3039905292170881
IMPROVED_FX_fee,18.32503006012024,1.3135123869720409
IMPROVED_FX_fee,18.327755511022044,1.323165359713288
IMPROVED_FX_fee,18.330480961923847,1.3329533717586026
IMPROVED_FX_fee,18.333206412825653,1.3428797240501578
IMPROVED_FX_fee,18.335931863727456,1.3529469929168894
IMPROVED_FX_fee,18.33865731462926,1.3631569304999143
IMPROVED_FX_fee,18.341382765531062,1.373510368191793
IMPROVED_FX_fee,18.34410821643287,1.3840071244363086
IMPROVED_FX_fee,18.34683366733467,1.394645918214642
IMPROVED_FX_fee,18.349559118236474,1.4054242895066715
IMPROVED_FX_fee,18.352284569138277,1.4163385279631215
IMPROVED_FX_fee,18.35501002004008,1.427383610957312
IMPROVED_FX_fee,18.357735470941886,1.4385531521036479
IMPROVED_FX_fee,18.36046092184369,1.4498393612361948
IMPROVED_FX_fee,18.363186372745492,1.4612330167355612
IMPROVED_FX_fee,18.365911823647295,1.4727234509757388
IMPROVED_FX_fee,18.368637274549098,1.484298549538308
IMPROVED_FX_fee,18.371362725450904,1.4959447647074535
IMPROVED_FX_fee,18.374088176352707,1.5076471436197776
IMPROVED_FX_fee,18.37681362725451,1.5193893712966147
IMPROVED_FX_fee,18.379539078156313,1.5311538286355129
IMPROVED_FX_fee,18.382264529058116,1.5429216652835507
IMPROVED_FX_fee,18.384989979959922,1.5546728871567506
IMPROVED_FX_fee,18.387715430861725,1.5663864582108196
IMPROVED_FX_fee,18.390440881763528,1.5780404159078816
IMPROVED_FX_fee,18.39316633266533,1.589611999662801
IMPROVED_FX_fee,18.395891783567134,1.601077791393441
IMPROVED_FX_fee,18.39861723446894,1.6124138671411088
IMPROVED_FX_fee,18.401342685370743,1.6235959585732767
IMPROVED_FX_fee,18.404068136272546,1.6345996230306608
IMPROVED_FX_fee,18.40679358717435,1.645400420636614
IMPROVED_FX_fee,18.409519038076155,1.6559740968511736
IMPROVED_FX_fee,18.412244488977958,1.6662967687245498
IMPROVED_FX_fee,18.41496993987976,1.6763451129903335
IMPROVED_FX_fee,18.417695390781564,1.6860965540364021
IMPROVED_FX_fee,18.420420841683367,1.6955294497056046
IMPROVED_FX_fee,18.423146292585173,1.7046232728110018
IMPROVED_FX_fee,18.425871743486976,1.7133587862022335
IMPROVED_FX_fee,18.42859719438878,1.7217182091961207
IMPROVED_FX_fee,18.43132264529058,1.729685373184598
IMPROVED_FX_fee,18.434048096192384,1.7372458642618045
IMPROVED_FX_fee,18.43677354709419,1.744387150769231
IMPROVED_FX_fee,18.439498997995994,1.7510986937462758
IMPROVED_FX_fee,18.442224448897797,1.757372038394034
IMPROVED_FX_fee,18.4449498997996,1.7632008848137035
IMPROVED_FX_fee,18.447675350701402,1.7685811364672048
IMPROVED_FX_fee,18.45040080160321,1.7735109250275993
IMPROVED_FX_fee,18.45312625250501,1.7779906105371879
IMPROVED_FX_fee,18.455851703406815,1.7820227560729338
IMPROVED_FX_fee,18.458577154308617,1.7856120764267311
IMPROVED_FX_fee,18.46130260521042,1.7887653606409668
IMPROVED_FX_fee,18.464028056112227,1.7914913685925098
IMPROVED_FX_fee,18.46675350701403,1.7938007021862674
IMPROVED_FX_fee,18.469478957915832,1.7957056520978885
IMPROVED_FX_fee,18.472204408817635,1.7972200213871548
IMPROVED_FX_fee,18.47492985971944,1.798358927683812
IMPROVED_FX_fee,18.477655310621245,1.7991385860177633
IMPROVED_FX_fee,18.480380761523048,1.7995760747204215
IMPROVED_FX_fee,18.48310621242485,1.7996890871543467
IMPROVED_FX_fee,18.485831663326653,1.7994956723290612
IMPROVED_FX_fee,18.488557114228456,1.7990139677238082
IMPROVED_FX_fee,18.491282565130263,1.7982619278569236
IMPROVED_FX_fee,18.494008016032065,1.7972570523112414
IMPROVED_FX_fee,18.49673346693387,1.796016117039332
IMPROVED_FX_fee,18.49945891783567,1.7945549128279288
IMPROVED_FX_fee,18.502184368737474,1.7928879947940994
IMPROVED_FX_fee,18.50490981963928,1.791028446714463
IMPROVED_FX_fee,18.507635270541083,1.7889876638524267
IMPROVED_FX_fee,18.510360721442886,1.7867751577468716
IMPROVED_FX_fee,18.51308617234469,1.7843983861616877
IMPROVED_FX_fee,18.515811623246496,1.7818626110712148
IMPROVED_FX_fee,18.5185370741483,1.7791707871768339
IMPROVED_FX_fee,18.5212625250501,1.7763234830202927
IMPROVED_FX_fee,18.523987975951904,1.7733188362872108
IMPROVED_FX_fee,18.526713426853707,1.7701525443856256
IMPROVED_FX_fee,18.529438877755513,1.7668178908510328
IMPROVED_FX_fee,18.532164328657316,1.763305807577637
IMPROVED_FX_fee,18.53488977955912,1.7596049723173026
IMPROVED_FX_fee,18.537615230460922,1.7557019403330718
IMPROVED_FX_fee,18.540340681362725,1.7515813085518066
IMPROVED_FX_fee,18.54306613226453,1.7472259100434424
IMPROVED_FX_fee,18.545791583166334,1.7426170361692668
IMPROVED_FX_fee,18.548517034068137,1.7377346833004084
IMPROVED_FX_fee,18.55124248496994,1.7325578206169445
IMPROVED_FX_fee,18.553967935871743,1.7270646751657002
IMPROVED_FX_fee,18.55669338677355,1.7212330300877103
IMPROVED_FX_fee,18.559418837675352,1.7150405317281063
IMPROVED_FX_fee,18.562144288577155,1.7084650012168885
IMPROVED_FX_fee,18.564869739478958,1.701484746059233
IMPROVED_FX_fee,18.56759519038076,1.6940788673004115
IMPROVED_FX_fee,18.570320641282567,1.6862275579310189
IMPROVED_FX_fee,18.57304609218437,1.6779123883711062
IMPROVED_FX_fee,18.575771543086173,1.6691165751127643
IMPROVED_FX_fee,18.578496993987976,1.6598252289044173
IMPROVED_FX_fee,18.581222444889782,1.6500255792198606
IMPROVED_FX_fee,18.583947895791585,1.6397071721638208
IMPROVED_FX_fee,18.586673346693388,1.6288620394141238
IMPROVED_FX_fee,18.58939879759519,1.6174848362811831
IMPROVED_FX_fee,18.592124248496994,1.6055729474662135
IMPROVED_FX_fee,18.5948496993988,1.593126559613336
IMPROVED_FX_fee,18.597575150300603,1.580148700266339
IMPROVED_FX_fee,18.600300601202406,1.5666452433480609
IMPROVED_FX_fee,18.60302605210421,1.5526248817731918
IMPROVED_FX_fee,18.60575150300601,1.538099068270825
IMPROVED_FX_fee,18.608476953907818,1.523081925927477
IMPROVED_FX_fee,18.61120240480962,1.507590130356389
IMPROVED_FX_fee,18.613927855711424,1.4916427657477038
IMPROVED_FX_fee,18.616653306613227,1.4752611573556962
IMPROVED_FX_fee,18.61937875751503,1.458468683225765
IMPROVED_FX_fee,18.622104208416836,1.441290568157172
IMPROVED_FX_fee,18.62482965931864,1.4237536630349465
IMPROVED_FX_fee,18.62755511022044,1.4058862127453744
IMPROVED_FX_fee,18.630280561122245,1.3877176159192128
IMPROVED_FX_fee,18.633006012024047,1.36927817972221
IMPROVED_FX_fee,18.635731462925854,1.350598872842142
IMPROVED_FX_fee,18.638456913827657,1.3317110797069878
IMPROVED_FX_fee,18.64118236472946,1.3126463588139188
IMPROVED_FX_fee,18.643907815631263,1.2934362078625683
IMPROVED_FX_fee,18.646633266533065,1.2741118381686194
IMPROVED_FX_fee,18.649358717434872,1.2547039605953463
IMPROVED_FX_fee,18.652084168336675,1.2352425849852753
IMPROVED_FX_fee,18.654809619238478,1.2157568348049514
IMPROVED_FX_fee,18.65753507014028,1.1962747784435221
IMPROVED_FX_fee,18.660260521042083,1.1768232783280232
IMPROVED_FX_fee,18.66298597194389,1.1574278587456677
IMPROVED_FX_fee,18.665711422845693,1.138112592996319
IMPROVED_FX_fee,18.668436873747495,1.1189000102396118
IMPROVED_FX_fee,18.6711623246493,1.0998110221573785
IMPROVED_FX_fee,18.673887775551105,1.0808648693189171
IMPROVED_FX_fee,18.676613226452908,1.0620790869220886
IMPROVED_FX_fee,18.67933867735471,1.0434694893835608
IMPROVED_FX_fee,18.682064128256513,1.0250501730700576
IMPROVED_FX_fee,18.684789579158316,1.0068335362979115
IMPROVED_FX_fee,18.687515030060123,0.9888303155807993
IMPROVED_FX_fee,18.690240480961926,0.9710496369756035
IMPROVED_FX_fee,18.69296593186373,0.9534990812619852
IMPROVED_FX_fee,18.69569138276553,0.9361847615937138
IMPROVED_FX_fee,18.698416833667334,0.9191114121770764
IMPROVED_FX_fee,18.70114228456914,0.9022824864637415
IMPROVED_FX_fee,18.703867735470944,0.8857002632927593
IMPROVED_FX_fee,18.706593186372746,0.8693659593772004
IMPROVED_FX_fee,18.70931863727455,0.8532798465069195
IMPROVED_FX_fee,18.712044088176352,0.8374413718289156
IMPROVED_FX_fee,18.71476953907816,0.8218492795712764
IMPROVED_FX_fee,18.71749498997996,0.8065017325968432
IMPROVED_FX_fee,18.720220440881764,0.7913964322077226
IMPROVED_FX_fee,18.722945891783567,0.7765307346731743
IMPROVED_FX_fee,18.72567134268537,0.7619017630209001
IMPROVED_FX_fee,18.728396793587176,0.7475065127154603
IMPROVED_FX_fee,18.73112224448898,0.7333419499484912
IMPROVED_FX_fee,18.733847695390782,0.7194051013819801
IMPROVED_FX_fee,18.736573146292585,0.7056931343191447
IMPROVED_FX_fee,18.73929859719439,0.6922034264252585
IMPROVED_FX_fee,18.742024048096194,0.678933624282649
IMPROVED_FX_fee,18.744749498997997,0.6658816902379493
IMPROVED_FX_fee,18.7474749498998,0.653045937184534
IMPROVED_FX_fee,18.750200400801603,0.6404250511141254
IMPROVED_FX_fee,18.75292585170341,0.6280181014692786
IMPROVED_FX_fee,18.755651302605212,0.6158245395264232
IMPROVED_FX_fee,18.758376753507015,0.6038441852360437
IMPROVED_FX_fee,18.761102204408818,0.5920772031385803
IMPROVED_FX_fee,18.76382765531062,0.5805240681563385
IMPROVED_FX_fee,18.766553106212427,0.5691855222322291
IMPROVED_FX_fee,18.76927855711423,0.5580625229388686
IMPROVED_FX_fee,18.772004008016033,0.547156185315239
IMPROVED_FX_fee,18.774729458917836,0.5364677182989339
IMPROVED_FX_fee,18.77745490981964,0.5259983572063359
IMPROVED_FX_fee,18.780180360721445,0.5157492937707681
IMPROVED_FX_fee,18.782905811623248,0.5057216052757348
IMPROVED_FX_fee,18.78563126252505,0.4959161843175525
IMPROVED_FX_fee,18.788356713426854,0.48633367069839584
IMPROVED_FX_fee,18.791082164328657,0.4769743868861412
IMPROVED_FX_fee,18.793807615230463,0.4678382783849808
IMPROVED_FX_fee,18.796533066132266,0.45892486023995915
IMPROVED_FX_fee,18.79925851703407,0.4502331707535552
IMPROVED_FX_fee,18.801983967935872,0.4417617333261829
IMPROVED_FX_fee,18.804709418837675,0.433508527147707
IMPROVED_FX_fee,18.80743486973948,0.42547096726957817
IMPROVED_FX_fee,18.810160320641284,0.4176458943801244
IMPROVED_FX_fee,18.812885771543087,0.41002957439442106
IMPROVED_FX_fee,18.81561122244489,0.4026177077601231
IMPROVED_FX_fee,18.818336673346693,0.39540544817538353
IMPROVED_FX_fee,18.8210621242485,0.3883874302210713
IMPROVED_FX_fee,18.823787575150302,0.3815578052294906
IMPROVED_FX_fee,18.826513026052105,0.3749102845510949
IMPROVED_FX_fee,18.829238476953908,0.3684381892424944
IMPROVED_FX_fee,18.83196392785571,0.3621345050856788
IMPROVED_FX_fee,18.834689378757517,0.3559919417634194
IMPROVED_FX_fee,18.83741482965932,0.3500029949593918
IMPROVED_FX_fee,18.840140280561123,0.3441600101255308
IMPROVED_FX_fee,18.842865731462926,0.3384552466631961
IMPROVED_FX_fee,18.84559118236473,0.33288094129761964
IMPROVED_FX_fee,18.848316633266535,0.3274293694863755
IMPROVED_FX_fee,18.851042084168338,0.32209290378901295
IMPROVED_FX_fee,18.85376753507014,0.316864068234261
IMPROVED_FX_fee,18.856492985971943,0.3117355878502316
IMPROVED_FX_fee,18.85921843687375,0.3067004326671375
IMPROVED_FX_fee,18.861943887775553,0.3017518556583571
IMPROVED_FX_fee,18.864669338677356,0.2968834242485562
IMPROVED_FX_fee,18.86739478957916,0.2920890451839373
IMPROVED_FX_fee,18.87012024048096,0.2873629827240665
IMPROVED_FX_fee,18.872845691382768,0.2826998702735489
IMPROVED_FX_fee,18.87557114228457,0.2780947157212628
IMPROVED_FX_fee,18.878296593186374,0.27354290089056005
IMPROVED_FX_fee,18.881022044088176,0.2690401756238284
IMPROVED_FX_fee,18.88374749498998,0.2645826471254408
IMPROVED_FX_fee,18.886472945891786,0.260166765267188
IMPROVED_FX_fee,18.88919839679359,0.2557893046179106
IMPROVED_FX_fee,18.89192384769539,0.25144734399388285
IMPROVED_FX_fee,18.894649298597194,0.24713824433825773
IMPROVED_FX_fee,18.897374749498997,0.24285962572706593
IMPROVED_FX_fee,18.900100200400804,0.23860934426733785
IMPROVED_FX_fee,18.902825651302607,0.23438546960117862
IMPROVED_FX_fee,18.90555110220441,0.23018626366059475
IMPROVED_FX_fee,18.908276553106212,0.22601016123395345
IMPROVED_FX_fee,18.91100200400802,0.22185575280896527
IMPROVED_FX_fee,18.91372745490982,0.21772177005253227
IMPROVED_FX_fee,18.916452905811624,0.21360707417727548
IMPROVED_FX_fee,18.919178356713427,0.20951064733244767
IMPROVED_FX_fee,18.92190380761523,0.20543158704506112
IMPROVED_FX_fee,18.924629258517037,0.20136910362989813
IMPROVED_FX_fee,18.92735470941884,0.1973225203867593
IMPROVED_FX_fee,18.930080160320642,0.1932912763123125
IMPROVED_FX_fee,18.932805611222445,0.18927493097538217
IMPROVED_FX_fee,18.935531062124248,0.18527317113895547
IMPROVED_FX_fee,18.938256513026055,0.18128581866220078
IMPROVED_FX_fee,18.940981963927857,0.17731283918158894
IMPROVED_FX_fee,18.94370741482966,0.17335435105226368
IMPROVED_FX_fee,18.946432865731463,0.16941063402969125
IMPROVED_FX_fee,18.949158316633266,0.16548213718577995
IMPROVED_FX_fee,18.951883767535072,0.1615694855832627
IMPROVED_FX_fee,18.954609218436875,0.1576734852752205
IMPROVED_FX_fee,18.957334669338678,0.1537951262514949
IMPROVED_FX_fee,18.96006012024048,0.1499355830192236
IMPROVED_FX_fee,18.962785571142284,0.14609621257745295
IMPROVED_FX_fee,18.96551102204409,0.1422785496246464
IMPROVED_FX_fee,18.968236472945893,0.1384842989198025
IMPROVED_FX_fee,18.970961923847696,0.13471532480043366
IMPROVED_FX_fee,18.9736873747495,0.13097363794217318
IMPROVED_FX_fee,18.976412825651302,0.12726137952186958
IMPROVED_FX_fee,18.97913827655311,0.1235808030178334
IMPROVED_FX_fee,18.98186372745491,0.11993425394480528
IMPROVED_FX_fee,18.984589178356714,0.1163241478757596
IMPROVED_FX_fee,18.987314629258517,0.11275294714714909
IMPROVED_FX_fee,18.99004008016032,0.10922313667667001
IMPROVED_FX_fee,18.992765531062126,0.10573719934353086
IMPROVED_FX_fee,18.99549098196393,0.1022975913896883
IMPROVED_FX_fee,18.998216432865732,0.09890671829667334
IMPROVED_FX_fee,19.000941883767535,0.09556691157748869
IMPROVED_FX_fee,19.003667334669338,0.09228040689643459
IMPROVED_FX_fee,19.006392785571144,0.08904932389350577
IMPROVED_FX_fee,19.009118236472947,0.08587564804501771
IMPROVED_FX_fee,19.01184368737475,0.0827612148397118
IMPROVED_FX_fee,19.014569138276553,0.07970769649201219
IMPROVED_FX_fee,19.017294589178356,0.07671659135208503
IMPROVED_FX_fee,19.020020040080162,0.07378921610862614
IMPROVED_FX_fee,19.022745490981965,0.07092670081602395
IMPROVED_FX_fee,19.025470941883768,0.06812998671447466
IMPROVED_FX_fee,19.02819639278557,0.06539982675186573
IMPROVED_FX_fee,19.030921843687377,0.06273678866039499
IMPROVED_FX_fee,19.03364729458918,0.06014126039119369
IMPROVED_FX_fee,19.036372745490983,0.05761345766693031
IMPROVED_FX_fee,19.039098196392786,0.05515343337714604
IMPROVED_FX_fee,19.04182364729459,0.05276108851365528
IMPROVED_FX_fee,19.044549098196395,0.05043618432492328
IMPROVED_FX_fee,19.047274549098198,0.048178355358512184
IMPROVED_FX_fee,19.05,0.045987123059384814
IMPROVED_DA_fee,12.42,0.0037687327184724845
IMPROVED_DA_fee,12.44693386773547,0.0038589800130504124
IMPROVED_DA_fee,12.473867735470941,0.003933536249758129
IMPROVED_DA_fee,12.500801603206412,0.003991504111208143
IMPROVED_DA_fee,12.527735470941884,0.004032221723660673
IMPROVED_DA_fee,12.554669338677355,0.00405528151462645
IMPROVED_DA_fee,12.581603206412826,0.004060543762818221
IMPROVED_DA_fee,12.608537074148296,0.00404814441003407
IMPROVED_DA_fee,12.635470941883767,0.0040184968778047905
IMPROVED_DA_fee,12.662404809619238,0.0039722878142915054
IMPROVED_DA_fee,12.689338677354709,0.003910466881618443
IMPROVED_DA_fee,12.716272545090181,0.0038342308731651132
IMPROVED_DA_fee,12.743206412825652,0.003745002617252521
IMPROVED_DA_fee,12.770140280561122,0.0036444052717568252
IMPROVED_DA_fee,12.797074148296593,0.003534232738096458
IMPROVED_DA_fee,12.824008016032064,0.0034164170186399847
IMPROVED_DA_fee,12.850941883767534,0.003292993406185116
IMPROVED_DA_fee,12.877875751503005,0.003166064426594918
IMPROVED_DA_fee,12.904809619238478,0.0030377634563030845
IMPROVED_DA_fee,12.931743486973948,0.0029102189070099923
IMPROVED_DA_fee,12.958677354709419,0.0027855198135491705
IMPROVED_DA_fee,12.98561122244489,0.0026656835817145956
IMPROVED_DA_fee,13.01254509018036,0.0025526265556585674
IMPROVED_DA_fee,13.039478957915831,0.002448137954597467
IMPROVED_DA_fee,13.066412825651302,0.002353857611413941
IMPROVED_DA_fee,13.093346693386774,0.002271257826539711
IMPROVED_DA_fee,13.120280561122245,0.00220162953398993
IMPROVED_DA_fee,13.147214428857716,0.0021460728666317106
IMPROVED_DA_fee,13.174148296593186,0.002105492107861014
IMPROVED_DA_fee,13.201082164328657,0.002080594928994867
IMPROVED_DA_fee,13.228016032064128,0.002071895737003052
IMPROVED_DA_fee,13.254949899799598,0.002079722895860472
IMPROVED_DA_fee,13.28188376753507,0.002104229536070155
IMPROVED_DA_fee,13.308817635270541,0.002145407629331912
IMPROVED_DA_fee,13.335751503006012,0.002203104976925447
IMPROVED_DA_fee,13.362685370741483,0.0022770447388451515
IMPROVED_DA_fee,13.389619238476953,0.002366847113700834
IMPROVED_DA_fee,13.416553106212424,0.002472052764670294
IMPROVED_DA_fee,13.443486973947895,0.002592147572507438
IMPROVED_DA_fee,13.470420841683367,0.002726588281456061
IMPROVED_DA_fee,13.497354709418838,0.002874828587238471
IMPROVED_DA_fee,13.524288577154309,0.003036345198159969
IMPROVED_DA_fee,13.55122244488978,0.003210663381622007
IMPROVED_DA_fee,13.57815631262525,0.0033973814905094786
IMPROVED_DA_fee,13.60509018036072,0.003596193949159049
IMPROVED_DA_fee,13.632024048096191,0.003806912169544981
IMPROVED_DA_fee,13.658957915831664,0.0040294828678314075
IMPROVED_DA_fee,13.685891783567135,0.0042640032625025455
IMPROVED_DA_fee,13.712825651302605,0.004510732660696149
IMPROVED_DA_fee,13.739759519038076,0.004770099981541146
IMPROVED_DA_fee,13.766693386773547,0.005042706826046645
IMPROVED_DA_fee,13.793627254509017,0.005329325783412091
IMPROVED_DA_fee,13.820561122244488,0.005630893763601102
IMPROVED_DA_fee,13.84749498997996,0.005948500264670396
IMPROVED_DA_fee,13.874428857715431,0.0062833706186206685
IMPROVED_DA_fee,13.901362725450902,0.006636844408326392
IMPROVED_DA_fee,13.928296593186372,0.007010349406312457
IMPROVED_DA_fee,13.955230460921843,0.007405371548844274
IMPROVED_DA_fee,13.982164328657314,0.007823421620384794
IMPROVED_DA_fee,14.009098196392785,0.008265999477920222
IMPROVED_DA_fee,14.036032064128257,0.008734556785745664
IMPROVED_DA_fee,14.062965931863728,0.009230459352896033
IMPROVED_DA_fee,14.089899799599198,0.009754950261696194
IMPROVED_DA_fee,14.116833667334669,0.010309115041660497
IMPROVED_DA_fee,14.14376753507014,0.01089385017377255
IMPROVED_DA_fee,14.17070140280561,0.011509836202564454
IMPROVED_DA_fee,14.197635270541081,0.012157516685086443
IMPROVED_DA_fee,14.224569138276554,0.012837084115721802
IMPROVED_DA_fee,14.251503006012024,0.013548473834083393
IMPROVED_DA_fee,14.278436873747495,0.014291366751480667
IMPROVED_DA_fee,14.305370741482966,0.015065201522556916
IMPROVED_DA_fee,14.332304609218436,0.01586919654686558
IMPROVED_DA_fee,14.359238476953907,0.01670238191583684
IMPROVED_DA_fee,14.386172344689378,0.017563641130437162
IMPROVED_DA_fee,14.41310621242485,0.018451762111583156
IMPROVED_DA_fee,14.44004008016032,0.019365496717776747
IMPROVED_DA_fee,14.466973947895791,0.020303627682016934
IMPROVED_DA_fee,14.493907815631262,0.021265041592985773
IMPROVED_DA_fee,14.520841683366733,0.02224880628433881
IMPROVED_DA_fee,14.547775551102205,0.023254250771226153
IMPROVED_DA_fee,14.574709418837674,0.024281045695187256
IMPROVED_DA_fee,14.601643286573147,0.02532928211678597
IMPROVED_DA_fee,14.628577154308617,0.026399546437985883
IMPROVED_DA_fee,14.655511022044088,0.027492989249796165
IMPROVED_DA_fee,14.682444889779559,0.028611385989260413
IMPROVED_DA_fee,14.70937875751503,0.029757187454846585
IMPROVED_DA_fee,14.736312625250502,0.030933558468920944
IMPROVED_DA_fee,14.76324649298597,0.032144403285055974
IMPROVED_DA_fee,14.790180360721443,0.03339437670764209
IMPROVED_DA_fee,14.817114228456914,0.034688880309443275
IMPROVED_DA_fee,14.844048096192385,0.03603404358395874
IMPROVED_DA_fee,14.870981963927855,0.03743669033576982
IMPROVED_DA_fee,14.897915831663326,0.038904291073676774
IMPROVED_DA_fee,14.924849699398798,0.04044490260768032
IMPROVED_DA_fee,14.951783567134267,0.04206709644135692
IMPROVED_DA_fee,14.97871743486974,0.04377987787691605
IMPROVED_DA_fee,15.00565130260521,0.04559259799484199
IMPROVED_DA_fee,15.032585170340681,0.04751486082087914
IMPROVED_DA_fee,15.059519038076152,0.049556428042178045
IMPROVED_DA_fee,15.086452905811623,0.05172712357897166
IMPROVED_DA_fee,15.113386773547095,0.05403674016116857
IMPROVED_DA_fee,15.140320641282564,0.056494949809309344
IMPROVED_DA_fee,15.167254509018036,0.05911121979037168
IMPROVED_DA_fee,15.194188376753507,0.06189473522931094
IMPROVED_DA_fee,15.221122244488978,0.06485432912897893
IMPROVED_DA_fee,15.248056112224448,0.06799842010816214
IMPROVED_DA_fee,15.27498997995992,0.07133495773476564
IMPROVED_DA_fee,15.301923847695392,0.07487137493248407
IMPROVED_DA_fee,15.32885771543086,0.07861454659619099
IMPROVED_DA_fee,15.355791583166333,0.08257075328165325
IMPROVED_DA_fee,15.382725450901804,0.0867456486520281
IMPROVED_DA_fee,15.409659318637274,0.09114422927463373
IMPROVED_DA_fee,15.436593186372745,0.0957708053683107
IMPROVED_DA_fee,15.463527054108216,0.10062897120027221
IMPROVED_DA_fee,15.490460921843688,0.10572157401218622
IMPROVED_DA_fee,15.517394789579157,0.11105068060428559
IMPROVED_DA_fee,15.54432865731463,0.11661754100600624
IMPROVED_DA_fee,15.5712625250501,0.12242254899227187
IMPROVED_DA_fee,15.598196392785571,0.1284651995455005
IMPROVED_DA_fee,15.625130260521042,0.1347440436946328
IMPROVED_DA_fee,15.652064128256512,0.14125664146585415
IMPROVED_DA_fee,15.678997995991985,0.14799951393979904
IMPROVED_DA_fee,15.705931863727455,0.15496809561531757
IMPROVED_DA_fee,15.732865731462926,0.16215668842298042
IMPROVED_DA_fee,15.759799599198397,0.1695584188091866
IMPROVED_DA_fee,15.786733466933867,0.1771651993253244
IMPROVED_DA_fee,15.813667334669338,0.1849676961106217
IMPROVED_DA_fee,15.840601202404809,0.19295530356006177
IMPROVED_DA_fee,15.867535070140281,0.2011161273301092
IMPROVED_DA_fee,15.894468937875752,0.20943697666622443
IMPROVED_DA_fee,15.921402805611223,0.21790336684881453
IMPROVED_DA_fee,15.948336673346693,0.22649953235924292
IMPROVED_DA_fee,15.975270541082164,0.23520845117427347
IMPROVED_DA_fee,16.002204408817637,0.24401188041341526
IMPROVED_DA_fee,16.029138276553105,0.25289040339412633
IMPROVED_DA_fee,16.056072144288578,0.26182348799761546
IMPROVED_DA_fee,16.083006012024047,0.2707895561132093
IMPROVED_DA_fee,16.10993987975952,0.2797660638105804
IMPROVED_DA_fee,16.136873747494988,0.28872959178311125
IMPROVED_DA_fee,16.16380761523046,0.2976559455084821
IMPROVED_DA_fee,16.190741482965933,0.3065202644796341
IMPROVED_DA_fee,16.217675350701402,0.315297139766798
IMPROVED_DA_fee,16.244609218436874,0.3239607390761236
IMPROVED_DA_fee,16.271543086172343,0.3324849383711368
IMPROVED_DA_fee,16.298476953907816,0.34084345902002894
IMPROVED_DA_fee,16.32541082164329,0.3490100093265423
IMPROVED_DA_fee,16.352344689378757,0.3569584291992647
IMPROVED_DA_fee,16.37927855711423,0.36466283661858917
IMPROVED_DA_fee,16.4062124248497,0.37209777447952114
IMPROVED_DA_fee,16.43314629258517,0.3792383563291417
IMPROVED_DA_fee,16.46008016032064,0.3860604094869965
IMPROVED_DA_fee,16.487014028056112,0.39254061404204543
IMPROVED_DA_fee,16.51394789579158,0.39865663626581466
IMPROVED_DA_fee,16.540881763527054,0.40438725507179524
IMPROVED_DA_fee,16.567815631262526,0.4097124802863984
IMPROVED_DA_fee,16.594749498997995,0.41461366167520486
IMPROVED_DA_fee,16.621683366733468,0.4190735878848424
IMPROVED_DA_fee,16.648617234468936,0.4230765747079867
IMPROVED_DA_fee,16.67555110220441,0.4266085423464565
IMPROVED_DA_fee,16.70248496993988,0.42965708162277383
IMPROVED_DA_fee,16.72941883767535,0.43221150936034763
IMPROVED_DA_fee,16.756352705410823,0.4342629134020097
IMPROVED_DA_fee,16.78328657314629,0.4358041879519708
IMPROVED_DA_fee,16.810220440881764,0.4368300600942052
IMPROVED_DA_fee,16.837154308617233,0.4373371084497444
IMPROVED_DA_fee,16.864088176352706,0.43732377497786085
IMPROVED_DA_fee,16.891022044088174,0.4367903708967257
IMPROVED_DA_fee,16.917955911823647,0.4357390775965695
IMPROVED_DA_fee,16.94488977955912,0.43417394324560243
IMPROVED_DA_fee,16.97182364729459,0.43210087555306265
IMPROVED_DA_fee,16.99875751503006,0.429527630865889
IMPROVED_DA_fee,17.02569138276553,0.4264637994501852
IMPROVED_DA_fee,17.052625250501002,0.4229207864637038
IMPROVED_DA_fee,17.079559118236475,0.4189117877805695
IMPROVED_DA_fee,17.106492985971943,0.41445175950570357
IMPROVED_DA_fee,17.133426853707416,0.4095573797348803
IMPROVED_DA_fee,17.160360721442885,0.404247000897625
IMPROVED_DA_fee,17.187294589178357,0.398540590882392
IMPROVED_DA_fee,17.214228456913826,0.3924596611022069
IMPROVED_DA_fee,17.2411623246493,0.3860271797253427
IMPROVED_DA_fee,17.268096192384768,0.3792674684766194
IMPROVED_DA_fee,17.29503006012024,0.37220608171145875
IMPROVED_DA_fee,17.321963927855712,0.3648696668730702
IMPROVED_DA_fee,17.34889779559118,0.3572858059525125
IMPROVED_DA_fee,17.375831663326654,0.3494828381665711
IMPROVED_DA_fee,17.402765531062123,0.3414896647285806
IMPROVED_DA_fee,17.429699398797595,0.33333553728728055
IMPROVED_DA_fee,17.456633266533068,0.3250498323204563
IMPROVED_DA_fee,17.483567134268537,0.31666181446258884
IMPROVED_DA_fee,17.51050100200401,0.3082003923880423
IMPROVED_DA_fee,17.537434869739478,0.2996938714326715
IMPROVED_DA_fee,17.56436873747495,0.29116970758882
IMPROVED_DA_fee,17.591302605210423,0.2826542678267387
IMPROVED_DA_fee,17.618236472945892,0.27417260185944503
IMPROVED_DA_fee,17.64517034068136,0.2657482304642211
IMPROVED_DA_fee,17.672104208416833,0.25740295529490753
IMPROVED_DA_fee,17.699038076152306,0.24915669476515687
IMPROVED_DA_fee,17.725971943887775,0.24102735006112805
IMPROVED_DA_fee,17.752905811623247,0.23303070466740547
IMPROVED_DA_fee,17.779839679358716,0.2251803599832142
IMPROVED_DA_fee,17.80677354709419,0.21748770869399345
IMPROVED_DA_fee,17.83370741482966,0.20996194657735592
IMPROVED_DA_fee,17.86064128256513,0.20261012239645987
IMPROVED_DA_fee,17.887575150300602,0.19543722450394624
IMPROVED_DA_fee,17.91450901803607,0.18844630178158775
IMPROVED_DA_fee,17.941442885771544,0.18163861560933375
IMPROVED_DA_fee,17.968376753507016,0.1750138187243015
IMPROVED_DA_fee,17.995310621242485,0.16857015612328544
IMPROVED_DA_fee,18.022244488977954,0.16230468260459532
IMPROVED_DA_fee,18.049178356713426,0.15621349115384525
IMPROVED_DA_fee,18.0761122244489,0.15029194616511263
IMPROVED_DA_fee,18.103046092184368,0.14453491545876943
IMPROVED_DA_fee,18.12997995991984,0.1389369952092675
IMPROVED_DA_fee,18.15691382765531,0.13349272222326652
IMPROVED_DA_fee,18.18384769539078,0.12819676849819958
IMPROVED_DA_fee,18.210781563126254,0.12304411362632871
IMPROVED_DA_fee,18.237715430861723,0.11803019136777664
IMPROVED_DA_fee,18.264649298597195,0.11315100757265187
IMPROVED_DA_fee,18.291583166332664,0.10840322755925512
IMPROVED_DA_fee,18.318517034068137,0.10378423202240598
IMPROVED_DA_fee,18.34545090180361,0.09929214152227357
IMPROVED_DA_fee,18.372384769539078,0.09492581055846248
IMPROVED_DA_fee,18.399318637274547,0.09068479313618176
IMPROVED_DA_fee,18.42625250501002,0.08656928255230383
IMPROVED_DA_fee,18.453186372745492,0.08258002884289374
IMPROVED_DA_fee,18.48012024048096,0.07871823791769669
IMPROVED_DA_fee,18.507054108216433,0.07498545684274147
IMPROVED_DA_fee,18.533987975951902,0.07138345000639992
IMPROVED_DA_fee,18.560921843687375,0.06791407100925237
IMPROVED_DA_fee,18.587855711422847,0.06457913505250613
IMPROVED_DA_fee,18.614789579158316,0.061380296368168254
IMPROVED_DA_fee,18.64172344689379,0.05831893484787133
IMPROVED_DA_fee,18.668657314629257,0.055396055503147225
IMPROVED_DA_fee,18.69559118236473,0.0526122037504857
IMPROVED_DA_fee,18.722525050100202,0.049967398786720844
IMPROVED_DA_fee,18.74945891783567,0.04746108653444746
IMPROVED_DA_fee,18.77639278557114,0.04509211282595755
IMPROVED_DA_fee,18.803326653306613,0.0428587166907175
IMPROVED_DA_fee,18.830260521042085,0.040758542848230064
IMPROVED_DA_fee,18.857194388777554,0.03878867181535922
IMPROVED_DA_fee,18.884128256513026,0.03694566544144549
IMPROVED_DA_fee,18.911062124248495,0.035225625207423096
IMPROVED_DA_fee,18.937995991983968,0.03362426028260029
IMPROVED_DA_fee,18.96492985971944,0.03213696213417974
IMPROVED_DA_fee,18.99186372745491,0.030758882432584775
IMPROVED_DA_fee,19.01879759519038,0.029485011086115842
IMPROVED_DA_fee,19.04573146292585,0.028310251460830986
IMPROVED_DA_fee,19.072665330661323,0.027229490179595372
IMPROVED_DA_fee,19.099599198396795,0.02623765932700706
IMPROVED_DA_fee,19.126533066132264,0.025329789389793758
IMPROVED_DA_fee,19.153466933867733,0.0245010518085156
IMPROVED_DA_fee,19.180400801603206,0.023746790578291148
IMPROVED_DA_fee,19.207334669338678,0.023062542886650942
IMPROVED_DA_fee,19.234268537074147,0.022444049290172283
IMPROVED_DA_fee,19.26120240480962,0.021887254385909737
IMPROVED_DA_fee,19.28813627254509,0.0213882993104114
IMPROVED_DA_fee,19.31507014028056,0.02094350768457398
IMPROVED_DA_fee,19.342004008016033,0.020549366808186035
IMPROVED_DA_fee,19.368937875751502,0.020202505990475402
IMPROVED_DA_fee,19.395871743486975,0.01989967388436051
IMPROVED_DA_fee,19.422805611222444,0.01963771657931119
IMPROVED_DA_fee,19.449739478957916,0.019413558012033046
IMPROVED_DA_fee,19.47667334669339,0.019224183990452254
IMPROVED_DA_fee,19.503607214428857,0.019066630812193584
IMPROVED_DA_fee,19.530541082164326,0.018937979113099884
IMPROVED_DA_fee,19.5574749498998,0.018835353224095675
IMPROVED_DA_fee,19.58440881763527,0.018755925965194983
IMPROVED_DA_fee,19.61134268537074,0.018696928481598315
IMPROVED_DA_fee,19.638276553106213,0.0186556644442433
IMPROVED_DA_fee,19.66521042084168,0.018629527708471438
IMPROVED_DA_fee,19.692144288577154,0.018616022358713468
IMPROVED_DA_fee,19.719078156312627,0.01861278396946746
IMPROVED_DA_fee,19.746012024048095,0.018617600884560447
IMPROVED_DA_fee,19.772945891783568,0.01862843435510071
IMPROVED_DA_fee,19.799879759519037,0.01864343647546666
IMPROVED_DA_fee,19.82681362725451,0.018660965006951247
IMPROVED_DA_fee,19.85374749498998,0.018679594368740688
IMPROVED_DA_fee,19.88068136272545,0.018698122292649864
IMPROVED_DA_fee,19.90761523046092,0.01871557186761487
IMPROVED_DA_fee,19.934549098196392,0.01873118892863733
IMPROVED_DA_fee,19.961482965931864,0.018744434959882476
IMPROVED_DA_fee,19.988416833667333,0.018754975871800965
IMPROVED_DA_fee,20.015350701402806,0.018762667168529857
IMPROVED_DA_fee,20.042284569138275,0.01876753613814882
IMPROVED_DA_fee,20.069218436873747,0.018769761771196034
IMPROVED_DA_fee,20.09615230460922,0.018769653141680942
IMPROVED_DA_fee,20.12308617234469,0.018767626971920227
IMPROVED_DA_fee,20.15002004008016,0.018764185052564157
IMPROVED_DA_fee,20.17695390781563,0.01875989210884543
IMPROVED_DA_fee,20.203887775551102,0.01875535460145672
IMPROVED_DA_fee,20.230821643286575,0.018751200834422155
IMPROVED_DA_fee,20.257755511022044,0.018748062621891635
IMPROVED_DA_fee,20.284689378757513,0.018746558649511073
IMPROVED_DA_fee,20.311623246492985,0.018747279561468218
IMPROVED_DA_fee,20.338557114228458,0.018750774717589496
IMPROVED_DA_fee,20.365490981963926,0.018757540500340442
IMPROVED_DA_fee,20.3924248496994,0.01876801001169758
IMPROVED_DA_fee,20.419358717434868,0.018782543985108837
IMPROVED_DA_fee,20.44629258517034,0.018801422746785586
IMPROVED_DA_fee,20.473226452905813,0.018824839090392773
IMPROVED_DA_fee,20.50016032064128,0.018852891975539784
IMPROVED_DA_fee,20.527094188376754,0.018885581018097283
IMPROVED_DA_fee,20.554028056112223,0.018922801803544793
IMPROVED_DA_fee,20.580961923847696,0.018964342117443484
IMPROVED_DA_fee,20.607895791583168,0.01900987924417921
IMPROVED_DA_fee,20.634829659318637,0.019058978531405722
IMPROVED_DA_fee,20.661763527054106,0.019111093449117475
IMPROVED_DA_fee,20.68869739478958,0.019165567386074066
IMPROVED_DA_fee,20.71563126252505,0.019221637420682204
IMPROVED_DA_fee,20.742565130260523,0.019278440277954972
IMPROVED_DA_fee,20.769498997995992,0.019335020639570204
IMPROVED_DA_fee,20.79643286573146,0.01939034191218407
IMPROVED_DA_fee,20.823366733466933,0.01944329948282718
IMPROVED_DA_fee,20.850300601202406,0.019492736402963624
IMPROVED_DA_fee,20.877234468937875,0.01953746134872178
IMPROVED_DA_fee,20.904168336673347,0.019576268608315447
IMPROVED_DA_fee,20.931102204408816,0.019607959753281147
IMPROVED_DA_fee,20.95803607214429,0.019631366562271036
IMPROVED_DA_fee,20.98496993987976,0.019645374688897658
IMPROVED_DA_fee,21.01190380761523,0.019648947502220963
IMPROVED_DA_fee,21.0388376753507,0.019641149483031764
IMPROVED_DA_fee,21.06577154308617,0.019621168533579158
IMPROVED_DA_fee,21.092705410821644,0.01958833655453375
IMPROVED_DA_fee,21.119639278557116,0.019542147661691524
IMPROVED_DA_fee,21.146573146292585,0.01948227345630607
IMPROVED_DA_fee,21.173507014028054,0.019408574826255562
IMPROVED_DA_fee,21.200440881763527,0.019321109838955276
IMPROVED_DA_fee,21.227374749499,0.01922013738869095
IMPROVED_DA_fee,21.254308617234468,0.019106116377821836
IMPROVED_DA_fee,21.28124248496994,0.018979700339398536
IMPROVED_DA_fee,21.30817635270541,0.018841727543938497
IMPROVED_DA_fee,21.335110220440882,0.018693206770777203
IMPROVED_DA_fee,21.362044088176354,0.01853529905969231
IMPROVED_DA_fee,21.388977955911823,0.018369295886428872
IMPROVED_DA_fee,21.415911823647292,0.018196594321498148
IMPROVED_DA_fee,21.442845691382765,0.01801866983065043
IMPROVED_DA_fee,21.469779559118237,0.017837047453712816
IMPROVED_DA_fee,21.49671342685371,0.01765327215271566
IMPROVED_DA_fee,21.52364729458918,0.0174688791479529
IMPROVED_DA_fee,21.550581162324647,0.017285365060383796
IMPROVED_DA_fee,21.57751503006012,0.017104160650251835
IMPROVED_DA_fee,21.604448897795592,0.016926605885776453
IMPROVED_DA_fee,21.63138276553106,0.01675392799423199
IMPROVED_DA_fee,21.658316633266534,0.016587223043702033
IMPROVED_DA_fee,21.685250501002002,0.016427441481287417
IMPROVED_DA_fee,21.712184368737475,0.016275377917335455
IMPROVED_DA_fee,21.739118236472947,0.016131665300698293
IMPROVED_DA_fee,21.766052104208416,0.015996773482782656
IMPROVED_DA_fee,21.792985971943885,0.01587101202394192
IMPROVED_DA_fee,21.819919839679358,0.015754536960081125
IMPROVED_DA_fee,21.84685370741483,0.015647361125225388
IMPROVED_DA_fee,21.873787575150303,0.015549367521576846
IMPROVED_DA_fee,21.90072144288577,0.01546032514571354
IMPROVED_DA_fee,21.92765531062124,0.015379906620520628
IMPROVED_DA_fee,21.954589178356713,0.015307706948567893
IMPROVED_DA_fee,21.981523046092185,0.015243262694249065
IMPROVED_DA_fee,22.008456913827654,0.015186070918322948
IMPROVED_DA_fee,22.035390781563127,0.015135607227839699
IMPROVED_DA_fee,22.062324649298596,0.015091342364278573
IMPROVED_DA_fee,22.089258517034068,0.015052756829896421
IMPROVED_DA_fee,22.11619238476954,0.015019353143152128
IMPROVED_DA_fee,22.14312625250501,0.014990665414710762
IMPROVED_DA_fee,22.17006012024048,0.014966266041924688
IMPROVED_DA_fee,22.19699398797595,0.014945769427882375
IMPROVED_DA_fee,22.223927855711423,0.014928832737364462
IMPROVED_DA_fee,22.250861723446896,0.014915153802935333
IMPROVED_DA_fee,22.277795591182365,0.014904466386926243
IMPROVED_DA_fee,22.304729458917834,0.014896533086718657
IMPROVED_DA_fee,22.331663326653306,0.014891136239519246
IMPROVED_DA_fee,22.35859719438878,0.014888067237278979
IMPROVED_DA_fee,22.385531062124247,0.014887114701639776
IMPROVED_DA_fee,22.41246492985972,0.014888051992415538
IMPROVED_DA_fee,22.43939879759519,0.014890624531259859
IMPROVED_DA_fee,22.46633266533066,0.014894537415444317
IMPROVED_DA_fee,22.493266533066134,0.014899443776103556
IMPROVED_DA_fee,22.520200400801603,0.014904934302307351
IMPROVED_DA_fee,22.54713426853707,0.014910528308625815
IMPROVED_DA_fee,22.574068136272544,0.014915666671430183
IMPROVED_DA_fee,22.601002004008016,0.014919706900153946
IMPROVED_DA_fee,22.62793587174349,0.01492192054633051
IMPROVED_DA_fee,22.654869739478958,0.014921493087608631
IMPROVED_DA_fee,22.681803607214427,0.014917526358194428
IMPROVED_DA_fee,22.7087374749499,0.014909043533142517
IMPROVED_DA_fee,22.73567134268537,0.014894996613206587
IMPROVED_DA_fee,22.762605210420844,0.01487427630080824
IMPROVED_DA_fee,22.789539078156313,0.014845724106972557
IMPROVED_DA_fee,22.816472945891782,0.014808146484309389
IMPROVED_DA_fee,22.843406813627254,0.014760330742440186
IMPROVED_DA_fee,22.870340681362727,0.014701062469528124
IMPROVED_DA_fee,22.897274549098196,0.014629144156385927
IMPROVED_DA_fee,22.924208416833665,0.014543414697503169
IMPROVED_DA_fee,22.951142284569137,0.014442769425715074
IMPROVED_DA_fee,22.97807615230461,0.01432618032366478
IMPROVED_DA_fee,23.005010020040082,0.014192716045389776
IMPROVED_DA_fee,23.03194388777555,0.01404156137521783
IMPROVED_DA_fee,23.05887775551102,0.013872035748883132
IMPROVED_DA_fee,23.085811623246492,0.013683610463830915
IMPROVED_DA_fee,23.112745490981965,0.013475924212759798
IMPROVED_DA_fee,23.139679358717437,0.013248796587412001
IMPROVED_DA_fee,23.166613226452906,0.013002239219375624
IMPROVED_DA_fee,23.193547094188375,0.012736464252071368
IMPROVED_DA_fee,23.220480961923847,0.012451889873833387
IMPROVED_DA_fee,23.24741482965932,0.01214914268643407
IMPROVED_DA_fee,23.27434869739479,0.011829056736509375
IMPROVED_DA_fee,23.301282565130258,0.011492669098601235
IMPROVED_DA_fee,23.32821643286573,0.011141211966913697
IMPROVED_DA_fee,23.355150300601203,0.010776101286836214
IMPROVED_DA_fee,23.382084168336675,0.01039892203482332
IMPROVED_DA_fee,23.409018036072144,0.010011410333962084
IMPROVED_DA_fee,23.435951903807613,0.009615432669897138
IMPROVED_DA_fee,23.462885771543085,0.009212962545005799
IMPROVED_DA_fee,23.489819639278558,0.008806054975178747
IMPROVED_DA_fee,23.51675350701403,0.008396819290828654
IMPROVED_DA_fee,23.5436873747495,0.007987390749746566
IMPROVED_DA_fee,23.570621242484968,0.0075799015025399645
IMPROVED_DA_fee,23.59755511022044,0.007176451470551146
IMPROVED_DA_fee,23.624488977955913,0.006779079700882299
IMPROVED_DA_fee,23.651422845691382,0.006389736753532199
IMPROVED_DA_fee,23.67835671342685,0.0060102586523036955
IMPROVED_DA_fee,23.705290581162323,0.005642342895149963
IMPROVED_DA_fee,23.732224448897796,0.005287526972442057
IMPROVED_DA_fee,23.75915831663327,0.004947169784957379
IMPROVED_DA_fee,23.786092184368737,0.004622436289054687
IMPROVED_DA_fee,23.813026052104206,0.004314285626398917
IMPROVED_DA_fee,23.83995991983968,0.004023462921565671
IMPROVED_DA_fee,23.86689378757515,0.0037504948546212987
IMPROVED_DA_fee,23.893827655310623,0.0034956890389179576
IMPROVED_DA_fee,23.920761523046092,0.0032591371582883404
IMPROVED_DA_fee,23.94769539078156,0.0030407217438388006
IMPROVED_DA_fee,23.974629258517034,0.0028401263997772613
IMPROVED_DA_fee,24.001563126252506,0.0026568492212324093
IMPROVED_DA_fee,24.028496993987975,0.002490219085847346
IMPROVED_DA_fee,24.055430861723444,0.0023394144460684597
IMPROVED_DA_fee,24.082364729458916,0.0022034842015187955
IMPROVED_DA_fee,24.10929859719439,0.002081370191671576
IMPROVED_DA_fee,24.13623246492986,0.0019719308192498904
IMPROVED_DA_fee,24.16316633266533,0.001873965295352293
IMPROVED_DA_fee,24.1901002004008,0.0017862379891178792
IMPROVED_DA_fee,24.21703406813627,0.0017075023685052641
IMPROVED_DA_fee,24.243967935871744,0.001636524034918603
IMPROVED_DA_fee,24.270901803607217,0.0015721023830951363
IMPROVED_DA_fee,24.297835671342686,0.001513090458597023
IMPROVED_DA_fee,24.324769539078154,0.0014584126377017099
IMPROVED_DA_fee,24.351703406813627,0.0014070798172589143
IMPROVED_DA_fee,24.3786372745491,0.001358201873503652
IMPROVED_DA_fee,24.40557114228457,0.0013109972267697583
IMPROVED_DA_fee,24.432505010020037,0.0012647994310487046
IMPROVED_DA_fee,24.45943887775551,0.001219060790620139
IMPROVED_DA_fee,24.486372745490982,0.0011733530876212378
IMPROVED_DA_fee,24.513306613226455,0.0011273655814816581
IMPROVED_DA_fee,24.540240480961923,0.0010809005108153903
IMPROVED_DA_fee,24.567174348697392,0.0010338663880888172
IMPROVED_DA_fee,24.594108216432865,0.0009862694250399792
IMPROVED_DA_fee,24.621042084168337,0.0009382034607916983
IMPROVED_DA_fee,24.64797595190381,0.0008898387838741762
IMPROVED_DA_fee,24.67490981963928,0.0008414102436037239
IMPROVED_DA_fee,24.701843687374748,0.0007932050357869658
IMPROVED_DA_fee,24.72877755511022,0.000745550523526684
IMPROVED_DA_fee,24.755711422845692,0.0006988024175922473
IMPROVED_DA_fee,24.78264529058116,0.0006533335944975337
IMPROVED_DA_fee,24.80957915831663,0.0006095237766177622
IMPROVED_DA_fee,24.836513026052103,0.0005677502401590878
IMPROVED_DA_fee,24.863446893787575,0.0005283796564824017
IMPROVED_DA_fee,24.890380761523048,0.000491761113067361
IMPROVED_DA_fee,24.917314629258517,0.000458220305012213
IMPROVED_DA_fee,24.944248496993985,0.0004280548388382547
IMPROVED_DA_fee,24.971182364729458,0.0004015305495417305
IMPROVED_DA_fee,24.99811623246493,0.00037887870085932693
IMPROVED_DA_fee,25.025050100200403,0.00036029391858738213
IMPROVED_DA_fee,25.051983967935872,0.00034593269794003977
IMPROVED_DA_fee,25.07891783567134,0.00033591232818451164
IMPROVED_DA_fee,25.105851703406813,0.00033031009042976616
IMPROVED_DA_fee,25.132785571142286,0.00032916260623394946
IMPROVED_DA_fee,25.159719438877755,0.0003324652439620755
IMPROVED_DA_fee,25.186653306613227,0.0003401715245438623
IMPROVED_DA_fee,25.213587174348696,0.0003521925061800792
IMPROVED_DA_fee,25.24052104208417,0.0003683961662177764
IMPROVED_DA_fee,25.26745490981964,0.00038860683543704355
IMPROVED_DA_fee,25.29438877755511,0.0004126047730434964
IMPROVED_DA_fee,25.32132264529058,0.0004401259976354586
IMPROVED_DA_fee,25.34825651302605,0.00047086250852760154
IMPROVED_DA_fee,25.375190380761524,0.0005044630416901333
IMPROVED_DA_fee,25.402124248496996,0.0005405345043154544
IMPROVED_DA_fee,25.429058116232465,0.0005786442213021131
IMPROVED_DA_fee,25.455991983967934,0.0006183231059625661
IMPROVED_DA_fee,25.482925851703406,0.0006590698367965407
IMPROVED_DA_fee,25.50985971943888,0.0007003560835444743
IMPROVED_DA_fee,25.536793587174348,0.0007416327807466897
IMPROVED_DA_fee,25.56372745490982,0.0007823373978860429
IMPROVED_DA_fee,25.59066132264529,0.0008219021043821131
IMPROVED_DA_fee,25.61759519038076,0.0008597626779008024
IMPROVED_DA_fee,25.644529058116234,0.0008953679583417989
IMPROVED_DA_fee,25.671462925851703,0.000928189610053017
IMPROVED_DA_fee,25.69839679358717,0.000957731923622714
IMPROVED_DA_fee,25.725330661322644,0.0009835413679539654
IMPROVED_DA_fee,25.752264529058117,0.0010052155946653077
IMPROVED_DA_fee,25.77919839679359,0.00102241160102339
IMPROVED_DA_fee,25.806132264529058,0.0010348527747850984
IMPROVED_DA_fee,25.833066132264527,0.0010423345740215003
IMPROVED_DA_fee,25.86,0.001044728636071845
IMPROVED_BA_fee,17.29,0.00604048865602532
IMPROVED_BA_fee,17.307254509018037,0.006352438546349168
IMPROVED_BA_fee,17.32450901803607,0.006677078817037639
IMPROVED_BA_fee,17.34176352705411,0.00701491163574385
IMPROVED_BA_fee,17.359018036072143,0.007366464787447716
IMPROVED_BA_fee,17.37627254509018,0.007732291477347462
IMPROVED_BA_fee,17.393527054108215,0.008112969824639212
IMPROVED_BA_fee,17.410781563126253,0.008509102028041716
IMPROVED_BA_fee,17.428036072144288,0.008921313187221593
IMPROVED_BA_fee,17.445290581162325,0.009350249768035076
IMPROVED_BA_fee,17.46254509018036,0.009796577703681038
IMPROVED_BA_fee,17.479799599198397,0.01026098012841775
IMPROVED_BA_fee,17.49705410821643,0.010744154745368818
IMPROVED_BA_fee,17.51430861723447,0.011246810835075583
IMPROVED_BA_fee,17.531563126252504,0.01176966591675969
IMPROVED_BA_fee,17.54881763527054,0.012313442079674254
IMPROVED_BA_fee,17.566072144288576,0.012878862007333382
IMPROVED_BA_fee,17.583326653306614,0.013466644722756072
IMPROVED_BA_fee,17.600581162324648,0.014077501088011956
IMPROVED_BA_fee,17.617835671342686,0.014712129096248448
IMPROVED_BA_fee,17.63509018036072,0.015371208998881164
IMPROVED_BA_fee,17.652344689378758,0.016055398314682574
IMPROVED_BA_fee,17.669599198396792,0.016765326770983156
IMPROVED_BA_fee,17.68685370741483,0.0175015912300567
IMPROVED_BA_fee,17.704108216432864,0.018264750655885016
IMPROVED_BA_fee,17.721362725450902,0.019055321177868765
IMPROVED_BA_fee,17.738617234468936,0.01987377130857099
IMPROVED_BA_fee,17.755871743486974,0.02072051737226212
IMPROVED_BA_fee,17.77312625250501,0.021595919199810163
IMPROVED_BA_fee,17.790380761523046,0.02250027614337214
IMPROVED_BA_fee,17.80763527054108,0.023433823461361893
IMPROVED_BA_fee,17.82488977955912,0.024396729120362823
IMPROVED_BA_fee,17.842144288577153,0.025389091056040192
IMPROVED_BA_fee,17.85939879759519,0.026410934929785326
IMPROVED_BA_fee,17.876653306613225,0.027462212411830108
IMPROVED_BA_fee,17.893907815631263,0.028542800015058496
IMPROVED_BA_fee,17.911162324649297,0.029652498496757034
IMPROVED_BA_fee,17.928416833667335,0.030791032838277024
IMPROVED_BA_fee,17.94567134268537,0.03195805280508268
IMPROVED_BA_fee,17.962925851703407,0.03315313408214388
IMPROVED_BA_fee,17.98018036072144,0.03437577997215982
IMPROVED_BA_fee,17.99743486973948,0.03562542363688272
IMPROVED_BA_fee,18.014689378757513,0.036901430854904625
IMPROVED_BA_fee,18.03194388777555,0.038203103262889476
IMPROVED_BA_fee,18.049198396793585,0.039529682041406354
IMPROVED_BA_fee,18.066452905811623,0.04088035200144104
IMPROVED_BA_fee,18.083707414829657,0.04225424602334131
IMPROVED_BA_fee,18.100961923847695,0.043650449796543714
IMPROVED_BA_fee,18.11821643286573,0.045068006805920484
IMPROVED_BA_fee,18.135470941883767,0.046505923509064705
IMPROVED_BA_fee,18.1527254509018,0.04796317464828188
IMPROVED_BA_fee,18.16997995991984,0.04943870864150114
IMPROVED_BA_fee,18.187234468937874,0.05093145299769439
IMPROVED_BA_fee,18.20448897795591,0.05244031970469463
IMPROVED_BA_fee,18.221743486973946,0.05396421054041757
IMPROVED_BA_fee,18.238997995991983,0.05550202226238817
IMPROVED_BA_fee,18.256252505010018,0.05705265163497271
IMPROVED_BA_fee,18.273507014028056,0.05861500025879988
IMPROVED_BA_fee,18.29076152304609,0.06018797917228814
IMPROVED_BA_fee,18.308016032064128,0.06177051320094787
IMPROVED_BA_fee,18.325270541082162,0.06336154503595538
IMPROVED_BA_fee,18.3425250501002,0.06496003902935414
IMPROVED_BA_fee,18.359779559118234,0.06656498469890099
IMPROVED_BA_fee,18.377034068136272,0.06817539994098029
IMPROVED_BA_fee,18.394288577154306,0.0697903339549539
IMPROVED_BA_fee,18.411543086172344,0.07140886988677317
IMPROVED_BA_fee,18.428797595190378,0.07303012720344877
IMPROVED_BA_fee,18.446052104208416,0.07465326381307687
IMPROVED_BA_fee,18.46330661322645,0.07627747794737783
IMPROVED_BA_fee,18.480561122244488,0.07790200982519258
IMPROVED_BA_fee,18.497815631262526,0.0795261431159643
IMPROVED_BA_fee,18.51507014028056,0.08114920622199222
IMPROVED_BA_fee,18.532324649298594,0.08277057339716717
IMPROVED_BA_fee,18.549579158316632,0.08438966571802514
IMPROVED_BA_fee,18.56683366733467,0.08600595192037096
IMPROVED_BA_fee,18.584088176352704,0.0876189491115092
IMPROVED_BA_fee,18.60134268537074,0.08922822336436444
IMPROVED_BA_fee,18.618597194388776,0.0908333901956196
IMPROVED_BA_fee,18.635851703406814,0.09243411492557142
IMPROVED_BA_fee,18.65310621242485,0.09403011291284281
IMPROVED_BA_fee,18.670360721442886,0.09562114965255261
IMPROVED_BA_fee,18.68761523046092,0.09720704072217638
IMPROVED_BA_fee,18.70486973947896,0.09878765155530805
IMPROVED_BA_fee,18.722124248496993,0.10036289701996418
IMPROVED_BA_fee,18.73937875751503,0.10193274077515624
IMPROVED_BA_fee,18.756633266533065,0.10349719437726136
IMPROVED_BA_fee,18.773887775551103,0.10505631610641754
IMPROVED_BA_fee,18.791142284569137,0.1066102094828236
IMPROVED_BA_fee,18.808396793587175,0.10815902144351973
IMPROVED_BA_fee,18.82565130260521,0.10970294015201223
IMPROVED_BA_fee,18.842905811623247,0.11124219241603296
IMPROVED_BA_fee,18.86016032064128,0.11277704069275331
IMPROVED_BA_fee,18.87741482965932,0.11430777966592891
IMPROVED_BA_fee,18.894669338677353,0.11583473238560638
IMPROVED_BA_fee,18.91192384769539,0.11735824596818928
IMPROVED_BA_fee,18.929178356713425,0.11887868686262898
IMPROVED_BA_fee,18.946432865731463,0.12039643569720189
IMPROVED_BA_fee,18.963687374749497,0.12191188173057814
IMPROVED_BA_fee,18.980941883767535,0.1234254169405038
IMPROVED_BA_fee,18.99819639278557,0.12493742979316333
IMPROVED_BA_fee,19.015450901803607,0.1264482987460512
IMPROVED_BA_fee,19.03270541082164,0.12795838554659658
IMPROVED_BA_fee,19.04995991983968,0.12946802839776025
IMPROVED_BA_fee,19.067214428857714,0.1309775350700165
IMPROVED_BA_fee,19.08446893787575,0.13248717604641747
IMPROVED_BA_fee,19.101723446893786,0.1339971777934997
IMPROVED_BA_fee,19.118977955911824,0.13550771625553698
IMPROVED_BA_fee,19.136232464929858,0.13701891067278613
IMPROVED_BA_fee,19.153486973947896,0.138530817825861
IMPROVED_BA_fee,19.17074148296593,0.14004342680798185
IMPROVED_BA_fee,19.187995991983968,0.14155665442458953
IMPROVED_BA_fee,19.205250501002002,0.14307034131552787
IMPROVED_BA_fee,19.22250501002004,0.144584248888771
IMPROVED_BA_fee,19.239759519038074,0.1460980571464519
IMPROVED_BA_fee,19.257014028056112,0.14761136347385248
IMPROVED_BA_fee,19.274268537074146,0.14912368245011579
IMPROVED_BA_fee,19.291523046092184,0.15063444672593326
IMPROVED_BA_fee,19.30877755511022,0.15214300899850364
IMPROVED_BA_fee,19.326032064128256,0.15364864509789633
IMPROVED_BA_fee,19.34328657314629,0.15515055818183515
IMPROVED_BA_fee,19.36054108216433,0.15664788401817914
IMPROVED_BA_fee,19.377795591182363,0.1581396973162611
IMPROVED_BA_fee,19.3950501002004,0.15962501905016155
IMPROVED_BA_fee,19.412304609218435,0.16110282469923232
IMPROVED_BA_fee,19.429559118236472,0.16257205331414393
IMPROVED_BA_fee,19.446813627254507,0.16403161730068355
IMPROVED_BA_fee,19.464068136272545,0.16548041279893305
IMPROVED_BA_fee,19.48132264529058,0.1669173305224735
IMPROVED_BA_fee,19.498577154308617,0.16834126691135282
IMPROVED_BA_fee,19.51583166332665,0.1697511354438452
IMPROVED_BA_fee,19.53308617234469,0.1711458779458207
IMPROVED_BA_fee,19.550340681362723,0.17252447573302415
IMPROVED_BA_fee,19.56759519038076,0.17388596042079113
IMPROVED_BA_fee,19.584849699398795,0.17522942423790017
IMPROVED_BA_fee,19.602104208416833,0.17655402968627265
IMPROVED_BA_fee,19.619358717434867,0.17785901839620472
IMPROVED_BA_fee,19.636613226452905,0.17914371903749282
IMPROVED_BA_fee,19.65386773547094,0.1804075541602039
IMPROVED_BA_fee,19.671122244488977,0.1816500458546699
IMPROVED_BA_fee,19.688376753507015,0.18287082013828407
IMPROVED_BA_fee,19.70563126252505,0.18406960999660754
IMPROVED_BA_fee,19.722885771543083,0.18524625702777753
IMPROVED_BA_fee,19.74014028056112,0.18640071166186578
IMPROVED_BA_fee,19.75739478957916,0.18753303195027593
IMPROVED_BA_fee,19.774649298597193,0.18864338094405356
IMPROVED_BA_fee,19.791903807615228,0.18973202270366268
IMPROVED_BA_fee,19.809158316633265,0.19079931700595043
IMPROVED_BA_fee,19.826412825651303,0.19184571283613708
IMPROVED_BA_fee,19.843667334669338,0.19287174077344246
IMPROVED_BA_fee,19.860921843687372,0.1938780043978637
IMPROVED_BA_fee,19.87817635270541,0.19486517086229826
IMPROVED_BA_fee,19.895430861723447,0.19583396078839932
IMPROVED_BA_fee,19.91268537074148,0.19678513765584948
IMPROVED_BA_fee,19.929939879759516,0.1977194968629755
IMPROVED_BA_fee,19.947194388777554,0.19863785464159237
IMPROVED_BA_fee,19.96444889779559,0.19954103701055007
IMPROVED_BA_fee,19.981703406813626,0.20042986895056866
IMPROVED_BA_fee,19.998957915831664,0.20130516397765488
IMPROVED_BA_fee,20.016212424849698,0.20216771428371388
IMPROVED_BA_fee,20.033466933867736,0.20301828160109817
IMPROVED_BA_fee,20.05072144288577,0.20385758893295086
IMPROVED_BA_fee,20.067975951903808,0.2046863132736024
IMPROVED_BA_fee,20.085230460921842,0.20550507942326504
IMPROVED_BA_fee,20.10248496993988,0.20631445497928075
IMPROVED_BA_fee,20.119739478957914,0.20711494656253565
IMPROVED_BA_fee,20.136993987975952,0.20790699731298054
IMPROVED_BA_fee,20.154248496993986,0.20869098566278071
IMPROVED_BA_fee,20.171503006012024,0.2094672253701835
IMPROVED_BA_fee,20.18875751503006,0.2102359667720161
IMPROVED_BA_fee,20.206012024048096,0.21099739918858562
IMPROVED_BA_fee,20.22326653306613,0.21175165439185534
IMPROVED_BA_fee,20.24052104208417,0.2124988110268439
IMPROVED_BA_fee,20.257775551102203,0.21323889985748543
IMPROVED_BA_fee,20.27503006012024,0.21397190969220675
IMPROVED_BA_fee,20.292284569138275,0.21469779383148815
IMPROVED_BA_fee,20.309539078156313,0.21541647686998128
IMPROVED_BA_fee,20.326793587174347,0.216127861679593
IMPROVED_BA_fee,20.344048096192385,0.21683183639740095
IMPROVED_BA_fee,20.36130260521042,0.21752828124341292
IMPROVED_BA_fee,20.378557114228457,0.2182170749980635
IMPROVED_BA_fee,20.39581162324649,0.21889810097775617
IMPROVED_BA_fee,20.41306613226453,0.21957125235863642
IMPROVED_BA_fee,20.430320641282563,0.22023643671383383
IMPROVED_BA_fee,20.4475751503006,0.22089357964729855
IMPROVED_BA_fee,20.464829659318635,0.22154262742777833
IMPROVED_BA_fee,20.482084168336673,0.22218354854895606
IMPROVED_BA_fee,20.499338677354707,0.2228163341658141
IMPROVED_BA_fee,20.516593186372745,0.22344099738247222
IMPROVED_BA_fee,20.53384769539078,0.22405757139245364
IMPROVED_BA_fee,20.551102204408817,0.22466610649806168
IMPROVED_BA_fee,20.56835671342685,0.22526666606080445
IMPROVED_BA_fee,20.58561122244489,0.22585932145894105
IMPROVED_BA_fee,20.602865731462924,0.22644414615087646
IMPROVED_BA_fee,20.62012024048096,0.22702120896373734
IMPROVED_BA_fee,20.637374749498996,0.22759056674460343
IMPROVED_BA_fee,20.654629258517033,0.22815225652725635
IMPROVED_BA_fee,20.671883767535068,0.2287062873795043
IMPROVED_BA_fee,20.689138276553106,0.22925263210503946
IMPROVED_BA_fee,20.70639278557114,0.2297912189791137
IMPROVED_BA_fee,20.723647294589178,0.23032192369903431
IMPROVED_BA_fee,20.740901803607212,0.23084456172859594
IMPROVED_BA_fee,20.75815631262525,0.2313588812100551
IMPROVED_BA_fee,20.775410821643284,0.2318645566083405
IMPROVED_BA_fee,20.792665330661322,0.23236118324004068
IMPROVED_BA_fee,20.809919839679356,0.23284827282458506
IMPROVED_BA_fee,20.827174348697394,0.23332525017727132
IMPROVED_BA_fee,20.844428857715428,0.2337914511437726
IMPROVED_BA_fee,20.861683366733466,0.23424612185387947
IMPROVED_BA_fee,20.8789378757515,0.23468841934894408
IMPROVED_BA_fee,20.896192384769538,0.23511741361327812
IMPROVED_BA_fee,20.913446893787572,0.2355320910150651
IMPROVED_BA_fee,20.93070140280561,0.23593135913765417
IMPROVED_BA_fee,20.947955911823648,0.23631405295790658
IMPROVED_BA_fee,20.965210420841682,0.23667894230495037
IMPROVED_BA_fee,20.982464929859717,0.23702474051074213
IMPROVED_BA_fee,20.999719438877754,0.23735011414358295
IMPROVED_BA_fee,21.016973947895792,0.23765369369751332
IMPROVED_BA_fee,21.034228456913826,0.23793408509466848
IMPROVED_BA_fee,21.05148296593186,0.2381898818443808
IMPROVED_BA_fee,21.0687374749499,0.23841967769228994
IMPROVED_BA_fee,21.085991983967936,0.23862207958511905
IMPROVED_BA_fee,21.10324649298597,0.23879572077211636
IMPROVED_BA_fee,21.120501002004005,0.23893927386248087
IMPROVED_BA_fee,21.137755511022043,0.23905146365939847
IMPROVED_BA_fee,21.15501002004008,0.23913107959547608
IMPROVED_BA_fee,21.172264529058115,0.23917698760121728
IMPROVED_BA_fee,21.18951903807615,0.2391881412476739
IMPROVED_BA_fee,21.206773547094187,0.23916359201618678
IMPROVED_BA_fee,21.224028056112225,0.2391024985620207
IMPROVED_BA_fee,21.24128256513026,0.23900413485444325
IMPROVED_BA_fee,21.258537074148297,0.23886789709305523
IMPROVED_BA_fee,21.27579158316633,0.2386933093186699
IMPROVED_BA_fee,21.29304609218437,0.23848002765642978
IMPROVED_BA_fee,21.310300601202403,0.23822784314883558
IMPROVED_BA_fee,21.327555110220437,0.23793668315659067
IMPROVED_BA_fee,21.344809619238475,0.2376066113253132
IMPROVED_BA_fee,21.362064128256513,0.23723782613600164
IMPROVED_BA_fee,21.379318637274547,0.2368306580762071
IMPROVED_BA_fee,21.396573146292585,0.23638556548709827
IMPROVED_BA_fee,21.41382765531062,0.2359031291585123
IMPROVED_BA_fee,21.431082164328657,0.23538404575965363
IMPROVED_BA_fee,21.44833667334669,0.234829120206968
IMPROVED_BA_fee,21.46559118236473,0.23423925708277546
IMPROVED_BA_fee,21.482845691382764,0.23361545122834948
IMPROVED_BA_fee,21.5001002004008,0.23295877764314524
IMPROVED_BA_fee,21.517354709418836,0.23227038082773768
IMPROVED_BA_fee,21.534609218436874,0.2315514637117242
IMPROVED_BA_fee,21.551863727454908,0.23080327630929276
IMPROVED_BA_fee,21.569118236472946,0.2300271042444764
IMPROVED_BA_fee,21.58637274549098,0.2292242572853165
IMPROVED_BA_fee,21.603627254509018,0.22839605802134427
IMPROVED_BA_fee,21.620881763527052,0.22754383081210985
IMPROVED_BA_fee,21.63813627254509,0.2266688911261086
IMPROVED_BA_fee,21.655390781563124,0.2257725353795147
IMPROVED_BA_fee,21.672645290581162,0.22485603137291268
IMPROVED_BA_fee,21.689899799599196,0.22392060941189812
IMPROVED_BA_fee,21.707154308617234,0.22296745418424788
IMPROVED_BA_fee,21.72440881763527,0.2219976974526485
IMPROVED_BA_fee,21.741663326653306,0.2210124116078824
IMPROVED_BA_fee,21.75891783567134,0.22001260411330273
IMPROVED_BA_fee,21.77617234468938,0.21899921285747045
IMPROVED_BA_fee,21.793426853707413,0.21797310241842854
IMPROVED_BA_fee,21.81068136272545,0.21693506123026024
IMPROVED_BA_fee,21.827935871743485,0.2158857996307399
IMPROVED_BA_fee,21.845190380761522,0.21482594875808075
IMPROVED_BA_fee,21.862444889779557,0.2137560602552192
IMPROVED_BA_fee,21.879699398797595,0.21267660673191066
IMPROVED_BA_fee,21.89695390781563,0.2115879829281779
IMPROVED_BA_fee,21.914208416833667,0.21049050751744935
IMPROVED_BA_fee,21.9314629258517,0.20938442548404948
IMPROVED_BA_fee,21.94871743486974,0.20826991100756598
IMPROVED_BA_fee,21.965971943887773,0.20714707078591707
IMPROVED_BA_fee,21.98322645290581,0.20601594772964793
IMPROVED_BA_fee,22.000480961923845,0.20487652496197145
IMPROVED_BA_fee,22.017735470941883,0.20372873006209702
IMPROVED_BA_fee,22.034989979959917,0.20257243949353132
IMPROVED_BA_fee,22.052244488977955,0.2014074831637853
IMPROVED_BA_fee,22.069498997995993,0.20023364906739877
IMPROVED_BA_fee,22.086753507014027,0.19905068797000142
IMPROVED_BA_fee,22.10400801603206,0.19785831809714038
IMPROVED_BA_fee,22.1212625250501,0.19665622979764458
IMPROVED_BA_fee,22.138517034068137,0.19544409015715336
IMPROVED_BA_fee,22.15577154308617,0.19422154754295048
IMPROVED_BA_fee,22.173026052104206,0.19298823606630794
IMPROVED_BA_fee,22.190280561122243,0.1917437799529883
IMPROVED_BA_fee,22.20753507014028,0.19048779781632288
IMPROVED_BA_fee,22.224789579158315,0.18921990683029255
IMPROVED_BA_fee,22.24204408817635,0.18793972680225016
IMPROVED_BA_fee,22.259298597194388,0.18664688414638056
IMPROVED_BA_fee,22.276553106212425,0.18534101575959644
IMPROVED_BA_fee,22.29380761523046,0.184021772801533
IMPROVED_BA_fee,22.311062124248494,0.18268882437953707
IMPROVED_BA_fee,22.32831663326653,0.18134186113823833
IMPROVED_BA_fee,22.34557114228457,0.17998059875153644
IMPROVED_BA_fee,22.362825651302604,0.17860478131265775
IMPROVED_BA_fee,22.380080160320638,0.17721418461563512
IMPROVED_BA_fee,22.397334669338676,0.1758086193190649
IMPROVED_BA_fee,22.414589178356714,0.17438793398057564
IMPROVED_BA_fee,22.431843687374748,0.17295201794812542
IMPROVED_BA_fee,22.449098196392782,0.1715008040922013
IMPROVED_BA_fee,22.46635270541082,0.1700342713612665
IMPROVED_BA_fee,22.483607214428858,0.168552447141486
IMPROVED_BA_fee,22.500861723446892,0.16705540940093133
IMPROVED_BA_fee,22.518116232464926,0.16554328859813192
IMPROVED_BA_fee,22.535370741482964,0.16401626933506017
IMPROVED_BA_fee,22.552625250501002,0.1624745917353511
IMPROVED_BA_fee,22.569879759519036,0.160918552529817
IMPROVED_BA_fee,22.58713426853707,0.15934850583303384
IMPROVED_BA_fee,22.60438877755511,0.15776486359692765
IMPROVED_BA_fee,22.621643286573146,0.1561680957297815
IMPROVED_BA_fee,22.63889779559118,0.15455872987190575
IMPROVED_BA_fee,22.65615230460922,0.15293735082219387
IMPROVED_BA_fee,22.673406813627253,0.15130459961295212
IMPROVED_BA_fee,22.69066132264529,0.14966117223356976
IMPROVED_BA_fee,22.707915831663325,0.14800781800676108
IMPROVED_BA_fee,22.725170340681363,0.14634533762418947
IMPROVED_BA_fee,22.742424849699397,0.1446745808511832
IMPROVED_BA_fee,22.759679358717435,0.14299644391296196
IMPROVED_BA_fee,22.77693386773547,0.14131186657725125
IMPROVED_BA_fee,22.794188376753507,0.1396218289503182
IMPROVED_BA_fee,22.81144288577154,0.13792734800537787
IMPROVED_BA_fee,22.82869739478958,0.13622947386388387
IMPROVED_BA_fee,22.845951903807613,0.1345292858515538
IMPROVED_BA_fee,22.86320641282565,0.13282788835200388
IMPROVED_BA_fee,22.880460921843685,0.13112640648170643
IMPROVED_BA_fee,22.897715430861723,0.12942598161056698
IMPROVED_BA_fee,22.914969939879757,0.12772776675290365
IMPROVED_BA_fee,22.932224448897795,0.12603292185390405
IMPROVED_BA_fee,22.94947895791583,0.12434260899691375
IMPROVED_BA_fee,22.966733466933867,0.1226579875570924
IMPROVED_BA_fee,22.9839879759519,0.12098020932717912
IMPROVED_BA_fee,23.00124248496994,0.11931041364128821
IMPROVED_BA_fee,23.018496993987974,0.11764972252291002
IMPROVED_BA_fee,23.03575150300601,0.11599923588353593
IMPROVED_BA_fee,23.053006012024046,0.11436002679863817
IMPROVED_BA_fee,23.070260521042083,0.11273313688804291
IMPROVED_BA_fee,23.087515030060118,0.1111195718280736
IMPROVED_BA_fee,23.104769539078156,0.10952029702310398
IMPROVED_BA_fee,23.12202404809619,0.10793623346441447
IMPROVED_BA_fee,23.139278557114228,0.10636825380433497
IMPROVED_BA_fee,23.156533066132262,0.10481717867362478
IMPROVED_BA_fee,23.1737875751503,0.10328377326978225
IMPROVED_BA_fee,23.191042084168334,0.10176874424348488
IMPROVED_BA_fee,23.208296593186372,0.10027273690954058
IMPROVED_BA_fee,23.225551102204406,0.09879633280760465
IMPROVED_BA_fee,23.242805611222444,0.09734004763637881
IMPROVED_BA_fee,23.260060120240478,0.09590432958311951
IMPROVED_BA_fee,23.277314629258516,0.09448955806792135
IMPROVED_BA_fee,23.29456913827655,0.09309604291952762
IMPROVED_BA_fee,23.311823647294588,0.09172402399623236
IMPROVED_BA_fee,23.329078156312626,0.09037367126192845
IMPROVED_BA_fee,23.34633266533066,0.0890450853234388
IMPROVED_BA_fee,23.363587174348694,0.08773829843107328
IMPROVED_BA_fee,23.380841683366732,0.08645327593990378
IMPROVED_BA_fee,23.39809619238477,0.08518991822460474
IMPROVED_BA_fee,23.415350701402804,0.08394806303595484
IMPROVED_BA_fee,23.43260521042084,0.08272748828231084
IMPROVED_BA_fee,23.449859719438876,0.08152791521463343
IMPROVED_BA_fee,23.467114228456914,0.08034901198904384
IMPROVED_BA_fee,23.48436873747495,0.0791903975765072
IMPROVED_BA_fee,23.501623246492983,0.07805164598516766
IMPROVED_BA_fee,23.51887775551102,0.0769322907571605
IMPROVED_BA_fee,23.53613226452906,0.07583182969846317
IMPROVED_BA_fee,23.553386773547093,0.07474972979761065
IMPROVED_BA_fee,23.570641282565127,0.07368543228690642
IMPROVED_BA_fee,23.587895791583165,0.0726383577981675
IMPROVED_BA_fee,23.605150300601203,0.07160791156406617
IMPROVED_BA_fee,23.622404809619237,0.07059348861579756
IMPROVED_BA_fee,23.63965931863727,0.0695944789281026
IMPROVED_BA_fee,23.65691382765531,0.06861027246360113
IMPROVED_BA_fee,23.674168336673347,0.06764026406991648
IMPROVED_BA_fee,23.69142284569138,0.06668385818516996
IMPROVED_BA_fee,23.708677354709415,0.06574047331004941
IMPROVED_BA_fee,23.725931863727453,0.06480954620774801
IMPROVED_BA_fee,23.74318637274549,0.06389053579657687
IMPROVED_BA_fee,23.760440881763525,0.06298292670392204
IMPROVED_BA_fee,23.77769539078156,0.06208623245435915
IMPROVED_BA_fee,23.794949899799597,0.06119999826909531
IMPROVED_BA_fee,23.812204408817635,0.06032380345842954
IMPROVED_BA_fee,23.82945891783567,0.059457263393493075
IMPROVED_BA_fee,23.846713426853704,0.05860003104815209
IMPROVED_BA_fee,23.86396793587174,0.05775179810650331
IMPROVED_BA_fee,23.88122244488978,0.056912295635861546
IMPROVED_BA_fee,23.898476953907814,0.056081294329440895
IMPROVED_BA_fee,23.915731462925848,0.05525860432705511
IMPROVED_BA_fee,23.932985971943886,0.054444074626051255
IMPROVED_BA_fee,23.950240480961924,0.053637592098317165
IMPROVED_BA_fee,23.967494989979958,0.05283908013255383
IMPROVED_BA_fee,23.984749498997996,0.05204849692404409
IMPROVED_BA_fee,24.00200400801603,0.05126583343689286
IMPROVED_BA_fee,24.019258517034068,0.05049111106611571
IMPROVED_BA_fee,24.036513026052102,0.04972437902905839
IMPROVED_BA_fee,24.05376753507014,0.04896571151739013
IMPROVED_BA_fee,24.071022044088174,0.04821520464238259
IMPROVED_BA_fee,24.088276553106212,0.047472973207321204
IMPROVED_BA_fee,24.105531062124246,0.046739147341749325
IMPROVED_BA_fee,24.122785571142284,0.04601386903278682
IMPROVED_BA_fee,24.14004008016032,0.045297288589040446
IMPROVED_BA_fee,24.157294589178356,0.04458956107260454
IMPROVED_BA_fee,24.17454909819639,0.04389084273437595
IMPROVED_BA_fee,24.19180360721443,0.04320128748737042
IMPROVED_BA_fee,24.209058116232463,0.0425210434519366
IMPROVED_BA_fee,24.2263126252505,0.041850249605724706
IMPROVED_BA_fee,24.243567134268535,0.041189032569999645
IMPROVED_BA_fee,24.260821643286572,0.04053750356237128
IMPROVED_BA_fee,24.278076152304607,0.03989575554429156
IMPROVED_BA_fee,24.295330661322645,0.039263860589705386
IMPROVED_BA_fee,24.31258517034068,0.038641867499093444
IMPROVED_BA_fee,24.329839679358717,0.03802979968077471
IMPROVED_BA_fee,24.34709418837675,0.03742765331879831
IMPROVED_BA_fee,24.36434869739479,0.03683539584402751
IMPROVED_BA_fee,24.381603206412823,0.03625296472215574
IMPROVED_BA_fee,24.39885771543086,0.03568026656937692
IMPROVED_BA_fee,24.416112224448895,0.03511717660332183
IMPROVED_BA_fee,24.433366733466933,0.034563538433661674
IMPROVED_BA_fee,24.450621242484967,0.03401916419352616
IMPROVED_BA_fee,24.467875751503005,0.033483835009590096
IMPROVED_BA_fee,24.48513026052104,0.032957301805413154
IMPROVED_BA_fee,24.502384769539077,0.03243928642937394
IMPROVED_BA_fee,24.51963927855711,0.03192948309539118
IMPROVED_BA_fee,24.53689378757515,0.031427560121581696
IMPROVED_BA_fee,24.554148296593183,0.030933161949114378
IMPROVED_BA_fee,24.57140280561122,0.03044591142082113
IMPROVED_BA_fee,24.58865731462926,0.029965412296642166
IMPROVED_BA_fee,24.605911823647293,0.029491251980747896
IMPROVED_BA_fee,24.623166332665328,0.02902300443323027
IMPROVED_BA_fee,24.640420841683365,0.028560233237600076
IMPROVED_BA_fee,24.657675350701403,0.02810249479399384
IMPROVED_BA_fee,24.674929859719438,0.027649341606993335
IMPROVED_BA_fee,24.692184368737472,0.027200325636307792
IMPROVED_BA_fee,24.70943887775551,0.02675500167825418
IMPROVED_BA_fee,24.726693386773547,0.026312930746008704
IMPROVED_BA_fee,24.74394789579158,0.02587368341697079
IMPROVED_BA_fee,24.761202404809616,0.025436843116278786
IMPROVED_BA_fee,24.778456913827654,0.025002009306519937
IMPROVED_BA_fee,24.79571142284569,0.024568800554964725
IMPROVED_BA_fee,24.812965931863726,0.024136857451208735
IMPROVED_BA_fee,24.83022044088176,0.023705845349889107
IMPROVED_BA_fee,24.847474949899798,0.023275456915131516
IMPROVED_BA_fee,24.864729458917836,0.022845414445542032
IMPROVED_BA_fee,24.88198396793587,0.02241547196086166
IMPROVED_BA_fee,24.899238476953904,0.021985417033807898
IMPROVED_BA_fee,24.916492985971942,0.02155507235311588
IMPROVED_BA_fee,24.93374749498998,0.021124297006325166
IMPROVED_BA_fee,24.951002004008014,0.020692987473411913
IMPROVED_BA_fee,24.96825651302605,0.02026107832492023
IMPROVED_BA_fee,24.985511022044086,0.019828542620766464
IMPROVED_BA_fee,25.002765531062124,0.019395392008372966
IMPROVED_BA_fee,25.02002004008016,0.018961676521202533
IMPROVED_BA_fee,25.037274549098193,0.01852748408111142
IMPROVED_BA_fee,25.05452905811623,0.01809293971019833
IMPROVED_BA_fee,25.07178356713427,0.017658204459995983
IMPROVED_BA_fee,25.089038076152303,0.01722347406792272
IMPROVED_BA_fee,25.106292585170337,0.016788977352890037
IMPROVED_BA_fee,25.123547094188375,0.016354974363826377
IMPROVED_BA_fee,25.140801603206413,0.015921754296649316
IMPROVED_BA_fee,25.158056112224447,0.015489633196875859
IMPROVED_BA_fee,25.17531062124248,0.015058951466615322
IMPROVED_BA_fee,25.19256513026052,0.014630071196131801
IMPROVED_BA_fee,25.209819639278557,0.014203373341486854
IMPROVED_BA_fee,25.22707414829659,0.013779254770977018
IMPROVED_BA_fee,25.24432865731463,0.013358125204157828
IMPROVED_BA_fee,25.261583166332663,0.012940404068175641
IMPROVED_BA_fee,25.2788376753507,0.012526517296910728
IMPROVED_BA_fee,25.296092184368735,0.01211689409905506
IMPROVED_BA_fee,25.31334669338677,0.011711963721678176
IMPROVED_BA_fee,25.330601202404807,0.011312152236081258
IMPROVED_BA_fee,25.347855711422845,0.01091787937276468
IMPROVED_BA_fee,25.36511022044088,0.010529555432137553
IMPROVED_BA_fee,25.382364729458914,0.01014757829716022
IMPROVED_BA_fee,25.39961923847695,0.0097723305734187
IMPROVED_BA_fee,25.41687374749499,0.009404176881173598
IMPROVED_BA_fee,25.434128256513024,0.009043461322703488
IMPROVED_BA_fee,25.451382765531058,0.008690505146763755
IMPROVED_BA_fee,25.468637274549096,0.008345604630219166
IMPROVED_BA_fee,25.485891783567133,0.008009029194877101
IMPROVED_BA_fee,25.50314629258517,0.007681019775270477
IMPROVED_BA_fee,25.520400801603206,0.007361787450630787
IMPROVED_BA_fee,25.53765531062124,0.007051512351574784
IMPROVED_BA_fee,25.554909819639278,0.006750342849131555
IMPROVED_BA_fee,25.572164328657315,0.0064583950307009075
IMPROVED_BA_fee,25.58941883767535,0.006175752464389406
IMPROVED_BA_fee,25.606673346693384,0.005902466249969
IMPROVED_BA_fee,25.623927855711422,0.005638555351485552
IMPROVED_BA_fee,25.64118236472946,0.005384007203360875
IMPROVED_BA_fee,25.658436873747494,0.005138778578732575
IMPROVED_BA_fee,25.675691382765528,0.004902796705813769
IMPROVED_BA_fee,25.692945891783566,0.00467596061527097
IMPROVED_BA_fee,25.710200400801604,0.004458142699067009
IMPROVED_BA_fee,25.727454909819638,0.004249190458940244
IMPROVED_BA_fee,25.744709418837672,0.00404892842072133
IMPROVED_BA_fee,25.76196392785571,0.0038571601890729224
IMPROVED_BA_fee,25.779218436873748,0.00367367061598849
IMPROVED_BA_fee,25.796472945891782,0.0034982280555348314
IMPROVED_BA_fee,25.813727454909817,0.003330586676877603
IMPROVED_BA_fee,25.830981963927854,0.0031704888075965395
IMPROVED_BA_fee,25.848236472945892,0.003017667279673056
IMPROVED_BA_fee,25.865490981963926,0.002871847751310489
IMPROVED_BA_fee,25.88274549098196,0.0027327509789036937
IMPROVED_BA_fee,25.9,0.0026000950149901057
IMPROVED_AMM_fee,22.82,0.0017624597312549818
IMPROVED_AMM_fee,22.834509018036073,0.0017990152331043203
IMPROVED_AMM_fee,22.849018036072145,0.0018352584402405855
IMPROVED_AMM_fee,22.863527054108218,0.0018714478807628388
IMPROVED_AMM_fee,22.87803607214429,0.0019078742530272174
IMPROVED_AMM_fee,22.89254509018036,0.001944858437807067
IMPROVED_AMM_fee,22.907054108216432,0.0019827490917987203
IMPROVED_AMM_fee,22.921563126252504,0.002021919860189318
IMPROVED_AMM_fee,22.936072144288577,0.0020627662534069596
IMPROVED_AMM_fee,22.95058116232465,0.002105702239643872
IMPROVED_AMM_fee,22.965090180360722,0.002151156610133388
IMPROVED_AMM_fee,22.979599198396794,0.0021995691783503815
IMPROVED_AMM_fee,22.994108216432867,0.0022513868772044746
IMPROVED_AMM_fee,23.00861723446894,0.0023070598198507678
IMPROVED_AMM_fee,23.023126252505012,0.002367037389933281
IMPROVED_AMM_fee,23.03763527054108,0.0024317644259163203
IMPROVED_AMM_fee,23.052144288577153,0.0025016775616936823
IMPROVED_AMM_fee,23.066653306613226,0.002577201781973619
IMPROVED_AMM_fee,23.0811623246493,0.002658747246123773
IMPROVED_AMM_fee,23.09567134268537,0.002746706428352517
IMPROVED_AMM_fee,23.110180360721444,0.002841451615451404
IMPROVED_AMM_fee,23.124689378757516,0.002943332795990609
IMPROVED_AMM_fee,23.13919839679359,0.0030526759670177635
IMPROVED_AMM_fee,23.15370741482966,0.003169781876142125
IMPROVED_AMM_fee,23.16821643286573,0.003294925208565849
IMPROVED_AMM_fee,23.182725450901803,0.0034283542203317305
IMPROVED_AMM_fee,23.197234468937875,0.0035702908109564386
IMPROVED_AMM_fee,23.211743486973948,0.003720931020870254
IMPROVED_AMM_fee,23.22625250501002,0.0038804459318268775
IMPROVED_AMM_fee,23.240761523046093,0.004048982941811373
IMPROVED_AMM_fee,23.255270541082165,0.004226667380065102
IMPROVED_AMM_fee,23.269779559118238,0.004413604422759098
IMPROVED_AMM_fee,23.28428857715431,0.004609881265646965
IMPROVED_AMM_fee,23.29879759519038,0.004815569506772812
IMPROVED_AMM_fee,23.31330661322645,0.005030727690029163
IMPROVED_AMM_fee,23.327815631262524,0.00525540395906887
IMPROVED_AMM_fee,23.342324649298597,0.005489638770775456
IMPROVED_AMM_fee,23.35683366733467,0.005733467618162707
IMPROVED_AMM_fee,23.37134268537074,0.005986923714175758
IMPROVED_AMM_fee,23.385851703406814,0.006250040590352986
IMPROVED_AMM_fee,23.400360721442887,0.006522854567609015
IMPROVED_AMM_fee,23.41486973947896,0.006805407060443079
IMPROVED_AMM_fee,23.429378757515032,0.007097746680565385
IMPROVED_AMM_fee,23.4438877755511,0.007399931111164836
IMPROVED_AMM_fee,23.458396793587173,0.007712028728696782
IMPROVED_AMM_fee,23.472905811623246,0.00803411995502058
IMPROVED_AMM_fee,23.48741482965932,0.00836629832882954
IMPROVED_AMM_fee,23.50192384769539,0.008708671291443714
IMPROVED_AMM_fee,23.516432865731463,0.009061360688028118
IMPROVED_AMM_fee,23.530941883767536,0.009424502991008332
IMPROVED_AMM_fee,23.54545090180361,0.009798249257726812
IMPROVED_AMM_fee,23.55995991983968,0.010182764839073896
IMPROVED_AMM_fee,23.57446893787575,0.01057822885980143
IMPROVED_AMM_fee,23.588977955911822,0.010984833494364608
IMPROVED_AMM_fee,23.603486973947895,0.011402783064330603
IMPROVED_AMM_fee,23.617995991983967,0.011832292984581988
IMPROVED_AMM_fee,23.63250501002004,0.012273588585654343
IMPROVED_AMM_fee,23.647014028056113,0.012726903838594223
IMPROVED_AMM_fee,23.661523046092185,0.013192480006711865
IMPROVED_AMM_fee,23.676032064128258,0.013670564245602779
IMPROVED_AMM_fee,23.69054108216433,0.014161408168927005
IMPROVED_AMM_fee,23.705050100200403,0.014665266392808697
IMPROVED_AMM_fee,23.71955911823647,0.015182395066533697
IMPROVED_AMM_fee,23.734068136272544,0.015713050391705362
IMPROVED_AMM_fee,23.748577154308617,0.016257487126400932
IMPROVED_AMM_fee,23.76308617234469,0.016815957065446887
IMPROVED_AMM_fee,23.77759519038076,0.017388707482960924
IMPROVED_AMM_fee,23.792104208416834,0.017975979519100328
IMPROVED_AMM_fee,23.806613226452907,0.018578006489778438
IMPROVED_AMM_fee,23.82112224448898,0.01919501209623427
IMPROVED_AMM_fee,23.83563126252505,0.019827208510984542
IMPROVED_AMM_fee,23.85014028056112,0.020474794318058466
IMPROVED_AMM_fee,23.864649298597193,0.0211379522886265
IMPROVED_AMM_fee,23.879158316633266,0.0218168469782688
IMPROVED_AMM_fee,23.89366733466934,0.02251162213919138
IMPROVED_AMM_fee,23.90817635270541,0.023222397949588722
IMPROVED_AMM_fee,23.922685370741483,0.023949268072935726
IMPROVED_AMM_fee,23.937194388777556,0.02469229657201537
IMPROVED_AMM_fee,23.95170340681363,0.02545151471563116
IMPROVED_AMM_fee,23.9662124248497,0.02622691772984182
IMPROVED_AMM_fee,23.980721442885773,0.027018461559705248
IMPROVED_AMM_fee,23.995230460921842,0.027826059721452755
IMPROVED_AMM_fee,24.009739478957915,0.028649580338166752
IMPROVED_AMM_fee,24.024248496993987,0.029488843463844304
IMPROVED_AMM_fee,24.03875751503006,0.03034361881063558
IMPROVED_AMM_fee,24.053266533066132,0.031213624001481897
IMPROVED_AMM_fee,24.067775551102205,0.03209852347483494
IMPROVED_AMM_fee,24.082284569138277,0.03299792816917127
IMPROVED_AMM_fee,24.09679358717435,0.03391139611221151
IMPROVED_AMM_fee,24.11130260521042,0.034838434032858676
IMPROVED_AMM_fee,24.12581162324649,0.03577850010268154
IMPROVED_AMM_fee,24.140320641282564,0.03673100789823636
IMPROVED_AMM_fee,24.154829659318636,0.03769533165573427
IMPROVED_AMM_fee,24.16933867735471,0.03867081286570507
IMPROVED_AMM_fee,24.18384769539078,0.03965676822775422
IMPROVED_AMM_fee,24.198356713426854,0.04065249895474885
IMPROVED_AMM_fee,24.212865731462927,0.041657301382384444
IMPROVED_AMM_fee,24.227374749499,0.04267047880484238
IMPROVED_AMM_fee,24.24188376753507,0.04369135442096368
IMPROVED_AMM_fee,24.25639278557114,0.04471928523894797
IMPROVED_AMM_fee,24.270901803607213,0.04575367675201604
IMPROVED_AMM_fee,24.285410821643286,0.04679399816375136
IMPROVED_AMM_fee,24.299919839679358,0.04783979791097395
IMPROVED_AMM_fee,24.31442885771543,0.04889071920496354
IMPROVED_AMM_fee,24.328937875751503,0.04994651528961031
IMPROVED_AMM_fee,24.343446893787576,0.05100706409842885
IMPROVED_AMM_fee,24.357955911823648,0.05207238198211293
IMPROVED_AMM_fee,24.37246492985972,0.05314263617500578
IMPROVED_AMM_fee,24.38697394789579,0.054218155672977615
IMPROVED_AMM_fee,24.401482965931862,0.05529944020701686
IMPROVED_AMM_fee,24.415991983967935,0.05638716701641244
IMPROVED_AMM_fee,24.430501002004007,0.057482195152655575
IMPROVED_AMM_fee,24.44501002004008,0.05858556707977835
IMPROVED_AMM_fee,24.459519038076152,0.05969850737825678
IMPROVED_AMM_fee,24.474028056112225,0.060822418407162494
IMPROVED_AMM_fee,24.488537074148297,0.061958872832041406
IMPROVED_AMM_fee,24.50304609218437,0.0631096029829973
IMPROVED_AMM_fee,24.517555110220442,0.06427648706751057
IMPROVED_AMM_fee,24.53206412825651,0.06546153232431767
IMPROVED_AMM_fee,24.546573146292584,0.0666668552669131
IMPROVED_AMM_fee,24.561082164328656,0.0678946592264625
IMPROVED_AMM_fee,24.57559118236473,0.06914720946282814
IMPROVED_AMM_fee,24.5901002004008,0.07042680616755026
IMPROVED_AMM_fee,24.604609218436874,0.07173575573281252
IMPROVED_AMM_fee,24.619118236472946,0.07307634070438465
IMPROVED_AMM_fee,24.63362725450902,0.0744507888732881
IMPROVED_AMM_fee,24.64813627254509,0.07586124198953882
IMPROVED_AMM_fee,24.66264529058116,0.07730972460112868
IMPROVED_AMM_fee,24.677154308617233,0.07879811353186293
IMPROVED_AMM_fee,24.691663326653305,0.080328108512517
IMPROVED_AMM_fee,24.706172344689378,0.08190120447094189
IMPROVED_AMM_fee,24.72068136272545,0.08351866596834594
IMPROVED_AMM_fee,24.735190380761523,0.08518150424139892
IMPROVED_AMM_fee,24.749699398797596,0.0868904572735833
IMPROVED_AMM_fee,24.764208416833668,0.08864597327507255
IMPROVED_AMM_fee,24.77871743486974,0.09044819789926882
IMPROVED_AMM_fee,24.793226452905813,0.09229696546696213
IMPROVED_AMM_fee,24.807735470941882,0.0941917944070548
IMPROVED_AMM_fee,24.822244488977955,0.096131887057077
IMPROVED_AMM_fee,24.836753507014027,0.09811613389859207
IMPROVED_AMM_fee,24.8512625250501,0.1001431222332964
IMPROVED_AMM_fee,24.865771543086172,0.1022111492363913
IMPROVED_AMM_fee,24.880280561122245,0.10431823925589079
IMPROVED_AMM_fee,24.894789579158317,0.10646216516102132
IMPROVED_AMM_fee,24.90929859719439,0.10864047348090836
IMPROVED_AMM_fee,24.923807615230462,0.11085051301718518
IMPROVED_AMM_fee,24.93831663326653,0.11308946656197326
IMPROVED_AMM_fee,24.952825651302604,0.11535438530650283
IMPROVED_AMM_fee,24.967334669338676,0.117642225486114
IMPROVED_AMM_fee,24.98184368737475,0.1199498867749837
IMPROVED_AMM_fee,24.99635270541082,0.12227425191897241
IMPROVED_AMM_fee,25.010861723446894,0.12461222707769906
IMPROVED_AMM_fee,25.025370741482966,0.12696078233747843
IMPROVED_AMM_fee,25.03987975951904,0.12931699185498322
IMPROVED_AMM_fee,25.05438877755511,0.13167807309737134
IMPROVED_AMM_fee,25.068897795591184,0.13404142465788113
IMPROVED_AMM_fee,25.083406813627253,0.13640466214621827
IMPROVED_AMM_fee,25.097915831663325,0.13876565168006677
IMPROVED_AMM_fee,25.112424849699398,0.14112254053719428
IMPROVED_AMM_fee,25.12693386773547,0.1434737845664358
IMPROVED_AMM_fee,25.141442885771543,0.1458181719996253
IMPROVED_AMM_fee,25.155951903807615,0.14815484335466675
IMPROVED_AMM_fee,25.170460921843688,0.15048330717168829
IMPROVED_AMM_fee,25.18496993987976,0.15280345137882215
IMPROVED_AMM_fee,25.19947895791583,0.1551155501408272
IMPROVED_AMM_fee,25.213987975951902,0.15742026610170057
IMPROVED_AMM_fee,25.228496993987974,0.15971864799078392
IMPROVED_AMM_fee,25.243006012024047,0.16201212361986628
IMPROVED_AMM_fee,25.25751503006012,0.16430248835555186
IMPROVED_AMM_fee,25.272024048096192,0.16659188920597004
IMPROVED_AMM_fee,25.286533066132264,0.16888280471294045
IMPROVED_AMM_fee,25.301042084168337,0.17117802088934717
IMPROVED_AMM_fee,25.31555110220441,0.17348060348598904
IMPROVED_AMM_fee,25.330060120240482,0.17579386691205756
IMPROVED_AMM_fee,25.344569138276555,0.17812134016816678
IMPROVED_AMM_fee,25.359078156312624,0.1804667301800767
IMPROVED_AMM_fee,25.373587174348696,0.18283388294472624
IMPROVED_AMM_fee,25.38809619238477,0.18522674291761773
IMPROVED_AMM_fee,25.40260521042084,0.18764931108206584
IMPROVED_AMM_fee,25.417114228456914,0.190105602146192
IMPROVED_AMM_fee,25.431623246492986,0.19259960131313053
IMPROVED_AMM_fee,25.44613226452906,0.19513522106380635
IMPROVED_AMM_fee,25.46064128256513,0.1977162583803017
IMPROVED_AMM_fee,25.4751503006012,0.20034635282150148
IMPROVED_AMM_fee,25.489659318637273,0.20302894584206516
IMPROVED_AMM_fee,25.504168336673345,0.20576724172108463
IMPROVED_AMM_fee,25.518677354709418,0.20856417043884756
IMPROVED_AMM_fee,25.53318637274549,0.21142235280929458
IMPROVED_AMM_fee,25.547695390781563,0.21434406814277657
IMPROVED_AMM_fee,25.562204408817635,0.2173312246790223
IMPROVED_AMM_fee,25.576713426853708,0.22038533299448135
IMPROVED_AMM_fee,25.59122244488978,0.2235074825518288
IMPROVED_AMM_fee,25.605731462925853,0.22669832152304298
IMPROVED_AMM_fee,25.620240480961925,0.2299580399813666
IMPROVED_AMM_fee,25.634749498997994,0.23328635652228225
IMPROVED_AMM_fee,25.649258517034067,0.23668250833956017
IMPROVED_AMM_fee,25.66376753507014,0.2401452447499368
IMPROVED_AMM_fee,25.678276553106212,0.24367282412940372
IMPROVED_AMM_fee,25.692785571142284,0.24726301419556765
IMPROVED_AMM_fee,25.707294589178357,0.2509130955445055
IMPROVED_AMM_fee,25.72180360721443,0.2546198683271899
IMPROVED_AMM_fee,25.736312625250502,0.2583796619299901
IMPROVED_AMM_fee,25.75082164328657,0.2621883475063241
IMPROVED_AMM_fee,25.765330661322643,0.2660413531922831
IMPROVED_AMM_fee,25.779839679358716,0.26993368182811184
IMPROVED_AMM_fee,25.79434869739479,0.2738599309999378
IMPROVED_AMM_fee,25.80885771543086,0.2778143152120444
IMPROVED_AMM_fee,25.823366733466933,0.28179068999925655
IMPROVED_AMM_fee,25.837875751503006,0.2857825777916681
IMPROVED_AMM_fee,25.85238476953908,0.2897831953495504
IMPROVED_AMM_fee,25.86689378757515,0.29378548259480936
IMPROVED_AMM_fee,25.881402805611224,0.2977821326763432
IMPROVED_AMM_fee,25.895911823647292,0.3017656231195338
IMPROVED_AMM_fee,25.910420841683365,0.30572824792456504
IMPROVED_AMM_fee,25.924929859719438,0.3096621504933945
IMPROVED_AMM_fee,25.93943887775551,0.31355935728054357
IMPROVED_AMM_fee,25.953947895791583,0.3174118120775419
IMPROVED_AMM_fee,25.968456913827655,0.32121141085406985
IMPROVED_AMM_fee,25.982965931863728,0.32495003708990894
IMPROVED_AMM_fee,25.9974749498998,0.3286195975399018
IMPROVED_AMM_fee,26.011983967935873,0.3322120583785852
IMPROVED_AMM_fee,26.02649298597194,0.33571948167140453
IMPROVED_AMM_fee,26.041002004008014,0.33913406211505404
IMPROVED_AMM_fee,26.055511022044087,0.3424481639800646
IMPROVED_AMM_fee,26.07002004008016,0.34565435817444606
IMPROVED_AMM_fee,26.08452905811623,0.3487454593278061
IMPROVED_AMM_fee,26.099038076152304,0.3517145627714712
IMPROVED_AMM_fee,26.113547094188377,0.35455508126223406
IMPROVED_AMM_fee,26.12805611222445,0.3572607812661377
IMPROVED_AMM_fee,26.14256513026052,0.35982581858538176
IMPROVED_AMM_fee,26.157074148296594,0.36224477307699954
IMPROVED_AMM_fee,26.171583166332663,0.3645126821778504
IMPROVED_AMM_fee,26.186092184368736,0.3666250729181703
IMPROVED_AMM_fee,26.20060120240481,0.36857799207682235
IMPROVED_AMM_fee,26.21511022044088,0.3703680341071564
IMPROVED_AMM_fee,26.229619238476953,0.37199236644434913
IMPROVED_AMM_fee,26.244128256513026,0.3734487517947229
IMPROVED_AMM_fee,26.2586372745491,0.3747355670058834
IMPROVED_AMM_fee,26.27314629258517,0.3758518181247117
IMPROVED_AMM_fee,26.28765531062124,0.37679715126879265
IMPROVED_AMM_fee,26.302164328657312,0.3775718589662859
IMPROVED_AMM_fee,26.316673346693385,0.3781768816595443
IMPROVED_AMM_fee,26.331182364729457,0.37861380411866996
IMPROVED_AMM_fee,26.34569138276553,0.3788848465719596
IMPROVED_AMM_fee,26.360200400801602,0.3789928504299684
IMPROVED_AMM_fee,26.374709418837675,0.3789412585572121
IMPROVED_AMM_fee,26.389218436873747,0.3787340901288798
IMPROVED_AMM_fee,26.40372745490982,0.37837591019741146
IMPROVED_AMM_fee,26.418236472945893,0.3778717941833966
IMPROVED_AMM_fee,26.432745490981965,0.37722728759480273
IMPROVED_AMM_fee,26.447254509018034,0.37644836136582205
IMPROVED_AMM_fee,26.461763527054107,0.3755413632894513
IMPROVED_AMM_fee,26.47627254509018,0.3745129660941034
IMPROVED_AMM_fee,26.49078156312625,0.37337011278211285
IMPROVED_AMM_fee,26.505290581162324,0.37211995990518143
IMPROVED_AMM_fee,26.519799599198397,0.370769819497005
IMPROVED_AMM_fee,26.53430861723447,0.3693271004153127
IMPROVED_AMM_fee,26.54881763527054,0.3677992498633985
IMPROVED_AMM_fee,26.56332665330661,0.3661936958643684
IMPROVED_AMM_fee,26.577835671342683,0.364517791449508
IMPROVED_AMM_fee,26.592344689378756,0.3627787612955969
IMPROVED_AMM_fee,26.606853707414828,0.3609836515050447
IMPROVED_AMM_fee,26.6213627254509,0.3591392831683688
IMPROVED_AMM_fee,26.635871743486973,0.3572522102816962
IMPROVED_AMM_fee,26.650380761523046,0.35532868251421845
IMPROVED_AMM_fee,26.664889779559118,0.35337461323331476
IMPROVED_AMM_fee,26.67939879759519,0.3513955531002705
IMPROVED_AMM_fee,26.693907815631263,0.3493966694490464
IMPROVED_AMM_fee,26.708416833667336,0.3473827315563536
IMPROVED_AMM_fee,26.722925851703405,0.34535810180556664
IMPROVED_AMM_fee,26.737434869739477,0.3433267326416704
IMPROVED_AMM_fee,26.75194388777555,0.3412921691116825
IMPROVED_AMM_fee,26.766452905811622,0.3392575566866135
IMPROVED_AMM_fee,26.780961923847695,0.33722565396915244
IMPROVED_AMM_fee,26.795470941883767,0.33519884980733167
IMPROVED_AMM_fee,26.80997995991984,0.3331791842603359
IMPROVED_AMM_fee,26.82448897795591,0.33116837279959305
IMPROVED_AMM_fee,26.83899799599198,0.3291678330776048
IMPROVED_AMM_fee,26.853507014028054,0.3271787135597759
IMPROVED_AMM_fee,26.868016032064126,0.32520192329138986
IMPROVED_AMM_fee,26.8825250501002,0.3232381620636055
IMPROVED_AMM_fee,26.89703406813627,0.3212879502491253
IMPROVED_AMM_fee,26.911543086172344,0.319351657600049
IMPROVED_AMM_fee,26.926052104208416,0.3174295303372949
IMPROVED_AMM_fee,26.94056112224449,0.3155217159121291
IMPROVED_AMM_fee,26.95507014028056,0.3136282848852484
IMPROVED_AMM_fee,26.969579158316634,0.31174924944626686
IMPROVED_AMM_fee,26.984088176352707,0.30988457818514314
IMPROVED_AMM_fee,26.998597194388775,0.3080342068253376
IMPROVED_AMM_fee,27.013106212424848,0.30619804473457707
IMPROVED_AMM_fee,27.02761523046092,0.30437597714075176
IMPROVED_AMM_fee,27.042124248496993,0.30256786309551803
IMPROVED_AMM_fee,27.056633266533066,0.30077352934411106
IMPROVED_AMM_fee,27.071142284569138,0.29899276037399103
IMPROVED_AMM_fee,27.08565130260521,0.29722528502483525
IMPROVED_AMM_fee,27.10016032064128,0.2954707601450112
IMPROVED_AMM_fee,27.114669338677352,0.293728751872782
IMPROVED_AMM_fee,27.129178356713425,0.2919987152013346
IMPROVED_AMM_fee,27.143687374749497,0.29027997255303695
IMPROVED_AMM_fee,27.15819639278557,0.28857169213821443
IMPROVED_AMM_fee,27.172705410821642,0.2868728669052184
IMPROVED_AMM_fee,27.187214428857715,0.28518229490054775
IMPROVED_AMM_fee,27.201723446893787,0.2834985618492503
IMPROVED_AMM_fee,27.21623246492986,0.2818200267363983
IMPROVED_AMM_fee,27.230741482965932,0.2801448111202753
IMPROVED_AMM_fee,27.245250501002005,0.2784707928376364
IMPROVED_AMM_fee,27.259759519038077,0.27679560467217534
IMPROVED_AMM_fee,27.274268537074146,0.2751166384510331
IMPROVED_AMM_fee,27.28877755511022,0.273431054912808
IMPROVED_AMM_fee,27.30328657314629,0.2717357995569746
IMPROVED_AMM_fee,27.317795591182364,0.2700276245417849
IMPROVED_AMM_fee,27.332304609218436,0.2683031165491341
IMPROVED_AMM_fee,27.34681362725451,0.26655873038403505
IMPROVED_AMM_fee,27.36132264529058,0.2647908279270342
IMPROVED_AMM_fee,27.37583166332665,0.26299572191401555
IMPROVED_AMM_fee,27.390340681362723,0.26116972388284043
IMPROVED_AMM_fee,27.404849699398795,0.2593091955040301
IMPROVED_AMM_fee,27.419358717434868,0.2574106024061154
IMPROVED_AMM_fee,27.43386773547094,0.25547056951859604
IMPROVED_AMM_fee,27.448376753507013,0.25348593688879645
IMPROVED_AMM_fee,27.462885771543085,0.25145381488543395
IMPROVED_AMM_fee,27.477394789579158,0.2493716376826105
IMPROVED_AMM_fee,27.49190380761523,0.24723721392398001
IMPROVED_AMM_fee,27.506412825651303,0.2450487734981504
IMPROVED_AMM_fee,27.520921843687375,0.2428050094122796
IMPROVED_AMM_fee,27.535430861723448,0.2405051138303202
IMPROVED_AMM_fee,27.549939879759517,0.23814880744348318
IMPROVED_AMM_fee,27.56444889779559,0.23573636146117868
IMPROVED_AMM_fee,27.578957915831662,0.23326861164793042
IMPROVED_AMM_fee,27.593466933867735,0.23074696398262523
IMPROVED_AMM_fee,27.607975951903807,0.22817339167732378
IMPROVED_AMM_fee,27.62248496993988,0.22555042346016538
IMPROVED_AMM_fee,27.636993987975952,0.2228811231967784
IMPROVED_AMM_fee,27.65150300601202,0.22016906109335807
IMPROVED_AMM_fee,27.666012024048094,0.2174182768883611
IMPROVED_AMM_fee,27.680521042084166,0.2146332355951557
IMPROVED_AMM_fee,27.69503006012024,0.21181877650155495
IMPROVED_AMM_fee,27.70953907815631,0.2089800562610366
IMPROVED_AMM_fee,27.724048096192384,0.20612248702200947
IMPROVED_AMM_fee,27.738557114228456,0.20325167063350602
IMPROVED_AMM_fee,27.75306613226453,0.2003733300365736
IMPROVED_AMM_fee,27.7675751503006,0.19749323899906787
IMPROVED_AMM_fee,27.782084168336674,0.19461715137696514
IMPROVED_AMM_fee,27.796593186372746,0.19175073108736745
IMPROVED_AMM_fee,27.81110220440882,0.1888994839574914
IMPROVED_AMM_fee,27.825611222444888,0.18606869257074557
IMPROVED_AMM_fee,27.84012024048096,0.18326335516680448
IMPROVED_AMM_fee,27.854629258517033,0.1804881295689151
IMPROVED_AMM_fee,27.869138276553105,0.17774728301042061
IMPROVED_AMM_fee,27.883647294589178,0.1750446486160133
IMPROVED_AMM_fee,27.89815631262525,0.17238358916390353
IMPROVED_AMM_fee,27.912665330661323,0.1697669686156848
IMPROVED_AMM_fee,27.927174348697392,0.16719713175398493
IMPROVED_AMM_fee,27.941683366733464,0.1646758921169707
IMPROVED_AMM_fee,27.956192384769537,0.162204528266356
IMPROVED_AMM_fee,27.97070140280561,0.15978378827471032
IMPROVED_AMM_fee,27.985210420841682,0.15741390217145493
IMPROVED_AMM_fee,27.999719438877754,0.1550946019477188
IMPROVED_AMM_fee,28.014228456913827,0.15282514859080018
IMPROVED_AMM_fee,28.0287374749499,0.15060436550172496
IMPROVED_AMM_fee,28.043246492985972,0.14843067754648598
IMPROVED_AMM_fee,28.057755511022044,0.14630215490472298
IMPROVED_AMM_fee,28.072264529058117,0.14421656081054907
IMPROVED_AMM_fee,28.086773547094186,0.14217140222992355
IMPROVED_AMM_fee,28.10128256513026,0.14016398248837106
IMPROVED_AMM_fee,28.11579158316633,0.13819145485221854
IMPROVED_AMM_fee,28.130300601202403,0.13625087607589836
IMPROVED_AMM_fee,28.144809619238476,0.13433925895684007
IMPROVED_AMM_fee,28.15931863727455,0.13245362298711857
IMPROVED_AMM_fee,28.17382765531062,0.13059104225619234
IMPROVED_AMM_fee,28.18833667334669,0.12874868984006257
IMPROVED_AMM_fee,28.202845691382763,0.1269238780071156
IMPROVED_AMM_fee,28.217354709418835,0.1251140936774405
IMPROVED_AMM_fee,28.231863727454908,0.12331702868809903
IMPROVED_AMM_fee,28.24637274549098,0.12153060453887869
IMPROVED_AMM_fee,28.260881763527053,0.11975299141869593
IMPROVED_AMM_fee,28.275390781563125,0.1179826214390774
IMPROVED_AMM_fee,28.289899799599198,0.11621819612512421
IMPROVED_AMM_fee,28.30440881763527,0.11445868833328955
IMPROVED_AMM_fee,28.318917835671343,0.11270333887642793
IMPROVED_AMM_fee,28.333426853707415,0.11095164823751776
IMPROVED_AMM_fee,28.347935871743488,0.10920336384203141
IMPROVED_AMM_fee,28.362444889779557,0.107458463433338
IMPROVED_AMM_fee,28.37695390781563,0.10571713515433545
IMPROVED_AMM_fee,28.3914629258517,0.10397975498077648
IMPROVED_AMM_fee,28.405971943887774,0.10224686217686542
IMPROVED_AMM_fee,28.420480961923847,0.10051913345168696
IMPROVED_AMM_fee,28.43498997995992,0.09879735648619238
IMPROVED_AMM_fee,28.449498997995992,0.09708240347567221
IMPROVED_AMM_fee,28.46400801603206,0.09537520529312567
IMPROVED_AMM_fee,28.478517034068133,0.0936767268262816
IMPROVED_AMM_fee,28.493026052104206,0.09198794397716538
IMPROVED_AMM_fee,28.50753507014028,0.09030982274016308
IMPROVED_AMM_fee,28.52204408817635,0.08864330069490622
IMPROVED_AMM_fee,28.536553106212423,0.08698927116633809
IMPROVED_AMM_fee,28.551062124248496,0.08534857021859232
IMPROVED_AMM_fee,28.56557114228457,0.08372196656414754
IMPROVED_AMM_fee,28.58008016032064,0.08211015438748445
IMPROVED_AMM_fee,28.594589178356713,0.08051374900524666
IMPROVED_AMM_fee,28.609098196392786,0.07893328521458831
IMPROVED_AMM_fee,28.62360721442886,0.07736921811958988
IMPROVED_AMM_fee,28.638116232464927,0.07582192617356148
IMPROVED_AMM_fee,28.652625250501,0.07429171613371753
IMPROVED_AMM_fee,28.667134268537072,0.0727788295946166
IMPROVED_AMM_fee,28.681643286573145,0.07128345074812491
IMPROVED_AMM_fee,28.696152304609218,0.06980571501035397
IMPROVED_AMM_fee,28.71066132264529,0.06834571815956425
IMPROVED_AMM_fee,28.725170340681363,0.06690352564261905
IMPROVED_AMM_fee,28.73967935871743,0.06547918173026113
IMPROVED_AMM_fee,28.754188376753504,0.06407271823193786
IMPROVED_AMM_fee,28.768697394789577,0.0626841625178331
IMPROVED_AMM_fee,28.78320641282565,0.06131354463756505
IMPROVED_AMM_fee,28.79771543086172,0.05996090337019838
IMPROVED_AMM_fee,28.812224448897794,0.058626291087178824
IMPROVED_AMM_fee,28.826733466933867,0.05730977735702498
IMPROVED_AMM_fee,28.84124248496994,0.05601145126665696
IMPROVED_AMM_fee,28.85575150300601,0.054731422477796624
IMPROVED_AMM_fee,28.870260521042084,0.05346982107676375
IMPROVED_AMM_fee,28.884769539078157,0.052226796311267004
IMPROVED_AMM_fee,28.89927855711423,0.051002514337635106
IMPROVED_AMM_fee,28.913787575150298,0.04979715512581899
IMPROVED_AMM_fee,28.92829659318637,0.04861090868703293
IMPROVED_AMM_fee,28.942805611222443,0.04744397079998879
IMPROVED_AMM_fee,28.957314629258516,0.0462965384163257
IMPROVED_AMM_fee,28.97182364729459,0.04516880492434515
IMPROVED_AMM_fee,28.98633266533066,0.044060955442923794
IMPROVED_AMM_fee,29.000841683366733,0.042973162305044284
IMPROVED_AMM_fee,29.015350701402802,0.04190558087350356
IMPROVED_AMM_fee,29.029859719438875,0.0408583458107477
IMPROVED_AMM_fee,29.044368737474947,0.03983156790136524
IMPROVED_AMM_fee,29.05887775551102,0.03882533150038001
IMPROVED_AMM_fee,29.073386773547092,0.03783969265409524
IMPROVED_AMM_fee,29.087895791583165,0.03687467791369177
IMPROVED_AMM_fee,29.102404809619237,0.035930283835980764
IMPROVED_AMM_fee,29.11691382765531,0.03500647714141348
IMPROVED_AMM_fee,29.131422845691382,0.03410319547741472
IMPROVED_AMM_fee,29.145931863727455,0.033220348715922714
IMPROVED_AMM_fee,29.160440881763527,0.03235782069820501
IMPROVED_AMM_fee,29.1749498997996,0.03151547132797228
IMPROVED_AMM_fee,29.18945891783567,0.030693138905768705
IMPROVED_AMM_fee,29.20396793587174,0.02989064259371957
IMPROVED_AMM_fee,29.218476953907814,0.029107784899941702
IMPROVED_AMM_fee,29.232985971943886,0.028344354076134413
IMPROVED_AMM_fee,29.24749498997996,0.027600126329817093
IMPROVED_AMM_fee,29.26200400801603,0.026874867763973173
IMPROVED_AMM_fee,29.276513026052104,0.026168335971044288
IMPROVED_AMM_fee,29.291022044088173,0.02548028122473265
IMPROVED_AMM_fee,29.305531062124246,0.024810447231296988
IMPROVED_AMM_fee,29.320040080160318,0.024158571421312277
IMPROVED_AMM_fee,29.33454909819639,0.02352438478251744
IMPROVED_AMM_fee,29.349058116232463,0.022907611253717562
IMPROVED_AMM_fee,29.363567134268536,0.022307966718083154
IMPROVED_AMM_fee,29.378076152304608,0.02172515765096731
IMPROVED_AMM_fee,29.39258517034068,0.021158879491998118
IMPROVED_AMM_fee,29.407094188376753,0.020608814823216862
IMPROVED_AMM_fee,29.421603206412826,0.020074631444041164
IMPROVED_AMM_fee,29.436112224448898,0.01955598043956698
IMPROVED_AMM_fee,29.450621242484967,0.019052494341015924
IMPROVED_AMM_fee,29.46513026052104,0.018563785475954338
IMPROVED_AMM_fee,29.479639278557112,0.01808944460133256
IMPROVED_AMM_fee,29.494148296593185,0.01762903990460077
IMPROVED_AMM_fee,29.508657314629257,0.017182116447471422
IMPROVED_AMM_fee,29.52316633266533,0.016748196113689443
IMPROVED_AMM_fee,29.537675350701402,0.016326778106930513
IMPROVED_AMM_fee,29.55218436873747,0.015917340028199944
IMPROVED_AMM_fee,29.566693386773544,0.015519339544434217
IMPROVED_AMM_fee,29.581202404809616,0.01513221664200344
IMPROVED_AMM_fee,29.59571142284569,0.014755396441082081
IMPROVED_AMM_fee,29.61022044088176,0.014388292529964502
IMPROVED_AMM_fee,29.624729458917834,0.014030310762887672
IMPROVED_AMM_fee,29.639238476953906,0.01368085345125767
IMPROVED_AMM_fee,29.65374749498998,0.013339323866757579
IMPROVED_AMM_fee,29.66825651302605,0.013005130965952258
IMPROVED_AMM_fee,29.682765531062124,0.012677694239916935
IMPROVED_AMM_fee,29.697274549098196,0.012356448589211567
IMPROVED_AMM_fee,29.71178356713427,0.012040849124221775
IMPROVED_AMM_fee,29.726292585170338,0.01173037579340029
IMPROVED_AMM_fee,29.74080160320641,0.011424537747095061
IMPROVED_AMM_fee,29.755310621242483,0.01112287735219063
IMPROVED_AMM_fee,29.769819639278555,0.01082497378238215
IMPROVED_AMM_fee,29.784328657314628,0.010530446120181794
IMPROVED_AMM_fee,29.7988376753507,0.010238955919297134
IMPROVED_AMM_fee,29.813346693386773,0.00995020918938942
IMPROVED_AMM_fee,29.827855711422842,0.009663957778977664
IMPROVED_AMM_fee,29.842364729458914,0.009380000145969113
IMPROVED_AMM_fee,29.856873747494987,0.00909818151857402
IMPROVED_AMM_fee,29.87138276553106,0.008818393461833093
IMPROVED_AMM_fee,29.885891783567132,0.008540572876351429
IMPROVED_AMM_fee,29.900400801603205,0.008264700465829177
IMPROVED_AMM_fee,29.914909819639277,0.00799079871842999
IMPROVED_AMM_fee,29.92941883767535,0.007718929453800801
IMPROVED_AMM_fee,29.943927855711422,0.007449190992604782
IMPROVED_AMM_fee,29.958436873747495,0.007181715008749591
IMPROVED_AMM_fee,29.972945891783567,0.006916663126152879
IMPROVED_AMM_fee,29.98745490981964,0.006654223321996112
IMPROVED_AMM_fee,30.00196392785571,0.006394606197129424
IMPROVED_AMM_fee,30.01647294589178,0.006138041171788633
IMPROVED_AMM_fee,30.030981963927854,0.005884772661274065
IMPROVED_AMM_fee,30.045490981963926,0.005635056281937204
IMPROVED_AMM_fee,30.06,0.005389155132944588
IMPROVED_OB_fee,31.28,0.0211524236368297
IMPROVED_OB_fee,31.28310621242485,0.021875531605327594
IMPROVED_OB_fee,31.2862124248497,0.02259299409701779
IMPROVED_OB_fee,31.28931863727455,0.02330426963977514
IMPROVED_OB_fee,31.2924248496994,0.024009080173249146
IMPROVED_OB_fee,31.29553106212425,0.024707434824034633
IMPROVED_OB_fee,31.2986372745491,0.025399651894798436
IMPROVED_OB_fee,31.301743486973947,0.026086378739497096
IMPROVED_OB_fee,31.304849699398797,0.02676860920445647
IMPROVED_OB_fee,31.307955911823647,0.027447698325790297
IMPROVED_OB_fee,31.311062124248497,0.02812537398747437
IMPROVED_OB_fee,31.314168336673347,0.028803745261366528
IMPROVED_OB_fee,31.317274549098197,0.029485307170844136
IMPROVED_OB_fee,31.320380761523047,0.030172941643724412
IMPROVED_OB_fee,31.323486973947897,0.030869914447854918
IMPROVED_OB_fee,31.326593186372747,0.031579867934574374
IMPROVED_OB_fee,31.329699398797597,0.03230680945142543
IMPROVED_OB_fee,31.332805611222447,0.03305509532613277
IMPROVED_OB_fee,31.335911823647297,0.033829410369341964
IMPROVED_OB_fee,31.339018036072144,0.03463474289386089
IMPROVED_OB_fee,31.342124248496994,0.03547635530340218
IMPROVED_OB_fee,31.345230460921844,0.036359750363664976
IMPROVED_OB_fee,31.348336673346694,0.03729063333310641
IMPROVED_OB_fee,31.351442885771544,0.03827487019911636
IMPROVED_OB_fee,31.354549098196394,0.03931844233704383
IMPROVED_OB_fee,31.357655310621244,0.04042739798374418
IMPROVED_OB_fee,31.360761523046094,0.041607800992658844
IMPROVED_OB_fee,31.363867735470944,0.04286567741282572
IMPROVED_OB_fee,31.366973947895794,0.04420696050775176
IMPROVED_OB_fee,31.370080160320644,0.045637434900278606
IMPROVED_OB_fee,31.373186372745494,0.0471626805941443
IMPROVED_OB_fee,31.37629258517034,0.04878801768000821
IMPROVED_OB_fee,31.37939879759519,0.050518452581187395
IMPROVED_OB_fee,31.38250501002004,0.05235862672966251
IMPROVED_OB_fee,31.38561122244489,0.05431276858458643
IMPROVED_OB_fee,31.38871743486974,0.05638464991092273
IMPROVED_OB_fee,31.39182364729459,0.05857754722376512
IMPROVED_OB_fee,31.39492985971944,0.06089420927240755
IMPROVED_OB_fee,31.39803607214429,0.06333683138674902
IMPROVED_OB_fee,31.40114228456914,0.06590703743590588
IMPROVED_OB_fee,31.40424849699399,0.06860587005517797
IMPROVED_OB_fee,31.40735470941884,0.0714337896832387
IMPROVED_OB_fee,31.41046092184369,0.0743906828170091
IMPROVED_OB_fee,31.413567134268536,0.07747587973940398
IMPROVED_OB_fee,31.416673346693386,0.0806881818064833
IMPROVED_OB_fee,31.419779559118236,0.0840258981990456
IMPROVED_OB_fee,31.422885771543086,0.08748689185155328
IMPROVED_OB_fee,31.425991983967936,0.09106863407369242
IMPROVED_OB_fee,31.429098196392786,0.0947682671796761
IMPROVED_OB_fee,31.432204408817636,0.09858267424302182
IMPROVED_OB_fee,31.435310621242486,0.10250855490471475
IMPROVED_OB_fee,31.438416833667336,0.10654250598458764
IMPROVED_OB_fee,31.441523046092186,0.11068110548524002
IMPROVED_OB_fee,31.444629258517036,0.11492099843864968
IMPROVED_OB_fee,31.447735470941886,0.11925898293322683
IMPROVED_OB_fee,31.450841683366733,0.12369209457623832
IMPROVED_OB_fee,31.453947895791583,0.12821768759797386
IMPROVED_OB_fee,31.457054108216433,0.1328335107914889
IMPROVED_OB_fee,31.460160320641283,0.1375377765081333
IMPROVED_OB_fee,31.463266533066133,0.14232922099502743
IMPROVED_OB_fee,31.466372745490983,0.14720715446649207
IMPROVED_OB_fee,31.469478957915832,0.15217149944705
IMPROVED_OB_fee,31.472585170340682,0.1572228161064683
IMPROVED_OB_fee,31.475691382765532,0.16236231352606587
IMPROVED_OB_fee,31.478797595190382,0.16759184608512664
IMPROVED_OB_fee,31.481903807615232,0.17291389443392563
IMPROVED_OB_fee,31.485010020040082,0.17833153081896708
IMPROVED_OB_fee,31.48811623246493,0.18384836884222394
IMPROVED_OB_fee,31.49122244488978,0.18946849806132568
IMPROVED_OB_fee,31.49432865731463,0.19519640416618925
IMPROVED_OB_fee,31.49743486973948,0.20103687579233362
IMPROVED_OB_fee,31.50054108216433,0.20699489934337625
IMPROVED_OB_fee,31.50364729458918,0.2130755434901761
IMPROVED_OB_fee,31.50675350701403,0.21928383528226317
IMPROVED_OB_fee,31.50985971943888,0.22562463004407485
IMPROVED_OB_fee,31.51296593186373,0.2321024774264531
IMPROVED_OB_fee,31.51607214428858,0.23872148613918898
IMPROVED_OB_fee,31.51917835671343,0.2454851899968907
IMPROVED_OB_fee,31.52228456913828,0.25239641796587375
IMPROVED_OB_fee,31.52539078156313,0.2594571709018355
IMPROVED_OB_fee,31.528496993987975,0.2666685076141056
IMPROVED_OB_fee,31.531603206412825,0.27403044278408617
IMPROVED_OB_fee,31.534709418837675,0.281541859102539
IMPROVED_OB_fee,31.537815631262525,0.2892004357769751
IMPROVED_OB_fee,31.540921843687375,0.2970025952974357
IMPROVED_OB_fee,31.544028056112225,0.3049434700445543
IMPROVED_OB_fee,31.547134268537075,0.31301688998033506
IMPROVED_OB_fee,31.550240480961925,0.32121539228830714
IMPROVED_OB_fee,31.553346693386775,0.3295302534329224
IMPROVED_OB_fee,31.556452905811625,0.33795154369461605
IMPROVED_OB_fee,31.559559118236475,0.3464682038175626
IMPROVED_OB_fee,31.562665330661325,0.35506814298821765
IMPROVED_OB_fee,31.56577154308617,0.3637383569552494
IMPROVED_OB_fee,31.56887775551102,0.3724650647114609
IMPROVED_OB_fee,31.57198396793587,0.38123386179557717
IMPROVED_OB_fee,31.57509018036072,0.3900298879442441
IMPROVED_OB_fee,31.57819639278557,0.39883800653635626
IMPROVED_OB_fee,31.58130260521042,0.4076429930329495
IMPROVED_OB_fee,31.58440881763527,0.4164297294271019
IMPROVED_OB_fee,31.58751503006012,0.42518340158645423
IMPROVED_OB_fee,31.59062124248497,0.43388969629652624
IMPROVED_OB_fee,31.59372745490982,0.44253499479901337
IMPROVED_OB_fee,31.59683366733467,0.45110655966368285
IMPROVED_OB_fee,31.59993987975952,0.459592711935635
IMPROVED_OB_fee,31.603046092184368,0.46798299565889406
IMPROVED_OB_fee,31.606152304609218,0.4762683270876833
IMPROVED_OB_fee,31.609258517034068,0.48444112615490986
IMPROVED_OB_fee,31.612364729458918,0.4924954280679252
IMPROVED_OB_fee,31.615470941883768,0.5004269732367307
IMPROVED_OB_fee,31.618577154308618,0.5082332741039782
IMPROVED_OB_fee,31.621683366733468,0.5159136578322762
IMPROVED_OB_fee,31.624789579158318,0.5234692842031142
IMPROVED_OB_fee,31.627895791583168,0.5309031384875098
IMPROVED_OB_fee,31.631002004008018,0.5382199994531898
IMPROVED_OB_fee,31.634108216432868,0.5454263830684885
IMPROVED_OB_fee,31.637214428857718,0.5525304628440353
IMPROVED_OB_fee,31.640320641282564,0.5595419681116321
IMPROVED_OB_fee,31.643426853707414,0.5664720618718688
IMPROVED_OB_fee,31.646533066132264,0.5733332001400555
IMPROVED_OB_fee,31.649639278557114,0.5801389749834023
IMPROVED_OB_fee,31.652745490981964,0.5869039436640108
IMPROVED_OB_fee,31.655851703406814,0.5936434464820057
IMPROVED_OB_fee,31.658957915831664,0.6003734160486761
IMPROVED_OB_fee,31.662064128256514,0.6071101808086954
IMPROVED_OB_fee,31.665170340681364,0.6138702656749618
IMPROVED_OB_fee,31.668276553106214,0.6206701926381292
IMPROVED_OB_fee,31.671382765531064,0.6275262841683611
IMPROVED_OB_fee,31.674488977955914,0.6344544721391535
IMPROVED_OB_fee,31.67759519038076,0.6414701148765612
IMPROVED_OB_fee,31.68070140280561,0.64858782477291
IMPROVED_OB_fee,31.68380761523046,0.6558213087069733
IMPROVED_OB_fee,31.68691382765531,0.663183223285001
IMPROVED_OB_fee,31.69002004008016,0.6706850466634516
IMPROVED_OB_fee,31.69312625250501,0.678336968439199
IMPROVED_OB_fee,31.69623246492986,0.6861477987999549
IMPROVED_OB_fee,31.69933867735471,0.6941248978225676
IMPROVED_OB_fee,31.70244488977956,0.7022741254923593
IMPROVED_OB_fee,31.70555110220441,0.7105998126996131
IMPROVED_OB_fee,31.70865731462926,0.7191047531521597
IMPROVED_OB_fee,31.71176352705411,0.7277902158327014
IMPROVED_OB_fee,31.714869739478956,0.7366559773278495
IMPROVED_OB_fee,31.717975951903806,0.7457003730692101
IMPROVED_OB_fee,31.721082164328656,0.7549203662590679
IMPROVED_OB_fee,31.724188376753506,0.7643116330061298
IMPROVED_OB_fee,31.727294589178356,0.7738686619775016
IMPROVED_OB_fee,31.730400801603206,0.783584866680678
IMPROVED_OB_fee,31.733507014028056,0.7934527083301878
IMPROVED_OB_fee,31.736613226452906,0.80346382712693
IMPROVED_OB_fee,31.739719438877756,0.8136091796887033
IMPROVED_OB_fee,31.742825651302606,0.8238791803166294
IMPROVED_OB_fee,31.745931863727456,0.8342638437661235
IMPROVED_OB_fee,31.749038076152306,0.844752927213683
IMPROVED_OB_fee,31.752144288577156,0.8553360691686288
IMPROVED_OB_fee,31.755250501002003,0.8660029231742495
IMPROVED_OB_fee,31.758356713426853,0.8767432842708366
IMPROVED_OB_fee,31.761462925851703,0.8875472063542625
IMPROVED_OB_fee,31.764569138276553,0.8984051087516585
IMPROVED_OB_fee,31.767675350701403,0.9093078705511588
IMPROVED_OB_fee,31.770781563126253,0.9202469114575738
IMPROVED_OB_fee,31.773887775551103,0.9312142581986913
IMPROVED_OB_fee,31.776993987975953,0.9422025957727568
IMPROVED_OB_fee,31.780100200400803,0.9532053031002063
IMPROVED_OB_fee,31.783206412825653,0.9642164729190429
IMPROVED_OB_fee,31.786312625250503,0.9752309160369989
IMPROVED_OB_fee,31.789418837675353,0.9862441503214118
IMPROVED_OB_fee,31.7925250501002,0.9972523750631168
IMPROVED_OB_fee,31.79563126252505,1.0082524315906423
IMPROVED_OB_fee,31.7987374749499,1.019241751232407
IMPROVED_OB_fee,31.80184368737475,1.030218291920348
IMPROVED_OB_fee,31.8049498997996,1.041180464901033
IMPROVED_OB_fee,31.80805611222445,1.0521270531614815
IMPROVED_OB_fee,31.8111623246493,1.0630571232896122
IMPROVED_OB_fee,31.81426853707415,1.073969932569041
IMPROVED_OB_fee,31.817374749499,1.084864833156583
IMPROVED_OB_fee,31.82048096192385,1.0957411752064148
IMPROVED_OB_fee,31.8235871743487,1.1065982107891623
IMPROVED_OB_fee,31.82669338677355,1.117435000409137
IMPROVED_OB_fee,31.829799599198395,1.128250323847882
IMPROVED_OB_fee,31.832905811623245,1.1390425969621818
IMPROVED_OB_fee,31.836012024048095,1.149809795939588
IMPROVED_OB_fee,31.839118236472945,1.1605493903701032
IMPROVED_OB_fee,31.842224448897795,1.171258286327765
IMPROVED_OB_fee,31.845330661322645,1.1819327804790676
IMPROVED_OB_fee,31.848436873747495,1.1925685260442738
IMPROVED_OB_fee,31.851543086172345,1.2031605112392674
IMPROVED_OB_fee,31.854649298597195,1.2137030506222939
IMPROVED_OB_fee,31.857755511022045,1.2241897895630338
IMPROVED_OB_fee,31.860861723446895,1.2346137218456024
IMPROVED_OB_fee,31.863967935871745,1.2449672202135393
IMPROVED_OB_fee,31.86707414829659,1.255242079467212
IMPROVED_OB_fee,31.87018036072144,1.2654295715327477
IMPROVED_OB_fee,31.87328657314629,1.2755205117396784
IMPROVED_OB_fee,31.87639278557114,1.2855053353746106
IMPROVED_OB_fee,31.87949899799599,1.295374183418383
IMPROVED_OB_fee,31.88260521042084,1.3051169962308495
IMPROVED_OB_fee,31.88571142284569,1.3147236138171572
IMPROVED_OB_fee,31.88881763527054,1.3241838811967808
IMPROVED_OB_fee,31.89192384769539,1.333487757300826
IMPROVED_OB_fee,31.89503006012024,1.3426254257469787
IMPROVED_OB_fee,31.89813627254509,1.351587405784715
IMPROVED_OB_fee,31.90124248496994,1.3603646616680083
IMPROVED_OB_fee,31.904348697394788,1.3689487086998056
IMPROVED_OB_fee,31.907454909819638,1.3773317142035735
IMPROVED_OB_fee,31.910561122244488,1.3855065917110765
IMPROVED_OB_fee,31.913667334669338,1.3934670867169632
IMPROVED_OB_fee,31.916773547094188,1.401207852436189
IMPROVED_OB_fee,31.919879759519038,1.4087245141126294
IMPROVED_OB_fee,31.922985971943888,1.4160137205664782
IMPROVED_OB_fee,31.926092184368738,1.4230731818317923
IMPROVED_OB_fee,31.929198396793588,1.4299016919251344
IMPROVED_OB_fee,31.932304609218438,1.4364991359983894
IMPROVED_OB_fee,31.935410821643288,1.4428664813628909
IMPROVED_OB_fee,31.938517034068138,1.4490057521236936
IMPROVED_OB_fee,31.941623246492988,1.4549199874294558
IMPROVED_OB_fee,31.944729458917834,1.4606131836220566
IMPROVED_OB_fee,31.947835671342684,1.4660902208531152
IMPROVED_OB_fee,31.950941883767534,1.4713567750205014
IMPROVED_OB_fee,31.954048096192384,1.476419216158322
IMPROVED_OB_fee,31.957154308617234,1.4812844946843708
IMPROVED_OB_fee,31.960260521042084,1.485960017162568
IMPROVED_OB_fee,31.963366733466934,1.490453513470005
IMPROVED_OB_fee,31.966472945891784,1.4947728974608172
IMPROVED_OB_fee,31.969579158316634,1.4989261233882343
IMPROVED_OB_fee,31.972685370741484,1.5029210404767248
IMPROVED_OB_fee,31.975791583166334,1.5067652481224116
IMPROVED_OB_fee,31.97889779559118,1.5104659542402494
IMPROVED_OB_fee,31.98200400801603,1.5140298392666598
IMPROVED_OB_fee,31.98511022044088,1.517462928266405
IMPROVED_OB_fee,31.98821643286573,1.5207704734809018
IMPROVED_OB_fee,31.99132264529058,1.5239568494941496
IMPROVED_OB_fee,31.99442885771543,1.5270254629838156
IMPROVED_OB_fee,31.99753507014028,1.5299786787717453
IMPROVED_OB_fee,32.00064128256513,1.5328177635967026
IMPROVED_OB_fee,32.00374749498998,1.5355428487063907
IMPROVED_OB_fee,32.00685370741483,1.5381529120139674
IMPROVED_OB_fee,32.00995991983968,1.5406457801936198
IMPROVED_OB_fee,32.01306613226453,1.5430181507082479
IMPROVED_OB_fee,32.01617234468938,1.545265633378782
IMPROVED_OB_fee,32.01927855711423,1.5473828107280392
IMPROVED_OB_fee,32.02238476953908,1.5493633159705964
IMPROVED_OB_fee,32.02549098196393,1.5511999271822825
IMPROVED_OB_fee,32.02859719438878,1.5528846758770507
IMPROVED_OB_fee,32.03170340681363,1.5544089679507243
IMPROVED_OB_fee,32.03480961923848,1.5557637147280312
IMPROVED_OB_fee,32.03791583166333,1.5569394716752434
IMPROVED_OB_fee,32.04102204408817,1.557926582219382
IMPROVED_OB_fee,32.04412825651303,1.558715324049061
IMPROVED_OB_fee,32.04723446893787,1.5592960552619766
IMPROVED_OB_fee,32.05034068136273,1.5596593577691518
IMPROVED_OB_fee,32.05344689378757,1.5597961754651422
IMPROVED_OB_fee,32.05655310621243,1.5596979448220618
IMPROVED_OB_fee,32.05965931863727,1.5593567157600692
IMPROVED_OB_fee,32.06276553106213,1.5587652608820566
IMPROVED_OB_fee,32.06587174348697,1.5579171714289894
IMPROVED_OB_fee,32.068977955911826,1.5568069386084125
IMPROVED_OB_fee,32.07208416833667,1.555430019263662
IMPROVED_OB_fee,32.07519038076152,1.55378288517886
IMPROVED_OB_fee,32.07829659318637,1.5518630556455302
IMPROVED_OB_fee,32.08140280561122,1.549669113244631
IMPROVED_OB_fee,32.08450901803607,1.547200703114926
IMPROVED_OB_fee,32.08761523046092,1.5444585162783497
IMPROVED_OB_fee,32.09072144288577,1.5414442578701357
IMPROVED_OB_fee,32.09382765531062,1.5381606013702
IMPROVED_OB_fee,32.09693386773547,1.5346111301485428
IMPROVED_OB_fee,32.10004008016032,1.5308002678192583
IMPROVED_OB_fee,32.10314629258517,1.5267331990407016
IMPROVED_OB_fee,32.10625250501002,1.5224157825050155
IMPROVED_OB_fee,32.10935871743487,1.5178544579261617
IMPROVED_OB_fee,32.11246492985972,1.513056148863665
IMPROVED_OB_fee,32.115571142284566,1.5080281632108883
IMPROVED_OB_fee,32.11867735470942,1.5027780931337158
IMPROVED_OB_fee,32.121783567134266,1.4973137161710053
IMPROVED_OB_fee,32.12488977955912,1.4916428991050972
IMPROVED_OB_fee,32.127995991983965,1.4857735060839452
IMPROVED_OB_fee,32.13110220440882,1.4797133123271329
IMPROVED_OB_fee,32.134208416833665,1.4734699245841647
IMPROVED_OB_fee,32.13731462925852,1.4670507093343799
IMPROVED_OB_fee,32.140420841683365,1.4604627295321402
IMPROVED_OB_fee,32.14352705410822,1.4537126905082944
IMPROVED_OB_fee,32.146633266533065,1.446806895446162
IMPROVED_OB_fee,32.14973947895791,1.4397512106582733
IMPROVED_OB_fee,32.152845691382765,1.4325510407035784
IMPROVED_OB_fee,32.15595190380761,1.4252113132059547
IMPROVED_OB_fee,32.159058116232465,1.4177364730653272
IMPROVED_OB_fee,32.16216432865731,1.4101304855964854
IMPROVED_OB_fee,32.165270541082165,1.4023968479878013
IMPROVED_OB_fee,32.16837675350701,1.394538608345092
IMPROVED_OB_fee,32.171482965931865,1.386558391476573
IMPROVED_OB_fee,32.17458917835671,1.3784584304832315
IMPROVED_OB_fee,32.177695390781565,1.3702406031466619
IMPROVED_OB_fee,32.18080160320641,1.3619064720542027
IMPROVED_OB_fee,32.183907815631265,1.3534573273691448
IMPROVED_OB_fee,32.18701402805611,1.3448942311425465
IMPROVED_OB_fee,32.19012024048096,1.3362180620715023
IMPROVED_OB_fee,32.19322645290581,1.3274295596388637
IMPROVED_OB_fee,32.19633266533066,1.3185293666173807
IMPROVED_OB_fee,32.19943887775551,1.3095180689892805
IMPROVED_OB_fee,32.20254509018036,1.3003962324177731
IMPROVED_OB_fee,32.20565130260521,1.291164434507599
IMPROVED_OB_fee,32.20875751503006,1.281823292208272
IMPROVED_OB_fee,32.21186372745491,1.2723734838410306
IMPROVED_OB_fee,32.21496993987976,1.2628157653691414
IMPROVED_OB_fee,32.21807615230461,1.2531509806751573
IMPROVED_OB_fee,32.22118236472946,1.2433800657599252
IMPROVED_OB_fee,32.22428857715431,1.233504046926919
IMPROVED_OB_fee,32.22739478957916,1.2235240331668797
IMPROVED_OB_fee,32.230501002004004,1.2134412030996873
IMPROVED_OB_fee,32.23360721442886,1.2032567869681323
IMPROVED_OB_fee,32.236713426853704,1.192972044301812
IMPROVED_OB_fee,32.23981963927856,1.1825882379811499
IMPROVED_OB_fee,32.242925851703404,1.1721066055257385
IMPROVED_OB_fee,32.24603206412826,1.1615283285061564
IMPROVED_OB_fee,32.249138276553104,1.1508545010348619
IMPROVED_OB_fee,32.25224448897796,1.140086098323193
IMPROVED_OB_fee,32.255350701402804,1.129223946304203
IMPROVED_OB_fee,32.25845691382766,1.1182686933065324
IMPROVED_OB_fee,32.261563126252504,1.1072207847314584
IMPROVED_OB_fee,32.26466933867735,1.0960804416263419
IMPROVED_OB_fee,32.267775551102204,1.0848476439723462
IMPROVED_OB_fee,32.27088176352705,1.0735221194065028
IMPROVED_OB_fee,32.273987975951904,1.062103337986143
IMPROVED_OB_fee,32.27709418837675,1.0505905134781186
IMPROVED_OB_fee,32.280200400801604,1.038982611516039
IMPROVED_OB_fee,32.28330661322645,1.0272783648262156
IMPROVED_OB_fee,32.286412825651304,1.0154762955708114
IMPROVED_OB_fee,32.28951903807615,1.0035747447084475
IMPROVED_OB_fee,32.292625250501004,0.9915719081214207
IMPROVED_OB_fee,32.29573146292585,0.9794658791180356
IMPROVED_OB_fee,32.298837675350704,0.9672546967808963
IMPROVED_OB_fee,32.30194388777555,0.9549363995100156
IMPROVED_OB_fee,32.3050501002004,0.942509082997384
IMPROVED_OB_fee,32.30815631262525,0.929970961775248
IMPROVED_OB_fee,32.3112625250501,0.9173204334022595
IMPROVED_OB_fee,32.31436873747495,0.9045561442910486
IMPROVED_OB_fee,32.3174749498998,0.8916770561420421
IMPROVED_OB_fee,32.32058116232465,0.8786825119252839
IMPROVED_OB_fee,32.3236873747495,0.8655723003540051
IMPROVED_OB_fee,32.32679358717435,0.8523467178091988
IMPROVED_OB_fee,32.3298997995992,0.8390066267142032
IMPROVED_OB_fee,32.33300601202405,0.8255535094111703
IMPROVED_OB_fee,32.3361122244489,0.8119895166638889
IMPROVED_OB_fee,32.33921843687375,0.7983175099962229
IMPROVED_OB_fee,32.3423246492986,0.7845410971751543
IMPROVED_OB_fee,32.34543086172344,0.7706646602556222
IMPROVED_OB_fee,32.3485370741483,0.7566933757234654
IMPROVED_OB_fee,32.35164328657314,0.7426332263969544
IMPROVED_OB_fee,32.354749498998,0.728491004874682
IMPROVED_OB_fee,32.35785571142284,0.7142743084489578
IMPROVED_OB_fee,32.3609619238477,0.6999915255308052
IMPROVED_OB_fee,32.36406813627254,0.6856518137595997
IMPROVED_OB_fee,32.3671743486974,0.6712650700891326
IMPROVED_OB_fee,32.37028056112224,0.6568418932550537
IMPROVED_OB_fee,32.3733867735471,0.6423935391298273
IMPROVED_OB_fee,32.37649298597194,0.6279318695633033
IMPROVED_OB_fee,32.37959919839679,0.6134692953841362
IMPROVED_OB_fee,32.38270541082164,0.599018714301444
IMPROVED_OB_fee,32.38581162324649,0.5845934444940896
IMPROVED_OB_fee,32.38891783567134,0.5702071547075884
IMPROVED_OB_fee,32.39202404809619,0.5558737916958236
IMPROVED_OB_fee,32.39513026052104,0.5416075058447737
IMPROVED_OB_fee,32.39823647294589,0.5274225758020084
IMPROVED_OB_fee,32.40134268537074,0.5133333329054344
IMPROVED_OB_fee,32.40444889779559,0.4993540861640477
IMPROVED_OB_fee,32.40755511022044,0.4854990484887037
IMPROVED_OB_fee,32.41066132264529,0.4717822648085328
IMPROVED_OB_fee,32.413767535070136,0.45821754263611636
IMPROVED_OB_fee,32.41687374749499,0.44481838556972736
IMPROVED_OB_fee,32.419979959919836,0.43159793013966546
IMPROVED_OB_fee,32.42308617234469,0.41856888632639777
IMPROVED_OB_fee,32.426192384769536,0.40574348199941385
IMPROVED_OB_fee,32.42929859719439,0.393133411449979
IMPROVED_OB_fee,32.432404809619236,0.3807497881227343
IMPROVED_OB_fee,32.43551102204409,0.3686031015887059
IMPROVED_OB_fee,32.438617234468936,0.35670317875024743
IMPROVED_OB_fee,32.44172344689379,0.3450591492244858
IMPROVED_OB_fee,32.444829659318636,0.33367941482114555
IMPROVED_OB_fee,32.44793587174349,0.32257162300694364
IMPROVED_OB_fee,32.451042084168336,0.311742644240041
IMPROVED_OB_fee,32.45414829659318,0.3011985530542459
IMPROVED_OB_fee,32.457254509018036,0.2909446127820753
IMPROVED_OB_fee,32.46036072144288,0.280985263818912
IMPROVED_OB_fee,32.463466933867736,0.27132411535169576
IMPROVED_OB_fee,32.46657314629258,0.2619639404995641
IMPROVED_OB_fee,32.469679358717435,0.25290667483883467
IMPROVED_OB_fee,32.47278557114228,0.24415341831149426
IMPROVED_OB_fee,32.475891783567135,0.2357044405376079
IMPROVED_OB_fee,32.47899799599198,0.22755918957291163
IMPROVED_OB_fee,32.482104208416835,0.21971630416371274
IMPROVED_OB_fee,32.48521042084168,0.21217362955859692
IMPROVED_OB_fee,32.488316633266535,0.20492823693204631
IMPROVED_OB_fee,32.49142284569138,0.1979764464651355
IMPROVED_OB_fee,32.49452905811623,0.19131385410597188
IMPROVED_OB_fee,32.49763527054108,0.18493536200402122
IMPROVED_OB_fee,32.50074148296593,0.17883521257376497
IMPROVED_OB_fee,32.50384769539078,0.17300702609756544
IMPROVED_OB_fee,32.50695390781563,0.1674438417273763
IMPROVED_OB_fee,32.51006012024048,0.16213816168835432
IMPROVED_OB_fee,32.51316633266533,0.15708199843107346
IMPROVED_OB_fee,32.51627254509018,0.152266924420276
IMPROVED_OB_fee,32.51937875751503,0.14768412419366012
IMPROVED_OB_fee,32.52248496993988,0.14332444827164606
IMPROVED_OB_fee,32.52559118236473,0.13917846845478082
IMPROVED_OB_fee,32.528697394789575,0.13523653400757268
IMPROVED_OB_fee,32.53180360721443,0.13148882820035657
IMPROVED_OB_fee,32.534909819639275,0.12792542466401013
IMPROVED_OB_fee,32.53801603206413,0.12453634300701391
IMPROVED_OB_fee,32.541122244488975,0.12131160315196432
IMPROVED_OB_fee,32.54422845691383,0.11824127786726812
IMPROVED_OB_fee,32.547334669338674,0.11531554300153773
IMPROVED_OB_fee,32.55044088176353,0.11252472496943901
IMPROVED_OB_fee,32.553547094188374,0.10985934509006234
IMPROVED_OB_fee,32.55665330661323,0.10731016043837714
IMPROVED_OB_fee,32.559759519038074,0.10486820093695103
IMPROVED_OB_fee,32.56286573146293,0.10252480248570281
IMPROVED_OB_fee,32.565971943887774,0.10027163600066494
IMPROVED_OB_fee,32.56907815631262,0.09810073230572651
IMPROVED_OB_fee,32.572184368737474,0.09600450289268882
IMPROVED_OB_fee,32.57529058116232,0.09397575663211025
IMPROVED_OB_fee,32.578396793587174,0.09200771257862524
IMPROVED_OB_fee,32.58150300601202,0.09009400906856448
IMPROVED_OB_fee,32.584609218436874,0.0882287093526586
IMPROVED_OB_fee,32.58771543086172,0.08640630404233329
IMPROVED_OB_fee,32.590821643286574,0.08462171067326912
IMPROVED_OB_fee,32.59392785571142,0.08287027070483262
IMPROVED_OB_fee,32.597034068136274,0.08114774427837024
IMPROVED_OB_fee,32.60014028056112,0.07945030305220707
IMPROVED_OB_fee,32.603246492985974,0.07777452141683859
IMPROVED_OB_fee,32.60635270541082,0.07611736637179282
IMPROVED_OB_fee,32.60945891783567,0.07447618631684826
IMPROVED_OB_fee,32.61256513026052,0.07284869897685328
IMPROVED_OB_fee,32.61567134268537,0.07123297864215293
IMPROVED_OB_fee,32.61877755511022,0.06962744286802006
IMPROVED_OB_fee,32.62188376753507,0.06803083873765381
IMPROVED_OB_fee,32.62498997995992,0.0664422287559235
IMPROVED_OB_fee,32.62809619238477,0.0648609764068113
IMPROVED_OB_fee,32.63120240480962,0.06328673137728447
IMPROVED_OB_fee,32.63430861723447,0.0617194144255753
IMPROVED_OB_fee,32.63741482965932,0.06015920185288754
IMPROVED_OB_fee,32.64052104208417,0.0586065095255423
IMPROVED_OB_fee,32.64362725450901,0.05706197638888305
IMPROVED_OB_fee,32.64673346693387,0.05552644741594822
IMPROVED_OB_fee,32.64983967935871,0.05400095594153272
IMPROVED_OB_fee,32.65294589178357,0.052486705346148244
IMPROVED_OB_fee,32.65605210420841,0.05098505007339142
IMPROVED_OB_fee,32.65915831663327,0.049497475987361185
IMPROVED_OB_fee,32.66226452905811,0.04802558010323504
IMPROVED_OB_fee,32.66537074148297,0.04657104975232104
IMPROVED_OB_fee,32.66847695390781,0.04513564127224844
IMPROVED_OB_fee,32.67158316633267,0.04372115834138142
IMPROVED_OB_fee,32.67468937875751,0.04232943010393849
IMPROVED_OB_fee,32.67779559118236,0.0409622892563754
IMPROVED_OB_fee,32.68090180360721,0.03962155028655512
IMPROVED_OB_fee,32.68400801603206,0.03830898807337175
IMPROVED_OB_fee,32.68711422845691,0.037026317065593804
IMPROVED_OB_fee,32.69022044088176,0.03577517126450604
IMPROVED_OB_fee,32.69332665330661,0.03455708523449105
IMPROVED_OB_fee,32.69643286573146,0.03337347635996938
IMPROVED_OB_fee,32.69953907815631,0.032225628555235204
IMPROVED_OB_fee,32.70264529058116,0.031114677617072095
IMPROVED_OB_fee,32.70575150300601,0.030041598388071918
IMPROVED_OB_fee,32.70885771543086,0.029007193873010914
IMPROVED_OB_fee,32.71196392785571,0.028012086421267166
IMPROVED_OB_fee,32.71507014028056,0.027056711056890073
IMPROVED_OB_fee,32.718176352705406,0.0261413110045294
IMPROVED_OB_fee,32.72128256513026,0.025265935425805696
IMPROVED_OB_fee,32.724388777555106,0.02443043934710214
IMPROVED_OB_fee,32.72749498997996,0.023634485727365782
IMPROVED_OB_fee,32.730601202404806,0.0228775495842261
IMPROVED_OB_fee,32.73370741482966,0.02215892406880112
IMPROVED_OB_fee,32.736813627254506,0.021477728355191232
IMPROVED_OB_fee,32.73991983967936,0.02083291718964536
IMPROVED_OB_fee,32.743026052104206,0.020223291927674344
IMPROVED_OB_fee,32.74613226452906,0.019647512874510782
IMPROVED_OB_fee,32.749238476953906,0.019104112735897655
IMPROVED_OB_fee,32.75234468937876,0.018591510981621148
IMPROVED_OB_fee,32.755450901803606,0.01810802892362752
IMPROVED_OB_fee,32.75855711422845,0.017651905313395718
IMPROVED_OB_fee,32.761663326653306,0.01722131226921709
IMPROVED_OB_fee,32.76476953907815,0.016814371352581053
IMPROVED_OB_fee,32.767875751503006,0.016429169623484972
IMPROVED_OB_fee,32.77098196392785,0.016063775516737818
IMPROVED_OB_fee,32.774088176352706,0.015716254394445277
IMPROVED_OB_fee,32.77719438877755,0.0153846836436543
IMPROVED_OB_fee,32.780300601202406,0.01506716720185168
IMPROVED_OB_fee,32.78340681362725,0.01476184940649077
IMPROVED_OB_fee,32.786513026052106,0.014466928077488804
IMPROVED_OB_fee,32.78961923847695,0.014180666753571478
IMPROVED_OB_fee,32.7927254509018,0.013901406014203845
IMPROVED_OB_fee,32.79583166332665,0.013627573828670197
IMPROVED_OB_fee,32.7989378757515,0.01335769488260751
IMPROVED_OB_fee,32.80204408817635,0.013090398840054149
IMPROVED_OB_fee,32.8051503006012,0.01282442750608003
IMPROVED_OB_fee,32.80825651302605,0.012558640861400558
IMPROVED_OB_fee,32.8113627254509,0.012292021946405355
IMPROVED_OB_fee,32.81446893787575,0.012023680577902178
IMPROVED_OB_fee,32.8175751503006,0.011752855887910365
IMPROVED_OB_fee,32.82068136272545,0.011478917680191677
IMPROVED_OB_fee,32.8237875751503,0.011201366607151299
IMPROVED_OB_fee,32.82689378757515,0.01091983317734433
IMPROVED_OB_fee,32.83,0.010634075612242505
