fee_algo_name,random_seed,lp_yield
FX_fee,0,23.56
FX_fee,1,23.03
FX_fee,2,23.31
FX_fee,3,23.42
FX_fee,4,23.4
FX_fee,5,23.14
FX_fee,6,23.32
FX_fee,7,23.13
FX_fee,8,23.24
FX_fee,9,23.11
FX_fee,10,23.24
FX_fee,13,23.28
FX_fee,12,23.32
FX_fee,11,23.31
FX_fee,14,23.29
FX_fee,15,23.03
FX_fee,18,22.91
FX_fee,16,23.17
FX_fee,17,23.28
FX_fee,19,23.34
FX_fee,20,23.22
FX_fee,21,23.12
FX_fee,22,23.18
FX_fee,23,23.59
FX_fee,26,23.46
FX_fee,25,23.09
FX_fee,24,23.34
FX_fee,27,23.22
FX_fee,28,23.06
FX_fee,29,23.26
FX_fee,30,23.02
FX_fee,32,23.36
FX_fee,31,23.16
FX_fee,33,23.14
FX_fee,34,23.15
FX_fee,35,23.45
FX_fee,37,23.1
FX_fee,38,23.1
FX_fee,36,23.29
FX_fee,39,23.22
FX_fee,40,23.31
FX_fee,42,23.41
FX_fee,41,23.09
FX_fee,43,22.76
FX_fee,44,23.16
FX_fee,45,23.58
FX_fee,46,23.28
FX_fee,48,23.16
FX_fee,47,23.42
FX_fee,49,23.01
FX_fee,52,23.18
FX_fee,51,23.28
FX_fee,50,23.33
FX_fee,53,23.47
FX_fee,54,23.35
FX_fee,55,23.07
FX_fee,57,23.15
FX_fee,56,23.11
FX_fee,58,23.4
FX_fee,59,22.96
FX_fee,62,23.08
FX_fee,64,23.19
FX_fee,60,23.42
FX_fee,61,23.72
FX_fee,65,23.16
FX_fee,63,23.44
FX_fee,66,23.44
FX_fee,69,23.27
FX_fee,68,23.39
FX_fee,67,23.23
FX_fee,70,23.35
FX_fee,71,23.16
FX_fee,72,23.24
FX_fee,75,22.83
FX_fee,77,23.31
FX_fee,73,23.42
FX_fee,76,22.8
FX_fee,74,23.35
FX_fee,78,23.26
FX_fee,79,23.25
FX_fee,80,23.61
FX_fee,82,23.24
FX_fee,81,23.22
FX_fee,83,23.2
FX_fee,84,23.35
FX_fee,85,23.28
FX_fee,86,23.4
FX_fee,89,23.39
FX_fee,87,23.33
FX_fee,90,23.25
FX_fee,91,23.29
FX_fee,88,23.02
FX_fee,92,22.96
FX_fee,94,23.23
FX_fee,93,23.18
FX_fee,95,23.52
FX_fee,96,23.61
FX_fee,97,23.32
FX_fee,98,23.42
FX_fee,101,22.83
FX_fee,99,23.26
FX_fee,100,23.09
FX_fee,102,23.34
FX_fee,103,23.39
FX_fee,104,23.27
FX_fee,105,23.71
FX_fee,106,22.99
FX_fee,108,23.75
FX_fee,107,23.25
FX_fee,109,23.49
FX_fee,110,22.92
FX_fee,111,23.07
FX_fee,113,23.3
FX_fee,112,23.29
FX_fee,114,23.29
FX_fee,117,23.19
FX_fee,116,23.03
FX_fee,115,23.29
FX_fee,118,23.19
FX_fee,119,22.88
FX_fee,121,23.24
FX_fee,120,23.28
FX_fee,122,23.12
FX_fee,123,22.91
FX_fee,124,23.38
FX_fee,125,23.45
FX_fee,126,23.52
FX_fee,127,22.97
FX_fee,128,23.63
FX_fee,131,23.22
FX_fee,129,23.54
FX_fee,130,23.27
FX_fee,132,23.03
FX_fee,133,23.01
FX_fee,134,23.26
FX_fee,135,23.26
FX_fee,136,22.99
FX_fee,137,23.23
FX_fee,138,23.38
FX_fee,139,23.37
FX_fee,140,23.05
FX_fee,141,23.21
FX_fee,142,23.15
FX_fee,143,23.12
FX_fee,144,23.56
FX_fee,145,23.01
FX_fee,146,23.4
FX_fee,147,23.2
FX_fee,148,23.59
FX_fee,149,23.24
FX_fee,150,23.01
FX_fee,151,22.98
FX_fee,152,23.35
FX_fee,154,23.45
FX_fee,153,23.25
FX_fee,156,23.24
FX_fee,155,23.31
FX_fee,157,23.61
FX_fee,158,22.91
FX_fee,159,22.95
FX_fee,160,23.21
FX_fee,161,23.36
FX_fee,162,22.97
FX_fee,163,23.2
FX_fee,164,23.29
FX_fee,165,23.29
FX_fee,167,23.26
FX_fee,166,23.55
FX_fee,168,23.12
FX_fee,169,23.4
FX_fee,170,23.52
FX_fee,171,23.31
FX_fee,173,22.91
FX_fee,172,23.52
FX_fee,174,23.18
FX_fee,175,23.48
FX_fee,176,23.46
FX_fee,178,23.3
FX_fee,177,23.52
FX_fee,180,23.32
FX_fee,179,23.27
FX_fee,181,23.16
FX_fee,183,22.96
FX_fee,182,22.92
FX_fee,184,22.91
FX_fee,187,23.27
FX_fee,185,23.33
FX_fee,186,22.94
FX_fee,188,23.5
FX_fee,189,23.31
FX_fee,190,23.23
FX_fee,191,23.37
FX_fee,192,23.78
FX_fee,193,22.92
FX_fee,194,23.3
FX_fee,195,23.07
FX_fee,196,23.57
FX_fee,199,23.27
FX_fee,197,23.38
FX_fee,198,23.62
FX_fee,200,23.26
FX_fee,202,23.12
FX_fee,201,23.21
FX_fee,203,23.5
FX_fee,204,22.94
FX_fee,205,23.33
FX_fee,206,23.22
FX_fee,207,23.12
FX_fee,208,23.43
FX_fee,209,22.96
FX_fee,210,22.93
FX_fee,212,23.31
FX_fee,213,23.42
FX_fee,211,23.57
FX_fee,215,23.03
FX_fee,214,23.17
FX_fee,216,22.86
FX_fee,218,23.33
FX_fee,217,23.02
FX_fee,219,23.35
FX_fee,220,22.99
FX_fee,221,23.22
FX_fee,222,23.38
FX_fee,223,23.1
FX_fee,224,23.31
FX_fee,225,23.06
FX_fee,226,23.42
FX_fee,227,23.11
FX_fee,228,23.21
FX_fee,229,23.26
FX_fee,230,23.18
FX_fee,231,23.45
FX_fee,232,23.27
FX_fee,234,23.29
FX_fee,233,23.07
FX_fee,235,23.28
FX_fee,236,23.32
FX_fee,237,23.32
FX_fee,238,23.56
FX_fee,239,23.17
FX_fee,240,23.23
FX_fee,241,23.64
FX_fee,243,23.18
FX_fee,242,23.08
FX_fee,244,23.34
FX_fee,245,23.23
FX_fee,246,23.37
FX_fee,247,23.29
FX_fee,248,23.24
FX_fee,249,23.13
FX_fee,250,23.22
FX_fee,251,23.11
FX_fee,252,23.35
FX_fee,253,23.03
FX_fee,254,22.89
FX_fee,255,23.3
FX_fee,256,23.19
FX_fee,258,23.11
FX_fee,257,22.99
FX_fee,259,23.26
FX_fee,260,23.18
FX_fee,261,23.29
FX_fee,264,22.96
FX_fee,262,23.12
FX_fee,263,23.08
FX_fee,265,23.3
FX_fee,266,23.31
FX_fee,267,23.55
FX_fee,268,23.08
FX_fee,269,23.46
FX_fee,270,23.17
FX_fee,271,23.0
FX_fee,272,23.4
FX_fee,273,23.37
FX_fee,274,23.6
FX_fee,277,23.36
FX_fee,275,23.33
FX_fee,276,23.22
FX_fee,278,23.31
FX_fee,280,23.19
FX_fee,281,22.73
FX_fee,279,23.11
FX_fee,282,23.29
FX_fee,283,23.1
FX_fee,285,23.37
FX_fee,284,23.02
FX_fee,286,23.09
FX_fee,287,23.59
FX_fee,289,23.16
FX_fee,288,23.08
FX_fee,290,23.28
FX_fee,291,23.44
FX_fee,292,23.18
FX_fee,294,23.42
FX_fee,295,22.97
FX_fee,293,23.07
FX_fee,297,23.09
FX_fee,296,23.37
FX_fee,298,22.97
FX_fee,299,23.19
FX_fee,300,23.45
FX_fee,301,23.2
FX_fee,302,23.26
FX_fee,303,23.36
FX_fee,304,23.0
FX_fee,305,23.61
FX_fee,307,23.45
FX_fee,306,23.22
FX_fee,308,23.14
FX_fee,309,23.23
FX_fee,310,23.04
FX_fee,311,23.14
FX_fee,314,23.62
FX_fee,312,23.52
FX_fee,313,23.27
FX_fee,315,23.36
FX_fee,316,23.18
FX_fee,317,23.31
FX_fee,319,23.03
FX_fee,318,23.66
FX_fee,320,23.45
FX_fee,321,23.31
FX_fee,322,23.18
FX_fee,324,23.12
FX_fee,323,23.38
FX_fee,327,23.55
FX_fee,325,23.06
FX_fee,326,23.24
FX_fee,328,23.4
FX_fee,329,23.26
FX_fee,330,23.01
FX_fee,332,23.45
FX_fee,331,23.25
FX_fee,333,23.5
FX_fee,334,22.97
FX_fee,335,23.41
FX_fee,336,23.08
FX_fee,337,23.39
FX_fee,338,23.36
FX_fee,339,23.54
FX_fee,341,23.69
FX_fee,340,23.35
FX_fee,342,23.24
FX_fee,344,23.36
FX_fee,343,23.24
FX_fee,345,23.27
FX_fee,346,23.1
FX_fee,347,23.4
FX_fee,348,23.3
FX_fee,349,23.03
FX_fee,350,23.26
FX_fee,351,23.33
FX_fee,352,23.5
FX_fee,353,23.02
FX_fee,354,23.19
FX_fee,356,23.02
FX_fee,358,23.47
FX_fee,355,23.26
FX_fee,357,23.05
FX_fee,359,23.14
FX_fee,360,23.51
FX_fee,361,23.12
FX_fee,362,22.94
FX_fee,363,23.01
FX_fee,364,23.2
FX_fee,365,23.14
FX_fee,366,23.39
FX_fee,367,23.3
FX_fee,369,23.27
FX_fee,368,23.15
FX_fee,370,23.12
FX_fee,371,23.47
FX_fee,372,23.61
FX_fee,374,23.03
FX_fee,373,23.18
FX_fee,375,23.36
FX_fee,376,23.64
FX_fee,378,23.19
FX_fee,377,23.28
FX_fee,379,23.04
FX_fee,380,23.06
FX_fee,383,23.06
FX_fee,382,22.88
FX_fee,381,23.18
FX_fee,385,23.33
FX_fee,384,23.37
FX_fee,386,22.98
FX_fee,387,23.12
FX_fee,389,23.08
FX_fee,391,23.46
FX_fee,388,23.42
FX_fee,390,23.11
FX_fee,392,23.09
FX_fee,394,23.21
FX_fee,395,23.13
FX_fee,393,23.18
FX_fee,397,23.46
FX_fee,396,23.3
FX_fee,398,22.84
FX_fee,399,23.29
FX_fee,400,23.41
FX_fee,401,23.11
FX_fee,403,23.1
FX_fee,402,23.17
FX_fee,404,23.22
FX_fee,405,22.92
FX_fee,406,23.27
FX_fee,408,23.46
FX_fee,407,23.29
FX_fee,410,23.27
FX_fee,411,23.54
FX_fee,409,23.42
FX_fee,412,23.05
FX_fee,414,23.01
FX_fee,413,23.36
FX_fee,415,22.95
FX_fee,417,23.24
FX_fee,416,23.17
FX_fee,418,23.5
FX_fee,419,23.38
FX_fee,421,23.58
FX_fee,420,23.26
FX_fee,424,23.05
FX_fee,422,23.28
FX_fee,423,23.05
FX_fee,425,23.13
FX_fee,426,23.24
FX_fee,427,23.44
FX_fee,428,23.44
FX_fee,429,23.06
FX_fee,430,23.42
FX_fee,431,22.95
FX_fee,432,23.1
FX_fee,433,23.24
FX_fee,434,23.44
FX_fee,435,22.99
FX_fee,437,23.3
FX_fee,436,22.91
FX_fee,438,23.17
FX_fee,439,23.73
FX_fee,440,23.19
FX_fee,441,23.32
FX_fee,442,23.36
FX_fee,443,23.4
FX_fee,444,23.57
FX_fee,445,23.27
FX_fee,446,23.22
FX_fee,447,23.24
FX_fee,449,23.33
FX_fee,448,23.09
FX_fee,450,23.08
FX_fee,451,23.31
FX_fee,453,23.01
FX_fee,452,23.1
FX_fee,454,23.14
FX_fee,455,23.71
FX_fee,456,23.11
FX_fee,457,23.11
FX_fee,458,23.31
FX_fee,461,23.11
FX_fee,459,23.01
FX_fee,460,23.33
FX_fee,462,23.14
FX_fee,463,23.12
FX_fee,464,23.21
FX_fee,465,23.24
FX_fee,466,23.41
FX_fee,467,23.03
FX_fee,468,23.25
FX_fee,470,23.26
FX_fee,469,22.92
FX_fee,471,23.44
FX_fee,473,23.3
FX_fee,472,23.18
FX_fee,474,23.48
FX_fee,475,23.45
FX_fee,476,23.2
FX_fee,477,23.58
FX_fee,478,23.39
FX_fee,479,23.28
FX_fee,481,23.19
FX_fee,480,23.28
FX_fee,482,23.26
FX_fee,483,23.65
FX_fee,484,23.57
FX_fee,487,23.59
FX_fee,485,23.05
FX_fee,486,23.14
FX_fee,489,23.53
FX_fee,488,23.02
FX_fee,490,23.33
FX_fee,491,23.21
FX_fee,492,23.06
FX_fee,493,23.29
FX_fee,494,23.0
FX_fee,495,23.16
FX_fee,496,23.3
FX_fee,498,23.46
FX_fee,497,23.13
FX_fee,499,23.37
FX_fee,500,23.43
FX_fee,501,23.35
FX_fee,502,23.43
FX_fee,503,23.13
FX_fee,504,23.22
FX_fee,505,22.87
FX_fee,506,22.88
FX_fee,508,23.34
FX_fee,507,23.42
FX_fee,509,23.1
FX_fee,511,23.43
FX_fee,510,22.97
FX_fee,512,23.11
FX_fee,514,23.22
FX_fee,513,23.31
FX_fee,515,23.35
FX_fee,516,23.08
FX_fee,517,23.02
FX_fee,519,22.71
FX_fee,520,23.38
FX_fee,521,22.99
FX_fee,518,23.53
FX_fee,522,23.45
FX_fee,525,23.45
FX_fee,523,23.39
FX_fee,524,23.59
FX_fee,527,23.54
FX_fee,526,23.04
FX_fee,528,23.28
FX_fee,529,23.41
FX_fee,530,23.11
FX_fee,531,23.23
FX_fee,534,23.21
FX_fee,532,23.24
FX_fee,533,22.92
FX_fee,535,23.55
FX_fee,537,23.13
FX_fee,536,23.14
FX_fee,538,23.39
FX_fee,539,23.56
FX_fee,540,23.02
FX_fee,541,23.22
FX_fee,542,23.48
FX_fee,543,22.91
FX_fee,545,22.97
FX_fee,547,23.07
FX_fee,544,23.22
FX_fee,549,23.39
FX_fee,546,23.63
FX_fee,548,23.27
FX_fee,550,23.16
FX_fee,551,23.3
FX_fee,553,23.11
FX_fee,552,23.18
FX_fee,554,23.26
FX_fee,555,23.56
FX_fee,556,23.16
FX_fee,557,23.0
FX_fee,558,23.31
FX_fee,561,23.38
FX_fee,562,23.41
FX_fee,559,23.25
FX_fee,563,23.55
FX_fee,560,22.94
FX_fee,566,23.13
FX_fee,565,23.29
FX_fee,564,23.04
FX_fee,567,23.31
FX_fee,568,23.35
FX_fee,569,23.26
FX_fee,570,23.12
FX_fee,571,23.45
FX_fee,573,23.3
FX_fee,574,23.2
FX_fee,572,23.16
FX_fee,575,23.27
FX_fee,576,22.9
FX_fee,577,23.21
FX_fee,578,23.17
FX_fee,579,23.25
FX_fee,580,23.23
FX_fee,582,23.47
FX_fee,581,23.29
FX_fee,583,23.45
FX_fee,584,23.19
FX_fee,587,23.41
FX_fee,585,23.15
FX_fee,586,22.91
FX_fee,588,22.89
FX_fee,589,23.2
FX_fee,590,23.29
FX_fee,591,23.13
FX_fee,592,23.76
FX_fee,593,23.28
FX_fee,595,23.13
FX_fee,594,23.23
FX_fee,596,23.28
FX_fee,597,23.06
FX_fee,600,23.49
FX_fee,599,23.35
FX_fee,598,23.43
FX_fee,602,23.73
FX_fee,601,23.31
FX_fee,603,23.59
FX_fee,604,23.16
FX_fee,605,23.48
FX_fee,607,23.1
FX_fee,606,23.23
FX_fee,608,23.26
FX_fee,610,23.25
FX_fee,609,23.33
FX_fee,612,23.42
FX_fee,613,23.35
FX_fee,611,23.34
FX_fee,614,23.56
FX_fee,615,23.2
FX_fee,616,23.72
FX_fee,617,23.46
FX_fee,618,23.19
FX_fee,619,23.13
FX_fee,620,23.04
FX_fee,621,23.23
FX_fee,622,23.14
FX_fee,624,23.26
FX_fee,623,23.5
FX_fee,626,23.21
FX_fee,625,23.42
FX_fee,627,23.22
FX_fee,630,23.2
FX_fee,628,23.62
FX_fee,629,23.57
FX_fee,631,23.12
FX_fee,632,23.13
FX_fee,633,22.57
FX_fee,634,23.32
FX_fee,635,23.19
FX_fee,636,23.25
FX_fee,637,22.99
FX_fee,639,23.19
FX_fee,638,23.11
FX_fee,642,23.3
FX_fee,640,23.37
FX_fee,641,23.26
FX_fee,643,23.16
FX_fee,645,23.18
FX_fee,644,23.1
FX_fee,646,23.22
FX_fee,649,23.23
FX_fee,647,23.29
FX_fee,648,23.69
FX_fee,650,23.17
FX_fee,651,23.35
FX_fee,652,22.96
FX_fee,654,23.37
FX_fee,653,23.08
FX_fee,655,23.17
FX_fee,657,23.24
FX_fee,656,23.36
FX_fee,658,23.01
FX_fee,659,23.35
FX_fee,660,22.94
FX_fee,662,23.02
FX_fee,661,23.29
FX_fee,663,23.5
FX_fee,664,23.29
FX_fee,665,23.03
FX_fee,666,23.55
FX_fee,668,23.11
FX_fee,667,23.22
FX_fee,670,23.26
FX_fee,669,23.25
FX_fee,671,23.34
FX_fee,672,22.9
FX_fee,675,23.37
FX_fee,674,23.07
FX_fee,673,22.82
FX_fee,676,23.67
FX_fee,677,23.07
FX_fee,678,23.27
FX_fee,679,23.29
FX_fee,680,23.07
FX_fee,681,23.1
FX_fee,683,23.29
FX_fee,682,23.68
FX_fee,684,23.04
FX_fee,685,23.11
FX_fee,686,23.26
FX_fee,687,23.6
FX_fee,688,23.22
FX_fee,689,23.49
FX_fee,691,23.15
FX_fee,692,23.28
FX_fee,690,23.15
FX_fee,693,23.06
FX_fee,694,23.02
FX_fee,696,22.96
FX_fee,695,23.38
FX_fee,697,23.34
FX_fee,698,23.39
FX_fee,699,23.78
FX_fee,700,23.36
FX_fee,701,23.32
FX_fee,705,23.08
FX_fee,703,22.99
FX_fee,702,22.8
FX_fee,704,23.02
FX_fee,706,23.36
FX_fee,707,23.06
FX_fee,708,23.39
FX_fee,709,23.33
FX_fee,710,23.28
FX_fee,711,22.95
FX_fee,712,23.4
FX_fee,713,23.45
FX_fee,714,22.97
FX_fee,715,23.71
FX_fee,717,23.19
FX_fee,716,23.29
FX_fee,719,23.02
FX_fee,718,23.2
FX_fee,720,23.35
FX_fee,721,23.68
FX_fee,722,23.32
FX_fee,724,23.06
FX_fee,723,23.03
FX_fee,727,23.27
FX_fee,725,23.15
FX_fee,728,23.41
FX_fee,726,23.07
FX_fee,730,23.1
FX_fee,729,23.14
FX_fee,731,22.86
FX_fee,732,23.33
FX_fee,734,23.0
FX_fee,733,23.13
FX_fee,736,23.34
FX_fee,735,23.18
FX_fee,737,23.21
FX_fee,738,23.33
FX_fee,739,23.18
FX_fee,741,23.18
FX_fee,740,23.4
FX_fee,742,23.54
FX_fee,744,23.09
FX_fee,743,23.05
FX_fee,745,23.32
FX_fee,746,23.45
FX_fee,747,23.33
FX_fee,748,23.11
FX_fee,749,23.26
FX_fee,750,22.91
FX_fee,751,23.29
FX_fee,754,23.39
FX_fee,752,23.27
FX_fee,753,23.31
FX_fee,755,23.41
FX_fee,756,22.96
FX_fee,757,23.7
FX_fee,758,23.29
FX_fee,760,22.83
FX_fee,759,23.38
FX_fee,762,23.03
FX_fee,761,23.08
FX_fee,763,23.41
FX_fee,765,23.28
FX_fee,764,23.3
FX_fee,767,23.29
FX_fee,766,23.22
FX_fee,768,23.11
FX_fee,769,23.02
FX_fee,770,23.61
FX_fee,773,23.2
FX_fee,771,23.15
FX_fee,772,23.34
FX_fee,774,22.88
FX_fee,775,22.99
FX_fee,776,23.1
FX_fee,777,23.33
FX_fee,778,23.05
FX_fee,780,23.12
FX_fee,781,23.16
FX_fee,779,23.41
FX_fee,782,23.11
FX_fee,783,23.17
FX_fee,785,23.13
FX_fee,784,23.23
FX_fee,787,23.33
FX_fee,786,22.96
FX_fee,788,22.74
FX_fee,789,23.11
FX_fee,790,23.14
FX_fee,791,23.23
FX_fee,793,23.43
FX_fee,792,23.35
FX_fee,794,23.27
FX_fee,795,23.1
FX_fee,796,23.23
FX_fee,798,23.36
FX_fee,797,23.48
FX_fee,800,23.12
FX_fee,799,23.48
FX_fee,801,23.12
FX_fee,803,23.11
FX_fee,802,23.5
FX_fee,804,23.05
FX_fee,806,23.38
FX_fee,805,23.04
FX_fee,807,23.36
FX_fee,808,23.02
FX_fee,809,23.56
FX_fee,812,23.21
FX_fee,810,23.08
FX_fee,811,22.97
FX_fee,813,23.31
FX_fee,814,23.32
FX_fee,815,23.27
FX_fee,817,22.83
FX_fee,816,22.9
FX_fee,818,23.34
FX_fee,819,23.21
FX_fee,820,22.99
FX_fee,821,23.5
FX_fee,822,23.29
FX_fee,824,23.16
FX_fee,823,23.16
FX_fee,826,23.36
FX_fee,825,22.84
FX_fee,827,23.51
FX_fee,829,23.29
FX_fee,828,23.35
FX_fee,831,23.21
FX_fee,832,23.42
FX_fee,830,23.51
FX_fee,833,23.18
FX_fee,834,23.23
FX_fee,835,23.27
FX_fee,838,23.14
FX_fee,837,23.01
FX_fee,836,23.32
FX_fee,839,23.17
FX_fee,840,23.39
FX_fee,841,23.13
FX_fee,842,22.91
FX_fee,844,23.59
FX_fee,843,23.19
FX_fee,845,23.2
FX_fee,846,23.08
FX_fee,847,23.22
FX_fee,851,23.33
FX_fee,849,23.16
FX_fee,848,23.06
FX_fee,850,23.39
FX_fee,852,23.56
FX_fee,853,23.3
FX_fee,855,23.05
FX_fee,857,22.84
FX_fee,854,23.18
FX_fee,856,23.02
FX_fee,858,23.25
FX_fee,860,23.31
FX_fee,859,23.23
FX_fee,863,23.47
FX_fee,862,22.83
FX_fee,861,23.24
FX_fee,864,23.15
FX_fee,865,23.07
FX_fee,866,23.21
FX_fee,869,22.98
FX_fee,867,23.25
FX_fee,870,22.89
FX_fee,868,23.42
FX_fee,871,23.2
FX_fee,872,23.29
FX_fee,873,23.27
FX_fee,877,23.21
FX_fee,876,23.27
FX_fee,875,23.47
FX_fee,874,23.27
FX_fee,878,23.27
FX_fee,879,23.32
FX_fee,881,22.84
FX_fee,880,23.53
FX_fee,882,23.38
FX_fee,883,23.22
FX_fee,884,23.3
FX_fee,885,22.9
FX_fee,886,23.59
FX_fee,888,23.1
FX_fee,887,23.22
FX_fee,889,23.38
FX_fee,890,23.44
FX_fee,891,23.2
FX_fee,892,23.47
FX_fee,893,23.17
FX_fee,894,22.87
FX_fee,895,22.88
FX_fee,896,23.45
FX_fee,897,22.81
FX_fee,898,23.15
FX_fee,899,23.17
FX_fee,900,23.4
FX_fee,903,23.02
FX_fee,902,23.53
FX_fee,901,23.12
FX_fee,904,23.06
FX_fee,906,22.97
FX_fee,905,23.85
FX_fee,907,23.12
FX_fee,908,22.96
FX_fee,909,22.95
FX_fee,910,22.96
FX_fee,911,23.31
FX_fee,912,23.5
FX_fee,913,23.13
FX_fee,915,23.33
FX_fee,916,22.98
FX_fee,914,23.49
FX_fee,917,23.37
FX_fee,918,23.05
FX_fee,919,23.26
FX_fee,920,22.64
FX_fee,921,23.16
FX_fee,922,23.38
FX_fee,923,23.22
FX_fee,924,22.89
FX_fee,926,23.29
FX_fee,925,23.51
FX_fee,928,23.37
FX_fee,929,23.55
FX_fee,927,23.21
FX_fee,930,22.81
FX_fee,931,23.07
FX_fee,932,23.27
FX_fee,933,23.08
FX_fee,934,22.93
FX_fee,935,23.23
FX_fee,937,23.39
FX_fee,936,23.36
FX_fee,938,23.4
FX_fee,939,23.19
FX_fee,940,23.28
FX_fee,942,23.21
FX_fee,941,23.25
FX_fee,943,23.15
FX_fee,944,23.38
FX_fee,946,23.33
FX_fee,945,23.22
FX_fee,947,23.51
FX_fee,948,23.15
FX_fee,949,23.02
FX_fee,950,23.18
FX_fee,951,23.25
FX_fee,952,23.46
FX_fee,953,23.14
FX_fee,955,23.2
FX_fee,954,23.02
FX_fee,956,23.1
FX_fee,957,23.4
FX_fee,959,23.29
FX_fee,958,23.23
FX_fee,960,23.43
FX_fee,961,23.32
FX_fee,962,22.95
FX_fee,963,23.37
FX_fee,964,23.16
FX_fee,965,23.25
FX_fee,966,23.22
FX_fee,967,23.21
FX_fee,968,23.83
FX_fee,969,23.41
FX_fee,970,23.37
FX_fee,972,23.32
FX_fee,971,23.08
FX_fee,973,23.05
FX_fee,974,22.91
FX_fee,975,23.29
FX_fee,976,23.3
FX_fee,977,23.25
FX_fee,978,23.09
FX_fee,979,23.19
FX_fee,981,23.17
FX_fee,980,23.33
FX_fee,982,22.96
FX_fee,983,23.02
FX_fee,984,23.26
FX_fee,986,23.12
FX_fee,985,23.05
FX_fee,987,23.34
FX_fee,988,23.19
FX_fee,989,23.05
FX_fee,990,23.02
FX_fee,991,23.16
FX_fee,992,23.38
FX_fee,993,23.16
FX_fee,994,23.31
FX_fee,995,23.02
FX_fee,996,23.35
FX_fee,998,23.32
FX_fee,999,23.06
FX_fee,997,23.17
DA_fee,0,18.91
DA_fee,1,23.85
DA_fee,4,24.11
DA_fee,2,19.77
DA_fee,3,26.68
DA_fee,5,24.46
DA_fee,6,19.59
DA_fee,7,18.42
DA_fee,8,25.61
DA_fee,9,19.98
DA_fee,10,21.6
DA_fee,12,23.18
DA_fee,11,24.76
DA_fee,13,23.38
DA_fee,14,23.18
DA_fee,15,23.5
DA_fee,16,24.16
DA_fee,17,18.71
DA_fee,18,25.0
DA_fee,19,21.16
DA_fee,21,25.71
DA_fee,20,23.48
DA_fee,22,21.23
DA_fee,23,22.67
DA_fee,25,21.03
DA_fee,24,19.92
DA_fee,26,23.4
DA_fee,27,25.76
DA_fee,28,18.33
DA_fee,29,22.87
DA_fee,30,20.57
DA_fee,31,24.88
DA_fee,32,23.21
DA_fee,33,25.21
DA_fee,34,20.67
DA_fee,35,23.75
DA_fee,36,22.7
DA_fee,37,22.65
DA_fee,38,23.83
DA_fee,39,23.04
DA_fee,40,24.79
DA_fee,41,22.03
DA_fee,42,25.22
DA_fee,43,24.46
DA_fee,44,19.68
DA_fee,45,22.6
DA_fee,46,23.46
DA_fee,47,25.94
DA_fee,48,24.93
DA_fee,49,25.09
DA_fee,50,24.68
DA_fee,51,21.7
DA_fee,52,20.69
DA_fee,53,24.54
DA_fee,54,24.69
DA_fee,55,23.66
DA_fee,56,23.68
DA_fee,57,25.4
DA_fee,58,21.9
DA_fee,60,25.38
DA_fee,59,23.65
DA_fee,62,23.56
DA_fee,61,23.33
DA_fee,63,24.76
DA_fee,65,20.07
DA_fee,64,26.97
DA_fee,67,24.76
DA_fee,68,16.33
DA_fee,66,22.54
DA_fee,69,19.4
DA_fee,70,25.28
DA_fee,71,23.55
DA_fee,72,23.99
DA_fee,73,19.05
DA_fee,74,19.27
DA_fee,75,24.36
DA_fee,76,21.54
DA_fee,77,24.43
DA_fee,78,20.67
DA_fee,81,26.86
DA_fee,80,24.01
DA_fee,79,22.36
DA_fee,82,19.98
DA_fee,83,18.46
DA_fee,84,17.47
DA_fee,86,17.71
DA_fee,85,20.51
DA_fee,87,15.72
DA_fee,88,22.84
DA_fee,89,23.58
DA_fee,90,19.33
DA_fee,91,24.08
DA_fee,92,20.0
DA_fee,93,21.39
DA_fee,94,20.36
DA_fee,95,18.82
DA_fee,96,19.47
DA_fee,97,18.11
DA_fee,98,22.15
DA_fee,99,23.2
DA_fee,100,22.41
DA_fee,101,23.49
DA_fee,102,24.19
DA_fee,103,23.56
DA_fee,104,23.92
DA_fee,105,25.9
DA_fee,106,23.69
DA_fee,108,21.23
DA_fee,107,26.29
DA_fee,109,23.5
DA_fee,110,24.65
DA_fee,111,24.39
DA_fee,112,22.61
DA_fee,113,24.16
DA_fee,115,24.06
DA_fee,114,19.94
DA_fee,116,25.59
DA_fee,117,20.49
DA_fee,119,24.73
DA_fee,118,18.61
DA_fee,120,23.83
DA_fee,121,17.19
DA_fee,122,20.7
DA_fee,123,24.25
DA_fee,125,26.0
DA_fee,124,26.33
DA_fee,126,21.94
DA_fee,127,18.92
DA_fee,128,25.29
DA_fee,129,18.88
DA_fee,131,17.77
DA_fee,130,24.77
DA_fee,133,26.06
DA_fee,132,23.64
DA_fee,134,17.75
DA_fee,135,20.27
DA_fee,136,16.64
DA_fee,137,15.68
DA_fee,138,23.1
DA_fee,139,24.18
DA_fee,140,26.39
DA_fee,141,20.77
DA_fee,142,23.92
DA_fee,146,23.02
DA_fee,144,24.56
DA_fee,143,23.44
DA_fee,145,17.61
DA_fee,147,22.39
DA_fee,148,20.7
DA_fee,149,22.84
DA_fee,150,25.24
DA_fee,152,22.84
DA_fee,151,23.35
DA_fee,153,25.01
DA_fee,154,22.07
DA_fee,155,23.3
DA_fee,156,19.43
DA_fee,158,23.43
DA_fee,160,26.99
DA_fee,157,18.72
DA_fee,159,24.61
DA_fee,161,23.41
DA_fee,162,22.06
DA_fee,163,25.07
DA_fee,164,19.14
DA_fee,165,20.56
DA_fee,166,23.51
DA_fee,167,22.86
DA_fee,168,24.51
DA_fee,169,19.79
DA_fee,170,17.47
DA_fee,171,20.87
DA_fee,174,24.88
DA_fee,173,21.8
DA_fee,172,22.68
DA_fee,175,22.62
DA_fee,176,21.36
DA_fee,177,24.25
DA_fee,178,24.35
DA_fee,179,20.88
DA_fee,180,25.42
DA_fee,182,21.9
DA_fee,181,25.52
DA_fee,183,23.33
DA_fee,184,26.11
DA_fee,185,25.04
DA_fee,186,21.36
DA_fee,187,20.57
DA_fee,188,24.7
DA_fee,189,25.28
DA_fee,190,23.94
DA_fee,191,20.94
DA_fee,192,24.65
DA_fee,193,20.63
DA_fee,194,19.35
DA_fee,195,24.64
DA_fee,196,23.04
DA_fee,197,23.71
DA_fee,199,25.17
DA_fee,198,24.98
DA_fee,200,27.62
DA_fee,201,21.84
DA_fee,202,21.88
DA_fee,203,23.92
DA_fee,204,19.25
DA_fee,205,26.92
DA_fee,206,24.22
DA_fee,207,22.8
DA_fee,208,25.88
DA_fee,210,21.17
DA_fee,212,25.97
DA_fee,209,19.25
DA_fee,211,23.6
DA_fee,213,21.38
DA_fee,214,19.28
DA_fee,215,23.92
DA_fee,216,23.71
DA_fee,217,22.2
DA_fee,218,21.92
DA_fee,219,25.92
DA_fee,221,23.9
DA_fee,220,23.3
DA_fee,222,20.68
DA_fee,224,19.64
DA_fee,223,26.92
DA_fee,225,20.75
DA_fee,226,22.89
DA_fee,227,23.6
DA_fee,228,20.87
DA_fee,229,20.41
DA_fee,230,25.95
DA_fee,231,26.64
DA_fee,232,24.22
DA_fee,233,23.32
DA_fee,234,24.1
DA_fee,235,24.79
DA_fee,237,20.04
DA_fee,236,23.3
DA_fee,238,26.24
DA_fee,240,25.48
DA_fee,239,21.87
DA_fee,241,23.08
DA_fee,242,24.77
DA_fee,243,19.6
DA_fee,244,19.32
DA_fee,245,25.95
DA_fee,246,24.97
DA_fee,247,22.27
DA_fee,248,18.34
DA_fee,250,18.5
DA_fee,249,21.42
DA_fee,251,25.24
DA_fee,252,19.28
DA_fee,254,19.31
DA_fee,253,17.23
DA_fee,255,22.54
DA_fee,256,22.78
DA_fee,258,20.85
DA_fee,257,22.42
DA_fee,259,17.86
DA_fee,260,24.06
DA_fee,261,23.52
DA_fee,262,20.5
DA_fee,264,19.54
DA_fee,263,18.02
DA_fee,267,21.69
DA_fee,266,22.82
DA_fee,265,23.31
DA_fee,268,20.15
DA_fee,269,19.59
DA_fee,271,23.11
DA_fee,270,23.45
DA_fee,272,24.11
DA_fee,273,23.04
DA_fee,274,21.0
DA_fee,275,24.71
DA_fee,276,19.6
DA_fee,279,24.87
DA_fee,278,25.33
DA_fee,277,24.33
DA_fee,280,22.59
DA_fee,281,17.45
DA_fee,282,23.13
DA_fee,284,18.15
DA_fee,283,22.57
DA_fee,285,23.31
DA_fee,286,21.36
DA_fee,288,25.1
DA_fee,287,23.82
DA_fee,290,19.17
DA_fee,289,25.39
DA_fee,291,22.23
DA_fee,292,22.28
DA_fee,293,21.97
DA_fee,294,22.99
DA_fee,295,25.26
DA_fee,296,22.49
DA_fee,297,18.88
DA_fee,298,17.98
DA_fee,299,22.35
DA_fee,301,21.52
DA_fee,300,24.47
DA_fee,302,19.99
DA_fee,303,24.4
DA_fee,304,18.42
DA_fee,305,24.74
DA_fee,306,22.75
DA_fee,307,23.27
DA_fee,308,23.95
DA_fee,309,17.17
DA_fee,310,23.12
DA_fee,311,18.29
DA_fee,312,22.88
DA_fee,313,22.44
DA_fee,314,24.34
DA_fee,315,25.34
DA_fee,317,19.96
DA_fee,318,24.23
DA_fee,316,25.01
DA_fee,319,23.0
DA_fee,320,22.66
DA_fee,321,20.23
DA_fee,322,23.77
DA_fee,324,22.58
DA_fee,323,22.79
DA_fee,325,23.45
DA_fee,327,24.54
DA_fee,326,23.17
DA_fee,328,24.35
DA_fee,330,21.97
DA_fee,329,25.98
DA_fee,332,22.57
DA_fee,331,17.4
DA_fee,333,23.24
DA_fee,334,23.83
DA_fee,335,20.24
DA_fee,336,24.38
DA_fee,337,21.4
DA_fee,339,20.09
DA_fee,338,22.99
DA_fee,340,18.88
DA_fee,342,23.54
DA_fee,341,25.3
DA_fee,343,24.44
DA_fee,346,19.98
DA_fee,344,23.81
DA_fee,345,19.58
DA_fee,347,18.26
DA_fee,348,26.15
DA_fee,349,22.3
DA_fee,351,18.32
DA_fee,350,18.99
DA_fee,352,22.43
DA_fee,353,22.81
DA_fee,354,19.92
DA_fee,355,24.22
DA_fee,358,24.86
DA_fee,357,22.87
DA_fee,359,18.68
DA_fee,356,24.4
DA_fee,360,24.7
DA_fee,361,25.96
DA_fee,363,22.35
DA_fee,362,23.89
DA_fee,365,23.91
DA_fee,364,22.44
DA_fee,366,23.45
DA_fee,367,21.31
DA_fee,368,20.51
DA_fee,369,20.18
DA_fee,371,22.67
DA_fee,370,21.94
DA_fee,372,24.69
DA_fee,373,18.15
DA_fee,374,17.45
DA_fee,377,26.02
DA_fee,378,23.84
DA_fee,375,24.82
DA_fee,379,18.41
DA_fee,376,23.13
DA_fee,380,26.05
DA_fee,381,23.54
DA_fee,382,24.55
DA_fee,384,25.2
DA_fee,383,24.14
DA_fee,385,18.27
DA_fee,386,22.69
DA_fee,387,16.06
DA_fee,388,19.32
DA_fee,391,25.06
DA_fee,389,19.5
DA_fee,390,23.96
DA_fee,394,24.98
DA_fee,393,18.76
DA_fee,392,23.27
DA_fee,395,24.21
DA_fee,396,22.75
DA_fee,397,23.72
DA_fee,398,22.68
DA_fee,399,25.25
DA_fee,400,25.27
DA_fee,403,18.85
DA_fee,404,25.35
DA_fee,401,18.62
DA_fee,405,23.6
DA_fee,402,23.09
DA_fee,407,24.24
DA_fee,406,18.84
DA_fee,408,22.96
DA_fee,410,24.95
DA_fee,409,19.96
DA_fee,411,23.23
DA_fee,412,16.62
DA_fee,413,22.3
DA_fee,414,19.18
DA_fee,416,25.19
DA_fee,415,19.01
DA_fee,419,21.74
DA_fee,417,24.79
DA_fee,420,21.76
DA_fee,418,18.8
DA_fee,421,21.83
DA_fee,423,23.62
DA_fee,422,23.61
DA_fee,424,22.49
DA_fee,425,20.93
DA_fee,426,22.71
DA_fee,427,24.35
DA_fee,428,20.0
DA_fee,430,21.02
DA_fee,429,25.86
DA_fee,433,22.84
DA_fee,431,24.67
DA_fee,432,23.86
DA_fee,434,21.65
DA_fee,436,20.95
DA_fee,435,22.96
DA_fee,437,18.3
DA_fee,438,23.44
DA_fee,439,24.2
DA_fee,441,26.57
DA_fee,440,24.5
DA_fee,442,20.4
DA_fee,444,19.7
DA_fee,443,20.38
DA_fee,446,17.69
DA_fee,445,20.32
DA_fee,447,23.82
DA_fee,449,22.02
DA_fee,448,22.7
DA_fee,450,18.61
DA_fee,451,21.46
DA_fee,452,25.31
DA_fee,453,20.27
DA_fee,455,23.95
DA_fee,454,27.8
DA_fee,458,19.9
DA_fee,456,18.75
DA_fee,461,23.14
DA_fee,457,23.83
DA_fee,460,25.56
DA_fee,459,23.28
DA_fee,462,22.39
DA_fee,463,18.16
DA_fee,464,20.89
DA_fee,465,23.54
DA_fee,466,21.34
DA_fee,469,22.26
DA_fee,468,18.93
DA_fee,471,22.19
DA_fee,467,23.42
DA_fee,472,23.78
DA_fee,470,17.24
DA_fee,474,21.58
DA_fee,473,24.2
DA_fee,475,26.56
DA_fee,476,22.18
DA_fee,477,21.24
DA_fee,478,24.18
DA_fee,480,22.49
DA_fee,479,25.75
DA_fee,481,25.41
DA_fee,482,18.24
DA_fee,484,23.2
DA_fee,485,21.62
DA_fee,483,20.51
DA_fee,487,22.11
DA_fee,486,18.6
DA_fee,488,23.9
DA_fee,489,20.65
DA_fee,490,20.99
DA_fee,491,19.33
DA_fee,492,22.46
DA_fee,493,22.82
DA_fee,495,21.5
DA_fee,496,22.21
DA_fee,494,24.79
DA_fee,497,17.88
DA_fee,498,25.11
DA_fee,499,17.36
DA_fee,500,25.98
DA_fee,502,27.59
DA_fee,501,20.51
DA_fee,503,19.03
DA_fee,504,20.52
DA_fee,505,23.97
DA_fee,507,19.26
DA_fee,508,22.9
DA_fee,506,23.83
DA_fee,510,23.93
DA_fee,509,24.74
DA_fee,511,26.32
DA_fee,512,21.27
DA_fee,513,18.53
DA_fee,514,22.26
DA_fee,515,25.42
DA_fee,516,25.01
DA_fee,517,24.34
DA_fee,518,21.35
DA_fee,521,18.69
DA_fee,519,24.7
DA_fee,520,25.28
DA_fee,522,21.13
DA_fee,523,24.05
DA_fee,524,23.04
DA_fee,525,19.18
DA_fee,526,24.71
DA_fee,527,24.5
DA_fee,528,19.73
DA_fee,529,20.79
DA_fee,530,17.21
DA_fee,533,21.04
DA_fee,535,24.62
DA_fee,534,23.55
DA_fee,531,21.93
DA_fee,532,25.01
DA_fee,536,20.24
DA_fee,538,23.57
DA_fee,539,23.25
DA_fee,537,20.21
DA_fee,541,20.07
DA_fee,540,23.26
DA_fee,542,19.15
DA_fee,543,21.56
DA_fee,544,23.02
DA_fee,546,25.07
DA_fee,548,24.5
DA_fee,547,20.21
DA_fee,545,25.91
DA_fee,549,23.46
DA_fee,551,19.11
DA_fee,550,23.93
DA_fee,552,23.05
DA_fee,553,20.28
DA_fee,554,24.69
DA_fee,555,21.34
DA_fee,556,20.75
DA_fee,557,17.14
DA_fee,558,20.12
DA_fee,559,23.72
DA_fee,560,23.99
DA_fee,561,19.65
DA_fee,562,23.69
DA_fee,563,23.54
DA_fee,564,20.84
DA_fee,565,22.17
DA_fee,566,25.55
DA_fee,567,24.75
DA_fee,568,24.65
DA_fee,569,21.93
DA_fee,570,23.43
DA_fee,571,24.81
DA_fee,573,22.42
DA_fee,572,19.97
DA_fee,575,25.9
DA_fee,574,25.36
DA_fee,576,23.41
DA_fee,578,20.67
DA_fee,577,25.84
DA_fee,579,26.08
DA_fee,580,23.13
DA_fee,581,23.6
DA_fee,582,22.68
DA_fee,583,21.39
DA_fee,584,17.83
DA_fee,585,23.96
DA_fee,586,20.26
DA_fee,588,24.27
DA_fee,589,22.64
DA_fee,587,24.99
DA_fee,590,20.02
DA_fee,591,23.43
DA_fee,592,22.56
DA_fee,593,24.58
DA_fee,594,23.86
DA_fee,595,20.46
DA_fee,596,18.36
DA_fee,597,19.45
DA_fee,598,23.68
DA_fee,600,22.34
DA_fee,599,20.95
DA_fee,601,20.41
DA_fee,602,20.78
DA_fee,603,25.23
DA_fee,604,24.83
DA_fee,606,22.21
DA_fee,605,20.91
DA_fee,607,20.52
DA_fee,608,17.85
DA_fee,610,17.75
DA_fee,609,22.39
DA_fee,611,19.81
DA_fee,613,21.07
DA_fee,612,24.61
DA_fee,615,17.16
DA_fee,614,25.88
DA_fee,616,24.49
DA_fee,617,26.36
DA_fee,619,25.7
DA_fee,618,25.11
DA_fee,620,25.65
DA_fee,621,24.53
DA_fee,623,23.81
DA_fee,622,22.76
DA_fee,624,22.24
DA_fee,626,22.66
DA_fee,628,25.72
DA_fee,625,22.69
DA_fee,627,24.29
DA_fee,629,20.17
DA_fee,630,20.56
DA_fee,632,23.7
DA_fee,631,21.9
DA_fee,633,21.38
DA_fee,634,23.84
DA_fee,635,22.42
DA_fee,637,19.79
DA_fee,638,23.9
DA_fee,636,22.0
DA_fee,641,24.71
DA_fee,640,18.8
DA_fee,639,24.27
DA_fee,642,22.97
DA_fee,643,22.36
DA_fee,645,19.43
DA_fee,644,19.43
DA_fee,646,22.11
DA_fee,647,19.54
DA_fee,648,24.25
DA_fee,650,19.57
DA_fee,649,19.88
DA_fee,652,23.16
DA_fee,653,16.79
DA_fee,651,23.36
DA_fee,654,20.47
DA_fee,655,23.51
DA_fee,656,26.44
DA_fee,657,21.91
DA_fee,658,25.12
DA_fee,659,18.92
DA_fee,660,17.83
DA_fee,661,19.36
DA_fee,665,21.97
DA_fee,666,21.21
DA_fee,662,26.75
DA_fee,663,22.8
DA_fee,667,20.8
DA_fee,664,23.56
DA_fee,668,24.33
DA_fee,669,22.26
DA_fee,670,26.46
DA_fee,671,23.22
DA_fee,672,20.13
DA_fee,673,25.89
DA_fee,674,23.83
DA_fee,676,27.12
DA_fee,675,22.62
DA_fee,677,24.75
DA_fee,678,25.58
DA_fee,680,22.48
DA_fee,679,19.56
DA_fee,681,25.94
DA_fee,682,22.05
DA_fee,683,21.63
DA_fee,684,24.86
DA_fee,685,19.53
DA_fee,687,21.74
DA_fee,686,22.09
DA_fee,688,20.8
DA_fee,690,25.57
DA_fee,689,19.03
DA_fee,693,20.4
DA_fee,694,23.16
DA_fee,695,24.9
DA_fee,691,17.36
DA_fee,692,21.32
DA_fee,696,23.62
DA_fee,697,26.7
DA_fee,698,22.31
DA_fee,700,24.82
DA_fee,699,23.06
DA_fee,701,19.46
DA_fee,702,16.31
DA_fee,703,24.78
DA_fee,705,20.68
DA_fee,707,22.28
DA_fee,706,19.81
DA_fee,704,25.66
DA_fee,708,22.71
DA_fee,710,25.46
DA_fee,709,24.33
DA_fee,711,26.75
DA_fee,713,20.16
DA_fee,712,22.55
DA_fee,714,21.96
DA_fee,715,26.61
DA_fee,719,23.29
DA_fee,717,24.34
DA_fee,720,19.22
DA_fee,716,23.61
DA_fee,718,17.46
DA_fee,721,21.29
DA_fee,722,24.25
DA_fee,723,25.39
DA_fee,724,21.86
DA_fee,726,23.18
DA_fee,725,23.52
DA_fee,727,21.83
DA_fee,728,17.93
DA_fee,729,19.01
DA_fee,732,24.88
DA_fee,731,24.45
DA_fee,730,24.06
DA_fee,733,21.9
DA_fee,734,22.7
DA_fee,735,24.73
DA_fee,736,25.12
DA_fee,737,21.48
DA_fee,738,18.24
DA_fee,739,24.06
DA_fee,740,24.81
DA_fee,743,19.05
DA_fee,742,23.44
DA_fee,741,24.63
DA_fee,745,24.09
DA_fee,744,21.33
DA_fee,746,22.18
DA_fee,747,19.21
DA_fee,748,24.13
DA_fee,749,22.0
DA_fee,751,25.62
DA_fee,750,21.35
DA_fee,753,24.47
DA_fee,752,23.46
DA_fee,754,18.24
DA_fee,755,24.36
DA_fee,759,22.38
DA_fee,758,24.89
DA_fee,756,18.24
DA_fee,757,23.89
DA_fee,760,16.98
DA_fee,761,23.43
DA_fee,762,24.6
DA_fee,763,24.12
DA_fee,764,25.1
DA_fee,765,25.49
DA_fee,766,22.15
DA_fee,767,22.25
DA_fee,769,24.8
DA_fee,768,22.08
DA_fee,770,20.34
DA_fee,771,24.57
DA_fee,772,22.99
DA_fee,773,21.69
DA_fee,774,22.86
DA_fee,775,18.17
DA_fee,776,26.07
DA_fee,778,17.34
DA_fee,777,23.41
DA_fee,779,26.05
DA_fee,780,24.32
DA_fee,782,25.55
DA_fee,783,24.07
DA_fee,781,25.13
DA_fee,784,20.0
DA_fee,785,20.76
DA_fee,786,23.82
DA_fee,787,20.46
DA_fee,788,17.69
DA_fee,791,17.69
DA_fee,789,23.35
DA_fee,790,25.48
DA_fee,792,22.37
DA_fee,793,23.02
DA_fee,795,22.65
DA_fee,794,22.03
DA_fee,796,24.72
DA_fee,797,23.97
DA_fee,798,23.63
DA_fee,799,26.33
DA_fee,800,19.2
DA_fee,801,22.21
DA_fee,802,19.92
DA_fee,803,19.07
DA_fee,804,20.87
DA_fee,805,21.63
DA_fee,806,22.84
DA_fee,807,23.91
DA_fee,808,25.28
DA_fee,809,22.6
DA_fee,811,23.16
DA_fee,810,18.19
DA_fee,813,21.6
DA_fee,812,24.0
DA_fee,814,26.07
DA_fee,815,21.63
DA_fee,816,23.18
DA_fee,817,25.28
DA_fee,818,22.59
DA_fee,819,21.51
DA_fee,820,25.56
DA_fee,821,22.81
DA_fee,822,20.73
DA_fee,823,19.68
DA_fee,824,25.0
DA_fee,826,21.61
DA_fee,825,21.25
DA_fee,828,26.03
DA_fee,827,24.04
DA_fee,829,22.16
DA_fee,830,23.63
DA_fee,831,21.22
DA_fee,832,24.46
DA_fee,833,25.16
DA_fee,834,20.25
DA_fee,835,23.92
DA_fee,836,23.93
DA_fee,837,17.72
DA_fee,839,22.22
DA_fee,838,22.88
DA_fee,841,18.94
DA_fee,840,25.09
DA_fee,842,22.84
DA_fee,843,25.16
DA_fee,844,24.23
DA_fee,847,21.63
DA_fee,845,23.88
DA_fee,846,16.71
DA_fee,848,22.49
DA_fee,850,22.61
DA_fee,849,21.82
DA_fee,852,20.56
DA_fee,851,24.08
DA_fee,853,24.47
DA_fee,854,19.36
DA_fee,855,25.34
DA_fee,856,22.16
DA_fee,857,22.96
DA_fee,861,19.26
DA_fee,859,20.41
DA_fee,858,26.27
DA_fee,860,23.73
DA_fee,862,18.76
DA_fee,863,22.99
DA_fee,864,23.14
DA_fee,865,20.27
DA_fee,866,22.73
DA_fee,867,17.65
DA_fee,868,23.99
DA_fee,869,21.89
DA_fee,870,22.81
DA_fee,873,21.62
DA_fee,871,20.28
DA_fee,872,19.16
DA_fee,874,22.96
DA_fee,875,25.97
DA_fee,876,26.45
DA_fee,877,21.32
DA_fee,878,25.46
DA_fee,879,25.14
DA_fee,880,19.89
DA_fee,881,22.31
DA_fee,882,23.4
DA_fee,883,24.39
DA_fee,885,18.67
DA_fee,886,19.53
DA_fee,884,24.91
DA_fee,887,22.02
DA_fee,888,22.72
DA_fee,889,21.02
DA_fee,890,22.99
DA_fee,891,24.1
DA_fee,892,23.51
DA_fee,894,19.14
DA_fee,895,23.61
DA_fee,893,21.81
DA_fee,896,18.68
DA_fee,897,24.85
DA_fee,898,23.57
DA_fee,900,17.69
DA_fee,899,18.73
DA_fee,901,24.14
DA_fee,902,22.97
DA_fee,903,23.36
DA_fee,904,22.13
DA_fee,905,21.06
DA_fee,906,23.22
DA_fee,907,20.52
DA_fee,908,20.19
DA_fee,909,23.28
DA_fee,910,23.78
DA_fee,912,24.44
DA_fee,913,24.74
DA_fee,911,19.35
DA_fee,914,22.83
DA_fee,915,22.76
DA_fee,917,24.43
DA_fee,916,25.62
DA_fee,918,25.39
DA_fee,919,19.08
DA_fee,921,20.2
DA_fee,920,23.66
DA_fee,922,21.01
DA_fee,923,24.8
DA_fee,925,24.34
DA_fee,924,20.83
DA_fee,926,22.81
DA_fee,927,26.06
DA_fee,928,24.66
DA_fee,929,22.1
DA_fee,930,21.44
DA_fee,931,24.23
DA_fee,932,20.24
DA_fee,934,21.81
DA_fee,933,24.79
DA_fee,936,20.75
DA_fee,935,24.03
DA_fee,937,24.03
DA_fee,939,26.09
DA_fee,938,23.35
DA_fee,940,22.51
DA_fee,941,23.09
DA_fee,942,21.65
DA_fee,943,24.64
DA_fee,944,19.87
DA_fee,946,23.52
DA_fee,945,25.34
DA_fee,947,21.62
DA_fee,948,24.29
DA_fee,949,22.49
DA_fee,950,22.8
DA_fee,952,18.72
DA_fee,951,22.04
DA_fee,954,24.44
DA_fee,953,21.99
DA_fee,955,19.51
DA_fee,956,25.59
DA_fee,957,18.4
DA_fee,958,21.19
DA_fee,959,23.79
DA_fee,960,23.92
DA_fee,961,21.7
DA_fee,962,21.73
DA_fee,963,23.88
DA_fee,964,24.84
DA_fee,965,23.22
DA_fee,966,21.14
DA_fee,967,19.42
DA_fee,968,23.63
DA_fee,969,24.28
DA_fee,970,21.66
DA_fee,971,23.13
DA_fee,972,20.06
DA_fee,973,23.22
DA_fee,974,23.55
DA_fee,976,21.05
DA_fee,975,22.69
DA_fee,977,25.52
DA_fee,978,18.94
DA_fee,979,22.27
DA_fee,980,24.12
DA_fee,981,19.21
DA_fee,982,25.56
DA_fee,983,20.15
DA_fee,984,22.07
DA_fee,986,22.42
DA_fee,987,25.09
DA_fee,985,22.83
DA_fee,989,18.69
DA_fee,988,18.2
DA_fee,990,20.16
DA_fee,991,19.44
DA_fee,992,24.23
DA_fee,993,18.51
DA_fee,994,21.03
DA_fee,995,19.28
DA_fee,996,25.03
DA_fee,997,24.37
DA_fee,998,20.85
DA_fee,999,24.24
BA_fee,1,23.07
BA_fee,0,28.05
BA_fee,3,28.89
BA_fee,2,30.89
BA_fee,4,22.8
BA_fee,6,26.7
BA_fee,5,24.32
BA_fee,9,26.69
BA_fee,7,27.71
BA_fee,8,26.24
BA_fee,11,23.35
BA_fee,10,25.79
BA_fee,12,25.35
BA_fee,13,23.76
BA_fee,14,24.81
BA_fee,15,23.09
BA_fee,16,21.87
BA_fee,17,28.24
BA_fee,18,26.81
BA_fee,19,25.29
BA_fee,20,23.28
BA_fee,21,24.48
BA_fee,22,25.03
BA_fee,23,25.06
BA_fee,24,27.05
BA_fee,25,26.29
BA_fee,26,23.59
BA_fee,27,24.67
BA_fee,28,27.26
BA_fee,30,25.43
BA_fee,29,23.64
BA_fee,31,24.46
BA_fee,32,23.09
BA_fee,33,25.76
BA_fee,35,24.31
BA_fee,34,25.04
BA_fee,36,23.07
BA_fee,37,24.41
BA_fee,38,27.05
BA_fee,39,23.73
BA_fee,40,24.24
BA_fee,42,25.47
BA_fee,41,23.59
BA_fee,45,24.65
BA_fee,44,26.58
BA_fee,43,22.56
BA_fee,46,23.79
BA_fee,47,25.65
BA_fee,48,25.16
BA_fee,49,26.47
BA_fee,50,21.88
BA_fee,51,24.79
BA_fee,52,26.08
BA_fee,53,24.14
BA_fee,55,22.36
BA_fee,54,22.8
BA_fee,56,22.43
BA_fee,57,23.95
BA_fee,58,24.82
BA_fee,59,23.36
BA_fee,60,24.17
BA_fee,61,23.37
BA_fee,62,23.0
BA_fee,63,24.8
BA_fee,64,28.04
BA_fee,65,26.31
BA_fee,68,30.01
BA_fee,66,24.89
BA_fee,67,23.49
BA_fee,69,26.5
BA_fee,70,26.12
BA_fee,71,24.7
BA_fee,72,23.44
BA_fee,73,27.5
BA_fee,75,24.34
BA_fee,74,27.29
BA_fee,76,23.96
BA_fee,77,25.52
BA_fee,79,25.44
BA_fee,78,25.97
BA_fee,81,26.67
BA_fee,80,22.54
BA_fee,83,27.81
BA_fee,84,29.09
BA_fee,82,26.98
BA_fee,85,26.07
BA_fee,86,28.18
BA_fee,87,30.45
BA_fee,88,23.16
BA_fee,89,22.64
BA_fee,90,27.28
BA_fee,92,25.41
BA_fee,91,24.75
BA_fee,94,25.52
BA_fee,93,23.62
BA_fee,95,28.72
BA_fee,96,27.14
BA_fee,97,27.83
BA_fee,98,24.43
BA_fee,101,22.87
BA_fee,99,24.41
BA_fee,100,23.93
BA_fee,102,25.36
BA_fee,103,23.99
BA_fee,104,22.92
BA_fee,105,27.12
BA_fee,106,23.92
BA_fee,107,27.22
BA_fee,109,22.4
BA_fee,108,26.07
BA_fee,110,24.04
BA_fee,111,24.0
BA_fee,113,23.93
BA_fee,112,23.18
BA_fee,114,25.8
BA_fee,115,24.44
BA_fee,116,25.35
BA_fee,117,25.67
BA_fee,118,27.83
BA_fee,122,25.31
BA_fee,120,22.9
BA_fee,119,26.12
BA_fee,121,26.9
BA_fee,123,22.94
BA_fee,124,27.03
BA_fee,125,25.99
BA_fee,126,24.77
BA_fee,127,26.19
BA_fee,128,24.69
BA_fee,129,26.99
BA_fee,130,23.97
BA_fee,131,29.03
BA_fee,133,25.76
BA_fee,135,25.89
BA_fee,132,22.63
BA_fee,134,28.53
BA_fee,136,29.42
BA_fee,137,30.59
BA_fee,138,22.81
BA_fee,139,22.53
BA_fee,140,26.72
BA_fee,141,25.79
BA_fee,142,22.27
BA_fee,144,23.19
BA_fee,143,22.14
BA_fee,146,22.52
BA_fee,145,28.38
BA_fee,148,25.97
BA_fee,147,24.19
BA_fee,150,25.25
BA_fee,149,23.98
BA_fee,151,22.71
BA_fee,153,23.64
BA_fee,152,23.6
BA_fee,154,25.34
BA_fee,155,22.89
BA_fee,156,26.64
BA_fee,157,28.31
BA_fee,159,23.73
BA_fee,158,23.89
BA_fee,160,29.19
BA_fee,162,23.97
BA_fee,161,25.75
BA_fee,163,22.19
BA_fee,164,27.1
BA_fee,166,23.78
BA_fee,165,26.31
BA_fee,167,23.71
BA_fee,168,25.49
BA_fee,170,28.89
BA_fee,169,26.77
BA_fee,171,27.26
BA_fee,172,23.7
BA_fee,173,24.3
BA_fee,174,25.79
BA_fee,175,24.72
BA_fee,176,23.81
BA_fee,177,24.07
BA_fee,179,25.29
BA_fee,178,22.37
BA_fee,180,25.98
BA_fee,181,26.27
BA_fee,182,24.41
BA_fee,183,24.82
BA_fee,186,23.88
BA_fee,184,23.62
BA_fee,185,24.04
BA_fee,187,26.26
BA_fee,188,25.48
BA_fee,189,22.05
BA_fee,190,23.94
BA_fee,191,26.06
BA_fee,192,25.09
BA_fee,193,25.78
BA_fee,194,26.98
BA_fee,195,24.38
BA_fee,196,23.76
BA_fee,198,24.91
BA_fee,197,23.26
BA_fee,199,26.36
BA_fee,200,29.26
BA_fee,201,23.91
BA_fee,202,25.09
BA_fee,203,24.22
BA_fee,204,26.1
BA_fee,205,28.37
BA_fee,206,23.04
BA_fee,208,26.65
BA_fee,207,23.07
BA_fee,209,26.22
BA_fee,210,25.3
BA_fee,211,25.31
BA_fee,212,26.21
BA_fee,213,25.54
BA_fee,214,27.34
BA_fee,215,26.25
BA_fee,216,23.07
BA_fee,217,24.46
BA_fee,218,25.21
BA_fee,219,25.25
BA_fee,221,23.07
BA_fee,220,23.28
BA_fee,222,26.54
BA_fee,224,27.96
BA_fee,223,28.94
BA_fee,225,25.72
BA_fee,226,24.11
BA_fee,227,24.7
BA_fee,228,25.88
BA_fee,229,25.94
BA_fee,230,27.13
BA_fee,231,28.27
BA_fee,232,23.89
BA_fee,234,24.14
BA_fee,233,23.27
BA_fee,235,24.25
BA_fee,236,23.33
BA_fee,237,26.89
BA_fee,238,27.18
BA_fee,239,24.94
BA_fee,240,23.23
BA_fee,241,24.27
BA_fee,242,22.46
BA_fee,243,26.02
BA_fee,244,26.79
BA_fee,245,24.96
BA_fee,246,24.25
BA_fee,247,24.37
BA_fee,248,28.01
BA_fee,249,25.75
BA_fee,250,28.17
BA_fee,252,27.44
BA_fee,251,23.93
BA_fee,253,28.56
BA_fee,254,26.32
BA_fee,255,23.49
BA_fee,256,23.1
BA_fee,258,25.26
BA_fee,257,23.82
BA_fee,259,28.24
BA_fee,260,23.29
BA_fee,261,22.18
BA_fee,262,25.81
BA_fee,263,28.6
BA_fee,264,26.11
BA_fee,266,24.11
BA_fee,265,23.67
BA_fee,267,25.58
BA_fee,268,27.03
BA_fee,269,26.85
BA_fee,271,24.43
BA_fee,270,23.09
BA_fee,272,24.08
BA_fee,273,23.64
BA_fee,274,25.67
BA_fee,276,26.2
BA_fee,275,25.17
BA_fee,277,23.98
BA_fee,278,22.03
BA_fee,279,25.55
BA_fee,280,24.35
BA_fee,281,27.97
BA_fee,282,24.87
BA_fee,283,22.94
BA_fee,284,28.26
BA_fee,286,25.04
BA_fee,285,22.57
BA_fee,287,23.83
BA_fee,288,24.67
BA_fee,289,27.25
BA_fee,290,27.41
BA_fee,291,24.72
BA_fee,292,24.42
BA_fee,293,24.0
BA_fee,294,23.58
BA_fee,295,25.86
BA_fee,297,27.5
BA_fee,296,24.19
BA_fee,298,27.78
BA_fee,299,23.73
BA_fee,300,25.1
BA_fee,301,25.27
BA_fee,302,26.61
BA_fee,303,23.01
BA_fee,305,22.83
BA_fee,304,27.85
BA_fee,307,22.16
BA_fee,306,24.45
BA_fee,308,22.22
BA_fee,309,28.75
BA_fee,310,23.45
BA_fee,311,28.71
BA_fee,312,24.1
BA_fee,313,22.88
BA_fee,314,22.2
BA_fee,315,24.67
BA_fee,316,24.92
BA_fee,317,26.11
BA_fee,318,23.34
BA_fee,319,23.09
BA_fee,320,25.05
BA_fee,321,26.48
BA_fee,323,24.12
BA_fee,322,22.87
BA_fee,324,24.76
BA_fee,325,23.73
BA_fee,326,22.81
BA_fee,327,23.2
BA_fee,328,23.63
BA_fee,329,28.2
BA_fee,330,25.54
BA_fee,331,28.75
BA_fee,332,23.69
BA_fee,333,25.16
BA_fee,334,25.65
BA_fee,335,27.06
BA_fee,336,24.74
BA_fee,338,23.12
BA_fee,337,25.0
BA_fee,340,27.86
BA_fee,339,26.89
BA_fee,341,25.28
BA_fee,342,23.58
BA_fee,343,24.57
BA_fee,344,23.15
BA_fee,345,26.58
BA_fee,346,26.93
BA_fee,347,26.88
BA_fee,348,27.89
BA_fee,349,24.6
BA_fee,350,27.67
BA_fee,351,28.32
BA_fee,353,23.84
BA_fee,354,26.13
BA_fee,352,24.72
BA_fee,355,25.56
BA_fee,356,24.23
BA_fee,357,23.3
BA_fee,358,24.3
BA_fee,359,27.47
BA_fee,360,25.26
BA_fee,363,23.55
BA_fee,362,23.53
BA_fee,361,27.05
BA_fee,364,23.98
BA_fee,365,24.14
BA_fee,366,23.62
BA_fee,367,24.44
BA_fee,368,25.86
BA_fee,369,26.58
BA_fee,371,25.21
BA_fee,370,22.45
BA_fee,372,24.48
BA_fee,373,28.74
BA_fee,375,24.17
BA_fee,374,28.17
BA_fee,378,22.38
BA_fee,376,23.35
BA_fee,377,25.99
BA_fee,379,27.61
BA_fee,380,25.75
BA_fee,381,21.85
BA_fee,382,24.96
BA_fee,383,22.7
BA_fee,384,25.73
BA_fee,385,27.63
BA_fee,386,24.26
BA_fee,387,29.97
BA_fee,388,27.85
BA_fee,390,23.13
BA_fee,389,25.88
BA_fee,391,24.92
BA_fee,393,27.23
BA_fee,392,23.4
BA_fee,394,23.85
BA_fee,395,23.34
BA_fee,396,23.94
BA_fee,397,23.31
BA_fee,398,23.63
BA_fee,399,23.41
BA_fee,400,24.91
BA_fee,402,24.06
BA_fee,403,27.44
BA_fee,401,28.17
BA_fee,405,22.71
BA_fee,404,24.19
BA_fee,406,27.4
BA_fee,407,24.56
BA_fee,408,23.57
BA_fee,409,26.6
BA_fee,410,24.64
BA_fee,411,22.51
BA_fee,412,29.24
BA_fee,414,27.43
BA_fee,413,23.61
BA_fee,416,25.51
BA_fee,415,25.55
BA_fee,417,24.25
BA_fee,419,25.5
BA_fee,418,27.78
BA_fee,420,25.94
BA_fee,421,25.72
BA_fee,422,22.93
BA_fee,423,23.02
BA_fee,424,24.7
BA_fee,425,25.58
BA_fee,426,26.64
BA_fee,427,24.06
BA_fee,429,27.45
BA_fee,428,27.5
BA_fee,431,24.73
BA_fee,430,25.19
BA_fee,432,23.04
BA_fee,433,24.04
BA_fee,434,26.14
BA_fee,435,22.68
BA_fee,436,25.06
BA_fee,437,27.99
BA_fee,438,22.6
BA_fee,440,24.45
BA_fee,439,22.89
BA_fee,442,26.26
BA_fee,443,26.13
BA_fee,441,25.55
BA_fee,444,27.18
BA_fee,445,26.37
BA_fee,446,28.87
BA_fee,447,23.56
BA_fee,448,24.49
BA_fee,449,24.79
BA_fee,450,26.92
BA_fee,451,25.5
BA_fee,452,26.54
BA_fee,453,26.46
BA_fee,454,26.47
BA_fee,455,23.65
BA_fee,456,28.55
BA_fee,457,23.4
BA_fee,458,25.74
BA_fee,459,22.25
BA_fee,460,26.2
BA_fee,461,22.73
BA_fee,462,24.95
BA_fee,463,28.14
BA_fee,464,25.94
BA_fee,465,24.26
BA_fee,466,27.18
BA_fee,468,27.66
BA_fee,467,23.71
BA_fee,469,25.57
BA_fee,471,24.34
BA_fee,470,28.85
BA_fee,472,23.35
BA_fee,473,22.4
BA_fee,474,25.75
BA_fee,475,25.08
BA_fee,476,24.25
BA_fee,477,25.62
BA_fee,478,22.38
BA_fee,480,25.33
BA_fee,479,26.95
BA_fee,481,23.76
BA_fee,482,28.69
BA_fee,484,23.66
BA_fee,483,26.41
BA_fee,485,25.21
BA_fee,487,25.1
BA_fee,486,28.15
BA_fee,488,22.69
BA_fee,489,25.25
BA_fee,490,25.31
BA_fee,491,27.05
BA_fee,492,23.36
BA_fee,493,24.38
BA_fee,494,23.53
BA_fee,495,25.53
BA_fee,496,24.07
BA_fee,497,27.57
BA_fee,498,24.85
BA_fee,500,26.94
BA_fee,499,29.35
BA_fee,501,26.0
BA_fee,502,30.18
BA_fee,503,27.4
BA_fee,504,25.78
BA_fee,505,23.47
BA_fee,507,27.6
BA_fee,506,23.57
BA_fee,508,23.7
BA_fee,509,24.49
BA_fee,510,21.87
BA_fee,511,25.73
BA_fee,512,24.89
BA_fee,513,28.13
BA_fee,514,24.41
BA_fee,515,24.66
BA_fee,517,23.11
BA_fee,518,25.17
BA_fee,516,24.39
BA_fee,521,27.57
BA_fee,519,24.94
BA_fee,520,23.86
BA_fee,523,23.69
BA_fee,522,25.91
BA_fee,524,24.33
BA_fee,525,27.87
BA_fee,526,24.4
BA_fee,528,26.88
BA_fee,527,22.92
BA_fee,530,28.78
BA_fee,529,25.46
BA_fee,531,25.04
BA_fee,533,25.0
BA_fee,532,22.56
BA_fee,534,22.19
BA_fee,536,25.84
BA_fee,535,22.6
BA_fee,537,25.89
BA_fee,538,22.51
BA_fee,539,23.88
BA_fee,540,23.89
BA_fee,541,26.02
BA_fee,542,27.26
BA_fee,544,22.71
BA_fee,543,23.42
BA_fee,545,26.72
BA_fee,546,23.47
BA_fee,547,25.73
BA_fee,548,23.81
BA_fee,549,23.0
BA_fee,550,23.5
BA_fee,551,27.02
BA_fee,552,23.76
BA_fee,553,25.42
BA_fee,554,22.81
BA_fee,555,25.33
BA_fee,556,25.54
BA_fee,557,28.17
BA_fee,559,23.16
BA_fee,560,22.76
BA_fee,558,26.59
BA_fee,562,22.74
BA_fee,561,26.46
BA_fee,563,23.46
BA_fee,565,24.11
BA_fee,564,25.4
BA_fee,566,25.15
BA_fee,567,23.89
BA_fee,568,22.73
BA_fee,569,24.02
BA_fee,571,23.42
BA_fee,570,23.74
BA_fee,573,24.23
BA_fee,572,26.82
BA_fee,575,26.71
BA_fee,574,25.29
BA_fee,576,22.73
BA_fee,577,26.84
BA_fee,578,25.22
BA_fee,580,23.64
BA_fee,579,23.69
BA_fee,582,24.29
BA_fee,581,23.74
BA_fee,583,25.77
BA_fee,584,28.25
BA_fee,585,23.53
BA_fee,586,25.29
BA_fee,587,25.03
BA_fee,588,22.27
BA_fee,589,23.31
BA_fee,590,26.97
BA_fee,591,21.75
BA_fee,592,24.92
BA_fee,593,24.91
BA_fee,594,23.63
BA_fee,595,26.98
BA_fee,597,25.85
BA_fee,596,27.87
BA_fee,598,23.31
BA_fee,599,26.63
BA_fee,600,25.16
BA_fee,601,25.41
BA_fee,602,27.36
BA_fee,603,26.38
BA_fee,604,24.98
BA_fee,605,26.54
BA_fee,606,24.59
BA_fee,607,25.81
BA_fee,608,28.78
BA_fee,610,28.13
BA_fee,609,25.87
BA_fee,611,27.31
BA_fee,612,25.23
BA_fee,613,25.32
BA_fee,614,27.29
BA_fee,615,28.8
BA_fee,616,23.49
BA_fee,617,25.0
BA_fee,619,25.29
BA_fee,618,24.44
BA_fee,620,24.68
BA_fee,622,23.28
BA_fee,623,23.04
BA_fee,621,24.11
BA_fee,624,24.01
BA_fee,625,24.32
BA_fee,626,24.44
BA_fee,627,23.13
BA_fee,628,24.64
BA_fee,629,26.35
BA_fee,630,26.8
BA_fee,632,23.21
BA_fee,631,24.32
BA_fee,633,24.27
BA_fee,634,23.43
BA_fee,636,24.06
BA_fee,635,24.56
BA_fee,637,26.4
BA_fee,639,22.25
BA_fee,638,22.58
BA_fee,640,27.96
BA_fee,641,22.99
BA_fee,642,23.45
BA_fee,643,23.84
BA_fee,644,26.71
BA_fee,645,27.28
BA_fee,646,24.89
BA_fee,647,25.76
BA_fee,648,24.66
BA_fee,649,26.58
BA_fee,650,26.9
BA_fee,651,23.34
BA_fee,652,23.14
BA_fee,653,29.53
BA_fee,654,26.16
BA_fee,655,24.14
BA_fee,656,27.7
BA_fee,657,25.29
BA_fee,658,25.93
BA_fee,659,27.99
BA_fee,660,28.69
BA_fee,661,27.87
BA_fee,662,27.86
BA_fee,664,22.54
BA_fee,663,24.28
BA_fee,665,25.22
BA_fee,666,26.45
BA_fee,667,25.31
BA_fee,668,24.84
BA_fee,669,24.09
BA_fee,670,28.13
BA_fee,671,24.07
BA_fee,672,25.42
BA_fee,673,26.15
BA_fee,675,24.62
BA_fee,674,23.23
BA_fee,677,23.05
BA_fee,676,24.82
BA_fee,678,26.48
BA_fee,679,27.07
BA_fee,680,24.36
BA_fee,681,26.44
BA_fee,682,25.04
BA_fee,683,24.59
BA_fee,684,24.06
BA_fee,686,24.34
BA_fee,685,27.44
BA_fee,690,25.75
BA_fee,689,27.68
BA_fee,688,25.6
BA_fee,687,24.76
BA_fee,691,29.34
BA_fee,692,25.14
BA_fee,693,25.0
BA_fee,694,23.75
BA_fee,695,24.34
BA_fee,696,23.19
BA_fee,697,28.37
BA_fee,698,24.7
BA_fee,699,24.65
BA_fee,700,24.34
BA_fee,702,29.11
BA_fee,701,27.76
BA_fee,703,27.3
BA_fee,704,25.27
BA_fee,706,26.65
BA_fee,705,26.11
BA_fee,707,23.56
BA_fee,708,24.2
BA_fee,709,21.99
BA_fee,710,25.18
BA_fee,711,29.55
BA_fee,712,23.8
BA_fee,713,25.92
BA_fee,714,24.07
BA_fee,716,22.71
BA_fee,715,28.36
BA_fee,717,24.41
BA_fee,718,28.61
BA_fee,719,22.79
BA_fee,720,28.02
BA_fee,721,25.36
BA_fee,723,23.83
BA_fee,722,24.01
BA_fee,724,24.81
BA_fee,726,23.31
BA_fee,725,23.63
BA_fee,727,24.18
BA_fee,728,28.91
BA_fee,729,27.33
BA_fee,730,21.9
BA_fee,731,22.84
BA_fee,732,23.95
BA_fee,733,24.19
BA_fee,734,23.52
BA_fee,735,24.46
BA_fee,736,25.59
BA_fee,737,24.25
BA_fee,738,28.5
BA_fee,739,22.25
BA_fee,741,25.43
BA_fee,740,22.18
BA_fee,742,23.23
BA_fee,743,27.05
BA_fee,744,25.05
BA_fee,745,23.51
BA_fee,746,24.38
BA_fee,747,26.89
BA_fee,748,22.45
BA_fee,749,25.01
BA_fee,750,25.09
BA_fee,751,25.91
BA_fee,753,23.67
BA_fee,752,23.94
BA_fee,754,28.75
BA_fee,755,23.96
BA_fee,756,27.6
BA_fee,757,23.79
BA_fee,758,23.66
BA_fee,759,24.56
BA_fee,760,28.64
BA_fee,761,22.46
BA_fee,762,23.89
BA_fee,763,22.68
BA_fee,765,26.09
BA_fee,764,23.62
BA_fee,766,24.55
BA_fee,767,26.27
BA_fee,768,24.12
BA_fee,769,23.19
BA_fee,770,26.4
BA_fee,771,24.52
BA_fee,772,25.04
BA_fee,773,24.63
BA_fee,774,24.13
BA_fee,775,27.97
BA_fee,776,25.86
BA_fee,777,22.88
BA_fee,778,27.7
BA_fee,780,23.71
BA_fee,779,26.55
BA_fee,781,25.86
BA_fee,782,25.66
BA_fee,783,22.03
BA_fee,784,26.24
BA_fee,785,26.52
BA_fee,786,22.62
BA_fee,787,25.99
BA_fee,788,27.38
BA_fee,789,23.77
BA_fee,791,29.04
BA_fee,790,26.26
BA_fee,792,24.59
BA_fee,793,24.08
BA_fee,794,24.13
BA_fee,796,21.71
BA_fee,795,24.18
BA_fee,797,24.26
BA_fee,798,23.47
BA_fee,799,27.53
BA_fee,800,26.8
BA_fee,801,24.79
BA_fee,802,26.73
BA_fee,803,26.79
BA_fee,804,25.42
BA_fee,805,26.48
BA_fee,807,23.74
BA_fee,808,26.7
BA_fee,806,24.24
BA_fee,810,27.76
BA_fee,809,23.57
BA_fee,811,24.43
BA_fee,812,22.25
BA_fee,813,24.84
BA_fee,814,28.23
BA_fee,815,25.3
BA_fee,816,24.17
BA_fee,818,24.11
BA_fee,817,25.79
BA_fee,821,24.19
BA_fee,820,26.71
BA_fee,819,24.58
BA_fee,822,25.94
BA_fee,823,26.63
BA_fee,824,25.67
BA_fee,826,25.31
BA_fee,825,25.18
BA_fee,827,23.21
BA_fee,828,26.3
BA_fee,829,24.79
BA_fee,830,25.44
BA_fee,831,24.32
BA_fee,833,23.9
BA_fee,834,26.59
BA_fee,832,23.98
BA_fee,835,22.97
BA_fee,836,22.97
BA_fee,837,27.72
BA_fee,839,23.89
BA_fee,838,23.63
BA_fee,840,22.29
BA_fee,841,26.99
BA_fee,842,23.19
BA_fee,843,24.96
BA_fee,844,22.82
BA_fee,846,29.61
BA_fee,845,23.2
BA_fee,847,26.34
BA_fee,848,25.6
BA_fee,849,23.99
BA_fee,850,24.29
BA_fee,851,22.19
BA_fee,852,26.2
BA_fee,853,23.13
BA_fee,854,26.66
BA_fee,856,24.65
BA_fee,855,25.65
BA_fee,857,23.83
BA_fee,859,26.13
BA_fee,858,27.56
BA_fee,860,24.25
BA_fee,861,27.06
BA_fee,862,26.98
BA_fee,863,23.42
BA_fee,865,26.82
BA_fee,864,22.82
BA_fee,866,23.68
BA_fee,867,28.38
BA_fee,868,23.18
BA_fee,869,24.14
BA_fee,871,27.1
BA_fee,870,23.5
BA_fee,873,25.3
BA_fee,872,27.05
BA_fee,874,23.74
BA_fee,875,23.99
BA_fee,876,27.19
BA_fee,877,25.1
BA_fee,878,25.76
BA_fee,879,23.25
BA_fee,880,27.27
BA_fee,881,23.51
BA_fee,882,23.83
BA_fee,883,22.58
BA_fee,884,23.47
BA_fee,886,28.12
BA_fee,885,26.49
BA_fee,887,24.4
BA_fee,888,24.37
BA_fee,889,25.28
BA_fee,891,23.92
BA_fee,890,23.83
BA_fee,892,22.81
BA_fee,893,24.28
BA_fee,894,26.72
BA_fee,897,26.53
BA_fee,898,22.37
BA_fee,896,28.35
BA_fee,899,27.85
BA_fee,900,29.23
BA_fee,895,21.77
BA_fee,901,22.65
BA_fee,902,23.65
BA_fee,903,22.54
BA_fee,904,23.46
BA_fee,905,26.87
BA_fee,906,23.0
BA_fee,907,25.63
BA_fee,909,22.43
BA_fee,910,21.81
BA_fee,908,26.05
BA_fee,911,27.15
BA_fee,912,26.24
BA_fee,913,23.03
BA_fee,915,24.75
BA_fee,914,24.13
BA_fee,916,25.88
BA_fee,917,22.47
BA_fee,918,25.53
BA_fee,919,27.53
BA_fee,920,23.16
BA_fee,922,25.41
BA_fee,921,25.92
BA_fee,923,22.34
BA_fee,924,25.15
BA_fee,925,22.83
BA_fee,926,22.18
BA_fee,928,22.94
BA_fee,927,26.75
BA_fee,929,24.12
BA_fee,930,24.42
BA_fee,931,23.56
BA_fee,932,25.93
BA_fee,933,22.46
BA_fee,934,24.27
BA_fee,936,26.04
BA_fee,937,24.41
BA_fee,935,21.93
BA_fee,938,23.1
BA_fee,939,22.32
BA_fee,941,23.08
BA_fee,940,24.49
BA_fee,943,24.7
BA_fee,942,24.76
BA_fee,945,26.9
BA_fee,944,27.22
BA_fee,946,22.62
BA_fee,947,25.7
BA_fee,949,23.57
BA_fee,948,24.23
BA_fee,950,23.27
BA_fee,951,25.35
BA_fee,952,27.98
BA_fee,953,25.0
BA_fee,954,25.39
BA_fee,955,27.03
BA_fee,956,24.7
BA_fee,957,28.25
BA_fee,958,25.69
BA_fee,959,22.07
BA_fee,961,25.65
BA_fee,960,24.2
BA_fee,962,24.72
BA_fee,963,22.96
BA_fee,964,23.38
BA_fee,965,23.79
BA_fee,966,25.34
BA_fee,967,27.28
BA_fee,968,24.05
BA_fee,969,22.52
BA_fee,970,24.93
BA_fee,971,23.08
BA_fee,972,26.51
BA_fee,973,24.38
BA_fee,974,23.9
BA_fee,975,24.3
BA_fee,976,25.76
BA_fee,977,23.83
BA_fee,978,27.1
BA_fee,979,24.63
BA_fee,980,23.24
BA_fee,981,26.6
BA_fee,982,27.02
BA_fee,983,25.48
BA_fee,984,25.4
BA_fee,985,24.01
BA_fee,988,28.22
BA_fee,986,24.65
BA_fee,987,23.97
BA_fee,989,27.48
BA_fee,990,26.1
BA_fee,991,27.11
BA_fee,992,27.21
BA_fee,993,28.02
BA_fee,994,25.88
BA_fee,996,25.6
BA_fee,995,26.23
BA_fee,997,24.49
BA_fee,998,24.65
BA_fee,999,23.21
AMM_fee,0,31.02
AMM_fee,1,30.67
AMM_fee,2,34.33
AMM_fee,3,32.95
AMM_fee,4,27.62
AMM_fee,5,30.98
AMM_fee,8,31.78
AMM_fee,6,30.7
AMM_fee,10,32.16
AMM_fee,7,32.12
AMM_fee,9,30.49
AMM_fee,11,29.4
AMM_fee,12,29.9
AMM_fee,13,28.55
AMM_fee,15,31.4
AMM_fee,14,30.1
AMM_fee,16,29.57
AMM_fee,19,27.96
AMM_fee,17,32.6
AMM_fee,18,30.32
AMM_fee,20,31.47
AMM_fee,22,27.2
AMM_fee,21,28.78
AMM_fee,23,30.03
AMM_fee,24,29.83
AMM_fee,25,30.33
AMM_fee,26,28.82
AMM_fee,30,28.01
AMM_fee,28,29.56
AMM_fee,27,30.37
AMM_fee,29,27.48
AMM_fee,31,30.02
AMM_fee,32,28.59
AMM_fee,33,30.48
AMM_fee,36,28.5
AMM_fee,35,29.72
AMM_fee,34,30.41
AMM_fee,40,27.93
AMM_fee,37,29.66
AMM_fee,38,31.88
AMM_fee,39,28.7
AMM_fee,41,30.37
AMM_fee,42,30.95
AMM_fee,43,30.38
AMM_fee,44,29.8
AMM_fee,45,30.13
AMM_fee,50,29.11
AMM_fee,46,30.36
AMM_fee,49,29.6
AMM_fee,48,30.15
AMM_fee,47,29.63
AMM_fee,51,29.12
AMM_fee,52,30.71
AMM_fee,53,30.92
AMM_fee,54,29.13
AMM_fee,55,28.1
AMM_fee,59,29.52
AMM_fee,56,29.62
AMM_fee,58,29.28
AMM_fee,57,30.44
AMM_fee,60,29.15
AMM_fee,63,28.41
AMM_fee,62,29.6
AMM_fee,61,28.37
AMM_fee,64,32.21
AMM_fee,65,31.0
AMM_fee,66,28.26
AMM_fee,69,29.72
AMM_fee,67,28.12
AMM_fee,68,31.93
AMM_fee,70,27.35
AMM_fee,72,30.25
AMM_fee,71,28.73
AMM_fee,73,30.27
AMM_fee,74,28.75
AMM_fee,75,29.34
AMM_fee,76,30.49
AMM_fee,80,28.51
AMM_fee,77,29.6
AMM_fee,79,29.52
AMM_fee,78,29.49
AMM_fee,81,31.8
AMM_fee,82,30.07
AMM_fee,83,30.19
AMM_fee,84,29.94
AMM_fee,85,28.16
AMM_fee,86,31.59
AMM_fee,90,28.56
AMM_fee,87,31.69
AMM_fee,88,28.88
AMM_fee,89,29.16
AMM_fee,91,30.91
AMM_fee,93,29.81
AMM_fee,92,29.36
AMM_fee,94,29.78
AMM_fee,95,30.8
AMM_fee,96,28.35
AMM_fee,97,28.56
AMM_fee,100,28.37
AMM_fee,98,27.83
AMM_fee,99,29.79
AMM_fee,101,29.02
AMM_fee,102,30.23
AMM_fee,103,29.22
AMM_fee,104,30.17
AMM_fee,105,33.11
AMM_fee,106,28.73
AMM_fee,107,29.11
AMM_fee,108,29.72
AMM_fee,111,29.27
AMM_fee,109,28.73
AMM_fee,110,30.63
AMM_fee,112,28.76
AMM_fee,113,30.13
AMM_fee,114,28.61
AMM_fee,115,29.2
AMM_fee,116,31.83
AMM_fee,122,31.38
AMM_fee,117,29.85
AMM_fee,118,28.74
AMM_fee,119,29.58
AMM_fee,120,28.73
AMM_fee,121,28.64
AMM_fee,123,30.58
AMM_fee,124,31.23
AMM_fee,125,31.2
AMM_fee,126,28.8
AMM_fee,127,31.98
AMM_fee,130,31.84
AMM_fee,128,27.67
AMM_fee,131,30.77
AMM_fee,129,30.43
AMM_fee,134,29.53
AMM_fee,133,30.75
AMM_fee,132,31.17
AMM_fee,135,29.04
AMM_fee,136,30.92
AMM_fee,141,30.14
AMM_fee,138,28.23
AMM_fee,137,31.4
AMM_fee,139,31.25
AMM_fee,140,30.85
AMM_fee,142,29.19
AMM_fee,143,28.6
AMM_fee,144,28.17
AMM_fee,147,27.6
AMM_fee,148,28.7
AMM_fee,146,28.64
AMM_fee,145,28.64
AMM_fee,149,29.02
AMM_fee,150,31.83
AMM_fee,151,26.26
AMM_fee,153,29.31
AMM_fee,152,29.68
AMM_fee,154,28.0
AMM_fee,155,27.69
AMM_fee,156,30.73
AMM_fee,157,29.87
AMM_fee,163,29.69
AMM_fee,159,30.93
AMM_fee,158,30.51
AMM_fee,160,32.75
AMM_fee,161,31.16
AMM_fee,162,30.07
AMM_fee,164,29.73
AMM_fee,165,30.31
AMM_fee,166,27.06
AMM_fee,167,32.03
AMM_fee,168,30.37
AMM_fee,171,30.84
AMM_fee,169,30.14
AMM_fee,170,32.58
AMM_fee,172,31.93
AMM_fee,174,29.81
AMM_fee,175,30.4
AMM_fee,176,26.18
AMM_fee,173,28.54
AMM_fee,177,27.62
AMM_fee,182,27.78
AMM_fee,178,28.92
AMM_fee,179,29.76
AMM_fee,180,30.17
AMM_fee,181,31.29
AMM_fee,183,30.94
AMM_fee,184,29.26
AMM_fee,186,28.15
AMM_fee,187,31.41
AMM_fee,185,29.27
AMM_fee,188,29.17
AMM_fee,189,29.03
AMM_fee,191,30.58
AMM_fee,190,30.17
AMM_fee,192,31.98
AMM_fee,193,30.53
AMM_fee,194,28.47
AMM_fee,195,28.4
AMM_fee,196,27.85
AMM_fee,197,29.83
AMM_fee,203,27.27
AMM_fee,200,33.06
AMM_fee,201,28.99
AMM_fee,198,29.31
AMM_fee,199,26.75
AMM_fee,202,29.98
AMM_fee,205,29.34
AMM_fee,204,28.54
AMM_fee,206,28.27
AMM_fee,207,29.61
AMM_fee,208,29.4
AMM_fee,209,30.68
AMM_fee,211,27.13
AMM_fee,210,30.76
AMM_fee,212,29.43
AMM_fee,213,28.58
AMM_fee,215,30.81
AMM_fee,214,30.44
AMM_fee,216,32.59
AMM_fee,217,28.27
AMM_fee,223,34.5
AMM_fee,218,29.4
AMM_fee,219,29.92
AMM_fee,220,29.37
AMM_fee,221,28.61
AMM_fee,222,32.48
AMM_fee,224,29.92
AMM_fee,226,29.75
AMM_fee,225,28.67
AMM_fee,227,31.08
AMM_fee,228,29.52
AMM_fee,229,28.78
AMM_fee,231,31.23
AMM_fee,230,29.73
AMM_fee,233,29.36
AMM_fee,232,29.45
AMM_fee,235,30.28
AMM_fee,234,28.43
AMM_fee,236,27.93
AMM_fee,237,32.33
AMM_fee,238,29.57
AMM_fee,243,31.79
AMM_fee,239,29.39
AMM_fee,240,27.85
AMM_fee,241,27.3
AMM_fee,242,29.16
AMM_fee,247,28.75
AMM_fee,244,31.26
AMM_fee,246,28.24
AMM_fee,245,29.89
AMM_fee,249,30.53
AMM_fee,248,29.83
AMM_fee,252,30.69
AMM_fee,250,30.97
AMM_fee,251,32.07
AMM_fee,253,32.84
AMM_fee,254,30.79
AMM_fee,255,29.59
AMM_fee,256,27.14
AMM_fee,257,29.57
AMM_fee,258,27.73
AMM_fee,260,30.55
AMM_fee,259,31.69
AMM_fee,263,31.06
AMM_fee,261,27.27
AMM_fee,262,29.25
AMM_fee,264,29.58
AMM_fee,265,29.22
AMM_fee,266,33.42
AMM_fee,267,30.69
AMM_fee,268,31.99
AMM_fee,269,27.92
AMM_fee,274,29.69
AMM_fee,271,30.13
AMM_fee,270,31.88
AMM_fee,273,29.37
AMM_fee,272,29.52
AMM_fee,275,30.08
AMM_fee,276,30.17
AMM_fee,277,28.5
AMM_fee,278,29.0
AMM_fee,279,28.73
AMM_fee,281,32.25
AMM_fee,283,29.02
AMM_fee,280,29.76
AMM_fee,282,30.66
AMM_fee,284,31.87
AMM_fee,285,29.35
AMM_fee,286,29.49
AMM_fee,287,26.89
AMM_fee,288,30.64
AMM_fee,289,32.08
AMM_fee,290,30.06
AMM_fee,294,29.52
AMM_fee,291,26.88
AMM_fee,292,30.54
AMM_fee,296,29.01
AMM_fee,295,30.2
AMM_fee,293,30.05
AMM_fee,297,30.12
AMM_fee,298,29.71
AMM_fee,301,30.26
AMM_fee,304,28.92
AMM_fee,300,29.05
AMM_fee,302,30.3
AMM_fee,299,30.03
AMM_fee,303,27.42
AMM_fee,305,29.64
AMM_fee,306,28.16
AMM_fee,309,30.36
AMM_fee,307,29.35
AMM_fee,308,28.68
AMM_fee,313,29.1
AMM_fee,310,29.86
AMM_fee,312,27.41
AMM_fee,314,26.94
AMM_fee,315,30.38
AMM_fee,311,32.1
AMM_fee,316,27.97
AMM_fee,317,30.53
AMM_fee,318,29.95
AMM_fee,319,28.86
AMM_fee,320,28.24
AMM_fee,323,29.11
AMM_fee,321,31.2
AMM_fee,322,29.27
AMM_fee,324,29.19
AMM_fee,327,28.84
AMM_fee,325,28.55
AMM_fee,326,30.88
AMM_fee,328,29.92
AMM_fee,329,29.95
AMM_fee,330,29.92
AMM_fee,331,31.07
AMM_fee,334,30.6
AMM_fee,332,27.64
AMM_fee,333,26.62
AMM_fee,335,29.99
AMM_fee,336,30.41
AMM_fee,337,27.62
AMM_fee,338,27.94
AMM_fee,339,32.0
AMM_fee,341,30.1
AMM_fee,345,30.48
AMM_fee,340,31.35
AMM_fee,342,29.95
AMM_fee,343,30.66
AMM_fee,344,26.87
AMM_fee,347,29.91
AMM_fee,346,30.24
AMM_fee,348,30.87
AMM_fee,349,32.23
AMM_fee,354,28.34
AMM_fee,350,28.83
AMM_fee,351,29.48
AMM_fee,353,30.23
AMM_fee,352,28.08
AMM_fee,355,30.13
AMM_fee,356,30.17
AMM_fee,357,29.19
AMM_fee,358,28.92
AMM_fee,359,28.71
AMM_fee,363,30.06
AMM_fee,360,28.76
AMM_fee,361,30.05
AMM_fee,362,29.17
AMM_fee,365,27.83
AMM_fee,364,29.34
AMM_fee,366,29.2
AMM_fee,367,30.74
AMM_fee,369,30.34
AMM_fee,368,31.03
AMM_fee,370,28.67
AMM_fee,373,32.43
AMM_fee,371,30.93
AMM_fee,372,29.27
AMM_fee,374,31.66
AMM_fee,375,28.18
AMM_fee,376,30.04
AMM_fee,378,28.63
AMM_fee,377,30.84
AMM_fee,384,30.51
AMM_fee,381,28.16
AMM_fee,379,30.89
AMM_fee,380,32.89
AMM_fee,383,28.77
AMM_fee,382,28.51
AMM_fee,385,32.58
AMM_fee,386,31.32
AMM_fee,387,32.18
AMM_fee,388,29.35
AMM_fee,389,29.89
AMM_fee,392,29.76
AMM_fee,390,28.81
AMM_fee,394,29.13
AMM_fee,391,28.4
AMM_fee,393,28.82
AMM_fee,395,32.71
AMM_fee,397,27.62
AMM_fee,396,29.19
AMM_fee,398,28.76
AMM_fee,399,29.28
AMM_fee,403,33.01
AMM_fee,400,29.9
AMM_fee,401,30.8
AMM_fee,402,29.77
AMM_fee,404,31.91
AMM_fee,405,28.0
AMM_fee,407,30.11
AMM_fee,406,33.31
AMM_fee,408,25.9
AMM_fee,410,32.11
AMM_fee,409,29.15
AMM_fee,413,28.95
AMM_fee,411,28.35
AMM_fee,412,29.87
AMM_fee,414,30.49
AMM_fee,415,31.83
AMM_fee,416,31.51
AMM_fee,417,29.2
AMM_fee,418,29.39
AMM_fee,419,29.53
AMM_fee,424,29.77
AMM_fee,420,30.08
AMM_fee,421,27.97
AMM_fee,422,29.83
AMM_fee,423,29.93
AMM_fee,425,30.05
AMM_fee,426,30.68
AMM_fee,427,29.53
AMM_fee,428,29.06
AMM_fee,433,30.07
AMM_fee,429,32.04
AMM_fee,431,28.7
AMM_fee,430,29.25
AMM_fee,432,29.83
AMM_fee,434,28.82
AMM_fee,435,27.58
AMM_fee,436,29.23
AMM_fee,438,25.93
AMM_fee,437,28.89
AMM_fee,439,30.41
AMM_fee,442,28.63
AMM_fee,440,29.05
AMM_fee,441,31.41
AMM_fee,443,30.15
AMM_fee,444,29.62
AMM_fee,446,31.52
AMM_fee,445,29.97
AMM_fee,447,32.18
AMM_fee,448,30.32
AMM_fee,449,29.68
AMM_fee,450,30.38
AMM_fee,451,30.16
AMM_fee,453,29.54
AMM_fee,452,29.52
AMM_fee,454,33.22
AMM_fee,455,29.78
AMM_fee,456,30.0
AMM_fee,459,29.35
AMM_fee,458,29.49
AMM_fee,457,31.05
AMM_fee,465,29.38
AMM_fee,460,30.27
AMM_fee,461,27.92
AMM_fee,462,30.02
AMM_fee,463,30.85
AMM_fee,464,31.56
AMM_fee,466,28.97
AMM_fee,467,29.14
AMM_fee,468,30.58
AMM_fee,469,30.37
AMM_fee,473,29.54
AMM_fee,470,30.99
AMM_fee,472,29.09
AMM_fee,471,26.45
AMM_fee,475,29.17
AMM_fee,474,28.47
AMM_fee,477,28.71
AMM_fee,476,27.07
AMM_fee,478,29.78
AMM_fee,479,29.3
AMM_fee,483,29.61
AMM_fee,480,30.08
AMM_fee,481,30.29
AMM_fee,482,29.05
AMM_fee,484,26.83
AMM_fee,485,29.99
AMM_fee,486,31.13
AMM_fee,488,31.29
AMM_fee,490,28.42
AMM_fee,487,26.88
AMM_fee,489,29.25
AMM_fee,491,29.42
AMM_fee,492,28.98
AMM_fee,493,27.56
AMM_fee,494,28.35
AMM_fee,495,28.89
AMM_fee,496,30.02
AMM_fee,497,31.35
AMM_fee,499,32.05
AMM_fee,498,28.75
AMM_fee,503,29.55
AMM_fee,501,27.85
AMM_fee,506,29.56
AMM_fee,502,31.92
AMM_fee,500,29.0
AMM_fee,505,33.37
AMM_fee,504,28.1
AMM_fee,507,28.63
AMM_fee,508,31.0
AMM_fee,509,29.08
AMM_fee,510,29.28
AMM_fee,515,29.97
AMM_fee,511,29.86
AMM_fee,512,29.23
AMM_fee,513,30.26
AMM_fee,516,29.26
AMM_fee,514,28.68
AMM_fee,517,28.58
AMM_fee,518,29.78
AMM_fee,519,29.7
AMM_fee,520,27.58
AMM_fee,524,28.92
AMM_fee,521,30.4
AMM_fee,522,28.93
AMM_fee,523,28.36
AMM_fee,526,29.75
AMM_fee,525,29.52
AMM_fee,527,28.37
AMM_fee,528,32.84
AMM_fee,529,28.07
AMM_fee,530,30.11
AMM_fee,532,27.64
AMM_fee,531,28.49
AMM_fee,534,27.55
AMM_fee,533,30.11
AMM_fee,535,27.34
AMM_fee,536,28.68
AMM_fee,537,27.74
AMM_fee,538,26.18
AMM_fee,539,26.55
AMM_fee,543,31.8
AMM_fee,541,30.97
AMM_fee,542,29.86
AMM_fee,540,31.17
AMM_fee,546,29.77
AMM_fee,544,29.01
AMM_fee,545,30.76
AMM_fee,547,28.51
AMM_fee,548,32.56
AMM_fee,549,29.58
AMM_fee,550,29.84
AMM_fee,557,31.0
AMM_fee,551,29.97
AMM_fee,552,28.72
AMM_fee,553,26.75
AMM_fee,554,28.98
AMM_fee,556,29.52
AMM_fee,555,29.67
AMM_fee,559,29.7
AMM_fee,558,29.0
AMM_fee,560,29.62
AMM_fee,561,32.2
AMM_fee,564,30.35
AMM_fee,563,28.72
AMM_fee,562,26.87
AMM_fee,566,31.09
AMM_fee,567,29.03
AMM_fee,569,26.09
AMM_fee,565,29.48
AMM_fee,570,28.56
AMM_fee,568,30.59
AMM_fee,572,31.04
AMM_fee,571,28.24
AMM_fee,573,26.65
AMM_fee,575,30.84
AMM_fee,574,29.97
AMM_fee,576,30.31
AMM_fee,577,32.11
AMM_fee,578,27.71
AMM_fee,579,29.8
AMM_fee,580,28.54
AMM_fee,583,28.8
AMM_fee,582,28.59
AMM_fee,581,30.07
AMM_fee,587,30.83
AMM_fee,585,30.82
AMM_fee,584,29.65
AMM_fee,586,29.73
AMM_fee,588,28.1
AMM_fee,589,29.42
AMM_fee,590,30.18
AMM_fee,597,30.93
AMM_fee,591,29.68
AMM_fee,592,28.45
AMM_fee,593,27.85
AMM_fee,596,28.49
AMM_fee,594,29.31
AMM_fee,595,30.84
AMM_fee,598,27.51
AMM_fee,599,30.17
AMM_fee,600,32.56
AMM_fee,601,30.9
AMM_fee,604,31.16
AMM_fee,602,31.14
AMM_fee,603,31.88
AMM_fee,605,30.04
AMM_fee,606,28.68
AMM_fee,607,29.25
AMM_fee,608,30.5
AMM_fee,609,30.49
AMM_fee,610,30.68
AMM_fee,613,28.64
AMM_fee,611,29.74
AMM_fee,612,31.59
AMM_fee,615,29.08
AMM_fee,614,27.54
AMM_fee,616,31.74
AMM_fee,617,28.55
AMM_fee,620,30.56
AMM_fee,619,30.32
AMM_fee,618,30.72
AMM_fee,621,30.56
AMM_fee,623,29.98
AMM_fee,622,28.75
AMM_fee,627,28.67
AMM_fee,626,30.17
AMM_fee,625,29.04
AMM_fee,624,27.57
AMM_fee,628,27.83
AMM_fee,629,29.57
AMM_fee,630,30.46
AMM_fee,632,28.07
AMM_fee,637,30.85
AMM_fee,631,29.92
AMM_fee,633,30.62
AMM_fee,634,26.13
AMM_fee,635,28.35
AMM_fee,636,27.96
AMM_fee,640,29.4
AMM_fee,639,27.63
AMM_fee,638,28.83
AMM_fee,641,28.77
AMM_fee,642,29.59
AMM_fee,645,28.96
AMM_fee,643,28.04
AMM_fee,644,31.01
AMM_fee,646,28.23
AMM_fee,647,33.26
AMM_fee,648,31.17
AMM_fee,649,28.5
AMM_fee,650,30.35
AMM_fee,651,26.82
AMM_fee,652,30.91
AMM_fee,653,32.17
AMM_fee,656,29.71
AMM_fee,654,30.22
AMM_fee,655,28.68
AMM_fee,657,30.25
AMM_fee,658,29.4
AMM_fee,659,30.88
AMM_fee,660,30.76
AMM_fee,661,32.04
AMM_fee,662,30.38
AMM_fee,667,27.43
AMM_fee,663,30.7
AMM_fee,664,29.12
AMM_fee,665,30.57
AMM_fee,666,31.2
AMM_fee,668,29.05
AMM_fee,669,27.99
AMM_fee,670,31.55
AMM_fee,671,27.2
AMM_fee,672,32.21
AMM_fee,676,31.94
AMM_fee,673,31.59
AMM_fee,675,30.98
AMM_fee,674,30.17
AMM_fee,677,29.44
AMM_fee,678,30.18
AMM_fee,679,28.59
AMM_fee,680,28.77
AMM_fee,681,31.79
AMM_fee,682,30.63
AMM_fee,686,27.34
AMM_fee,683,27.99
AMM_fee,684,31.34
AMM_fee,685,29.93
AMM_fee,687,27.92
AMM_fee,689,28.49
AMM_fee,688,28.73
AMM_fee,690,28.6
AMM_fee,691,29.81
AMM_fee,692,28.1
AMM_fee,693,31.02
AMM_fee,694,27.58
AMM_fee,696,30.4
AMM_fee,695,29.22
AMM_fee,697,31.57
AMM_fee,698,28.59
AMM_fee,699,26.42
AMM_fee,701,30.02
AMM_fee,700,30.22
AMM_fee,702,31.3
AMM_fee,703,29.93
AMM_fee,708,30.14
AMM_fee,705,30.21
AMM_fee,704,32.96
AMM_fee,706,30.73
AMM_fee,707,30.16
AMM_fee,709,28.69
AMM_fee,710,30.02
AMM_fee,712,28.94
AMM_fee,711,31.52
AMM_fee,714,28.52
AMM_fee,713,31.81
AMM_fee,717,26.81
AMM_fee,715,29.76
AMM_fee,716,28.07
AMM_fee,718,31.34
AMM_fee,719,29.68
AMM_fee,720,31.84
AMM_fee,721,28.42
AMM_fee,722,29.55
AMM_fee,723,29.8
AMM_fee,728,30.5
AMM_fee,725,27.89
AMM_fee,724,30.61
AMM_fee,727,28.08
AMM_fee,726,31.26
AMM_fee,730,27.44
AMM_fee,729,30.56
AMM_fee,731,29.78
AMM_fee,733,32.13
AMM_fee,732,29.34
AMM_fee,734,29.86
AMM_fee,735,27.88
AMM_fee,737,27.39
AMM_fee,736,30.06
AMM_fee,738,29.53
AMM_fee,739,29.89
AMM_fee,741,29.9
AMM_fee,740,26.75
AMM_fee,742,29.91
AMM_fee,743,30.24
AMM_fee,744,28.69
AMM_fee,749,28.48
AMM_fee,745,30.53
AMM_fee,746,28.65
AMM_fee,747,30.22
AMM_fee,748,28.81
AMM_fee,750,29.27
AMM_fee,751,30.68
AMM_fee,752,29.37
AMM_fee,753,27.26
AMM_fee,754,31.18
AMM_fee,758,27.49
AMM_fee,755,29.37
AMM_fee,756,31.27
AMM_fee,757,26.85
AMM_fee,759,28.69
AMM_fee,760,29.88
AMM_fee,762,28.44
AMM_fee,761,28.76
AMM_fee,763,29.8
AMM_fee,765,29.85
AMM_fee,768,27.05
AMM_fee,764,28.83
AMM_fee,767,30.51
AMM_fee,766,27.86
AMM_fee,769,29.52
AMM_fee,770,29.08
AMM_fee,771,28.46
AMM_fee,772,28.03
AMM_fee,773,29.64
AMM_fee,774,31.6
AMM_fee,775,31.66
AMM_fee,778,30.86
AMM_fee,776,32.69
AMM_fee,777,26.55
AMM_fee,779,31.52
AMM_fee,781,30.69
AMM_fee,780,26.53
AMM_fee,782,29.8
AMM_fee,783,28.47
AMM_fee,784,28.47
AMM_fee,785,33.35
AMM_fee,786,26.86
AMM_fee,789,28.72
AMM_fee,787,29.14
AMM_fee,788,31.9
AMM_fee,790,30.37
AMM_fee,791,32.29
AMM_fee,792,26.47
AMM_fee,793,26.81
AMM_fee,794,29.6
AMM_fee,795,28.95
AMM_fee,800,30.76
AMM_fee,796,29.67
AMM_fee,797,30.89
AMM_fee,798,27.2
AMM_fee,799,29.61
AMM_fee,801,29.81
AMM_fee,802,29.75
AMM_fee,803,30.8
AMM_fee,805,33.23
AMM_fee,809,28.99
AMM_fee,804,27.71
AMM_fee,807,29.75
AMM_fee,806,27.39
AMM_fee,808,31.61
AMM_fee,810,30.74
AMM_fee,812,30.11
AMM_fee,811,30.1
AMM_fee,813,29.26
AMM_fee,814,29.82
AMM_fee,815,29.92
AMM_fee,818,29.44
AMM_fee,816,29.05
AMM_fee,817,29.59
AMM_fee,819,29.85
AMM_fee,821,30.39
AMM_fee,820,29.29
AMM_fee,822,30.7
AMM_fee,823,29.29
AMM_fee,824,29.52
AMM_fee,825,31.26
AMM_fee,826,30.04
AMM_fee,827,30.75
AMM_fee,829,28.09
AMM_fee,828,30.69
AMM_fee,830,29.26
AMM_fee,831,27.63
AMM_fee,832,32.53
AMM_fee,833,27.43
AMM_fee,834,30.33
AMM_fee,835,30.32
AMM_fee,841,31.03
AMM_fee,836,30.17
AMM_fee,837,29.43
AMM_fee,838,28.56
AMM_fee,839,29.73
AMM_fee,840,28.13
AMM_fee,842,30.09
AMM_fee,844,29.58
AMM_fee,843,28.95
AMM_fee,845,28.81
AMM_fee,847,29.25
AMM_fee,848,30.79
AMM_fee,849,28.74
AMM_fee,846,33.22
AMM_fee,852,30.33
AMM_fee,850,29.05
AMM_fee,851,29.62
AMM_fee,853,28.22
AMM_fee,854,29.2
AMM_fee,855,32.53
AMM_fee,856,27.91
AMM_fee,861,32.49
AMM_fee,857,31.51
AMM_fee,858,33.1
AMM_fee,860,29.6
AMM_fee,862,32.52
AMM_fee,859,30.2
AMM_fee,864,26.46
AMM_fee,865,30.36
AMM_fee,863,29.1
AMM_fee,866,30.06
AMM_fee,867,30.91
AMM_fee,870,30.39
AMM_fee,868,29.91
AMM_fee,871,32.26
AMM_fee,869,28.48
AMM_fee,872,29.13
AMM_fee,873,29.82
AMM_fee,874,28.1
AMM_fee,875,28.54
AMM_fee,876,32.17
AMM_fee,877,30.48
AMM_fee,878,29.25
AMM_fee,881,30.54
AMM_fee,879,28.5
AMM_fee,880,28.23
AMM_fee,882,27.69
AMM_fee,884,30.14
AMM_fee,883,27.31
AMM_fee,885,28.37
AMM_fee,886,30.81
AMM_fee,887,27.91
AMM_fee,892,28.23
AMM_fee,888,28.7
AMM_fee,889,27.54
AMM_fee,890,27.79
AMM_fee,891,29.11
AMM_fee,893,29.15
AMM_fee,894,27.71
AMM_fee,895,31.13
AMM_fee,897,32.22
AMM_fee,896,31.63
AMM_fee,898,26.79
AMM_fee,901,28.15
AMM_fee,899,30.41
AMM_fee,900,31.54
AMM_fee,902,30.79
AMM_fee,904,28.29
AMM_fee,903,28.59
AMM_fee,905,31.23
AMM_fee,906,26.86
AMM_fee,907,30.37
AMM_fee,908,28.1
AMM_fee,912,31.61
AMM_fee,909,27.22
AMM_fee,910,27.54
AMM_fee,911,31.18
AMM_fee,913,31.53
AMM_fee,914,29.66
AMM_fee,915,28.23
AMM_fee,916,30.94
AMM_fee,917,28.43
AMM_fee,919,31.5
AMM_fee,918,30.65
AMM_fee,922,29.75
AMM_fee,920,30.02
AMM_fee,921,31.13
AMM_fee,924,29.67
AMM_fee,923,29.87
AMM_fee,925,27.17
AMM_fee,926,30.81
AMM_fee,927,31.73
AMM_fee,933,27.55
AMM_fee,928,28.27
AMM_fee,929,29.23
AMM_fee,930,28.77
AMM_fee,931,30.62
AMM_fee,932,29.69
AMM_fee,934,27.69
AMM_fee,935,28.58
AMM_fee,936,30.85
AMM_fee,937,33.28
AMM_fee,939,29.36
AMM_fee,941,28.87
AMM_fee,938,27.39
AMM_fee,940,29.24
AMM_fee,942,28.55
AMM_fee,944,31.03
AMM_fee,943,29.62
AMM_fee,945,31.31
AMM_fee,946,26.78
AMM_fee,947,29.28
AMM_fee,952,32.25
AMM_fee,948,29.74
AMM_fee,949,28.44
AMM_fee,950,26.38
AMM_fee,951,30.82
AMM_fee,953,30.95
AMM_fee,954,26.98
AMM_fee,955,31.52
AMM_fee,957,30.84
AMM_fee,956,30.6
AMM_fee,958,29.63
AMM_fee,959,29.03
AMM_fee,961,28.96
AMM_fee,960,31.36
AMM_fee,962,28.3
AMM_fee,963,28.26
AMM_fee,964,28.61
AMM_fee,965,28.71
AMM_fee,966,29.71
AMM_fee,967,29.64
AMM_fee,968,27.07
AMM_fee,973,31.08
AMM_fee,970,25.52
AMM_fee,969,28.24
AMM_fee,971,28.72
AMM_fee,972,30.03
AMM_fee,974,31.0
AMM_fee,975,30.06
AMM_fee,978,29.45
AMM_fee,976,30.25
AMM_fee,977,30.73
AMM_fee,979,27.68
AMM_fee,982,30.3
AMM_fee,980,31.04
AMM_fee,981,30.33
AMM_fee,983,30.17
AMM_fee,984,32.63
AMM_fee,985,29.35
AMM_fee,986,28.79
AMM_fee,987,28.92
AMM_fee,993,31.72
AMM_fee,990,29.31
AMM_fee,989,29.47
AMM_fee,988,30.67
AMM_fee,992,31.79
AMM_fee,991,30.02
AMM_fee,994,30.34
AMM_fee,995,29.35
AMM_fee,996,28.5
AMM_fee,997,29.14
AMM_fee,999,28.57
AMM_fee,998,27.96
OB_fee,3,33.67
OB_fee,1,33.59
OB_fee,0,33.24
OB_fee,2,33.82
OB_fee,4,32.61
OB_fee,6,33.09
OB_fee,5,33.11
OB_fee,7,33.17
OB_fee,8,33.56
OB_fee,11,33.35
OB_fee,9,33.22
OB_fee,10,33.56
OB_fee,13,33.41
OB_fee,15,33.74
OB_fee,12,32.84
OB_fee,14,33.02
OB_fee,16,33.54
OB_fee,18,32.99
OB_fee,17,33.43
OB_fee,19,32.95
OB_fee,22,32.89
OB_fee,20,32.96
OB_fee,21,33.34
OB_fee,23,33.45
OB_fee,24,33.29
OB_fee,25,33.15
OB_fee,27,33.15
OB_fee,26,32.88
OB_fee,28,33.13
OB_fee,29,32.73
OB_fee,33,33.08
OB_fee,30,33.01
OB_fee,32,33.18
OB_fee,31,33.02
OB_fee,34,33.21
OB_fee,35,33.08
OB_fee,36,33.47
OB_fee,37,33.03
OB_fee,38,33.64
OB_fee,42,33.22
OB_fee,39,32.82
OB_fee,43,33.48
OB_fee,41,33.6
OB_fee,40,32.81
OB_fee,44,33.58
OB_fee,45,33.1
OB_fee,46,33.29
OB_fee,47,33.04
OB_fee,48,32.59
OB_fee,54,33.52
OB_fee,49,33.32
OB_fee,50,33.02
OB_fee,51,32.91
OB_fee,56,32.91
OB_fee,53,33.41
OB_fee,55,33.47
OB_fee,52,33.24
OB_fee,57,33.35
OB_fee,58,33.16
OB_fee,59,33.36
OB_fee,62,33.2
OB_fee,60,33.47
OB_fee,63,33.02
OB_fee,61,33.27
OB_fee,64,33.53
OB_fee,66,32.93
OB_fee,65,33.36
OB_fee,68,33.41
OB_fee,69,32.91
OB_fee,67,33.35
OB_fee,70,32.73
OB_fee,71,32.67
OB_fee,73,33.42
OB_fee,72,33.22
OB_fee,74,32.53
OB_fee,75,32.36
OB_fee,76,33.38
OB_fee,77,32.95
OB_fee,78,33.1
OB_fee,79,32.86
OB_fee,81,33.24
OB_fee,80,33.05
OB_fee,85,32.83
OB_fee,83,33.03
OB_fee,82,33.38
OB_fee,84,33.51
OB_fee,86,33.01
OB_fee,87,33.17
OB_fee,88,32.81
OB_fee,89,33.25
OB_fee,95,33.01
OB_fee,91,33.19
OB_fee,90,32.54
OB_fee,92,33.24
OB_fee,94,32.81
OB_fee,93,33.21
OB_fee,96,33.11
OB_fee,97,32.75
OB_fee,98,32.87
OB_fee,99,33.14
OB_fee,103,33.15
OB_fee,100,32.85
OB_fee,102,33.18
OB_fee,101,32.94
OB_fee,104,33.52
OB_fee,105,33.35
OB_fee,108,33.25
OB_fee,106,33.44
OB_fee,107,33.42
OB_fee,109,32.92
OB_fee,110,32.84
OB_fee,111,33.19
OB_fee,113,33.33
OB_fee,112,33.39
OB_fee,114,33.13
OB_fee,116,32.92
OB_fee,115,33.21
OB_fee,118,33.17
OB_fee,117,33.13
OB_fee,120,33.01
OB_fee,119,33.15
OB_fee,122,33.39
OB_fee,121,32.84
OB_fee,125,32.9
OB_fee,123,33.4
OB_fee,124,33.09
OB_fee,126,33.05
OB_fee,127,33.32
OB_fee,128,32.8
OB_fee,129,32.95
OB_fee,131,33.19
OB_fee,136,33.13
OB_fee,130,33.33
OB_fee,132,33.51
OB_fee,133,33.56
OB_fee,135,33.17
OB_fee,134,32.75
OB_fee,137,33.57
OB_fee,138,33.28
OB_fee,139,33.35
OB_fee,140,32.91
OB_fee,141,33.21
OB_fee,144,32.92
OB_fee,142,33.37
OB_fee,143,32.74
OB_fee,146,33.05
OB_fee,145,33.4
OB_fee,147,33.52
OB_fee,148,32.93
OB_fee,150,33.78
OB_fee,149,33.37
OB_fee,151,33.46
OB_fee,152,33.2
OB_fee,155,33.39
OB_fee,153,32.62
OB_fee,154,32.84
OB_fee,157,32.89
OB_fee,156,33.21
OB_fee,159,33.16
OB_fee,160,33.45
OB_fee,158,33.2
OB_fee,166,32.44
OB_fee,163,32.82
OB_fee,162,33.1
OB_fee,161,33.08
OB_fee,165,33.16
OB_fee,164,33.54
OB_fee,167,33.1
OB_fee,168,33.47
OB_fee,174,33.4
OB_fee,169,32.84
OB_fee,170,33.36
OB_fee,171,33.34
OB_fee,172,33.81
OB_fee,173,33.62
OB_fee,176,32.94
OB_fee,175,33.36
OB_fee,177,33.06
OB_fee,178,33.4
OB_fee,180,33.47
OB_fee,179,33.28
OB_fee,182,33.75
OB_fee,181,33.4
OB_fee,183,33.05
OB_fee,184,32.78
OB_fee,185,32.97
OB_fee,186,33.17
OB_fee,187,33.43
OB_fee,189,33.01
OB_fee,188,32.91
OB_fee,194,32.59
OB_fee,190,33.28
OB_fee,191,33.19
OB_fee,192,33.68
OB_fee,193,33.99
OB_fee,195,33.44
OB_fee,196,32.66
OB_fee,197,32.72
OB_fee,198,33.51
OB_fee,203,32.67
OB_fee,199,32.47
OB_fee,200,33.32
OB_fee,201,33.11
OB_fee,202,32.92
OB_fee,204,33.71
OB_fee,206,33.4
OB_fee,207,33.1
OB_fee,205,33.03
OB_fee,208,33.4
OB_fee,209,33.68
OB_fee,212,32.68
OB_fee,210,33.73
OB_fee,213,33.34
OB_fee,211,32.73
OB_fee,214,33.63
OB_fee,215,33.31
OB_fee,218,33.13
OB_fee,216,33.0
OB_fee,217,32.79
OB_fee,220,33.21
OB_fee,219,32.9
OB_fee,223,33.2
OB_fee,221,33.21
OB_fee,222,33.26
OB_fee,224,33.26
OB_fee,225,33.37
OB_fee,226,32.97
OB_fee,227,33.35
OB_fee,228,33.3
OB_fee,234,33.48
OB_fee,230,33.12
OB_fee,229,33.03
OB_fee,231,33.24
OB_fee,233,33.19
OB_fee,232,32.94
OB_fee,235,33.27
OB_fee,236,33.08
OB_fee,237,33.58
OB_fee,242,33.32
OB_fee,238,33.28
OB_fee,239,32.95
OB_fee,240,33.01
OB_fee,241,33.13
OB_fee,243,33.55
OB_fee,246,32.91
OB_fee,245,33.7
OB_fee,244,34.06
OB_fee,247,33.1
OB_fee,248,33.52
OB_fee,249,33.17
OB_fee,251,32.91
OB_fee,250,33.05
OB_fee,252,33.39
OB_fee,254,33.3
OB_fee,253,33.32
OB_fee,255,33.02
OB_fee,256,33.21
OB_fee,257,33.29
OB_fee,259,32.94
OB_fee,258,32.8
OB_fee,263,33.74
OB_fee,260,33.11
OB_fee,261,33.01
OB_fee,262,33.28
OB_fee,264,32.87
OB_fee,265,33.06
OB_fee,266,33.56
OB_fee,268,33.45
OB_fee,273,32.91
OB_fee,267,33.34
OB_fee,269,32.88
OB_fee,271,33.23
OB_fee,270,33.72
OB_fee,272,33.02
OB_fee,274,33.11
OB_fee,275,33.26
OB_fee,276,33.43
OB_fee,281,33.45
OB_fee,277,33.04
OB_fee,278,33.19
OB_fee,280,33.47
OB_fee,279,32.98
OB_fee,282,33.26
OB_fee,283,33.2
OB_fee,284,32.98
OB_fee,285,33.14
OB_fee,286,33.49
OB_fee,287,32.45
OB_fee,288,32.96
OB_fee,290,33.38
OB_fee,289,33.65
OB_fee,291,33.12
OB_fee,292,33.53
OB_fee,295,33.33
OB_fee,293,33.41
OB_fee,296,33.36
OB_fee,294,33.18
OB_fee,298,32.84
OB_fee,297,33.37
OB_fee,302,33.15
OB_fee,299,33.46
OB_fee,300,32.96
OB_fee,301,33.39
OB_fee,303,32.91
OB_fee,304,33.51
OB_fee,305,33.06
OB_fee,306,33.34
OB_fee,312,33.91
OB_fee,307,33.05
OB_fee,308,33.35
OB_fee,311,33.47
OB_fee,309,32.75
OB_fee,310,33.23
OB_fee,313,33.29
OB_fee,314,32.95
OB_fee,315,33.05
OB_fee,316,33.29
OB_fee,317,33.24
OB_fee,320,32.89
OB_fee,319,33.5
OB_fee,321,32.91
OB_fee,318,33.14
OB_fee,322,33.07
OB_fee,323,32.73
OB_fee,325,33.22
OB_fee,324,33.11
OB_fee,326,33.34
OB_fee,327,33.57
OB_fee,328,33.5
OB_fee,331,33.57
OB_fee,329,33.36
OB_fee,330,33.61
OB_fee,332,33.31
OB_fee,334,32.85
OB_fee,333,32.83
OB_fee,335,33.44
OB_fee,337,32.82
OB_fee,336,32.9
OB_fee,339,33.47
OB_fee,340,33.24
OB_fee,342,33.4
OB_fee,338,33.08
OB_fee,341,33.38
OB_fee,343,33.5
OB_fee,346,33.39
OB_fee,344,32.97
OB_fee,347,33.21
OB_fee,345,33.41
OB_fee,348,33.1
OB_fee,350,33.26
OB_fee,353,33.57
OB_fee,349,33.23
OB_fee,351,32.68
OB_fee,352,33.24
OB_fee,354,33.37
OB_fee,355,33.16
OB_fee,356,33.51
OB_fee,363,33.45
OB_fee,357,33.14
OB_fee,360,32.81
OB_fee,359,32.83
OB_fee,358,33.34
OB_fee,361,32.92
OB_fee,364,33.2
OB_fee,362,33.23
OB_fee,365,33.27
OB_fee,366,33.03
OB_fee,367,33.49
OB_fee,368,32.97
OB_fee,370,33.71
OB_fee,369,33.2
OB_fee,371,33.02
OB_fee,372,32.76
OB_fee,373,33.74
OB_fee,374,33.03
OB_fee,376,33.47
OB_fee,377,33.77
OB_fee,375,33.16
OB_fee,378,33.36
OB_fee,379,33.2
OB_fee,382,32.77
OB_fee,380,33.25
OB_fee,381,33.02
OB_fee,383,33.07
OB_fee,384,33.31
OB_fee,386,33.21
OB_fee,385,33.42
OB_fee,387,33.64
OB_fee,388,33.37
OB_fee,389,33.29
OB_fee,391,33.38
OB_fee,390,33.25
OB_fee,393,32.95
OB_fee,392,32.8
OB_fee,394,33.41
OB_fee,395,33.23
OB_fee,396,33.05
OB_fee,397,33.24
OB_fee,399,33.09
OB_fee,398,33.64
OB_fee,405,33.1
OB_fee,401,33.29
OB_fee,400,33.09
OB_fee,402,33.13
OB_fee,403,33.56
OB_fee,404,33.26
OB_fee,406,33.56
OB_fee,408,33.03
OB_fee,407,33.03
OB_fee,409,33.76
OB_fee,413,32.92
OB_fee,410,33.3
OB_fee,412,33.2
OB_fee,411,32.87
OB_fee,415,33.46
OB_fee,416,33.91
OB_fee,414,33.67
OB_fee,417,33.28
OB_fee,418,33.08
OB_fee,419,33.39
OB_fee,420,33.16
OB_fee,421,33.15
OB_fee,423,33.34
OB_fee,422,32.95
OB_fee,424,33.09
OB_fee,425,33.31
OB_fee,426,33.15
OB_fee,428,33.05
OB_fee,427,32.91
OB_fee,430,33.08
OB_fee,429,32.94
OB_fee,431,33.11
OB_fee,432,33.79
OB_fee,435,33.31
OB_fee,433,33.59
OB_fee,434,32.97
OB_fee,437,33.49
OB_fee,436,33.34
OB_fee,439,33.05
OB_fee,438,32.69
OB_fee,441,33.05
OB_fee,440,33.23
OB_fee,444,33.0
OB_fee,442,33.33
OB_fee,446,33.61
OB_fee,443,33.46
OB_fee,445,33.24
OB_fee,447,33.16
OB_fee,448,33.17
OB_fee,449,33.28
OB_fee,450,33.49
OB_fee,451,33.22
OB_fee,457,33.45
OB_fee,452,32.93
OB_fee,453,33.49
OB_fee,456,32.53
OB_fee,454,33.67
OB_fee,455,33.16
OB_fee,458,33.02
OB_fee,459,33.78
OB_fee,460,33.3
OB_fee,461,32.96
OB_fee,465,32.93
OB_fee,464,33.46
OB_fee,462,33.49
OB_fee,463,33.28
OB_fee,466,33.35
OB_fee,467,33.41
OB_fee,469,33.25
OB_fee,468,33.04
OB_fee,470,33.77
OB_fee,471,32.69
OB_fee,472,33.6
OB_fee,473,33.32
OB_fee,474,33.22
OB_fee,475,33.41
OB_fee,477,32.99
OB_fee,478,33.51
OB_fee,476,32.84
OB_fee,479,32.87
OB_fee,482,33.12
OB_fee,480,33.14
OB_fee,481,33.08
OB_fee,483,33.51
OB_fee,484,33.21
OB_fee,485,33.2
OB_fee,486,33.57
OB_fee,487,32.78
OB_fee,488,33.54
OB_fee,490,33.39
OB_fee,489,32.81
OB_fee,491,33.19
OB_fee,494,33.32
OB_fee,492,33.17
OB_fee,493,33.29
OB_fee,495,33.21
OB_fee,496,33.55
OB_fee,497,33.16
OB_fee,498,33.36
OB_fee,499,33.68
OB_fee,501,33.23
OB_fee,500,33.43
OB_fee,502,33.11
OB_fee,503,33.36
OB_fee,504,33.38
OB_fee,505,33.6
OB_fee,506,32.64
OB_fee,508,33.39
OB_fee,507,33.17
OB_fee,509,33.43
OB_fee,510,33.21
OB_fee,511,33.34
OB_fee,512,33.35
OB_fee,513,33.0
OB_fee,514,33.27
OB_fee,516,32.92
OB_fee,515,33.59
OB_fee,517,32.82
OB_fee,518,33.41
OB_fee,519,32.84
OB_fee,520,33.27
OB_fee,521,33.82
OB_fee,522,32.88
OB_fee,523,33.36
OB_fee,526,33.4
OB_fee,524,33.3
OB_fee,525,33.15
OB_fee,527,33.34
OB_fee,528,33.44
OB_fee,529,33.36
OB_fee,530,33.33
OB_fee,531,33.15
OB_fee,532,33.42
OB_fee,533,33.17
OB_fee,534,33.18
OB_fee,535,33.04
OB_fee,537,33.23
OB_fee,538,32.91
OB_fee,536,33.24
OB_fee,540,33.41
OB_fee,539,32.73
OB_fee,541,32.96
OB_fee,542,33.37
OB_fee,543,33.57
OB_fee,544,32.6
OB_fee,546,33.67
OB_fee,545,33.25
OB_fee,548,33.7
OB_fee,547,33.09
OB_fee,549,33.67
OB_fee,550,32.89
OB_fee,551,33.21
OB_fee,552,33.1
OB_fee,553,33.2
OB_fee,554,32.82
OB_fee,555,33.32
OB_fee,556,33.34
OB_fee,559,33.62
OB_fee,557,33.2
OB_fee,558,32.93
OB_fee,560,33.4
OB_fee,561,33.53
OB_fee,562,32.41
OB_fee,563,33.08
OB_fee,564,32.99
OB_fee,566,33.2
OB_fee,565,33.21
OB_fee,567,33.01
OB_fee,568,32.62
OB_fee,569,32.74
OB_fee,570,33.09
OB_fee,571,33.0
OB_fee,573,33.04
OB_fee,572,33.73
OB_fee,574,32.83
OB_fee,575,33.95
OB_fee,577,33.64
OB_fee,576,33.55
OB_fee,578,33.22
OB_fee,579,33.88
OB_fee,580,33.16
OB_fee,581,33.26
OB_fee,582,32.73
OB_fee,584,32.67
OB_fee,583,32.91
OB_fee,585,33.49
OB_fee,586,33.16
OB_fee,587,33.81
OB_fee,588,33.49
OB_fee,589,33.36
OB_fee,590,33.09
OB_fee,593,32.88
OB_fee,592,32.71
OB_fee,591,33.14
OB_fee,594,33.7
OB_fee,595,33.44
OB_fee,597,33.34
OB_fee,596,33.09
OB_fee,598,32.94
OB_fee,599,33.57
OB_fee,600,33.43
OB_fee,601,33.64
OB_fee,602,33.05
OB_fee,603,33.27
OB_fee,604,33.86
OB_fee,605,33.53
OB_fee,606,33.54
OB_fee,607,33.27
OB_fee,608,33.18
OB_fee,610,33.02
OB_fee,609,33.28
OB_fee,611,33.09
OB_fee,612,33.43
OB_fee,614,32.78
OB_fee,613,33.31
OB_fee,617,33.02
OB_fee,615,32.84
OB_fee,616,33.69
OB_fee,618,33.47
OB_fee,619,32.75
OB_fee,620,33.24
OB_fee,621,33.13
OB_fee,623,33.23
OB_fee,622,33.56
OB_fee,624,33.04
OB_fee,626,33.4
OB_fee,627,33.35
OB_fee,625,33.54
OB_fee,628,32.99
OB_fee,630,33.27
OB_fee,629,32.79
OB_fee,632,32.95
OB_fee,631,33.53
OB_fee,633,33.36
OB_fee,635,33.15
OB_fee,634,32.97
OB_fee,637,33.13
OB_fee,636,33.11
OB_fee,638,32.94
OB_fee,639,32.68
OB_fee,640,33.61
OB_fee,641,33.45
OB_fee,642,32.79
OB_fee,644,32.77
OB_fee,643,33.39
OB_fee,645,33.57
OB_fee,646,33.11
OB_fee,647,32.95
OB_fee,648,32.84
OB_fee,649,33.45
OB_fee,650,33.36
OB_fee,653,33.51
OB_fee,652,33.39
OB_fee,651,32.79
OB_fee,654,32.86
OB_fee,655,33.33
OB_fee,657,32.78
OB_fee,658,33.1
OB_fee,656,33.25
OB_fee,659,32.97
OB_fee,660,33.28
OB_fee,661,33.47
OB_fee,662,33.13
OB_fee,663,32.94
OB_fee,666,33.75
OB_fee,665,33.07
OB_fee,664,33.42
OB_fee,667,32.74
OB_fee,668,33.57
OB_fee,669,33.36
OB_fee,670,33.43
OB_fee,672,32.95
OB_fee,671,32.92
OB_fee,673,33.03
OB_fee,674,33.23
OB_fee,675,33.26
OB_fee,676,33.37
OB_fee,680,33.15
OB_fee,677,33.36
OB_fee,679,32.86
OB_fee,678,33.46
OB_fee,681,33.1
OB_fee,682,33.69
OB_fee,684,33.38
OB_fee,683,33.62
OB_fee,685,33.07
OB_fee,686,32.97
OB_fee,687,33.26
OB_fee,688,33.24
OB_fee,689,33.01
OB_fee,690,33.03
OB_fee,693,33.21
OB_fee,692,32.45
OB_fee,691,33.05
OB_fee,694,32.88
OB_fee,695,33.54
OB_fee,696,33.29
OB_fee,697,33.38
OB_fee,698,33.29
OB_fee,699,32.46
OB_fee,700,33.48
OB_fee,701,33.49
OB_fee,702,34.13
OB_fee,703,33.78
OB_fee,704,33.57
OB_fee,705,33.36
OB_fee,706,33.04
OB_fee,707,33.57
OB_fee,710,33.27
OB_fee,709,33.07
OB_fee,708,33.34
OB_fee,711,33.43
OB_fee,712,33.33
OB_fee,713,33.62
OB_fee,715,33.85
OB_fee,714,33.08
OB_fee,717,32.84
OB_fee,716,33.03
OB_fee,718,33.86
OB_fee,720,32.98
OB_fee,719,33.09
OB_fee,721,32.87
OB_fee,722,33.56
OB_fee,723,33.06
OB_fee,724,33.42
OB_fee,725,33.13
OB_fee,726,33.07
OB_fee,728,33.4
OB_fee,727,33.15
OB_fee,729,33.07
OB_fee,730,32.59
OB_fee,731,33.59
OB_fee,733,33.34
OB_fee,732,33.17
OB_fee,734,33.53
OB_fee,735,33.05
OB_fee,736,32.62
OB_fee,737,33.27
OB_fee,738,33.23
OB_fee,739,33.45
OB_fee,742,32.99
OB_fee,740,32.57
OB_fee,741,33.32
OB_fee,744,33.74
OB_fee,743,33.4
OB_fee,745,33.21
OB_fee,746,33.04
OB_fee,748,33.68
OB_fee,747,33.31
OB_fee,749,33.67
OB_fee,750,32.95
OB_fee,751,32.95
OB_fee,752,33.05
OB_fee,753,33.02
OB_fee,755,33.35
OB_fee,754,33.79
OB_fee,757,33.18
OB_fee,756,32.92
OB_fee,758,32.71
OB_fee,759,33.32
OB_fee,760,33.58
OB_fee,761,33.16
OB_fee,762,33.41
OB_fee,763,33.6
OB_fee,764,32.83
OB_fee,765,33.14
OB_fee,767,33.23
OB_fee,766,32.83
OB_fee,768,33.1
OB_fee,769,32.7
OB_fee,770,32.58
OB_fee,771,32.87
OB_fee,772,33.1
OB_fee,775,33.38
OB_fee,773,33.55
OB_fee,774,33.63
OB_fee,777,32.6
OB_fee,776,33.33
OB_fee,778,33.57
OB_fee,779,33.52
OB_fee,780,32.85
OB_fee,781,33.39
OB_fee,782,33.03
OB_fee,783,33.15
OB_fee,785,33.56
OB_fee,784,32.53
OB_fee,786,33.15
OB_fee,787,32.52
OB_fee,788,33.33
OB_fee,790,33.62
OB_fee,789,32.49
OB_fee,791,33.21
OB_fee,792,33.15
OB_fee,793,32.74
OB_fee,794,32.51
OB_fee,795,33.19
OB_fee,796,33.42
OB_fee,797,33.36
OB_fee,799,32.97
OB_fee,798,33.08
OB_fee,800,32.89
OB_fee,801,33.32
OB_fee,803,33.43
OB_fee,802,33.08
OB_fee,804,32.68
OB_fee,806,33.02
OB_fee,805,33.61
OB_fee,807,33.26
OB_fee,808,33.7
OB_fee,809,32.92
OB_fee,812,32.82
OB_fee,811,33.34
OB_fee,810,32.69
OB_fee,813,32.8
OB_fee,814,33.27
OB_fee,815,33.25
OB_fee,816,32.89
OB_fee,817,33.09
OB_fee,820,33.06
OB_fee,818,33.59
OB_fee,819,33.53
OB_fee,821,33.45
OB_fee,822,33.75
OB_fee,824,33.32
OB_fee,826,33.32
OB_fee,823,33.32
OB_fee,825,33.54
OB_fee,828,33.65
OB_fee,829,33.41
OB_fee,827,33.11
OB_fee,830,32.85
OB_fee,832,33.7
OB_fee,833,32.89
OB_fee,831,33.08
OB_fee,834,33.42
OB_fee,835,33.48
OB_fee,837,33.14
OB_fee,836,32.95
OB_fee,838,33.66
OB_fee,839,33.21
OB_fee,841,32.87
OB_fee,840,33.52
OB_fee,842,32.97
OB_fee,843,33.61
OB_fee,844,33.3
OB_fee,845,33.39
OB_fee,846,33.07
OB_fee,847,33.32
OB_fee,848,33.44
OB_fee,849,33.11
OB_fee,850,33.54
OB_fee,851,33.02
OB_fee,853,33.06
OB_fee,855,33.93
OB_fee,852,33.74
OB_fee,854,32.75
OB_fee,856,33.02
OB_fee,857,33.68
OB_fee,858,33.47
OB_fee,859,32.91
OB_fee,860,33.07
OB_fee,861,33.04
OB_fee,862,33.21
OB_fee,863,33.17
OB_fee,864,32.6
OB_fee,865,33.45
OB_fee,867,33.22
OB_fee,866,33.32
OB_fee,868,33.36
OB_fee,869,33.4
OB_fee,870,33.39
OB_fee,871,33.36
OB_fee,872,33.02
OB_fee,873,33.24
OB_fee,874,33.4
OB_fee,875,32.95
OB_fee,876,33.49
OB_fee,878,32.79
OB_fee,877,32.99
OB_fee,879,32.95
OB_fee,881,33.49
OB_fee,880,32.87
OB_fee,882,33.33
OB_fee,883,33.12
OB_fee,884,32.71
OB_fee,885,33.27
OB_fee,886,32.8
OB_fee,887,32.79
OB_fee,888,33.23
OB_fee,889,33.69
OB_fee,890,32.48
OB_fee,892,33.03
OB_fee,891,33.01
OB_fee,893,33.66
OB_fee,894,33.51
OB_fee,896,33.28
OB_fee,895,33.35
OB_fee,897,33.56
OB_fee,899,33.55
OB_fee,898,33.01
OB_fee,901,33.31
OB_fee,900,33.51
OB_fee,902,33.23
OB_fee,903,33.23
OB_fee,907,33.72
OB_fee,904,33.04
OB_fee,905,33.33
OB_fee,906,33.1
OB_fee,908,33.17
OB_fee,909,33.18
OB_fee,910,32.79
OB_fee,911,33.31
OB_fee,914,33.02
OB_fee,912,33.11
OB_fee,913,33.45
OB_fee,916,33.16
OB_fee,915,32.86
OB_fee,919,33.08
OB_fee,920,33.73
OB_fee,917,33.18
OB_fee,918,33.09
OB_fee,921,33.47
OB_fee,922,33.14
OB_fee,926,33.32
OB_fee,925,32.67
OB_fee,923,33.53
OB_fee,924,32.93
OB_fee,927,33.54
OB_fee,928,32.54
OB_fee,929,33.32
OB_fee,930,33.39
OB_fee,931,32.76
OB_fee,933,32.94
OB_fee,932,33.09
OB_fee,934,33.4
OB_fee,935,33.26
OB_fee,938,33.11
OB_fee,936,33.54
OB_fee,937,33.26
OB_fee,939,33.03
OB_fee,940,33.42
OB_fee,941,32.51
OB_fee,942,33.13
OB_fee,943,33.21
OB_fee,944,33.13
OB_fee,945,33.12
OB_fee,946,33.08
OB_fee,947,33.33
OB_fee,948,33.43
OB_fee,949,33.45
OB_fee,951,32.73
OB_fee,950,32.7
OB_fee,953,33.36
OB_fee,952,33.35
OB_fee,955,33.84
OB_fee,954,33.26
OB_fee,956,33.12
OB_fee,959,33.11
OB_fee,957,33.5
OB_fee,958,33.01
OB_fee,960,33.51
OB_fee,961,33.24
OB_fee,962,33.04
OB_fee,963,32.56
OB_fee,964,33.14
OB_fee,966,33.01
OB_fee,968,33.33
OB_fee,967,33.0
OB_fee,965,33.54
OB_fee,969,32.76
OB_fee,971,33.29
OB_fee,970,32.69
OB_fee,972,33.5
OB_fee,973,33.62
OB_fee,974,33.5
OB_fee,975,33.26
OB_fee,977,33.49
OB_fee,976,33.56
OB_fee,978,32.86
OB_fee,979,32.62
OB_fee,981,33.12
OB_fee,980,33.1
OB_fee,982,33.3
OB_fee,983,33.14
OB_fee,984,33.35
OB_fee,986,33.51
OB_fee,985,33.01
OB_fee,987,33.05
OB_fee,988,33.2
OB_fee,990,33.06
OB_fee,989,33.74
OB_fee,991,33.12
OB_fee,992,33.12
OB_fee,993,33.48
OB_fee,994,33.1
OB_fee,995,33.3
OB_fee,996,33.53
OB_fee,997,33.41
OB_fee,999,33.11
OB_fee,998,33.27
IMPROVED_FX_fee,0,23.56
IMPROVED_FX_fee,1,23.03
IMPROVED_FX_fee,2,23.31
IMPROVED_FX_fee,3,23.42
IMPROVED_FX_fee,4,23.4
IMPROVED_FX_fee,5,23.14
IMPROVED_FX_fee,6,23.32
IMPROVED_FX_fee,7,23.13
IMPROVED_FX_fee,10,23.24
IMPROVED_FX_fee,9,23.11
IMPROVED_FX_fee,8,23.24
IMPROVED_FX_fee,11,23.31
IMPROVED_FX_fee,13,23.28
IMPROVED_FX_fee,12,23.32
IMPROVED_FX_fee,15,23.03
IMPROVED_FX_fee,14,23.29
IMPROVED_FX_fee,16,23.17
IMPROVED_FX_fee,17,23.28
IMPROVED_FX_fee,19,23.34
IMPROVED_FX_fee,21,23.12
IMPROVED_FX_fee,18,22.91
IMPROVED_FX_fee,20,23.22
IMPROVED_FX_fee,22,23.18
IMPROVED_FX_fee,23,23.59
IMPROVED_FX_fee,25,23.09
IMPROVED_FX_fee,24,23.34
IMPROVED_FX_fee,32,23.36
IMPROVED_FX_fee,28,23.06
IMPROVED_FX_fee,26,23.46
IMPROVED_FX_fee,27,23.22
IMPROVED_FX_fee,29,23.26
IMPROVED_FX_fee,33,23.14
IMPROVED_FX_fee,30,23.02
IMPROVED_FX_fee,31,23.16
IMPROVED_FX_fee,34,23.15
IMPROVED_FX_fee,35,23.45
IMPROVED_FX_fee,36,23.29
IMPROVED_FX_fee,39,23.22
IMPROVED_FX_fee,40,23.31
IMPROVED_FX_fee,38,23.1
IMPROVED_FX_fee,37,23.1
IMPROVED_FX_fee,41,23.09
IMPROVED_FX_fee,42,23.41
IMPROVED_FX_fee,44,23.16
IMPROVED_FX_fee,45,23.58
IMPROVED_FX_fee,46,23.28
IMPROVED_FX_fee,43,22.76
IMPROVED_FX_fee,47,23.42
IMPROVED_FX_fee,50,23.33
IMPROVED_FX_fee,49,23.01
IMPROVED_FX_fee,48,23.16
IMPROVED_FX_fee,53,23.47
IMPROVED_FX_fee,51,23.28
IMPROVED_FX_fee,52,23.18
IMPROVED_FX_fee,54,23.35
IMPROVED_FX_fee,55,23.07
IMPROVED_FX_fee,58,23.4
IMPROVED_FX_fee,56,23.11
IMPROVED_FX_fee,59,22.96
IMPROVED_FX_fee,57,23.15
IMPROVED_FX_fee,61,23.72
IMPROVED_FX_fee,60,23.42
IMPROVED_FX_fee,63,23.44
IMPROVED_FX_fee,62,23.08
IMPROVED_FX_fee,64,23.19
IMPROVED_FX_fee,66,23.44
IMPROVED_FX_fee,65,23.16
IMPROVED_FX_fee,73,23.42
IMPROVED_FX_fee,68,23.39
IMPROVED_FX_fee,67,23.23
IMPROVED_FX_fee,69,23.27
IMPROVED_FX_fee,72,23.24
IMPROVED_FX_fee,71,23.16
IMPROVED_FX_fee,70,23.35
IMPROVED_FX_fee,74,23.35
IMPROVED_FX_fee,75,22.83
IMPROVED_FX_fee,76,22.8
IMPROVED_FX_fee,80,23.61
IMPROVED_FX_fee,78,23.26
IMPROVED_FX_fee,79,23.25
IMPROVED_FX_fee,77,23.31
IMPROVED_FX_fee,81,23.22
IMPROVED_FX_fee,82,23.24
IMPROVED_FX_fee,83,23.2
IMPROVED_FX_fee,84,23.35
IMPROVED_FX_fee,85,23.28
IMPROVED_FX_fee,86,23.4
IMPROVED_FX_fee,87,23.33
IMPROVED_FX_fee,90,23.25
IMPROVED_FX_fee,88,23.02
IMPROVED_FX_fee,89,23.39
IMPROVED_FX_fee,93,23.18
IMPROVED_FX_fee,92,22.96
IMPROVED_FX_fee,91,23.29
IMPROVED_FX_fee,94,23.23
IMPROVED_FX_fee,95,23.52
IMPROVED_FX_fee,97,23.32
IMPROVED_FX_fee,99,23.26
IMPROVED_FX_fee,96,23.61
IMPROVED_FX_fee,98,23.42
IMPROVED_FX_fee,101,22.83
IMPROVED_FX_fee,100,23.09
IMPROVED_FX_fee,102,23.34
IMPROVED_FX_fee,103,23.39
IMPROVED_FX_fee,104,23.27
IMPROVED_FX_fee,106,22.99
IMPROVED_FX_fee,105,23.71
IMPROVED_FX_fee,113,23.3
IMPROVED_FX_fee,107,23.25
IMPROVED_FX_fee,108,23.75
IMPROVED_FX_fee,111,23.07
IMPROVED_FX_fee,110,22.92
IMPROVED_FX_fee,109,23.49
IMPROVED_FX_fee,112,23.29
IMPROVED_FX_fee,114,23.29
IMPROVED_FX_fee,115,23.29
IMPROVED_FX_fee,120,23.28
IMPROVED_FX_fee,116,23.03
IMPROVED_FX_fee,117,23.19
IMPROVED_FX_fee,118,23.19
IMPROVED_FX_fee,119,22.88
IMPROVED_FX_fee,122,23.12
IMPROVED_FX_fee,121,23.24
IMPROVED_FX_fee,123,22.91
IMPROVED_FX_fee,124,23.38
IMPROVED_FX_fee,126,23.52
IMPROVED_FX_fee,125,23.45
IMPROVED_FX_fee,127,22.97
IMPROVED_FX_fee,129,23.54
IMPROVED_FX_fee,128,23.63
IMPROVED_FX_fee,130,23.27
IMPROVED_FX_fee,131,23.22
IMPROVED_FX_fee,132,23.03
IMPROVED_FX_fee,133,23.01
IMPROVED_FX_fee,134,23.26
IMPROVED_FX_fee,135,23.26
IMPROVED_FX_fee,138,23.38
IMPROVED_FX_fee,136,22.99
IMPROVED_FX_fee,137,23.23
IMPROVED_FX_fee,139,23.37
IMPROVED_FX_fee,141,23.21
IMPROVED_FX_fee,140,23.05
IMPROVED_FX_fee,142,23.15
IMPROVED_FX_fee,143,23.12
IMPROVED_FX_fee,144,23.56
IMPROVED_FX_fee,147,23.2
IMPROVED_FX_fee,145,23.01
IMPROVED_FX_fee,146,23.4
IMPROVED_FX_fee,153,23.25
IMPROVED_FX_fee,148,23.59
IMPROVED_FX_fee,150,23.01
IMPROVED_FX_fee,149,23.24
IMPROVED_FX_fee,151,22.98
IMPROVED_FX_fee,152,23.35
IMPROVED_FX_fee,154,23.45
IMPROVED_FX_fee,155,23.31
IMPROVED_FX_fee,161,23.36
IMPROVED_FX_fee,156,23.24
IMPROVED_FX_fee,157,23.61
IMPROVED_FX_fee,159,22.95
IMPROVED_FX_fee,160,23.21
IMPROVED_FX_fee,158,22.91
IMPROVED_FX_fee,162,22.97
IMPROVED_FX_fee,165,23.29
IMPROVED_FX_fee,163,23.2
IMPROVED_FX_fee,166,23.55
IMPROVED_FX_fee,164,23.29
IMPROVED_FX_fee,167,23.26
IMPROVED_FX_fee,169,23.4
IMPROVED_FX_fee,168,23.12
IMPROVED_FX_fee,170,23.52
IMPROVED_FX_fee,171,23.31
IMPROVED_FX_fee,173,22.91
IMPROVED_FX_fee,172,23.52
IMPROVED_FX_fee,174,23.18
IMPROVED_FX_fee,175,23.48
IMPROVED_FX_fee,177,23.52
IMPROVED_FX_fee,179,23.27
IMPROVED_FX_fee,176,23.46
IMPROVED_FX_fee,178,23.3
IMPROVED_FX_fee,181,23.16
IMPROVED_FX_fee,180,23.32
IMPROVED_FX_fee,182,22.92
IMPROVED_FX_fee,183,22.96
IMPROVED_FX_fee,184,22.91
IMPROVED_FX_fee,185,23.33
IMPROVED_FX_fee,186,22.94
IMPROVED_FX_fee,187,23.27
IMPROVED_FX_fee,193,22.92
IMPROVED_FX_fee,189,23.31
IMPROVED_FX_fee,188,23.5
IMPROVED_FX_fee,190,23.23
IMPROVED_FX_fee,191,23.37
IMPROVED_FX_fee,192,23.78
IMPROVED_FX_fee,194,23.3
IMPROVED_FX_fee,195,23.07
IMPROVED_FX_fee,196,23.57
IMPROVED_FX_fee,201,23.21
IMPROVED_FX_fee,197,23.38
IMPROVED_FX_fee,198,23.62
IMPROVED_FX_fee,199,23.27
IMPROVED_FX_fee,200,23.26
IMPROVED_FX_fee,203,23.5
IMPROVED_FX_fee,202,23.12
IMPROVED_FX_fee,204,22.94
IMPROVED_FX_fee,205,23.33
IMPROVED_FX_fee,206,23.22
IMPROVED_FX_fee,207,23.12
IMPROVED_FX_fee,208,23.43
IMPROVED_FX_fee,210,22.93
IMPROVED_FX_fee,211,23.57
IMPROVED_FX_fee,209,22.96
IMPROVED_FX_fee,213,23.42
IMPROVED_FX_fee,212,23.31
IMPROVED_FX_fee,215,23.03
IMPROVED_FX_fee,214,23.17
IMPROVED_FX_fee,216,22.86
IMPROVED_FX_fee,217,23.02
IMPROVED_FX_fee,218,23.33
IMPROVED_FX_fee,219,23.35
IMPROVED_FX_fee,222,23.38
IMPROVED_FX_fee,220,22.99
IMPROVED_FX_fee,221,23.22
IMPROVED_FX_fee,223,23.1
IMPROVED_FX_fee,224,23.31
IMPROVED_FX_fee,225,23.06
IMPROVED_FX_fee,226,23.42
IMPROVED_FX_fee,228,23.21
IMPROVED_FX_fee,233,23.07
IMPROVED_FX_fee,227,23.11
IMPROVED_FX_fee,229,23.26
IMPROVED_FX_fee,231,23.45
IMPROVED_FX_fee,232,23.27
IMPROVED_FX_fee,230,23.18
IMPROVED_FX_fee,234,23.29
IMPROVED_FX_fee,235,23.28
IMPROVED_FX_fee,241,23.64
IMPROVED_FX_fee,236,23.32
IMPROVED_FX_fee,237,23.32
IMPROVED_FX_fee,238,23.56
IMPROVED_FX_fee,239,23.17
IMPROVED_FX_fee,240,23.23
IMPROVED_FX_fee,242,23.08
IMPROVED_FX_fee,243,23.18
IMPROVED_FX_fee,244,23.34
IMPROVED_FX_fee,245,23.23
IMPROVED_FX_fee,246,23.37
IMPROVED_FX_fee,247,23.29
IMPROVED_FX_fee,249,23.13
IMPROVED_FX_fee,248,23.24
IMPROVED_FX_fee,250,23.22
IMPROVED_FX_fee,253,23.03
IMPROVED_FX_fee,251,23.11
IMPROVED_FX_fee,252,23.35
IMPROVED_FX_fee,254,22.89
IMPROVED_FX_fee,255,23.3
IMPROVED_FX_fee,256,23.19
IMPROVED_FX_fee,257,22.99
IMPROVED_FX_fee,258,23.11
IMPROVED_FX_fee,259,23.26
IMPROVED_FX_fee,260,23.18
IMPROVED_FX_fee,261,23.29
IMPROVED_FX_fee,262,23.12
IMPROVED_FX_fee,263,23.08
IMPROVED_FX_fee,264,22.96
IMPROVED_FX_fee,266,23.31
IMPROVED_FX_fee,265,23.3
IMPROVED_FX_fee,267,23.55
IMPROVED_FX_fee,274,23.6
IMPROVED_FX_fee,270,23.17
IMPROVED_FX_fee,269,23.46
IMPROVED_FX_fee,268,23.08
IMPROVED_FX_fee,271,23.0
IMPROVED_FX_fee,272,23.4
IMPROVED_FX_fee,273,23.37
IMPROVED_FX_fee,275,23.33
IMPROVED_FX_fee,281,22.73
IMPROVED_FX_fee,276,23.22
IMPROVED_FX_fee,277,23.36
IMPROVED_FX_fee,278,23.31
IMPROVED_FX_fee,279,23.11
IMPROVED_FX_fee,280,23.19
IMPROVED_FX_fee,282,23.29
IMPROVED_FX_fee,285,23.37
IMPROVED_FX_fee,283,23.1
IMPROVED_FX_fee,284,23.02
IMPROVED_FX_fee,286,23.09
IMPROVED_FX_fee,287,23.59
IMPROVED_FX_fee,289,23.16
IMPROVED_FX_fee,288,23.08
IMPROVED_FX_fee,290,23.28
IMPROVED_FX_fee,291,23.44
IMPROVED_FX_fee,292,23.18
IMPROVED_FX_fee,293,23.07
IMPROVED_FX_fee,294,23.42
IMPROVED_FX_fee,296,23.37
IMPROVED_FX_fee,298,22.97
IMPROVED_FX_fee,295,22.97
IMPROVED_FX_fee,297,23.09
IMPROVED_FX_fee,299,23.19
IMPROVED_FX_fee,300,23.45
IMPROVED_FX_fee,301,23.2
IMPROVED_FX_fee,302,23.26
IMPROVED_FX_fee,303,23.36
IMPROVED_FX_fee,307,23.45
IMPROVED_FX_fee,304,23.0
IMPROVED_FX_fee,305,23.61
IMPROVED_FX_fee,306,23.22
IMPROVED_FX_fee,308,23.14
IMPROVED_FX_fee,314,23.62
IMPROVED_FX_fee,309,23.23
IMPROVED_FX_fee,310,23.04
IMPROVED_FX_fee,311,23.14
IMPROVED_FX_fee,313,23.27
IMPROVED_FX_fee,312,23.52
IMPROVED_FX_fee,315,23.36
IMPROVED_FX_fee,322,23.18
IMPROVED_FX_fee,316,23.18
IMPROVED_FX_fee,317,23.31
IMPROVED_FX_fee,319,23.03
IMPROVED_FX_fee,318,23.66
IMPROVED_FX_fee,320,23.45
IMPROVED_FX_fee,323,23.38
IMPROVED_FX_fee,321,23.31
IMPROVED_FX_fee,324,23.12
IMPROVED_FX_fee,326,23.24
IMPROVED_FX_fee,325,23.06
IMPROVED_FX_fee,327,23.55
IMPROVED_FX_fee,329,23.26
IMPROVED_FX_fee,328,23.4
IMPROVED_FX_fee,330,23.01
IMPROVED_FX_fee,331,23.25
IMPROVED_FX_fee,332,23.45
IMPROVED_FX_fee,333,23.5
IMPROVED_FX_fee,334,22.97
IMPROVED_FX_fee,336,23.08
IMPROVED_FX_fee,335,23.41
IMPROVED_FX_fee,337,23.39
IMPROVED_FX_fee,338,23.36
IMPROVED_FX_fee,339,23.54
IMPROVED_FX_fee,341,23.69
IMPROVED_FX_fee,340,23.35
IMPROVED_FX_fee,342,23.24
IMPROVED_FX_fee,344,23.36
IMPROVED_FX_fee,343,23.24
IMPROVED_FX_fee,345,23.27
IMPROVED_FX_fee,346,23.1
IMPROVED_FX_fee,347,23.4
IMPROVED_FX_fee,349,23.03
IMPROVED_FX_fee,353,23.02
IMPROVED_FX_fee,348,23.3
IMPROVED_FX_fee,350,23.26
IMPROVED_FX_fee,351,23.33
IMPROVED_FX_fee,352,23.5
IMPROVED_FX_fee,354,23.19
IMPROVED_FX_fee,355,23.26
IMPROVED_FX_fee,362,22.94
IMPROVED_FX_fee,356,23.02
IMPROVED_FX_fee,357,23.05
IMPROVED_FX_fee,358,23.47
IMPROVED_FX_fee,361,23.12
IMPROVED_FX_fee,360,23.51
IMPROVED_FX_fee,363,23.01
IMPROVED_FX_fee,359,23.14
IMPROVED_FX_fee,364,23.2
IMPROVED_FX_fee,365,23.14
IMPROVED_FX_fee,367,23.3
IMPROVED_FX_fee,366,23.39
IMPROVED_FX_fee,369,23.27
IMPROVED_FX_fee,368,23.15
IMPROVED_FX_fee,370,23.12
IMPROVED_FX_fee,371,23.47
IMPROVED_FX_fee,373,23.18
IMPROVED_FX_fee,374,23.03
IMPROVED_FX_fee,375,23.36
IMPROVED_FX_fee,376,23.64
IMPROVED_FX_fee,372,23.61
IMPROVED_FX_fee,378,23.19
IMPROVED_FX_fee,377,23.28
IMPROVED_FX_fee,379,23.04
IMPROVED_FX_fee,381,23.18
IMPROVED_FX_fee,380,23.06
IMPROVED_FX_fee,382,22.88
IMPROVED_FX_fee,383,23.06
IMPROVED_FX_fee,384,23.37
IMPROVED_FX_fee,385,23.33
IMPROVED_FX_fee,387,23.12
IMPROVED_FX_fee,386,22.98
IMPROVED_FX_fee,393,23.18
IMPROVED_FX_fee,388,23.42
IMPROVED_FX_fee,389,23.08
IMPROVED_FX_fee,390,23.11
IMPROVED_FX_fee,391,23.46
IMPROVED_FX_fee,392,23.09
IMPROVED_FX_fee,394,23.21
IMPROVED_FX_fee,395,23.13
IMPROVED_FX_fee,396,23.3
IMPROVED_FX_fee,401,23.11
IMPROVED_FX_fee,398,22.84
IMPROVED_FX_fee,397,23.46
IMPROVED_FX_fee,399,23.29
IMPROVED_FX_fee,400,23.41
IMPROVED_FX_fee,402,23.17
IMPROVED_FX_fee,403,23.1
IMPROVED_FX_fee,404,23.22
IMPROVED_FX_fee,405,22.92
IMPROVED_FX_fee,406,23.27
IMPROVED_FX_fee,407,23.29
IMPROVED_FX_fee,410,23.27
IMPROVED_FX_fee,408,23.46
IMPROVED_FX_fee,411,23.54
IMPROVED_FX_fee,409,23.42
IMPROVED_FX_fee,412,23.05
IMPROVED_FX_fee,413,23.36
IMPROVED_FX_fee,414,23.01
IMPROVED_FX_fee,415,22.95
IMPROVED_FX_fee,416,23.17
IMPROVED_FX_fee,418,23.5
IMPROVED_FX_fee,419,23.38
IMPROVED_FX_fee,417,23.24
IMPROVED_FX_fee,421,23.58
IMPROVED_FX_fee,420,23.26
IMPROVED_FX_fee,422,23.28
IMPROVED_FX_fee,424,23.05
IMPROVED_FX_fee,423,23.05
IMPROVED_FX_fee,425,23.13
IMPROVED_FX_fee,427,23.44
IMPROVED_FX_fee,426,23.24
IMPROVED_FX_fee,433,23.24
IMPROVED_FX_fee,428,23.44
IMPROVED_FX_fee,430,23.42
IMPROVED_FX_fee,429,23.06
IMPROVED_FX_fee,431,22.95
IMPROVED_FX_fee,432,23.1
IMPROVED_FX_fee,434,23.44
IMPROVED_FX_fee,435,22.99
IMPROVED_FX_fee,436,22.91
IMPROVED_FX_fee,437,23.3
IMPROVED_FX_fee,438,23.17
IMPROVED_FX_fee,441,23.32
IMPROVED_FX_fee,439,23.73
IMPROVED_FX_fee,440,23.19
IMPROVED_FX_fee,443,23.4
IMPROVED_FX_fee,442,23.36
IMPROVED_FX_fee,444,23.57
IMPROVED_FX_fee,445,23.27
IMPROVED_FX_fee,446,23.22
IMPROVED_FX_fee,447,23.24
IMPROVED_FX_fee,452,23.1
IMPROVED_FX_fee,448,23.09
IMPROVED_FX_fee,450,23.08
IMPROVED_FX_fee,451,23.31
IMPROVED_FX_fee,449,23.33
IMPROVED_FX_fee,453,23.01
IMPROVED_FX_fee,454,23.14
IMPROVED_FX_fee,458,23.31
IMPROVED_FX_fee,455,23.71
IMPROVED_FX_fee,456,23.11
IMPROVED_FX_fee,457,23.11
IMPROVED_FX_fee,459,23.01
IMPROVED_FX_fee,461,23.11
IMPROVED_FX_fee,460,23.33
IMPROVED_FX_fee,462,23.14
IMPROVED_FX_fee,464,23.21
IMPROVED_FX_fee,463,23.12
IMPROVED_FX_fee,465,23.24
IMPROVED_FX_fee,467,23.03
IMPROVED_FX_fee,466,23.41
IMPROVED_FX_fee,468,23.25
IMPROVED_FX_fee,470,23.26
IMPROVED_FX_fee,473,23.3
IMPROVED_FX_fee,469,22.92
IMPROVED_FX_fee,471,23.44
IMPROVED_FX_fee,472,23.18
IMPROVED_FX_fee,474,23.48
IMPROVED_FX_fee,475,23.45
IMPROVED_FX_fee,478,23.39
IMPROVED_FX_fee,477,23.58
IMPROVED_FX_fee,476,23.2
IMPROVED_FX_fee,483,23.65
IMPROVED_FX_fee,479,23.28
IMPROVED_FX_fee,480,23.28
IMPROVED_FX_fee,482,23.26
IMPROVED_FX_fee,481,23.19
IMPROVED_FX_fee,484,23.57
IMPROVED_FX_fee,486,23.14
IMPROVED_FX_fee,485,23.05
IMPROVED_FX_fee,487,23.59
IMPROVED_FX_fee,492,23.06
IMPROVED_FX_fee,488,23.02
IMPROVED_FX_fee,489,23.53
IMPROVED_FX_fee,491,23.21
IMPROVED_FX_fee,490,23.33
IMPROVED_FX_fee,493,23.29
IMPROVED_FX_fee,494,23.0
IMPROVED_FX_fee,496,23.3
IMPROVED_FX_fee,495,23.16
IMPROVED_FX_fee,497,23.13
IMPROVED_FX_fee,499,23.37
IMPROVED_FX_fee,498,23.46
IMPROVED_FX_fee,501,23.35
IMPROVED_FX_fee,500,23.43
IMPROVED_FX_fee,502,23.43
IMPROVED_FX_fee,503,23.13
IMPROVED_FX_fee,504,23.22
IMPROVED_FX_fee,505,22.87
IMPROVED_FX_fee,506,22.88
IMPROVED_FX_fee,507,23.42
IMPROVED_FX_fee,508,23.34
IMPROVED_FX_fee,509,23.1
IMPROVED_FX_fee,510,22.97
IMPROVED_FX_fee,513,23.31
IMPROVED_FX_fee,511,23.43
IMPROVED_FX_fee,512,23.11
IMPROVED_FX_fee,514,23.22
IMPROVED_FX_fee,516,23.08
IMPROVED_FX_fee,515,23.35
IMPROVED_FX_fee,517,23.02
IMPROVED_FX_fee,518,23.53
IMPROVED_FX_fee,524,23.59
IMPROVED_FX_fee,519,22.71
IMPROVED_FX_fee,520,23.38
IMPROVED_FX_fee,521,22.99
IMPROVED_FX_fee,522,23.45
IMPROVED_FX_fee,523,23.39
IMPROVED_FX_fee,526,23.04
IMPROVED_FX_fee,525,23.45
IMPROVED_FX_fee,527,23.54
IMPROVED_FX_fee,532,23.24
IMPROVED_FX_fee,528,23.28
IMPROVED_FX_fee,530,23.11
IMPROVED_FX_fee,529,23.41
IMPROVED_FX_fee,533,22.92
IMPROVED_FX_fee,531,23.23
IMPROVED_FX_fee,535,23.55
IMPROVED_FX_fee,536,23.14
IMPROVED_FX_fee,534,23.21
IMPROVED_FX_fee,537,23.13
IMPROVED_FX_fee,538,23.39
IMPROVED_FX_fee,541,23.22
IMPROVED_FX_fee,540,23.02
IMPROVED_FX_fee,539,23.56
IMPROVED_FX_fee,543,22.91
IMPROVED_FX_fee,542,23.48
IMPROVED_FX_fee,544,23.22
IMPROVED_FX_fee,545,22.97
IMPROVED_FX_fee,546,23.63
IMPROVED_FX_fee,548,23.27
IMPROVED_FX_fee,549,23.39
IMPROVED_FX_fee,547,23.07
IMPROVED_FX_fee,552,23.18
IMPROVED_FX_fee,550,23.16
IMPROVED_FX_fee,551,23.3
IMPROVED_FX_fee,553,23.11
IMPROVED_FX_fee,554,23.26
IMPROVED_FX_fee,556,23.16
IMPROVED_FX_fee,555,23.56
IMPROVED_FX_fee,557,23.0
IMPROVED_FX_fee,558,23.31
IMPROVED_FX_fee,563,23.55
IMPROVED_FX_fee,559,23.25
IMPROVED_FX_fee,560,22.94
IMPROVED_FX_fee,562,23.41
IMPROVED_FX_fee,561,23.38
IMPROVED_FX_fee,564,23.04
IMPROVED_FX_fee,566,23.13
IMPROVED_FX_fee,565,23.29
IMPROVED_FX_fee,567,23.31
IMPROVED_FX_fee,572,23.16
IMPROVED_FX_fee,569,23.26
IMPROVED_FX_fee,568,23.35
IMPROVED_FX_fee,570,23.12
IMPROVED_FX_fee,571,23.45
IMPROVED_FX_fee,574,23.2
IMPROVED_FX_fee,573,23.3
IMPROVED_FX_fee,575,23.27
IMPROVED_FX_fee,576,22.9
IMPROVED_FX_fee,577,23.21
IMPROVED_FX_fee,579,23.25
IMPROVED_FX_fee,578,23.17
IMPROVED_FX_fee,581,23.29
IMPROVED_FX_fee,580,23.23
IMPROVED_FX_fee,583,23.45
IMPROVED_FX_fee,582,23.47
IMPROVED_FX_fee,585,23.15
IMPROVED_FX_fee,584,23.19
IMPROVED_FX_fee,587,23.41
IMPROVED_FX_fee,586,22.91
IMPROVED_FX_fee,588,22.89
IMPROVED_FX_fee,589,23.2
IMPROVED_FX_fee,593,23.28
IMPROVED_FX_fee,590,23.29
IMPROVED_FX_fee,591,23.13
IMPROVED_FX_fee,592,23.76
IMPROVED_FX_fee,594,23.23
IMPROVED_FX_fee,596,23.28
IMPROVED_FX_fee,597,23.06
IMPROVED_FX_fee,598,23.43
IMPROVED_FX_fee,595,23.13
IMPROVED_FX_fee,603,23.59
IMPROVED_FX_fee,600,23.49
IMPROVED_FX_fee,599,23.35
IMPROVED_FX_fee,601,23.31
IMPROVED_FX_fee,602,23.73
IMPROVED_FX_fee,604,23.16
IMPROVED_FX_fee,605,23.48
IMPROVED_FX_fee,606,23.23
IMPROVED_FX_fee,607,23.1
IMPROVED_FX_fee,611,23.34
IMPROVED_FX_fee,608,23.26
IMPROVED_FX_fee,609,23.33
IMPROVED_FX_fee,612,23.42
IMPROVED_FX_fee,610,23.25
IMPROVED_FX_fee,614,23.56
IMPROVED_FX_fee,613,23.35
IMPROVED_FX_fee,616,23.72
IMPROVED_FX_fee,617,23.46
IMPROVED_FX_fee,615,23.2
IMPROVED_FX_fee,618,23.19
IMPROVED_FX_fee,619,23.13
IMPROVED_FX_fee,624,23.26
IMPROVED_FX_fee,622,23.14
IMPROVED_FX_fee,620,23.04
IMPROVED_FX_fee,623,23.5
IMPROVED_FX_fee,621,23.23
IMPROVED_FX_fee,625,23.42
IMPROVED_FX_fee,626,23.21
IMPROVED_FX_fee,627,23.22
IMPROVED_FX_fee,629,23.57
IMPROVED_FX_fee,628,23.62
IMPROVED_FX_fee,633,22.57
IMPROVED_FX_fee,630,23.2
IMPROVED_FX_fee,632,23.13
IMPROVED_FX_fee,631,23.12
IMPROVED_FX_fee,636,23.25
IMPROVED_FX_fee,634,23.32
IMPROVED_FX_fee,635,23.19
IMPROVED_FX_fee,637,22.99
IMPROVED_FX_fee,638,23.11
IMPROVED_FX_fee,639,23.19
IMPROVED_FX_fee,643,23.16
IMPROVED_FX_fee,640,23.37
IMPROVED_FX_fee,642,23.3
IMPROVED_FX_fee,641,23.26
IMPROVED_FX_fee,644,23.1
IMPROVED_FX_fee,645,23.18
IMPROVED_FX_fee,646,23.22
IMPROVED_FX_fee,648,23.69
IMPROVED_FX_fee,647,23.29
IMPROVED_FX_fee,653,23.08
IMPROVED_FX_fee,650,23.17
IMPROVED_FX_fee,649,23.23
IMPROVED_FX_fee,651,23.35
IMPROVED_FX_fee,654,23.37
IMPROVED_FX_fee,652,22.96
IMPROVED_FX_fee,655,23.17
IMPROVED_FX_fee,656,23.36
IMPROVED_FX_fee,657,23.24
IMPROVED_FX_fee,659,23.35
IMPROVED_FX_fee,658,23.01
IMPROVED_FX_fee,662,23.02
IMPROVED_FX_fee,660,22.94
IMPROVED_FX_fee,661,23.29
IMPROVED_FX_fee,663,23.5
IMPROVED_FX_fee,664,23.29
IMPROVED_FX_fee,665,23.03
IMPROVED_FX_fee,666,23.55
IMPROVED_FX_fee,667,23.22
IMPROVED_FX_fee,668,23.11
IMPROVED_FX_fee,669,23.25
IMPROVED_FX_fee,673,22.82
IMPROVED_FX_fee,670,23.26
IMPROVED_FX_fee,672,22.9
IMPROVED_FX_fee,671,23.34
IMPROVED_FX_fee,674,23.07
IMPROVED_FX_fee,675,23.37
IMPROVED_FX_fee,676,23.67
IMPROVED_FX_fee,678,23.27
IMPROVED_FX_fee,677,23.07
IMPROVED_FX_fee,683,23.29
IMPROVED_FX_fee,679,23.29
IMPROVED_FX_fee,680,23.07
IMPROVED_FX_fee,681,23.1
IMPROVED_FX_fee,682,23.68
IMPROVED_FX_fee,684,23.04
IMPROVED_FX_fee,686,23.26
IMPROVED_FX_fee,685,23.11
IMPROVED_FX_fee,687,23.6
IMPROVED_FX_fee,688,23.22
IMPROVED_FX_fee,692,23.28
IMPROVED_FX_fee,689,23.49
IMPROVED_FX_fee,690,23.15
IMPROVED_FX_fee,691,23.15
IMPROVED_FX_fee,693,23.06
IMPROVED_FX_fee,694,23.02
IMPROVED_FX_fee,696,22.96
IMPROVED_FX_fee,695,23.38
IMPROVED_FX_fee,697,23.34
IMPROVED_FX_fee,698,23.39
IMPROVED_FX_fee,702,22.8
IMPROVED_FX_fee,699,23.78
IMPROVED_FX_fee,700,23.36
IMPROVED_FX_fee,701,23.32
IMPROVED_FX_fee,706,23.36
IMPROVED_FX_fee,703,22.99
IMPROVED_FX_fee,704,23.02
IMPROVED_FX_fee,705,23.08
IMPROVED_FX_fee,707,23.06
IMPROVED_FX_fee,712,23.4
IMPROVED_FX_fee,708,23.39
IMPROVED_FX_fee,709,23.33
IMPROVED_FX_fee,710,23.28
IMPROVED_FX_fee,711,22.95
IMPROVED_FX_fee,713,23.45
IMPROVED_FX_fee,714,22.97
IMPROVED_FX_fee,715,23.71
IMPROVED_FX_fee,717,23.19
IMPROVED_FX_fee,721,23.68
IMPROVED_FX_fee,716,23.29
IMPROVED_FX_fee,718,23.2
IMPROVED_FX_fee,719,23.02
IMPROVED_FX_fee,720,23.35
IMPROVED_FX_fee,722,23.32
IMPROVED_FX_fee,724,23.06
IMPROVED_FX_fee,723,23.03
IMPROVED_FX_fee,725,23.15
IMPROVED_FX_fee,726,23.07
IMPROVED_FX_fee,727,23.27
IMPROVED_FX_fee,730,23.1
IMPROVED_FX_fee,728,23.41
IMPROVED_FX_fee,731,22.86
IMPROVED_FX_fee,729,23.14
IMPROVED_FX_fee,733,23.13
IMPROVED_FX_fee,732,23.33
IMPROVED_FX_fee,734,23.0
IMPROVED_FX_fee,735,23.18
IMPROVED_FX_fee,737,23.21
IMPROVED_FX_fee,736,23.34
IMPROVED_FX_fee,741,23.18
IMPROVED_FX_fee,738,23.33
IMPROVED_FX_fee,739,23.18
IMPROVED_FX_fee,740,23.4
IMPROVED_FX_fee,742,23.54
IMPROVED_FX_fee,743,23.05
IMPROVED_FX_fee,745,23.32
IMPROVED_FX_fee,744,23.09
IMPROVED_FX_fee,746,23.45
IMPROVED_FX_fee,751,23.29
IMPROVED_FX_fee,747,23.33
IMPROVED_FX_fee,748,23.11
IMPROVED_FX_fee,749,23.26
IMPROVED_FX_fee,752,23.27
IMPROVED_FX_fee,750,22.91
IMPROVED_FX_fee,753,23.31
IMPROVED_FX_fee,754,23.39
IMPROVED_FX_fee,755,23.41
IMPROVED_FX_fee,760,22.83
IMPROVED_FX_fee,756,22.96
IMPROVED_FX_fee,757,23.7
IMPROVED_FX_fee,758,23.29
IMPROVED_FX_fee,759,23.38
IMPROVED_FX_fee,761,23.08
IMPROVED_FX_fee,762,23.03
IMPROVED_FX_fee,763,23.41
IMPROVED_FX_fee,764,23.3
IMPROVED_FX_fee,765,23.28
IMPROVED_FX_fee,766,23.22
IMPROVED_FX_fee,769,23.02
IMPROVED_FX_fee,767,23.29
IMPROVED_FX_fee,768,23.11
IMPROVED_FX_fee,770,23.61
IMPROVED_FX_fee,771,23.15
IMPROVED_FX_fee,773,23.2
IMPROVED_FX_fee,774,22.88
IMPROVED_FX_fee,772,23.34
IMPROVED_FX_fee,775,22.99
IMPROVED_FX_fee,776,23.1
IMPROVED_FX_fee,780,23.12
IMPROVED_FX_fee,777,23.33
IMPROVED_FX_fee,778,23.05
IMPROVED_FX_fee,779,23.41
IMPROVED_FX_fee,781,23.16
IMPROVED_FX_fee,782,23.11
IMPROVED_FX_fee,783,23.17
IMPROVED_FX_fee,784,23.23
IMPROVED_FX_fee,785,23.13
IMPROVED_FX_fee,786,22.96
IMPROVED_FX_fee,787,23.33
IMPROVED_FX_fee,790,23.14
IMPROVED_FX_fee,788,22.74
IMPROVED_FX_fee,789,23.11
IMPROVED_FX_fee,791,23.23
IMPROVED_FX_fee,792,23.35
IMPROVED_FX_fee,793,23.43
IMPROVED_FX_fee,794,23.27
IMPROVED_FX_fee,795,23.1
IMPROVED_FX_fee,797,23.48
IMPROVED_FX_fee,801,23.12
IMPROVED_FX_fee,796,23.23
IMPROVED_FX_fee,798,23.36
IMPROVED_FX_fee,799,23.48
IMPROVED_FX_fee,800,23.12
IMPROVED_FX_fee,802,23.5
IMPROVED_FX_fee,803,23.11
IMPROVED_FX_fee,804,23.05
IMPROVED_FX_fee,805,23.04
IMPROVED_FX_fee,806,23.38
IMPROVED_FX_fee,810,23.08
IMPROVED_FX_fee,807,23.36
IMPROVED_FX_fee,808,23.02
IMPROVED_FX_fee,809,23.56
IMPROVED_FX_fee,811,22.97
IMPROVED_FX_fee,812,23.21
IMPROVED_FX_fee,813,23.31
IMPROVED_FX_fee,814,23.32
IMPROVED_FX_fee,815,23.27
IMPROVED_FX_fee,816,22.9
IMPROVED_FX_fee,817,22.83
IMPROVED_FX_fee,820,22.99
IMPROVED_FX_fee,818,23.34
IMPROVED_FX_fee,819,23.21
IMPROVED_FX_fee,822,23.29
IMPROVED_FX_fee,824,23.16
IMPROVED_FX_fee,823,23.16
IMPROVED_FX_fee,821,23.5
IMPROVED_FX_fee,825,22.84
IMPROVED_FX_fee,826,23.36
IMPROVED_FX_fee,827,23.51
IMPROVED_FX_fee,831,23.21
IMPROVED_FX_fee,828,23.35
IMPROVED_FX_fee,829,23.29
IMPROVED_FX_fee,830,23.51
IMPROVED_FX_fee,832,23.42
IMPROVED_FX_fee,833,23.18
IMPROVED_FX_fee,834,23.23
IMPROVED_FX_fee,837,23.01
IMPROVED_FX_fee,836,23.32
IMPROVED_FX_fee,835,23.27
IMPROVED_FX_fee,841,23.13
IMPROVED_FX_fee,839,23.17
IMPROVED_FX_fee,838,23.14
IMPROVED_FX_fee,840,23.39
IMPROVED_FX_fee,842,22.91
IMPROVED_FX_fee,843,23.19
IMPROVED_FX_fee,844,23.59
IMPROVED_FX_fee,845,23.2
IMPROVED_FX_fee,851,23.33
IMPROVED_FX_fee,846,23.08
IMPROVED_FX_fee,847,23.22
IMPROVED_FX_fee,848,23.06
IMPROVED_FX_fee,849,23.16
IMPROVED_FX_fee,850,23.39
IMPROVED_FX_fee,853,23.3
IMPROVED_FX_fee,852,23.56
IMPROVED_FX_fee,855,23.05
IMPROVED_FX_fee,854,23.18
IMPROVED_FX_fee,856,23.02
IMPROVED_FX_fee,857,22.84
IMPROVED_FX_fee,859,23.23
IMPROVED_FX_fee,858,23.25
IMPROVED_FX_fee,860,23.31
IMPROVED_FX_fee,861,23.24
IMPROVED_FX_fee,862,22.83
IMPROVED_FX_fee,863,23.47
IMPROVED_FX_fee,865,23.07
IMPROVED_FX_fee,864,23.15
IMPROVED_FX_fee,866,23.21
IMPROVED_FX_fee,868,23.42
IMPROVED_FX_fee,871,23.2
IMPROVED_FX_fee,867,23.25
IMPROVED_FX_fee,869,22.98
IMPROVED_FX_fee,870,22.89
IMPROVED_FX_fee,872,23.29
IMPROVED_FX_fee,873,23.27
IMPROVED_FX_fee,874,23.27
IMPROVED_FX_fee,875,23.47
IMPROVED_FX_fee,876,23.27
IMPROVED_FX_fee,881,22.84
IMPROVED_FX_fee,877,23.21
IMPROVED_FX_fee,878,23.27
IMPROVED_FX_fee,879,23.32
IMPROVED_FX_fee,882,23.38
IMPROVED_FX_fee,880,23.53
IMPROVED_FX_fee,883,23.22
IMPROVED_FX_fee,884,23.3
IMPROVED_FX_fee,885,22.9
IMPROVED_FX_fee,890,23.44
IMPROVED_FX_fee,888,23.1
IMPROVED_FX_fee,886,23.59
IMPROVED_FX_fee,887,23.22
IMPROVED_FX_fee,889,23.38
IMPROVED_FX_fee,891,23.2
IMPROVED_FX_fee,892,23.47
IMPROVED_FX_fee,893,23.17
IMPROVED_FX_fee,894,22.87
IMPROVED_FX_fee,895,22.88
IMPROVED_FX_fee,896,23.45
IMPROVED_FX_fee,897,22.81
IMPROVED_FX_fee,899,23.17
IMPROVED_FX_fee,898,23.15
IMPROVED_FX_fee,900,23.4
IMPROVED_FX_fee,901,23.12
IMPROVED_FX_fee,903,23.02
IMPROVED_FX_fee,902,23.53
IMPROVED_FX_fee,904,23.06
IMPROVED_FX_fee,906,22.97
IMPROVED_FX_fee,905,23.85
IMPROVED_FX_fee,911,23.31
IMPROVED_FX_fee,907,23.12
IMPROVED_FX_fee,908,22.96
IMPROVED_FX_fee,910,22.96
IMPROVED_FX_fee,909,22.95
IMPROVED_FX_fee,912,23.5
IMPROVED_FX_fee,913,23.13
IMPROVED_FX_fee,914,23.49
IMPROVED_FX_fee,915,23.33
IMPROVED_FX_fee,916,22.98
IMPROVED_FX_fee,920,22.64
IMPROVED_FX_fee,918,23.05
IMPROVED_FX_fee,917,23.37
IMPROVED_FX_fee,919,23.26
IMPROVED_FX_fee,921,23.16
IMPROVED_FX_fee,922,23.38
IMPROVED_FX_fee,923,23.22
IMPROVED_FX_fee,924,22.89
IMPROVED_FX_fee,925,23.51
IMPROVED_FX_fee,930,22.81
IMPROVED_FX_fee,926,23.29
IMPROVED_FX_fee,927,23.21
IMPROVED_FX_fee,929,23.55
IMPROVED_FX_fee,928,23.37
IMPROVED_FX_fee,931,23.07
IMPROVED_FX_fee,932,23.27
IMPROVED_FX_fee,933,23.08
IMPROVED_FX_fee,935,23.23
IMPROVED_FX_fee,934,22.93
IMPROVED_FX_fee,936,23.36
IMPROVED_FX_fee,937,23.39
IMPROVED_FX_fee,939,23.19
IMPROVED_FX_fee,938,23.4
IMPROVED_FX_fee,940,23.28
IMPROVED_FX_fee,941,23.25
IMPROVED_FX_fee,944,23.38
IMPROVED_FX_fee,945,23.22
IMPROVED_FX_fee,943,23.15
IMPROVED_FX_fee,942,23.21
IMPROVED_FX_fee,946,23.33
IMPROVED_FX_fee,951,23.25
IMPROVED_FX_fee,949,23.02
IMPROVED_FX_fee,948,23.15
IMPROVED_FX_fee,947,23.51
IMPROVED_FX_fee,950,23.18
IMPROVED_FX_fee,952,23.46
IMPROVED_FX_fee,953,23.14
IMPROVED_FX_fee,954,23.02
IMPROVED_FX_fee,958,23.23
IMPROVED_FX_fee,956,23.1
IMPROVED_FX_fee,955,23.2
IMPROVED_FX_fee,960,23.43
IMPROVED_FX_fee,957,23.4
IMPROVED_FX_fee,962,22.95
IMPROVED_FX_fee,959,23.29
IMPROVED_FX_fee,961,23.32
IMPROVED_FX_fee,963,23.37
IMPROVED_FX_fee,964,23.16
IMPROVED_FX_fee,965,23.25
IMPROVED_FX_fee,971,23.08
IMPROVED_FX_fee,966,23.22
IMPROVED_FX_fee,967,23.21
IMPROVED_FX_fee,968,23.83
IMPROVED_FX_fee,969,23.41
IMPROVED_FX_fee,970,23.37
IMPROVED_FX_fee,972,23.32
IMPROVED_FX_fee,973,23.05
IMPROVED_FX_fee,974,22.91
IMPROVED_FX_fee,975,23.29
IMPROVED_FX_fee,976,23.3
IMPROVED_FX_fee,977,23.25
IMPROVED_FX_fee,979,23.19
IMPROVED_FX_fee,978,23.09
IMPROVED_FX_fee,980,23.33
IMPROVED_FX_fee,981,23.17
IMPROVED_FX_fee,982,22.96
IMPROVED_FX_fee,983,23.02
IMPROVED_FX_fee,984,23.26
IMPROVED_FX_fee,985,23.05
IMPROVED_FX_fee,986,23.12
IMPROVED_FX_fee,988,23.19
IMPROVED_FX_fee,991,23.16
IMPROVED_FX_fee,987,23.34
IMPROVED_FX_fee,989,23.05
IMPROVED_FX_fee,990,23.02
IMPROVED_FX_fee,992,23.38
IMPROVED_FX_fee,993,23.16
IMPROVED_FX_fee,994,23.31
IMPROVED_FX_fee,997,23.17
IMPROVED_FX_fee,996,23.35
IMPROVED_FX_fee,995,23.02
IMPROVED_FX_fee,998,23.32
IMPROVED_FX_fee,999,23.06
IMPROVED_DA_fee,0,18.91
IMPROVED_DA_fee,1,23.85
IMPROVED_DA_fee,2,19.77
IMPROVED_DA_fee,3,26.68
IMPROVED_DA_fee,4,24.11
IMPROVED_DA_fee,5,24.46
IMPROVED_DA_fee,6,19.59
IMPROVED_DA_fee,7,18.42
IMPROVED_DA_fee,8,25.61
IMPROVED_DA_fee,9,19.98
IMPROVED_DA_fee,10,21.6
IMPROVED_DA_fee,13,23.38
IMPROVED_DA_fee,12,23.18
IMPROVED_DA_fee,11,24.76
IMPROVED_DA_fee,14,23.18
IMPROVED_DA_fee,15,23.5
IMPROVED_DA_fee,16,24.16
IMPROVED_DA_fee,17,18.71
IMPROVED_DA_fee,18,25.0
IMPROVED_DA_fee,19,21.16
IMPROVED_DA_fee,21,25.71
IMPROVED_DA_fee,20,23.48
IMPROVED_DA_fee,22,21.23
IMPROVED_DA_fee,23,22.67
IMPROVED_DA_fee,25,21.03
IMPROVED_DA_fee,24,19.92
IMPROVED_DA_fee,26,23.4
IMPROVED_DA_fee,27,25.76
IMPROVED_DA_fee,29,22.87
IMPROVED_DA_fee,28,18.33
IMPROVED_DA_fee,30,20.57
IMPROVED_DA_fee,31,24.88
IMPROVED_DA_fee,32,23.21
IMPROVED_DA_fee,34,20.67
IMPROVED_DA_fee,35,23.75
IMPROVED_DA_fee,33,25.21
IMPROVED_DA_fee,39,23.04
IMPROVED_DA_fee,36,22.7
IMPROVED_DA_fee,37,22.65
IMPROVED_DA_fee,38,23.83
IMPROVED_DA_fee,40,24.79
IMPROVED_DA_fee,41,22.03
IMPROVED_DA_fee,42,25.22
IMPROVED_DA_fee,43,24.46
IMPROVED_DA_fee,44,19.68
IMPROVED_DA_fee,45,22.6
IMPROVED_DA_fee,46,23.46
IMPROVED_DA_fee,48,24.93
IMPROVED_DA_fee,47,25.94
IMPROVED_DA_fee,50,24.68
IMPROVED_DA_fee,51,21.7
IMPROVED_DA_fee,49,25.09
IMPROVED_DA_fee,52,20.69
IMPROVED_DA_fee,53,24.54
IMPROVED_DA_fee,54,24.69
IMPROVED_DA_fee,55,23.66
IMPROVED_DA_fee,56,23.68
IMPROVED_DA_fee,57,25.4
IMPROVED_DA_fee,59,23.65
IMPROVED_DA_fee,58,21.9
IMPROVED_DA_fee,61,23.33
IMPROVED_DA_fee,60,25.38
IMPROVED_DA_fee,62,23.56
IMPROVED_DA_fee,65,20.07
IMPROVED_DA_fee,63,24.76
IMPROVED_DA_fee,64,26.97
IMPROVED_DA_fee,67,24.76
IMPROVED_DA_fee,66,22.54
IMPROVED_DA_fee,68,16.33
IMPROVED_DA_fee,70,25.28
IMPROVED_DA_fee,69,19.4
IMPROVED_DA_fee,71,23.55
IMPROVED_DA_fee,72,23.99
IMPROVED_DA_fee,73,19.05
IMPROVED_DA_fee,74,19.27
IMPROVED_DA_fee,77,24.43
IMPROVED_DA_fee,75,24.36
IMPROVED_DA_fee,76,21.54
IMPROVED_DA_fee,78,20.67
IMPROVED_DA_fee,79,22.36
IMPROVED_DA_fee,80,24.01
IMPROVED_DA_fee,81,26.86
IMPROVED_DA_fee,82,19.98
IMPROVED_DA_fee,83,18.46
IMPROVED_DA_fee,86,17.71
IMPROVED_DA_fee,85,20.51
IMPROVED_DA_fee,84,17.47
IMPROVED_DA_fee,87,15.72
IMPROVED_DA_fee,90,19.33
IMPROVED_DA_fee,89,23.58
IMPROVED_DA_fee,88,22.84
IMPROVED_DA_fee,91,24.08
IMPROVED_DA_fee,92,20.0
IMPROVED_DA_fee,93,21.39
IMPROVED_DA_fee,94,20.36
IMPROVED_DA_fee,95,18.82
IMPROVED_DA_fee,97,18.11
IMPROVED_DA_fee,96,19.47
IMPROVED_DA_fee,99,23.2
IMPROVED_DA_fee,98,22.15
IMPROVED_DA_fee,100,22.41
IMPROVED_DA_fee,102,24.19
IMPROVED_DA_fee,103,23.56
IMPROVED_DA_fee,101,23.49
IMPROVED_DA_fee,104,23.92
IMPROVED_DA_fee,105,25.9
IMPROVED_DA_fee,106,23.69
IMPROVED_DA_fee,107,26.29
IMPROVED_DA_fee,108,21.23
IMPROVED_DA_fee,109,23.5
IMPROVED_DA_fee,110,24.65
IMPROVED_DA_fee,111,24.39
IMPROVED_DA_fee,112,22.61
IMPROVED_DA_fee,113,24.16
IMPROVED_DA_fee,117,20.49
IMPROVED_DA_fee,115,24.06
IMPROVED_DA_fee,116,25.59
IMPROVED_DA_fee,114,19.94
IMPROVED_DA_fee,118,18.61
IMPROVED_DA_fee,120,23.83
IMPROVED_DA_fee,119,24.73
IMPROVED_DA_fee,122,20.7
IMPROVED_DA_fee,121,17.19
IMPROVED_DA_fee,123,24.25
IMPROVED_DA_fee,124,26.33
IMPROVED_DA_fee,125,26.0
IMPROVED_DA_fee,126,21.94
IMPROVED_DA_fee,128,25.29
IMPROVED_DA_fee,127,18.92
IMPROVED_DA_fee,131,17.77
IMPROVED_DA_fee,129,18.88
IMPROVED_DA_fee,130,24.77
IMPROVED_DA_fee,132,23.64
IMPROVED_DA_fee,133,26.06
IMPROVED_DA_fee,134,17.75
IMPROVED_DA_fee,135,20.27
IMPROVED_DA_fee,136,16.64
IMPROVED_DA_fee,137,15.68
IMPROVED_DA_fee,139,24.18
IMPROVED_DA_fee,138,23.1
IMPROVED_DA_fee,141,20.77
IMPROVED_DA_fee,142,23.92
IMPROVED_DA_fee,140,26.39
IMPROVED_DA_fee,144,24.56
IMPROVED_DA_fee,143,23.44
IMPROVED_DA_fee,146,23.02
IMPROVED_DA_fee,145,17.61
IMPROVED_DA_fee,148,20.7
IMPROVED_DA_fee,147,22.39
IMPROVED_DA_fee,149,22.84
IMPROVED_DA_fee,150,25.24
IMPROVED_DA_fee,152,22.84
IMPROVED_DA_fee,151,23.35
IMPROVED_DA_fee,153,25.01
IMPROVED_DA_fee,154,22.07
IMPROVED_DA_fee,155,23.3
IMPROVED_DA_fee,157,18.72
IMPROVED_DA_fee,158,23.43
IMPROVED_DA_fee,156,19.43
IMPROVED_DA_fee,159,24.61
IMPROVED_DA_fee,162,22.06
IMPROVED_DA_fee,161,23.41
IMPROVED_DA_fee,160,26.99
IMPROVED_DA_fee,163,25.07
IMPROVED_DA_fee,164,19.14
IMPROVED_DA_fee,165,20.56
IMPROVED_DA_fee,166,23.51
IMPROVED_DA_fee,167,22.86
IMPROVED_DA_fee,169,19.79
IMPROVED_DA_fee,168,24.51
IMPROVED_DA_fee,170,17.47
IMPROVED_DA_fee,171,20.87
IMPROVED_DA_fee,172,22.68
IMPROVED_DA_fee,173,21.8
IMPROVED_DA_fee,174,24.88
IMPROVED_DA_fee,175,22.62
IMPROVED_DA_fee,176,21.36
IMPROVED_DA_fee,177,24.25
IMPROVED_DA_fee,178,24.35
IMPROVED_DA_fee,179,20.88
IMPROVED_DA_fee,182,21.9
IMPROVED_DA_fee,180,25.42
IMPROVED_DA_fee,181,25.52
IMPROVED_DA_fee,183,23.33
IMPROVED_DA_fee,184,26.11
IMPROVED_DA_fee,185,25.04
IMPROVED_DA_fee,186,21.36
IMPROVED_DA_fee,187,20.57
IMPROVED_DA_fee,188,24.7
IMPROVED_DA_fee,189,25.28
IMPROVED_DA_fee,190,23.94
IMPROVED_DA_fee,191,20.94
IMPROVED_DA_fee,192,24.65
IMPROVED_DA_fee,195,24.64
IMPROVED_DA_fee,194,19.35
IMPROVED_DA_fee,193,20.63
IMPROVED_DA_fee,196,23.04
IMPROVED_DA_fee,197,23.71
IMPROVED_DA_fee,198,24.98
IMPROVED_DA_fee,201,21.84
IMPROVED_DA_fee,200,27.62
IMPROVED_DA_fee,199,25.17
IMPROVED_DA_fee,202,21.88
IMPROVED_DA_fee,203,23.92
IMPROVED_DA_fee,204,19.25
IMPROVED_DA_fee,205,26.92
IMPROVED_DA_fee,207,22.8
IMPROVED_DA_fee,206,24.22
IMPROVED_DA_fee,208,25.88
IMPROVED_DA_fee,210,21.17
IMPROVED_DA_fee,209,19.25
IMPROVED_DA_fee,213,21.38
IMPROVED_DA_fee,211,23.6
IMPROVED_DA_fee,212,25.97
IMPROVED_DA_fee,214,19.28
IMPROVED_DA_fee,215,23.92
IMPROVED_DA_fee,216,23.71
IMPROVED_DA_fee,217,22.2
IMPROVED_DA_fee,218,21.92
IMPROVED_DA_fee,219,25.92
IMPROVED_DA_fee,220,23.3
IMPROVED_DA_fee,221,23.9
IMPROVED_DA_fee,222,20.68
IMPROVED_DA_fee,223,26.92
IMPROVED_DA_fee,225,20.75
IMPROVED_DA_fee,224,19.64
IMPROVED_DA_fee,226,22.89
IMPROVED_DA_fee,227,23.6
IMPROVED_DA_fee,228,20.87
IMPROVED_DA_fee,229,20.41
IMPROVED_DA_fee,230,25.95
IMPROVED_DA_fee,231,26.64
IMPROVED_DA_fee,232,24.22
IMPROVED_DA_fee,233,23.32
IMPROVED_DA_fee,235,24.79
IMPROVED_DA_fee,234,24.1
IMPROVED_DA_fee,236,23.3
IMPROVED_DA_fee,237,20.04
IMPROVED_DA_fee,238,26.24
IMPROVED_DA_fee,239,21.87
IMPROVED_DA_fee,240,25.48
IMPROVED_DA_fee,241,23.08
IMPROVED_DA_fee,242,24.77
IMPROVED_DA_fee,243,19.6
IMPROVED_DA_fee,244,19.32
IMPROVED_DA_fee,247,22.27
IMPROVED_DA_fee,246,24.97
IMPROVED_DA_fee,245,25.95
IMPROVED_DA_fee,248,18.34
IMPROVED_DA_fee,249,21.42
IMPROVED_DA_fee,250,18.5
IMPROVED_DA_fee,251,25.24
IMPROVED_DA_fee,252,19.28
IMPROVED_DA_fee,253,17.23
IMPROVED_DA_fee,254,19.31
IMPROVED_DA_fee,255,22.54
IMPROVED_DA_fee,256,22.78
IMPROVED_DA_fee,257,22.42
IMPROVED_DA_fee,258,20.85
IMPROVED_DA_fee,259,17.86
IMPROVED_DA_fee,261,23.52
IMPROVED_DA_fee,260,24.06
IMPROVED_DA_fee,262,20.5
IMPROVED_DA_fee,263,18.02
IMPROVED_DA_fee,264,19.54
IMPROVED_DA_fee,265,23.31
IMPROVED_DA_fee,266,22.82
IMPROVED_DA_fee,267,21.69
IMPROVED_DA_fee,268,20.15
IMPROVED_DA_fee,271,23.11
IMPROVED_DA_fee,269,19.59
IMPROVED_DA_fee,272,24.11
IMPROVED_DA_fee,274,21.0
IMPROVED_DA_fee,270,23.45
IMPROVED_DA_fee,273,23.04
IMPROVED_DA_fee,275,24.71
IMPROVED_DA_fee,277,24.33
IMPROVED_DA_fee,276,19.6
IMPROVED_DA_fee,278,25.33
IMPROVED_DA_fee,279,24.87
IMPROVED_DA_fee,280,22.59
IMPROVED_DA_fee,281,17.45
IMPROVED_DA_fee,282,23.13
IMPROVED_DA_fee,284,18.15
IMPROVED_DA_fee,286,21.36
IMPROVED_DA_fee,283,22.57
IMPROVED_DA_fee,285,23.31
IMPROVED_DA_fee,287,23.82
IMPROVED_DA_fee,288,25.1
IMPROVED_DA_fee,289,25.39
IMPROVED_DA_fee,290,19.17
IMPROVED_DA_fee,291,22.23
IMPROVED_DA_fee,293,21.97
IMPROVED_DA_fee,292,22.28
IMPROVED_DA_fee,295,25.26
IMPROVED_DA_fee,296,22.49
IMPROVED_DA_fee,294,22.99
IMPROVED_DA_fee,298,17.98
IMPROVED_DA_fee,297,18.88
IMPROVED_DA_fee,299,22.35
IMPROVED_DA_fee,300,24.47
IMPROVED_DA_fee,301,21.52
IMPROVED_DA_fee,302,19.99
IMPROVED_DA_fee,303,24.4
IMPROVED_DA_fee,304,18.42
IMPROVED_DA_fee,305,24.74
IMPROVED_DA_fee,306,22.75
IMPROVED_DA_fee,308,23.95
IMPROVED_DA_fee,307,23.27
IMPROVED_DA_fee,309,17.17
IMPROVED_DA_fee,311,18.29
IMPROVED_DA_fee,310,23.12
IMPROVED_DA_fee,312,22.88
IMPROVED_DA_fee,313,22.44
IMPROVED_DA_fee,315,25.34
IMPROVED_DA_fee,314,24.34
IMPROVED_DA_fee,316,25.01
IMPROVED_DA_fee,317,19.96
IMPROVED_DA_fee,318,24.23
IMPROVED_DA_fee,319,23.0
IMPROVED_DA_fee,320,22.66
IMPROVED_DA_fee,321,20.23
IMPROVED_DA_fee,322,23.77
IMPROVED_DA_fee,325,23.45
IMPROVED_DA_fee,326,23.17
IMPROVED_DA_fee,323,22.79
IMPROVED_DA_fee,324,22.58
IMPROVED_DA_fee,327,24.54
IMPROVED_DA_fee,328,24.35
IMPROVED_DA_fee,329,25.98
IMPROVED_DA_fee,330,21.97
IMPROVED_DA_fee,331,17.4
IMPROVED_DA_fee,333,23.24
IMPROVED_DA_fee,332,22.57
IMPROVED_DA_fee,334,23.83
IMPROVED_DA_fee,335,20.24
IMPROVED_DA_fee,337,21.4
IMPROVED_DA_fee,336,24.38
IMPROVED_DA_fee,338,22.99
IMPROVED_DA_fee,339,20.09
IMPROVED_DA_fee,340,18.88
IMPROVED_DA_fee,341,25.3
IMPROVED_DA_fee,342,23.54
IMPROVED_DA_fee,343,24.44
IMPROVED_DA_fee,344,23.81
IMPROVED_DA_fee,345,19.58
IMPROVED_DA_fee,346,19.98
IMPROVED_DA_fee,348,26.15
IMPROVED_DA_fee,347,18.26
IMPROVED_DA_fee,349,22.3
IMPROVED_DA_fee,351,18.32
IMPROVED_DA_fee,350,18.99
IMPROVED_DA_fee,352,22.43
IMPROVED_DA_fee,353,22.81
IMPROVED_DA_fee,354,19.92
IMPROVED_DA_fee,355,24.22
IMPROVED_DA_fee,357,22.87
IMPROVED_DA_fee,356,24.4
IMPROVED_DA_fee,358,24.86
IMPROVED_DA_fee,359,18.68
IMPROVED_DA_fee,360,24.7
IMPROVED_DA_fee,361,25.96
IMPROVED_DA_fee,362,23.89
IMPROVED_DA_fee,363,22.35
IMPROVED_DA_fee,364,22.44
IMPROVED_DA_fee,365,23.91
IMPROVED_DA_fee,366,23.45
IMPROVED_DA_fee,367,21.31
IMPROVED_DA_fee,370,21.94
IMPROVED_DA_fee,369,20.18
IMPROVED_DA_fee,368,20.51
IMPROVED_DA_fee,372,24.69
IMPROVED_DA_fee,373,18.15
IMPROVED_DA_fee,371,22.67
IMPROVED_DA_fee,374,17.45
IMPROVED_DA_fee,375,24.82
IMPROVED_DA_fee,377,26.02
IMPROVED_DA_fee,376,23.13
IMPROVED_DA_fee,378,23.84
IMPROVED_DA_fee,379,18.41
IMPROVED_DA_fee,380,26.05
IMPROVED_DA_fee,382,24.55
IMPROVED_DA_fee,381,23.54
IMPROVED_DA_fee,383,24.14
IMPROVED_DA_fee,384,25.2
IMPROVED_DA_fee,385,18.27
IMPROVED_DA_fee,387,16.06
IMPROVED_DA_fee,386,22.69
IMPROVED_DA_fee,388,19.32
IMPROVED_DA_fee,389,19.5
IMPROVED_DA_fee,390,23.96
IMPROVED_DA_fee,391,25.06
IMPROVED_DA_fee,392,23.27
IMPROVED_DA_fee,393,18.76
IMPROVED_DA_fee,396,22.75
IMPROVED_DA_fee,394,24.98
IMPROVED_DA_fee,395,24.21
IMPROVED_DA_fee,397,23.72
IMPROVED_DA_fee,398,22.68
IMPROVED_DA_fee,400,25.27
IMPROVED_DA_fee,399,25.25
IMPROVED_DA_fee,401,18.62
IMPROVED_DA_fee,402,23.09
IMPROVED_DA_fee,403,18.85
IMPROVED_DA_fee,404,25.35
IMPROVED_DA_fee,405,23.6
IMPROVED_DA_fee,406,18.84
IMPROVED_DA_fee,407,24.24
IMPROVED_DA_fee,408,22.96
IMPROVED_DA_fee,409,19.96
IMPROVED_DA_fee,411,23.23
IMPROVED_DA_fee,410,24.95
IMPROVED_DA_fee,414,19.18
IMPROVED_DA_fee,412,16.62
IMPROVED_DA_fee,413,22.3
IMPROVED_DA_fee,415,19.01
IMPROVED_DA_fee,416,25.19
IMPROVED_DA_fee,417,24.79
IMPROVED_DA_fee,418,18.8
IMPROVED_DA_fee,419,21.74
IMPROVED_DA_fee,420,21.76
IMPROVED_DA_fee,421,21.83
IMPROVED_DA_fee,422,23.61
IMPROVED_DA_fee,425,20.93
IMPROVED_DA_fee,423,23.62
IMPROVED_DA_fee,424,22.49
IMPROVED_DA_fee,427,24.35
IMPROVED_DA_fee,426,22.71
IMPROVED_DA_fee,428,20.0
IMPROVED_DA_fee,429,25.86
IMPROVED_DA_fee,430,21.02
IMPROVED_DA_fee,431,24.67
IMPROVED_DA_fee,432,23.86
IMPROVED_DA_fee,433,22.84
IMPROVED_DA_fee,434,21.65
IMPROVED_DA_fee,435,22.96
IMPROVED_DA_fee,438,23.44
IMPROVED_DA_fee,436,20.95
IMPROVED_DA_fee,437,18.3
IMPROVED_DA_fee,439,24.2
IMPROVED_DA_fee,440,24.5
IMPROVED_DA_fee,442,20.4
IMPROVED_DA_fee,441,26.57
IMPROVED_DA_fee,443,20.38
IMPROVED_DA_fee,444,19.7
IMPROVED_DA_fee,445,20.32
IMPROVED_DA_fee,446,17.69
IMPROVED_DA_fee,447,23.82
IMPROVED_DA_fee,448,22.7
IMPROVED_DA_fee,449,22.02
IMPROVED_DA_fee,450,18.61
IMPROVED_DA_fee,451,21.46
IMPROVED_DA_fee,452,25.31
IMPROVED_DA_fee,453,20.27
IMPROVED_DA_fee,454,27.8
IMPROVED_DA_fee,455,23.95
IMPROVED_DA_fee,456,18.75
IMPROVED_DA_fee,457,23.83
IMPROVED_DA_fee,458,19.9
IMPROVED_DA_fee,459,23.28
IMPROVED_DA_fee,460,25.56
IMPROVED_DA_fee,461,23.14
IMPROVED_DA_fee,462,22.39
IMPROVED_DA_fee,463,18.16
IMPROVED_DA_fee,464,20.89
IMPROVED_DA_fee,465,23.54
IMPROVED_DA_fee,466,21.34
IMPROVED_DA_fee,468,18.93
IMPROVED_DA_fee,467,23.42
IMPROVED_DA_fee,470,17.24
IMPROVED_DA_fee,469,22.26
IMPROVED_DA_fee,471,22.19
IMPROVED_DA_fee,472,23.78
IMPROVED_DA_fee,473,24.2
IMPROVED_DA_fee,474,21.58
IMPROVED_DA_fee,475,26.56
IMPROVED_DA_fee,476,22.18
IMPROVED_DA_fee,477,21.24
IMPROVED_DA_fee,478,24.18
IMPROVED_DA_fee,479,25.75
IMPROVED_DA_fee,480,22.49
IMPROVED_DA_fee,481,25.41
IMPROVED_DA_fee,482,18.24
IMPROVED_DA_fee,483,20.51
IMPROVED_DA_fee,484,23.2
IMPROVED_DA_fee,485,21.62
IMPROVED_DA_fee,486,18.6
IMPROVED_DA_fee,487,22.11
IMPROVED_DA_fee,488,23.9
IMPROVED_DA_fee,489,20.65
IMPROVED_DA_fee,490,20.99
IMPROVED_DA_fee,491,19.33
IMPROVED_DA_fee,493,22.82
IMPROVED_DA_fee,492,22.46
IMPROVED_DA_fee,495,21.5
IMPROVED_DA_fee,494,24.79
IMPROVED_DA_fee,496,22.21
IMPROVED_DA_fee,497,17.88
IMPROVED_DA_fee,498,25.11
IMPROVED_DA_fee,500,25.98
IMPROVED_DA_fee,499,17.36
IMPROVED_DA_fee,501,20.51
IMPROVED_DA_fee,503,19.03
IMPROVED_DA_fee,502,27.59
IMPROVED_DA_fee,504,20.52
IMPROVED_DA_fee,505,23.97
IMPROVED_DA_fee,506,23.83
IMPROVED_DA_fee,507,19.26
IMPROVED_DA_fee,508,22.9
IMPROVED_DA_fee,510,23.93
IMPROVED_DA_fee,509,24.74
IMPROVED_DA_fee,511,26.32
IMPROVED_DA_fee,513,18.53
IMPROVED_DA_fee,512,21.27
IMPROVED_DA_fee,514,22.26
IMPROVED_DA_fee,516,25.01
IMPROVED_DA_fee,515,25.42
IMPROVED_DA_fee,517,24.34
IMPROVED_DA_fee,519,24.7
IMPROVED_DA_fee,518,21.35
IMPROVED_DA_fee,520,25.28
IMPROVED_DA_fee,521,18.69
IMPROVED_DA_fee,523,24.05
IMPROVED_DA_fee,522,21.13
IMPROVED_DA_fee,524,23.04
IMPROVED_DA_fee,525,19.18
IMPROVED_DA_fee,526,24.71
IMPROVED_DA_fee,528,19.73
IMPROVED_DA_fee,527,24.5
IMPROVED_DA_fee,529,20.79
IMPROVED_DA_fee,530,17.21
IMPROVED_DA_fee,531,21.93
IMPROVED_DA_fee,532,25.01
IMPROVED_DA_fee,533,21.04
IMPROVED_DA_fee,534,23.55
IMPROVED_DA_fee,535,24.62
IMPROVED_DA_fee,536,20.24
IMPROVED_DA_fee,537,20.21
IMPROVED_DA_fee,538,23.57
IMPROVED_DA_fee,539,23.25
IMPROVED_DA_fee,540,23.26
IMPROVED_DA_fee,541,20.07
IMPROVED_DA_fee,542,19.15
IMPROVED_DA_fee,543,21.56
IMPROVED_DA_fee,545,25.91
IMPROVED_DA_fee,544,23.02
IMPROVED_DA_fee,546,25.07
IMPROVED_DA_fee,547,20.21
IMPROVED_DA_fee,548,24.5
IMPROVED_DA_fee,549,23.46
IMPROVED_DA_fee,550,23.93
IMPROVED_DA_fee,551,19.11
IMPROVED_DA_fee,552,23.05
IMPROVED_DA_fee,553,20.28
IMPROVED_DA_fee,554,24.69
IMPROVED_DA_fee,555,21.34
IMPROVED_DA_fee,556,20.75
IMPROVED_DA_fee,558,20.12
IMPROVED_DA_fee,559,23.72
IMPROVED_DA_fee,557,17.14
IMPROVED_DA_fee,560,23.99
IMPROVED_DA_fee,562,23.69
IMPROVED_DA_fee,561,19.65
IMPROVED_DA_fee,563,23.54
IMPROVED_DA_fee,564,20.84
IMPROVED_DA_fee,565,22.17
IMPROVED_DA_fee,566,25.55
IMPROVED_DA_fee,568,24.65
IMPROVED_DA_fee,567,24.75
IMPROVED_DA_fee,571,24.81
IMPROVED_DA_fee,569,21.93
IMPROVED_DA_fee,570,23.43
IMPROVED_DA_fee,572,19.97
IMPROVED_DA_fee,573,22.42
IMPROVED_DA_fee,575,25.9
IMPROVED_DA_fee,574,25.36
IMPROVED_DA_fee,576,23.41
IMPROVED_DA_fee,577,25.84
IMPROVED_DA_fee,579,26.08
IMPROVED_DA_fee,578,20.67
IMPROVED_DA_fee,580,23.13
IMPROVED_DA_fee,581,23.6
IMPROVED_DA_fee,582,22.68
IMPROVED_DA_fee,583,21.39
IMPROVED_DA_fee,585,23.96
IMPROVED_DA_fee,584,17.83
IMPROVED_DA_fee,586,20.26
IMPROVED_DA_fee,588,24.27
IMPROVED_DA_fee,587,24.99
IMPROVED_DA_fee,589,22.64
IMPROVED_DA_fee,590,20.02
IMPROVED_DA_fee,591,23.43
IMPROVED_DA_fee,592,22.56
IMPROVED_DA_fee,593,24.58
IMPROVED_DA_fee,594,23.86
IMPROVED_DA_fee,595,20.46
IMPROVED_DA_fee,596,18.36
IMPROVED_DA_fee,597,19.45
IMPROVED_DA_fee,598,23.68
IMPROVED_DA_fee,599,20.95
IMPROVED_DA_fee,600,22.34
IMPROVED_DA_fee,601,20.41
IMPROVED_DA_fee,602,20.78
IMPROVED_DA_fee,604,24.83
IMPROVED_DA_fee,603,25.23
IMPROVED_DA_fee,605,20.91
IMPROVED_DA_fee,606,22.21
IMPROVED_DA_fee,607,20.52
IMPROVED_DA_fee,609,22.39
IMPROVED_DA_fee,608,17.85
IMPROVED_DA_fee,610,17.75
IMPROVED_DA_fee,611,19.81
IMPROVED_DA_fee,612,24.61
IMPROVED_DA_fee,613,21.07
IMPROVED_DA_fee,615,17.16
IMPROVED_DA_fee,614,25.88
IMPROVED_DA_fee,616,24.49
IMPROVED_DA_fee,617,26.36
IMPROVED_DA_fee,618,25.11
IMPROVED_DA_fee,619,25.7
IMPROVED_DA_fee,620,25.65
IMPROVED_DA_fee,622,22.76
IMPROVED_DA_fee,623,23.81
IMPROVED_DA_fee,621,24.53
IMPROVED_DA_fee,624,22.24
IMPROVED_DA_fee,625,22.69
IMPROVED_DA_fee,626,22.66
IMPROVED_DA_fee,627,24.29
IMPROVED_DA_fee,628,25.72
IMPROVED_DA_fee,629,20.17
IMPROVED_DA_fee,630,20.56
IMPROVED_DA_fee,631,21.9
IMPROVED_DA_fee,633,21.38
IMPROVED_DA_fee,636,22.0
IMPROVED_DA_fee,634,23.84
IMPROVED_DA_fee,637,19.79
IMPROVED_DA_fee,632,23.7
IMPROVED_DA_fee,635,22.42
IMPROVED_DA_fee,638,23.9
IMPROVED_DA_fee,639,24.27
IMPROVED_DA_fee,641,24.71
IMPROVED_DA_fee,640,18.8
IMPROVED_DA_fee,642,22.97
IMPROVED_DA_fee,643,22.36
IMPROVED_DA_fee,646,22.11
IMPROVED_DA_fee,644,19.43
IMPROVED_DA_fee,645,19.43
IMPROVED_DA_fee,647,19.54
IMPROVED_DA_fee,649,19.88
IMPROVED_DA_fee,648,24.25
IMPROVED_DA_fee,650,19.57
IMPROVED_DA_fee,651,23.36
IMPROVED_DA_fee,652,23.16
IMPROVED_DA_fee,654,20.47
IMPROVED_DA_fee,653,16.79
IMPROVED_DA_fee,655,23.51
IMPROVED_DA_fee,656,26.44
IMPROVED_DA_fee,659,18.92
IMPROVED_DA_fee,657,21.91
IMPROVED_DA_fee,660,17.83
IMPROVED_DA_fee,658,25.12
IMPROVED_DA_fee,661,19.36
IMPROVED_DA_fee,663,22.8
IMPROVED_DA_fee,662,26.75
IMPROVED_DA_fee,665,21.97
IMPROVED_DA_fee,664,23.56
IMPROVED_DA_fee,666,21.21
IMPROVED_DA_fee,667,20.8
IMPROVED_DA_fee,668,24.33
IMPROVED_DA_fee,669,22.26
IMPROVED_DA_fee,671,23.22
IMPROVED_DA_fee,670,26.46
IMPROVED_DA_fee,672,20.13
IMPROVED_DA_fee,675,22.62
IMPROVED_DA_fee,674,23.83
IMPROVED_DA_fee,676,27.12
IMPROVED_DA_fee,673,25.89
IMPROVED_DA_fee,677,24.75
IMPROVED_DA_fee,678,25.58
IMPROVED_DA_fee,679,19.56
IMPROVED_DA_fee,680,22.48
IMPROVED_DA_fee,681,25.94
IMPROVED_DA_fee,684,24.86
IMPROVED_DA_fee,683,21.63
IMPROVED_DA_fee,682,22.05
IMPROVED_DA_fee,685,19.53
IMPROVED_DA_fee,689,19.03
IMPROVED_DA_fee,687,21.74
IMPROVED_DA_fee,688,20.8
IMPROVED_DA_fee,686,22.09
IMPROVED_DA_fee,690,25.57
IMPROVED_DA_fee,691,17.36
IMPROVED_DA_fee,692,21.32
IMPROVED_DA_fee,694,23.16
IMPROVED_DA_fee,693,20.4
IMPROVED_DA_fee,695,24.9
IMPROVED_DA_fee,698,22.31
IMPROVED_DA_fee,696,23.62
IMPROVED_DA_fee,697,26.7
IMPROVED_DA_fee,701,19.46
IMPROVED_DA_fee,700,24.82
IMPROVED_DA_fee,702,16.31
IMPROVED_DA_fee,699,23.06
IMPROVED_DA_fee,703,24.78
IMPROVED_DA_fee,704,25.66
IMPROVED_DA_fee,705,20.68
IMPROVED_DA_fee,707,22.28
IMPROVED_DA_fee,706,19.81
IMPROVED_DA_fee,709,24.33
IMPROVED_DA_fee,708,22.71
IMPROVED_DA_fee,710,25.46
IMPROVED_DA_fee,713,20.16
IMPROVED_DA_fee,714,21.96
IMPROVED_DA_fee,715,26.61
IMPROVED_DA_fee,711,26.75
IMPROVED_DA_fee,712,22.55
IMPROVED_DA_fee,716,23.61
IMPROVED_DA_fee,717,24.34
IMPROVED_DA_fee,718,17.46
IMPROVED_DA_fee,720,19.22
IMPROVED_DA_fee,719,23.29
IMPROVED_DA_fee,721,21.29
IMPROVED_DA_fee,723,25.39
IMPROVED_DA_fee,722,24.25
IMPROVED_DA_fee,724,21.86
IMPROVED_DA_fee,725,23.52
IMPROVED_DA_fee,726,23.18
IMPROVED_DA_fee,727,21.83
IMPROVED_DA_fee,728,17.93
IMPROVED_DA_fee,729,19.01
IMPROVED_DA_fee,730,24.06
IMPROVED_DA_fee,731,24.45
IMPROVED_DA_fee,733,21.9
IMPROVED_DA_fee,734,22.7
IMPROVED_DA_fee,732,24.88
IMPROVED_DA_fee,736,25.12
IMPROVED_DA_fee,735,24.73
IMPROVED_DA_fee,739,24.06
IMPROVED_DA_fee,737,21.48
IMPROVED_DA_fee,738,18.24
IMPROVED_DA_fee,741,24.63
IMPROVED_DA_fee,740,24.81
IMPROVED_DA_fee,742,23.44
IMPROVED_DA_fee,744,21.33
IMPROVED_DA_fee,743,19.05
IMPROVED_DA_fee,745,24.09
IMPROVED_DA_fee,746,22.18
IMPROVED_DA_fee,747,19.21
IMPROVED_DA_fee,748,24.13
IMPROVED_DA_fee,749,22.0
IMPROVED_DA_fee,750,21.35
IMPROVED_DA_fee,751,25.62
IMPROVED_DA_fee,753,24.47
IMPROVED_DA_fee,752,23.46
IMPROVED_DA_fee,754,18.24
IMPROVED_DA_fee,755,24.36
IMPROVED_DA_fee,757,23.89
IMPROVED_DA_fee,756,18.24
IMPROVED_DA_fee,758,24.89
IMPROVED_DA_fee,759,22.38
IMPROVED_DA_fee,760,16.98
IMPROVED_DA_fee,761,23.43
IMPROVED_DA_fee,762,24.6
IMPROVED_DA_fee,763,24.12
IMPROVED_DA_fee,765,25.49
IMPROVED_DA_fee,764,25.1
IMPROVED_DA_fee,766,22.15
IMPROVED_DA_fee,767,22.25
IMPROVED_DA_fee,768,22.08
IMPROVED_DA_fee,771,24.57
IMPROVED_DA_fee,770,20.34
IMPROVED_DA_fee,772,22.99
IMPROVED_DA_fee,769,24.8
IMPROVED_DA_fee,773,21.69
IMPROVED_DA_fee,774,22.86
IMPROVED_DA_fee,775,18.17
IMPROVED_DA_fee,776,26.07
IMPROVED_DA_fee,777,23.41
IMPROVED_DA_fee,778,17.34
IMPROVED_DA_fee,779,26.05
IMPROVED_DA_fee,780,24.32
IMPROVED_DA_fee,781,25.13
IMPROVED_DA_fee,783,24.07
IMPROVED_DA_fee,782,25.55
IMPROVED_DA_fee,784,20.0
IMPROVED_DA_fee,785,20.76
IMPROVED_DA_fee,786,23.82
IMPROVED_DA_fee,787,20.46
IMPROVED_DA_fee,788,17.69
IMPROVED_DA_fee,789,23.35
IMPROVED_DA_fee,790,25.48
IMPROVED_DA_fee,791,17.69
IMPROVED_DA_fee,792,22.37
IMPROVED_DA_fee,793,23.02
IMPROVED_DA_fee,794,22.03
IMPROVED_DA_fee,795,22.65
IMPROVED_DA_fee,797,23.97
IMPROVED_DA_fee,796,24.72
IMPROVED_DA_fee,798,23.63
IMPROVED_DA_fee,799,26.33
IMPROVED_DA_fee,800,19.2
IMPROVED_DA_fee,801,22.21
IMPROVED_DA_fee,802,19.92
IMPROVED_DA_fee,804,20.87
IMPROVED_DA_fee,803,19.07
IMPROVED_DA_fee,806,22.84
IMPROVED_DA_fee,805,21.63
IMPROVED_DA_fee,807,23.91
IMPROVED_DA_fee,808,25.28
IMPROVED_DA_fee,811,23.16
IMPROVED_DA_fee,809,22.6
IMPROVED_DA_fee,810,18.19
IMPROVED_DA_fee,812,24.0
IMPROVED_DA_fee,813,21.6
IMPROVED_DA_fee,814,26.07
IMPROVED_DA_fee,815,21.63
IMPROVED_DA_fee,817,25.28
IMPROVED_DA_fee,816,23.18
IMPROVED_DA_fee,818,22.59
IMPROVED_DA_fee,819,21.51
IMPROVED_DA_fee,820,25.56
IMPROVED_DA_fee,821,22.81
IMPROVED_DA_fee,822,20.73
IMPROVED_DA_fee,824,25.0
IMPROVED_DA_fee,823,19.68
IMPROVED_DA_fee,825,21.25
IMPROVED_DA_fee,826,21.61
IMPROVED_DA_fee,829,22.16
IMPROVED_DA_fee,827,24.04
IMPROVED_DA_fee,828,26.03
IMPROVED_DA_fee,830,23.63
IMPROVED_DA_fee,831,21.22
IMPROVED_DA_fee,832,24.46
IMPROVED_DA_fee,833,25.16
IMPROVED_DA_fee,835,23.92
IMPROVED_DA_fee,834,20.25
IMPROVED_DA_fee,836,23.93
IMPROVED_DA_fee,837,17.72
IMPROVED_DA_fee,838,22.88
IMPROVED_DA_fee,840,25.09
IMPROVED_DA_fee,841,18.94
IMPROVED_DA_fee,839,22.22
IMPROVED_DA_fee,843,25.16
IMPROVED_DA_fee,842,22.84
IMPROVED_DA_fee,844,24.23
IMPROVED_DA_fee,845,23.88
IMPROVED_DA_fee,846,16.71
IMPROVED_DA_fee,847,21.63
IMPROVED_DA_fee,849,21.82
IMPROVED_DA_fee,850,22.61
IMPROVED_DA_fee,848,22.49
IMPROVED_DA_fee,851,24.08
IMPROVED_DA_fee,852,20.56
IMPROVED_DA_fee,853,24.47
IMPROVED_DA_fee,854,19.36
IMPROVED_DA_fee,855,25.34
IMPROVED_DA_fee,856,22.16
IMPROVED_DA_fee,857,22.96
IMPROVED_DA_fee,858,26.27
IMPROVED_DA_fee,860,23.73
IMPROVED_DA_fee,861,19.26
IMPROVED_DA_fee,862,18.76
IMPROVED_DA_fee,864,23.14
IMPROVED_DA_fee,859,20.41
IMPROVED_DA_fee,863,22.99
IMPROVED_DA_fee,865,20.27
IMPROVED_DA_fee,867,17.65
IMPROVED_DA_fee,868,23.99
IMPROVED_DA_fee,866,22.73
IMPROVED_DA_fee,869,21.89
IMPROVED_DA_fee,870,22.81
IMPROVED_DA_fee,871,20.28
IMPROVED_DA_fee,872,19.16
IMPROVED_DA_fee,875,25.97
IMPROVED_DA_fee,874,22.96
IMPROVED_DA_fee,873,21.62
IMPROVED_DA_fee,877,21.32
IMPROVED_DA_fee,876,26.45
IMPROVED_DA_fee,878,25.46
IMPROVED_DA_fee,880,19.89
IMPROVED_DA_fee,879,25.14
IMPROVED_DA_fee,882,23.4
IMPROVED_DA_fee,881,22.31
IMPROVED_DA_fee,883,24.39
IMPROVED_DA_fee,884,24.91
IMPROVED_DA_fee,885,18.67
IMPROVED_DA_fee,888,22.72
IMPROVED_DA_fee,886,19.53
IMPROVED_DA_fee,887,22.02
IMPROVED_DA_fee,890,22.99
IMPROVED_DA_fee,889,21.02
IMPROVED_DA_fee,891,24.1
IMPROVED_DA_fee,893,21.81
IMPROVED_DA_fee,894,19.14
IMPROVED_DA_fee,895,23.61
IMPROVED_DA_fee,892,23.51
IMPROVED_DA_fee,896,18.68
IMPROVED_DA_fee,897,24.85
IMPROVED_DA_fee,898,23.57
IMPROVED_DA_fee,900,17.69
IMPROVED_DA_fee,899,18.73
IMPROVED_DA_fee,901,24.14
IMPROVED_DA_fee,903,23.36
IMPROVED_DA_fee,902,22.97
IMPROVED_DA_fee,904,22.13
IMPROVED_DA_fee,905,21.06
IMPROVED_DA_fee,908,20.19
IMPROVED_DA_fee,907,20.52
IMPROVED_DA_fee,906,23.22
IMPROVED_DA_fee,909,23.28
IMPROVED_DA_fee,910,23.78
IMPROVED_DA_fee,912,24.44
IMPROVED_DA_fee,911,19.35
IMPROVED_DA_fee,913,24.74
IMPROVED_DA_fee,915,22.76
IMPROVED_DA_fee,914,22.83
IMPROVED_DA_fee,916,25.62
IMPROVED_DA_fee,917,24.43
IMPROVED_DA_fee,919,19.08
IMPROVED_DA_fee,918,25.39
IMPROVED_DA_fee,920,23.66
IMPROVED_DA_fee,921,20.2
IMPROVED_DA_fee,922,21.01
IMPROVED_DA_fee,923,24.8
IMPROVED_DA_fee,924,20.83
IMPROVED_DA_fee,925,24.34
IMPROVED_DA_fee,927,26.06
IMPROVED_DA_fee,931,24.23
IMPROVED_DA_fee,928,24.66
IMPROVED_DA_fee,926,22.81
IMPROVED_DA_fee,929,22.1
IMPROVED_DA_fee,930,21.44
IMPROVED_DA_fee,932,20.24
IMPROVED_DA_fee,934,21.81
IMPROVED_DA_fee,933,24.79
IMPROVED_DA_fee,935,24.03
IMPROVED_DA_fee,936,20.75
IMPROVED_DA_fee,937,24.03
IMPROVED_DA_fee,938,23.35
IMPROVED_DA_fee,939,26.09
IMPROVED_DA_fee,941,23.09
IMPROVED_DA_fee,942,21.65
IMPROVED_DA_fee,940,22.51
IMPROVED_DA_fee,943,24.64
IMPROVED_DA_fee,944,19.87
IMPROVED_DA_fee,945,25.34
IMPROVED_DA_fee,946,23.52
IMPROVED_DA_fee,947,21.62
IMPROVED_DA_fee,948,24.29
IMPROVED_DA_fee,949,22.49
IMPROVED_DA_fee,950,22.8
IMPROVED_DA_fee,952,18.72
IMPROVED_DA_fee,951,22.04
IMPROVED_DA_fee,954,24.44
IMPROVED_DA_fee,953,21.99
IMPROVED_DA_fee,957,18.4
IMPROVED_DA_fee,955,19.51
IMPROVED_DA_fee,956,25.59
IMPROVED_DA_fee,958,21.19
IMPROVED_DA_fee,960,23.92
IMPROVED_DA_fee,959,23.79
IMPROVED_DA_fee,961,21.7
IMPROVED_DA_fee,962,21.73
IMPROVED_DA_fee,963,23.88
IMPROVED_DA_fee,964,24.84
IMPROVED_DA_fee,966,21.14
IMPROVED_DA_fee,967,19.42
IMPROVED_DA_fee,965,23.22
IMPROVED_DA_fee,968,23.63
IMPROVED_DA_fee,969,24.28
IMPROVED_DA_fee,970,21.66
IMPROVED_DA_fee,971,23.13
IMPROVED_DA_fee,972,20.06
IMPROVED_DA_fee,973,23.22
IMPROVED_DA_fee,974,23.55
IMPROVED_DA_fee,975,22.69
IMPROVED_DA_fee,976,21.05
IMPROVED_DA_fee,978,18.94
IMPROVED_DA_fee,979,22.27
IMPROVED_DA_fee,977,25.52
IMPROVED_DA_fee,981,19.21
IMPROVED_DA_fee,980,24.12
IMPROVED_DA_fee,982,25.56
IMPROVED_DA_fee,983,20.15
IMPROVED_DA_fee,984,22.07
IMPROVED_DA_fee,985,22.83
IMPROVED_DA_fee,986,22.42
IMPROVED_DA_fee,987,25.09
IMPROVED_DA_fee,988,18.2
IMPROVED_DA_fee,989,18.69
IMPROVED_DA_fee,990,20.16
IMPROVED_DA_fee,991,19.44
IMPROVED_DA_fee,992,24.23
IMPROVED_DA_fee,994,21.03
IMPROVED_DA_fee,993,18.51
IMPROVED_DA_fee,995,19.28
IMPROVED_DA_fee,996,25.03
IMPROVED_DA_fee,997,24.37
IMPROVED_DA_fee,998,20.85
IMPROVED_DA_fee,999,24.24
IMPROVED_BA_fee,1,23.07
IMPROVED_BA_fee,0,28.05
IMPROVED_BA_fee,3,28.89
IMPROVED_BA_fee,2,30.89
IMPROVED_BA_fee,4,22.8
IMPROVED_BA_fee,5,24.32
IMPROVED_BA_fee,6,26.7
IMPROVED_BA_fee,8,26.24
IMPROVED_BA_fee,7,27.71
IMPROVED_BA_fee,11,23.35
IMPROVED_BA_fee,9,26.69
IMPROVED_BA_fee,10,25.79
IMPROVED_BA_fee,12,25.35
IMPROVED_BA_fee,13,23.76
IMPROVED_BA_fee,14,24.81
IMPROVED_BA_fee,15,23.09
IMPROVED_BA_fee,16,21.87
IMPROVED_BA_fee,18,26.81
IMPROVED_BA_fee,17,28.24
IMPROVED_BA_fee,19,25.29
IMPROVED_BA_fee,20,23.28
IMPROVED_BA_fee,21,24.48
IMPROVED_BA_fee,22,25.03
IMPROVED_BA_fee,24,27.05
IMPROVED_BA_fee,25,26.29
IMPROVED_BA_fee,23,25.06
IMPROVED_BA_fee,26,23.59
IMPROVED_BA_fee,27,24.67
IMPROVED_BA_fee,28,27.26
IMPROVED_BA_fee,30,25.43
IMPROVED_BA_fee,29,23.64
IMPROVED_BA_fee,31,24.46
IMPROVED_BA_fee,32,23.09
IMPROVED_BA_fee,33,25.76
IMPROVED_BA_fee,34,25.04
IMPROVED_BA_fee,35,24.31
IMPROVED_BA_fee,36,23.07
IMPROVED_BA_fee,37,24.41
IMPROVED_BA_fee,38,27.05
IMPROVED_BA_fee,39,23.73
IMPROVED_BA_fee,40,24.24
IMPROVED_BA_fee,41,23.59
IMPROVED_BA_fee,43,22.56
IMPROVED_BA_fee,42,25.47
IMPROVED_BA_fee,44,26.58
IMPROVED_BA_fee,45,24.65
IMPROVED_BA_fee,46,23.79
IMPROVED_BA_fee,47,25.65
IMPROVED_BA_fee,49,26.47
IMPROVED_BA_fee,50,21.88
IMPROVED_BA_fee,48,25.16
IMPROVED_BA_fee,51,24.79
IMPROVED_BA_fee,52,26.08
IMPROVED_BA_fee,53,24.14
IMPROVED_BA_fee,54,22.8
IMPROVED_BA_fee,55,22.36
IMPROVED_BA_fee,56,22.43
IMPROVED_BA_fee,57,23.95
IMPROVED_BA_fee,58,24.82
IMPROVED_BA_fee,59,23.36
IMPROVED_BA_fee,60,24.17
IMPROVED_BA_fee,62,23.0
IMPROVED_BA_fee,61,23.37
IMPROVED_BA_fee,63,24.8
IMPROVED_BA_fee,65,26.31
IMPROVED_BA_fee,64,28.04
IMPROVED_BA_fee,66,24.89
IMPROVED_BA_fee,67,23.49
IMPROVED_BA_fee,68,30.01
IMPROVED_BA_fee,69,26.5
IMPROVED_BA_fee,70,26.12
IMPROVED_BA_fee,71,24.7
IMPROVED_BA_fee,74,27.29
IMPROVED_BA_fee,72,23.44
IMPROVED_BA_fee,73,27.5
IMPROVED_BA_fee,75,24.34
IMPROVED_BA_fee,76,23.96
IMPROVED_BA_fee,78,25.97
IMPROVED_BA_fee,77,25.52
IMPROVED_BA_fee,79,25.44
IMPROVED_BA_fee,80,22.54
IMPROVED_BA_fee,81,26.67
IMPROVED_BA_fee,82,26.98
IMPROVED_BA_fee,84,29.09
IMPROVED_BA_fee,83,27.81
IMPROVED_BA_fee,86,28.18
IMPROVED_BA_fee,85,26.07
IMPROVED_BA_fee,88,23.16
IMPROVED_BA_fee,87,30.45
IMPROVED_BA_fee,90,27.28
IMPROVED_BA_fee,91,24.75
IMPROVED_BA_fee,89,22.64
IMPROVED_BA_fee,92,25.41
IMPROVED_BA_fee,94,25.52
IMPROVED_BA_fee,93,23.62
IMPROVED_BA_fee,95,28.72
IMPROVED_BA_fee,96,27.14
IMPROVED_BA_fee,97,27.83
IMPROVED_BA_fee,99,24.41
IMPROVED_BA_fee,98,24.43
IMPROVED_BA_fee,103,23.99
IMPROVED_BA_fee,100,23.93
IMPROVED_BA_fee,102,25.36
IMPROVED_BA_fee,101,22.87
IMPROVED_BA_fee,104,22.92
IMPROVED_BA_fee,105,27.12
IMPROVED_BA_fee,107,27.22
IMPROVED_BA_fee,106,23.92
IMPROVED_BA_fee,108,26.07
IMPROVED_BA_fee,109,22.4
IMPROVED_BA_fee,110,24.04
IMPROVED_BA_fee,111,24.0
IMPROVED_BA_fee,112,23.18
IMPROVED_BA_fee,114,25.8
IMPROVED_BA_fee,115,24.44
IMPROVED_BA_fee,113,23.93
IMPROVED_BA_fee,116,25.35
IMPROVED_BA_fee,117,25.67
IMPROVED_BA_fee,118,27.83
IMPROVED_BA_fee,120,22.9
IMPROVED_BA_fee,119,26.12
IMPROVED_BA_fee,121,26.9
IMPROVED_BA_fee,123,22.94
IMPROVED_BA_fee,122,25.31
IMPROVED_BA_fee,124,27.03
IMPROVED_BA_fee,125,25.99
IMPROVED_BA_fee,126,24.77
IMPROVED_BA_fee,127,26.19
IMPROVED_BA_fee,128,24.69
IMPROVED_BA_fee,130,23.97
IMPROVED_BA_fee,129,26.99
IMPROVED_BA_fee,131,29.03
IMPROVED_BA_fee,132,22.63
IMPROVED_BA_fee,133,25.76
IMPROVED_BA_fee,134,28.53
IMPROVED_BA_fee,135,25.89
IMPROVED_BA_fee,136,29.42
IMPROVED_BA_fee,137,30.59
IMPROVED_BA_fee,138,22.81
IMPROVED_BA_fee,139,22.53
IMPROVED_BA_fee,141,25.79
IMPROVED_BA_fee,140,26.72
IMPROVED_BA_fee,143,22.14
IMPROVED_BA_fee,142,22.27
IMPROVED_BA_fee,144,23.19
IMPROVED_BA_fee,146,22.52
IMPROVED_BA_fee,145,28.38
IMPROVED_BA_fee,147,24.19
IMPROVED_BA_fee,148,25.97
IMPROVED_BA_fee,149,23.98
IMPROVED_BA_fee,150,25.25
IMPROVED_BA_fee,152,23.6
IMPROVED_BA_fee,151,22.71
IMPROVED_BA_fee,153,23.64
IMPROVED_BA_fee,154,25.34
IMPROVED_BA_fee,155,22.89
IMPROVED_BA_fee,156,26.64
IMPROVED_BA_fee,157,28.31
IMPROVED_BA_fee,159,23.73
IMPROVED_BA_fee,160,29.19
IMPROVED_BA_fee,158,23.89
IMPROVED_BA_fee,161,25.75
IMPROVED_BA_fee,162,23.97
IMPROVED_BA_fee,163,22.19
IMPROVED_BA_fee,165,26.31
IMPROVED_BA_fee,164,27.1
IMPROVED_BA_fee,166,23.78
IMPROVED_BA_fee,169,26.77
IMPROVED_BA_fee,167,23.71
IMPROVED_BA_fee,168,25.49
IMPROVED_BA_fee,170,28.89
IMPROVED_BA_fee,173,24.3
IMPROVED_BA_fee,172,23.7
IMPROVED_BA_fee,171,27.26
IMPROVED_BA_fee,174,25.79
IMPROVED_BA_fee,175,24.72
IMPROVED_BA_fee,176,23.81
IMPROVED_BA_fee,177,24.07
IMPROVED_BA_fee,178,22.37
IMPROVED_BA_fee,179,25.29
IMPROVED_BA_fee,180,25.98
IMPROVED_BA_fee,182,24.41
IMPROVED_BA_fee,181,26.27
IMPROVED_BA_fee,183,24.82
IMPROVED_BA_fee,184,23.62
IMPROVED_BA_fee,186,23.88
IMPROVED_BA_fee,185,24.04
IMPROVED_BA_fee,187,26.26
IMPROVED_BA_fee,189,22.05
IMPROVED_BA_fee,188,25.48
IMPROVED_BA_fee,190,23.94
IMPROVED_BA_fee,191,26.06
IMPROVED_BA_fee,192,25.09
IMPROVED_BA_fee,194,26.98
IMPROVED_BA_fee,193,25.78
IMPROVED_BA_fee,195,24.38
IMPROVED_BA_fee,196,23.76
IMPROVED_BA_fee,198,24.91
IMPROVED_BA_fee,197,23.26
IMPROVED_BA_fee,199,26.36
IMPROVED_BA_fee,200,29.26
IMPROVED_BA_fee,202,25.09
IMPROVED_BA_fee,201,23.91
IMPROVED_BA_fee,203,24.22
IMPROVED_BA_fee,204,26.1
IMPROVED_BA_fee,205,28.37
IMPROVED_BA_fee,206,23.04
IMPROVED_BA_fee,207,23.07
IMPROVED_BA_fee,208,26.65
IMPROVED_BA_fee,209,26.22
IMPROVED_BA_fee,211,25.31
IMPROVED_BA_fee,210,25.3
IMPROVED_BA_fee,212,26.21
IMPROVED_BA_fee,213,25.54
IMPROVED_BA_fee,215,26.25
IMPROVED_BA_fee,214,27.34
IMPROVED_BA_fee,216,23.07
IMPROVED_BA_fee,217,24.46
IMPROVED_BA_fee,218,25.21
IMPROVED_BA_fee,220,23.28
IMPROVED_BA_fee,219,25.25
IMPROVED_BA_fee,221,23.07
IMPROVED_BA_fee,222,26.54
IMPROVED_BA_fee,224,27.96
IMPROVED_BA_fee,223,28.94
IMPROVED_BA_fee,225,25.72
IMPROVED_BA_fee,226,24.11
IMPROVED_BA_fee,227,24.7
IMPROVED_BA_fee,228,25.88
IMPROVED_BA_fee,229,25.94
IMPROVED_BA_fee,231,28.27
IMPROVED_BA_fee,230,27.13
IMPROVED_BA_fee,232,23.89
IMPROVED_BA_fee,234,24.14
IMPROVED_BA_fee,233,23.27
IMPROVED_BA_fee,236,23.33
IMPROVED_BA_fee,235,24.25
IMPROVED_BA_fee,237,26.89
IMPROVED_BA_fee,238,27.18
IMPROVED_BA_fee,239,24.94
IMPROVED_BA_fee,241,24.27
IMPROVED_BA_fee,240,23.23
IMPROVED_BA_fee,242,22.46
IMPROVED_BA_fee,243,26.02
IMPROVED_BA_fee,244,26.79
IMPROVED_BA_fee,245,24.96
IMPROVED_BA_fee,247,24.37
IMPROVED_BA_fee,246,24.25
IMPROVED_BA_fee,248,28.01
IMPROVED_BA_fee,249,25.75
IMPROVED_BA_fee,250,28.17
IMPROVED_BA_fee,251,23.93
IMPROVED_BA_fee,252,27.44
IMPROVED_BA_fee,254,26.32
IMPROVED_BA_fee,253,28.56
IMPROVED_BA_fee,255,23.49
IMPROVED_BA_fee,256,23.1
IMPROVED_BA_fee,257,23.82
IMPROVED_BA_fee,260,23.29
IMPROVED_BA_fee,258,25.26
IMPROVED_BA_fee,259,28.24
IMPROVED_BA_fee,261,22.18
IMPROVED_BA_fee,262,25.81
IMPROVED_BA_fee,263,28.6
IMPROVED_BA_fee,265,23.67
IMPROVED_BA_fee,264,26.11
IMPROVED_BA_fee,266,24.11
IMPROVED_BA_fee,267,25.58
IMPROVED_BA_fee,268,27.03
IMPROVED_BA_fee,270,23.09
IMPROVED_BA_fee,269,26.85
IMPROVED_BA_fee,272,24.08
IMPROVED_BA_fee,273,23.64
IMPROVED_BA_fee,274,25.67
IMPROVED_BA_fee,271,24.43
IMPROVED_BA_fee,275,25.17
IMPROVED_BA_fee,276,26.2
IMPROVED_BA_fee,277,23.98
IMPROVED_BA_fee,278,22.03
IMPROVED_BA_fee,279,25.55
IMPROVED_BA_fee,280,24.35
IMPROVED_BA_fee,281,27.97
IMPROVED_BA_fee,283,22.94
IMPROVED_BA_fee,282,24.87
IMPROVED_BA_fee,284,28.26
IMPROVED_BA_fee,285,22.57
IMPROVED_BA_fee,286,25.04
IMPROVED_BA_fee,287,23.83
IMPROVED_BA_fee,288,24.67
IMPROVED_BA_fee,289,27.25
IMPROVED_BA_fee,291,24.72
IMPROVED_BA_fee,290,27.41
IMPROVED_BA_fee,292,24.42
IMPROVED_BA_fee,293,24.0
IMPROVED_BA_fee,294,23.58
IMPROVED_BA_fee,295,25.86
IMPROVED_BA_fee,296,24.19
IMPROVED_BA_fee,297,27.5
IMPROVED_BA_fee,298,27.78
IMPROVED_BA_fee,299,23.73
IMPROVED_BA_fee,300,25.1
IMPROVED_BA_fee,301,25.27
IMPROVED_BA_fee,302,26.61
IMPROVED_BA_fee,303,23.01
IMPROVED_BA_fee,304,27.85
IMPROVED_BA_fee,305,22.83
IMPROVED_BA_fee,307,22.16
IMPROVED_BA_fee,306,24.45
IMPROVED_BA_fee,308,22.22
IMPROVED_BA_fee,310,23.45
IMPROVED_BA_fee,309,28.75
IMPROVED_BA_fee,311,28.71
IMPROVED_BA_fee,312,24.1
IMPROVED_BA_fee,314,22.2
IMPROVED_BA_fee,313,22.88
IMPROVED_BA_fee,315,24.67
IMPROVED_BA_fee,317,26.11
IMPROVED_BA_fee,316,24.92
IMPROVED_BA_fee,318,23.34
IMPROVED_BA_fee,319,23.09
IMPROVED_BA_fee,320,25.05
IMPROVED_BA_fee,322,22.87
IMPROVED_BA_fee,321,26.48
IMPROVED_BA_fee,323,24.12
IMPROVED_BA_fee,324,24.76
IMPROVED_BA_fee,325,23.73
IMPROVED_BA_fee,327,23.2
IMPROVED_BA_fee,326,22.81
IMPROVED_BA_fee,328,23.63
IMPROVED_BA_fee,330,25.54
IMPROVED_BA_fee,329,28.2
IMPROVED_BA_fee,331,28.75
IMPROVED_BA_fee,332,23.69
IMPROVED_BA_fee,334,25.65
IMPROVED_BA_fee,333,25.16
IMPROVED_BA_fee,336,24.74
IMPROVED_BA_fee,335,27.06
IMPROVED_BA_fee,337,25.0
IMPROVED_BA_fee,338,23.12
IMPROVED_BA_fee,339,26.89
IMPROVED_BA_fee,340,27.86
IMPROVED_BA_fee,341,25.28
IMPROVED_BA_fee,342,23.58
IMPROVED_BA_fee,343,24.57
IMPROVED_BA_fee,344,23.15
IMPROVED_BA_fee,345,26.58
IMPROVED_BA_fee,346,26.93
IMPROVED_BA_fee,347,26.88
IMPROVED_BA_fee,349,24.6
IMPROVED_BA_fee,348,27.89
IMPROVED_BA_fee,350,27.67
IMPROVED_BA_fee,351,28.32
IMPROVED_BA_fee,352,24.72
IMPROVED_BA_fee,353,23.84
IMPROVED_BA_fee,354,26.13
IMPROVED_BA_fee,355,25.56
IMPROVED_BA_fee,356,24.23
IMPROVED_BA_fee,357,23.3
IMPROVED_BA_fee,358,24.3
IMPROVED_BA_fee,359,27.47
IMPROVED_BA_fee,360,25.26
IMPROVED_BA_fee,362,23.53
IMPROVED_BA_fee,363,23.55
IMPROVED_BA_fee,361,27.05
IMPROVED_BA_fee,365,24.14
IMPROVED_BA_fee,364,23.98
IMPROVED_BA_fee,366,23.62
IMPROVED_BA_fee,367,24.44
IMPROVED_BA_fee,368,25.86
IMPROVED_BA_fee,369,26.58
IMPROVED_BA_fee,370,22.45
IMPROVED_BA_fee,371,25.21
IMPROVED_BA_fee,373,28.74
IMPROVED_BA_fee,372,24.48
IMPROVED_BA_fee,374,28.17
IMPROVED_BA_fee,377,25.99
IMPROVED_BA_fee,375,24.17
IMPROVED_BA_fee,378,22.38
IMPROVED_BA_fee,376,23.35
IMPROVED_BA_fee,379,27.61
IMPROVED_BA_fee,381,21.85
IMPROVED_BA_fee,380,25.75
IMPROVED_BA_fee,382,24.96
IMPROVED_BA_fee,383,22.7
IMPROVED_BA_fee,384,25.73
IMPROVED_BA_fee,385,27.63
IMPROVED_BA_fee,386,24.26
IMPROVED_BA_fee,388,27.85
IMPROVED_BA_fee,387,29.97
IMPROVED_BA_fee,391,24.92
IMPROVED_BA_fee,389,25.88
IMPROVED_BA_fee,390,23.13
IMPROVED_BA_fee,392,23.4
IMPROVED_BA_fee,394,23.85
IMPROVED_BA_fee,393,27.23
IMPROVED_BA_fee,395,23.34
IMPROVED_BA_fee,396,23.94
IMPROVED_BA_fee,397,23.31
IMPROVED_BA_fee,398,23.63
IMPROVED_BA_fee,399,23.41
IMPROVED_BA_fee,400,24.91
IMPROVED_BA_fee,401,28.17
IMPROVED_BA_fee,403,27.44
IMPROVED_BA_fee,404,24.19
IMPROVED_BA_fee,402,24.06
IMPROVED_BA_fee,405,22.71
IMPROVED_BA_fee,406,27.4
IMPROVED_BA_fee,407,24.56
IMPROVED_BA_fee,408,23.57
IMPROVED_BA_fee,409,26.6
IMPROVED_BA_fee,412,29.24
IMPROVED_BA_fee,410,24.64
IMPROVED_BA_fee,411,22.51
IMPROVED_BA_fee,414,27.43
IMPROVED_BA_fee,413,23.61
IMPROVED_BA_fee,416,25.51
IMPROVED_BA_fee,415,25.55
IMPROVED_BA_fee,419,25.5
IMPROVED_BA_fee,417,24.25
IMPROVED_BA_fee,418,27.78
IMPROVED_BA_fee,420,25.94
IMPROVED_BA_fee,421,25.72
IMPROVED_BA_fee,422,22.93
IMPROVED_BA_fee,424,24.7
IMPROVED_BA_fee,425,25.58
IMPROVED_BA_fee,423,23.02
IMPROVED_BA_fee,427,24.06
IMPROVED_BA_fee,426,26.64
IMPROVED_BA_fee,430,25.19
IMPROVED_BA_fee,428,27.5
IMPROVED_BA_fee,429,27.45
IMPROVED_BA_fee,431,24.73
IMPROVED_BA_fee,432,23.04
IMPROVED_BA_fee,433,24.04
IMPROVED_BA_fee,434,26.14
IMPROVED_BA_fee,435,22.68
IMPROVED_BA_fee,436,25.06
IMPROVED_BA_fee,438,22.6
IMPROVED_BA_fee,437,27.99
IMPROVED_BA_fee,439,22.89
IMPROVED_BA_fee,440,24.45
IMPROVED_BA_fee,441,25.55
IMPROVED_BA_fee,442,26.26
IMPROVED_BA_fee,443,26.13
IMPROVED_BA_fee,444,27.18
IMPROVED_BA_fee,445,26.37
IMPROVED_BA_fee,446,28.87
IMPROVED_BA_fee,448,24.49
IMPROVED_BA_fee,447,23.56
IMPROVED_BA_fee,449,24.79
IMPROVED_BA_fee,450,26.92
IMPROVED_BA_fee,451,25.5
IMPROVED_BA_fee,453,26.46
IMPROVED_BA_fee,452,26.54
IMPROVED_BA_fee,454,26.47
IMPROVED_BA_fee,456,28.55
IMPROVED_BA_fee,455,23.65
IMPROVED_BA_fee,457,23.4
IMPROVED_BA_fee,459,22.25
IMPROVED_BA_fee,460,26.2
IMPROVED_BA_fee,458,25.74
IMPROVED_BA_fee,461,22.73
IMPROVED_BA_fee,462,24.95
IMPROVED_BA_fee,463,28.14
IMPROVED_BA_fee,464,25.94
IMPROVED_BA_fee,465,24.26
IMPROVED_BA_fee,467,23.71
IMPROVED_BA_fee,466,27.18
IMPROVED_BA_fee,468,27.66
IMPROVED_BA_fee,470,28.85
IMPROVED_BA_fee,469,25.57
IMPROVED_BA_fee,473,22.4
IMPROVED_BA_fee,472,23.35
IMPROVED_BA_fee,471,24.34
IMPROVED_BA_fee,474,25.75
IMPROVED_BA_fee,475,25.08
IMPROVED_BA_fee,476,24.25
IMPROVED_BA_fee,477,25.62
IMPROVED_BA_fee,478,22.38
IMPROVED_BA_fee,479,26.95
IMPROVED_BA_fee,480,25.33
IMPROVED_BA_fee,481,23.76
IMPROVED_BA_fee,482,28.69
IMPROVED_BA_fee,483,26.41
IMPROVED_BA_fee,486,28.15
IMPROVED_BA_fee,485,25.21
IMPROVED_BA_fee,484,23.66
IMPROVED_BA_fee,487,25.1
IMPROVED_BA_fee,488,22.69
IMPROVED_BA_fee,489,25.25
IMPROVED_BA_fee,491,27.05
IMPROVED_BA_fee,492,23.36
IMPROVED_BA_fee,490,25.31
IMPROVED_BA_fee,493,24.38
IMPROVED_BA_fee,494,23.53
IMPROVED_BA_fee,495,25.53
IMPROVED_BA_fee,496,24.07
IMPROVED_BA_fee,498,24.85
IMPROVED_BA_fee,497,27.57
IMPROVED_BA_fee,499,29.35
IMPROVED_BA_fee,500,26.94
IMPROVED_BA_fee,501,26.0
IMPROVED_BA_fee,502,30.18
IMPROVED_BA_fee,503,27.4
IMPROVED_BA_fee,504,25.78
IMPROVED_BA_fee,505,23.47
IMPROVED_BA_fee,506,23.57
IMPROVED_BA_fee,507,27.6
IMPROVED_BA_fee,508,23.7
IMPROVED_BA_fee,510,21.87
IMPROVED_BA_fee,509,24.49
IMPROVED_BA_fee,512,24.89
IMPROVED_BA_fee,511,25.73
IMPROVED_BA_fee,513,28.13
IMPROVED_BA_fee,514,24.41
IMPROVED_BA_fee,515,24.66
IMPROVED_BA_fee,516,24.39
IMPROVED_BA_fee,518,25.17
IMPROVED_BA_fee,517,23.11
IMPROVED_BA_fee,519,24.94
IMPROVED_BA_fee,521,27.57
IMPROVED_BA_fee,520,23.86
IMPROVED_BA_fee,522,25.91
IMPROVED_BA_fee,525,27.87
IMPROVED_BA_fee,523,23.69
IMPROVED_BA_fee,524,24.33
IMPROVED_BA_fee,527,22.92
IMPROVED_BA_fee,526,24.4
IMPROVED_BA_fee,528,26.88
IMPROVED_BA_fee,529,25.46
IMPROVED_BA_fee,530,28.78
IMPROVED_BA_fee,531,25.04
IMPROVED_BA_fee,532,22.56
IMPROVED_BA_fee,534,22.19
IMPROVED_BA_fee,533,25.0
IMPROVED_BA_fee,537,25.89
IMPROVED_BA_fee,535,22.6
IMPROVED_BA_fee,536,25.84
IMPROVED_BA_fee,538,22.51
IMPROVED_BA_fee,540,23.89
IMPROVED_BA_fee,539,23.88
IMPROVED_BA_fee,541,26.02
IMPROVED_BA_fee,542,27.26
IMPROVED_BA_fee,543,23.42
IMPROVED_BA_fee,544,22.71
IMPROVED_BA_fee,546,23.47
IMPROVED_BA_fee,545,26.72
IMPROVED_BA_fee,547,25.73
IMPROVED_BA_fee,548,23.81
IMPROVED_BA_fee,549,23.0
IMPROVED_BA_fee,551,27.02
IMPROVED_BA_fee,550,23.5
IMPROVED_BA_fee,552,23.76
IMPROVED_BA_fee,553,25.42
IMPROVED_BA_fee,554,22.81
IMPROVED_BA_fee,555,25.33
IMPROVED_BA_fee,556,25.54
IMPROVED_BA_fee,557,28.17
IMPROVED_BA_fee,558,26.59
IMPROVED_BA_fee,559,23.16
IMPROVED_BA_fee,560,22.76
IMPROVED_BA_fee,561,26.46
IMPROVED_BA_fee,562,22.74
IMPROVED_BA_fee,563,23.46
IMPROVED_BA_fee,564,25.4
IMPROVED_BA_fee,566,25.15
IMPROVED_BA_fee,565,24.11
IMPROVED_BA_fee,567,23.89
IMPROVED_BA_fee,568,22.73
IMPROVED_BA_fee,570,23.74
IMPROVED_BA_fee,572,26.82
IMPROVED_BA_fee,569,24.02
IMPROVED_BA_fee,571,23.42
IMPROVED_BA_fee,573,24.23
IMPROVED_BA_fee,574,25.29
IMPROVED_BA_fee,575,26.71
IMPROVED_BA_fee,576,22.73
IMPROVED_BA_fee,577,26.84
IMPROVED_BA_fee,578,25.22
IMPROVED_BA_fee,579,23.69
IMPROVED_BA_fee,580,23.64
IMPROVED_BA_fee,581,23.74
IMPROVED_BA_fee,582,24.29
IMPROVED_BA_fee,583,25.77
IMPROVED_BA_fee,584,28.25
IMPROVED_BA_fee,585,23.53
IMPROVED_BA_fee,586,25.29
IMPROVED_BA_fee,589,23.31
IMPROVED_BA_fee,588,22.27
IMPROVED_BA_fee,587,25.03
IMPROVED_BA_fee,590,26.97
IMPROVED_BA_fee,591,21.75
IMPROVED_BA_fee,592,24.92
IMPROVED_BA_fee,593,24.91
IMPROVED_BA_fee,594,23.63
IMPROVED_BA_fee,595,26.98
IMPROVED_BA_fee,596,27.87
IMPROVED_BA_fee,597,25.85
IMPROVED_BA_fee,599,26.63
IMPROVED_BA_fee,598,23.31
IMPROVED_BA_fee,601,25.41
IMPROVED_BA_fee,602,27.36
IMPROVED_BA_fee,600,25.16
IMPROVED_BA_fee,603,26.38
IMPROVED_BA_fee,604,24.98
IMPROVED_BA_fee,605,26.54
IMPROVED_BA_fee,606,24.59
IMPROVED_BA_fee,607,25.81
IMPROVED_BA_fee,608,28.78
IMPROVED_BA_fee,609,25.87
IMPROVED_BA_fee,610,28.13
IMPROVED_BA_fee,611,27.31
IMPROVED_BA_fee,612,25.23
IMPROVED_BA_fee,614,27.29
IMPROVED_BA_fee,613,25.32
IMPROVED_BA_fee,615,28.8
IMPROVED_BA_fee,616,23.49
IMPROVED_BA_fee,617,25.0
IMPROVED_BA_fee,618,24.44
IMPROVED_BA_fee,619,25.29
IMPROVED_BA_fee,620,24.68
IMPROVED_BA_fee,621,24.11
IMPROVED_BA_fee,623,23.04
IMPROVED_BA_fee,622,23.28
IMPROVED_BA_fee,624,24.01
IMPROVED_BA_fee,625,24.32
IMPROVED_BA_fee,626,24.44
IMPROVED_BA_fee,627,23.13
IMPROVED_BA_fee,628,24.64
IMPROVED_BA_fee,629,26.35
IMPROVED_BA_fee,630,26.8
IMPROVED_BA_fee,631,24.32
IMPROVED_BA_fee,632,23.21
IMPROVED_BA_fee,633,24.27
IMPROVED_BA_fee,635,24.56
IMPROVED_BA_fee,634,23.43
IMPROVED_BA_fee,636,24.06
IMPROVED_BA_fee,637,26.4
IMPROVED_BA_fee,638,22.58
IMPROVED_BA_fee,640,27.96
IMPROVED_BA_fee,639,22.25
IMPROVED_BA_fee,641,22.99
IMPROVED_BA_fee,642,23.45
IMPROVED_BA_fee,643,23.84
IMPROVED_BA_fee,644,26.71
IMPROVED_BA_fee,645,27.28
IMPROVED_BA_fee,646,24.89
IMPROVED_BA_fee,648,24.66
IMPROVED_BA_fee,647,25.76
IMPROVED_BA_fee,649,26.58
IMPROVED_BA_fee,650,26.9
IMPROVED_BA_fee,651,23.34
IMPROVED_BA_fee,653,29.53
IMPROVED_BA_fee,652,23.14
IMPROVED_BA_fee,655,24.14
IMPROVED_BA_fee,654,26.16
IMPROVED_BA_fee,656,27.7
IMPROVED_BA_fee,658,25.93
IMPROVED_BA_fee,657,25.29
IMPROVED_BA_fee,659,27.99
IMPROVED_BA_fee,660,28.69
IMPROVED_BA_fee,662,27.86
IMPROVED_BA_fee,661,27.87
IMPROVED_BA_fee,663,24.28
IMPROVED_BA_fee,664,22.54
IMPROVED_BA_fee,665,25.22
IMPROVED_BA_fee,666,26.45
IMPROVED_BA_fee,667,25.31
IMPROVED_BA_fee,668,24.84
IMPROVED_BA_fee,669,24.09
IMPROVED_BA_fee,671,24.07
IMPROVED_BA_fee,670,28.13
IMPROVED_BA_fee,672,25.42
IMPROVED_BA_fee,674,23.23
IMPROVED_BA_fee,673,26.15
IMPROVED_BA_fee,676,24.82
IMPROVED_BA_fee,675,24.62
IMPROVED_BA_fee,677,23.05
IMPROVED_BA_fee,678,26.48
IMPROVED_BA_fee,680,24.36
IMPROVED_BA_fee,679,27.07
IMPROVED_BA_fee,682,25.04
IMPROVED_BA_fee,681,26.44
IMPROVED_BA_fee,683,24.59
IMPROVED_BA_fee,684,24.06
IMPROVED_BA_fee,685,27.44
IMPROVED_BA_fee,687,24.76
IMPROVED_BA_fee,686,24.34
IMPROVED_BA_fee,688,25.6
IMPROVED_BA_fee,689,27.68
IMPROVED_BA_fee,691,29.34
IMPROVED_BA_fee,690,25.75
IMPROVED_BA_fee,692,25.14
IMPROVED_BA_fee,693,25.0
IMPROVED_BA_fee,694,23.75
IMPROVED_BA_fee,695,24.34
IMPROVED_BA_fee,696,23.19
IMPROVED_BA_fee,697,28.37
IMPROVED_BA_fee,698,24.7
IMPROVED_BA_fee,700,24.34
IMPROVED_BA_fee,699,24.65
IMPROVED_BA_fee,701,27.76
IMPROVED_BA_fee,703,27.3
IMPROVED_BA_fee,702,29.11
IMPROVED_BA_fee,705,26.11
IMPROVED_BA_fee,704,25.27
IMPROVED_BA_fee,707,23.56
IMPROVED_BA_fee,706,26.65
IMPROVED_BA_fee,708,24.2
IMPROVED_BA_fee,709,21.99
IMPROVED_BA_fee,710,25.18
IMPROVED_BA_fee,711,29.55
IMPROVED_BA_fee,712,23.8
IMPROVED_BA_fee,713,25.92
IMPROVED_BA_fee,715,28.36
IMPROVED_BA_fee,714,24.07
IMPROVED_BA_fee,716,22.71
IMPROVED_BA_fee,718,28.61
IMPROVED_BA_fee,717,24.41
IMPROVED_BA_fee,719,22.79
IMPROVED_BA_fee,720,28.02
IMPROVED_BA_fee,721,25.36
IMPROVED_BA_fee,722,24.01
IMPROVED_BA_fee,723,23.83
IMPROVED_BA_fee,724,24.81
IMPROVED_BA_fee,725,23.63
IMPROVED_BA_fee,726,23.31
IMPROVED_BA_fee,727,24.18
IMPROVED_BA_fee,728,28.91
IMPROVED_BA_fee,729,27.33
IMPROVED_BA_fee,731,22.84
IMPROVED_BA_fee,730,21.9
IMPROVED_BA_fee,732,23.95
IMPROVED_BA_fee,733,24.19
IMPROVED_BA_fee,734,23.52
IMPROVED_BA_fee,735,24.46
IMPROVED_BA_fee,736,25.59
IMPROVED_BA_fee,737,24.25
IMPROVED_BA_fee,738,28.5
IMPROVED_BA_fee,740,22.18
IMPROVED_BA_fee,741,25.43
IMPROVED_BA_fee,739,22.25
IMPROVED_BA_fee,742,23.23
IMPROVED_BA_fee,743,27.05
IMPROVED_BA_fee,744,25.05
IMPROVED_BA_fee,745,23.51
IMPROVED_BA_fee,746,24.38
IMPROVED_BA_fee,747,26.89
IMPROVED_BA_fee,748,22.45
IMPROVED_BA_fee,749,25.01
IMPROVED_BA_fee,750,25.09
IMPROVED_BA_fee,751,25.91
IMPROVED_BA_fee,752,23.94
IMPROVED_BA_fee,754,28.75
IMPROVED_BA_fee,753,23.67
IMPROVED_BA_fee,757,23.79
IMPROVED_BA_fee,755,23.96
IMPROVED_BA_fee,758,23.66
IMPROVED_BA_fee,756,27.6
IMPROVED_BA_fee,760,28.64
IMPROVED_BA_fee,759,24.56
IMPROVED_BA_fee,761,22.46
IMPROVED_BA_fee,762,23.89
IMPROVED_BA_fee,765,26.09
IMPROVED_BA_fee,763,22.68
IMPROVED_BA_fee,764,23.62
IMPROVED_BA_fee,766,24.55
IMPROVED_BA_fee,767,26.27
IMPROVED_BA_fee,769,23.19
IMPROVED_BA_fee,768,24.12
IMPROVED_BA_fee,770,26.4
IMPROVED_BA_fee,771,24.52
IMPROVED_BA_fee,773,24.63
IMPROVED_BA_fee,772,25.04
IMPROVED_BA_fee,774,24.13
IMPROVED_BA_fee,776,25.86
IMPROVED_BA_fee,778,27.7
IMPROVED_BA_fee,775,27.97
IMPROVED_BA_fee,777,22.88
IMPROVED_BA_fee,779,26.55
IMPROVED_BA_fee,780,23.71
IMPROVED_BA_fee,781,25.86
IMPROVED_BA_fee,782,25.66
IMPROVED_BA_fee,783,22.03
IMPROVED_BA_fee,784,26.24
IMPROVED_BA_fee,785,26.52
IMPROVED_BA_fee,786,22.62
IMPROVED_BA_fee,787,25.99
IMPROVED_BA_fee,789,23.77
IMPROVED_BA_fee,791,29.04
IMPROVED_BA_fee,788,27.38
IMPROVED_BA_fee,790,26.26
IMPROVED_BA_fee,792,24.59
IMPROVED_BA_fee,793,24.08
IMPROVED_BA_fee,794,24.13
IMPROVED_BA_fee,795,24.18
IMPROVED_BA_fee,796,21.71
IMPROVED_BA_fee,797,24.26
IMPROVED_BA_fee,799,27.53
IMPROVED_BA_fee,800,26.8
IMPROVED_BA_fee,798,23.47
IMPROVED_BA_fee,801,24.79
IMPROVED_BA_fee,804,25.42
IMPROVED_BA_fee,802,26.73
IMPROVED_BA_fee,803,26.79
IMPROVED_BA_fee,805,26.48
IMPROVED_BA_fee,806,24.24
IMPROVED_BA_fee,808,26.7
IMPROVED_BA_fee,807,23.74
IMPROVED_BA_fee,809,23.57
IMPROVED_BA_fee,810,27.76
IMPROVED_BA_fee,813,24.84
IMPROVED_BA_fee,812,22.25
IMPROVED_BA_fee,811,24.43
IMPROVED_BA_fee,814,28.23
IMPROVED_BA_fee,815,25.3
IMPROVED_BA_fee,816,24.17
IMPROVED_BA_fee,817,25.79
IMPROVED_BA_fee,819,24.58
IMPROVED_BA_fee,818,24.11
IMPROVED_BA_fee,821,24.19
IMPROVED_BA_fee,820,26.71
IMPROVED_BA_fee,822,25.94
IMPROVED_BA_fee,824,25.67
IMPROVED_BA_fee,823,26.63
IMPROVED_BA_fee,825,25.18
IMPROVED_BA_fee,826,25.31
IMPROVED_BA_fee,827,23.21
IMPROVED_BA_fee,828,26.3
IMPROVED_BA_fee,830,25.44
IMPROVED_BA_fee,829,24.79
IMPROVED_BA_fee,831,24.32
IMPROVED_BA_fee,832,23.98
IMPROVED_BA_fee,833,23.9
IMPROVED_BA_fee,836,22.97
IMPROVED_BA_fee,834,26.59
IMPROVED_BA_fee,835,22.97
IMPROVED_BA_fee,837,27.72
IMPROVED_BA_fee,838,23.63
IMPROVED_BA_fee,839,23.89
IMPROVED_BA_fee,840,22.29
IMPROVED_BA_fee,841,26.99
IMPROVED_BA_fee,842,23.19
IMPROVED_BA_fee,843,24.96
IMPROVED_BA_fee,844,22.82
IMPROVED_BA_fee,845,23.2
IMPROVED_BA_fee,846,29.61
IMPROVED_BA_fee,848,25.6
IMPROVED_BA_fee,847,26.34
IMPROVED_BA_fee,849,23.99
IMPROVED_BA_fee,850,24.29
IMPROVED_BA_fee,851,22.19
IMPROVED_BA_fee,852,26.2
IMPROVED_BA_fee,853,23.13
IMPROVED_BA_fee,854,26.66
IMPROVED_BA_fee,855,25.65
IMPROVED_BA_fee,856,24.65
IMPROVED_BA_fee,857,23.83
IMPROVED_BA_fee,858,27.56
IMPROVED_BA_fee,862,26.98
IMPROVED_BA_fee,859,26.13
IMPROVED_BA_fee,860,24.25
IMPROVED_BA_fee,861,27.06
IMPROVED_BA_fee,863,23.42
IMPROVED_BA_fee,864,22.82
IMPROVED_BA_fee,865,26.82
IMPROVED_BA_fee,866,23.68
IMPROVED_BA_fee,867,28.38
IMPROVED_BA_fee,868,23.18
IMPROVED_BA_fee,869,24.14
IMPROVED_BA_fee,870,23.5
IMPROVED_BA_fee,871,27.1
IMPROVED_BA_fee,874,23.74
IMPROVED_BA_fee,872,27.05
IMPROVED_BA_fee,875,23.99
IMPROVED_BA_fee,873,25.3
IMPROVED_BA_fee,876,27.19
IMPROVED_BA_fee,877,25.1
IMPROVED_BA_fee,878,25.76
IMPROVED_BA_fee,880,27.27
IMPROVED_BA_fee,879,23.25
IMPROVED_BA_fee,881,23.51
IMPROVED_BA_fee,882,23.83
IMPROVED_BA_fee,883,22.58
IMPROVED_BA_fee,884,23.47
IMPROVED_BA_fee,886,28.12
IMPROVED_BA_fee,885,26.49
IMPROVED_BA_fee,887,24.4
IMPROVED_BA_fee,889,25.28
IMPROVED_BA_fee,888,24.37
IMPROVED_BA_fee,891,23.92
IMPROVED_BA_fee,890,23.83
IMPROVED_BA_fee,892,22.81
IMPROVED_BA_fee,893,24.28
IMPROVED_BA_fee,894,26.72
IMPROVED_BA_fee,896,28.35
IMPROVED_BA_fee,897,26.53
IMPROVED_BA_fee,895,21.77
IMPROVED_BA_fee,898,22.37
IMPROVED_BA_fee,901,22.65
IMPROVED_BA_fee,900,29.23
IMPROVED_BA_fee,899,27.85
IMPROVED_BA_fee,902,23.65
IMPROVED_BA_fee,903,22.54
IMPROVED_BA_fee,904,23.46
IMPROVED_BA_fee,905,26.87
IMPROVED_BA_fee,906,23.0
IMPROVED_BA_fee,907,25.63
IMPROVED_BA_fee,909,22.43
IMPROVED_BA_fee,908,26.05
IMPROVED_BA_fee,910,21.81
IMPROVED_BA_fee,911,27.15
IMPROVED_BA_fee,913,23.03
IMPROVED_BA_fee,912,26.24
IMPROVED_BA_fee,914,24.13
IMPROVED_BA_fee,915,24.75
IMPROVED_BA_fee,916,25.88
IMPROVED_BA_fee,917,22.47
IMPROVED_BA_fee,918,25.53
IMPROVED_BA_fee,919,27.53
IMPROVED_BA_fee,920,23.16
IMPROVED_BA_fee,921,25.92
IMPROVED_BA_fee,923,22.34
IMPROVED_BA_fee,922,25.41
IMPROVED_BA_fee,924,25.15
IMPROVED_BA_fee,925,22.83
IMPROVED_BA_fee,926,22.18
IMPROVED_BA_fee,927,26.75
IMPROVED_BA_fee,928,22.94
IMPROVED_BA_fee,929,24.12
IMPROVED_BA_fee,930,24.42
IMPROVED_BA_fee,931,23.56
IMPROVED_BA_fee,934,24.27
IMPROVED_BA_fee,932,25.93
IMPROVED_BA_fee,933,22.46
IMPROVED_BA_fee,936,26.04
IMPROVED_BA_fee,935,21.93
IMPROVED_BA_fee,937,24.41
IMPROVED_BA_fee,938,23.1
IMPROVED_BA_fee,940,24.49
IMPROVED_BA_fee,939,22.32
IMPROVED_BA_fee,941,23.08
IMPROVED_BA_fee,942,24.76
IMPROVED_BA_fee,943,24.7
IMPROVED_BA_fee,944,27.22
IMPROVED_BA_fee,947,25.7
IMPROVED_BA_fee,946,22.62
IMPROVED_BA_fee,948,24.23
IMPROVED_BA_fee,945,26.9
IMPROVED_BA_fee,949,23.57
IMPROVED_BA_fee,951,25.35
IMPROVED_BA_fee,950,23.27
IMPROVED_BA_fee,952,27.98
IMPROVED_BA_fee,953,25.0
IMPROVED_BA_fee,954,25.39
IMPROVED_BA_fee,955,27.03
IMPROVED_BA_fee,957,28.25
IMPROVED_BA_fee,956,24.7
IMPROVED_BA_fee,960,24.2
IMPROVED_BA_fee,958,25.69
IMPROVED_BA_fee,959,22.07
IMPROVED_BA_fee,962,24.72
IMPROVED_BA_fee,961,25.65
IMPROVED_BA_fee,964,23.38
IMPROVED_BA_fee,963,22.96
IMPROVED_BA_fee,965,23.79
IMPROVED_BA_fee,966,25.34
IMPROVED_BA_fee,967,27.28
IMPROVED_BA_fee,968,24.05
IMPROVED_BA_fee,969,22.52
IMPROVED_BA_fee,970,24.93
IMPROVED_BA_fee,971,23.08
IMPROVED_BA_fee,973,24.38
IMPROVED_BA_fee,975,24.3
IMPROVED_BA_fee,972,26.51
IMPROVED_BA_fee,974,23.9
IMPROVED_BA_fee,976,25.76
IMPROVED_BA_fee,977,23.83
IMPROVED_BA_fee,978,27.1
IMPROVED_BA_fee,979,24.63
IMPROVED_BA_fee,980,23.24
IMPROVED_BA_fee,981,26.6
IMPROVED_BA_fee,982,27.02
IMPROVED_BA_fee,983,25.48
IMPROVED_BA_fee,985,24.01
IMPROVED_BA_fee,986,24.65
IMPROVED_BA_fee,984,25.4
IMPROVED_BA_fee,987,23.97
IMPROVED_BA_fee,988,28.22
IMPROVED_BA_fee,989,27.48
IMPROVED_BA_fee,990,26.1
IMPROVED_BA_fee,991,27.11
IMPROVED_BA_fee,992,27.21
IMPROVED_BA_fee,993,28.02
IMPROVED_BA_fee,994,25.88
IMPROVED_BA_fee,995,26.23
IMPROVED_BA_fee,996,25.6
IMPROVED_BA_fee,997,24.49
IMPROVED_BA_fee,999,23.21
IMPROVED_BA_fee,998,24.65
IMPROVED_AMM_fee,2,34.33
IMPROVED_AMM_fee,0,31.02
IMPROVED_AMM_fee,1,30.67
IMPROVED_AMM_fee,4,27.62
IMPROVED_AMM_fee,3,32.95
IMPROVED_AMM_fee,5,30.98
IMPROVED_AMM_fee,6,30.7
IMPROVED_AMM_fee,8,31.78
IMPROVED_AMM_fee,9,30.49
IMPROVED_AMM_fee,7,32.12
IMPROVED_AMM_fee,10,32.16
IMPROVED_AMM_fee,11,29.4
IMPROVED_AMM_fee,12,29.9
IMPROVED_AMM_fee,14,30.1
IMPROVED_AMM_fee,13,28.55
IMPROVED_AMM_fee,15,31.4
IMPROVED_AMM_fee,16,29.57
IMPROVED_AMM_fee,17,32.6
IMPROVED_AMM_fee,18,30.32
IMPROVED_AMM_fee,19,27.96
IMPROVED_AMM_fee,22,27.2
IMPROVED_AMM_fee,21,28.78
IMPROVED_AMM_fee,20,31.47
IMPROVED_AMM_fee,23,30.03
IMPROVED_AMM_fee,24,29.83
IMPROVED_AMM_fee,25,30.33
IMPROVED_AMM_fee,26,28.82
IMPROVED_AMM_fee,27,30.37
IMPROVED_AMM_fee,28,29.56
IMPROVED_AMM_fee,29,27.48
IMPROVED_AMM_fee,31,30.02
IMPROVED_AMM_fee,30,28.01
IMPROVED_AMM_fee,32,28.59
IMPROVED_AMM_fee,35,29.72
IMPROVED_AMM_fee,34,30.41
IMPROVED_AMM_fee,33,30.48
IMPROVED_AMM_fee,36,28.5
IMPROVED_AMM_fee,37,29.66
IMPROVED_AMM_fee,38,31.88
IMPROVED_AMM_fee,39,28.7
IMPROVED_AMM_fee,40,27.93
IMPROVED_AMM_fee,41,30.37
IMPROVED_AMM_fee,43,30.38
IMPROVED_AMM_fee,44,29.8
IMPROVED_AMM_fee,42,30.95
IMPROVED_AMM_fee,45,30.13
IMPROVED_AMM_fee,48,30.15
IMPROVED_AMM_fee,47,29.63
IMPROVED_AMM_fee,46,30.36
IMPROVED_AMM_fee,49,29.6
IMPROVED_AMM_fee,50,29.11
IMPROVED_AMM_fee,51,29.12
IMPROVED_AMM_fee,52,30.71
IMPROVED_AMM_fee,54,29.13
IMPROVED_AMM_fee,57,30.44
IMPROVED_AMM_fee,53,30.92
IMPROVED_AMM_fee,55,28.1
IMPROVED_AMM_fee,56,29.62
IMPROVED_AMM_fee,58,29.28
IMPROVED_AMM_fee,61,28.37
IMPROVED_AMM_fee,60,29.15
IMPROVED_AMM_fee,59,29.52
IMPROVED_AMM_fee,62,29.6
IMPROVED_AMM_fee,63,28.41
IMPROVED_AMM_fee,64,32.21
IMPROVED_AMM_fee,66,28.26
IMPROVED_AMM_fee,65,31.0
IMPROVED_AMM_fee,68,31.93
IMPROVED_AMM_fee,69,29.72
IMPROVED_AMM_fee,70,27.35
IMPROVED_AMM_fee,67,28.12
IMPROVED_AMM_fee,71,28.73
IMPROVED_AMM_fee,74,28.75
IMPROVED_AMM_fee,73,30.27
IMPROVED_AMM_fee,72,30.25
IMPROVED_AMM_fee,75,29.34
IMPROVED_AMM_fee,76,30.49
IMPROVED_AMM_fee,79,29.52
IMPROVED_AMM_fee,77,29.6
IMPROVED_AMM_fee,78,29.49
IMPROVED_AMM_fee,80,28.51
IMPROVED_AMM_fee,81,31.8
IMPROVED_AMM_fee,83,30.19
IMPROVED_AMM_fee,82,30.07
IMPROVED_AMM_fee,84,29.94
IMPROVED_AMM_fee,86,31.59
IMPROVED_AMM_fee,85,28.16
IMPROVED_AMM_fee,87,31.69
IMPROVED_AMM_fee,88,28.88
IMPROVED_AMM_fee,89,29.16
IMPROVED_AMM_fee,92,29.36
IMPROVED_AMM_fee,91,30.91
IMPROVED_AMM_fee,90,28.56
IMPROVED_AMM_fee,93,29.81
IMPROVED_AMM_fee,95,30.8
IMPROVED_AMM_fee,94,29.78
IMPROVED_AMM_fee,96,28.35
IMPROVED_AMM_fee,98,27.83
IMPROVED_AMM_fee,97,28.56
IMPROVED_AMM_fee,99,29.79
IMPROVED_AMM_fee,100,28.37
IMPROVED_AMM_fee,101,29.02
IMPROVED_AMM_fee,102,30.23
IMPROVED_AMM_fee,103,29.22
IMPROVED_AMM_fee,105,33.11
IMPROVED_AMM_fee,104,30.17
IMPROVED_AMM_fee,106,28.73
IMPROVED_AMM_fee,107,29.11
IMPROVED_AMM_fee,109,28.73
IMPROVED_AMM_fee,108,29.72
IMPROVED_AMM_fee,110,30.63
IMPROVED_AMM_fee,112,28.76
IMPROVED_AMM_fee,113,30.13
IMPROVED_AMM_fee,111,29.27
IMPROVED_AMM_fee,114,28.61
IMPROVED_AMM_fee,115,29.2
IMPROVED_AMM_fee,116,31.83
IMPROVED_AMM_fee,117,29.85
IMPROVED_AMM_fee,119,29.58
IMPROVED_AMM_fee,120,28.73
IMPROVED_AMM_fee,118,28.74
IMPROVED_AMM_fee,122,31.38
IMPROVED_AMM_fee,121,28.64
IMPROVED_AMM_fee,124,31.23
IMPROVED_AMM_fee,125,31.2
IMPROVED_AMM_fee,123,30.58
IMPROVED_AMM_fee,126,28.8
IMPROVED_AMM_fee,127,31.98
IMPROVED_AMM_fee,129,30.43
IMPROVED_AMM_fee,128,27.67
IMPROVED_AMM_fee,132,31.17
IMPROVED_AMM_fee,130,31.84
IMPROVED_AMM_fee,133,30.75
IMPROVED_AMM_fee,131,30.77
IMPROVED_AMM_fee,135,29.04
IMPROVED_AMM_fee,134,29.53
IMPROVED_AMM_fee,136,30.92
IMPROVED_AMM_fee,138,28.23
IMPROVED_AMM_fee,137,31.4
IMPROVED_AMM_fee,139,31.25
IMPROVED_AMM_fee,140,30.85
IMPROVED_AMM_fee,141,30.14
IMPROVED_AMM_fee,142,29.19
IMPROVED_AMM_fee,143,28.6
IMPROVED_AMM_fee,144,28.17
IMPROVED_AMM_fee,145,28.64
IMPROVED_AMM_fee,146,28.64
IMPROVED_AMM_fee,148,28.7
IMPROVED_AMM_fee,147,27.6
IMPROVED_AMM_fee,150,31.83
IMPROVED_AMM_fee,149,29.02
IMPROVED_AMM_fee,151,26.26
IMPROVED_AMM_fee,152,29.68
IMPROVED_AMM_fee,153,29.31
IMPROVED_AMM_fee,154,28.0
IMPROVED_AMM_fee,155,27.69
IMPROVED_AMM_fee,156,30.73
IMPROVED_AMM_fee,157,29.87
IMPROVED_AMM_fee,158,30.51
IMPROVED_AMM_fee,159,30.93
IMPROVED_AMM_fee,160,32.75
IMPROVED_AMM_fee,161,31.16
IMPROVED_AMM_fee,163,29.69
IMPROVED_AMM_fee,162,30.07
IMPROVED_AMM_fee,164,29.73
IMPROVED_AMM_fee,165,30.31
IMPROVED_AMM_fee,166,27.06
IMPROVED_AMM_fee,167,32.03
IMPROVED_AMM_fee,168,30.37
IMPROVED_AMM_fee,169,30.14
IMPROVED_AMM_fee,170,32.58
IMPROVED_AMM_fee,171,30.84
IMPROVED_AMM_fee,173,28.54
IMPROVED_AMM_fee,172,31.93
IMPROVED_AMM_fee,174,29.81
IMPROVED_AMM_fee,175,30.4
IMPROVED_AMM_fee,176,26.18
IMPROVED_AMM_fee,179,29.76
IMPROVED_AMM_fee,178,28.92
IMPROVED_AMM_fee,177,27.62
IMPROVED_AMM_fee,180,30.17
IMPROVED_AMM_fee,181,31.29
IMPROVED_AMM_fee,182,27.78
IMPROVED_AMM_fee,183,30.94
IMPROVED_AMM_fee,185,29.27
IMPROVED_AMM_fee,184,29.26
IMPROVED_AMM_fee,186,28.15
IMPROVED_AMM_fee,187,31.41
IMPROVED_AMM_fee,188,29.17
IMPROVED_AMM_fee,189,29.03
IMPROVED_AMM_fee,190,30.17
IMPROVED_AMM_fee,191,30.58
IMPROVED_AMM_fee,192,31.98
IMPROVED_AMM_fee,193,30.53
IMPROVED_AMM_fee,194,28.47
IMPROVED_AMM_fee,196,27.85
IMPROVED_AMM_fee,195,28.4
IMPROVED_AMM_fee,197,29.83
IMPROVED_AMM_fee,198,29.31
IMPROVED_AMM_fee,199,26.75
IMPROVED_AMM_fee,200,33.06
IMPROVED_AMM_fee,201,28.99
IMPROVED_AMM_fee,202,29.98
IMPROVED_AMM_fee,204,28.54
IMPROVED_AMM_fee,203,27.27
IMPROVED_AMM_fee,205,29.34
IMPROVED_AMM_fee,206,28.27
IMPROVED_AMM_fee,207,29.61
IMPROVED_AMM_fee,209,30.68
IMPROVED_AMM_fee,208,29.4
IMPROVED_AMM_fee,210,30.76
IMPROVED_AMM_fee,211,27.13
IMPROVED_AMM_fee,212,29.43
IMPROVED_AMM_fee,213,28.58
IMPROVED_AMM_fee,214,30.44
IMPROVED_AMM_fee,215,30.81
IMPROVED_AMM_fee,216,32.59
IMPROVED_AMM_fee,217,28.27
IMPROVED_AMM_fee,218,29.4
IMPROVED_AMM_fee,219,29.92
IMPROVED_AMM_fee,220,29.37
IMPROVED_AMM_fee,221,28.61
IMPROVED_AMM_fee,222,32.48
IMPROVED_AMM_fee,223,34.5
IMPROVED_AMM_fee,225,28.67
IMPROVED_AMM_fee,224,29.92
IMPROVED_AMM_fee,226,29.75
IMPROVED_AMM_fee,227,31.08
IMPROVED_AMM_fee,228,29.52
IMPROVED_AMM_fee,231,31.23
IMPROVED_AMM_fee,229,28.78
IMPROVED_AMM_fee,230,29.73
IMPROVED_AMM_fee,232,29.45
IMPROVED_AMM_fee,233,29.36
IMPROVED_AMM_fee,234,28.43
IMPROVED_AMM_fee,235,30.28
IMPROVED_AMM_fee,237,32.33
IMPROVED_AMM_fee,236,27.93
IMPROVED_AMM_fee,238,29.57
IMPROVED_AMM_fee,239,29.39
IMPROVED_AMM_fee,240,27.85
IMPROVED_AMM_fee,241,27.3
IMPROVED_AMM_fee,243,31.79
IMPROVED_AMM_fee,242,29.16
IMPROVED_AMM_fee,245,29.89
IMPROVED_AMM_fee,244,31.26
IMPROVED_AMM_fee,246,28.24
IMPROVED_AMM_fee,248,29.83
IMPROVED_AMM_fee,249,30.53
IMPROVED_AMM_fee,247,28.75
IMPROVED_AMM_fee,250,30.97
IMPROVED_AMM_fee,251,32.07
IMPROVED_AMM_fee,252,30.69
IMPROVED_AMM_fee,253,32.84
IMPROVED_AMM_fee,254,30.79
IMPROVED_AMM_fee,255,29.59
IMPROVED_AMM_fee,257,29.57
IMPROVED_AMM_fee,256,27.14
IMPROVED_AMM_fee,258,27.73
IMPROVED_AMM_fee,259,31.69
IMPROVED_AMM_fee,260,30.55
IMPROVED_AMM_fee,262,29.25
IMPROVED_AMM_fee,261,27.27
IMPROVED_AMM_fee,264,29.58
IMPROVED_AMM_fee,265,29.22
IMPROVED_AMM_fee,263,31.06
IMPROVED_AMM_fee,266,33.42
IMPROVED_AMM_fee,267,30.69
IMPROVED_AMM_fee,268,31.99
IMPROVED_AMM_fee,269,27.92
IMPROVED_AMM_fee,270,31.88
IMPROVED_AMM_fee,272,29.52
IMPROVED_AMM_fee,271,30.13
IMPROVED_AMM_fee,273,29.37
IMPROVED_AMM_fee,275,30.08
IMPROVED_AMM_fee,274,29.69
IMPROVED_AMM_fee,276,30.17
IMPROVED_AMM_fee,278,29.0
IMPROVED_AMM_fee,277,28.5
IMPROVED_AMM_fee,279,28.73
IMPROVED_AMM_fee,280,29.76
IMPROVED_AMM_fee,282,30.66
IMPROVED_AMM_fee,281,32.25
IMPROVED_AMM_fee,285,29.35
IMPROVED_AMM_fee,284,31.87
IMPROVED_AMM_fee,283,29.02
IMPROVED_AMM_fee,287,26.89
IMPROVED_AMM_fee,286,29.49
IMPROVED_AMM_fee,288,30.64
IMPROVED_AMM_fee,289,32.08
IMPROVED_AMM_fee,291,26.88
IMPROVED_AMM_fee,290,30.06
IMPROVED_AMM_fee,292,30.54
IMPROVED_AMM_fee,293,30.05
IMPROVED_AMM_fee,295,30.2
IMPROVED_AMM_fee,294,29.52
IMPROVED_AMM_fee,298,29.71
IMPROVED_AMM_fee,297,30.12
IMPROVED_AMM_fee,296,29.01
IMPROVED_AMM_fee,299,30.03
IMPROVED_AMM_fee,300,29.05
IMPROVED_AMM_fee,301,30.26
IMPROVED_AMM_fee,303,27.42
IMPROVED_AMM_fee,302,30.3
IMPROVED_AMM_fee,304,28.92
IMPROVED_AMM_fee,305,29.64
IMPROVED_AMM_fee,306,28.16
IMPROVED_AMM_fee,307,29.35
IMPROVED_AMM_fee,308,28.68
IMPROVED_AMM_fee,310,29.86
IMPROVED_AMM_fee,309,30.36
IMPROVED_AMM_fee,311,32.1
IMPROVED_AMM_fee,312,27.41
IMPROVED_AMM_fee,314,26.94
IMPROVED_AMM_fee,313,29.1
IMPROVED_AMM_fee,315,30.38
IMPROVED_AMM_fee,316,27.97
IMPROVED_AMM_fee,317,30.53
IMPROVED_AMM_fee,318,29.95
IMPROVED_AMM_fee,319,28.86
IMPROVED_AMM_fee,320,28.24
IMPROVED_AMM_fee,321,31.2
IMPROVED_AMM_fee,323,29.11
IMPROVED_AMM_fee,322,29.27
IMPROVED_AMM_fee,324,29.19
IMPROVED_AMM_fee,325,28.55
IMPROVED_AMM_fee,327,28.84
IMPROVED_AMM_fee,326,30.88
IMPROVED_AMM_fee,329,29.95
IMPROVED_AMM_fee,328,29.92
IMPROVED_AMM_fee,330,29.92
IMPROVED_AMM_fee,331,31.07
IMPROVED_AMM_fee,332,27.64
IMPROVED_AMM_fee,334,30.6
IMPROVED_AMM_fee,333,26.62
IMPROVED_AMM_fee,335,29.99
IMPROVED_AMM_fee,336,30.41
IMPROVED_AMM_fee,337,27.62
IMPROVED_AMM_fee,338,27.94
IMPROVED_AMM_fee,340,31.35
IMPROVED_AMM_fee,339,32.0
IMPROVED_AMM_fee,341,30.1
IMPROVED_AMM_fee,342,29.95
IMPROVED_AMM_fee,343,30.66
IMPROVED_AMM_fee,344,26.87
IMPROVED_AMM_fee,345,30.48
IMPROVED_AMM_fee,347,29.91
IMPROVED_AMM_fee,346,30.24
IMPROVED_AMM_fee,348,30.87
IMPROVED_AMM_fee,349,32.23
IMPROVED_AMM_fee,350,28.83
IMPROVED_AMM_fee,351,29.48
IMPROVED_AMM_fee,352,28.08
IMPROVED_AMM_fee,353,30.23
IMPROVED_AMM_fee,354,28.34
IMPROVED_AMM_fee,355,30.13
IMPROVED_AMM_fee,356,30.17
IMPROVED_AMM_fee,357,29.19
IMPROVED_AMM_fee,358,28.92
IMPROVED_AMM_fee,360,28.76
IMPROVED_AMM_fee,359,28.71
IMPROVED_AMM_fee,361,30.05
IMPROVED_AMM_fee,362,29.17
IMPROVED_AMM_fee,363,30.06
IMPROVED_AMM_fee,365,27.83
IMPROVED_AMM_fee,364,29.34
IMPROVED_AMM_fee,366,29.2
IMPROVED_AMM_fee,367,30.74
IMPROVED_AMM_fee,368,31.03
IMPROVED_AMM_fee,369,30.34
IMPROVED_AMM_fee,370,28.67
IMPROVED_AMM_fee,371,30.93
IMPROVED_AMM_fee,372,29.27
IMPROVED_AMM_fee,374,31.66
IMPROVED_AMM_fee,373,32.43
IMPROVED_AMM_fee,375,28.18
IMPROVED_AMM_fee,376,30.04
IMPROVED_AMM_fee,377,30.84
IMPROVED_AMM_fee,378,28.63
IMPROVED_AMM_fee,380,32.89
IMPROVED_AMM_fee,379,30.89
IMPROVED_AMM_fee,381,28.16
IMPROVED_AMM_fee,382,28.51
IMPROVED_AMM_fee,383,28.77
IMPROVED_AMM_fee,384,30.51
IMPROVED_AMM_fee,385,32.58
IMPROVED_AMM_fee,386,31.32
IMPROVED_AMM_fee,387,32.18
IMPROVED_AMM_fee,388,29.35
IMPROVED_AMM_fee,389,29.89
IMPROVED_AMM_fee,390,28.81
IMPROVED_AMM_fee,392,29.76
IMPROVED_AMM_fee,391,28.4
IMPROVED_AMM_fee,393,28.82
IMPROVED_AMM_fee,394,29.13
IMPROVED_AMM_fee,395,32.71
IMPROVED_AMM_fee,396,29.19
IMPROVED_AMM_fee,397,27.62
IMPROVED_AMM_fee,398,28.76
IMPROVED_AMM_fee,401,30.8
IMPROVED_AMM_fee,400,29.9
IMPROVED_AMM_fee,399,29.28
IMPROVED_AMM_fee,402,29.77
IMPROVED_AMM_fee,403,33.01
IMPROVED_AMM_fee,404,31.91
IMPROVED_AMM_fee,405,28.0
IMPROVED_AMM_fee,406,33.31
IMPROVED_AMM_fee,407,30.11
IMPROVED_AMM_fee,408,25.9
IMPROVED_AMM_fee,409,29.15
IMPROVED_AMM_fee,410,32.11
IMPROVED_AMM_fee,411,28.35
IMPROVED_AMM_fee,414,30.49
IMPROVED_AMM_fee,413,28.95
IMPROVED_AMM_fee,412,29.87
IMPROVED_AMM_fee,415,31.83
IMPROVED_AMM_fee,416,31.51
IMPROVED_AMM_fee,417,29.2
IMPROVED_AMM_fee,419,29.53
IMPROVED_AMM_fee,418,29.39
IMPROVED_AMM_fee,420,30.08
IMPROVED_AMM_fee,421,27.97
IMPROVED_AMM_fee,422,29.83
IMPROVED_AMM_fee,425,30.05
IMPROVED_AMM_fee,423,29.93
IMPROVED_AMM_fee,424,29.77
IMPROVED_AMM_fee,426,30.68
IMPROVED_AMM_fee,427,29.53
IMPROVED_AMM_fee,429,32.04
IMPROVED_AMM_fee,428,29.06
IMPROVED_AMM_fee,431,28.7
IMPROVED_AMM_fee,432,29.83
IMPROVED_AMM_fee,430,29.25
IMPROVED_AMM_fee,433,30.07
IMPROVED_AMM_fee,434,28.82
IMPROVED_AMM_fee,435,27.58
IMPROVED_AMM_fee,436,29.23
IMPROVED_AMM_fee,438,25.93
IMPROVED_AMM_fee,437,28.89
IMPROVED_AMM_fee,439,30.41
IMPROVED_AMM_fee,440,29.05
IMPROVED_AMM_fee,441,31.41
IMPROVED_AMM_fee,442,28.63
IMPROVED_AMM_fee,443,30.15
IMPROVED_AMM_fee,444,29.62
IMPROVED_AMM_fee,445,29.97
IMPROVED_AMM_fee,446,31.52
IMPROVED_AMM_fee,447,32.18
IMPROVED_AMM_fee,448,30.32
IMPROVED_AMM_fee,449,29.68
IMPROVED_AMM_fee,450,30.38
IMPROVED_AMM_fee,451,30.16
IMPROVED_AMM_fee,452,29.52
IMPROVED_AMM_fee,453,29.54
IMPROVED_AMM_fee,454,33.22
IMPROVED_AMM_fee,455,29.78
IMPROVED_AMM_fee,456,30.0
IMPROVED_AMM_fee,457,31.05
IMPROVED_AMM_fee,458,29.49
IMPROVED_AMM_fee,459,29.35
IMPROVED_AMM_fee,461,27.92
IMPROVED_AMM_fee,460,30.27
IMPROVED_AMM_fee,462,30.02
IMPROVED_AMM_fee,463,30.85
IMPROVED_AMM_fee,465,29.38
IMPROVED_AMM_fee,464,31.56
IMPROVED_AMM_fee,466,28.97
IMPROVED_AMM_fee,467,29.14
IMPROVED_AMM_fee,468,30.58
IMPROVED_AMM_fee,469,30.37
IMPROVED_AMM_fee,470,30.99
IMPROVED_AMM_fee,473,29.54
IMPROVED_AMM_fee,471,26.45
IMPROVED_AMM_fee,472,29.09
IMPROVED_AMM_fee,474,28.47
IMPROVED_AMM_fee,475,29.17
IMPROVED_AMM_fee,477,28.71
IMPROVED_AMM_fee,478,29.78
IMPROVED_AMM_fee,476,27.07
IMPROVED_AMM_fee,479,29.3
IMPROVED_AMM_fee,480,30.08
IMPROVED_AMM_fee,482,29.05
IMPROVED_AMM_fee,481,30.29
IMPROVED_AMM_fee,485,29.99
IMPROVED_AMM_fee,483,29.61
IMPROVED_AMM_fee,486,31.13
IMPROVED_AMM_fee,484,26.83
IMPROVED_AMM_fee,487,26.88
IMPROVED_AMM_fee,488,31.29
IMPROVED_AMM_fee,489,29.25
IMPROVED_AMM_fee,490,28.42
IMPROVED_AMM_fee,492,28.98
IMPROVED_AMM_fee,491,29.42
IMPROVED_AMM_fee,493,27.56
IMPROVED_AMM_fee,494,28.35
IMPROVED_AMM_fee,495,28.89
IMPROVED_AMM_fee,496,30.02
IMPROVED_AMM_fee,497,31.35
IMPROVED_AMM_fee,498,28.75
IMPROVED_AMM_fee,499,32.05
IMPROVED_AMM_fee,500,29.0
IMPROVED_AMM_fee,501,27.85
IMPROVED_AMM_fee,502,31.92
IMPROVED_AMM_fee,504,28.1
IMPROVED_AMM_fee,503,29.55
IMPROVED_AMM_fee,505,33.37
IMPROVED_AMM_fee,506,29.56
IMPROVED_AMM_fee,508,31.0
IMPROVED_AMM_fee,507,28.63
IMPROVED_AMM_fee,509,29.08
IMPROVED_AMM_fee,512,29.23
IMPROVED_AMM_fee,510,29.28
IMPROVED_AMM_fee,511,29.86
IMPROVED_AMM_fee,513,30.26
IMPROVED_AMM_fee,514,28.68
IMPROVED_AMM_fee,516,29.26
IMPROVED_AMM_fee,517,28.58
IMPROVED_AMM_fee,515,29.97
IMPROVED_AMM_fee,518,29.78
IMPROVED_AMM_fee,519,29.7
IMPROVED_AMM_fee,520,27.58
IMPROVED_AMM_fee,521,30.4
IMPROVED_AMM_fee,525,29.52
IMPROVED_AMM_fee,522,28.93
IMPROVED_AMM_fee,523,28.36
IMPROVED_AMM_fee,524,28.92
IMPROVED_AMM_fee,526,29.75
IMPROVED_AMM_fee,528,32.84
IMPROVED_AMM_fee,527,28.37
IMPROVED_AMM_fee,529,28.07
IMPROVED_AMM_fee,530,30.11
IMPROVED_AMM_fee,531,28.49
IMPROVED_AMM_fee,532,27.64
IMPROVED_AMM_fee,533,30.11
IMPROVED_AMM_fee,534,27.55
IMPROVED_AMM_fee,535,27.34
IMPROVED_AMM_fee,536,28.68
IMPROVED_AMM_fee,537,27.74
IMPROVED_AMM_fee,538,26.18
IMPROVED_AMM_fee,539,26.55
IMPROVED_AMM_fee,541,30.97
IMPROVED_AMM_fee,542,29.86
IMPROVED_AMM_fee,540,31.17
IMPROVED_AMM_fee,543,31.8
IMPROVED_AMM_fee,544,29.01
IMPROVED_AMM_fee,545,30.76
IMPROVED_AMM_fee,546,29.77
IMPROVED_AMM_fee,548,32.56
IMPROVED_AMM_fee,547,28.51
IMPROVED_AMM_fee,549,29.58
IMPROVED_AMM_fee,550,29.84
IMPROVED_AMM_fee,551,29.97
IMPROVED_AMM_fee,553,26.75
IMPROVED_AMM_fee,552,28.72
IMPROVED_AMM_fee,554,28.98
IMPROVED_AMM_fee,555,29.67
IMPROVED_AMM_fee,557,31.0
IMPROVED_AMM_fee,556,29.52
IMPROVED_AMM_fee,558,29.0
IMPROVED_AMM_fee,559,29.7
IMPROVED_AMM_fee,560,29.62
IMPROVED_AMM_fee,561,32.2
IMPROVED_AMM_fee,562,26.87
IMPROVED_AMM_fee,563,28.72
IMPROVED_AMM_fee,564,30.35
IMPROVED_AMM_fee,567,29.03
IMPROVED_AMM_fee,565,29.48
IMPROVED_AMM_fee,566,31.09
IMPROVED_AMM_fee,569,26.09
IMPROVED_AMM_fee,568,30.59
IMPROVED_AMM_fee,570,28.56
IMPROVED_AMM_fee,571,28.24
IMPROVED_AMM_fee,572,31.04
IMPROVED_AMM_fee,573,26.65
IMPROVED_AMM_fee,574,29.97
IMPROVED_AMM_fee,575,30.84
IMPROVED_AMM_fee,576,30.31
IMPROVED_AMM_fee,577,32.11
IMPROVED_AMM_fee,579,29.8
IMPROVED_AMM_fee,578,27.71
IMPROVED_AMM_fee,580,28.54
IMPROVED_AMM_fee,582,28.59
IMPROVED_AMM_fee,581,30.07
IMPROVED_AMM_fee,583,28.8
IMPROVED_AMM_fee,584,29.65
IMPROVED_AMM_fee,585,30.82
IMPROVED_AMM_fee,586,29.73
IMPROVED_AMM_fee,588,28.1
IMPROVED_AMM_fee,587,30.83
IMPROVED_AMM_fee,589,29.42
IMPROVED_AMM_fee,590,30.18
IMPROVED_AMM_fee,591,29.68
IMPROVED_AMM_fee,592,28.45
IMPROVED_AMM_fee,593,27.85
IMPROVED_AMM_fee,594,29.31
IMPROVED_AMM_fee,595,30.84
IMPROVED_AMM_fee,597,30.93
IMPROVED_AMM_fee,596,28.49
IMPROVED_AMM_fee,598,27.51
IMPROVED_AMM_fee,600,32.56
IMPROVED_AMM_fee,599,30.17
IMPROVED_AMM_fee,601,30.9
IMPROVED_AMM_fee,602,31.14
IMPROVED_AMM_fee,603,31.88
IMPROVED_AMM_fee,605,30.04
IMPROVED_AMM_fee,604,31.16
IMPROVED_AMM_fee,607,29.25
IMPROVED_AMM_fee,608,30.5
IMPROVED_AMM_fee,606,28.68
IMPROVED_AMM_fee,609,30.49
IMPROVED_AMM_fee,610,30.68
IMPROVED_AMM_fee,611,29.74
IMPROVED_AMM_fee,612,31.59
IMPROVED_AMM_fee,613,28.64
IMPROVED_AMM_fee,615,29.08
IMPROVED_AMM_fee,614,27.54
IMPROVED_AMM_fee,616,31.74
IMPROVED_AMM_fee,618,30.72
IMPROVED_AMM_fee,617,28.55
IMPROVED_AMM_fee,621,30.56
IMPROVED_AMM_fee,619,30.32
IMPROVED_AMM_fee,620,30.56
IMPROVED_AMM_fee,622,28.75
IMPROVED_AMM_fee,623,29.98
IMPROVED_AMM_fee,624,27.57
IMPROVED_AMM_fee,625,29.04
IMPROVED_AMM_fee,626,30.17
IMPROVED_AMM_fee,628,27.83
IMPROVED_AMM_fee,627,28.67
IMPROVED_AMM_fee,629,29.57
IMPROVED_AMM_fee,631,29.92
IMPROVED_AMM_fee,630,30.46
IMPROVED_AMM_fee,633,30.62
IMPROVED_AMM_fee,635,28.35
IMPROVED_AMM_fee,632,28.07
IMPROVED_AMM_fee,634,26.13
IMPROVED_AMM_fee,636,27.96
IMPROVED_AMM_fee,637,30.85
IMPROVED_AMM_fee,638,28.83
IMPROVED_AMM_fee,641,28.77
IMPROVED_AMM_fee,639,27.63
IMPROVED_AMM_fee,640,29.4
IMPROVED_AMM_fee,642,29.59
IMPROVED_AMM_fee,643,28.04
IMPROVED_AMM_fee,644,31.01
IMPROVED_AMM_fee,645,28.96
IMPROVED_AMM_fee,648,31.17
IMPROVED_AMM_fee,647,33.26
IMPROVED_AMM_fee,646,28.23
IMPROVED_AMM_fee,649,28.5
IMPROVED_AMM_fee,650,30.35
IMPROVED_AMM_fee,651,26.82
IMPROVED_AMM_fee,653,32.17
IMPROVED_AMM_fee,654,30.22
IMPROVED_AMM_fee,655,28.68
IMPROVED_AMM_fee,652,30.91
IMPROVED_AMM_fee,656,29.71
IMPROVED_AMM_fee,657,30.25
IMPROVED_AMM_fee,659,30.88
IMPROVED_AMM_fee,658,29.4
IMPROVED_AMM_fee,661,32.04
IMPROVED_AMM_fee,660,30.76
IMPROVED_AMM_fee,662,30.38
IMPROVED_AMM_fee,663,30.7
IMPROVED_AMM_fee,664,29.12
IMPROVED_AMM_fee,665,30.57
IMPROVED_AMM_fee,666,31.2
IMPROVED_AMM_fee,667,27.43
IMPROVED_AMM_fee,668,29.05
IMPROVED_AMM_fee,669,27.99
IMPROVED_AMM_fee,670,31.55
IMPROVED_AMM_fee,673,31.59
IMPROVED_AMM_fee,672,32.21
IMPROVED_AMM_fee,671,27.2
IMPROVED_AMM_fee,674,30.17
IMPROVED_AMM_fee,675,30.98
IMPROVED_AMM_fee,676,31.94
IMPROVED_AMM_fee,678,30.18
IMPROVED_AMM_fee,677,29.44
IMPROVED_AMM_fee,681,31.79
IMPROVED_AMM_fee,679,28.59
IMPROVED_AMM_fee,680,28.77
IMPROVED_AMM_fee,682,30.63
IMPROVED_AMM_fee,683,27.99
IMPROVED_AMM_fee,684,31.34
IMPROVED_AMM_fee,686,27.34
IMPROVED_AMM_fee,685,29.93
IMPROVED_AMM_fee,687,27.92
IMPROVED_AMM_fee,688,28.73
IMPROVED_AMM_fee,690,28.6
IMPROVED_AMM_fee,689,28.49
IMPROVED_AMM_fee,691,29.81
IMPROVED_AMM_fee,694,27.58
IMPROVED_AMM_fee,692,28.1
IMPROVED_AMM_fee,693,31.02
IMPROVED_AMM_fee,696,30.4
IMPROVED_AMM_fee,695,29.22
IMPROVED_AMM_fee,697,31.57
IMPROVED_AMM_fee,698,28.59
IMPROVED_AMM_fee,699,26.42
IMPROVED_AMM_fee,701,30.02
IMPROVED_AMM_fee,700,30.22
IMPROVED_AMM_fee,702,31.3
IMPROVED_AMM_fee,703,29.93
IMPROVED_AMM_fee,704,32.96
IMPROVED_AMM_fee,706,30.73
IMPROVED_AMM_fee,705,30.21
IMPROVED_AMM_fee,707,30.16
IMPROVED_AMM_fee,708,30.14
IMPROVED_AMM_fee,709,28.69
IMPROVED_AMM_fee,710,30.02
IMPROVED_AMM_fee,712,28.94
IMPROVED_AMM_fee,711,31.52
IMPROVED_AMM_fee,713,31.81
IMPROVED_AMM_fee,714,28.52
IMPROVED_AMM_fee,715,29.76
IMPROVED_AMM_fee,717,26.81
IMPROVED_AMM_fee,716,28.07
IMPROVED_AMM_fee,718,31.34
IMPROVED_AMM_fee,719,29.68
IMPROVED_AMM_fee,720,31.84
IMPROVED_AMM_fee,721,28.42
IMPROVED_AMM_fee,722,29.55
IMPROVED_AMM_fee,723,29.8
IMPROVED_AMM_fee,724,30.61
IMPROVED_AMM_fee,725,27.89
IMPROVED_AMM_fee,726,31.26
IMPROVED_AMM_fee,727,28.08
IMPROVED_AMM_fee,728,30.5
IMPROVED_AMM_fee,729,30.56
IMPROVED_AMM_fee,732,29.34
IMPROVED_AMM_fee,730,27.44
IMPROVED_AMM_fee,731,29.78
IMPROVED_AMM_fee,733,32.13
IMPROVED_AMM_fee,734,29.86
IMPROVED_AMM_fee,735,27.88
IMPROVED_AMM_fee,736,30.06
IMPROVED_AMM_fee,737,27.39
IMPROVED_AMM_fee,738,29.53
IMPROVED_AMM_fee,739,29.89
IMPROVED_AMM_fee,741,29.9
IMPROVED_AMM_fee,740,26.75
IMPROVED_AMM_fee,742,29.91
IMPROVED_AMM_fee,744,28.69
IMPROVED_AMM_fee,743,30.24
IMPROVED_AMM_fee,745,30.53
IMPROVED_AMM_fee,747,30.22
IMPROVED_AMM_fee,746,28.65
IMPROVED_AMM_fee,748,28.81
IMPROVED_AMM_fee,749,28.48
IMPROVED_AMM_fee,750,29.27
IMPROVED_AMM_fee,751,30.68
IMPROVED_AMM_fee,752,29.37
IMPROVED_AMM_fee,753,27.26
IMPROVED_AMM_fee,754,31.18
IMPROVED_AMM_fee,755,29.37
IMPROVED_AMM_fee,757,26.85
IMPROVED_AMM_fee,756,31.27
IMPROVED_AMM_fee,759,28.69
IMPROVED_AMM_fee,758,27.49
IMPROVED_AMM_fee,760,29.88
IMPROVED_AMM_fee,761,28.76
IMPROVED_AMM_fee,762,28.44
IMPROVED_AMM_fee,763,29.8
IMPROVED_AMM_fee,764,28.83
IMPROVED_AMM_fee,765,29.85
IMPROVED_AMM_fee,766,27.86
IMPROVED_AMM_fee,767,30.51
IMPROVED_AMM_fee,769,29.52
IMPROVED_AMM_fee,768,27.05
IMPROVED_AMM_fee,770,29.08
IMPROVED_AMM_fee,771,28.46
IMPROVED_AMM_fee,772,28.03
IMPROVED_AMM_fee,774,31.6
IMPROVED_AMM_fee,773,29.64
IMPROVED_AMM_fee,775,31.66
IMPROVED_AMM_fee,776,32.69
IMPROVED_AMM_fee,777,26.55
IMPROVED_AMM_fee,778,30.86
IMPROVED_AMM_fee,779,31.52
IMPROVED_AMM_fee,780,26.53
IMPROVED_AMM_fee,782,29.8
IMPROVED_AMM_fee,781,30.69
IMPROVED_AMM_fee,783,28.47
IMPROVED_AMM_fee,786,26.86
IMPROVED_AMM_fee,785,33.35
IMPROVED_AMM_fee,784,28.47
IMPROVED_AMM_fee,787,29.14
IMPROVED_AMM_fee,788,31.9
IMPROVED_AMM_fee,790,30.37
IMPROVED_AMM_fee,789,28.72
IMPROVED_AMM_fee,791,32.29
IMPROVED_AMM_fee,792,26.47
IMPROVED_AMM_fee,794,29.6
IMPROVED_AMM_fee,795,28.95
IMPROVED_AMM_fee,793,26.81
IMPROVED_AMM_fee,796,29.67
IMPROVED_AMM_fee,797,30.89
IMPROVED_AMM_fee,798,27.2
IMPROVED_AMM_fee,799,29.61
IMPROVED_AMM_fee,800,30.76
IMPROVED_AMM_fee,801,29.81
IMPROVED_AMM_fee,803,30.8
IMPROVED_AMM_fee,802,29.75
IMPROVED_AMM_fee,804,27.71
IMPROVED_AMM_fee,805,33.23
IMPROVED_AMM_fee,806,27.39
IMPROVED_AMM_fee,808,31.61
IMPROVED_AMM_fee,807,29.75
IMPROVED_AMM_fee,810,30.74
IMPROVED_AMM_fee,809,28.99
IMPROVED_AMM_fee,811,30.1
IMPROVED_AMM_fee,812,30.11
IMPROVED_AMM_fee,813,29.26
IMPROVED_AMM_fee,814,29.82
IMPROVED_AMM_fee,815,29.92
IMPROVED_AMM_fee,816,29.05
IMPROVED_AMM_fee,817,29.59
IMPROVED_AMM_fee,818,29.44
IMPROVED_AMM_fee,820,29.29
IMPROVED_AMM_fee,821,30.39
IMPROVED_AMM_fee,819,29.85
IMPROVED_AMM_fee,822,30.7
IMPROVED_AMM_fee,823,29.29
IMPROVED_AMM_fee,824,29.52
IMPROVED_AMM_fee,825,31.26
IMPROVED_AMM_fee,826,30.04
IMPROVED_AMM_fee,827,30.75
IMPROVED_AMM_fee,828,30.69
IMPROVED_AMM_fee,829,28.09
IMPROVED_AMM_fee,830,29.26
IMPROVED_AMM_fee,831,27.63
IMPROVED_AMM_fee,832,32.53
IMPROVED_AMM_fee,833,27.43
IMPROVED_AMM_fee,834,30.33
IMPROVED_AMM_fee,835,30.32
IMPROVED_AMM_fee,836,30.17
IMPROVED_AMM_fee,837,29.43
IMPROVED_AMM_fee,838,28.56
IMPROVED_AMM_fee,839,29.73
IMPROVED_AMM_fee,840,28.13
IMPROVED_AMM_fee,842,30.09
IMPROVED_AMM_fee,841,31.03
IMPROVED_AMM_fee,844,29.58
IMPROVED_AMM_fee,843,28.95
IMPROVED_AMM_fee,847,29.25
IMPROVED_AMM_fee,846,33.22
IMPROVED_AMM_fee,845,28.81
IMPROVED_AMM_fee,848,30.79
IMPROVED_AMM_fee,851,29.62
IMPROVED_AMM_fee,850,29.05
IMPROVED_AMM_fee,849,28.74
IMPROVED_AMM_fee,852,30.33
IMPROVED_AMM_fee,853,28.22
IMPROVED_AMM_fee,854,29.2
IMPROVED_AMM_fee,855,32.53
IMPROVED_AMM_fee,857,31.51
IMPROVED_AMM_fee,856,27.91
IMPROVED_AMM_fee,858,33.1
IMPROVED_AMM_fee,859,30.2
IMPROVED_AMM_fee,860,29.6
IMPROVED_AMM_fee,861,32.49
IMPROVED_AMM_fee,862,32.52
IMPROVED_AMM_fee,864,26.46
IMPROVED_AMM_fee,863,29.1
IMPROVED_AMM_fee,865,30.36
IMPROVED_AMM_fee,866,30.06
IMPROVED_AMM_fee,868,29.91
IMPROVED_AMM_fee,867,30.91
IMPROVED_AMM_fee,869,28.48
IMPROVED_AMM_fee,870,30.39
IMPROVED_AMM_fee,872,29.13
IMPROVED_AMM_fee,873,29.82
IMPROVED_AMM_fee,871,32.26
IMPROVED_AMM_fee,875,28.54
IMPROVED_AMM_fee,876,32.17
IMPROVED_AMM_fee,874,28.1
IMPROVED_AMM_fee,877,30.48
IMPROVED_AMM_fee,878,29.25
IMPROVED_AMM_fee,879,28.5
IMPROVED_AMM_fee,880,28.23
IMPROVED_AMM_fee,881,30.54
IMPROVED_AMM_fee,882,27.69
IMPROVED_AMM_fee,883,27.31
IMPROVED_AMM_fee,884,30.14
IMPROVED_AMM_fee,885,28.37
IMPROVED_AMM_fee,886,30.81
IMPROVED_AMM_fee,889,27.54
IMPROVED_AMM_fee,887,27.91
IMPROVED_AMM_fee,888,28.7
IMPROVED_AMM_fee,890,27.79
IMPROVED_AMM_fee,891,29.11
IMPROVED_AMM_fee,892,28.23
IMPROVED_AMM_fee,893,29.15
IMPROVED_AMM_fee,894,27.71
IMPROVED_AMM_fee,895,31.13
IMPROVED_AMM_fee,896,31.63
IMPROVED_AMM_fee,897,32.22
IMPROVED_AMM_fee,898,26.79
IMPROVED_AMM_fee,899,30.41
IMPROVED_AMM_fee,900,31.54
IMPROVED_AMM_fee,902,30.79
IMPROVED_AMM_fee,901,28.15
IMPROVED_AMM_fee,903,28.59
IMPROVED_AMM_fee,904,28.29
IMPROVED_AMM_fee,905,31.23
IMPROVED_AMM_fee,906,26.86
IMPROVED_AMM_fee,907,30.37
IMPROVED_AMM_fee,908,28.1
IMPROVED_AMM_fee,909,27.22
IMPROVED_AMM_fee,910,27.54
IMPROVED_AMM_fee,911,31.18
IMPROVED_AMM_fee,912,31.61
IMPROVED_AMM_fee,915,28.23
IMPROVED_AMM_fee,913,31.53
IMPROVED_AMM_fee,914,29.66
IMPROVED_AMM_fee,916,30.94
IMPROVED_AMM_fee,917,28.43
IMPROVED_AMM_fee,918,30.65
IMPROVED_AMM_fee,919,31.5
IMPROVED_AMM_fee,920,30.02
IMPROVED_AMM_fee,923,29.87
IMPROVED_AMM_fee,921,31.13
IMPROVED_AMM_fee,922,29.75
IMPROVED_AMM_fee,924,29.67
IMPROVED_AMM_fee,925,27.17
IMPROVED_AMM_fee,926,30.81
IMPROVED_AMM_fee,928,28.27
IMPROVED_AMM_fee,927,31.73
IMPROVED_AMM_fee,930,28.77
IMPROVED_AMM_fee,929,29.23
IMPROVED_AMM_fee,931,30.62
IMPROVED_AMM_fee,932,29.69
IMPROVED_AMM_fee,933,27.55
IMPROVED_AMM_fee,934,27.69
IMPROVED_AMM_fee,935,28.58
IMPROVED_AMM_fee,937,33.28
IMPROVED_AMM_fee,936,30.85
IMPROVED_AMM_fee,938,27.39
IMPROVED_AMM_fee,941,28.87
IMPROVED_AMM_fee,940,29.24
IMPROVED_AMM_fee,939,29.36
IMPROVED_AMM_fee,942,28.55
IMPROVED_AMM_fee,943,29.62
IMPROVED_AMM_fee,944,31.03
IMPROVED_AMM_fee,945,31.31
IMPROVED_AMM_fee,946,26.78
IMPROVED_AMM_fee,947,29.28
IMPROVED_AMM_fee,949,28.44
IMPROVED_AMM_fee,948,29.74
IMPROVED_AMM_fee,950,26.38
IMPROVED_AMM_fee,952,32.25
IMPROVED_AMM_fee,951,30.82
IMPROVED_AMM_fee,953,30.95
IMPROVED_AMM_fee,954,26.98
IMPROVED_AMM_fee,955,31.52
IMPROVED_AMM_fee,956,30.6
IMPROVED_AMM_fee,957,30.84
IMPROVED_AMM_fee,958,29.63
IMPROVED_AMM_fee,959,29.03
IMPROVED_AMM_fee,960,31.36
IMPROVED_AMM_fee,961,28.96
IMPROVED_AMM_fee,964,28.61
IMPROVED_AMM_fee,962,28.3
IMPROVED_AMM_fee,963,28.26
IMPROVED_AMM_fee,966,29.71
IMPROVED_AMM_fee,967,29.64
IMPROVED_AMM_fee,965,28.71
IMPROVED_AMM_fee,968,27.07
IMPROVED_AMM_fee,969,28.24
IMPROVED_AMM_fee,970,25.52
IMPROVED_AMM_fee,971,28.72
IMPROVED_AMM_fee,972,30.03
IMPROVED_AMM_fee,973,31.08
IMPROVED_AMM_fee,975,30.06
IMPROVED_AMM_fee,974,31.0
IMPROVED_AMM_fee,976,30.25
IMPROVED_AMM_fee,977,30.73
IMPROVED_AMM_fee,980,31.04
IMPROVED_AMM_fee,979,27.68
IMPROVED_AMM_fee,978,29.45
IMPROVED_AMM_fee,981,30.33
IMPROVED_AMM_fee,982,30.3
IMPROVED_AMM_fee,984,32.63
IMPROVED_AMM_fee,983,30.17
IMPROVED_AMM_fee,985,29.35
IMPROVED_AMM_fee,986,28.79
IMPROVED_AMM_fee,987,28.92
IMPROVED_AMM_fee,988,30.67
IMPROVED_AMM_fee,990,29.31
IMPROVED_AMM_fee,989,29.47
IMPROVED_AMM_fee,991,30.02
IMPROVED_AMM_fee,993,31.72
IMPROVED_AMM_fee,992,31.79
IMPROVED_AMM_fee,994,30.34
IMPROVED_AMM_fee,995,29.35
IMPROVED_AMM_fee,996,28.5
IMPROVED_AMM_fee,997,29.14
IMPROVED_AMM_fee,998,27.96
IMPROVED_AMM_fee,999,28.57
IMPROVED_OB_fee,0,33.24
IMPROVED_OB_fee,2,33.82
IMPROVED_OB_fee,1,33.59
IMPROVED_OB_fee,3,33.67
IMPROVED_OB_fee,4,32.61
IMPROVED_OB_fee,5,33.11
IMPROVED_OB_fee,6,33.09
IMPROVED_OB_fee,7,33.17
IMPROVED_OB_fee,8,33.56
IMPROVED_OB_fee,10,33.56
IMPROVED_OB_fee,9,33.22
IMPROVED_OB_fee,11,33.35
IMPROVED_OB_fee,12,32.84
IMPROVED_OB_fee,13,33.41
IMPROVED_OB_fee,14,33.02
IMPROVED_OB_fee,15,33.74
IMPROVED_OB_fee,16,33.54
IMPROVED_OB_fee,17,33.43
IMPROVED_OB_fee,18,32.99
IMPROVED_OB_fee,19,32.95
IMPROVED_OB_fee,20,32.96
IMPROVED_OB_fee,22,32.89
IMPROVED_OB_fee,23,33.45
IMPROVED_OB_fee,21,33.34
IMPROVED_OB_fee,25,33.15
IMPROVED_OB_fee,24,33.29
IMPROVED_OB_fee,26,32.88
IMPROVED_OB_fee,27,33.15
IMPROVED_OB_fee,30,33.01
IMPROVED_OB_fee,29,32.73
IMPROVED_OB_fee,28,33.13
IMPROVED_OB_fee,31,33.02
IMPROVED_OB_fee,32,33.18
IMPROVED_OB_fee,33,33.08
IMPROVED_OB_fee,34,33.21
IMPROVED_OB_fee,36,33.47
IMPROVED_OB_fee,37,33.03
IMPROVED_OB_fee,35,33.08
IMPROVED_OB_fee,38,33.64
IMPROVED_OB_fee,39,32.82
IMPROVED_OB_fee,40,32.81
IMPROVED_OB_fee,43,33.48
IMPROVED_OB_fee,41,33.6
IMPROVED_OB_fee,42,33.22
IMPROVED_OB_fee,44,33.58
IMPROVED_OB_fee,45,33.1
IMPROVED_OB_fee,46,33.29
IMPROVED_OB_fee,47,33.04
IMPROVED_OB_fee,48,32.59
IMPROVED_OB_fee,49,33.32
IMPROVED_OB_fee,50,33.02
IMPROVED_OB_fee,51,32.91
IMPROVED_OB_fee,53,33.41
IMPROVED_OB_fee,55,33.47
IMPROVED_OB_fee,52,33.24
IMPROVED_OB_fee,54,33.52
IMPROVED_OB_fee,56,32.91
IMPROVED_OB_fee,57,33.35
IMPROVED_OB_fee,58,33.16
IMPROVED_OB_fee,59,33.36
IMPROVED_OB_fee,60,33.47
IMPROVED_OB_fee,61,33.27
IMPROVED_OB_fee,62,33.2
IMPROVED_OB_fee,64,33.53
IMPROVED_OB_fee,63,33.02
IMPROVED_OB_fee,66,32.93
IMPROVED_OB_fee,65,33.36
IMPROVED_OB_fee,67,33.35
IMPROVED_OB_fee,68,33.41
IMPROVED_OB_fee,69,32.91
IMPROVED_OB_fee,70,32.73
IMPROVED_OB_fee,72,33.22
IMPROVED_OB_fee,71,32.67
IMPROVED_OB_fee,73,33.42
IMPROVED_OB_fee,76,33.38
IMPROVED_OB_fee,75,32.36
IMPROVED_OB_fee,77,32.95
IMPROVED_OB_fee,74,32.53
IMPROVED_OB_fee,78,33.1
IMPROVED_OB_fee,80,33.05
IMPROVED_OB_fee,79,32.86
IMPROVED_OB_fee,81,33.24
IMPROVED_OB_fee,82,33.38
IMPROVED_OB_fee,84,33.51
IMPROVED_OB_fee,83,33.03
IMPROVED_OB_fee,85,32.83
IMPROVED_OB_fee,86,33.01
IMPROVED_OB_fee,89,33.25
IMPROVED_OB_fee,87,33.17
IMPROVED_OB_fee,88,32.81
IMPROVED_OB_fee,90,32.54
IMPROVED_OB_fee,91,33.19
IMPROVED_OB_fee,93,33.21
IMPROVED_OB_fee,92,33.24
IMPROVED_OB_fee,94,32.81
IMPROVED_OB_fee,95,33.01
IMPROVED_OB_fee,96,33.11
IMPROVED_OB_fee,97,32.75
IMPROVED_OB_fee,98,32.87
IMPROVED_OB_fee,100,32.85
IMPROVED_OB_fee,99,33.14
IMPROVED_OB_fee,103,33.15
IMPROVED_OB_fee,101,32.94
IMPROVED_OB_fee,102,33.18
IMPROVED_OB_fee,104,33.52
IMPROVED_OB_fee,106,33.44
IMPROVED_OB_fee,105,33.35
IMPROVED_OB_fee,108,33.25
IMPROVED_OB_fee,107,33.42
IMPROVED_OB_fee,109,32.92
IMPROVED_OB_fee,110,32.84
IMPROVED_OB_fee,111,33.19
IMPROVED_OB_fee,112,33.39
IMPROVED_OB_fee,113,33.33
IMPROVED_OB_fee,115,33.21
IMPROVED_OB_fee,116,32.92
IMPROVED_OB_fee,114,33.13
IMPROVED_OB_fee,117,33.13
IMPROVED_OB_fee,119,33.15
IMPROVED_OB_fee,118,33.17
IMPROVED_OB_fee,121,32.84
IMPROVED_OB_fee,120,33.01
IMPROVED_OB_fee,122,33.39
IMPROVED_OB_fee,123,33.4
IMPROVED_OB_fee,124,33.09
IMPROVED_OB_fee,125,32.9
IMPROVED_OB_fee,127,33.32
IMPROVED_OB_fee,126,33.05
IMPROVED_OB_fee,128,32.8
IMPROVED_OB_fee,129,32.95
IMPROVED_OB_fee,132,33.51
IMPROVED_OB_fee,130,33.33
IMPROVED_OB_fee,131,33.19
IMPROVED_OB_fee,133,33.56
IMPROVED_OB_fee,134,32.75
IMPROVED_OB_fee,135,33.17
IMPROVED_OB_fee,136,33.13
IMPROVED_OB_fee,137,33.57
IMPROVED_OB_fee,139,33.35
IMPROVED_OB_fee,138,33.28
IMPROVED_OB_fee,140,32.91
IMPROVED_OB_fee,142,33.37
IMPROVED_OB_fee,141,33.21
IMPROVED_OB_fee,143,32.74
IMPROVED_OB_fee,145,33.4
IMPROVED_OB_fee,144,32.92
IMPROVED_OB_fee,147,33.52
IMPROVED_OB_fee,146,33.05
IMPROVED_OB_fee,148,32.93
IMPROVED_OB_fee,149,33.37
IMPROVED_OB_fee,150,33.78
IMPROVED_OB_fee,152,33.2
IMPROVED_OB_fee,153,32.62
IMPROVED_OB_fee,151,33.46
IMPROVED_OB_fee,154,32.84
IMPROVED_OB_fee,155,33.39
IMPROVED_OB_fee,156,33.21
IMPROVED_OB_fee,158,33.2
IMPROVED_OB_fee,157,32.89
IMPROVED_OB_fee,159,33.16
IMPROVED_OB_fee,160,33.45
IMPROVED_OB_fee,161,33.08
IMPROVED_OB_fee,162,33.1
IMPROVED_OB_fee,163,32.82
IMPROVED_OB_fee,164,33.54
IMPROVED_OB_fee,165,33.16
IMPROVED_OB_fee,166,32.44
IMPROVED_OB_fee,168,33.47
IMPROVED_OB_fee,167,33.1
IMPROVED_OB_fee,169,32.84
IMPROVED_OB_fee,171,33.34
IMPROVED_OB_fee,170,33.36
IMPROVED_OB_fee,172,33.81
IMPROVED_OB_fee,173,33.62
IMPROVED_OB_fee,174,33.4
IMPROVED_OB_fee,175,33.36
IMPROVED_OB_fee,176,32.94
IMPROVED_OB_fee,177,33.06
IMPROVED_OB_fee,179,33.28
IMPROVED_OB_fee,178,33.4
IMPROVED_OB_fee,180,33.47
IMPROVED_OB_fee,182,33.75
IMPROVED_OB_fee,181,33.4
IMPROVED_OB_fee,185,32.97
IMPROVED_OB_fee,184,32.78
IMPROVED_OB_fee,183,33.05
IMPROVED_OB_fee,186,33.17
IMPROVED_OB_fee,187,33.43
IMPROVED_OB_fee,188,32.91
IMPROVED_OB_fee,189,33.01
IMPROVED_OB_fee,190,33.28
IMPROVED_OB_fee,191,33.19
IMPROVED_OB_fee,192,33.68
IMPROVED_OB_fee,195,33.44
IMPROVED_OB_fee,193,33.99
IMPROVED_OB_fee,194,32.59
IMPROVED_OB_fee,196,32.66
IMPROVED_OB_fee,197,32.72
IMPROVED_OB_fee,198,33.51
IMPROVED_OB_fee,199,32.47
IMPROVED_OB_fee,200,33.32
IMPROVED_OB_fee,201,33.11
IMPROVED_OB_fee,202,32.92
IMPROVED_OB_fee,203,32.67
IMPROVED_OB_fee,204,33.71
IMPROVED_OB_fee,205,33.03
IMPROVED_OB_fee,206,33.4
IMPROVED_OB_fee,207,33.1
IMPROVED_OB_fee,208,33.4
IMPROVED_OB_fee,210,33.73
IMPROVED_OB_fee,209,33.68
IMPROVED_OB_fee,212,32.68
IMPROVED_OB_fee,211,32.73
IMPROVED_OB_fee,213,33.34
IMPROVED_OB_fee,214,33.63
IMPROVED_OB_fee,215,33.31
IMPROVED_OB_fee,216,33.0
IMPROVED_OB_fee,217,32.79
IMPROVED_OB_fee,219,32.9
IMPROVED_OB_fee,218,33.13
IMPROVED_OB_fee,220,33.21
IMPROVED_OB_fee,221,33.21
IMPROVED_OB_fee,222,33.26
IMPROVED_OB_fee,223,33.2
IMPROVED_OB_fee,224,33.26
IMPROVED_OB_fee,225,33.37
IMPROVED_OB_fee,226,32.97
IMPROVED_OB_fee,227,33.35
IMPROVED_OB_fee,228,33.3
IMPROVED_OB_fee,229,33.03
IMPROVED_OB_fee,230,33.12
IMPROVED_OB_fee,232,32.94
IMPROVED_OB_fee,231,33.24
IMPROVED_OB_fee,234,33.48
IMPROVED_OB_fee,233,33.19
IMPROVED_OB_fee,236,33.08
IMPROVED_OB_fee,235,33.27
IMPROVED_OB_fee,237,33.58
IMPROVED_OB_fee,238,33.28
IMPROVED_OB_fee,239,32.95
IMPROVED_OB_fee,240,33.01
IMPROVED_OB_fee,241,33.13
IMPROVED_OB_fee,242,33.32
IMPROVED_OB_fee,243,33.55
IMPROVED_OB_fee,244,34.06
IMPROVED_OB_fee,245,33.7
IMPROVED_OB_fee,246,32.91
IMPROVED_OB_fee,247,33.1
IMPROVED_OB_fee,248,33.52
IMPROVED_OB_fee,250,33.05
IMPROVED_OB_fee,249,33.17
IMPROVED_OB_fee,251,32.91
IMPROVED_OB_fee,252,33.39
IMPROVED_OB_fee,253,33.32
IMPROVED_OB_fee,254,33.3
IMPROVED_OB_fee,255,33.02
IMPROVED_OB_fee,256,33.21
IMPROVED_OB_fee,257,33.29
IMPROVED_OB_fee,258,32.8
IMPROVED_OB_fee,259,32.94
IMPROVED_OB_fee,260,33.11
IMPROVED_OB_fee,261,33.01
IMPROVED_OB_fee,263,33.74
IMPROVED_OB_fee,262,33.28
IMPROVED_OB_fee,264,32.87
IMPROVED_OB_fee,265,33.06
IMPROVED_OB_fee,266,33.56
IMPROVED_OB_fee,267,33.34
IMPROVED_OB_fee,268,33.45
IMPROVED_OB_fee,269,32.88
IMPROVED_OB_fee,270,33.72
IMPROVED_OB_fee,271,33.23
IMPROVED_OB_fee,272,33.02
IMPROVED_OB_fee,274,33.11
IMPROVED_OB_fee,273,32.91
IMPROVED_OB_fee,275,33.26
IMPROVED_OB_fee,277,33.04
IMPROVED_OB_fee,276,33.43
IMPROVED_OB_fee,278,33.19
IMPROVED_OB_fee,279,32.98
IMPROVED_OB_fee,280,33.47
IMPROVED_OB_fee,282,33.26
IMPROVED_OB_fee,281,33.45
IMPROVED_OB_fee,283,33.2
IMPROVED_OB_fee,284,32.98
IMPROVED_OB_fee,285,33.14
IMPROVED_OB_fee,286,33.49
IMPROVED_OB_fee,287,32.45
IMPROVED_OB_fee,288,32.96
IMPROVED_OB_fee,289,33.65
IMPROVED_OB_fee,290,33.38
IMPROVED_OB_fee,291,33.12
IMPROVED_OB_fee,292,33.53
IMPROVED_OB_fee,294,33.18
IMPROVED_OB_fee,293,33.41
IMPROVED_OB_fee,295,33.33
IMPROVED_OB_fee,296,33.36
IMPROVED_OB_fee,297,33.37
IMPROVED_OB_fee,298,32.84
IMPROVED_OB_fee,299,33.46
IMPROVED_OB_fee,300,32.96
IMPROVED_OB_fee,301,33.39
IMPROVED_OB_fee,302,33.15
IMPROVED_OB_fee,303,32.91
IMPROVED_OB_fee,304,33.51
IMPROVED_OB_fee,305,33.06
IMPROVED_OB_fee,307,33.05
IMPROVED_OB_fee,306,33.34
IMPROVED_OB_fee,308,33.35
IMPROVED_OB_fee,309,32.75
IMPROVED_OB_fee,310,33.23
IMPROVED_OB_fee,311,33.47
IMPROVED_OB_fee,312,33.91
IMPROVED_OB_fee,313,33.29
IMPROVED_OB_fee,314,32.95
IMPROVED_OB_fee,315,33.05
IMPROVED_OB_fee,316,33.29
IMPROVED_OB_fee,317,33.24
IMPROVED_OB_fee,318,33.14
IMPROVED_OB_fee,319,33.5
IMPROVED_OB_fee,321,32.91
IMPROVED_OB_fee,320,32.89
IMPROVED_OB_fee,322,33.07
IMPROVED_OB_fee,323,32.73
IMPROVED_OB_fee,324,33.11
IMPROVED_OB_fee,325,33.22
IMPROVED_OB_fee,326,33.34
IMPROVED_OB_fee,327,33.57
IMPROVED_OB_fee,328,33.5
IMPROVED_OB_fee,330,33.61
IMPROVED_OB_fee,329,33.36
IMPROVED_OB_fee,331,33.57
IMPROVED_OB_fee,333,32.83
IMPROVED_OB_fee,332,33.31
IMPROVED_OB_fee,334,32.85
IMPROVED_OB_fee,335,33.44
IMPROVED_OB_fee,336,32.9
IMPROVED_OB_fee,338,33.08
IMPROVED_OB_fee,337,32.82
IMPROVED_OB_fee,339,33.47
IMPROVED_OB_fee,340,33.24
IMPROVED_OB_fee,341,33.38
IMPROVED_OB_fee,344,32.97
IMPROVED_OB_fee,342,33.4
IMPROVED_OB_fee,343,33.5
IMPROVED_OB_fee,345,33.41
IMPROVED_OB_fee,346,33.39
IMPROVED_OB_fee,347,33.21
IMPROVED_OB_fee,348,33.1
IMPROVED_OB_fee,349,33.23
IMPROVED_OB_fee,350,33.26
IMPROVED_OB_fee,351,32.68
IMPROVED_OB_fee,353,33.57
IMPROVED_OB_fee,352,33.24
IMPROVED_OB_fee,354,33.37
IMPROVED_OB_fee,356,33.51
IMPROVED_OB_fee,357,33.14
IMPROVED_OB_fee,355,33.16
IMPROVED_OB_fee,359,32.83
IMPROVED_OB_fee,360,32.81
IMPROVED_OB_fee,358,33.34
IMPROVED_OB_fee,362,33.23
IMPROVED_OB_fee,361,32.92
IMPROVED_OB_fee,363,33.45
IMPROVED_OB_fee,364,33.2
IMPROVED_OB_fee,365,33.27
IMPROVED_OB_fee,366,33.03
IMPROVED_OB_fee,367,33.49
IMPROVED_OB_fee,369,33.2
IMPROVED_OB_fee,370,33.71
IMPROVED_OB_fee,368,32.97
IMPROVED_OB_fee,373,33.74
IMPROVED_OB_fee,371,33.02
IMPROVED_OB_fee,372,32.76
IMPROVED_OB_fee,374,33.03
IMPROVED_OB_fee,375,33.16
IMPROVED_OB_fee,376,33.47
IMPROVED_OB_fee,377,33.77
IMPROVED_OB_fee,378,33.36
IMPROVED_OB_fee,379,33.2
IMPROVED_OB_fee,380,33.25
IMPROVED_OB_fee,382,32.77
IMPROVED_OB_fee,383,33.07
IMPROVED_OB_fee,381,33.02
IMPROVED_OB_fee,386,33.21
IMPROVED_OB_fee,385,33.42
IMPROVED_OB_fee,384,33.31
IMPROVED_OB_fee,387,33.64
IMPROVED_OB_fee,388,33.37
IMPROVED_OB_fee,389,33.29
IMPROVED_OB_fee,390,33.25
IMPROVED_OB_fee,391,33.38
IMPROVED_OB_fee,392,32.8
IMPROVED_OB_fee,394,33.41
IMPROVED_OB_fee,393,32.95
IMPROVED_OB_fee,395,33.23
IMPROVED_OB_fee,396,33.05
IMPROVED_OB_fee,398,33.64
IMPROVED_OB_fee,397,33.24
IMPROVED_OB_fee,399,33.09
IMPROVED_OB_fee,401,33.29
IMPROVED_OB_fee,400,33.09
IMPROVED_OB_fee,402,33.13
IMPROVED_OB_fee,403,33.56
IMPROVED_OB_fee,405,33.1
IMPROVED_OB_fee,404,33.26
IMPROVED_OB_fee,407,33.03
IMPROVED_OB_fee,406,33.56
IMPROVED_OB_fee,408,33.03
IMPROVED_OB_fee,409,33.76
IMPROVED_OB_fee,411,32.87
IMPROVED_OB_fee,410,33.3
IMPROVED_OB_fee,412,33.2
IMPROVED_OB_fee,414,33.67
IMPROVED_OB_fee,415,33.46
IMPROVED_OB_fee,413,32.92
IMPROVED_OB_fee,416,33.91
IMPROVED_OB_fee,418,33.08
IMPROVED_OB_fee,417,33.28
IMPROVED_OB_fee,419,33.39
IMPROVED_OB_fee,420,33.16
IMPROVED_OB_fee,422,32.95
IMPROVED_OB_fee,421,33.15
IMPROVED_OB_fee,423,33.34
IMPROVED_OB_fee,424,33.09
IMPROVED_OB_fee,426,33.15
IMPROVED_OB_fee,425,33.31
IMPROVED_OB_fee,427,32.91
IMPROVED_OB_fee,428,33.05
IMPROVED_OB_fee,431,33.11
IMPROVED_OB_fee,430,33.08
IMPROVED_OB_fee,429,32.94
IMPROVED_OB_fee,432,33.79
IMPROVED_OB_fee,433,33.59
IMPROVED_OB_fee,435,33.31
IMPROVED_OB_fee,434,32.97
IMPROVED_OB_fee,436,33.34
IMPROVED_OB_fee,437,33.49
IMPROVED_OB_fee,438,32.69
IMPROVED_OB_fee,439,33.05
IMPROVED_OB_fee,440,33.23
IMPROVED_OB_fee,441,33.05
IMPROVED_OB_fee,444,33.0
IMPROVED_OB_fee,443,33.46
IMPROVED_OB_fee,442,33.33
IMPROVED_OB_fee,445,33.24
IMPROVED_OB_fee,447,33.16
IMPROVED_OB_fee,446,33.61
IMPROVED_OB_fee,448,33.17
IMPROVED_OB_fee,449,33.28
IMPROVED_OB_fee,450,33.49
IMPROVED_OB_fee,451,33.22
IMPROVED_OB_fee,452,32.93
IMPROVED_OB_fee,453,33.49
IMPROVED_OB_fee,454,33.67
IMPROVED_OB_fee,455,33.16
IMPROVED_OB_fee,457,33.45
IMPROVED_OB_fee,456,32.53
IMPROVED_OB_fee,458,33.02
IMPROVED_OB_fee,459,33.78
IMPROVED_OB_fee,460,33.3
IMPROVED_OB_fee,461,32.96
IMPROVED_OB_fee,462,33.49
IMPROVED_OB_fee,464,33.46
IMPROVED_OB_fee,463,33.28
IMPROVED_OB_fee,465,32.93
IMPROVED_OB_fee,466,33.35
IMPROVED_OB_fee,468,33.04
IMPROVED_OB_fee,467,33.41
IMPROVED_OB_fee,469,33.25
IMPROVED_OB_fee,470,33.77
IMPROVED_OB_fee,472,33.6
IMPROVED_OB_fee,471,32.69
IMPROVED_OB_fee,473,33.32
IMPROVED_OB_fee,474,33.22
IMPROVED_OB_fee,475,33.41
IMPROVED_OB_fee,476,32.84
IMPROVED_OB_fee,477,32.99
IMPROVED_OB_fee,479,32.87
IMPROVED_OB_fee,478,33.51
IMPROVED_OB_fee,481,33.08
IMPROVED_OB_fee,480,33.14
IMPROVED_OB_fee,482,33.12
IMPROVED_OB_fee,483,33.51
IMPROVED_OB_fee,485,33.2
IMPROVED_OB_fee,484,33.21
IMPROVED_OB_fee,486,33.57
IMPROVED_OB_fee,487,32.78
IMPROVED_OB_fee,488,33.54
IMPROVED_OB_fee,489,32.81
IMPROVED_OB_fee,490,33.39
IMPROVED_OB_fee,491,33.19
IMPROVED_OB_fee,492,33.17
IMPROVED_OB_fee,493,33.29
IMPROVED_OB_fee,494,33.32
IMPROVED_OB_fee,495,33.21
IMPROVED_OB_fee,496,33.55
IMPROVED_OB_fee,497,33.16
IMPROVED_OB_fee,499,33.68
IMPROVED_OB_fee,498,33.36
IMPROVED_OB_fee,500,33.43
IMPROVED_OB_fee,501,33.23
IMPROVED_OB_fee,502,33.11
IMPROVED_OB_fee,503,33.36
IMPROVED_OB_fee,504,33.38
IMPROVED_OB_fee,505,33.6
IMPROVED_OB_fee,506,32.64
IMPROVED_OB_fee,507,33.17
IMPROVED_OB_fee,508,33.39
IMPROVED_OB_fee,509,33.43
IMPROVED_OB_fee,510,33.21
IMPROVED_OB_fee,511,33.34
IMPROVED_OB_fee,512,33.35
IMPROVED_OB_fee,513,33.0
IMPROVED_OB_fee,514,33.27
IMPROVED_OB_fee,516,32.92
IMPROVED_OB_fee,515,33.59
IMPROVED_OB_fee,517,32.82
IMPROVED_OB_fee,518,33.41
IMPROVED_OB_fee,519,32.84
IMPROVED_OB_fee,521,33.82
IMPROVED_OB_fee,520,33.27
IMPROVED_OB_fee,522,32.88
IMPROVED_OB_fee,523,33.36
IMPROVED_OB_fee,524,33.3
IMPROVED_OB_fee,525,33.15
IMPROVED_OB_fee,526,33.4
IMPROVED_OB_fee,527,33.34
IMPROVED_OB_fee,528,33.44
IMPROVED_OB_fee,529,33.36
IMPROVED_OB_fee,530,33.33
IMPROVED_OB_fee,531,33.15
IMPROVED_OB_fee,532,33.42
IMPROVED_OB_fee,534,33.18
IMPROVED_OB_fee,533,33.17
IMPROVED_OB_fee,535,33.04
IMPROVED_OB_fee,536,33.24
IMPROVED_OB_fee,537,33.23
IMPROVED_OB_fee,538,32.91
IMPROVED_OB_fee,539,32.73
IMPROVED_OB_fee,540,33.41
IMPROVED_OB_fee,542,33.37
IMPROVED_OB_fee,541,32.96
IMPROVED_OB_fee,543,33.57
IMPROVED_OB_fee,544,32.6
IMPROVED_OB_fee,545,33.25
IMPROVED_OB_fee,546,33.67
IMPROVED_OB_fee,547,33.09
IMPROVED_OB_fee,548,33.7
IMPROVED_OB_fee,549,33.67
IMPROVED_OB_fee,550,32.89
IMPROVED_OB_fee,551,33.21
IMPROVED_OB_fee,552,33.1
IMPROVED_OB_fee,553,33.2
IMPROVED_OB_fee,556,33.34
IMPROVED_OB_fee,555,33.32
IMPROVED_OB_fee,554,32.82
IMPROVED_OB_fee,557,33.2
IMPROVED_OB_fee,558,32.93
IMPROVED_OB_fee,559,33.62
IMPROVED_OB_fee,560,33.4
IMPROVED_OB_fee,561,33.53
IMPROVED_OB_fee,562,32.41
IMPROVED_OB_fee,563,33.08
IMPROVED_OB_fee,564,32.99
IMPROVED_OB_fee,565,33.21
IMPROVED_OB_fee,569,32.74
IMPROVED_OB_fee,566,33.2
IMPROVED_OB_fee,568,32.62
IMPROVED_OB_fee,567,33.01
IMPROVED_OB_fee,570,33.09
IMPROVED_OB_fee,571,33.0
IMPROVED_OB_fee,572,33.73
IMPROVED_OB_fee,573,33.04
IMPROVED_OB_fee,574,32.83
IMPROVED_OB_fee,575,33.95
IMPROVED_OB_fee,576,33.55
IMPROVED_OB_fee,577,33.64
IMPROVED_OB_fee,578,33.22
IMPROVED_OB_fee,579,33.88
IMPROVED_OB_fee,580,33.16
IMPROVED_OB_fee,581,33.26
IMPROVED_OB_fee,582,32.73
IMPROVED_OB_fee,583,32.91
IMPROVED_OB_fee,585,33.49
IMPROVED_OB_fee,584,32.67
IMPROVED_OB_fee,586,33.16
IMPROVED_OB_fee,587,33.81
IMPROVED_OB_fee,588,33.49
IMPROVED_OB_fee,589,33.36
IMPROVED_OB_fee,590,33.09
IMPROVED_OB_fee,593,32.88
IMPROVED_OB_fee,592,32.71
IMPROVED_OB_fee,591,33.14
IMPROVED_OB_fee,594,33.7
IMPROVED_OB_fee,595,33.44
IMPROVED_OB_fee,596,33.09
IMPROVED_OB_fee,598,32.94
IMPROVED_OB_fee,597,33.34
IMPROVED_OB_fee,599,33.57
IMPROVED_OB_fee,600,33.43
IMPROVED_OB_fee,601,33.64
IMPROVED_OB_fee,602,33.05
IMPROVED_OB_fee,604,33.86
IMPROVED_OB_fee,603,33.27
IMPROVED_OB_fee,605,33.53
IMPROVED_OB_fee,606,33.54
IMPROVED_OB_fee,607,33.27
IMPROVED_OB_fee,608,33.18
IMPROVED_OB_fee,609,33.28
IMPROVED_OB_fee,610,33.02
IMPROVED_OB_fee,611,33.09
IMPROVED_OB_fee,613,33.31
IMPROVED_OB_fee,612,33.43
IMPROVED_OB_fee,615,32.84
IMPROVED_OB_fee,614,32.78
IMPROVED_OB_fee,617,33.02
IMPROVED_OB_fee,618,33.47
IMPROVED_OB_fee,616,33.69
IMPROVED_OB_fee,619,32.75
IMPROVED_OB_fee,620,33.24
IMPROVED_OB_fee,621,33.13
IMPROVED_OB_fee,622,33.56
IMPROVED_OB_fee,623,33.23
IMPROVED_OB_fee,624,33.04
IMPROVED_OB_fee,625,33.54
IMPROVED_OB_fee,626,33.4
IMPROVED_OB_fee,627,33.35
IMPROVED_OB_fee,628,32.99
IMPROVED_OB_fee,633,33.36
IMPROVED_OB_fee,629,32.79
IMPROVED_OB_fee,630,33.27
IMPROVED_OB_fee,632,32.95
IMPROVED_OB_fee,631,33.53
IMPROVED_OB_fee,634,32.97
IMPROVED_OB_fee,635,33.15
IMPROVED_OB_fee,636,33.11
IMPROVED_OB_fee,637,33.13
IMPROVED_OB_fee,638,32.94
IMPROVED_OB_fee,639,32.68
IMPROVED_OB_fee,640,33.61
IMPROVED_OB_fee,641,33.45
IMPROVED_OB_fee,646,33.11
IMPROVED_OB_fee,644,32.77
IMPROVED_OB_fee,643,33.39
IMPROVED_OB_fee,642,32.79
IMPROVED_OB_fee,645,33.57
IMPROVED_OB_fee,647,32.95
IMPROVED_OB_fee,648,32.84
IMPROVED_OB_fee,649,33.45
IMPROVED_OB_fee,650,33.36
IMPROVED_OB_fee,651,32.79
IMPROVED_OB_fee,652,33.39
IMPROVED_OB_fee,653,33.51
IMPROVED_OB_fee,654,32.86
IMPROVED_OB_fee,656,33.25
IMPROVED_OB_fee,657,32.78
IMPROVED_OB_fee,655,33.33
IMPROVED_OB_fee,658,33.1
IMPROVED_OB_fee,660,33.28
IMPROVED_OB_fee,659,32.97
IMPROVED_OB_fee,661,33.47
IMPROVED_OB_fee,662,33.13
IMPROVED_OB_fee,664,33.42
IMPROVED_OB_fee,663,32.94
IMPROVED_OB_fee,666,33.75
IMPROVED_OB_fee,665,33.07
IMPROVED_OB_fee,667,32.74
IMPROVED_OB_fee,668,33.57
IMPROVED_OB_fee,669,33.36
IMPROVED_OB_fee,670,33.43
IMPROVED_OB_fee,671,32.92
IMPROVED_OB_fee,673,33.03
IMPROVED_OB_fee,672,32.95
IMPROVED_OB_fee,674,33.23
IMPROVED_OB_fee,675,33.26
IMPROVED_OB_fee,676,33.37
IMPROVED_OB_fee,677,33.36
IMPROVED_OB_fee,678,33.46
IMPROVED_OB_fee,679,32.86
IMPROVED_OB_fee,680,33.15
IMPROVED_OB_fee,681,33.1
IMPROVED_OB_fee,682,33.69
IMPROVED_OB_fee,683,33.62
IMPROVED_OB_fee,684,33.38
IMPROVED_OB_fee,685,33.07
IMPROVED_OB_fee,686,32.97
IMPROVED_OB_fee,687,33.26
IMPROVED_OB_fee,688,33.24
IMPROVED_OB_fee,690,33.03
IMPROVED_OB_fee,689,33.01
IMPROVED_OB_fee,691,33.05
IMPROVED_OB_fee,693,33.21
IMPROVED_OB_fee,692,32.45
IMPROVED_OB_fee,694,32.88
IMPROVED_OB_fee,696,33.29
IMPROVED_OB_fee,695,33.54
IMPROVED_OB_fee,697,33.38
IMPROVED_OB_fee,698,33.29
IMPROVED_OB_fee,699,32.46
IMPROVED_OB_fee,700,33.48
IMPROVED_OB_fee,702,34.13
IMPROVED_OB_fee,701,33.49
IMPROVED_OB_fee,703,33.78
IMPROVED_OB_fee,704,33.57
IMPROVED_OB_fee,705,33.36
IMPROVED_OB_fee,706,33.04
IMPROVED_OB_fee,707,33.57
IMPROVED_OB_fee,708,33.34
IMPROVED_OB_fee,712,33.33
IMPROVED_OB_fee,709,33.07
IMPROVED_OB_fee,710,33.27
IMPROVED_OB_fee,711,33.43
IMPROVED_OB_fee,713,33.62
IMPROVED_OB_fee,714,33.08
IMPROVED_OB_fee,715,33.85
IMPROVED_OB_fee,716,33.03
IMPROVED_OB_fee,717,32.84
IMPROVED_OB_fee,718,33.86
IMPROVED_OB_fee,719,33.09
IMPROVED_OB_fee,720,32.98
IMPROVED_OB_fee,721,32.87
IMPROVED_OB_fee,723,33.06
IMPROVED_OB_fee,722,33.56
IMPROVED_OB_fee,724,33.42
IMPROVED_OB_fee,725,33.13
IMPROVED_OB_fee,727,33.15
IMPROVED_OB_fee,726,33.07
IMPROVED_OB_fee,728,33.4
IMPROVED_OB_fee,729,33.07
IMPROVED_OB_fee,730,32.59
IMPROVED_OB_fee,731,33.59
IMPROVED_OB_fee,732,33.17
IMPROVED_OB_fee,733,33.34
IMPROVED_OB_fee,735,33.05
IMPROVED_OB_fee,734,33.53
IMPROVED_OB_fee,736,32.62
IMPROVED_OB_fee,737,33.27
IMPROVED_OB_fee,738,33.23
IMPROVED_OB_fee,739,33.45
IMPROVED_OB_fee,740,32.57
IMPROVED_OB_fee,741,33.32
IMPROVED_OB_fee,742,32.99
IMPROVED_OB_fee,743,33.4
IMPROVED_OB_fee,744,33.74
IMPROVED_OB_fee,745,33.21
IMPROVED_OB_fee,746,33.04
IMPROVED_OB_fee,747,33.31
IMPROVED_OB_fee,748,33.68
IMPROVED_OB_fee,749,33.67
IMPROVED_OB_fee,750,32.95
IMPROVED_OB_fee,751,32.95
IMPROVED_OB_fee,753,33.02
IMPROVED_OB_fee,754,33.79
IMPROVED_OB_fee,752,33.05
IMPROVED_OB_fee,755,33.35
IMPROVED_OB_fee,756,32.92
IMPROVED_OB_fee,757,33.18
IMPROVED_OB_fee,759,33.32
IMPROVED_OB_fee,758,32.71
IMPROVED_OB_fee,761,33.16
IMPROVED_OB_fee,762,33.41
IMPROVED_OB_fee,760,33.58
IMPROVED_OB_fee,763,33.6
IMPROVED_OB_fee,764,32.83
IMPROVED_OB_fee,766,32.83
IMPROVED_OB_fee,765,33.14
IMPROVED_OB_fee,767,33.23
IMPROVED_OB_fee,769,32.7
IMPROVED_OB_fee,768,33.1
IMPROVED_OB_fee,770,32.58
IMPROVED_OB_fee,771,32.87
IMPROVED_OB_fee,772,33.1
IMPROVED_OB_fee,773,33.55
IMPROVED_OB_fee,774,33.63
IMPROVED_OB_fee,776,33.33
IMPROVED_OB_fee,775,33.38
IMPROVED_OB_fee,777,32.6
IMPROVED_OB_fee,778,33.57
IMPROVED_OB_fee,779,33.52
IMPROVED_OB_fee,780,32.85
IMPROVED_OB_fee,781,33.39
IMPROVED_OB_fee,782,33.03
IMPROVED_OB_fee,783,33.15
IMPROVED_OB_fee,784,32.53
IMPROVED_OB_fee,785,33.56
IMPROVED_OB_fee,787,32.52
IMPROVED_OB_fee,786,33.15
IMPROVED_OB_fee,788,33.33
IMPROVED_OB_fee,789,32.49
IMPROVED_OB_fee,791,33.21
IMPROVED_OB_fee,790,33.62
IMPROVED_OB_fee,792,33.15
IMPROVED_OB_fee,793,32.74
IMPROVED_OB_fee,794,32.51
IMPROVED_OB_fee,795,33.19
IMPROVED_OB_fee,796,33.42
IMPROVED_OB_fee,797,33.36
IMPROVED_OB_fee,798,33.08
IMPROVED_OB_fee,799,32.97
IMPROVED_OB_fee,801,33.32
IMPROVED_OB_fee,800,32.89
IMPROVED_OB_fee,802,33.08
IMPROVED_OB_fee,803,33.43
IMPROVED_OB_fee,804,32.68
IMPROVED_OB_fee,805,33.61
IMPROVED_OB_fee,806,33.02
IMPROVED_OB_fee,807,33.26
IMPROVED_OB_fee,808,33.7
IMPROVED_OB_fee,809,32.92
IMPROVED_OB_fee,810,32.69
IMPROVED_OB_fee,811,33.34
IMPROVED_OB_fee,812,32.82
IMPROVED_OB_fee,813,32.8
IMPROVED_OB_fee,814,33.27
IMPROVED_OB_fee,815,33.25
IMPROVED_OB_fee,816,32.89
IMPROVED_OB_fee,817,33.09
IMPROVED_OB_fee,818,33.59
IMPROVED_OB_fee,819,33.53
IMPROVED_OB_fee,820,33.06
IMPROVED_OB_fee,821,33.45
IMPROVED_OB_fee,822,33.75
IMPROVED_OB_fee,823,33.32
IMPROVED_OB_fee,824,33.32
IMPROVED_OB_fee,825,33.54
IMPROVED_OB_fee,826,33.32
IMPROVED_OB_fee,827,33.11
IMPROVED_OB_fee,829,33.41
IMPROVED_OB_fee,828,33.65
IMPROVED_OB_fee,830,32.85
IMPROVED_OB_fee,831,33.08
IMPROVED_OB_fee,832,33.7
IMPROVED_OB_fee,833,32.89
IMPROVED_OB_fee,834,33.42
IMPROVED_OB_fee,835,33.48
IMPROVED_OB_fee,836,32.95
IMPROVED_OB_fee,838,33.66
IMPROVED_OB_fee,837,33.14
IMPROVED_OB_fee,839,33.21
IMPROVED_OB_fee,840,33.52
IMPROVED_OB_fee,842,32.97
IMPROVED_OB_fee,841,32.87
IMPROVED_OB_fee,843,33.61
IMPROVED_OB_fee,844,33.3
IMPROVED_OB_fee,845,33.39
IMPROVED_OB_fee,847,33.32
IMPROVED_OB_fee,848,33.44
IMPROVED_OB_fee,846,33.07
IMPROVED_OB_fee,849,33.11
IMPROVED_OB_fee,850,33.54
IMPROVED_OB_fee,851,33.02
IMPROVED_OB_fee,852,33.74
IMPROVED_OB_fee,853,33.06
IMPROVED_OB_fee,855,33.93
IMPROVED_OB_fee,854,32.75
IMPROVED_OB_fee,856,33.02
IMPROVED_OB_fee,857,33.68
IMPROVED_OB_fee,858,33.47
IMPROVED_OB_fee,860,33.07
IMPROVED_OB_fee,859,32.91
IMPROVED_OB_fee,861,33.04
IMPROVED_OB_fee,862,33.21
IMPROVED_OB_fee,863,33.17
IMPROVED_OB_fee,864,32.6
IMPROVED_OB_fee,866,33.32
IMPROVED_OB_fee,865,33.45
IMPROVED_OB_fee,867,33.22
IMPROVED_OB_fee,868,33.36
IMPROVED_OB_fee,869,33.4
IMPROVED_OB_fee,870,33.39
IMPROVED_OB_fee,871,33.36
IMPROVED_OB_fee,872,33.02
IMPROVED_OB_fee,873,33.24
IMPROVED_OB_fee,874,33.4
IMPROVED_OB_fee,875,32.95
IMPROVED_OB_fee,876,33.49
IMPROVED_OB_fee,879,32.95
IMPROVED_OB_fee,878,32.79
IMPROVED_OB_fee,877,32.99
IMPROVED_OB_fee,881,33.49
IMPROVED_OB_fee,880,32.87
IMPROVED_OB_fee,882,33.33
IMPROVED_OB_fee,883,33.12
IMPROVED_OB_fee,884,32.71
IMPROVED_OB_fee,886,32.8
IMPROVED_OB_fee,887,32.79
IMPROVED_OB_fee,885,33.27
IMPROVED_OB_fee,888,33.23
IMPROVED_OB_fee,889,33.69
IMPROVED_OB_fee,894,33.51
IMPROVED_OB_fee,890,32.48
IMPROVED_OB_fee,892,33.03
IMPROVED_OB_fee,891,33.01
IMPROVED_OB_fee,893,33.66
IMPROVED_OB_fee,895,33.35
IMPROVED_OB_fee,896,33.28
IMPROVED_OB_fee,897,33.56
IMPROVED_OB_fee,898,33.01
IMPROVED_OB_fee,899,33.55
IMPROVED_OB_fee,900,33.51
IMPROVED_OB_fee,901,33.31
IMPROVED_OB_fee,902,33.23
IMPROVED_OB_fee,904,33.04
IMPROVED_OB_fee,906,33.1
IMPROVED_OB_fee,905,33.33
IMPROVED_OB_fee,903,33.23
IMPROVED_OB_fee,907,33.72
IMPROVED_OB_fee,908,33.17
IMPROVED_OB_fee,909,33.18
IMPROVED_OB_fee,910,32.79
IMPROVED_OB_fee,911,33.31
IMPROVED_OB_fee,912,33.11
IMPROVED_OB_fee,913,33.45
IMPROVED_OB_fee,914,33.02
IMPROVED_OB_fee,915,32.86
IMPROVED_OB_fee,916,33.16
IMPROVED_OB_fee,917,33.18
IMPROVED_OB_fee,918,33.09
IMPROVED_OB_fee,921,33.47
IMPROVED_OB_fee,919,33.08
IMPROVED_OB_fee,920,33.73
IMPROVED_OB_fee,922,33.14
IMPROVED_OB_fee,923,33.53
IMPROVED_OB_fee,924,32.93
IMPROVED_OB_fee,925,32.67
IMPROVED_OB_fee,926,33.32
IMPROVED_OB_fee,927,33.54
IMPROVED_OB_fee,928,32.54
IMPROVED_OB_fee,932,33.09
IMPROVED_OB_fee,933,32.94
IMPROVED_OB_fee,930,33.39
IMPROVED_OB_fee,931,32.76
IMPROVED_OB_fee,929,33.32
IMPROVED_OB_fee,934,33.4
IMPROVED_OB_fee,935,33.26
IMPROVED_OB_fee,936,33.54
IMPROVED_OB_fee,937,33.26
IMPROVED_OB_fee,938,33.11
IMPROVED_OB_fee,940,33.42
IMPROVED_OB_fee,939,33.03
IMPROVED_OB_fee,941,32.51
IMPROVED_OB_fee,942,33.13
IMPROVED_OB_fee,943,33.21
IMPROVED_OB_fee,946,33.08
IMPROVED_OB_fee,944,33.13
IMPROVED_OB_fee,945,33.12
IMPROVED_OB_fee,947,33.33
IMPROVED_OB_fee,948,33.43
IMPROVED_OB_fee,949,33.45
IMPROVED_OB_fee,950,32.7
IMPROVED_OB_fee,951,32.73
IMPROVED_OB_fee,953,33.36
IMPROVED_OB_fee,952,33.35
IMPROVED_OB_fee,954,33.26
IMPROVED_OB_fee,955,33.84
IMPROVED_OB_fee,959,33.11
IMPROVED_OB_fee,956,33.12
IMPROVED_OB_fee,957,33.5
IMPROVED_OB_fee,958,33.01
IMPROVED_OB_fee,960,33.51
IMPROVED_OB_fee,961,33.24
IMPROVED_OB_fee,962,33.04
IMPROVED_OB_fee,963,32.56
IMPROVED_OB_fee,964,33.14
IMPROVED_OB_fee,965,33.54
IMPROVED_OB_fee,966,33.01
IMPROVED_OB_fee,967,33.0
IMPROVED_OB_fee,970,32.69
IMPROVED_OB_fee,968,33.33
IMPROVED_OB_fee,972,33.5
IMPROVED_OB_fee,969,32.76
IMPROVED_OB_fee,973,33.62
IMPROVED_OB_fee,971,33.29
IMPROVED_OB_fee,974,33.5
IMPROVED_OB_fee,975,33.26
IMPROVED_OB_fee,976,33.56
IMPROVED_OB_fee,977,33.49
IMPROVED_OB_fee,978,32.86
IMPROVED_OB_fee,979,32.62
IMPROVED_OB_fee,980,33.1
IMPROVED_OB_fee,981,33.12
IMPROVED_OB_fee,985,33.01
IMPROVED_OB_fee,982,33.3
IMPROVED_OB_fee,983,33.14
IMPROVED_OB_fee,986,33.51
IMPROVED_OB_fee,984,33.35
IMPROVED_OB_fee,987,33.05
IMPROVED_OB_fee,988,33.2
IMPROVED_OB_fee,989,33.74
IMPROVED_OB_fee,990,33.06
IMPROVED_OB_fee,991,33.12
IMPROVED_OB_fee,992,33.12
IMPROVED_OB_fee,993,33.48
IMPROVED_OB_fee,995,33.3
IMPROVED_OB_fee,994,33.1
IMPROVED_OB_fee,997,33.41
IMPROVED_OB_fee,996,33.53
IMPROVED_OB_fee,999,33.11
IMPROVED_OB_fee,998,33.27
