fee_algo_name,lp_yield,density
FX_fee,26.51,0.02040705209329347
FX_fee,26.51166332665331,0.021163874908404982
FX_fee,26.513326653306613,0.021942020774896064
FX_fee,26.51498997995992,0.022744381326535966
FX_fee,26.51665330661323,0.023574022020621043
FX_fee,26.518316633266533,0.024434145822947898
FX_fee,26.51997995991984,0.025328056034889097
FX_fee,26.52164328657315,0.026259119705445883
FX_fee,26.523306613226456,0.027230733130995246
FX_fee,26.52496993987976,0.028246290955051163
FX_fee,26.526633266533068,0.029309160335781455
FX_fee,26.528296593186376,0.030422661547902127
FX_fee,26.52995991983968,0.03159005622772267
FX_fee,26.531623246492988,0.032814544256621066
FX_fee,26.533286573146295,0.034099270013113976
FX_fee,26.5349498997996,0.03544733841229088
FX_fee,26.536613226452907,0.03686184080125166
FX_fee,26.538276553106215,0.038345890399788946
FX_fee,26.53993987975952,0.03990266657802496
FX_fee,26.541603206412827,0.04153546685887004
FX_fee,26.543266533066134,0.04324776513685328
FX_fee,26.544929859719442,0.04504327422960957
FX_fee,26.546593186372746,0.04692601053793732
FX_fee,26.548256513026054,0.04890035829895781
FX_fee,26.54991983967936,0.050971130686626884
FX_fee,26.551583166332666,0.05314362485710024
FX_fee,26.553246492985974,0.055423667962141564
FX_fee,26.55490981963928,0.05781765117015999
FX_fee,26.556573146292585,0.06033254884668117
FX_fee,26.558236472945893,0.06297592025630994
FX_fee,26.5598997995992,0.06575589145592607
FX_fee,26.561563126252505,0.06868111545097472
FX_fee,26.563226452905813,0.07176070917547349
FX_fee,26.56488977955912,0.0750041664227785
FX_fee,26.566553106212428,0.078421246485429
FX_fee,26.568216432865732,0.0820218389430535
FX_fee,26.56987975951904,0.08581580575016554
FX_fee,26.571543086172348,0.08981280250164027
FX_fee,26.57320641282565,0.09402208147237251
FX_fee,26.57486973947896,0.09845227971762754
FX_fee,26.576533066132267,0.1031111961615023
FX_fee,26.57819639278557,0.10800556217167298
FX_fee,26.57985971943888,0.11314081060027383
FX_fee,26.581523046092187,0.11852084864539487
FX_fee,26.58318637274549,0.12414784014110151
FX_fee,26.5848496993988,0.13002200300256736
FX_fee,26.586513026052106,0.13614142752930414
FX_fee,26.58817635270541,0.14250192109751578
FX_fee,26.589839679358718,0.1490968844516005
FX_fee,26.591503006012026,0.1559172243370796
FX_fee,26.593166332665334,0.1629513066107573
FX_fee,26.594829659318638,0.17018495322863073
FX_fee,26.596492985971945,0.17760148566351103
FX_fee,26.598156312625253,0.18518181636103365
FX_fee,26.599819639278557,0.1929045888262904
FX_fee,26.601482965931865,0.20074636586718864
FX_fee,26.603146292585173,0.20868186443158557
FX_fee,26.604809619238477,0.2166842343915525
FX_fee,26.606472945891785,0.22472537757496194
FX_fee,26.608136272545092,0.23277630235313806
FX_fee,26.609799599198396,0.2408075081882243
FX_fee,26.611462925851704,0.24878939375028647
FX_fee,26.613126252505012,0.25669268155494607
FX_fee,26.61478957915832,0.26448885156759816
FX_fee,26.616452905811624,0.2721505758824694
FX_fee,26.61811623246493,0.2796521464292142
FX_fee,26.61977955911824,0.28696988768875353
FX_fee,26.621442885771543,0.2940825466182852
FX_fee,26.62310621242485,0.3009716523870774
FX_fee,26.62476953907816,0.3076218391014558
FX_fee,26.626432865731463,0.3140211254376903
FX_fee,26.62809619238477,0.3201611459840294
FX_fee,26.62975951903808,0.3260373300986355
FX_fee,26.631422845691382,0.3316490251923702
FX_fee,26.63308617234469,0.33699956251583946
FX_fee,26.634749498997998,0.34209626473909405
FX_fee,26.636412825651306,0.34695039583042864
FX_fee,26.63807615230461,0.3515770549344869
FX_fee,26.639739478957917,0.3559950170916831
FX_fee,26.641402805611225,0.36022652470101135
FX_fee,26.64306613226453,0.36429703458136536
FX_fee,26.644729458917837,0.36823492630982835
FX_fee,26.646392785571145,0.3720711781899459
FX_fee,26.64805611222445,0.37583901771497624
FX_fee,26.649719438877757,0.3795735537294694
FX_fee,26.651382765531064,0.3833113976534195
FX_fee,26.65304609218437,0.38709028111542293
FX_fee,26.654709418837676,0.39094867714979187
FX_fee,26.656372745490984,0.39492543175578215
FX_fee,26.65803607214429,0.39905941210859547
FX_fee,26.659699398797596,0.4033891770674336
FX_fee,26.661362725450903,0.4079526748655345
FX_fee,26.66302605210421,0.41278697201283915
FX_fee,26.664689378757515,0.41792801651738976
FX_fee,26.666352705410823,0.42341043756130275
FX_fee,26.66801603206413,0.42926738277655796
FX_fee,26.669679358717435,0.4355303932808673
FX_fee,26.671342685370742,0.44222931567663054
FX_fee,26.67300601202405,0.44939224931208355
FX_fee,26.674669338677354,0.4570455262724302
FX_fee,26.676332665330662,0.4652137208296823
FX_fee,26.67799599198397,0.4739196844492142
FX_fee,26.679659318637277,0.4831846019434481
FX_fee,26.68132264529058,0.4930280639861911
FX_fee,26.68298597194389,0.5034681509662235
FX_fee,26.684649298597197,0.5145215230656013
FX_fee,26.6863126252505,0.5262035115007637
FX_fee,26.68797595190381,0.5385282060577685
FX_fee,26.689639278557117,0.5515085343808053
FX_fee,26.69130260521042,0.5651563289288628
FX_fee,26.69296593186373,0.5794823780822773
FX_fee,26.694629258517036,0.5944964585472129
FX_fee,26.69629258517034,0.6102073469531691
FX_fee,26.697955911823648,0.6266228093461951
FX_fee,26.699619238476956,0.6437495681257512
FX_fee,26.701282565130263,0.661593246838116
FX_fee,26.702945891783568,0.6801582940931344
FX_fee,26.704609218436875,0.6994478886966329
FX_fee,26.706272545090183,0.7194638288609227
FX_fee,26.707935871743487,0.7402064090496351
FX_fee,26.709599198396795,0.7616742886103317
FX_fee,26.711262525050103,0.7838643568289854
FX_fee,26.712925851703407,0.8067715993928647
FX_fee,26.714589178356714,0.8303889714554239
FX_fee,26.716252505010022,0.8547072825552033
FX_fee,26.717915831663326,0.8797150985433996
FX_fee,26.719579158316634,0.9053986654234095
FX_fee,26.72124248496994,0.9317418596029458
FX_fee,26.72290581162325,0.9587261685189888
FX_fee,26.724569138276554,0.9863307049228796
FX_fee,26.72623246492986,1.0145322573348878
FX_fee,26.72789579158317,1.0433053783017605
FX_fee,26.729559118236473,1.0726225111555445
FX_fee,26.73122244488978,1.10245415498638
FX_fee,26.73288577154309,1.1327690665434453
FX_fee,26.734549098196393,1.1635344967920356
FX_fee,26.7362124248497,1.1947164588994097
FX_fee,26.737875751503008,1.2262800235341427
FX_fee,26.739539078156312,1.258189636560728
FX_fee,26.74120240480962,1.290409453512718
FX_fee,26.742865731462928,1.3229036846556876
FX_fee,26.744529058116232,1.3556369440224971
FX_fee,26.74619238476954,1.3885745955176383
FX_fee,26.747855711422847,1.4216830890660919
FX_fee,26.749519038076155,1.4549302798182489
FX_fee,26.75118236472946,1.4882857236155447
FX_fee,26.752845691382767,1.5217209422728664
FX_fee,26.754509018036075,1.5552096527239603
FX_fee,26.75617234468938,1.5887279547083
FX_fee,26.757835671342686,1.6222544724218277
FX_fee,26.759498997995994,1.655770446404984
FX_fee,26.7611623246493,1.6892597728783567
FX_fee,26.762825651302606,1.722708988737657
FX_fee,26.764488977955914,1.7561072014659558
FX_fee,26.766152304609218,1.789445964300528
FX_fee,26.767815631262525,1.8227190980706345
FX_fee,26.769478957915833,1.855922462193654
FX_fee,26.77114228456914,1.8890536783581464
FX_fee,26.772805611222445,1.9221118114136404
FX_fee,26.774468937875753,1.9550970129138519
FX_fee,26.77613226452906,1.9880101336080782
FX_fee,26.777795591182365,2.0208523119299233
FX_fee,26.779458917835672,2.053624546175332
FX_fee,26.78112224448898,2.0863272585892556
FX_fee,26.782785571142284,2.118959859972501
FX_fee,26.784448897795592,2.1515203236739393
FX_fee,26.7861122244489,2.18400477793322
FX_fee,26.787775551102204,2.2164071254855586
FX_fee,26.78943887775551,2.2487186991184753
FX_fee,26.79110220440882,2.2809279614846196
FX_fee,26.792765531062127,2.313020256918199
FX_fee,26.79442885771543,2.344977622278745
FX_fee,26.79609218436874,2.376778662957704
FX_fee,26.797755511022046,2.40839849913745
FX_fee,26.79941883767535,2.4398087862043805
FX_fee,26.80108216432866,2.470977811893223
FX_fee,26.802745490981966,2.5018706713077465
FX_fee,26.80440881763527,2.53244951944198
FX_fee,26.806072144288578,2.5626738992394906
FX_fee,26.807735470941886,2.592501141612579
FX_fee,26.80939879759519,2.6218868322311755
FX_fee,26.811062124248497,2.6507853383109494
FX_fee,26.812725450901805,2.6791503871317124
FX_fee,26.814388777555113,2.7069356866293246
FX_fee,26.816052104208417,2.7340955771676483
FX_fee,26.817715430861725,2.7605857025514458
FX_fee,26.819378757515032,2.7863636875122135
FX_fee,26.821042084168337,2.811389808328549
FX_fee,26.822705410821644,2.8356276429415868
FX_fee,26.824368737474952,2.8590446869236312
FX_fee,26.826032064128256,2.8816129219614623
FX_fee,26.827695390781564,2.9033093241290597
FX_fee,26.82935871743487,2.924116300141699
FX_fee,26.831022044088176,2.9440220409979947
FX_fee,26.832685370741483,2.9630207838990823
FX_fee,26.83434869739479,2.981112975060869
FX_fee,26.8360120240481,2.998305327970048
FX_fee,26.837675350701403,3.0146107737311376
FX_fee,26.83933867735471,3.030048302362434
FX_fee,26.84100200400802,3.0446426961745474
FX_fee,26.842665330661323,3.058424158645684
FX_fee,26.84432865731463,3.0714278444395426
FX_fee,26.845991983967938,3.0836932983390644
FX_fee,26.847655310621242,3.095263812838031
FX_fee,26.84931863727455,3.106185715892508
FX_fee,26.850981963927858,3.1165076018425877
FX_fee,26.85264529058116,3.1262795197330426
FX_fee,26.85430861723447,3.1355521341594934
FX_fee,26.855971943887777,3.1443758743228174
FX_fee,26.85763527054108,3.152800087178933
FX_fee,26.85929859719439,3.160872210417074
FX_fee,26.860961923847697,3.168636980498755
FX_fee,26.862625250501004,3.1761356901542985
FX_fee,26.86428857715431,3.183405508591456
FX_fee,26.865951903807616,3.1904788762519
FX_fee,26.867615230460924,3.1973829842966524
FX_fee,26.869278557114228,3.2041393471567177
FX_fee,26.870941883767536,3.2107634744952067
FX_fee,26.872605210420843,3.2172646468482937
FX_fee,26.874268537074148,3.2236457970936683
FX_fee,26.875931863727455,3.2299034977884142
FX_fee,26.877595190380763,3.2360280523747864
FX_fee,26.879258517034067,3.2420036863176787
FX_fee,26.880921843687375,3.2478088324522827
FX_fee,26.882585170340683,3.253416503222211
FX_fee,26.88424849699399,3.2587947411061067
FX_fee,26.885911823647294,3.2639071373867186
FX_fee,26.887575150300602,3.2687134085272596
FX_fee,26.88923847695391,3.2731700187916615
FX_fee,26.890901803607214,3.277230837381782
FX_fee,26.89256513026052,3.2808478182577385
FX_fee,26.89422845691383,3.28397169094525
FX_fee,26.895891783567134,3.286552651002123
FX_fee,26.89755511022044,3.2885410393882606
FX_fee,26.89921843687375,3.289888000737621
FX_fee,26.900881763527053,3.290546111438162
FX_fee,26.90254509018036,3.290469969454594
FX_fee,26.90420841683367,3.2896167389517363
FX_fee,26.905871743486976,3.2879466439600633
FX_fee,26.90753507014028,3.2854234065425576
FX_fee,26.909198396793588,3.2820146261424257
FX_fee,26.910861723446896,3.277692097992676
FX_fee,26.9125250501002,3.2724320696228912
FX_fee,26.914188376753508,3.2662154355895034
FX_fee,26.915851703406815,3.25902787156313
FX_fee,26.91751503006012,3.250859909815285
FX_fee,26.919178356713427,3.241706958948405
FX_fee,26.920841683366735,3.2315692713943243
FX_fee,26.92250501002004,3.220451862765593
FX_fee,26.924168336673347,3.2083643875749215
FX_fee,26.925831663326655,3.195320976142943
FX_fee,26.927494989979962,3.181340037691328
FX_fee,26.929158316633266,3.1664440346764358
FX_fee,26.930821643286574,3.150659233358622
FX_fee,26.932484969939882,3.134015435438354
FX_fee,26.934148296593186,3.1165456953264967
FX_fee,26.935811623246494,3.0982860272706905
FX_fee,26.9374749498998,3.079275106142724
FX_fee,26.939138276553106,3.0595539652174466
FX_fee,26.940801603206413,3.03916569376446
FX_fee,26.94246492985972,3.018155136739487
FX_fee,26.944128256513025,2.9965685983260486
FX_fee,26.945791583166333,2.9744535505570413
FX_fee,26.94745490981964,2.9518583477576295
FX_fee,26.94911823647295,2.9288319471103845
FX_fee,26.950781563126252,2.90542363527293
FX_fee,26.95244488977956,2.8816827606820037
FX_fee,26.954108216432868,2.857658470976748
FX_fee,26.955771543086172,2.8333994548668784
FX_fee,26.95743486973948,2.808953687769865
FX_fee,26.959098196392787,2.7843681806443064
FX_fee,26.96076152304609,2.7596887316445278
FX_fee,26.9624248496994,2.7349596805169467
FX_fee,26.964088176352707,2.710223666031917
FX_fee,26.96575150300601,2.6855213871795924
FX_fee,26.96741482965932,2.6608913693426097
FX_fee,26.969078156312627,2.6363697371624544
FX_fee,26.970741482965934,2.611989996316969
FX_fee,26.97240480961924,2.5877828269041423
FX_fee,26.974068136272546,2.563775891548316
FX_fee,26.975731462925854,2.5399936616907883
FX_fee,26.977394789579158,2.5164572657692683
FX_fee,26.979058116232466,2.493184363117146
FX_fee,26.980721442885773,2.4701890474003942
FX_fee,26.982384769539077,2.4474817832499443
FX_fee,26.984048096192385,2.4250693794373324
FX_fee,26.985711422845693,2.402955001475949
FX_fee,26.987374749498997,2.381138225920282
FX_fee,26.989038076152305,2.359615137891264
FX_fee,26.990701402805612,2.3383784724984777
FX_fee,26.99236472945892,2.317417799877377
FX_fee,26.994028056112224,2.2967197525490777
FX_fee,26.995691382765532,2.276268292763117
FX_fee,26.99735470941884,2.2560450164449692
FX_fee,26.999018036072144,2.236029489364281
FX_fee,27.00068136272545,2.2161996102129393
FX_fee,27.00234468937876,2.196531994460789
FX_fee,27.004008016032063,2.1770023721724128
FX_fee,27.00567134268537,2.157585992454686
FX_fee,27.00733466933868,2.1382580268739666
FX_fee,27.008997995991983,2.118993964056286
FX_fee,27.01066132264529,2.0997699877710128
FX_fee,27.0123246492986,2.0805633311004184
FX_fee,27.013987975951906,2.061352599805341
FX_fee,27.01565130260521,2.0421180587063685
FX_fee,27.017314629258518,2.022841875781176
FX_fee,27.018977955911826,2.00350831971538
FX_fee,27.02064128256513,1.9841039077990383
FX_fee,27.022304609218438,1.9646175023029018
FX_fee,27.023967935871745,1.9450403547604336
FX_fee,27.02563126252505,1.9253660988776926
FX_fee,27.027294589178357,1.9055906940636151
FX_fee,27.028957915831665,1.8857123227711234
FX_fee,27.03062124248497,1.8657312459329722
FX_fee,27.032284569138277,1.8456496217313516
FX_fee,27.033947895791584,1.825471293733281
FX_fee,27.035611222444892,1.8052015550244183
FX_fee,27.037274549098196,1.784846895377954
FX_fee,27.038937875751504,1.7644147386836941
FX_fee,27.04060120240481,1.7439131778420063
FX_fee,27.042264529058116,1.7233507140947353
FX_fee,27.043927855711424,1.7027360073430116
FX_fee,27.04559118236473,1.6820776433979319
FX_fee,27.047254509018035,1.6613839233538734
FX_fee,27.048917835671343,1.6406626793935501
FX_fee,27.05058116232465,1.6199211203579202
FX_fee,27.052244488977955,1.5991657093785985
FX_fee,27.053907815631263,1.5784020748095005
FX_fee,27.05557114228457,1.5576349546449815
FX_fee,27.057234468937875,1.536868173602966
FX_fee,27.058897795591182,1.5161046511216227
FX_fee,27.06056112224449,1.495346437687339
FX_fee,27.062224448897798,1.474594776209556
FX_fee,27.063887775551102,1.4538501845995608
FX_fee,27.06555110220441,1.4331125553094617
FX_fee,27.067214428857717,1.412381267352482
FX_fee,27.06887775551102,1.3916553062532113
FX_fee,27.07054108216433,1.3709333874692327
FX_fee,27.072204408817637,1.350214079064371
FX_fee,27.07386773547094,1.3294959197889091
FX_fee,27.07553106212425,1.3087775292125956
FX_fee,27.077194388777556,1.2880577071376094
FX_fee,27.07885771543086,1.2673355201631675
FX_fee,27.080521042084168,1.2466103739597707
FX_fee,27.082184368737476,1.2258820705031241
FX_fee,27.083847695390784,1.2051508501931303
FX_fee,27.085511022044088,1.1844174194163963
FX_fee,27.087174348697395,1.1636829646738653
FX_fee,27.088837675350703,1.1429491548758308
FX_fee,27.090501002004007,1.1222181337796884
FX_fee,27.092164328657315,1.1014925048104076
FX_fee,27.093827655310623,1.0807753106470135
FX_fee,27.095490981963927,1.0600700099808065
FX_fee,27.097154308617235,1.0393804537589515
FX_fee,27.098817635270542,1.018710863029218
FX_fee,27.100480961923846,0.9980658102059052
FX_fee,27.102144288577154,0.9774502052088094
FX_fee,27.103807615230462,0.9568692874994665
FX_fee,27.10547094188377,0.9363286245745294
FX_fee,27.107134268537074,0.9158341170000666
FX_fee,27.10879759519038,0.8953920096032373
FX_fee,27.11046092184369,0.875008908000106
FX_fee,27.112124248496993,0.8546917992508579
FX_fee,27.1137875751503,0.8344480751142009
FX_fee,27.11545090180361,0.8142855561322165
FX_fee,27.117114228456913,0.7942125146268212
FX_fee,27.11877755511022,0.7742376946335224
FX_fee,27.12044088176353,0.754370326839934
FX_fee,27.122104208416832,0.7346201367281637
FX_fee,27.12376753507014,0.7149973443397994
FX_fee,27.125430861723448,0.6955126543732791
FX_fee,27.127094188376752,0.6761772356748141
FX_fee,27.12875751503006,0.6570026895776551
FX_fee,27.130420841683367,0.6380010069636274
FX_fee,27.132084168336675,0.61918451434336
FX_fee,27.13374749498998,0.6005658096627708
FX_fee,27.135410821643287,0.5821576889225542
FX_fee,27.137074148296595,0.5639730650293657
FX_fee,27.1387374749499,0.546024880567728
FX_fee,27.140400801603207,0.5283260163825676
FX_fee,27.142064128256514,0.5108891979839396
FX_fee,27.14372745490982,0.4937269018236489
FX_fee,27.145390781563126,0.47685126345420553
FX_fee,27.147054108216434,0.4602739894605121
FX_fee,27.148717434869738,0.4440062748658934
FX_fee,27.150380761523046,0.42805872746673135
FX_fee,27.152044088176353,0.41244130025558107
FX_fee,27.15370741482966,0.3971632327643173
FX_fee,27.155370741482965,0.38223300181818937
FX_fee,27.157034068136273,0.3676582818461007
FX_fee,27.15869739478958,0.35344591456557656
FX_fee,27.160360721442885,0.3396018875608462
FX_fee,27.162024048096193,0.32613132101601566
FX_fee,27.1636873747495,0.31303846166160254
FX_fee,27.165350701402804,0.30032668284649466
FX_fee,27.167014028056112,0.2879984895684614
FX_fee,27.16867735470942,0.27605552728166716
FX_fee,27.170340681362724,0.2644985933486742
FX_fee,27.17200400801603,0.2533276501132946
FX_fee,27.17366733466934,0.24254183873181948
FX_fee,27.175330661322647,0.23213949310095472
FX_fee,27.17699398797595,0.222118153454609
FX_fee,27.17865731462926,0.21247457945096815
FX_fee,27.180320641282567,0.20320476282612718
FX_fee,27.18198396793587,0.19430393993429787
FX_fee,27.18364729458918,0.18576660471867296
FX_fee,27.185310621242486,0.17758652284556717
FX_fee,27.18697394789579,0.16975674788022174
FX_fee,27.188637274549098,0.16226964047800604
FX_fee,27.190300601202406,0.1551168916028724
FX_fee,27.19196392785571,0.14828955076467323
FX_fee,27.193627254509018,0.14177806018763733
FX_fee,27.195290581162325,0.13557229568725854
FX_fee,27.196953907815633,0.12966161484626543
FX_fee,27.198617234468937,0.12403491285141903
FX_fee,27.200280561122245,0.11868068608880411
FX_fee,27.201943887775553,0.11358710330934808
FX_fee,27.203607214428857,0.10874208387737938
FX_fee,27.205270541082164,0.10413338231831279
FX_fee,27.206933867735472,0.0997486780971964
FX_fee,27.208597194388776,0.09557566929975586
FX_fee,27.210260521042084,0.09160216866382272
FX_fee,27.21192384769539,0.08781620022882554
FX_fee,27.213587174348696,0.08420609474318887
FX_fee,27.215250501002004,0.08076058189933268
FX_fee,27.21691382765531,0.07746887745647388
FX_fee,27.21857715430862,0.07432076336343481
FX_fee,27.220240480961923,0.07130665910713155
FX_fee,27.22190380761523,0.06841768268223211
FX_fee,27.22356713426854,0.0656456997999655
FX_fee,27.225230460921843,0.0629833602208346
FX_fee,27.22689378757515,0.06042412039930407
FX_fee,27.228557114228458,0.05796225195856749
FX_fee,27.230220440881762,0.055592835859166266
FX_fee,27.23188376753507,0.053311742476890696
FX_fee,27.233547094188378,0.05111559815128237
FX_fee,27.235210420841682,0.049001739096047846
FX_fee,27.23687374749499,0.046968153867201434
FX_fee,27.238537074148297,0.045013415854990885
FX_fee,27.240200400801605,0.04313660749358722
FX_fee,27.24186372745491,0.041337238062999035
FX_fee,27.243527054108217,0.03961515708529094
FX_fee,27.245190380761525,0.03797046538979381
FX_fee,27.24685370741483,0.036403425937869174
FX_fee,27.248517034068136,0.034914376458230915
FX_fee,27.250180360721444,0.03350364585024194
FX_fee,27.25184368737475,0.03217147616912653
FX_fee,27.253507014028056,0.030917951818665634
FX_fee,27.255170340681364,0.029742937349592574
FX_fee,27.256833667334668,0.02864602500293742
FX_fee,27.258496993987976,0.027626492854669844
FX_fee,27.260160320641283,0.026683274119596933
FX_fee,27.26182364729459,0.02581493786692456
FX_fee,27.263486973947895,0.025019681096041288
FX_fee,27.265150300601203,0.02429533182687791
FX_fee,27.26681362725451,0.023639362582864986
FX_fee,27.268476953907815,0.023048913392830227
FX_fee,27.270140280561122,0.022520823217918175
FX_fee,27.27180360721443,0.022051668525847584
FX_fee,27.273466933867734,0.021637807591849294
FX_fee,27.275130260521042,0.02127542900664783
FX_fee,27.27679358717435,0.020960602818366612
FX_fee,27.278456913827654,0.0206893327278815
FX_fee,27.28012024048096,0.020457607795017606
FX_fee,27.28178356713427,0.020261452193940488
FX_fee,27.283446893787577,0.020096971676820632
FX_fee,27.28511022044088,0.019960395561025534
FX_fee,27.28677354709419,0.019848113241238894
FX_fee,27.288436873747496,0.0197567044379859
FX_fee,27.2901002004008,0.0196829626211988
FX_fee,27.29176352705411,0.019623911284565154
FX_fee,27.293426853707416,0.01957681298605132
FX_fee,27.29509018036072,0.019539171304823157
FX_fee,27.296753507014028,0.01950872608770122
FX_fee,27.298416833667336,0.01948344256261038
FX_fee,27.30008016032064,0.01946149507622979
FX_fee,27.301743486973947,0.019441246363076897
FX_fee,27.303406813627255,0.01942122336942807
FX_fee,27.305070140280563,0.019400090734774948
FX_fee,27.306733466933867,0.019376623074175585
FX_fee,27.308396793587175,0.01934967720635364
FX_fee,27.310060120240482,0.019318165435518078
FX_fee,27.311723446893787,0.01928103092162674
FX_fee,27.313386773547094,0.01923722606740039
FX_fee,27.315050100200402,0.019185694715041855
FX_fee,27.316713426853706,0.019125358786465572
FX_fee,27.318376753507014,0.019055109823754583
FX_fee,27.32004008016032,0.018973805697875785
FX_fee,27.321703406813626,0.018880272560038647
FX_fee,27.323366733466933,0.01877331191814572
FX_fee,27.32503006012024,0.018651712537044843
FX_fee,27.326693386773545,0.018514266691804716
FX_fee,27.328356713426853,0.018359790153467198
FX_fee,27.33002004008016,0.018187145161306952
FX_fee,27.33168336673347,0.01799526553825221
FX_fee,27.333346693386773,0.017783183039429072
FX_fee,27.33501002004008,0.01755005398927051
FX_fee,27.336673346693388,0.017295185260654055
FX_fee,27.338336673346692,0.01701805867924279
FX_fee,27.34,0.01671835299581602
DA_fee,24.04,0.002510043827931253
DA_fee,24.051723446893785,0.0025139044437570627
DA_fee,24.063446893787575,0.0025070796109493147
DA_fee,24.07517034068136,0.0024902439203769926
DA_fee,24.08689378757515,0.0024643106660823893
DA_fee,24.098617234468936,0.002430420842417797
DA_fee,24.110340681362725,0.002389926936742118
DA_fee,24.12206412825651,0.002344371970876361
DA_fee,24.1337875751503,0.0022954643720173636
DA_fee,24.145511022044087,0.002245049354396132
DA_fee,24.157234468937876,0.0021950775639951424
DA_fee,24.168957915831662,0.0021475717792048227
DA_fee,24.18068136272545,0.0021045924711501
DA_fee,24.192404809619237,0.0020682030108099513
DA_fee,24.204128256513027,0.0020404352694490314
DA_fee,24.215851703406813,0.0020232562986379054
DA_fee,24.227575150300602,0.0020185367011111613
DA_fee,24.239298597194388,0.002028021218877967
DA_fee,24.251022044088174,0.0020533019750981576
DA_fee,24.262745490981963,0.0020957947154725725
DA_fee,24.27446893787575,0.0021567183067135193
DA_fee,24.28619238476954,0.0022370776666189515
DA_fee,24.297915831663325,0.0023376502240049627
DA_fee,24.309639278557114,0.0024589759380419757
DA_fee,24.3213627254509,0.002601350845442131
DA_fee,24.33308617234469,0.002764824050018822
DA_fee,24.344809619238475,0.0029491980216308665
DA_fee,24.356533066132265,0.003154032029663848
DA_fee,24.36825651302605,0.0033786484993609317
DA_fee,24.37997995991984,0.0036221420472110255
DA_fee,24.391703406813626,0.0038833909243652233
DA_fee,24.403426853707415,0.004161070575254914
DA_fee,24.4151503006012,0.004453669003167647
DA_fee,24.42687374749499,0.0047595036266683075
DA_fee,24.438597194388777,0.00507673931162732
DA_fee,24.450320641282563,0.0054034072742177655
DA_fee,24.462044088176352,0.0057374245710987955
DA_fee,24.473767535070138,0.0060766139239695404
DA_fee,24.485490981963927,0.006418723665773441
DA_fee,24.497214428857713,0.006761447643151323
DA_fee,24.508937875751503,0.007102444961462646
DA_fee,24.52066132264529,0.0074393595112058715
DA_fee,24.532384769539078,0.007769839263786603
DA_fee,24.544108216432864,0.008091555365866891
DA_fee,24.555831663326654,0.008402221090669428
DA_fee,24.56755511022044,0.008699610717838972
DA_fee,24.57927855711423,0.008981578407974476
DA_fee,24.591002004008015,0.009246077112260855
DA_fee,24.602725450901804,0.00949117751188702
DA_fee,24.61444889779559,0.009715086918052236
DA_fee,24.62617234468938,0.009916167985052746
DA_fee,24.637895791583166,0.010092957001580121
DA_fee,24.64961923847695,0.010244181435691361
DA_fee,24.66134268537074,0.010368776324587875
DA_fee,24.673066132264527,0.010465899029390238
DA_fee,24.684789579158316,0.010534941825279226
DA_fee,24.696513026052102,0.010575541775532285
DA_fee,24.70823647294589,0.01058758734942369
DA_fee,24.719959919839678,0.010571221291907804
DA_fee,24.731683366733467,0.01052683933823001
DA_fee,24.743406813627253,0.010455084487182093
DA_fee,24.755130260521042,0.010356836698003325
DA_fee,24.76685370741483,0.01023319805078356
DA_fee,24.778577154308618,0.010085473599402803
DA_fee,24.790300601202404,0.009915148338776188
DA_fee,24.802024048096193,0.00972386089290044
DA_fee,24.81374749498998,0.00951337469536825
DA_fee,24.82547094188377,0.009285547568920619
DA_fee,24.837194388777554,0.009042300706167471
DA_fee,24.84891783567134,0.008785588103047205
DA_fee,24.86064128256513,0.00851736749597952
DA_fee,24.872364729458916,0.008239573802159176
DA_fee,24.884088176352705,0.00795409596246226
DA_fee,24.89581162324649,0.007662757943421499
DA_fee,24.90753507014028,0.007367304476799761
DA_fee,24.919258517034066,0.0070693919126450025
DA_fee,24.930981963927856,0.006770584345896485
DA_fee,24.94270541082164,0.006472354959711255
DA_fee,24.95442885771543,0.0061760923224528546
DA_fee,24.966152304609217,0.00588311119037059
DA_fee,24.977875751503007,0.005594667213207974
DA_fee,24.989599198396792,0.005311974821753017
DA_fee,25.001322645290582,0.005036227498387834
DA_fee,25.013046092184368,0.004768619594877353
DA_fee,25.024769539078157,0.004510368864007476
DA_fee,25.036492985971943,0.004262738908885002
DA_fee,25.04821643286573,0.004027060819290479
DA_fee,25.05993987975952,0.003804753350681714
DA_fee,25.071663326653304,0.003597341099721287
DA_fee,25.083386773547094,0.0034064702320796398
DA_fee,25.09511022044088,0.003233921415898738
DA_fee,25.10683366733467,0.0030816197011610835
DA_fee,25.118557114228455,0.0029516411564901256
DA_fee,25.130280561122245,0.002846216127860268
DA_fee,25.14200400801603,0.00276772901773677
DA_fee,25.15372745490982,0.002718714499833517
DA_fee,25.165450901803606,0.0027018500874004692
DA_fee,25.177174348697395,0.0027199449666735495
DA_fee,25.18889779559118,0.002775924997836036
DA_fee,25.20062124248497,0.002872813780020495
DA_fee,25.212344689378757,0.0030137096809227538
DA_fee,25.224068136272546,0.0032017587512572707
DA_fee,25.235791583166332,0.0034401234841664845
DA_fee,25.24751503006012,0.0037319474429007623
DA_fee,25.259238476953907,0.004080315867848867
DA_fee,25.270961923847693,0.004488212485648956
DA_fee,25.282685370741483,0.004958472875935017
DA_fee,25.29440881763527,0.005493734900776676
DA_fee,25.306132264529058,0.00609638686192903
DA_fee,25.317855711422844,0.006768514214220737
DA_fee,25.329579158316633,0.007511845821647817
DA_fee,25.34130260521042,0.008327700887362026
DA_fee,25.35302605210421,0.009216937811439478
DA_fee,25.364749498997995,0.010179906323144491
DA_fee,25.376472945891784,0.011216404290731369
DA_fee,25.38819639278557,0.012325640626144187
DA_fee,25.39991983967936,0.01350620567081854
DA_fee,25.411643286573145,0.014756050370281914
DA_fee,25.423366733466935,0.01607247541994664
DA_fee,25.43509018036072,0.017452131394639546
DA_fee,25.446813627254507,0.018891030664610956
DA_fee,25.458537074148296,0.020384571657164154
DA_fee,25.470260521042082,0.021927575753492325
DA_fee,25.48198396793587,0.023514336823883382
DA_fee,25.493707414829657,0.025138683110852343
DA_fee,25.505430861723447,0.026794050879380558
DA_fee,25.517154308617233,0.028473568976043882
DA_fee,25.528877755511022,0.030170153184070524
DA_fee,25.540601202404808,0.0318766090372115
DA_fee,25.552324649298598,0.03358574156869424
DA_fee,25.564048096192383,0.0352904703268576
DA_fee,25.575771543086173,0.03698394788904642
DA_fee,25.58749498997996,0.03865968004989958
DA_fee,25.59921843687375,0.040311645847125765
DA_fee,25.610941883767534,0.041934415612739424
DA_fee,25.622665330661324,0.043523265294252336
DA_fee,25.63438877755511,0.045074285370846116
DA_fee,25.6461122244489,0.0465844827857551
DA_fee,25.657835671342685,0.04805187441964532
DA_fee,25.66955911823647,0.04947557073316693
DA_fee,25.68128256513026,0.05085584830411545
DA_fee,25.693006012024046,0.05219421007197931
DA_fee,25.704729458917836,0.05349343217914051
DA_fee,25.71645290581162,0.05475759636551387
DA_fee,25.72817635270541,0.055992106937201
DA_fee,25.739899799599197,0.05720369139756544
DA_fee,25.751623246492986,0.05840038391119008
DA_fee,25.763346693386772,0.05959149087894393
DA_fee,25.77507014028056,0.06078753804765592
DA_fee,25.786793587174348,0.06200019877148993
DA_fee,25.798517034068137,0.06324220329257778
DA_fee,25.810240480961923,0.0645272292208011
DA_fee,25.821963927855712,0.06586977376712182
DA_fee,25.8336873747495,0.0672850087164836
DA_fee,25.845410821643284,0.0687886196039903
DA_fee,25.857134268537074,0.07039663106502339
DA_fee,25.86885771543086,0.07212522084406084
DA_fee,25.88058116232465,0.07399052544187756
DA_fee,25.892304609218435,0.07600844082753208
DA_fee,25.904028056112224,0.07819442201024072
DA_fee,25.91575150300601,0.08056328552849136
DA_fee,25.9274749498998,0.08312901904466545
DA_fee,25.939198396793586,0.08590460221396616
DA_fee,25.950921843687375,0.08890184281510527
DA_fee,25.96264529058116,0.09213123178462175
DA_fee,25.97436873747495,0.09560182029444743
DA_fee,25.986092184368736,0.09932112137101658
DA_fee,25.997815631262526,0.10329503780098775
DA_fee,26.009539078156312,0.10752781723875521
DA_fee,26.0212625250501,0.11202203456579055
DA_fee,26.032985971943887,0.11677860069642902
DA_fee,26.044709418837677,0.12179679622451502
DA_fee,26.056432865731463,0.12707432760339568
DA_fee,26.06815631262525,0.13260740298553095
DA_fee,26.079879759519038,0.1383908244465184
DA_fee,26.091603206412824,0.1444180931002392
DA_fee,26.103326653306613,0.15068152358357317
DA_fee,26.1150501002004,0.1571723645445266
DA_fee,26.12677354709419,0.16388092208811508
DA_fee,26.138496993987975,0.17079668359017272
DA_fee,26.150220440881764,0.17790843984155616
DA_fee,26.16194388777555,0.18520440408877947
DA_fee,26.17366733466934,0.19267232714382668
DA_fee,26.185390781563125,0.20029960829801252
DA_fee,26.197114228456915,0.2080734022489496
DA_fee,26.2088376753507,0.21598072259980805
DA_fee,26.22056112224449,0.2240085426904031
DA_fee,26.232284569138276,0.23214389455664036
DA_fee,26.244008016032062,0.24037396668845887
DA_fee,26.25573146292585,0.24868620097968686
DA_fee,26.267454909819637,0.25706838886258915
DA_fee,26.279178356713427,0.26550876613126617
DA_fee,26.290901803607213,0.27399610542647734
DA_fee,26.302625250501002,0.2825198048286334
DA_fee,26.314348697394788,0.29106997053556793
DA_fee,26.326072144288577,0.2996374912338886
DA_fee,26.337795591182363,0.3082141015470082
DA_fee,26.349519038076153,0.31679243188928347
DA_fee,26.36124248496994,0.3253660421908662
DA_fee,26.372965931863728,0.3339294372851985
DA_fee,26.384689378757514,0.34247806225791955
DA_fee,26.396412825651304,0.35100827671710466
DA_fee,26.40813627254509,0.35951730772004886
DA_fee,26.419859719438875,0.36800318193387493
DA_fee,26.431583166332665,0.3764646384594042
DA_fee,26.443306613226454,0.3849010245534474
DA_fee,26.45503006012024,0.3933121771870841
DA_fee,26.466753507014026,0.4016982939277916
DA_fee,26.478476953907816,0.41005979699119827
DA_fee,26.4902004008016,0.41839719444859685
DA_fee,26.50192384769539,0.4267109424879622
DA_fee,26.513647294589177,0.4350013123165783
DA_fee,26.525370741482966,0.44326826478573494
DA_fee,26.537094188376752,0.45151133515118885
DA_fee,26.54881763527054,0.45972952961004354
DA_fee,26.560541082164328,0.4679212344351729
DA_fee,26.572264529058117,0.4760841377296268
DA_fee,26.583987975951903,0.4842151631091831
DA_fee,26.595711422845692,0.4923104140526095
DA_fee,26.60743486973948,0.5003651272837952
DA_fee,26.619158316633268,0.5083736334033025
DA_fee,26.630881763527054,0.5163293230839555
DA_fee,26.64260521042084,0.5242246174835304
DA_fee,26.65432865731463,0.5320509420817922
DA_fee,26.66605210420842,0.5397987038773255
DA_fee,26.677775551102204,0.5474572727211162
DA_fee,26.68949899799599,0.5550149684471719
DA_fee,26.70122244488978,0.5624590563067124
DA_fee,26.712945891783566,0.5697757539410049
DA_fee,26.724669338677355,0.5769502536642482
DA_fee,26.73639278557114,0.5839667641070249
DA_fee,26.74811623246493,0.5908085752461852
DA_fee,26.759839679358716,0.5974581504901002
DA_fee,26.771563126252506,0.6038972487965095
DA_fee,26.78328657314629,0.6101070787931007
DA_fee,26.79501002004008,0.6160684855938069
DA_fee,26.806733466933867,0.6217621695209264
DA_fee,26.818456913827653,0.6271689343378184
DA_fee,26.830180360721442,0.6322699609623975
DA_fee,26.841903807615232,0.6370471010669837
DA_fee,26.853627254509018,0.6414831835732203
DA_fee,26.865350701402804,0.6455623259097765
DA_fee,26.877074148296593,0.6492702410907591
DA_fee,26.88879759519038,0.6525945312483852
DA_fee,26.90052104208417,0.6555249582461923
DA_fee,26.912244488977954,0.65805368241483
DA_fee,26.923967935871744,0.6601754612720653
DA_fee,26.93569138276553,0.6618878012685185
DA_fee,26.94741482965932,0.6631910570772298
DA_fee,26.959138276553105,0.6640884746385881
DA_fee,26.970861723446895,0.6645861759931101
DA_fee,26.98258517034068,0.6646930857893077
DA_fee,26.99430861723447,0.6644208011520912
DA_fee,27.006032064128256,0.6637834082567937
DA_fee,27.017755511022045,0.6627972504065676
DA_fee,27.02947895791583,0.6614806536066451
DA_fee,27.041202404809617,0.65985361653662
DA_fee,27.052925851703407,0.6579374724322997
DA_fee,27.064649298597196,0.6557545307113639
DA_fee,27.076372745490982,0.6533277062389654
DA_fee,27.088096192384768,0.6506801439711909
DA_fee,27.099819639278557,0.6478348463842687
DA_fee,27.111543086172343,0.6448143106479739
DA_fee,27.123266533066133,0.6416401819826233
DA_fee,27.13498997995992,0.6383329290936538
DA_fee,27.146713426853708,0.63491154703838
DA_fee,27.158436873747494,0.631393292365022
DA_fee,27.170160320641283,0.6277934548789071
DA_fee,27.18188376753507,0.6241251699248573
DA_fee,27.19360721442886,0.6203992746058965
DA_fee,27.205330661322645,0.6166242108554147
DA_fee,27.21705410821643,0.6128059777069841
DA_fee,27.22877755511022,0.6089481344276924
DA_fee,27.24050100200401,0.6050518553676093
DA_fee,27.252224448897795,0.60111603641066
DA_fee,27.26394789579158,0.5971374517862005
DA_fee,27.27567134268537,0.5931109587292365
DA_fee,27.287394789579157,0.5890297460919947
DA_fee,27.299118236472946,0.5848856215609621
DA_fee,27.310841683366732,0.5806693306875133
DA_fee,27.32256513026052,0.5763708995755454
DA_fee,27.334288577154307,0.5719799918716313
DA_fee,27.346012024048097,0.5674862697582392
DA_fee,27.357735470941883,0.5628797480390695
DA_fee,27.369458917835672,0.5581511301948711
DA_fee,27.381182364729458,0.5532921155276406
DA_fee,27.392905811623248,0.548295667225721
DA_fee,27.404629258517033,0.5431562323709406
DA_fee,27.416352705410823,0.5378699065408343
DA_fee,27.42807615230461,0.5324345376765109
DA_fee,27.439799599198395,0.5268497662058101
DA_fee,27.451523046092184,0.5211170009275576
DA_fee,27.463246492985974,0.5152393327559432
DA_fee,27.47496993987976,0.5092213909665921
DA_fee,27.486693386773545,0.5030691489494978
DA_fee,27.498416833667335,0.49678968853855693
DA_fee,27.51014028056112,0.49039093364698316
DA_fee,27.52186372745491,0.48388136510895013
DA_fee,27.533587174348696,0.47726972925241634
DA_fee,27.545310621242486,0.47056475277836424
DA_fee,27.55703406813627,0.46377487600080286
DA_fee,27.56875751503006,0.4569080154431755
DA_fee,27.580480961923847,0.4499713652513665
DA_fee,27.592204408817636,0.44297124495641294
DA_fee,27.603927855711422,0.43591299890394364
DA_fee,27.61565130260521,0.42880095027698145
DA_fee,27.627374749498998,0.42163841019354265
DA_fee,27.639098196392787,0.41442773997716964
DA_fee,27.650821643286573,0.4071704624868659
DA_fee,27.66254509018036,0.39986741644629775
DA_fee,27.67426853707415,0.39251894610855503
DA_fee,27.685991983967934,0.38512511738575544
DA_fee,27.697715430861724,0.37768595079599276
DA_fee,27.70943887775551,0.3702016612421687
DA_fee,27.7211623246493,0.36267289472652414
DA_fee,27.732885771543085,0.3551009525902629
DA_fee,27.744609218436874,0.3474879947025415
DA_fee,27.75633266533066,0.3398372141494086
DA_fee,27.76805611222445,0.3321529773239527
DA_fee,27.779779559118236,0.3244409248252675
DA_fee,27.791503006012025,0.3167080301647909
DA_fee,27.80322645290581,0.3089626148886636
DA_fee,27.8149498997996,0.3012143202917798
DA_fee,27.826673346693386,0.2934740373707649
DA_fee,27.838396793587172,0.28575379799277006
DA_fee,27.850120240480962,0.27806663140982063
DA_fee,27.86184368737475,0.2704263911959612
DA_fee,27.873567134268537,0.26284755840884544
DA_fee,27.885290581162323,0.2553450272672421
DA_fee,27.897014028056113,0.24793387988842536
DA_fee,27.9087374749499,0.24062915664780551
DA_fee,27.920460921843688,0.23344562851768347
DA_fee,27.932184368737474,0.22639757732942115
DA_fee,27.943907815631263,0.21949858930495808
DA_fee,27.95563126252505,0.21276136644883814
DA_fee,27.96735470941884,0.20619755951250784
DA_fee,27.979078156312625,0.19981762527828112
DA_fee,27.990801603206414,0.19363070990108405
DA_fee,28.0025250501002,0.18764455903775382
DA_fee,28.01424849699399,0.18186545452951394
DA_fee,28.025971943887775,0.176298176528195
DA_fee,28.037695390781565,0.17094598920924697
DA_fee,28.04941883767535,0.1658106476293761
DA_fee,28.061142284569137,0.1608924228881399
DA_fee,28.072865731462926,0.1561901425564603
DA_fee,28.084589178356715,0.15170124334373897
DA_fee,28.0963126252505,0.14742183317947363
DA_fee,28.108036072144287,0.14334676026352072
DA_fee,28.119759519038077,0.13946968715754868
DA_fee,28.131482965931863,0.1357831686063001
DA_fee,28.143206412825652,0.1322787324406682
DA_fee,28.154929859719438,0.1289469635720522
DA_fee,28.166653306613227,0.12577759168473343
DA_fee,28.178376753507013,0.12275958372060079
DA_fee,28.190100200400803,0.11988124258519352
DA_fee,28.20182364729459,0.1171303136536811
DA_fee,28.213547094188378,0.11449410060047008
DA_fee,28.225270541082164,0.11195959181160824
DA_fee,28.23699398797595,0.10951359817509143
DA_fee,28.24871743486974,0.10714290240501192
DA_fee,28.26044088176353,0.10483441927882939
DA_fee,28.272164328657315,0.10257536530082201
DA_fee,28.2838877755511,0.10035343540480952
DA_fee,28.29561122244489,0.09815698343461894
DA_fee,28.307334669338676,0.09597520235116332
DA_fee,28.319058116232465,0.09379829946573323
DA_fee,28.33078156312625,0.09161766153863249
DA_fee,28.34250501002004,0.08942600434828168
DA_fee,28.354228456913827,0.08721750135381713
DA_fee,28.365951903807616,0.0849878863550569
DA_fee,28.377675350701402,0.08273452559401882
DA_fee,28.38939879759519,0.08045645552398176
DA_fee,28.401122244488977,0.07815438346419536
DA_fee,28.412845691382763,0.07583064951819651
DA_fee,28.424569138276553,0.0734891494097471
DA_fee,28.436292585170342,0.07113521922519125
DA_fee,28.448016032064128,0.06877548438399554
DA_fee,28.459739478957914,0.06641767643042598
DA_fee,28.471462925851704,0.06407042239173513
DA_fee,28.483186372745493,0.061743012431464475
DA_fee,28.49490981963928,0.05944515229830071
DA_fee,28.506633266533065,0.057186707599765
DA_fee,28.518356713426854,0.05497744719580108
DA_fee,28.53008016032064,0.05282679300237656
DA_fee,28.54180360721443,0.050743583224089214
DA_fee,28.553527054108216,0.04873585551374703
DA_fee,28.565250501002005,0.04681065581274098
DA_fee,28.57697394789579,0.044973877694402906
DA_fee,28.58869739478958,0.0432301359559619
DA_fee,28.600420841683366,0.041582677030293995
DA_fee,28.612144288577156,0.04003332756574848
DA_fee,28.62386773547094,0.03858248130008277
DA_fee,28.635591182364728,0.037229123179677096
DA_fee,28.647314629258517,0.035970888589970516
DA_fee,28.659038076152306,0.03480415460354586
DA_fee,28.670761523046092,0.03372415934708779
DA_fee,28.68248496993988,0.03272514495784475
DA_fee,28.694208416833668,0.03180051915584437
DA_fee,28.705931863727454,0.03094303020296768
DA_fee,28.717655310621243,0.030144949949053142
DA_fee,28.72937875751503,0.029398259766304485
DA_fee,28.74110220440882,0.02869483442831907
DA_fee,28.752825651302604,0.028026619376405493
DA_fee,28.764549098196394,0.027385797307920564
DA_fee,28.77627254509018,0.026764940592045854
DA_fee,28.78799599198397,0.026157146640674915
DA_fee,28.799719438877755,0.025556154010091328
DA_fee,28.81144288577154,0.024956437659434907
DA_fee,28.82316633266533,0.024353282424231324
DA_fee,28.83488977955912,0.02374283436079226
DA_fee,28.846613226452906,0.023122130167176833
DA_fee,28.85833667334669,0.022489105379493987
DA_fee,28.87006012024048,0.021842582472983853
DA_fee,28.88178356713427,0.0211822403628305
DA_fee,28.893507014028057,0.020508567099880196
DA_fee,28.905230460921842,0.01982279779290475
DA_fee,28.916953907815632,0.01912683996463659
DA_fee,28.928677354709418,0.018423188666948323
DA_fee,28.940400801603207,0.01771483374505472
DA_fee,28.952124248496993,0.01700516165512209
DA_fee,28.963847695390783,0.01629785420767516
DA_fee,28.97557114228457,0.015596786533927593
DA_fee,28.987294589178358,0.014905926456714116
DA_fee,28.999018036072144,0.014229237295239356
DA_fee,29.010741482965933,0.013570585946709733
DA_fee,29.02246492985972,0.012933657872087157
DA_fee,29.034188376753505,0.012321880372166914
DA_fee,29.045911823647295,0.011738355279501109
DA_fee,29.057635270541084,0.011185801917531588
DA_fee,29.06935871743487,0.010666510897843052
DA_fee,29.081082164328656,0.010182309047291553
DA_fee,29.092805611222445,0.009734535486927414
DA_fee,29.10452905811623,0.009324028631931996
DA_fee,29.11625250501002,0.008951123653629286
DA_fee,29.127975951903807,0.008615659747350955
DA_fee,29.139699398797596,0.008316996388536991
DA_fee,29.151422845691382,0.008054037637200527
DA_fee,29.16314629258517,0.007825263469016429
DA_fee,29.174869739478957,0.0076287670690380945
DA_fee,29.186593186372747,0.007462297018489951
DA_fee,29.198316633266533,0.007323303331569513
DA_fee,29.21004008016032,0.00720898635145999
DA_fee,29.221763527054108,0.007116347585591395
DA_fee,29.233486973947898,0.0070422416418106665
DA_fee,29.245210420841683,0.00698342851190702
DA_fee,29.25693386773547,0.006936625529899227
DA_fee,29.26865731462926,0.006898558403874452
DA_fee,29.28038076152305,0.006866010777840046
DA_fee,29.292104208416834,0.0068358718218023825
DA_fee,29.30382765531062,0.0068051813739590265
DA_fee,29.31555110220441,0.00677117217030724
DA_fee,29.327274549098195,0.006731308697737101
DA_fee,29.338997995991985,0.006683322201783487
DA_fee,29.35072144288577,0.006625241375560545
DA_fee,29.36244488977956,0.006555418258219988
DA_fee,29.374168336673346,0.006472548885532825
DA_fee,29.385891783567136,0.006375688267014467
DA_fee,29.39761523046092,0.006264259317203616
DA_fee,29.40933867735471,0.0061380554453397485
DA_fee,29.421062124248497,0.005997236607924013
DA_fee,29.432785571142283,0.005842318750625488
DA_fee,29.444509018036072,0.005674156705970698
DA_fee,29.45623246492986,0.005493920765851201
DA_fee,29.467955911823648,0.00530306730649596
DA_fee,29.479679358717434,0.005103304000860093
DA_fee,29.491402805611223,0.00489655030184204
DA_fee,29.50312625250501,0.0046848940122140295
DA_fee,29.5148496993988,0.004470544867321553
DA_fee,29.526573146292584,0.004255786139489027
DA_fee,29.538296593186374,0.004042925325198766
DA_fee,29.55002004008016,0.003834244995846275
DA_fee,29.56174348697395,0.003631954880254365
DA_fee,29.573466933867735,0.003438146203910412
DA_fee,29.585190380761524,0.0032547492391577586
DA_fee,29.59691382765531,0.0030834949265194245
DA_fee,29.608637274549096,0.0029258813147912907
DA_fee,29.620360721442886,0.0027831454416171212
DA_fee,29.632084168336675,0.002656241141925927
DA_fee,29.64380761523046,0.002545823133385305
DA_fee,29.655531062124247,0.00245223758973521
DA_fee,29.667254509018036,0.0023755192774786455
DA_fee,29.678977955911826,0.0023153952010379945
DA_fee,29.69070140280561,0.0022712945774287906
DA_fee,29.702424849699398,0.002242364844424121
DA_fee,29.714148296593187,0.002227493296311052
DA_fee,29.725871743486973,0.002225333838756604
DA_fee,29.737595190380762,0.0022343382591708343
DA_fee,29.74931863727455,0.0022527913217729946
DA_fee,29.761042084168338,0.0022788489183175977
DA_fee,29.772765531062124,0.0023105784376835476
DA_fee,29.784488977955913,0.0023460004624064595
DA_fee,29.7962124248497,0.0023831308603465273
DA_fee,29.80793587174349,0.0024200223179148914
DA_fee,29.819659318637274,0.0024548043605294267
DA_fee,29.83138276553106,0.0024857209288432266
DA_fee,29.84310621242485,0.0025111646277763207
DA_fee,29.85482965931864,0.0025297068405510615
DA_fee,29.866553106212425,0.002540123001671402
DA_fee,29.87827655310621,0.002541412449622419
DA_fee,29.89,0.002532812429083484
BA_fee,25.31,0.017615271054994497
BA_fee,25.31679358717435,0.018535565735843154
BA_fee,25.323587174348695,0.019489101929141422
BA_fee,25.330380761523045,0.020476739230098472
BA_fee,25.337174348697392,0.02149937810486692
BA_fee,25.343967935871742,0.02255795992002028
BA_fee,25.350761523046092,0.023653466391232673
BA_fee,25.35755511022044,0.024786918441588455
BA_fee,25.36434869739479,0.025959374470892724
BA_fee,25.37114228456914,0.02717192804875746
BA_fee,25.377935871743485,0.028425705055846625
BA_fee,25.384729458917835,0.02972186030922352
BA_fee,25.391523046092182,0.031061573719141672
BA_fee,25.398316633266532,0.0324460460356074
BA_fee,25.405110220440882,0.03387649425329733
BA_fee,25.41190380761523,0.035354146752941205
BA_fee,25.41869739478958,0.0368802382656599
BA_fee,25.425490981963925,0.038456004753866006
BA_fee,25.432284569138275,0.04008267830811548
BA_fee,25.439078156312625,0.04176148216329604
BA_fee,25.445871743486972,0.043493625939940904
BA_fee,25.452665330661322,0.045280301216856174
BA_fee,25.45945891783567,0.04712267753963722
BA_fee,25.46625250501002,0.04902189896605035
BA_fee,25.47304609218437,0.05097908124338485
BA_fee,25.479839679358715,0.05299530970494225
BA_fee,25.486633266533065,0.05507163796269568
BA_fee,25.493426853707415,0.05720908746093157
BA_fee,25.500220440881762,0.059408647941452265
BA_fee,25.507014028056112,0.06167127885479427
BA_fee,25.51380761523046,0.06399791173407846
BA_fee,25.52060120240481,0.06638945352876355
BA_fee,25.52739478957916,0.06884679087496721
BA_fee,25.534188376753505,0.0713707952574512
BA_fee,25.540981963927855,0.07396232899615698
BA_fee,25.5477755511022,0.07662225196769305
BA_fee,25.554569138276552,0.07935142894983466
BA_fee,25.561362725450902,0.08215073745522973
BA_fee,25.56815631262525,0.08502107589977403
BA_fee,25.5749498997996,0.08796337193162528
BA_fee,25.581743486973945,0.0909785907294329
BA_fee,25.588537074148295,0.0940677430632364
BA_fee,25.595330661322645,0.09723189289914737
BA_fee,25.60212424849699,0.10047216431998286
BA_fee,25.608917835671342,0.10378974752848823
BA_fee,25.615711422845692,0.10718590369840658
BA_fee,25.62250501002004,0.11066196844154737
BA_fee,25.62929859719439,0.1142193536662703
BA_fee,25.636092184368735,0.1178595476148683
BA_fee,25.642885771543085,0.12158411288421885
BA_fee,25.649679358717435,0.12539468225540595
BA_fee,25.65647294589178,0.1292929521844095
BA_fee,25.663266533066132,0.13328067383648992
BA_fee,25.67006012024048,0.13735964158163452
BA_fee,25.67685370741483,0.1415316789071908
BA_fee,25.68364729458918,0.1457986217453908
BA_fee,25.690440881763525,0.15016229925823452
BA_fee,25.697234468937875,0.1546245121686781
BA_fee,25.70402805611222,0.1591870087748963
BA_fee,25.71082164328657,0.16385145883289917
BA_fee,25.717615230460922,0.1686194255406869
BA_fee,25.72440881763527,0.1734923359039793
BA_fee,25.73120240480962,0.178471449808151
BA_fee,25.73799599198397,0.1835578281626191
BA_fee,25.744789579158315,0.18875230052154848
BA_fee,25.751583166332665,0.1940554326175467
BA_fee,25.75837675350701,0.19946749427225152
BA_fee,25.76517034068136,0.20498842816854698
BA_fee,25.77196392785571,0.21061781998298937
BA_fee,25.77875751503006,0.21635487038328619
BA_fee,25.78555110220441,0.22219836939400942
BA_fee,25.792344689378755,0.22814667362364457
BA_fee,25.799138276553105,0.2341976868277026
BA_fee,25.805931863727455,0.2403488442555103
BA_fee,25.8127254509018,0.24659710119319697
BA_fee,25.81951903807615,0.25293892607173757
BA_fee,25.826312625250498,0.25937029845804666
BA_fee,25.83310621242485,0.26588671218890053
BA_fee,25.8398997995992,0.2724831838428979
BA_fee,25.846693386773545,0.2791542666758137
BA_fee,25.853486973947895,0.28589407006989953
BA_fee,25.860280561122245,0.2926962844696743
BA_fee,25.86707414829659,0.2995542116964384
BA_fee,25.87386773547094,0.30646080045196533
BA_fee,25.880661322645288,0.31340868674053973
BA_fee,25.88745490981964,0.32039023885871504
BA_fee,25.89424849699399,0.32739760652468763
BA_fee,25.901042084168335,0.3344227736464532
BA_fee,25.907835671342685,0.3414576141601016
BA_fee,25.91462925851703,0.3484939503083475
BA_fee,25.92142284569138,0.3555236126764739
BA_fee,25.92821643286573,0.36253850125785353
BA_fee,25.935010020040078,0.369530646786878
BA_fee,25.94180360721443,0.37649227155284815
BA_fee,25.948597194388775,0.38341584889544433
BA_fee,25.955390781563125,0.3902941605816567
BA_fee,25.962184368737475,0.39712035127504636
BA_fee,25.96897795591182,0.4038879793319465
BA_fee,25.97577154308617,0.41059106319514455
BA_fee,25.98256513026052,0.41722412270378934
BA_fee,25.989358717434868,0.4237822146982783
BA_fee,25.996152304609218,0.4302609623699989
BA_fee,26.002945891783565,0.4366565778874677
BA_fee,26.009739478957915,0.44296587792133363
BA_fee,26.016533066132265,0.4491862917899607
BA_fee,26.02332665330661,0.4553158620533629
BA_fee,26.03012024048096,0.4613532374946422
BA_fee,26.036913827655308,0.46729765854307287
BA_fee,26.043707414829658,0.4731489353098758
BA_fee,26.050501002004008,0.4789074185243153
BA_fee,26.057294589178355,0.48457396377261
BA_fee,26.064088176352705,0.49014988955241046
BA_fee,26.07088176352705,0.4956369297601594
BA_fee,26.0776753507014,0.5010371813246701
BA_fee,26.08446893787575,0.5063530477863414
BA_fee,26.091262525050098,0.511587179695605
BA_fee,26.098056112224448,0.5167424127645454
BA_fee,26.104849699398798,0.5218217047510433
BA_fee,26.111643286573145,0.5268280720840001
BA_fee,26.118436873747495,0.5317645272497253
BA_fee,26.12523046092184,0.5366340179535205
BA_fee,26.13202404809619,0.5414393690461156
BA_fee,26.13881763527054,0.5461832281616863
BA_fee,26.145611222444888,0.5508680159540148
BA_fee,26.152404809619238,0.5554958817396263
BA_fee,26.159198396793585,0.5600686652634145
BA_fee,26.165991983967935,0.5645878651947517
BA_fee,26.172785571142285,0.5690546148417414
BA_fee,26.17957915831663,0.573469665441019
BA_fee,26.18637274549098,0.5778333772423314
BA_fee,26.193166332665328,0.5821457184636245
BA_fee,26.199959919839678,0.5864062720469351
BA_fee,26.206753507014028,0.5906142500001523
BA_fee,26.213547094188375,0.5947685149684264
BA_fee,26.220340681362725,0.5988676085440118
BA_fee,26.227134268537075,0.6029097856977774
BA_fee,26.23392785571142,0.6068930546019953
BA_fee,26.24072144288577,0.6108152210148797
BA_fee,26.247515030060118,0.6146739363144464
BA_fee,26.254308617234468,0.6184667482048465
BA_fee,26.261102204408818,0.6221911530731578
BA_fee,26.267895791583165,0.6258446489500236
BA_fee,26.274689378757515,0.6294247880235994
BA_fee,26.28148296593186,0.6329292276732451
BA_fee,26.28827655310621,0.6363557790264504
BA_fee,26.29507014028056,0.6397024520988874
BA_fee,26.301863727454908,0.6429674966516348
BA_fee,26.308657314629258,0.6461494379899316
BA_fee,26.315450901803608,0.6492471070318159
BA_fee,26.322244488977955,0.6522596640907959
BA_fee,26.329038076152305,0.6551866159409795
BA_fee,26.33583166332665,0.6580278258638891
BA_fee,26.342625250501,0.6607835165098206
BA_fee,26.34941883767535,0.663454265541004
BA_fee,26.356212424849698,0.6660409941557985
BA_fee,26.363006012024048,0.6685449487200835
BA_fee,26.369799599198394,0.670967675851841
BA_fee,26.376593186372745,0.673310991415201
BA_fee,26.383386773547095,0.6755769439790743
BA_fee,26.39018036072144,0.6777677733819376
BA_fee,26.39697394789579,0.6798858651163984
BA_fee,26.403767535070138,0.6819337013048704
BA_fee,26.410561122244488,0.6839138090802414
BA_fee,26.417354709418838,0.6858287072126588
BA_fee,26.424148296593184,0.687680851836106
BA_fee,26.430941883767535,0.6894725821267381
BA_fee,26.43773547094188,0.6912060667695824
BA_fee,26.44452905811623,0.6928832520227187
BA_fee,26.45132264529058,0.6945058121493364
BA_fee,26.458116232464928,0.6960751029394755
BA_fee,26.464909819639278,0.6975921189864568
BA_fee,26.471703406813628,0.6990574553192141
BA_fee,26.478496993987974,0.7004712739224535
BA_fee,26.485290581162324,0.7018332756033544
BA_fee,26.49208416833667,0.7031426775872652
BA_fee,26.49887775551102,0.7043981971472421
BA_fee,26.50567134268537,0.7055980414940183
BA_fee,26.512464929859718,0.7067399040750089
BA_fee,26.519258517034068,0.7078209673543994
BA_fee,26.526052104208414,0.7088379120712959
BA_fee,26.532845691382764,0.7097869329005033
BA_fee,26.539639278557114,0.7106637603705136
BA_fee,26.54643286573146,0.7114636888267468
BA_fee,26.55322645290581,0.7121816101644542
BA_fee,26.56002004008016,0.7128120529961154
BA_fee,26.566813627254508,0.7133492268618412
BA_fee,26.573607214428858,0.7137870710392479
BA_fee,26.580400801603204,0.7141193074612834
BA_fee,26.587194388777554,0.7143394972066718
BA_fee,26.593987975951904,0.7144410999888153
BA_fee,26.60078156312625,0.7144175360346852
BA_fee,26.6075751503006,0.7142622497165737
BA_fee,26.614368737474948,0.7139687742762947
BA_fee,26.621162324649298,0.7135307969643374
BA_fee,26.627955911823648,0.7129422239057314
BA_fee,26.634749498997994,0.7121972440006155
BA_fee,26.641543086172344,0.7112903911707399
BA_fee,26.64833667334669,0.7102166042741055
BA_fee,26.65513026052104,0.7089712840283925
BA_fee,26.66192384769539,0.7075503463104508
BA_fee,26.668717434869738,0.7059502712333487
BA_fee,26.675511022044088,0.7041681474446716
BA_fee,26.682304609218434,0.7022017111395613
BA_fee,26.689098196392784,0.7000493793385862
BA_fee,26.695891783567134,0.6977102770442748
BA_fee,26.70268537074148,0.695184257959224
BA_fee,26.70947895791583,0.6924719185233108
BA_fee,26.71627254509018,0.6895746051059237
BA_fee,26.723066132264528,0.6864944142708065
BA_fee,26.729859719438878,0.683234186114473
BA_fee,26.736653306613224,0.6797974907632887
BA_fee,26.743446893787574,0.6761886081977585
BA_fee,26.750240480961924,0.6724125016541829
BA_fee,26.75703406813627,0.6684747849321946
BA_fee,26.76382765531062,0.6643816840108012
BA_fee,26.770621242484967,0.6601399934440266
BA_fee,26.777414829659318,0.6557570280691357
BA_fee,26.784208416833668,0.6512405706148735
BA_fee,26.791002004008014,0.6465988158430842
BA_fee,26.797795591182364,0.6418403118941365
BA_fee,26.804589178356714,0.6369738995339486
BA_fee,26.81138276553106,0.6320086500179926
BA_fee,26.81817635270541,0.6269538022949888
BA_fee,26.824969939879757,0.6218187002703636
BA_fee,26.831763527054107,0.6166127308366531
BA_fee,26.838557114228458,0.6113452633556586
BA_fee,26.845350701402804,0.6060255912450873
BA_fee,26.852144288577154,0.6006628762819256
BA_fee,26.8589378757515,0.5952660961858419
BA_fee,26.86573146292585,0.5898439959896663
BA_fee,26.8725250501002,0.5844050436414673
BA_fee,26.879318637274547,0.5789573902141143
BA_fee,26.886112224448897,0.5735088350256562
BA_fee,26.892905811623244,0.5680667958972581
BA_fee,26.899699398797594,0.562638284696684
BA_fee,26.906492985971944,0.5572298882353721
BA_fee,26.91328657314629,0.5518477545069281
BA_fee,26.92008016032064,0.5464975841757737
BA_fee,26.926873747494987,0.5411846271480425
BA_fee,26.933667334669337,0.5359136839831775
BA_fee,26.940460921843687,0.5306891118359205
BA_fee,26.947254509018034,0.5255148345550426
BA_fee,26.954048096192384,0.520394356508434
BA_fee,26.960841683366734,0.5153307796551119
BA_fee,26.96763527054108,0.5103268233440174
BA_fee,26.97442885771543,0.5053848462879285
BA_fee,26.981222444889777,0.5005068701393361
BA_fee,26.988016032064127,0.49569460408366744
BA_fee,26.994809619238477,0.49094946986470994
BA_fee,27.001603206412824,0.48627262666736226
BA_fee,27.008396793587174,0.481664995303861
BA_fee,27.01519038076152,0.4771272811814146
BA_fee,27.02198396793587,0.4726599955711738
BA_fee,27.02877755511022,0.46826347475000063
BA_fee,27.035571142284567,0.46393789664702734
BA_fee,27.042364729458917,0.4596832946950838
BA_fee,27.049158316633267,0.4554995686619698
BA_fee,27.055951903807614,0.4513864923164677
BA_fee,27.062745490981964,0.4473437178676599
BA_fee,27.06953907815631,0.44337077720179524
BA_fee,27.07633266533066,0.4394670800267381
BA_fee,27.08312625250501,0.43563190911843924
BA_fee,27.089919839679357,0.43186441294455485
BA_fee,27.096713426853707,0.42816359601598236
BA_fee,27.103507014028054,0.42452830738563824
BA_fee,27.110300601202404,0.42095722777339867
BA_fee,27.117094188376754,0.417448855845974
BA_fee,27.1238877755511,0.41400149421816945
BA_fee,27.13068136272545,0.410613235767555
BA_fee,27.137474949899797,0.4072819508662902
BA_fee,27.144268537074147,0.4040052761314998
BA_fee,27.151062124248497,0.40078060527924037
BA_fee,27.157855711422844,0.3976050826360688
BA_fee,27.164649298597194,0.3944755998176973
BA_fee,27.17144288577154,0.3913887960265389
BA_fee,27.17823647294589,0.3883410623500262
BA_fee,27.18503006012024,0.3853285503613421
BA_fee,27.191823647294587,0.38234718523456857
BA_fee,27.198617234468937,0.3793926834896863
BA_fee,27.205410821643287,0.3764605753811001
BA_fee,27.212204408817634,0.37354623183868824
BA_fee,27.218997995991984,0.3706448957651501
BA_fee,27.22579158316633,0.36775171739013524
BA_fee,27.23258517034068,0.36486179328220314
BA_fee,27.23937875751503,0.36197020852700346
BA_fee,27.246172344689377,0.3590720814957859
BA_fee,27.252965931863727,0.35616261055474036
BA_fee,27.259759519038074,0.35323712200440277
BA_fee,27.266553106212424,0.3502911184909571
BA_fee,27.273346693386774,0.34732032709884025
BA_fee,27.28014028056112,0.344320746317612
BA_fee,27.28693386773547,0.3412886910758762
BA_fee,27.29372745490982,0.33822083505152833
BA_fee,27.300521042084167,0.3351142495002329
BA_fee,27.307314629258517,0.33196643789249
BA_fee,27.314108216432864,0.3287753657127145
BA_fee,27.320901803607214,0.32553948485040296
BA_fee,27.327695390781564,0.3222577521019556
BA_fee,27.33448897795591,0.3189296414002544
BA_fee,27.34128256513026,0.315555149495849
BA_fee,27.348076152304607,0.31213479492599316
BA_fee,27.354869739478957,0.3086696102238882
BA_fee,27.361663326653307,0.3051611274377676
BA_fee,27.368456913827654,0.3016113571454098
BA_fee,27.375250501002004,0.29802276126234406
BA_fee,27.38204408817635,0.2943982200488354
BA_fee,27.3888376753507,0.2907409938196574
BA_fee,27.39563126252505,0.2870546799502104
BA_fee,27.402424849699397,0.2833431658503633
BA_fee,27.409218436873747,0.2796105786427126
BA_fee,27.416012024048094,0.27586123233339843
BA_fee,27.422805611222444,0.27209957330014994
BA_fee,27.429599198396794,0.26833012494382685
BA_fee,27.43639278557114,0.26455743235575635
BA_fee,27.44318637274549,0.2607860078439155
BA_fee,27.44997995991984,0.25702027813703326
BA_fee,27.456773547094187,0.2532645340473157
BA_fee,27.463567134268537,0.2495228833210757
BA_fee,27.470360721442884,0.24579920734317096
BA_fee,27.477154308617234,0.2420971222868692
BA_fee,27.483947895791584,0.23841994521782645
BA_fee,27.49074148296593,0.2347706655702517
BA_fee,27.49753507014028,0.2311519223174091
BA_fee,27.50432865731463,0.22756598705886955
BA_fee,27.511122244488977,0.22401475314548677
BA_fee,27.517915831663327,0.22049973086163596
BA_fee,27.524709418837674,0.21702204858471216
BA_fee,27.531503006012024,0.2135824597460029
BA_fee,27.538296593186374,0.2101813553262999
BA_fee,27.54509018036072,0.2068187815356346
BA_fee,27.55188376753507,0.20349446225053458
BA_fee,27.558677354709417,0.2002078257153064
BA_fee,27.565470941883767,0.1969580349570618
BA_fee,27.572264529058117,0.1937440213182332
BA_fee,27.579058116232464,0.1905645204755054
BA_fee,27.585851703406814,0.18741811029110717
BA_fee,27.59264529058116,0.1843032498308345
BA_fee,27.59943887775551,0.18121831888330384
BA_fee,27.60623246492986,0.17816165732626252
BA_fee,27.613026052104207,0.17513160370766032
BA_fee,27.619819639278557,0.17212653244127138
BA_fee,27.626613226452903,0.16914488905776087
BA_fee,27.633406813627253,0.16618522300129981
BA_fee,27.640200400801604,0.16324621751841348
BA_fee,27.64699398797595,0.1603267162478379
BA_fee,27.6537875751503,0.1574257461872008
BA_fee,27.660581162324647,0.1545425367826345
BA_fee,27.667374749498997,0.15167653495967542
BA_fee,27.674168336673347,0.14882741598692573
BA_fee,27.680961923847693,0.14599509013643971
BA_fee,27.687755511022043,0.14317970517546638
BA_fee,27.694549098196394,0.14038164479205514
BA_fee,27.70134268537074,0.13760152312067048
BA_fee,27.70813627254509,0.13484017559276035
BA_fee,27.714929859719437,0.13209864639018706
BA_fee,27.721723446893787,0.1293781728256492
BA_fee,27.728517034068137,0.1266801670134938
BA_fee,27.735310621242483,0.12400619522584698
BA_fee,27.742104208416833,0.1213579553526718
BA_fee,27.748897795591184,0.1187372529000048
BA_fee,27.75569138276553,0.11614597596821276
BA_fee,27.76248496993988,0.11358606965181138
BA_fee,27.769278557114227,0.11105951029446919
BA_fee,27.776072144288577,0.10856828001769835
BA_fee,27.782865731462927,0.10611434191990576
BA_fee,27.789659318637273,0.10369961631460714
BA_fee,27.796452905811623,0.1013259583433636
BA_fee,27.80324649298597,0.0989951372612005
BA_fee,27.81004008016032,0.0967088176507247
BA_fee,27.81683366733467,0.09446854277681556
BA_fee,27.823627254509017,0.09227572024736405
BA_fee,27.830420841683367,0.0901316100982731
BA_fee,27.837214428857713,0.08803731537335083
BA_fee,27.844008016032063,0.08599377522298962
BA_fee,27.850801603206413,0.08400176050032626
BA_fee,27.85759519038076,0.08206187179062127
BA_fee,27.86438877755511,0.08017453976980693
BA_fee,27.871182364729457,0.07834002775189697
BA_fee,27.877975951903807,0.07655843625288405
BA_fee,27.884769539078157,0.07482970937142014
BA_fee,27.891563126252503,0.0731536427640306
BA_fee,27.898356713426853,0.07152989297538472
BA_fee,27.9051503006012,0.06995798787221949
BA_fee,27.91194388777555,0.06843733792284776
BA_fee,27.9187374749499,0.06696724806289123
BA_fee,27.925531062124247,0.06554692989160452
BA_fee,27.932324649298597,0.06417551395170618
BA_fee,27.939118236472947,0.06285206185871718
BA_fee,27.945911823647293,0.06157557806283608
BA_fee,27.952705410821643,0.060345021047047115
BA_fee,27.95949899799599,0.05915931378882904
BA_fee,27.96629258517034,0.05801735333886687
BA_fee,27.97308617234469,0.05691801939810582
BA_fee,27.979879759519036,0.05586018180354819
BA_fee,27.986673346693387,0.05484270686282967
BA_fee,27.993466933867737,0.05386446250716125
BA_fee,28.000260521042083,0.05292432226109849
BA_fee,28.007054108216433,0.05202116805521025
BA_fee,28.01384769539078,0.051153891933543104
BA_fee,28.02064128256513,0.05032139673133242
BA_fee,28.02743486973948,0.04952259581927356
BA_fee,28.034228456913826,0.04875641202848082
BA_fee,28.041022044088177,0.048021775884757194
BA_fee,28.047815631262523,0.0473176232917543
BA_fee,28.054609218436873,0.04664289280990453
BA_fee,28.061402805611223,0.04599652268161903
BA_fee,28.06819639278557,0.04537744775315796
BA_fee,28.07498997995992,0.04478459643998643
BA_fee,28.081783567134266,0.04421688787541464
BA_fee,28.088577154308616,0.0436732293722211
BA_fee,28.095370741482967,0.04315251431405354
BA_fee,28.102164328657313,0.04265362057803939
BA_fee,28.108957915831663,0.042175409572701196
BA_fee,28.11575150300601,0.04171672595633323
BA_fee,28.12254509018036,0.04127639808097126
BA_fee,28.12933867735471,0.04085323918649619
BA_fee,28.136132264529056,0.040446049348667974
BA_fee,28.142925851703406,0.040053618164566096
BA_fee,28.149719438877753,0.03967472813943598
BA_fee,28.156513026052103,0.03930815872074651
BA_fee,28.163306613226453,0.03895269090879358
BA_fee,28.1701002004008,0.038607112358757446
BA_fee,28.17689378757515,0.03827022287705621
BA_fee,28.1836873747495,0.03794084020539122
BA_fee,28.190480961923846,0.03761780597918921
BA_fee,28.197274549098196,0.037299991743360815
BA_fee,28.204068136272543,0.03698630490743049
BA_fee,28.210861723446893,0.036675694524097156
BA_fee,28.217655310621243,0.036367156780089296
BA_fee,28.22444889779559,0.03605974009557165
BA_fee,28.23124248496994,0.035752549738133375
BA_fee,28.23803607214429,0.03544475186922976
BA_fee,28.244829659318636,0.035135576954537305
BA_fee,28.251623246492986,0.03482432248462171
BA_fee,28.258416833667333,0.03451035496821547
BA_fee,28.265210420841683,0.03419311117681853
BA_fee,28.272004008016033,0.033872098635848356
BA_fee,28.27879759519038,0.033546895373739866
BA_fee,28.28559118236473,0.03321714895582093
BA_fee,28.292384769539076,0.03288257484407889
BA_fee,28.299178356713426,0.03254295413673997
BA_fee,28.305971943887776,0.03219813075260779
BA_fee,28.312765531062123,0.03184800813408298
BA_fee,28.319559118236473,0.03149254554956692
BA_fee,28.32635270541082,0.031131754080364886
BA_fee,28.33314629258517,0.03076569237923846
BA_fee,28.33993987975952,0.030394462287414537
BA_fee,28.346733466933866,0.0300182043942073
BA_fee,28.353527054108216,0.029637093618642783
BA_fee,28.360320641282563,0.029251334885758807
BA_fee,28.367114228456913,0.028861158961868038
BA_fee,28.373907815631263,0.028466818503354883
BA_fee,28.38070140280561,0.028068584362810022
BA_fee,28.38749498997996,0.02766674218491988
BA_fee,28.394288577154306,0.02726158931287417
BA_fee,28.401082164328656,0.026853432014496696
BA_fee,28.407875751503006,0.026442583026256877
BA_fee,28.414669338677353,0.02602935940308639
BA_fee,28.421462925851703,0.025614080652834326
BA_fee,28.428256513026053,0.025197067126532944
BA_fee,28.4350501002004,0.02477863862958296
BA_fee,28.44184368737475,0.024359113214712444
BA_fee,28.448637274549096,0.023938806115186728
BA_fee,28.455430861723446,0.02351802877625582
BA_fee,28.462224448897796,0.023097087944234214
BA_fee,28.469018036072143,0.022676284775763316
BA_fee,28.475811623246493,0.02225591393457599
BA_fee,28.482605210420843,0.021836262649237947
BA_fee,28.48939879759519,0.021417609712624023
BA_fee,28.49619238476954,0.021000224411983837
BA_fee,28.502985971943886,0.020584365387065526
BA_fee,28.509779559118236,0.020170279422503365
BA_fee,28.516573146292586,0.019758200189247687
BA_fee,28.523366733466933,0.019348346957838762
BA_fee,28.530160320641283,0.01894092331350824
BA_fee,28.53695390781563,0.018536115909137157
BA_fee,28.54374749498998,0.018134093296764242
BA_fee,28.55054108216433,0.017735004881426746
BA_fee,28.557334669338676,0.017338980042487153
BA_fee,28.564128256513026,0.016946127467173347
BA_fee,28.570921843687373,0.01655653473882204
BA_fee,28.577715430861723,0.01617026821830741
BA_fee,28.584509018036073,0.015787373251481874
BA_fee,28.59130260521042,0.015407874728288954
BA_fee,28.59809619238477,0.015031778010797876
BA_fee,28.604889779559116,0.014659070237968157
BA_fee,28.611683366733466,0.014289722004800344
BA_fee,28.618476953907816,0.013923689403016044
BA_fee,28.625270541082163,0.013560916399812271
BA_fee,28.632064128256513,0.01320133752095673
BA_fee,28.63885771543086,0.012844880794836143
BA_fee,28.64565130260521,0.012491470905328794
BA_fee,28.65244488977956,0.012141032493896526
BA_fee,28.659238476953906,0.011793493545241457
BA_fee,28.666032064128256,0.011448788786516997
BA_fee,28.672825651302606,0.011106863027539082
BA_fee,28.679619238476953,0.010767674368788166
BA_fee,28.686412825651303,0.010431197205290408
BA_fee,28.693206412825653,0.010097424957673103
BA_fee,28.7,0.009766372466703544
AMM_fee,26.57,0.01885852726258112
AMM_fee,26.57693386773547,0.019719381939300357
AMM_fee,26.583867735470943,0.020600215564850574
AMM_fee,26.590801603206412,0.021502234627432806
AMM_fee,26.597735470941885,0.022426903119783813
AMM_fee,26.604669338677354,0.02337594615265162
AMM_fee,26.611603206412827,0.02435134948141695
AMM_fee,26.618537074148296,0.025355354796194527
AMM_fee,26.62547094188377,0.026390450704334174
AMM_fee,26.63240480961924,0.027459359416148382
AMM_fee,26.63933867735471,0.028565019228023316
AMM_fee,26.64627254509018,0.029710562979877467
AMM_fee,26.65320641282565,0.030899292744267396
AMM_fee,26.660140280561123,0.03213465108040099
AMM_fee,26.667074148296592,0.03342018925608955
AMM_fee,26.674008016032065,0.03475953290269057
AMM_fee,26.680941883767535,0.036156345620759804
AMM_fee,26.687875751503007,0.03761429109650663
AMM_fee,26.694809619238477,0.039136994319982986
AMM_fee,26.70174348697395,0.04072800251496027
AMM_fee,26.70867735470942,0.04239074639696827
AMM_fee,26.715611222444892,0.04412850237034995
AMM_fee,26.72254509018036,0.04594435625733309
AMM_fee,26.72947895791583,0.04784116912301404
AMM_fee,26.736412825651303,0.04982154572022431
AMM_fee,26.743346693386773,0.05188780602898966
AMM_fee,26.750280561122246,0.05404196030762836
AMM_fee,26.757214428857715,0.05628568800814334
AMM_fee,26.764148296593188,0.058620320838854156
AMM_fee,26.771082164328657,0.06104683018386155
AMM_fee,26.77801603206413,0.06356581901354831
AMM_fee,26.7849498997996,0.06617751834451255
AMM_fee,26.79188376753507,0.06888178823266204
AMM_fee,26.79881763527054,0.07167812321112542
AMM_fee,26.80575150300601,0.07456566201643323
AMM_fee,26.812685370741484,0.07754320138346052
AMM_fee,26.819619238476953,0.08060921363252807
AMM_fee,26.826553106212426,0.08376186772225704
AMM_fee,26.833486973947895,0.08699905339918963
AMM_fee,26.84042084168337,0.09031840804108714
AMM_fee,26.847354709418838,0.09371734576466798
AMM_fee,26.85428857715431,0.09719308835129695
AMM_fee,26.86122244488978,0.10074269753490486
AMM_fee,26.86815631262525,0.10436310819583654
AMM_fee,26.875090180360722,0.10805116201124416
AMM_fee,26.88202404809619,0.11180364112736732
AMM_fee,26.888957915831664,0.11561730144034188
AMM_fee,26.895891783567134,0.1194889050998396
AMM_fee,26.902825651302607,0.12341525188282929
AMM_fee,26.909759519038076,0.12739320912230812
AMM_fee,26.91669338677355,0.1314197399170287
AMM_fee,26.923627254509018,0.13549192939203872
AMM_fee,26.93056112224449,0.13960700882520904
AMM_fee,26.93749498997996,0.14376237750077164
AMM_fee,26.94442885771543,0.1479556221960828
AMM_fee,26.951362725450903,0.15218453425131692
AMM_fee,26.958296593186372,0.1564471242123271
AMM_fee,26.965230460921845,0.1607416340737962
AMM_fee,26.972164328657314,0.16506654718144806
AMM_fee,26.979098196392787,0.16942059587854102
AMM_fee,26.986032064128256,0.17380276700139025
AMM_fee,26.99296593186373,0.1782123053418402
AMM_fee,26.9998997995992,0.1826487152000783
AMM_fee,27.00683366733467,0.18711176015002393
AMM_fee,27.01376753507014,0.19160146113084778
AMM_fee,27.02070140280561,0.19611809296374558
AMM_fee,27.027635270541083,0.2006621793725337
AMM_fee,27.034569138276552,0.20523448656225082
AMM_fee,27.041503006012025,0.20983601538222452
AMM_fee,27.048436873747495,0.21446799207126083
AMM_fee,27.055370741482967,0.21913185755426332
AMM_fee,27.062304609218437,0.22382925523374034
AMM_fee,27.06923847695391,0.22856201719826671
AMM_fee,27.07617234468938,0.23333214875493033
AMM_fee,27.083106212424852,0.23814181118595387
AMM_fee,27.09004008016032,0.24299330263248337
AMM_fee,27.09697394789579,0.2478890370222016
AMM_fee,27.103907815631263,0.2528315209827497
AMM_fee,27.110841683366733,0.25782332872004987
AMM_fee,27.117775551102206,0.26286707488951355
AMM_fee,27.124709418837675,0.26796538554732774
AMM_fee,27.131643286573148,0.27312086733791924
AMM_fee,27.138577154308617,0.27833607514913444
AMM_fee,27.14551102204409,0.2836134785471935
AMM_fee,27.15244488977956,0.28895542738484054
AMM_fee,27.15937875751503,0.2943641170560275
AMM_fee,27.1663126252505,0.29984155394411305
AMM_fee,27.17324649298597,0.3053895216753079
AMM_fee,27.180180360721444,0.31100954884026427
AMM_fee,27.187114228456913,0.316702878881529
AMM_fee,27.194048096192386,0.3224704428597014
AMM_fee,27.200981963927855,0.3283128358040705
AMM_fee,27.20791583166333,0.33423029732259923
AMM_fee,27.214849699398798,0.34022269709028197
AMM_fee,27.22178356713427,0.3462895257541211
AMM_fee,27.22871743486974,0.3524298916882388
AMM_fee,27.23565130260521,0.3586425239057038
AMM_fee,27.242585170340682,0.3649257812876143
AMM_fee,27.24951903807615,0.37127766812828633
AMM_fee,27.256452905811624,0.3776958558231943
AMM_fee,27.263386773547094,0.38417771034786563
AMM_fee,27.270320641282566,0.3907203249983395
AMM_fee,27.277254509018036,0.39732055769141894
AMM_fee,27.28418837675351,0.4039750719636081
AMM_fee,27.291122244488978,0.4106803806654791
AMM_fee,27.29805611222445,0.4174328912306203
AMM_fee,27.30498997995992,0.4242289513083659
AMM_fee,27.31192384769539,0.43106489349326965
AMM_fee,27.318857715430862,0.4379370778630518
AMM_fee,27.325791583166332,0.4448419310544124
AMM_fee,27.332725450901805,0.451775980662004
AMM_fee,27.339659318637274,0.45873588384072395
AMM_fee,27.346593186372747,0.4657184491229986
AMM_fee,27.353527054108216,0.47272065062819324
AMM_fee,27.36046092184369,0.47973963403673264
AMM_fee,27.36739478957916,0.48677271392141225
AMM_fee,27.37432865731463,0.49381736226711387
AMM_fee,27.3812625250501,0.5008711882606576
AMM_fee,27.38819639278557,0.5079319096876624
AMM_fee,27.395130260521043,0.5149973165255272
AMM_fee,27.402064128256512,0.5220652275633426
AMM_fee,27.408997995991985,0.5291334411036497
AMM_fee,27.415931863727454,0.5361996809998993
AMM_fee,27.422865731462927,0.5432615394520766
AMM_fee,27.429799599198397,0.550316418114507
AMM_fee,27.43673346693387,0.5573614691614985
AMM_fee,27.44366733466934,0.5643935380034063
AMM_fee,27.450601202404812,0.5714091093477375
AMM_fee,27.45753507014028,0.5784042582546182
AMM_fee,27.46446893787575,0.5853746077459503
AMM_fee,27.471402805611223,0.5923152943930783
AMM_fee,27.478336673346693,0.5992209431338649
AMM_fee,27.485270541082166,0.6060856523597953
AMM_fee,27.492204408817635,0.6129029900735637
AMM_fee,27.499138276553108,0.6196660016535279
AMM_fee,27.506072144288577,0.6263672294807029
AMM_fee,27.51300601202405,0.6329987443940608
AMM_fee,27.51993987975952,0.6395521886489343
AMM_fee,27.52687374749499,0.6460188297688494
AMM_fee,27.53380761523046,0.6523896244112076
AMM_fee,27.54074148296593,0.6586552911189211
AMM_fee,27.547675350701404,0.6648063906105645
AMM_fee,27.554609218436873,0.6708334120758187
AMM_fee,27.561543086172346,0.6767268637974648
AMM_fee,27.568476953907815,0.6824773663177146
AMM_fee,27.57541082164329,0.6880757463100959
AMM_fee,27.582344689378758,0.6935131293074807
AMM_fee,27.58927855711423,0.6987810294743754
AMM_fee,27.5962124248497,0.7038714346937059
AMM_fee,27.603146292585173,0.7087768853644607
AMM_fee,27.610080160320642,0.7134905454709252
AMM_fee,27.61701402805611,0.7180062646835688
AMM_fee,27.623947895791584,0.7223186304785337
AMM_fee,27.630881763527054,0.7264230095116274
AMM_fee,27.637815631262526,0.7303155777457263
AMM_fee,27.644749498997996,0.733993339100212
AMM_fee,27.65168336673347,0.7374541326598854
AMM_fee,27.658617234468938,0.7406966287410102
AMM_fee,27.66555110220441,0.7437203143564455
AMM_fee,27.67248496993988,0.7465254688438789
AMM_fee,27.67941883767535,0.749113130614753
AMM_fee,27.686352705410822,0.751485056141899
AMM_fee,27.693286573146292,0.7536436724273081
AMM_fee,27.700220440881765,0.7555920242753585
AMM_fee,27.707154308617234,0.7573337177394595
AMM_fee,27.714088176352707,0.7588728611122542
AMM_fee,27.721022044088176,0.7602140047915357
AMM_fee,27.72795591182365,0.7613620812792459
AMM_fee,27.73488977955912,0.7623223464623982
AMM_fee,27.74182364729459,0.7631003231873252
AMM_fee,27.74875751503006,0.7637017479778523
AMM_fee,27.75569138276553,0.7641325215696342
AMM_fee,27.762625250501003,0.7643986637437036
AMM_fee,27.769559118236472,0.7645062727489319
AMM_fee,27.776492985971945,0.7644614894120176
AMM_fee,27.783426853707414,0.7642704658516175
AMM_fee,27.790360721442887,0.7639393385459252
AMM_fee,27.797294589178357,0.7634742053558184
AMM_fee,27.80422845691383,0.7628811059832626
AMM_fee,27.8111623246493,0.7621660052502859
AMM_fee,27.818096192384772,0.761334778520229
AMM_fee,27.82503006012024,0.7603931985514052
AMM_fee,27.83196392785571,0.7593469230741698
AMM_fee,27.838897795591183,0.7582014824146263
AMM_fee,27.845831663326653,0.7569622665500927
AMM_fee,27.852765531062126,0.755634511069912
AMM_fee,27.859699398797595,0.7542232816266716
AMM_fee,27.866633266533068,0.7527334565924698
AMM_fee,27.873567134268537,0.7511697077780851
AMM_fee,27.88050100200401,0.7495364792236402
AMM_fee,27.88743486973948,0.747837964222547
AMM_fee,27.89436873747495,0.7460780808900395
AMM_fee,27.90130260521042,0.7442604467283759
AMM_fee,27.90823647294589,0.742388352767267
AMM_fee,27.915170340681364,0.7404647379660299
AMM_fee,27.922104208416833,0.7384921646491682
AMM_fee,27.929038076152306,0.7364727958062838
AMM_fee,27.935971943887775,0.7344083751183702
AMM_fee,27.94290581162325,0.7323002105737595
AMM_fee,27.949839679358718,0.7301491625082325
AMM_fee,27.95677354709419,0.7279556368451473
AMM_fee,27.96370741482966,0.7257195842244694
AMM_fee,27.970641282565133,0.7234405055965365
AMM_fee,27.977575150300602,0.7211174647201948
AMM_fee,27.98450901803607,0.7187491078493431
AMM_fee,27.991442885771544,0.7163336907213891
AMM_fee,27.998376753507014,0.7138691127800473
AMM_fee,28.005310621242486,0.7113529583786403
AMM_fee,28.012244488977956,0.7087825445237654
AMM_fee,28.01917835671343,0.7061549745376524
AMM_fee,28.026112224448898,0.7034671968466112
AMM_fee,28.03304609218437,0.7007160679465118
AMM_fee,28.03997995991984,0.6978984184594966
AMM_fee,28.04691382765531,0.6950111210823642
AMM_fee,28.053847695390782,0.6920511591400116
AMM_fee,28.060781563126252,0.68901569439919
AMM_fee,28.067715430861725,0.6859021327708589
AMM_fee,28.074649298597194,0.6827081865343626
AMM_fee,28.081583166332667,0.6794319317539811
AMM_fee,28.088517034068136,0.6760718596274402
AMM_fee,28.09545090180361,0.672626920605482
AMM_fee,28.10238476953908,0.6690965602495542
AMM_fee,28.10931863727455,0.6654807459481415
AMM_fee,28.11625250501002,0.6617799837880626
AMM_fee,28.12318637274549,0.6579953250712901
AMM_fee,28.130120240480963,0.6541283621759615
AMM_fee,28.137054108216432,0.650181213677894
AMM_fee,28.143987975951905,0.6461564988709262
AMM_fee,28.150921843687374,0.642057302046147
AMM_fee,28.157855711422847,0.6378871271060627
AMM_fee,28.164789579158317,0.6336498432959584
AMM_fee,28.17172344689379,0.6293496230255077
AMM_fee,28.17865731462926,0.6249908729260379
AMM_fee,28.185591182364732,0.6205781594376999
AMM_fee,28.1925250501002,0.6161161303440499
AMM_fee,28.19945891783567,0.6116094337653992
AMM_fee,28.206392785571143,0.6070626361857725
AMM_fee,28.213326653306613,0.6024801411189379
AMM_fee,28.220260521042086,0.5978661100171473
AMM_fee,28.227194388777555,0.5932243869911608
AMM_fee,28.234128256513028,0.5885584288430475
AMM_fee,28.241062124248497,0.5838712418154538
AMM_fee,28.24799599198397,0.5791653263346446
AMM_fee,28.25492985971944,0.5744426308721949
AMM_fee,28.26186372745491,0.5697045158752622
AMM_fee,28.26879759519038,0.5649517285211254
AMM_fee,28.27573146292585,0.5601843888429151
AMM_fee,28.282665330661324,0.5554019875534588
AMM_fee,28.289599198396793,0.5506033956689801
AMM_fee,28.296533066132266,0.545786885806988
AMM_fee,28.303466933867735,0.5409501648094125
AMM_fee,28.31040080160321,0.5360904171261375
AMM_fee,28.317334669338678,0.531204358190977
AMM_fee,28.32426853707415,0.5262882968352489
AMM_fee,28.33120240480962,0.5213382056178476
AMM_fee,28.338136272545093,0.5163497978077637
AMM_fee,28.345070140280562,0.5113186096390657
AMM_fee,28.35200400801603,0.5062400863705568
AMM_fee,28.358937875751504,0.5011096706255983
AMM_fee,28.365871743486974,0.495922891461527
AMM_fee,28.372805611222446,0.49067545262411627
AMM_fee,28.379739478957916,0.48536331847928155
AMM_fee,28.38667334669339,0.479982796181026
AMM_fee,28.393607214428858,0.4745306127293309
AMM_fee,28.40054108216433,0.46900398569185947
AMM_fee,28.4074749498998,0.4634006865057531
AMM_fee,28.41440881763527,0.4577190954369335
AMM_fee,28.421342685370742,0.4519582474498514
AMM_fee,28.428276553106212,0.4461178684264148
AMM_fee,28.435210420841685,0.44019840136397703
AMM_fee,28.442144288577154,0.43420102237447256
AMM_fee,28.449078156312627,0.4281276464948027
AMM_fee,28.456012024048096,0.4219809234989842
AMM_fee,28.46294589178357,0.41576422406989305
AMM_fee,28.46987975951904,0.4094816168407735
AMM_fee,28.47681362725451,0.40313783694903027
AMM_fee,28.48374749498998,0.39673824685680603
AMM_fee,28.49068136272545,0.39028879028082686
AMM_fee,28.497615230460923,0.3837959401389432
AMM_fee,28.504549098196392,0.3772666414609467
AMM_fee,28.511482965931865,0.3707082502285744
AMM_fee,28.518416833667334,0.36412846910473023
AMM_fee,28.525350701402807,0.3575352809872741
AMM_fee,28.532284569138277,0.3509368812808098
AMM_fee,28.53921843687375,0.3443416097238028
AMM_fee,28.54615230460922,0.3377578825414223
AMM_fee,28.553086172344692,0.3311941256203646
AMM_fee,28.56002004008016,0.3246587093239385
AMM_fee,28.56695390781563,0.31815988548740093
AMM_fee,28.573887775551103,0.31170572705788246
AMM_fee,28.580821643286573,0.3053040707730372
AMM_fee,28.587755511022046,0.29896246320955905
AMM_fee,28.594689378757515,0.2926881104791812
AMM_fee,28.601623246492988,0.28648783180542203
AMM_fee,28.608557114228457,0.2803680171807744
AMM_fee,28.61549098196393,0.27433458927925425
AMM_fee,28.6224248496994,0.2683929697837072
AMM_fee,28.62935871743487,0.2625480502778396
AMM_fee,28.63629258517034,0.2568041678491056
AMM_fee,28.64322645290581,0.2511650855466128
AMM_fee,28.650160320641284,0.24563397783666963
AMM_fee,28.657094188376753,0.24021342119436218
AMM_fee,28.664028056112226,0.23490538996041618
AMM_fee,28.670961923847695,0.22971125757648053
AMM_fee,28.67789579158317,0.22463180328702495
AMM_fee,28.684829659318638,0.21966722436111336
AMM_fee,28.69176352705411,0.21481715384164757
AMM_fee,28.69869739478958,0.21008068377326206
AMM_fee,28.705631262525053,0.20545639379347302
AMM_fee,28.712565130260522,0.2009423848961154
AMM_fee,28.71949899799599,0.19653631809340977
AMM_fee,28.726432865731464,0.19223545761540803
AMM_fee,28.733366733466934,0.18803671819597012
AMM_fee,28.740300601202406,0.18393671590552882
AMM_fee,28.747234468937876,0.17993182190649196
AMM_fee,28.75416833667335,0.17601821842961676
AMM_fee,28.761102204408818,0.17219195620319933
AMM_fee,28.76803607214429,0.16844901251325112
AMM_fee,28.77496993987976,0.16478534903559236
AMM_fee,28.78190380761523,0.16119696856090363
AMM_fee,28.788837675350702,0.15767996973377163
AMM_fee,28.795771543086172,0.15423059894645372
AMM_fee,28.802705410821645,0.15084529856844325
AMM_fee,28.809639278557114,0.14752075075280507
AMM_fee,28.816573146292587,0.14425391613881497
AMM_fee,28.823507014028056,0.14104206686565252
AMM_fee,28.83044088176353,0.1378828134214583
AMM_fee,28.837374749499,0.13477412497310548
AMM_fee,28.844308617234468,0.13171434295129952
AMM_fee,28.85124248496994,0.1287021877996855
AMM_fee,28.858176352705414,0.12573675893194192
AMM_fee,28.865110220440883,0.12281752807363994
AMM_fee,28.872044088176352,0.11994432629279202
AMM_fee,28.878977955911825,0.11711732514086277
AMM_fee,28.885911823647294,0.11433701243210788
AMM_fee,28.892845691382767,0.11160416328051129
AMM_fee,28.899779559118237,0.1089198070888615
AMM_fee,28.90671342685371,0.1062851912414909
AMM_fee,28.91364729458918,0.10370174229077955
AMM_fee,28.920581162324652,0.10117102544653898
AMM_fee,28.92751503006012,0.09869470317780964
AMM_fee,28.93444889779559,0.09627449371847385
AMM_fee,28.941382765531063,0.09391213023309515
AMM_fee,28.948316633266533,0.09160932134884645
AMM_fee,28.955250501002006,0.0893677136953088
AMM_fee,28.962184368737475,0.08718885701855512
AMM_fee,28.969118236472948,0.08507417235156801
AMM_fee,28.976052104208417,0.08302492363228184
AMM_fee,28.98298597194389,0.08104219306583135
AMM_fee,28.98991983967936,0.07912686043150617
AMM_fee,28.99685370741483,0.07727958643977875
AMM_fee,29.0037875751503,0.07550080015290667
AMM_fee,29.01072144288577,0.07379069039600711
AMM_fee,29.017655310621244,0.0721492010059617
AMM_fee,29.024589178356713,0.07057602969462967
AMM_fee,29.031523046092186,0.06907063024181459
AMM_fee,29.038456913827655,0.06763221768325785
AMM_fee,29.04539078156313,0.06625977612025699
AMM_fee,29.052324649298598,0.06495206875071322
AMM_fee,29.05925851703407,0.06370764970658185
AMM_fee,29.06619238476954,0.0625248772796316
AMM_fee,29.073126252505013,0.061401928125673855
AMM_fee,29.080060120240482,0.06033681205629591
AMM_fee,29.08699398797595,0.059327387055725204
AMM_fee,29.093927855711424,0.0583713741976245
AMM_fee,29.100861723446894,0.05746637218111991
AMM_fee,29.107795591182366,0.05660987125568383
AMM_fee,29.114729458917836,0.0557992663591947
AMM_fee,29.12166332665331,0.05503186935074067
AMM_fee,29.128597194388778,0.05430492027802344
AMM_fee,29.13553106212425,0.05361559767660667
AMM_fee,29.14246492985972,0.05296102795321397
AMM_fee,29.14939879759519,0.052338293955965905
AMM_fee,29.156332665330662,0.051744442879472476
AMM_fee,29.163266533066132,0.05117649369046192
AMM_fee,29.170200400801605,0.050631444289035134
AMM_fee,29.177134268537074,0.050106278640575395
AMM_fee,29.184068136272547,0.0495979741230986
AMM_fee,29.191002004008016,0.04910350933392672
AMM_fee,29.19793587174349,0.04861987258786716
AMM_fee,29.20486973947896,0.04814407131677581
AMM_fee,29.211803607214428,0.047673142547999064
AMM_fee,29.2187374749499,0.04720416459763713
AMM_fee,29.225671342685374,0.046734270065022857
AMM_fee,29.232605210420843,0.04626066015878387
AMM_fee,29.239539078156312,0.045780620324142624
AMM_fee,29.246472945891785,0.04529153707763827
AMM_fee,29.253406813627254,0.04479091589141007
AMM_fee,29.260340681362727,0.044276399906728416
AMM_fee,29.267274549098197,0.04374578919788789
AMM_fee,29.27420841683367,0.043197060254958834
AMM_fee,29.28114228456914,0.04262838530936177
AMM_fee,29.288076152304612,0.04203815109146316
AMM_fee,29.29501002004008,0.041424976586046255
AMM_fee,29.30194388777555,0.04078772934061535
AMM_fee,29.308877755511023,0.040125539883989
AMM_fee,29.315811623246493,0.039437813828727686
AMM_fee,29.322745490981966,0.03872424126066181
AMM_fee,29.329679358717435,0.03798480306150066
AMM_fee,29.336613226452908,0.03721977386527576
AMM_fee,29.343547094188377,0.0364297214147829
AMM_fee,29.35048096192385,0.035615502158469106
AMM_fee,29.35741482965932,0.034778253009295275
AMM_fee,29.36434869739479,0.03391937927265049
AMM_fee,29.37128256513026,0.033040538837924543
AMM_fee,29.37821643286573,0.03214362281530534
AMM_fee,29.385150300601204,0.031230732883127096
AMM_fee,29.392084168336673,0.030304155689314882
AMM_fee,29.399018036072146,0.029366334720657365
AMM_fee,29.405951903807615,0.02841984011397648
AMM_fee,29.41288577154309,0.027467336931770035
AMM_fee,29.419819639278558,0.02651155246047158
AMM_fee,29.42675350701403,0.02555524311089286
AMM_fee,29.4336873747495,0.024601161507435968
AMM_fee,29.440621242484973,0.023652024344954694
AMM_fee,29.447555110220442,0.022710481570343687
AMM_fee,29.45448897795591,0.021779087410581762
AMM_fee,29.461422845691384,0.020860273721481283
AMM_fee,29.468356713426854,0.01995632607309944
AMM_fee,29.475290581162326,0.019069362920639835
AMM_fee,29.482224448897796,0.018201318135620523
AMM_fee,29.48915831663327,0.017353927093342037
AMM_fee,29.496092184368738,0.016528716431489558
AMM_fee,29.50302605210421,0.015726997513299222
AMM_fee,29.50995991983968,0.014949863549300264
AMM_fee,29.51689378757515,0.014198190256256262
AMM_fee,29.523827655310622,0.013472639862428288
AMM_fee,29.530761523046092,0.01277366820629823
AMM_fee,29.537695390781565,0.012101534622700225
AMM_fee,29.544629258517034,0.011456314267029147
AMM_fee,29.551563126252507,0.0108379124953616
AMM_fee,29.558496993987976,0.010246080896463365
AMM_fee,29.56543086172345,0.009680434560595565
AMM_fee,29.57236472945892,0.009140470169650623
AMM_fee,29.579298597194388,0.008625584502681968
AMM_fee,29.58623246492986,0.008135092969649947
AMM_fee,29.593166332665334,0.007668247812977968
AMM_fee,29.600100200400803,0.007224255650173044
AMM_fee,29.607034068136272,0.006802294069864864
AMM_fee,29.613967935871745,0.006401527036783164
AMM_fee,29.620901803607214,0.0060211189068996845
AMM_fee,29.627835671342687,0.005660246900831869
AMM_fee,29.634769539078157,0.005318111930216281
AMM_fee,29.64170340681363,0.004993947716876379
AMM_fee,29.6486372745491,0.00468702818709336
AMM_fee,29.655571142284572,0.004396673162186308
AMM_fee,29.66250501002004,0.004122252401146867
AMM_fee,29.66943887775551,0.0038631880806822864
AMM_fee,29.676372745490983,0.0036189558223293688
AMM_fee,29.683306613226453,0.003389084395149983
AMM_fee,29.690240480961926,0.003173154235914207
AMM_fee,29.697174348697395,0.0029707949368553
AMM_fee,29.704108216432868,0.0027816818543523335
AMM_fee,29.711042084168337,0.002605531990808324
AMM_fee,29.71797595190381,0.0024420992970819125
AMM_fee,29.72490981963928,0.002291169534824527
AMM_fee,29.73184368737475,0.0021525548276351177
AMM_fee,29.73877755511022,0.0020260880178486857
AMM_fee,29.74571142284569,0.001911616932695333
AMM_fee,29.752645290581164,0.0018089986502119607
AMM_fee,29.759579158316633,0.0017180938422474397
AMM_fee,29.766513026052106,0.001638761259712685
AMM_fee,29.773446893787575,0.0015708524143141877
AMM_fee,29.78038076152305,0.0015142065016933242
AMM_fee,29.787314629258518,0.0014686456033779134
AMM_fee,29.79424849699399,0.001433970199324871
AMM_fee,29.80118236472946,0.0014099550190676145
AMM_fee,29.808116232464933,0.001396345257449137
AMM_fee,29.815050100200402,0.0013928531803968501
AMM_fee,29.82198396793587,0.0013991551468763392
AMM_fee,29.828917835671344,0.0014148890746839824
AMM_fee,29.835851703406814,0.001439652379697962
AMM_fee,29.842785571142286,0.001473000420177759
AMM_fee,29.849719438877756,0.0015144454792558135
AMM_fee,29.85665330661323,0.0015634563194992248
AMM_fee,29.863587174348698,0.0016194583429624777
AMM_fee,29.87052104208417,0.0016818343882029603
AMM_fee,29.87745490981964,0.001749926192042543
AMM_fee,29.88438877755511,0.001823036538289493
AMM_fee,29.891322645290582,0.0019004321081108227
AMM_fee,29.898256513026052,0.001981347037315493
AMM_fee,29.905190380761525,0.00206498717459418
AMM_fee,29.912124248496994,0.002150535021997172
AMM_fee,29.919058116232467,0.0022371553249271275
AMM_fee,29.925991983967936,0.002324001264069259
AMM_fee,29.93292585170341,0.002410221186428533
AMM_fee,29.93985971943888,0.0024949657974889443
AMM_fee,29.946793587174348,0.002577395721976443
AMM_fee,29.95372745490982,0.0026566893273255584
AMM_fee,29.960661322645294,0.0027320506922337605
AMM_fee,29.967595190380763,0.002802717593124155
AMM_fee,29.974529058116232,0.002867969374345285
AMM_fee,29.981462925851705,0.002927134563884159
AMM_fee,29.988396793587174,0.002979598095515753
AMM_fee,29.995330661322647,0.003024808000840115
AMM_fee,30.002264529058117,0.0030622814406228746
AMM_fee,30.00919839679359,0.0030916099542221023
AMM_fee,30.01613226452906,0.0031124638184840798
AMM_fee,30.023066132264532,0.0031245954230696166
AMM_fee,30.03,0.0031278415873550393
OB_fee,29.21,0.009097064312798669
OB_fee,29.212885771543085,0.00926456955716063
OB_fee,29.215771543086174,0.009426365165182476
OB_fee,29.218657314629258,0.00958391053027527
OB_fee,29.221543086172346,0.009738892321332963
OB_fee,29.22442885771543,0.009893213404118268
OB_fee,29.22731462925852,0.010048978958337406
OB_fee,29.230200400801603,0.010208480090231259
OB_fee,29.23308617234469,0.010374175289203764
OB_fee,29.235971943887776,0.010548670114968697
OB_fee,29.238857715430864,0.010734695527802192
OB_fee,29.24174348697395,0.010935085287957318
OB_fee,29.244629258517033,0.01115275285087197
OB_fee,29.24751503006012,0.011390668172589442
OB_fee,29.250400801603206,0.011651834815454473
OB_fee,29.253286573146294,0.011939267708695352
OB_fee,29.25617234468938,0.012255971873373371
OB_fee,29.259058116232467,0.012604922368238161
OB_fee,29.26194388777555,0.012989045654289606
OB_fee,29.26482965931864,0.013411202513674144
OB_fee,29.267715430861724,0.013874172595269725
OB_fee,29.270601202404812,0.014380640597467376
OB_fee,29.273486973947897,0.014933184040512455
OB_fee,29.27637274549098,0.015534262528625352
OB_fee,29.27925851703407,0.016186208357824125
OB_fee,29.282144288577154,0.016891218290691564
OB_fee,29.285030060120242,0.01765134629537794
OB_fee,29.287915831663327,0.01846849703377585
OB_fee,29.290801603206415,0.01934441988339575
OB_fee,29.2936873747495,0.020280703288705168
OB_fee,29.296573146292587,0.021278769260203823
OB_fee,29.299458917835672,0.02233986787175614
OB_fee,29.302344689378756,0.023465071647770883
OB_fee,29.305230460921845,0.024655269779136908
OB_fee,29.30811623246493,0.025911162158904023
OB_fee,29.311002004008017,0.027233253282801385
OB_fee,29.313887775551102,0.028621846113441585
OB_fee,29.31677354709419,0.030077036058270522
OB_fee,29.319659318637274,0.03159870525736311
OB_fee,29.322545090180363,0.03318651741624252
OB_fee,29.325430861723447,0.034839913448864675
OB_fee,29.328316633266535,0.03655810821573162
OB_fee,29.33120240480962,0.038340088650353266
OB_fee,29.334088176352704,0.040184613563856574
OB_fee,29.336973947895792,0.04209021540198718
OB_fee,29.339859719438877,0.04405520420209372
OB_fee,29.342745490981965,0.04607767396044273
OB_fee,29.34563126252505,0.04815551157414319
OB_fee,29.348517034068138,0.05028640846894059
OB_fee,29.351402805611222,0.0524678749660465
OB_fee,29.35428857715431,0.05469725738098487
OB_fee,29.357174348697395,0.05697175778711587
OB_fee,29.360060120240483,0.059288456319182614
OB_fee,29.362945891783568,0.06164433583982115
OB_fee,29.365831663326652,0.06403630874737583
OB_fee,29.36871743486974,0.06646124566792859
OB_fee,29.371603206412825,0.06891600574999367
OB_fee,29.374488977955913,0.07139746826786944
OB_fee,29.377374749498998,0.07390256523917789
OB_fee,29.380260521042086,0.07642831477401633
OB_fee,29.38314629258517,0.07897185489587316
OB_fee,29.38603206412826,0.08153047760700662
OB_fee,29.388917835671343,0.08410166301064054
OB_fee,29.39180360721443,0.08668311334705918
OB_fee,29.394689378757516,0.08927278684665003
OB_fee,29.3975751503006,0.0918689313473113
OB_fee,29.40046092184369,0.09447011766213714
OB_fee,29.403346693386773,0.09707527271299925
OB_fee,29.40623246492986,0.0996837124624154
OB_fee,29.409118236472946,0.10229517467723893
OB_fee,29.412004008016034,0.10490985154065674
OB_fee,29.414889779559118,0.10752842209150375
OB_fee,29.417775551102206,0.11015208441175091
OB_fee,29.42066132264529,0.11278258740349839
OB_fee,29.42354709418838,0.11542226189778111
OB_fee,29.426432865731464,0.1180740507205937
OB_fee,29.429318637274548,0.12074153721131681
OB_fee,29.432204408817636,0.12342897154843825
OB_fee,29.43509018036072,0.12614129409446093
OB_fee,29.43797595190381,0.12888415483133397
OB_fee,29.440861723446893,0.13166392782759118
OB_fee,29.44374749498998,0.13448771956658553
OB_fee,29.446633266533066,0.1373633698785946
OB_fee,29.449519038076154,0.14029944416690487
OB_fee,29.45240480961924,0.14330521560529158
OB_fee,29.455290581162323,0.14639063601848795
OB_fee,29.45817635270541,0.14956629424236292
OB_fee,29.461062124248496,0.15284336090076522
OB_fee,29.463947895791584,0.15623351873189129
OB_fee,29.46683366733467,0.15974887784851535
OB_fee,29.469719438877757,0.1634018756204801
OB_fee,29.47260521042084,0.16720516121898005
OB_fee,29.47549098196393,0.17117146525367585
OB_fee,29.478376753507014,0.17531345535523865
OB_fee,29.481262525050102,0.17964357899686903
OB_fee,29.484148296593187,0.18417389529489867
OB_fee,29.48703406813627,0.18891589796754518
OB_fee,29.48991983967936,0.19388033204655866
OB_fee,29.492805611222444,0.19907700731442626
OB_fee,29.495691382765532,0.2045146117655171
OB_fee,29.498577154308617,0.21020052864882585
OB_fee,29.501462925851705,0.21614066083206435
OB_fee,29.50434869739479,0.22233926632057263
OB_fee,29.507234468937877,0.2287988087639466
OB_fee,29.510120240480962,0.23551982668256258
OB_fee,29.51300601202405,0.24250082494602476
OB_fee,29.515891783567135,0.2497381917363286
OB_fee,29.51877755511022,0.2572261438375653
OB_fee,29.521663326653307,0.26495670261820886
OB_fee,29.524549098196392,0.2729197025253501
OB_fee,29.52743486973948,0.2811028333049623
OB_fee,29.530320641282565,0.28949171651594585
OB_fee,29.533206412825653,0.2980700162361297
OB_fee,29.536092184368737,0.30681958318288366
OB_fee,29.538977955911825,0.31572063081026536
OB_fee,29.54186372745491,0.3247519413144532
OB_fee,29.544749498997998,0.33389109889824303
OB_fee,29.547635270541083,0.34311474712628615
OB_fee,29.550521042084167,0.352398866760252
OB_fee,29.553406813627255,0.3617190701041627
OB_fee,29.55629258517034,0.37105090762254334
OB_fee,29.559178356713428,0.38037018242050824
OB_fee,29.562064128256512,0.38965326809366074
OB_fee,29.5649498997996,0.3988774254663349
OB_fee,29.567835671342685,0.4080211138281426
OB_fee,29.570721442885773,0.41706429244859833
OB_fee,29.573607214428858,0.42598870838005115
OB_fee,29.576492985971946,0.43477816684540205
OB_fee,29.57937875751503,0.44341878083084535
OB_fee,29.582264529058115,0.451899196856984
OB_fee,29.585150300601203,0.46021079426958805
OB_fee,29.588036072144288,0.46834785576461097
OB_fee,29.590921843687376,0.4763077072320217
OB_fee,29.59380761523046,0.4840908253611119
OB_fee,29.59669338677355,0.4917009117937554
OB_fee,29.599579158316633,0.499144932936648
OB_fee,29.60246492985972,0.506433124850878
OB_fee,29.605350701402806,0.5135789629268613
OB_fee,29.60823647294589,0.5205990963305802
OB_fee,29.61112224448898,0.5275132474759946
OB_fee,29.614008016032063,0.5343440770452642
OB_fee,29.61689378757515,0.5411170153488448
OB_fee,29.619779559118236,0.5478600610961082
OB_fee,29.622665330661324,0.5546035489405003
OB_fee,29.62555110220441,0.5613798874725602
OB_fee,29.628436873747496,0.568223269662814
OB_fee,29.63132264529058,0.5751693581022715
OB_fee,29.63420841683367,0.5822549477499637
OB_fee,29.637094188376754,0.5895176092674175
OB_fee,29.639979959919838,0.5969953163933713
OB_fee,29.642865731462926,0.6047260611767702
OB_fee,29.64575150300601,0.6127474612326845
OB_fee,29.6486372745491,0.6210963634996302
OB_fee,29.651523046092183,0.6298084492453387
OB_fee,29.65440881763527,0.6389178452776135
OB_fee,29.657294589178356,0.6484567464532511
OB_fee,29.660180360721444,0.6584550546309393
OB_fee,29.66306613226453,0.6689400391713638
OB_fee,29.665951903807617,0.6799360239435962
OB_fee,29.6688376753507,0.6914641055441394
OB_fee,29.671723446893786,0.7035419070748097
OB_fee,29.674609218436874,0.7161833713573778
OB_fee,29.67749498997996,0.7293985968938048
OB_fee,29.680380761523047,0.7431937192201575
OB_fee,29.68326653306613,0.7575708395611324
OB_fee,29.68615230460922,0.7725280018893047
OB_fee,29.689038076152304,0.7880592186441476
OB_fee,29.691923847695392,0.8041545444944578
OB_fee,29.694809619238477,0.8208001966525321
OB_fee,29.697695390781565,0.8379787193976023
OB_fee,29.70058116232465,0.8556691896558098
OB_fee,29.703466933867734,0.8738474597432686
OB_fee,29.706352705410822,0.8924864327228849
OB_fee,29.709238476953907,0.9115563652755221
OB_fee,29.712124248496995,0.9310251925569814
OB_fee,29.71501002004008,0.950858869213498
OB_fee,29.717895791583167,0.9710217205722205
OB_fee,29.720781563126252,0.991476798008204
OB_fee,29.72366733466934,1.0121862326198747
OB_fee,29.726553106212425,1.0331115816105092
OB_fee,29.729438877755513,1.0542141621709173
OB_fee,29.732324649298597,1.0754553681690682
OB_fee,29.735210420841682,1.096796965564424
OB_fee,29.73809619238477,1.1182013631539844
OB_fee,29.740981963927855,1.1396318560070835
OB_fee,29.743867735470943,1.1610528397287274
OB_fee,29.746753507014027,1.182429994485388
OB_fee,29.749639278557115,1.2037304385093064
OB_fee,29.7525250501002,1.2249228515405925
OB_fee,29.755410821643288,1.2459775693550261
OB_fee,29.758296593186373,1.2668666511341642
OB_fee,29.761182364729457,1.2875639219520267
OB_fee,29.764068136272545,1.3080449930610802
OB_fee,29.76695390781563,1.3282872629561122
OB_fee,29.769839679358718,1.3482699023672913
OB_fee,29.772725450901802,1.367973826385888
OB_fee,29.77561122244489,1.3873816568601613
OB_fee,29.778496993987975,1.406477678020038
OB_fee,29.781382765531063,1.4252477880124532
OB_fee,29.784268537074148,1.4436794486640077
OB_fee,29.787154308617236,1.4617616353551601
OB_fee,29.79004008016032,1.4794847884056075
OB_fee,29.792925851703405,1.4968407668579324
OB_fee,29.795811623246493,1.513822805025087
OB_fee,29.798697394789578,1.5304254716573127
OB_fee,29.801583166332666,1.5466446311096216
OB_fee,29.80446893787575,1.5624774054650492
OB_fee,29.80735470941884,1.5779221362150726
OB_fee,29.810240480961923,1.5929783438244605
OB_fee,29.81312625250501,1.6076466833293013
OB_fee,29.816012024048096,1.6219288940368086
OB_fee,29.818897795591184,1.635827741421581
OB_fee,29.82178356713427,1.6493469494407522
OB_fee,29.824669338677353,1.6624911217186829
OB_fee,29.82755511022044,1.6752656503697352
OB_fee,29.830440881763526,1.6876766116266708
OB_fee,29.833326653306614,1.6997306479061234
OB_fee,29.8362124248497,1.7114348364530276
OB_fee,29.839098196392786,1.7227965452503489
OB_fee,29.84198396793587,1.7338232774296003
OB_fee,29.84486973947896,1.7445225059615757
OB_fee,29.847755511022044,1.7549015009167797
OB_fee,29.85064128256513,1.7649671520484895
OB_fee,29.853527054108216,1.7747257898470914
OB_fee,29.8564128256513,1.7841830085301973
OB_fee,29.85929859719439,1.7933434946537807
OB_fee,29.862184368737474,1.8022108651497923
OB_fee,29.86507014028056,1.810787518607129
OB_fee,29.867955911823646,1.8190745035144682
OB_fee,29.870841683366734,1.8270714069785055
OB_fee,29.87372745490982,1.834776267121915
OB_fee,29.876613226452907,1.842185511964361
OB_fee,29.87949899799599,1.8492939271049371
OB_fee,29.88238476953908,1.856094653972655
OB_fee,29.885270541082164,1.8625792198063285
OB_fee,29.88815631262525,1.8687375998859572
OB_fee,29.891042084168337,1.8745583118803588
OB_fee,29.89392785571142,1.8800285415195652
OB_fee,29.89681362725451,1.8851342981621626
OB_fee,29.899699398797594,1.889860598222912
OB_fee,29.902585170340682,1.8941916738700475
OB_fee,29.905470941883767,1.8981112039063908
OB_fee,29.908356713426855,1.9016025633231466
OB_fee,29.91124248496994,1.904649087668442
OB_fee,29.914128256513024,1.9072343481082723
OB_fee,29.917014028056112,1.909342432876991
OB_fee,29.919899799599197,1.9109582307184791
OB_fee,29.922785571142285,1.9120677119034426
OB_fee,29.92567134268537,1.912658202468942
OB_fee,29.928557114228457,1.912718647456009
OB_fee,29.931442885771542,1.9122398591133067
OB_fee,29.93432865731463,1.9112147462794804
OB_fee,29.937214428857715,1.9096385214463412
OB_fee,29.940100200400803,1.9075088823299273
OB_fee,29.942985971943887,1.9048261651289098
OB_fee,29.945871743486975,1.9015934670214003
OB_fee,29.94875751503006,1.897816735836204
OB_fee,29.951643286573145,1.893504825226992
OB_fee,29.954529058116233,1.8886695140735068
OB_fee,29.957414829659317,1.8833254892300928
OB_fee,29.960300601202405,1.8774902911360134
OB_fee,29.96318637274549,1.8711842221956616
OB_fee,29.966072144288578,1.8644302182261039
OB_fee,29.968957915831663,1.8572536836598255
OB_fee,29.97184368737475,1.8496822915798465
OB_fee,29.974729458917835,1.841745750054797
OB_fee,29.97761523046092,1.8334755366346247
OB_fee,29.980501002004008,1.8249046032632608
OB_fee,29.983386773547092,1.8160670542616493
OB_fee,29.98627254509018,1.806997800433371
OB_fee,29.989158316633265,1.7977321927414542
OB_fee,29.992044088176353,1.7883056393954464
OB_fee,29.994929859719438,1.7787532105680455
OB_fee,29.997815631262526,1.7691092353214555
OB_fee,30.00070140280561,1.7594068956603277
OB_fee,30.0035871743487,1.7496778229281384
OB_fee,30.006472945891783,1.7399517020206794
OB_fee,30.009358717434868,1.7302558890892323
OB_fee,30.012244488977956,1.7206150485400793
OB_fee,30.01513026052104,1.7110508151921955
OB_fee,30.01801603206413,1.701581487422246
OB_fee,30.020901803607213,1.6922217569968083
OB_fee,30.0237875751503,1.6829824810554626
OB_fee,30.026673346693386,1.6738705013618946
OB_fee,30.029559118236474,1.664888515477366
OB_fee,30.03244488977956,1.6560350039320482
OB_fee,30.035330661322647,1.6473042167750092
OB_fee,30.03821643286573,1.6386862220799017
OB_fee,30.041102204408816,1.6301670180770167
OB_fee,30.043987975951904,1.6217287095868107
OB_fee,30.04687374749499,1.6133497483584482
OB_fee,30.049759519038076,1.6050052357893319
OB_fee,30.05264529058116,1.5966672853376835
OB_fee,30.05553106212425,1.5883054407639932
OB_fee,30.058416833667334,1.5798871451747225
OB_fee,30.06130260521042,1.5713782547178388
OB_fee,30.064188376753506,1.5627435897248594
OB_fee,30.06707414829659,1.5539475151321411
OB_fee,30.06995991983968,1.5449545411752026
OB_fee,30.072845691382764,1.5357299346547946
OB_fee,30.07573146292585,1.526240330548277
OB_fee,30.078617234468936,1.5164543334008027
OB_fee,30.081503006012024,1.5063430977947598
OB_fee,30.08438877755511,1.4958808772733492
OB_fee,30.087274549098197,1.4850455313899686
OB_fee,30.09016032064128,1.4738189810726188
OB_fee,30.09304609218437,1.4621876032220142
OB_fee,30.095931863727454,1.45014255640085
OB_fee,30.098817635270542,1.437680030595673
OB_fee,30.101703406813627,1.4248014153294597
OB_fee,30.10458917835671,1.4115133818416132
OB_fee,30.1074749498998,1.3978278766067391
OB_fee,30.110360721442884,1.3837620251018385
OB_fee,30.113246492985972,1.3693379464165976
OB_fee,30.116132264529057,1.354582481000934
OB_fee,30.119018036072145,1.3395268355161243
OB_fee,30.12190380761523,1.3242061503687053
OB_fee,30.124789579158318,1.3086589970202032
OB_fee,30.127675350701402,1.2929268135510186
OB_fee,30.130561122244487,1.2770532881791847
OB_fee,30.133446893787575,1.26108370147
OB_fee,30.13633266533066,1.2450642387970552
OB_fee,30.139218436873747,1.2290412852099537
OB_fee,30.142104208416832,1.213060715219318
OB_fee,30.14498997995992,1.197167190113807
OB_fee,30.147875751503005,1.1814034752799656
OB_fee,30.150761523046093,1.1658097896030677
OB_fee,30.153647294589177,1.1504231983998254
OB_fee,30.156533066132265,1.1352770604808582
OB_fee,30.15941883767535,1.1204005388864724
OB_fee,30.162304609218435,1.1058181836031158
OB_fee,30.165190380761523,1.0915495931799144
OB_fee,30.168076152304607,1.0776091606520446
OB_fee,30.170961923847695,1.0640059075754722
OB_fee,30.17384769539078,1.050743408317918
OB_fee,30.176733466933868,1.0378198050686727
OB_fee,30.179619238476953,1.0252279123608594
OB_fee,30.18250501002004,1.0129554082755918
OB_fee,30.185390781563125,1.000985107952612
OB_fee,30.188276553106213,0.9892953135946838
OB_fee,30.191162324649298,0.9778602338523786
OB_fee,30.194048096192383,0.9666504643331538
OB_fee,30.19693386773547,0.9556335200161571
OB_fee,30.199819639278555,0.9447744095866444
OB_fee,30.202705410821643,0.9340362411414881
OB_fee,30.205591182364728,0.9233808483692875
OB_fee,30.208476953907816,0.912769426173508
OB_fee,30.2113627254509,0.9021631647851887
OB_fee,30.21424849699399,0.8915238716937376
OB_fee,30.217134268537073,0.880814571200976
OB_fee,30.220020040080158,0.8700000720570896
OB_fee,30.222905811623246,0.8590474944529324
OB_fee,30.22579158316633,0.8479267485956916
OB_fee,30.22867735470942,0.8366109581648348
OB_fee,30.231563126252503,0.8250768231058577
OB_fee,30.23444889779559,0.8133049174435609
OB_fee,30.237334669338676,0.8012799190615499
OB_fee,30.240220440881764,0.78899076967062
OB_fee,30.24310621242485,0.7764307644537899
OB_fee,30.245991983967937,0.7635975721036211
OB_fee,30.24887775551102,0.7504931871391548
OB_fee,30.25176352705411,0.7371238174821767
OB_fee,30.254649298597194,0.7234997112720603
OB_fee,30.25753507014028,0.7096349277874481
OB_fee,30.260420841683366,0.6955470581136044
OB_fee,30.26330661322645,0.6812569018338466
OB_fee,30.26619238476954,0.6667881065300505
OB_fee,30.269078156312624,0.6521667772461772
OB_fee,30.27196392785571,0.6374210632994808
OB_fee,30.274849699398796,0.6225807299215842
OB_fee,30.277735470941884,0.6076767221764005
OB_fee,30.28062124248497,0.592740728444857
OB_fee,30.283507014028054,0.5778047504917532
OB_fee,30.28639278557114,0.5629006867515259
OB_fee,30.289278557114226,0.5480599349934189
OB_fee,30.292164328657314,0.533313019968353
OB_fee,30.2950501002004,0.5186892510093482
OB_fee,30.297935871743487,0.5042164138675147
OB_fee,30.30082164328657,0.489920500331363
OB_fee,30.30370741482966,0.4758254784079218
OB_fee,30.306593186372744,0.46195310505658127
OB_fee,30.309478957915832,0.4483227826701433
OB_fee,30.312364729458917,0.43495145970808474
OB_fee,30.315250501002,0.4218535751128415
OB_fee,30.31813627254509,0.4090410453962598
OB_fee,30.321022044088174,0.39652329257928587
OB_fee,30.323907815631262,0.3843073105139562
OB_fee,30.326793587174347,0.3723977665246534
OB_fee,30.329679358717435,0.360797134780854
OB_fee,30.33256513026052,0.34950585736781353
OB_fee,30.335450901803608,0.3385225286584543
OB_fee,30.338336673346692,0.32784409831749906
OB_fee,30.34122244488978,0.31746608808868804
OB_fee,30.344108216432865,0.3073828174332695
OB_fee,30.34699398797595,0.2975876331010719
OB_fee,30.349879759519037,0.28807313782606725
OB_fee,30.352765531062122,0.2788314135408498
OB_fee,30.35565130260521,0.2698542347962153
OB_fee,30.358537074148295,0.26113326844706397
OB_fee,30.361422845691383,0.25266025611197485
OB_fee,30.364308617234467,0.24442717642736295
OB_fee,30.367194388777556,0.23642638467954505
OB_fee,30.37008016032064,0.2286507280026957
OB_fee,30.372965931863725,0.22109363495891157
OB_fee,30.375851703406813,0.21374917895705917
OB_fee,30.378737474949897,0.20661211560310724
OB_fee,30.381623246492985,0.19967789469150837
OB_fee,30.38450901803607,0.19294264813144796
OB_fee,30.387394789579158,0.18640315563773135
OB_fee,30.390280561122243,0.1800567904932912
OB_fee,30.39316633266533,0.1739014480959654
OB_fee,30.396052104208415,0.16793546032885864
OB_fee,30.398937875751503,0.16215749903252974
OB_fee,30.401823647294588,0.15656647200551796
OB_fee,30.404709418837676,0.15116141501383856
OB_fee,30.40759519038076,0.14594138325184
OB_fee,30.410480961923845,0.1409053455677986
OB_fee,30.413366733466933,0.13605208455473186
OB_fee,30.416252505010018,0.13138010531717326
OB_fee,30.419138276553106,0.12688755536790164
OB_fee,30.42202404809619,0.12257215769735173
OB_fee,30.42490981963928,0.11843115860429586
OB_fee,30.427795591182363,0.11446129139477748
OB_fee,30.43068136272545,0.11065875656051326
OB_fee,30.433567134268536,0.10701921855373106
OB_fee,30.43645290581162,0.1035378187956891
OB_fee,30.43933867735471,0.10020920410538987
OB_fee,30.442224448897793,0.09702756932471351
OB_fee,30.44511022044088,0.09398671255698358
OB_fee,30.447995991983966,0.09108010113700553
OB_fee,30.450881763527054,0.088300946217533
OB_fee,30.45376753507014,0.08564228369518163
OB_fee,30.456653306613227,0.08309705910911806
OB_fee,30.45953907815631,0.08065821412878588
OB_fee,30.4624248496994,0.07831877229904174
OB_fee,30.465310621242484,0.07607192182845987
OB_fee,30.46819639278557,0.07391109338199975
OB_fee,30.471082164328656,0.07183003106524484
OB_fee,30.47396793587174,0.06982285505402636
OB_fee,30.47685370741483,0.06788411462090017
OB_fee,30.479739478957914,0.06600883062760794
OB_fee,30.482625250501002,0.06419252687964912
OB_fee,30.485511022044086,0.06243125006526148
OB_fee,30.488396793587174,0.060721578316002965
OB_fee,30.49128256513026,0.0590606187216439
OB_fee,30.494168336673347,0.05744599439968094
OB_fee,30.49705410821643,0.055875821953749745
OB_fee,30.499939879759516,0.05434868035025967
OB_fee,30.502825651302604,0.05286357239583776
OB_fee,30.50571142284569,0.05141988010758627
OB_fee,30.508597194388777,0.05001731533404044
OB_fee,30.51148296593186,0.048655867008162275
OB_fee,30.51436873747495,0.04733574639741631
OB_fee,30.517254509018034,0.046057331663912085
OB_fee,30.520140280561122,0.044821112964061
OB_fee,30.523026052104207,0.04362763920790755
OB_fee,30.52591182364729,0.04247746746860842
OB_fee,30.52879759519038,0.04137111588871143
OB_fee,30.531683366733464,0.040309020777359546
OB_fee,30.534569138276552,0.039291498437238566
OB_fee,30.537454909819637,0.03831871210689241
OB_fee,30.540340681362725,0.03739064425746398
OB_fee,30.54322645290581,0.036507074346940095
OB_fee,30.546112224448898,0.035667562012299536
OB_fee,30.548997995991982,0.03487143557304866
OB_fee,30.55188376753507,0.03411778562957228
OB_fee,30.554769539078155,0.03340546346729668
OB_fee,30.557655310621243,0.03273308392242941
OB_fee,30.560541082164328,0.03209903232640726
OB_fee,30.563426853707412,0.03150147512257806
OB_fee,30.5663126252505,0.030938373738443246
OB_fee,30.569198396793585,0.030407501297713316
OB_fee,30.572084168336673,0.02990646176638303
OB_fee,30.574969939879757,0.029432711143592853
OB_fee,30.577855711422846,0.02898358032896276
OB_fee,30.58074148296593,0.028556299321336718
OB_fee,30.583627254509018,0.028148022427480986
OB_fee,30.586513026052103,0.027755854181816992
OB_fee,30.589398797595187,0.02737687569843056
OB_fee,30.592284569138275,0.027008171193659777
OB_fee,30.59517034068136,0.026646854430968363
OB_fee,30.598056112224448,0.026290094849586443
OB_fee,30.600941883767533,0.025935143144741366
OB_fee,30.60382765531062,0.02557935607076579
OB_fee,30.606713426853705,0.02522022023980711
OB_fee,30.609599198396793,0.02485537468915081
OB_fee,30.612484969939878,0.02448263199049147
OB_fee,30.615370741482966,0.024099997675880752
OB_fee,30.61825651302605,0.023705687758741507
OB_fee,30.621142284569135,0.023298144135158006
OB_fee,30.624028056112223,0.022876047661648195
OB_fee,30.626913827655308,0.022438328721360108
OB_fee,30.629799599198396,0.021984175111582308
OB_fee,30.63268537074148,0.02151303711193668
OB_fee,30.63557114228457,0.021024629624340672
OB_fee,30.638456913827653,0.02051893131271075
OB_fee,30.64134268537074,0.019996180711611477
OB_fee,30.644228456913826,0.01945686931798489
OB_fee,30.647114228456914,0.018901731727569707
OB_fee,30.65,0.018331732926575417
IMPROVED_FX_fee,26.51,0.020407052093292046
IMPROVED_FX_fee,26.51166332665331,0.021163874908403445
IMPROVED_FX_fee,26.513326653306613,0.02194202077489442
IMPROVED_FX_fee,26.51498997995992,0.02274438132653586
IMPROVED_FX_fee,26.51665330661323,0.023574022020620908
IMPROVED_FX_fee,26.518316633266533,0.024434145822945928
IMPROVED_FX_fee,26.51997995991984,0.025328056034887022
IMPROVED_FX_fee,26.52164328657315,0.026259119705443704
IMPROVED_FX_fee,26.523306613226456,0.027230733130994996
IMPROVED_FX_fee,26.52496993987976,0.028246290955050903
IMPROVED_FX_fee,26.526633266533068,0.029309160335779006
IMPROVED_FX_fee,26.528296593186376,0.030422661547899597
IMPROVED_FX_fee,26.52995991983968,0.03159005622772008
IMPROVED_FX_fee,26.531623246492988,0.032814544256618415
IMPROVED_FX_fee,26.533286573146295,0.03409927001311396
IMPROVED_FX_fee,26.5349498997996,0.03544733841229096
IMPROVED_FX_fee,26.536613226452907,0.036861840801248956
IMPROVED_FX_fee,26.538276553106215,0.03834589039978624
IMPROVED_FX_fee,26.53993987975952,0.03990266657802227
IMPROVED_FX_fee,26.541603206412827,0.041535466858870794
IMPROVED_FX_fee,26.543266533066134,0.04324776513685426
IMPROVED_FX_fee,26.544929859719442,0.045043274229607064
IMPROVED_FX_fee,26.546593186372746,0.04692601053793492
IMPROVED_FX_fee,26.548256513026054,0.04890035829895552
IMPROVED_FX_fee,26.54991983967936,0.05097113068662474
IMPROVED_FX_fee,26.551583166332666,0.05314362485710275
IMPROVED_FX_fee,26.553246492985974,0.05542366796214446
IMPROVED_FX_fee,26.55490981963928,0.05781765117015835
IMPROVED_FX_fee,26.556573146292585,0.06033254884667974
IMPROVED_FX_fee,26.558236472945893,0.06297592025630872
IMPROVED_FX_fee,26.5598997995992,0.06575589145592507
IMPROVED_FX_fee,26.561563126252505,0.06868111545098006
IMPROVED_FX_fee,26.563226452905813,0.07176070917547933
IMPROVED_FX_fee,26.56488977955912,0.0750041664227782
IMPROVED_FX_fee,26.566553106212428,0.07842124648542897
IMPROVED_FX_fee,26.568216432865732,0.0820218389430537
IMPROVED_FX_fee,26.56987975951904,0.08581580575017389
IMPROVED_FX_fee,26.571543086172348,0.08981280250164926
IMPROVED_FX_fee,26.57320641282565,0.09402208147237344
IMPROVED_FX_fee,26.57486973947896,0.09845227971762871
IMPROVED_FX_fee,26.576533066132267,0.10311119616150366
IMPROVED_FX_fee,26.57819639278557,0.10800556217167456
IMPROVED_FX_fee,26.57985971943888,0.1131408106002862
IMPROVED_FX_fee,26.581523046092187,0.11852084864540802
IMPROVED_FX_fee,26.58318637274549,0.12414784014110357
IMPROVED_FX_fee,26.5848496993988,0.13002200300256955
IMPROVED_FX_fee,26.586513026052106,0.13614142752930644
IMPROVED_FX_fee,26.58817635270541,0.14250192109751816
IMPROVED_FX_fee,26.589839679358718,0.14909688445161656
IMPROVED_FX_fee,26.591503006012026,0.15591722433708213
IMPROVED_FX_fee,26.593166332665334,0.16295130661075985
IMPROVED_FX_fee,26.594829659318638,0.17018495322863322
IMPROVED_FX_fee,26.596492985971945,0.17760148566351353
IMPROVED_FX_fee,26.598156312625253,0.1851818163610517
IMPROVED_FX_fee,26.599819639278557,0.19290458882630876
IMPROVED_FX_fee,26.601482965931865,0.2007463658671909
IMPROVED_FX_fee,26.603146292585173,0.20868186443158784
IMPROVED_FX_fee,26.604809619238477,0.21668423439155463
IMPROVED_FX_fee,26.606472945891785,0.224725377574964
IMPROVED_FX_fee,26.608136272545092,0.2327763023531561
IMPROVED_FX_fee,26.609799599198396,0.2408075081882421
IMPROVED_FX_fee,26.611462925851704,0.2487893937502879
IMPROVED_FX_fee,26.613126252505012,0.25669268155494734
IMPROVED_FX_fee,26.61478957915832,0.26448885156759916
IMPROVED_FX_fee,26.616452905811624,0.2721505758824856
IMPROVED_FX_fee,26.61811623246493,0.2796521464292296
IMPROVED_FX_fee,26.61977955911824,0.28696988768875353
IMPROVED_FX_fee,26.621442885771543,0.2940825466182849
IMPROVED_FX_fee,26.62310621242485,0.3009716523870768
IMPROVED_FX_fee,26.62476953907816,0.30762183910145496
IMPROVED_FX_fee,26.626432865731463,0.31402112543770155
IMPROVED_FX_fee,26.62809619238477,0.32016114598403983
IMPROVED_FX_fee,26.62975951903808,0.3260373300986332
IMPROVED_FX_fee,26.631422845691382,0.3316490251923674
IMPROVED_FX_fee,26.63308617234469,0.33699956251583596
IMPROVED_FX_fee,26.634749498997998,0.34209626473910054
IMPROVED_FX_fee,26.636412825651306,0.3469503958304338
IMPROVED_FX_fee,26.63807615230461,0.3515770549344817
IMPROVED_FX_fee,26.639739478957917,0.35599501709167725
IMPROVED_FX_fee,26.641402805611225,0.36022652470100475
IMPROVED_FX_fee,26.64306613226453,0.36429703458135826
IMPROVED_FX_fee,26.644729458917837,0.3682349263098282
IMPROVED_FX_fee,26.646392785571145,0.3720711781899446
IMPROVED_FX_fee,26.64805611222445,0.37583901771496636
IMPROVED_FX_fee,26.649719438877757,0.3795735537294586
IMPROVED_FX_fee,26.651382765531064,0.3833113976534079
IMPROVED_FX_fee,26.65304609218437,0.38709028111541044
IMPROVED_FX_fee,26.654709418837676,0.39094867714978593
IMPROVED_FX_fee,26.656372745490984,0.3949254317557678
IMPROVED_FX_fee,26.65803607214429,0.3990594121085801
IMPROVED_FX_fee,26.659699398797596,0.4033891770674173
IMPROVED_FX_fee,26.661362725450903,0.40795267486551745
IMPROVED_FX_fee,26.66302605210421,0.41278697201283027
IMPROVED_FX_fee,26.664689378757515,0.4179280165173815
IMPROVED_FX_fee,26.666352705410823,0.423410437561283
IMPROVED_FX_fee,26.66801603206413,0.4292673827765375
IMPROVED_FX_fee,26.669679358717435,0.4355303932808462
IMPROVED_FX_fee,26.671342685370742,0.44222931567660834
IMPROVED_FX_fee,26.67300601202405,0.44939224931207616
IMPROVED_FX_fee,26.674669338677354,0.4570455262724225
IMPROVED_FX_fee,26.676332665330662,0.46521372082965884
IMPROVED_FX_fee,26.67799599198397,0.47391968444919047
IMPROVED_FX_fee,26.679659318637277,0.4831846019434243
IMPROVED_FX_fee,26.68132264529058,0.4930280639861876
IMPROVED_FX_fee,26.68298597194389,0.503468150966221
IMPROVED_FX_fee,26.684649298597197,0.5145215230655772
IMPROVED_FX_fee,26.6863126252505,0.5262035115007399
IMPROVED_FX_fee,26.68797595190381,0.5385282060577457
IMPROVED_FX_fee,26.689639278557117,0.5515085343807823
IMPROVED_FX_fee,26.69130260521042,0.5651563289288692
IMPROVED_FX_fee,26.69296593186373,0.5794823780822854
IMPROVED_FX_fee,26.694629258517036,0.5944964585471929
IMPROVED_FX_fee,26.69629258517034,0.6102073469531503
IMPROVED_FX_fee,26.697955911823648,0.6266228093461773
IMPROVED_FX_fee,26.699619238476956,0.6437495681257704
IMPROVED_FX_fee,26.701282565130263,0.6615932468381395
IMPROVED_FX_fee,26.702945891783568,0.680158294093121
IMPROVED_FX_fee,26.704609218436875,0.6994478886966214
IMPROVED_FX_fee,26.706272545090183,0.7194638288609128
IMPROVED_FX_fee,26.707935871743487,0.7402064090496273
IMPROVED_FX_fee,26.709599198396795,0.7616742886103706
IMPROVED_FX_fee,26.711262525050103,0.7838643568290267
IMPROVED_FX_fee,26.712925851703407,0.806771599392863
IMPROVED_FX_fee,26.714589178356714,0.8303889714554235
IMPROVED_FX_fee,26.716252505010022,0.8547072825552057
IMPROVED_FX_fee,26.717915831663326,0.8797150985434038
IMPROVED_FX_fee,26.719579158316634,0.9053986654234679
IMPROVED_FX_fee,26.72124248496994,0.9317418596030093
IMPROVED_FX_fee,26.72290581162325,0.9587261685189991
IMPROVED_FX_fee,26.724569138276554,0.9863307049228913
IMPROVED_FX_fee,26.72623246492986,1.0145322573349016
IMPROVED_FX_fee,26.72789579158317,1.0433053783018347
IMPROVED_FX_fee,26.729559118236473,1.0726225111556207
IMPROVED_FX_fee,26.73122244488978,1.1024541549863978
IMPROVED_FX_fee,26.73288577154309,1.1327690665434604
IMPROVED_FX_fee,26.734549098196393,1.1635344967920556
IMPROVED_FX_fee,26.7362124248497,1.1947164588994303
IMPROVED_FX_fee,26.737875751503008,1.2262800235342306
IMPROVED_FX_fee,26.739539078156312,1.2581896365608123
IMPROVED_FX_fee,26.74120240480962,1.2904094535127388
IMPROVED_FX_fee,26.742865731462928,1.3229036846557096
IMPROVED_FX_fee,26.744529058116232,1.3556369440225204
IMPROVED_FX_fee,26.74619238476954,1.3885745955176614
IMPROVED_FX_fee,26.747855711422847,1.4216830890661794
IMPROVED_FX_fee,26.749519038076155,1.454930279818272
IMPROVED_FX_fee,26.75118236472946,1.4882857236155653
IMPROVED_FX_fee,26.752845691382767,1.5217209422728866
IMPROVED_FX_fee,26.754509018036075,1.5552096527239805
IMPROVED_FX_fee,26.75617234468938,1.5887279547083848
IMPROVED_FX_fee,26.757835671342686,1.622254472421911
IMPROVED_FX_fee,26.759498997995994,1.6557704464049952
IMPROVED_FX_fee,26.7611623246493,1.6892597728783654
IMPROVED_FX_fee,26.762825651302606,1.7227089887376725
IMPROVED_FX_fee,26.764488977955914,1.7561072014659653
IMPROVED_FX_fee,26.766152304609218,1.7894459643006064
IMPROVED_FX_fee,26.767815631262525,1.822719098070709
IMPROVED_FX_fee,26.769478957915833,1.8559224621936565
IMPROVED_FX_fee,26.77114228456914,1.8890536783581462
IMPROVED_FX_fee,26.772805611222445,1.9221118114136397
IMPROVED_FX_fee,26.774468937875753,1.9550970129139142
IMPROVED_FX_fee,26.77613226452906,1.9880101336081382
IMPROVED_FX_fee,26.777795591182365,2.0208523119299118
IMPROVED_FX_fee,26.779458917835672,2.053624546175324
IMPROVED_FX_fee,26.78112224448898,2.0863272585892365
IMPROVED_FX_fee,26.782785571142284,2.1189598599724806
IMPROVED_FX_fee,26.784448897795592,2.1515203236739775
IMPROVED_FX_fee,26.7861122244489,2.1840047779332576
IMPROVED_FX_fee,26.787775551102204,2.2164071254855267
IMPROVED_FX_fee,26.78943887775551,2.2487186991184354
IMPROVED_FX_fee,26.79110220440882,2.2809279614845726
IMPROVED_FX_fee,26.792765531062127,2.3130202569182106
IMPROVED_FX_fee,26.79442885771543,2.3449776222787535
IMPROVED_FX_fee,26.79609218436874,2.376778662957646
IMPROVED_FX_fee,26.797755511022046,2.408398499137395
IMPROVED_FX_fee,26.79941883767535,2.439808786204321
IMPROVED_FX_fee,26.80108216432866,2.470977811893148
IMPROVED_FX_fee,26.802745490981966,2.501870671307735
IMPROVED_FX_fee,26.80440881763527,2.5324495194419643
IMPROVED_FX_fee,26.806072144288578,2.5626738992393987
IMPROVED_FX_fee,26.807735470941886,2.592501141612489
IMPROVED_FX_fee,26.80939879759519,2.6218868322310795
IMPROVED_FX_fee,26.811062124248497,2.650785338310848
IMPROVED_FX_fee,26.812725450901805,2.67915038713167
IMPROVED_FX_fee,26.814388777555113,2.7069356866292194
IMPROVED_FX_fee,26.816052104208417,2.7340955771675413
IMPROVED_FX_fee,26.817715430861725,2.7605857025513343
IMPROVED_FX_fee,26.819378757515032,2.7863636875120985
IMPROVED_FX_fee,26.821042084168337,2.8113898083284843
IMPROVED_FX_fee,26.822705410821644,2.8356276429415255
IMPROVED_FX_fee,26.824368737474952,2.85904468692352
IMPROVED_FX_fee,26.826032064128256,2.8816129219613518
IMPROVED_FX_fee,26.827695390781564,2.9033093241289425
IMPROVED_FX_fee,26.82935871743487,2.924116300141585
IMPROVED_FX_fee,26.831022044088176,2.9440220409979236
IMPROVED_FX_fee,26.832685370741483,2.963020783899017
IMPROVED_FX_fee,26.83434869739479,2.9811129750607632
IMPROVED_FX_fee,26.8360120240481,2.998305327969948
IMPROVED_FX_fee,26.837675350701403,3.014610773731034
IMPROVED_FX_fee,26.83933867735471,3.0300483023623834
IMPROVED_FX_fee,26.84100200400802,3.0446426961744844
IMPROVED_FX_fee,26.842665330661323,3.0584241586456025
IMPROVED_FX_fee,26.84432865731463,3.0714278444394676
IMPROVED_FX_fee,26.845991983967938,3.0836932983390004
IMPROVED_FX_fee,26.847655310621242,3.095263812837974
IMPROVED_FX_fee,26.84931863727455,3.1061857158924786
IMPROVED_FX_fee,26.850981963927858,3.116507601842556
IMPROVED_FX_fee,26.85264529058116,3.126279519733011
IMPROVED_FX_fee,26.85430861723447,3.135552134159464
IMPROVED_FX_fee,26.855971943887777,3.144375874322806
IMPROVED_FX_fee,26.85763527054108,3.15280008717893
IMPROVED_FX_fee,26.85929859719439,3.160872210417093
IMPROVED_FX_fee,26.860961923847697,3.1686369804987677
IMPROVED_FX_fee,26.862625250501004,3.1761356901543203
IMPROVED_FX_fee,26.86428857715431,3.1834055085914947
IMPROVED_FX_fee,26.865951903807616,3.1904788762519356
IMPROVED_FX_fee,26.867615230460924,3.1973829842967194
IMPROVED_FX_fee,26.869278557114228,3.204139347156777
IMPROVED_FX_fee,26.870941883767536,3.210763474495268
IMPROVED_FX_fee,26.872605210420843,3.2172646468483572
IMPROVED_FX_fee,26.874268537074148,3.223645797093742
IMPROVED_FX_fee,26.875931863727455,3.229903497788506
IMPROVED_FX_fee,26.877595190380763,3.2360280523748766
IMPROVED_FX_fee,26.879258517034067,3.2420036863177826
IMPROVED_FX_fee,26.880921843687375,3.2478088324523826
IMPROVED_FX_fee,26.882585170340683,3.2534165032223137
IMPROVED_FX_fee,26.88424849699399,3.258794741106214
IMPROVED_FX_fee,26.885911823647294,3.26390713738684
IMPROVED_FX_fee,26.887575150300602,3.268713408527383
IMPROVED_FX_fee,26.88923847695391,3.273170018791775
IMPROVED_FX_fee,26.890901803607214,3.2772308373819015
IMPROVED_FX_fee,26.89256513026052,3.2808478182578544
IMPROVED_FX_fee,26.89422845691383,3.283971690945367
IMPROVED_FX_fee,26.895891783567134,3.2865526510022507
IMPROVED_FX_fee,26.89755511022044,3.2885410393883703
IMPROVED_FX_fee,26.89921843687375,3.2898880007377347
IMPROVED_FX_fee,26.900881763527053,3.2905461114382755
IMPROVED_FX_fee,26.90254509018036,3.2904699694546986
IMPROVED_FX_fee,26.90420841683367,3.2896167389518385
IMPROVED_FX_fee,26.905871743486976,3.287946643960145
IMPROVED_FX_fee,26.90753507014028,3.285423406542644
IMPROVED_FX_fee,26.909198396793588,3.282014626142516
IMPROVED_FX_fee,26.910861723446896,3.277692097992766
IMPROVED_FX_fee,26.9125250501002,3.2724320696229663
IMPROVED_FX_fee,26.914188376753508,3.2662154355895536
IMPROVED_FX_fee,26.915851703406815,3.259027871563182
IMPROVED_FX_fee,26.91751503006012,3.250859909815342
IMPROVED_FX_fee,26.919178356713427,3.241706958948453
IMPROVED_FX_fee,26.920841683366735,3.23156927139439
IMPROVED_FX_fee,26.92250501002004,3.220451862765639
IMPROVED_FX_fee,26.924168336673347,3.2083643875749437
IMPROVED_FX_fee,26.925831663326655,3.195320976142949
IMPROVED_FX_fee,26.927494989979962,3.1813400376913568
IMPROVED_FX_fee,26.929158316633266,3.166444034676466
IMPROVED_FX_fee,26.930821643286574,3.1506592333586485
IMPROVED_FX_fee,26.932484969939882,3.1340154354383416
IMPROVED_FX_fee,26.934148296593186,3.116545695326479
IMPROVED_FX_fee,26.935811623246494,3.098286027270693
IMPROVED_FX_fee,26.9374749498998,3.0792751061427253
IMPROVED_FX_fee,26.939138276553106,3.059553965217442
IMPROVED_FX_fee,26.940801603206413,3.0391656937644447
IMPROVED_FX_fee,26.94246492985972,3.0181551367394213
IMPROVED_FX_fee,26.944128256513025,2.996568598325995
IMPROVED_FX_fee,26.945791583166333,2.9744535505570204
IMPROVED_FX_fee,26.94745490981964,2.9518583477575997
IMPROVED_FX_fee,26.94911823647295,2.9288319471103503
IMPROVED_FX_fee,26.950781563126252,2.9054236352728906
IMPROVED_FX_fee,26.95244488977956,2.881682760681912
IMPROVED_FX_fee,26.954108216432868,2.8576584709766966
IMPROVED_FX_fee,26.955771543086172,2.8333994548668295
IMPROVED_FX_fee,26.95743486973948,2.808953687769823
IMPROVED_FX_fee,26.959098196392787,2.7843681806442486
IMPROVED_FX_fee,26.96076152304609,2.7596887316444056
IMPROVED_FX_fee,26.9624248496994,2.734959680516846
IMPROVED_FX_fee,26.964088176352707,2.7102236660318564
IMPROVED_FX_fee,26.96575150300601,2.6855213871795254
IMPROVED_FX_fee,26.96741482965932,2.660891369342538
IMPROVED_FX_fee,26.969078156312627,2.6363697371623918
IMPROVED_FX_fee,26.970741482965934,2.6119899963168507
IMPROVED_FX_fee,26.97240480961924,2.5877828269040246
IMPROVED_FX_fee,26.974068136272546,2.563775891548247
IMPROVED_FX_fee,26.975731462925854,2.539993661690718
IMPROVED_FX_fee,26.977394789579158,2.5164572657691986
IMPROVED_FX_fee,26.979058116232466,2.4931843631170225
IMPROVED_FX_fee,26.980721442885773,2.4701890474002823
IMPROVED_FX_fee,26.982384769539077,2.4474817832498768
IMPROVED_FX_fee,26.984048096192385,2.4250693794372706
IMPROVED_FX_fee,26.985711422845693,2.402955001475889
IMPROVED_FX_fee,26.987374749498997,2.381138225920224
IMPROVED_FX_fee,26.989038076152305,2.3596151378911676
IMPROVED_FX_fee,26.990701402805612,2.3383784724983845
IMPROVED_FX_fee,26.99236472945892,2.317417799877331
IMPROVED_FX_fee,26.994028056112224,2.29671975254904
IMPROVED_FX_fee,26.995691382765532,2.2762682927630866
IMPROVED_FX_fee,26.99735470941884,2.256045016444909
IMPROVED_FX_fee,26.999018036072144,2.2360294893642156
IMPROVED_FX_fee,27.00068136272545,2.216199610212922
IMPROVED_FX_fee,27.00234468937876,2.19653199446078
IMPROVED_FX_fee,27.004008016032063,2.1770023721724088
IMPROVED_FX_fee,27.00567134268537,2.1575859924546865
IMPROVED_FX_fee,27.00733466933868,2.1382580268739346
IMPROVED_FX_fee,27.008997995991983,2.1189939640562607
IMPROVED_FX_fee,27.01066132264529,2.099769987771035
IMPROVED_FX_fee,27.0123246492986,2.080563331100446
IMPROVED_FX_fee,27.013987975951906,2.0613525998053723
IMPROVED_FX_fee,27.01565130260521,2.0421180587064054
IMPROVED_FX_fee,27.017314629258518,2.0228418757811824
IMPROVED_FX_fee,27.018977955911826,2.0035083197154275
IMPROVED_FX_fee,27.02064128256513,1.9841039077990896
IMPROVED_FX_fee,27.022304609218438,1.964617502302956
IMPROVED_FX_fee,27.023967935871745,1.945040354760492
IMPROVED_FX_fee,27.02563126252505,1.925366098877714
IMPROVED_FX_fee,27.027294589178357,1.905590694063632
IMPROVED_FX_fee,27.028957915831665,1.8857123227711885
IMPROVED_FX_fee,27.03062124248497,1.8657312459330413
IMPROVED_FX_fee,27.032284569138277,1.8456496217314213
IMPROVED_FX_fee,27.033947895791584,1.8254712937333502
IMPROVED_FX_fee,27.035611222444892,1.805201555024446
IMPROVED_FX_fee,27.037274549098196,1.784846895377983
IMPROVED_FX_fee,27.038937875751504,1.7644147386837659
IMPROVED_FX_fee,27.04060120240481,1.7439131778420776
IMPROVED_FX_fee,27.042264529058116,1.7233507140948034
IMPROVED_FX_fee,27.043927855711424,1.7027360073430324
IMPROVED_FX_fee,27.04559118236473,1.6820776433979585
IMPROVED_FX_fee,27.047254509018035,1.6613839233539356
IMPROVED_FX_fee,27.048917835671343,1.6406626793936123
IMPROVED_FX_fee,27.05058116232465,1.6199211203579778
IMPROVED_FX_fee,27.052244488977955,1.5991657093786538
IMPROVED_FX_fee,27.053907815631263,1.578402074809513
IMPROVED_FX_fee,27.05557114228457,1.557634954644987
IMPROVED_FX_fee,27.057234468937875,1.536868173603014
IMPROVED_FX_fee,27.058897795591182,1.5161046511216685
IMPROVED_FX_fee,27.06056112224449,1.4953464376873808
IMPROVED_FX_fee,27.062224448897798,1.4745947762095941
IMPROVED_FX_fee,27.063887775551102,1.4538501845995533
IMPROVED_FX_fee,27.06555110220441,1.433112555309496
IMPROVED_FX_fee,27.067214428857717,1.4123812673525136
IMPROVED_FX_fee,27.06887775551102,1.391655306253238
IMPROVED_FX_fee,27.07054108216433,1.3709333874692566
IMPROVED_FX_fee,27.072204408817637,1.3502140790643518
IMPROVED_FX_fee,27.07386773547094,1.329495919788886
IMPROVED_FX_fee,27.07553106212425,1.3087775292126136
IMPROVED_FX_fee,27.077194388777556,1.2880577071376225
IMPROVED_FX_fee,27.07885771543086,1.2673355201631777
IMPROVED_FX_fee,27.080521042084168,1.2466103739597802
IMPROVED_FX_fee,27.082184368737476,1.2258820705030904
IMPROVED_FX_fee,27.083847695390784,1.2051508501931365
IMPROVED_FX_fee,27.085511022044088,1.1844174194163986
IMPROVED_FX_fee,27.087174348697395,1.163682964673866
IMPROVED_FX_fee,27.088837675350703,1.14294915487583
IMPROVED_FX_fee,27.090501002004007,1.122218133779686
IMPROVED_FX_fee,27.092164328657315,1.1014925048103597
IMPROVED_FX_fee,27.093827655310623,1.080775310647007
IMPROVED_FX_fee,27.095490981963927,1.0600700099807994
IMPROVED_FX_fee,27.097154308617235,1.0393804537589424
IMPROVED_FX_fee,27.098817635270542,1.0187108630292085
IMPROVED_FX_fee,27.100480961923846,0.9980658102058539
IMPROVED_FX_fee,27.102144288577154,0.9774502052087553
IMPROVED_FX_fee,27.103807615230462,0.9568692874994542
IMPROVED_FX_fee,27.10547094188377,0.936328624574517
IMPROVED_FX_fee,27.107134268537074,0.9158341170000546
IMPROVED_FX_fee,27.10879759519038,0.8953920096032233
IMPROVED_FX_fee,27.11046092184369,0.8750089080000516
IMPROVED_FX_fee,27.112124248496993,0.8546917992508427
IMPROVED_FX_fee,27.1137875751503,0.8344480751141858
IMPROVED_FX_fee,27.11545090180361,0.8142855561322024
IMPROVED_FX_fee,27.117114228456913,0.7942125146268083
IMPROVED_FX_fee,27.11877755511022,0.774237694633468
IMPROVED_FX_fee,27.12044088176353,0.754370326839882
IMPROVED_FX_fee,27.122104208416832,0.7346201367281502
IMPROVED_FX_fee,27.12376753507014,0.7149973443397872
IMPROVED_FX_fee,27.125430861723448,0.695512654373267
IMPROVED_FX_fee,27.127094188376752,0.6761772356748028
IMPROVED_FX_fee,27.12875751503006,0.6570026895776062
IMPROVED_FX_fee,27.130420841683367,0.6380010069636175
IMPROVED_FX_fee,27.132084168336675,0.6191845143433514
IMPROVED_FX_fee,27.13374749498998,0.6005658096627632
IMPROVED_FX_fee,27.135410821643287,0.5821576889225479
IMPROVED_FX_fee,27.137074148296595,0.5639730650293229
IMPROVED_FX_fee,27.1387374749499,0.5460248805676884
IMPROVED_FX_fee,27.140400801603207,0.5283260163825645
IMPROVED_FX_fee,27.142064128256514,0.5108891979839377
IMPROVED_FX_fee,27.14372745490982,0.4937269018236483
IMPROVED_FX_fee,27.145390781563126,0.47685126345420553
IMPROVED_FX_fee,27.147054108216434,0.4602739894604805
IMPROVED_FX_fee,27.148717434869738,0.44400627486586225
IMPROVED_FX_fee,27.150380761523046,0.4280587274667355
IMPROVED_FX_fee,27.152044088176353,0.4124413002555858
IMPROVED_FX_fee,27.15370741482966,0.397163232764323
IMPROVED_FX_fee,27.155370741482965,0.3822330018181961
IMPROVED_FX_fee,27.157034068136273,0.36765828184607935
IMPROVED_FX_fee,27.15869739478958,0.3534459145655852
IMPROVED_FX_fee,27.160360721442885,0.3396018875608558
IMPROVED_FX_fee,27.162024048096193,0.32613132101602604
IMPROVED_FX_fee,27.1636873747495,0.3130384616616136
IMPROVED_FX_fee,27.165350701402804,0.30032668284648123
IMPROVED_FX_fee,27.167014028056112,0.28799848956844953
IMPROVED_FX_fee,27.16867735470942,0.2760555272816798
IMPROVED_FX_fee,27.170340681362724,0.26449859334868747
IMPROVED_FX_fee,27.17200400801603,0.2533276501133084
IMPROVED_FX_fee,27.17366733466934,0.24254183873183333
IMPROVED_FX_fee,27.175330661322647,0.23213949310094847
IMPROVED_FX_fee,27.17699398797595,0.22211815345460334
IMPROVED_FX_fee,27.17865731462926,0.21247457945098253
IMPROVED_FX_fee,27.180320641282567,0.20320476282614164
IMPROVED_FX_fee,27.18198396793587,0.19430393993431222
IMPROVED_FX_fee,27.18364729458918,0.18576660471867035
IMPROVED_FX_fee,27.185310621242486,0.17758652284556514
IMPROVED_FX_fee,27.18697394789579,0.16975674788023565
IMPROVED_FX_fee,27.188637274549098,0.1622696404780197
IMPROVED_FX_fee,27.190300601202406,0.15511689160288578
IMPROVED_FX_fee,27.19196392785571,0.14828955076468625
IMPROVED_FX_fee,27.193627254509018,0.141778060187637
IMPROVED_FX_fee,27.195290581162325,0.13557229568725843
IMPROVED_FX_fee,27.196953907815633,0.12966161484627714
IMPROVED_FX_fee,27.198617234468937,0.1240349128514303
IMPROVED_FX_fee,27.200280561122245,0.11868068608881487
IMPROVED_FX_fee,27.201943887775553,0.11358710330934838
IMPROVED_FX_fee,27.203607214428857,0.10874208387737959
IMPROVED_FX_fee,27.205270541082164,0.10413338231832203
IMPROVED_FX_fee,27.206933867735472,0.0997486780972051
IMPROVED_FX_fee,27.208597194388776,0.09557566929976406
IMPROVED_FX_fee,27.210260521042084,0.09160216866383045
IMPROVED_FX_fee,27.21192384769539,0.08781620022882526
IMPROVED_FX_fee,27.213587174348696,0.08420609474318837
IMPROVED_FX_fee,27.215250501002004,0.08076058189933887
IMPROVED_FX_fee,27.21691382765531,0.07746887745647962
IMPROVED_FX_fee,27.21857715430862,0.07432076336344008
IMPROVED_FX_fee,27.220240480961923,0.07130665910713636
IMPROVED_FX_fee,27.22190380761523,0.06841768268223074
IMPROVED_FX_fee,27.22356713426854,0.06564569979996947
IMPROVED_FX_fee,27.225230460921843,0.06298336022083816
IMPROVED_FX_fee,27.22689378757515,0.060424120399307266
IMPROVED_FX_fee,27.228557114228458,0.05796225195857033
IMPROVED_FX_fee,27.230220440881762,0.05559283585916404
IMPROVED_FX_fee,27.23188376753507,0.05331174247688829
IMPROVED_FX_fee,27.233547094188378,0.051115598151284226
IMPROVED_FX_fee,27.235210420841682,0.049001739096049435
IMPROVED_FX_fee,27.23687374749499,0.04696815386720277
IMPROVED_FX_fee,27.238537074148297,0.045013415854991974
IMPROVED_FX_fee,27.240200400801605,0.04313660749358434
IMPROVED_FX_fee,27.24186372745491,0.041337238062996114
IMPROVED_FX_fee,27.243527054108217,0.039615157085291376
IMPROVED_FX_fee,27.245190380761525,0.03797046538979409
IMPROVED_FX_fee,27.24685370741483,0.03640342593786929
IMPROVED_FX_fee,27.248517034068136,0.03491437645823089
IMPROVED_FX_fee,27.250180360721444,0.033503645850238996
IMPROVED_FX_fee,27.25184368737475,0.032171476169126266
IMPROVED_FX_fee,27.253507014028056,0.030917951818665256
IMPROVED_FX_fee,27.255170340681364,0.029742937349592102
IMPROVED_FX_fee,27.256833667334668,0.028646025002936868
IMPROVED_FX_fee,27.258496993987976,0.02762649285466725
IMPROVED_FX_fee,27.260160320641283,0.02668327411959445
IMPROVED_FX_fee,27.26182364729459,0.02581493786692386
IMPROVED_FX_fee,27.263486973947895,0.025019681096040573
IMPROVED_FX_fee,27.265150300601203,0.02429533182687717
IMPROVED_FX_fee,27.26681362725451,0.02363936258286425
IMPROVED_FX_fee,27.268476953907815,0.023048913392828347
IMPROVED_FX_fee,27.270140280561122,0.02252082321791745
IMPROVED_FX_fee,27.27180360721443,0.02205166852584689
IMPROVED_FX_fee,27.273466933867734,0.02163780759184863
IMPROVED_FX_fee,27.275130260521042,0.02127542900664721
IMPROVED_FX_fee,27.27679358717435,0.020960602818365447
IMPROVED_FX_fee,27.278456913827654,0.02068933272788048
IMPROVED_FX_fee,27.28012024048096,0.02045760779501716
IMPROVED_FX_fee,27.28178356713427,0.0202614521939401
IMPROVED_FX_fee,27.283446893787577,0.02009697167682032
IMPROVED_FX_fee,27.28511022044088,0.0199603955610253
IMPROVED_FX_fee,27.28677354709419,0.019848113241238537
IMPROVED_FX_fee,27.288436873747496,0.019756704437985828
IMPROVED_FX_fee,27.2901002004008,0.019682962621198806
IMPROVED_FX_fee,27.29176352705411,0.01962391128456525
IMPROVED_FX_fee,27.293426853707416,0.019576812986051503
IMPROVED_FX_fee,27.29509018036072,0.019539171304823418
IMPROVED_FX_fee,27.296753507014028,0.0195087260877015
IMPROVED_FX_fee,27.298416833667336,0.0194834425626108
IMPROVED_FX_fee,27.30008016032064,0.019461495076230274
IMPROVED_FX_fee,27.301743486973947,0.019441246363077456
IMPROVED_FX_fee,27.303406813627255,0.019421223369428694
IMPROVED_FX_fee,27.305070140280563,0.019400090734775582
IMPROVED_FX_fee,27.306733466933867,0.019376623074176272
IMPROVED_FX_fee,27.308396793587175,0.019349677206354422
IMPROVED_FX_fee,27.310060120240482,0.0193181654355189
IMPROVED_FX_fee,27.311723446893787,0.019281030921627595
IMPROVED_FX_fee,27.313386773547094,0.019237226067401275
IMPROVED_FX_fee,27.315050100200402,0.01918569471504264
IMPROVED_FX_fee,27.316713426853706,0.019125358786466488
IMPROVED_FX_fee,27.318376753507014,0.019055109823755505
IMPROVED_FX_fee,27.32004008016032,0.01897380569787671
IMPROVED_FX_fee,27.321703406813626,0.01888027256003957
IMPROVED_FX_fee,27.323366733466933,0.018773311918146397
IMPROVED_FX_fee,27.32503006012024,0.01865171253704548
IMPROVED_FX_fee,27.326693386773545,0.01851426669180559
IMPROVED_FX_fee,27.328356713426853,0.01835979015346805
IMPROVED_FX_fee,27.33002004008016,0.018187145161307778
IMPROVED_FX_fee,27.33168336673347,0.017995265538253008
IMPROVED_FX_fee,27.333346693386773,0.017783183039429384
IMPROVED_FX_fee,27.33501002004008,0.01755005398927124
IMPROVED_FX_fee,27.336673346693388,0.01729518526065475
IMPROVED_FX_fee,27.338336673346692,0.01701805867924345
IMPROVED_FX_fee,27.34,0.01671835299581664
IMPROVED_DA_fee,25.55,0.005490178430564041
IMPROVED_DA_fee,25.56046092184369,0.005832023623582074
IMPROVED_DA_fee,25.570921843687376,0.0061964828744338184
IMPROVED_DA_fee,25.581382765531064,0.006585102582109681
IMPROVED_DA_fee,25.59184368737475,0.006999504513161241
IMPROVED_DA_fee,25.602304609218436,0.00744138524697226
IMPROVED_DA_fee,25.612765531062124,0.007912515257713726
IMPROVED_DA_fee,25.62322645290581,0.00841473762566886
IMPROVED_DA_fee,25.6336873747495,0.00894996637206573
IMPROVED_DA_fee,25.644148296593187,0.00952018441291515
IMPROVED_DA_fee,25.654609218436875,0.010127441128661877
IMPROVED_DA_fee,25.665070140280562,0.010773849547693856
IMPROVED_DA_fee,25.67553106212425,0.011461583142947403
IMPROVED_DA_fee,25.685991983967938,0.012192872242023107
IMPROVED_DA_fee,25.696452905811626,0.012970000052384478
IMPROVED_DA_fee,25.70691382765531,0.013795298304407762
IMPROVED_DA_fee,25.717374749498997,0.014671142516286735
IMPROVED_DA_fee,25.727835671342685,0.015599946886122753
IMPROVED_DA_fee,25.738296593186373,0.01658415881796544
IMPROVED_DA_fee,25.74875751503006,0.017626253090131286
IMPROVED_DA_fee,25.75921843687375,0.01872872567587271
IMPROVED_DA_fee,25.769679358717436,0.019894087228375615
IMPROVED_DA_fee,25.780140280561124,0.02112485624417229
IMPROVED_DA_fee,25.79060120240481,0.022423551921378997
IMPROVED_DA_fee,25.801062124248496,0.02379268673167073
IMPROVED_DA_fee,25.811523046092184,0.025234758727625164
IMPROVED_DA_fee,25.82198396793587,0.026752243609934456
IMPROVED_DA_fee,25.83244488977956,0.028347586582043557
IMPROVED_DA_fee,25.842905811623247,0.030023194022896493
IMPROVED_DA_fee,25.853366733466935,0.031781425011691636
IMPROVED_DA_fee,25.863827655310622,0.03362458274179169
IMPROVED_DA_fee,25.87428857715431,0.03555490586410244
IMPROVED_DA_fee,25.884749498997998,0.037574559803327315
IMPROVED_DA_fee,25.895210420841686,0.039685628093384565
IMPROVED_DA_fee,25.90567134268537,0.041890103780939825
IMPROVED_DA_fee,25.916132264529057,0.04418988094830702
IMPROVED_DA_fee,25.926593186372745,0.04658674640886813
IMPROVED_DA_fee,25.937054108216433,0.04908237162964161
IMPROVED_DA_fee,25.94751503006012,0.051678304936480596
IMPROVED_DA_fee,25.95797595190381,0.054375964057687
IMPROVED_DA_fee,25.968436873747496,0.0571766290614745
IMPROVED_DA_fee,25.978897795591184,0.06008143574162919
IMPROVED_DA_fee,25.98935871743487,0.06309136950393229
IMPROVED_DA_fee,25.99981963927856,0.06620725980334491
IMPROVED_DA_fee,26.010280561122244,0.06942977517867976
IMPROVED_DA_fee,26.02074148296593,0.07275941892741886
IMPROVED_DA_fee,26.03120240480962,0.07619652545853846
IMPROVED_DA_fee,26.041663326653307,0.07974125735582024
IMPROVED_DA_fee,26.052124248496995,0.08339360317797509
IMPROVED_DA_fee,26.062585170340682,0.08715337601528318
IMPROVED_DA_fee,26.07304609218437,0.09102021281536668
IMPROVED_DA_fee,26.083507014028058,0.09499357448314222
IMPROVED_DA_fee,26.093967935871746,0.0990727467522655
IMPROVED_DA_fee,26.104428857715433,0.10325684181735939
IMPROVED_DA_fee,26.114889779559117,0.10754480070835351
IMPROVED_DA_fee,26.125350701402805,0.11193539638027414
IMPROVED_DA_fee,26.135811623246493,0.11642723748404774
IMPROVED_DA_fee,26.14627254509018,0.12101877277649126
IMPROVED_DA_fee,26.15673346693387,0.12570829612057655
IMPROVED_DA_fee,26.167194388777556,0.13049395202061753
IMPROVED_DA_fee,26.177655310621244,0.13537374163117308
IMPROVED_DA_fee,26.18811623246493,0.14034552917340318
IMPROVED_DA_fee,26.19857715430862,0.1454070486883164
IMPROVED_DA_fee,26.209038076152304,0.15055591105295674
IMPROVED_DA_fee,26.21949899799599,0.15578961118319684
IMPROVED_DA_fee,26.22995991983968,0.16110553534525576
IMPROVED_DA_fee,26.240420841683367,0.1665009684976371
IMPROVED_DA_fee,26.250881763527055,0.1719731015857069
IMPROVED_DA_fee,26.261342685370742,0.17751903871257874
IMPROVED_DA_fee,26.27180360721443,0.18313580411247318
IMPROVED_DA_fee,26.282264529058118,0.18882034885598878
IMPROVED_DA_fee,26.292725450901806,0.19456955722098368
IMPROVED_DA_fee,26.303186372745493,0.20038025266763812
IMPROVED_DA_fee,26.313647294589178,0.20624920336191688
IMPROVED_DA_fee,26.324108216432865,0.21217312719792697
IMPROVED_DA_fee,26.334569138276553,0.218148696276309
IMPROVED_DA_fee,26.34503006012024,0.22417254080305582
IMPROVED_DA_fee,26.35549098196393,0.23024125238050214
IMPROVED_DA_fee,26.365951903807616,0.23635138667002564
IMPROVED_DA_fee,26.376412825651304,0.2424994654137753
IMPROVED_DA_fee,26.38687374749499,0.24868197781062004
IMPROVED_DA_fee,26.39733466933868,0.2548953812494926
IMPROVED_DA_fee,26.407795591182364,0.26113610141103244
IMPROVED_DA_fee,26.41825651302605,0.26740053175618794
IMPROVED_DA_fee,26.42871743486974,0.27368503242798414
IMPROVED_DA_fee,26.439178356713427,0.27998592860002525
IMPROVED_DA_fee,26.449639278557115,0.2862995083124506
IMPROVED_DA_fee,26.460100200400802,0.2926220198429744
IMPROVED_DA_fee,26.47056112224449,0.29894966866736106
IMPROVED_DA_fee,26.481022044088178,0.3052786140701461
IMPROVED_DA_fee,26.491482965931866,0.3116049654725235
IMPROVED_DA_fee,26.501943887775553,0.3179247785504182
IMPROVED_DA_fee,26.512404809619238,0.3242340512212675
IMPROVED_DA_fee,26.522865731462925,0.3305287195835299
IMPROVED_DA_fee,26.533326653306613,0.33680465389784703
IMPROVED_DA_fee,26.5437875751503,0.34305765470357974
IMPROVED_DA_fee,26.55424849699399,0.34928344916853166
IMPROVED_DA_fee,26.564709418837676,0.3554776877733582
IMPROVED_DA_fee,26.575170340681364,0.36163594143529565
IMPROVED_DA_fee,26.58563126252505,0.36775369917808315
IMPROVED_DA_fee,26.59609218436874,0.3738263664564386
IMPROVED_DA_fee,26.606553106212424,0.3798492642439283
IMPROVED_DA_fee,26.61701402805611,0.3858176289923741
IMPROVED_DA_fee,26.6274749498998,0.3917266135689341
IMPROVED_DA_fee,26.637935871743487,0.39757128927354973
IMPROVED_DA_fee,26.648396793587175,0.4033466490344682
IMPROVED_DA_fee,26.658857715430862,0.40904761187264993
IMPROVED_DA_fee,26.66931863727455,0.4146690287173288
IMPROVED_DA_fee,26.679779559118238,0.4202056896443102
IMPROVED_DA_fee,26.690240480961926,0.42565233259605506
IMPROVED_DA_fee,26.700701402805613,0.4310036536279023
IMPROVED_DA_fee,26.711162324649298,0.4362543187080989
IMPROVED_DA_fee,26.721623246492985,0.44139897708081766
IMPROVED_DA_fee,26.732084168336673,0.44643227618076325
IMPROVED_DA_fee,26.74254509018036,0.4513488780660309
IMPROVED_DA_fee,26.75300601202405,0.4561434773123921
IMPROVED_DA_fee,26.763466933867736,0.46081082028760834
IMPROVED_DA_fee,26.773927855711424,0.4653457256990987
IMPROVED_DA_fee,26.78438877755511,0.46974310628265076
IMPROVED_DA_fee,26.7948496993988,0.4739979914743323
IMPROVED_DA_fee,26.805310621242484,0.4781055508828287
IMPROVED_DA_fee,26.81577154308617,0.48206111835563914
IMPROVED_DA_fee,26.82623246492986,0.48586021641041216
IMPROVED_DA_fee,26.836693386773547,0.4894985807828019
IMPROVED_DA_fee,26.847154308617235,0.49297218482497074
IMPROVED_DA_fee,26.857615230460922,0.4962772634750073
IMPROVED_DA_fee,26.86807615230461,0.4994103365073168
IMPROVED_DA_fee,26.878537074148298,0.5023682307680429
IMPROVED_DA_fee,26.888997995991986,0.505148101098157
IMPROVED_DA_fee,26.899458917835673,0.5077474496502596
IMPROVED_DA_fee,26.90991983967936,0.5101641433135833
IMPROVED_DA_fee,26.920380761523045,0.5123964289753017
IMPROVED_DA_fee,26.930841683366733,0.5144429463651108
IMPROVED_DA_fee,26.94130260521042,0.5163027382538076
IMPROVED_DA_fee,26.95176352705411,0.517975257805302
IMPROVED_DA_fee,26.962224448897796,0.5194603729147297
IMPROVED_DA_fee,26.972685370741484,0.5207583674024422
IMPROVED_DA_fee,26.98314629258517,0.5218699389744105
IMPROVED_DA_fee,26.99360721442886,0.5227961939030953
IMPROVED_DA_fee,27.004068136272547,0.5235386384283988
IMPROVED_DA_fee,27.01452905811623,0.5240991669252311
IMPROVED_DA_fee,27.02498997995992,0.5244800469315083
IMPROVED_DA_fee,27.035450901803607,0.5246839011771083
IMPROVED_DA_fee,27.045911823647295,0.524713686799824
IMPROVED_DA_fee,27.056372745490982,0.5245726719772514
IMPROVED_DA_fee,27.06683366733467,0.5242644102435139
IMPROVED_DA_fee,27.077294589178358,0.5237927127954716
IMPROVED_DA_fee,27.087755511022046,0.5231616191240742
IMPROVED_DA_fee,27.098216432865733,0.5223753663320967
IMPROVED_DA_fee,27.10867735470942,0.5214383575189477
IMPROVED_DA_fee,27.119138276553105,0.5203551296262852
IMPROVED_DA_fee,27.129599198396793,0.5191303211444666
IMPROVED_DA_fee,27.14006012024048,0.5177686400791077
IMPROVED_DA_fee,27.15052104208417,0.5162748325694263
IMPROVED_DA_fee,27.160981963927856,0.5146536525356271
IMPROVED_DA_fee,27.171442885771544,0.5129098327115994
IMPROVED_DA_fee,27.18190380761523,0.5110480573922245
IMPROVED_DA_fee,27.19236472945892,0.5090729371920335
IMPROVED_DA_fee,27.202825651302607,0.5069889860746677
IMPROVED_DA_fee,27.21328657314629,0.5048006008712543
IMPROVED_DA_fee,27.22374749498998,0.5025120434613352
IMPROVED_DA_fee,27.234208416833667,0.500127425743375
IMPROVED_DA_fee,27.244669338677355,0.4976506974740076
IMPROVED_DA_fee,27.255130260521042,0.49508563700720326
IMPROVED_DA_fee,27.26559118236473,0.4924358449172426
IMPROVED_DA_fee,27.276052104208418,0.4897047404440245
IMPROVED_DA_fee,27.286513026052106,0.48689556065632644
IMPROVED_DA_fee,27.296973947895793,0.48401136218942453
IMPROVED_DA_fee,27.30743486973948,0.48105502537841016
IMPROVED_DA_fee,27.317895791583165,0.4780292605782282
IMPROVED_DA_fee,27.328356713426853,0.47493661643667295
IMPROVED_DA_fee,27.33881763527054,0.4717794898673112
IMPROVED_DA_fee,27.34927855711423,0.4685601374559689
IMPROVED_DA_fee,27.359739478957916,0.4652806880270806
IMPROVED_DA_fee,27.370200400801604,0.4619431560947082
IMPROVED_DA_fee,27.38066132264529,0.45854945592714647
IMPROVED_DA_fee,27.39112224448898,0.4551014159635105
IMPROVED_DA_fee,27.401583166332667,0.45160079333500175
IMPROVED_DA_fee,27.41204408817635,0.4480492882620078
IMPROVED_DA_fee,27.42250501002004,0.44444855812041345
IMPROVED_DA_fee,27.432965931863727,0.44080023099542004
IMPROVED_DA_fee,27.443426853707415,0.43710591856835584
IMPROVED_DA_fee,27.453887775551102,0.43336722821035595
IMPROVED_DA_fee,27.46434869739479,0.42958577418575666
IMPROVED_DA_fee,27.474809619238478,0.4257631878967552
IMPROVED_DA_fee,27.485270541082166,0.4219011271286356
IMPROVED_DA_fee,27.495731462925853,0.41800128428090727
IMPROVED_DA_fee,27.50619238476954,0.4140653935934826
IMPROVED_DA_fee,27.516653306613225,0.4100952373981258
IMPROVED_DA_fee,27.527114228456913,0.40609265144312773
IMPROVED_DA_fee,27.5375751503006,0.40205952935351724
IMPROVED_DA_fee,27.54803607214429,0.39799782629973945
IMPROVED_DA_fee,27.558496993987976,0.3939095619544469
IMPROVED_DA_fee,27.568957915831664,0.389796822820112
IMPROVED_DA_fee,27.57941883767535,0.3856617640094801
IMPROVED_DA_fee,27.58987975951904,0.38150661055681157
IMPROVED_DA_fee,27.600340681362727,0.3773336583306427
IMPROVED_DA_fee,27.61080160320641,0.37314527460888525
IMPROVED_DA_fee,27.6212625250501,0.3689438983648851
IMPROVED_DA_fee,27.631723446893787,0.3647320402992211
IMPROVED_DA_fee,27.642184368737475,0.360512282636765
IMPROVED_DA_fee,27.652645290581162,0.35628727869288523
IMPROVED_DA_fee,27.66310621242485,0.35205975219686797
IMPROVED_DA_fee,27.673567134268538,0.3478324963452308
IMPROVED_DA_fee,27.684028056112226,0.3436083725434258
IMPROVED_DA_fee,27.694488977955913,0.3393903087816637
IMPROVED_DA_fee,27.7049498997996,0.3351812975797874
IMPROVED_DA_fee,27.71541082164329,0.3309843934277561
IMPROVED_DA_fee,27.725871743486973,0.3268027096425482
IMPROVED_DA_fee,27.73633266533066,0.32263941455944734
IMPROVED_DA_fee,27.74679358717435,0.3184977269759119
IMPROVED_DA_fee,27.757254509018036,0.3143809107695609
IMPROVED_DA_fee,27.767715430861724,0.31029226861830494
IMPROVED_DA_fee,27.77817635270541,0.30623513476013575
IMPROVED_DA_fee,27.7886372745491,0.3022128667423997
IMPROVED_DA_fee,27.799098196392787,0.29822883612537693
IMPROVED_DA_fee,27.80955911823647,0.2942864181221794
IMPROVED_DA_fee,27.82002004008016,0.2903889801761132
IMPROVED_DA_fee,27.830480961923847,0.2865398694973348
IMPROVED_DA_fee,27.840941883767535,0.2827423996022574
IMPROVED_DA_fee,27.851402805611222,0.27899983592137695
IMPROVED_DA_fee,27.86186372745491,0.2753153805634475
IMPROVED_DA_fee,27.872324649298598,0.27169215634572
IMPROVED_DA_fee,27.882785571142286,0.2681331902206994
IMPROVED_DA_fee,27.893246492985973,0.26464139624925054
IMPROVED_DA_fee,27.90370741482966,0.2612195582872607
IMPROVED_DA_fee,27.91416833667335,0.25787031256811027
IMPROVED_DA_fee,27.924629258517033,0.25459613037553963
IMPROVED_DA_fee,27.93509018036072,0.2513993010107631
IMPROVED_DA_fee,27.94555110220441,0.2482819152637352
IMPROVED_DA_fee,27.956012024048096,0.24524584960087306
IMPROVED_DA_fee,27.966472945891784,0.24229275128052788
IMPROVED_DA_fee,27.97693386773547,0.23942402460272544
IMPROVED_DA_fee,27.98739478957916,0.23664081849129764
IMPROVED_DA_fee,27.997855711422847,0.23394401559471703
IMPROVED_DA_fee,28.00831663326653,0.2313342230766983
IMPROVED_DA_fee,28.01877755511022,0.22881176524936842
IMPROVED_DA_fee,28.029238476953907,0.22637667818074675
IMPROVED_DA_fee,28.039699398797595,0.2240287063847812
IMPROVED_DA_fee,28.050160320641282,0.22176730167676972
IMPROVED_DA_fee,28.06062124248497,0.2195916242499022
IMPROVED_DA_fee,28.071082164328658,0.21750054600066587
IMPROVED_DA_fee,28.081543086172346,0.2154926561021367
IMPROVED_DA_fee,28.092004008016033,0.21356626879554028
IMPROVED_DA_fee,28.10246492985972,0.21171943334217494
IMPROVED_DA_fee,28.11292585170341,0.2099499460505174
IMPROVED_DA_fee,28.123386773547093,0.20825536426743937
IMPROVED_DA_fee,28.13384769539078,0.20663302219840596
IMPROVED_DA_fee,28.14430861723447,0.20508004839978033
IMPROVED_DA_fee,28.154769539078156,0.20359338476710892
IMPROVED_DA_fee,28.165230460921844,0.20216980682697644
IMPROVED_DA_fee,28.17569138276553,0.20080594512677774
IMPROVED_DA_fee,28.18615230460922,0.19949830750679995
IMPROVED_DA_fee,28.196613226452907,0.1982433020324241
IMPROVED_DA_fee,28.207074148296595,0.1970372603609996
IMPROVED_DA_fee,28.21753507014028,0.19587646131810427
IMPROVED_DA_fee,28.227995991983967,0.19475715446123662
IMPROVED_DA_fee,28.238456913827655,0.19367558341541508
IMPROVED_DA_fee,28.248917835671342,0.19262800877443004
IMPROVED_DA_fee,28.25937875751503,0.1916107303733497
IMPROVED_DA_fee,28.269839679358718,0.19062010875201246
IMPROVED_DA_fee,28.280300601202406,0.18965258564527157
IMPROVED_DA_fee,28.290761523046093,0.18870470335339853
IMPROVED_DA_fee,28.30122244488978,0.1877731228648501
IMPROVED_DA_fee,28.31168336673347,0.18685464062319057
IMPROVED_DA_fee,28.322144288577157,0.18594620385000196
IMPROVED_DA_fee,28.33260521042084,0.18504492435565853
IMPROVED_DA_fee,28.34306613226453,0.18414809078959243
IMPROVED_DA_fee,28.353527054108216,0.18325317930078283
IMPROVED_DA_fee,28.363987975951904,0.18235786259736791
IMPROVED_DA_fee,28.37444889779559,0.18146001741124526
IMPROVED_DA_fee,28.38490981963928,0.18055773038905926
IMPROVED_DA_fee,28.395370741482967,0.1796493024449188
IMPROVED_DA_fee,28.405831663326655,0.17873325162237244
IMPROVED_DA_fee,28.41629258517034,0.17780831452353635
IMPROVED_DA_fee,28.426753507014027,0.17687344637174007
IMPROVED_DA_fee,28.437214428857715,0.17592781978065905
IMPROVED_DA_fee,28.447675350701402,0.1749708223076081
IMPROVED_DA_fee,28.45813627254509,0.17400205287164222
IMPROVED_DA_fee,28.468597194388778,0.1730213171183647
IMPROVED_DA_fee,28.479058116232466,0.17202862181304387
IMPROVED_DA_fee,28.489519038076153,0.17102416834197656
IMPROVED_DA_fee,28.49997995991984,0.17000834539911183
IMPROVED_DA_fee,28.51044088176353,0.1689817209310561
IMPROVED_DA_fee,28.520901803607217,0.16794503340880668
IMPROVED_DA_fee,28.5313627254509,0.16689918248922161
IMPROVED_DA_fee,28.54182364729459,0.1658452191234982
IMPROVED_DA_fee,28.552284569138276,0.16478433516398094
IMPROVED_DA_fee,28.562745490981964,0.16371785251472346
IMPROVED_DA_fee,28.57320641282565,0.16264721186554645
IMPROVED_DA_fee,28.58366733466934,0.16157396104406302
IMPROVED_DA_fee,28.594128256513027,0.1604997430154201
IMPROVED_DA_fee,28.604589178356715,0.1594262835555896
IMPROVED_DA_fee,28.6150501002004,0.158355378620896
IMPROVED_DA_fee,28.625511022044087,0.15728888143440123
IMPROVED_DA_fee,28.635971943887775,0.15622868930869716
IMPROVED_DA_fee,28.646432865731462,0.15517673022474773
IMPROVED_DA_fee,28.65689378757515,0.15413494918769793
IMPROVED_DA_fee,28.667354709418838,0.1531052943829806
IMPROVED_DA_fee,28.677815631262526,0.1520897031596507
IMPROVED_DA_fee,28.688276553106213,0.15109008787258904
IMPROVED_DA_fee,28.6987374749499,0.15010832162091511
IMPROVED_DA_fee,28.70919839679359,0.14914622392662485
IMPROVED_DA_fee,28.719659318637277,0.14820554640486439
IMPROVED_DA_fee,28.73012024048096,0.14728795848533785
IMPROVED_DA_fee,28.74058116232465,0.14639503325278555
IMPROVED_DA_fee,28.751042084168336,0.14552823348320046
IMPROVED_DA_fee,28.761503006012024,0.14468889796113418
IMPROVED_DA_fee,28.77196392785571,0.14387822817186496
IMPROVED_DA_fee,28.7824248496994,0.14309727547015458
IMPROVED_DA_fee,28.792885771543087,0.14234692883445724
IMPROVED_DA_fee,28.803346693386775,0.14162790332156033
IMPROVED_DA_fee,28.81380761523046,0.14094072934147747
IMPROVED_DA_fee,28.824268537074147,0.14028574287569373
IMPROVED_DA_fee,28.834729458917835,0.13966307676339315
IMPROVED_DA_fee,28.845190380761522,0.13907265317985792
IMPROVED_DA_fee,28.85565130260521,0.13851417742864985
IMPROVED_DA_fee,28.866112224448898,0.13798713316436526
IMPROVED_DA_fee,28.876573146292586,0.13749077915552302
IMPROVED_DA_fee,28.887034068136273,0.13702414768757543
IMPROVED_DA_fee,28.89749498997996,0.13658604469403204
IMPROVED_DA_fee,28.90795591182365,0.13617505168938437
IMPROVED_DA_fee,28.918416833667337,0.13578952956098486
IMPROVED_DA_fee,28.92887775551102,0.13542762425852073
IMPROVED_DA_fee,28.93933867735471,0.1350872743993399
IMPROVED_DA_fee,28.949799599198396,0.13476622078607203
IMPROVED_DA_fee,28.960260521042084,0.1344620178099137
IMPROVED_DA_fee,28.970721442885772,0.13417204668911517
IMPROVED_DA_fee,28.98118236472946,0.13389353046795505
IMPROVED_DA_fee,28.991643286573147,0.13362355067726203
IMPROVED_DA_fee,29.002104208416835,0.133359065533824
IMPROVED_DA_fee,29.012565130260523,0.13309692953323388
IMPROVED_DA_fee,29.023026052104207,0.13283391426935068
IMPROVED_DA_fee,29.033486973947895,0.13256673029401622
IMPROVED_DA_fee,29.043947895791582,0.13229204981340972
IMPROVED_DA_fee,29.05440881763527,0.13200653000279808
IMPROVED_DA_fee,29.064869739478958,0.1317068367098072
IMPROVED_DA_fee,29.075330661322646,0.13138966830796964
IMPROVED_DA_fee,29.085791583166333,0.13105177945741148
IMPROVED_DA_fee,29.09625250501002,0.130690004528284
IMPROVED_DA_fee,29.10671342685371,0.13030128044499692
IMPROVED_DA_fee,29.117174348697397,0.12988266871544946
IMPROVED_DA_fee,29.12763527054108,0.12943137641924612
IMPROVED_DA_fee,29.13809619238477,0.12894477594210424
IMPROVED_DA_fee,29.148557114228456,0.1284204232601497
IMPROVED_DA_fee,29.159018036072144,0.12785607459719053
IMPROVED_DA_fee,29.169478957915832,0.127249701300054
IMPROVED_DA_fee,29.17993987975952,0.12659950280118215
IMPROVED_DA_fee,29.190400801603207,0.12590391756354533
IMPROVED_DA_fee,29.200861723446895,0.12516163192992605
IMPROVED_DA_fee,29.211322645290583,0.12437158682638003
IMPROVED_DA_fee,29.221783567134267,0.12353298229755086
IMPROVED_DA_fee,29.232244488977955,0.12264527987905216
IMPROVED_DA_fee,29.242705410821642,0.12170820283882262
IMPROVED_DA_fee,29.25316633266533,0.12072173434470956
IMPROVED_DA_fee,29.263627254509018,0.11968611363912968
IMPROVED_DA_fee,29.274088176352706,0.11860183032312109
IMPROVED_DA_fee,29.284549098196393,0.11746961687106662
IMPROVED_DA_fee,29.29501002004008,0.11629043951363571
IMPROVED_DA_fee,29.30547094188377,0.11506548763979761
IMPROVED_DA_fee,29.315931863727457,0.11379616187905184
IMPROVED_DA_fee,29.326392785571144,0.1124840610322104
IMPROVED_DA_fee,29.33685370741483,0.11113096802318548
IMPROVED_DA_fee,29.347314629258516,0.10973883504539372
IMPROVED_DA_fee,29.357775551102204,0.1083097680747492
IMPROVED_DA_fee,29.368236472945892,0.10684601091696228
IMPROVED_DA_fee,29.37869739478958,0.10534992895031917
IMPROVED_DA_fee,29.389158316633267,0.10382399271654352
IMPROVED_DA_fee,29.399619238476955,0.10227076150211882
IMPROVED_DA_fee,29.410080160320643,0.10069286704090963
IMPROVED_DA_fee,29.420541082164327,0.09909299745646351
IMPROVED_DA_fee,29.431002004008015,0.09747388154934271
IMPROVED_DA_fee,29.441462925851702,0.0958382735216321
IMPROVED_DA_fee,29.45192384769539,0.09418893821765227
IMPROVED_DA_fee,29.462384769539078,0.09252863694729649
IMPROVED_DA_fee,29.472845691382766,0.09086011394647803
IMPROVED_DA_fee,29.483306613226453,0.08918608351818676
IMPROVED_DA_fee,29.49376753507014,0.08750921788779702
IMPROVED_DA_fee,29.50422845691383,0.08583213579765936
IMPROVED_DA_fee,29.514689378757517,0.08415739185868741
IMPROVED_DA_fee,29.525150300601204,0.08248746667070758
IMPROVED_DA_fee,29.53561122244489,0.08082475771865869
IMPROVED_DA_fee,29.546072144288576,0.07917157104831186
IMPROVED_DA_fee,29.556533066132264,0.07753011372283858
IMPROVED_DA_fee,29.566993987975952,0.07590248706017258
IMPROVED_DA_fee,29.57745490981964,0.07429068065051513
IMPROVED_DA_fee,29.587915831663327,0.07269656715325296
IMPROVED_DA_fee,29.598376753507015,0.07112189787285765
IMPROVED_DA_fee,29.608837675350703,0.06956829911374264
IMPROVED_DA_fee,29.619298597194387,0.06803726931434807
IMPROVED_DA_fee,29.629759519038075,0.06653017696074931
IMPROVED_DA_fee,29.640220440881762,0.06504825927960778
IMPROVED_DA_fee,29.65068136272545,0.06359262170917099
IMPROVED_DA_fee,29.661142284569138,0.06216423814516392
IMPROVED_DA_fee,29.671603206412826,0.06076395195570586
IMPROVED_DA_fee,29.682064128256513,0.05939247775579461
IMPROVED_DA_fee,29.6925250501002,0.058050403927404924
IMPROVED_DA_fee,29.70298597194389,0.05673819586593388
IMPROVED_DA_fee,29.713446893787577,0.05545619992762096
IMPROVED_DA_fee,29.723907815631264,0.054204648045848874
IMPROVED_DA_fee,29.734368737474952,0.052983662976995194
IMPROVED_DA_fee,29.744829659318636,0.051793264128994154
IMPROVED_DA_fee,29.755290581162324,0.05063337391815413
IMPROVED_DA_fee,29.765751503006012,0.049503824592287624
IMPROVED_DA_fee,29.7762124248497,0.04840436545110103
IMPROVED_DA_fee,29.786673346693387,0.04733467038828536
IMPROVED_DA_fee,29.797134268537075,0.04629434567405795
IMPROVED_DA_fee,29.807595190380763,0.04528293789227649
IMPROVED_DA_fee,29.818056112224447,0.04429994194284426
IMPROVED_DA_fee,29.828517034068135,0.04334480901812691
IMPROVED_DA_fee,29.838977955911822,0.042416954461630504
IMPROVED_DA_fee,29.84943887775551,0.041515765418334453
IMPROVED_DA_fee,29.859899799599198,0.0406406081889002
IMPROVED_DA_fee,29.870360721442886,0.039790835204447005
IMPROVED_DA_fee,29.880821643286573,0.03896579154470807
IMPROVED_DA_fee,29.89128256513026,0.03816482093002035
IMPROVED_DA_fee,29.90174348697395,0.03738727112666276
IMPROVED_DA_fee,29.912204408817637,0.036632498715329746
IMPROVED_DA_fee,29.922665330661324,0.03589987318384722
IMPROVED_DA_fee,29.933126252505012,0.035188780317328354
IMPROVED_DA_fee,29.943587174348696,0.03449862487157597
IMPROVED_DA_fee,29.954048096192384,0.03382883252840081
IMPROVED_DA_fee,29.964509018036072,0.03317885114433936
IMPROVED_DA_fee,29.97496993987976,0.03254815131671341
IMPROVED_DA_fee,29.985430861723447,0.03193622630284103
IMPROVED_DA_fee,29.995891783567135,0.03134259133916135
IMPROVED_DA_fee,30.006352705410823,0.030766782416868123
IMPROVED_DA_fee,30.016813627254507,0.030208354579113902
IMPROVED_DA_fee,30.027274549098195,0.02966687981178259
IMPROVED_DA_fee,30.037735470941882,0.02914194460508798
IMPROVED_DA_fee,30.04819639278557,0.028633147266713527
IMPROVED_DA_fee,30.058657314629258,0.0281400950688553
IMPROVED_DA_fee,30.069118236472946,0.027662401311317118
IMPROVED_DA_fee,30.079579158316633,0.027199682380788834
IMPROVED_DA_fee,30.09004008016032,0.026751554882714117
IMPROVED_DA_fee,30.10050100200401,0.026317632916817015
IMPROVED_DA_fee,30.110961923847697,0.025897525560619715
IMPROVED_DA_fee,30.121422845691384,0.02549083461729009
IMPROVED_DA_fee,30.131883767535072,0.025097152675198787
IMPROVED_DA_fee,30.142344689378756,0.02471606151683074
IMPROVED_DA_fee,30.152805611222444,0.024347130904487327
IMPROVED_DA_fee,30.163266533066132,0.02398991775980314
IMPROVED_DA_fee,30.17372745490982,0.02364396574370904
IMPROVED_DA_fee,30.184188376753507,0.023308805233438805
IMPROVED_DA_fee,30.194649298597195,0.02298395368366731
IMPROVED_DA_fee,30.205110220440883,0.02266891635015964
IMPROVED_DA_fee,30.215571142284567,0.02236318734658796
IMPROVED_DA_fee,30.226032064128255,0.022066250998576724
IMPROVED_DA_fee,30.236492985971942,0.021777583453743785
IMPROVED_DA_fee,30.24695390781563,0.021496654502540825
IMPROVED_DA_fee,30.257414829659318,0.021222929562181088
IMPROVED_DA_fee,30.267875751503006,0.02095587177482173
IMPROVED_DA_fee,30.278336673346693,0.020694944171449743
IMPROVED_DA_fee,30.28879759519038,0.020439611854526876
IMPROVED_DA_fee,30.29925851703407,0.0201893441552594
IMPROVED_DA_fee,30.309719438877757,0.01994361672526846
IMPROVED_DA_fee,30.320180360721444,0.019701913527254054
IMPROVED_DA_fee,30.330641282565132,0.019463728694807295
IMPROVED_DA_fee,30.341102204408816,0.01922856823763603
IMPROVED_DA_fee,30.351563126252504,0.01899595157490415
IMPROVED_DA_fee,30.362024048096192,0.01876541288595966
IMPROVED_DA_fee,30.37248496993988,0.018536502274222107
IMPROVED_DA_fee,30.382945891783567,0.01830878674622115
IMPROVED_DA_fee,30.393406813627255,0.018081851013559233
IMPROVED_DA_fee,30.403867735470943,0.017855298130726227
IMPROVED_DA_fee,30.41432865731463,0.01762874998611838
IMPROVED_DA_fee,30.424789579158315,0.01740184766716782
IMPROVED_DA_fee,30.435250501002002,0.017174251723111142
IMPROVED_DA_fee,30.44571142284569,0.01694564235057126
IMPROVED_DA_fee,30.456172344689378,0.016715719527747964
IMPROVED_DA_fee,30.466633266533066,0.01648420312267229
IMPROVED_DA_fee,30.477094188376753,0.016250832999671568
IMPROVED_DA_fee,30.48755511022044,0.01601536914601855
IMPROVED_DA_fee,30.49801603206413,0.015777591837789436
IMPROVED_DA_fee,30.508476953907817,0.015537301860329993
IMPROVED_DA_fee,30.518937875751504,0.015294320794590931
IMPROVED_DA_fee,30.529398797595192,0.015048491376056796
IMPROVED_DA_fee,30.53985971943888,0.014799677928231338
IMPROVED_DA_fee,30.550320641282564,0.014547766867810076
IMPROVED_DA_fee,30.560781563126252,0.014292667273910164
IMPROVED_DA_fee,30.57124248496994,0.014034311509205165
IMPROVED_DA_fee,30.581703406813627,0.013772655876649486
IMPROVED_DA_fee,30.592164328657315,0.013507681291816198
IMPROVED_DA_fee,30.602625250501003,0.013239393947800684
IMPROVED_DA_fee,30.61308617234469,0.012967825947262023
IMPROVED_DA_fee,30.623547094188375,0.012693035874552776
IMPROVED_DA_fee,30.634008016032062,0.012415109280050697
IMPROVED_DA_fee,30.64446893787575,0.012134159048795046
IMPROVED_DA_fee,30.654929859719438,0.011850325626327733
IMPROVED_DA_fee,30.665390781563126,0.011563777076219353
IMPROVED_DA_fee,30.675851703406813,0.011274708946091406
IMPROVED_DA_fee,30.6863126252505,0.010983343921931569
IMPROVED_DA_fee,30.69677354709419,0.01068993125409639
IMPROVED_DA_fee,30.707234468937877,0.010394745942468978
IMPROVED_DA_fee,30.717695390781564,0.010098087672706665
IMPROVED_DA_fee,30.728156312625252,0.009800279500255736
IMPROVED_DA_fee,30.73861723446894,0.009501666283694879
IMPROVED_DA_fee,30.749078156312624,0.009202612873888951
IMPROVED_DA_fee,30.759539078156312,0.008903502070273617
IMPROVED_DA_fee,30.77,0.008604732360217512
IMPROVED_BA_fee,25.38,0.016145539979601782
IMPROVED_BA_fee,25.387474949899797,0.016851089371147675
IMPROVED_BA_fee,25.3949498997996,0.01757872907270904
IMPROVED_BA_fee,25.402424849699397,0.01832958615161126
IMPROVED_BA_fee,25.4098997995992,0.019104878780573625
IMPROVED_BA_fee,25.417374749498997,0.01990591285128121
IMPROVED_BA_fee,25.424849699398795,0.0207340774335635
IMPROVED_BA_fee,25.432324649298597,0.021590839125623672
IMPROVED_BA_fee,25.439799599198395,0.022477735360464747
IMPROVED_BA_fee,25.447274549098196,0.023396366752425686
IMPROVED_BA_fee,25.454749498997995,0.024348388585143887
IMPROVED_BA_fee,25.462224448897796,0.02533550155795831
IMPROVED_BA_fee,25.469699398797594,0.026359441921340737
IMPROVED_BA_fee,25.477174348697393,0.02742197114317333
IMPROVED_BA_fee,25.484649298597194,0.028524865256233597
IMPROVED_BA_fee,25.492124248496992,0.02966990404295854
IMPROVED_BA_fee,25.499599198396794,0.030858860216270687
IMPROVED_BA_fee,25.507074148296592,0.03209348875489249
IMPROVED_BA_fee,25.51454909819639,0.0333755165481668
IMPROVED_BA_fee,25.522024048096192,0.03470663249892675
IMPROVED_BA_fee,25.52949899799599,0.036088478223690414
IMPROVED_BA_fee,25.536973947895792,0.03752263947743644
IMPROVED_BA_fee,25.54444889779559,0.03901063841579717
IMPROVED_BA_fee,25.551923847695388,0.04055392679100104
IMPROVED_BA_fee,25.55939879759519,0.04215388015962051
IMPROVED_BA_fee,25.566873747494988,0.04381179316057915
IMPROVED_BA_fee,25.57434869739479,0.04552887590136642
IMPROVED_BA_fee,25.581823647294588,0.04730625146944077
IMPROVED_BA_fee,25.58929859719439,0.049144954564889536
IMPROVED_BA_fee,25.596773547094188,0.05104593122988629
IMPROVED_BA_fee,25.604248496993986,0.05301003963104054
IMPROVED_BA_fee,25.611723446893787,0.055038051832453916
IMPROVED_BA_fee,25.619198396793585,0.05713065648092095
IMPROVED_BA_fee,25.626673346693387,0.05928846231031834
IMPROVED_BA_fee,25.634148296593185,0.06151200236024494
IMPROVED_BA_fee,25.641623246492983,0.06380173879462273
IMPROVED_BA_fee,25.649098196392785,0.06615806819928176
IMPROVED_BA_fee,25.656573146292583,0.0685813272338663
IMPROVED_BA_fee,25.664048096192385,0.07107179851246472
IMPROVED_BA_fee,25.671523046092183,0.07362971658921973
IMPROVED_BA_fee,25.678997995991985,0.07625527392987196
IMPROVED_BA_fee,25.686472945891783,0.07894862675710997
IMPROVED_BA_fee,25.69394789579158,0.08170990066693405
IMPROVED_BA_fee,25.701422845691383,0.08453919592434
IMPROVED_BA_fee,25.70889779559118,0.08743659235926271
IMPROVED_BA_fee,25.716372745490983,0.0904021537975261
IMPROVED_BA_fee,25.72384769539078,0.09343593197586504
IMPROVED_BA_fee,25.73132264529058,0.09653796990492497
IMPROVED_BA_fee,25.73879759519038,0.09970830465848307
IMPROVED_BA_fee,25.74627254509018,0.10294696958107606
IMPROVED_BA_fee,25.75374749498998,0.10625399591915033
IMPROVED_BA_fee,25.76122244488978,0.10962941389227357
IMPROVED_BA_fee,25.768697394789577,0.11307325323094182
IMPROVED_BA_fee,25.77617234468938,0.11658554321549654
IMPROVED_BA_fee,25.783647294589176,0.12016631225664706
IMPROVED_BA_fee,25.791122244488978,0.12381558706202651
IMPROVED_BA_fee,25.798597194388776,0.12753339143480258
IMPROVED_BA_fee,25.806072144288578,0.13131974475021826
IMPROVED_BA_fee,25.813547094188376,0.13517466015348248
IMPROVED_BA_fee,25.821022044088174,0.13909814251857408
IMPROVED_BA_fee,25.828496993987976,0.14309018620201586
IMPROVED_BA_fee,25.835971943887774,0.1471507726191408
IMPROVED_BA_fee,25.843446893787576,0.1512798676630221
IMPROVED_BA_fee,25.850921843687374,0.15547741897850492
IMPROVED_BA_fee,25.858396793587172,0.1597433530961225
IMPROVED_BA_fee,25.865871743486974,0.164077572423294
IMPROVED_BA_fee,25.87334669338677,0.16847995208368255
IMPROVED_BA_fee,25.880821643286573,0.172950336590256
IMPROVED_BA_fee,25.88829659318637,0.17748853633338377
IMPROVED_BA_fee,25.89577154308617,0.1820943238630357
IMPROVED_BA_fee,25.90324649298597,0.18676742994344026
IMPROVED_BA_fee,25.91072144288577,0.19150753935981482
IMPROVED_BA_fee,25.91819639278557,0.196314286459867
IMPROVED_BA_fee,25.92567134268537,0.20118725041764812
IMPROVED_BA_fee,25.93314629258517,0.20612595021394348
IMPROVED_BA_fee,25.94062124248497,0.21112983933512472
IMPROVED_BA_fee,25.948096192384767,0.21619830020174133
IMPROVED_BA_fee,25.95557114228457,0.22133063834766611
IMPROVED_BA_fee,25.963046092184367,0.22652607638105549
IMPROVED_BA_fee,25.97052104208417,0.2317837477685031
IMPROVED_BA_fee,25.977995991983967,0.2371026904936043
IMPROVED_BA_fee,25.985470941883765,0.24248184065021397
IMPROVED_BA_fee,25.992945891783567,0.24792002603830826
IMPROVED_BA_fee,26.000420841683365,0.25341595983686
IMPROVED_BA_fee,26.007895791583167,0.25896823443252437
IMPROVED_BA_fee,26.015370741482965,0.264575315485338
IMPROVED_BA_fee,26.022845691382763,0.27023553631323943
IMPROVED_BA_fee,26.030320641282565,0.2759470926751642
IMPROVED_BA_fee,26.037795591182363,0.2817080380287202
IMPROVED_BA_fee,26.045270541082164,0.287516279332499
IMPROVED_BA_fee,26.052745490981962,0.29336957345534476
IMPROVED_BA_fee,26.060220440881764,0.29926552424589853
IMPROVED_BA_fee,26.067695390781562,0.3052015803051817
IMPROVED_BA_fee,26.07517034068136,0.3111750334943108
IMPROVED_BA_fee,26.082645290581162,0.3171830181978568
IMPROVED_BA_fee,26.09012024048096,0.32322251135231533
IMPROVED_BA_fee,26.097595190380762,0.3292903332387823
IMPROVED_BA_fee,26.10507014028056,0.3353831490292294
IMPROVED_BA_fee,26.112545090180358,0.34149747106796163
IMPROVED_BA_fee,26.12002004008016,0.3476296618635233
IMPROVED_BA_fee,26.127494989979958,0.3537759377621123
IMPROVED_BA_fee,26.13496993987976,0.35993237327175603
IMPROVED_BA_fee,26.142444889779558,0.36609490600662375
IMPROVED_BA_fee,26.14991983967936,0.3722593422238828
IMPROVED_BA_fee,26.157394789579158,0.3784213629301177
IMPROVED_BA_fee,26.164869739478956,0.38457653054141455
IMPROVED_BA_fee,26.172344689378757,0.39072029608982833
IMPROVED_BA_fee,26.179819639278556,0.3968480069788373
IMPROVED_BA_fee,26.187294589178357,0.4029549153012969
IMPROVED_BA_fee,26.194769539078155,0.40903618674451986
IMPROVED_BA_fee,26.202244488977954,0.41508691011818727
IMPROVED_BA_fee,26.209719438877755,0.42110210755093125
IMPROVED_BA_fee,26.217194388777553,0.42707674541032187
IMPROVED_BA_fee,26.224669338677355,0.43300574600810726
IMPROVED_BA_fee,26.232144288577153,0.4388840001568639
IMPROVED_BA_fee,26.23961923847695,0.4447063806461164
IMPROVED_BA_fee,26.247094188376753,0.45046775670420947
IMPROVED_BA_fee,26.25456913827655,0.4561630095071324
IMPROVED_BA_fee,26.262044088176353,0.46178704878641863
IMPROVED_BA_fee,26.26951903807615,0.4673348305754571
IMPROVED_BA_fee,26.276993987975953,0.4728013761168212
IMPROVED_BA_fee,26.28446893787575,0.4781817919326813
IMPROVED_BA_fee,26.29194388777555,0.4834712910366299
IMPROVED_BA_fee,26.29941883767535,0.4886652152380758
IMPROVED_BA_fee,26.30689378757515,0.4937590584608278
IMPROVED_BA_fee,26.31436873747495,0.4987484909657937
IMPROVED_BA_fee,26.32184368737475,0.503629384334585
IMPROVED_BA_fee,26.329318637274547,0.5083978370372081
IMPROVED_BA_fee,26.33679358717435,0.513050200373173
IMPROVED_BA_fee,26.344268537074147,0.5175831045428964
IMPROVED_BA_fee,26.351743486973948,0.5219934845751716
IMPROVED_BA_fee,26.359218436873746,0.5262786058081852
IMPROVED_BA_fee,26.366693386773548,0.530436088596742
IMPROVED_BA_fee,26.374168336673346,0.5344639318975499
IMPROVED_BA_fee,26.381643286573144,0.5383605353688203
IMPROVED_BA_fee,26.389118236472946,0.5421247196101769
IMPROVED_BA_fee,26.396593186372744,0.5457557441649827
IMPROVED_BA_fee,26.404068136272546,0.5492533229099132
IMPROVED_BA_fee,26.411543086172344,0.552617636466199
IMPROVED_BA_fee,26.419018036072142,0.5558493412840744
IMPROVED_BA_fee,26.426492985971944,0.5589495750761174
IMPROVED_BA_fee,26.433967935871742,0.5619199583068564
IMPROVED_BA_fee,26.441442885771544,0.5647625914847079
IMPROVED_BA_fee,26.44891783567134,0.5674800480477938
IMPROVED_BA_fee,26.45639278557114,0.5700753626869886
IMPROVED_BA_fee,26.46386773547094,0.5725520150069753
IMPROVED_BA_fee,26.47134268537074,0.5749139084884246
IMPROVED_BA_fee,26.47881763527054,0.5771653447807256
IMPROVED_BA_fee,26.48629258517034,0.5793109934239011
IMPROVED_BA_fee,26.49376753507014,0.5813558571695
IMPROVED_BA_fee,26.50124248496994,0.5833052331417719
IMPROVED_BA_fee,26.508717434869737,0.5851646701514716
IMPROVED_BA_fee,26.51619238476954,0.5869399225434383
IMPROVED_BA_fee,26.523667334669337,0.5886369010245651
IMPROVED_BA_fee,26.53114228456914,0.5902616209793593
IMPROVED_BA_fee,26.538617234468937,0.591820148834855
IMPROVED_BA_fee,26.546092184368735,0.5933185470836847
IMPROVED_BA_fee,26.553567134268537,0.594762818612692
IMPROVED_BA_fee,26.561042084168335,0.5961588510132644
IMPROVED_BA_fee,26.568517034068137,0.5975123615680358
IMPROVED_BA_fee,26.575991983967935,0.5988288436155667
IMPROVED_BA_fee,26.583466933867733,0.6001135149899979
IMPROVED_BA_fee,26.590941883767535,0.6013712692158368
IMPROVED_BA_fee,26.598416833667333,0.6026066301091363
IMPROVED_BA_fee,26.605891783567134,0.6038237103954305
IMPROVED_BA_fee,26.613366733466933,0.6050261749024389
IMPROVED_BA_fee,26.620841683366734,0.6062172088223714
IMPROVED_BA_fee,26.628316633266532,0.6073994914657113
IMPROVED_BA_fee,26.63579158316633,0.6085751758467003
IMPROVED_BA_fee,26.643266533066132,0.6097458743519588
IMPROVED_BA_fee,26.65074148296593,0.6109126506492696
IMPROVED_BA_fee,26.658216432865732,0.6120760178952633
IMPROVED_BA_fee,26.66569138276553,0.6132359432006016
IMPROVED_BA_fee,26.67316633266533,0.6143918582111544
IMPROVED_BA_fee,26.68064128256513,0.6155426755655414
IMPROVED_BA_fee,26.688116232464928,0.616686810895582
IMPROVED_BA_fee,26.69559118236473,0.6178222099481081
IMPROVED_BA_fee,26.703066132264528,0.6189463803267163
IMPROVED_BA_fee,26.710541082164326,0.6200564272815069
IMPROVED_BA_fee,26.718016032064128,0.62114909291559
IMPROVED_BA_fee,26.725490981963926,0.6222207981301772
IMPROVED_BA_fee,26.732965931863728,0.6232676865965521
IMPROVED_BA_fee,26.740440881763526,0.624285670023804
IMPROVED_BA_fee,26.747915831663327,0.6252704739863576
IMPROVED_BA_fee,26.755390781563126,0.6262176835849815
IMPROVED_BA_fee,26.762865731462924,0.6271227882391746
IMPROVED_BA_fee,26.770340681362725,0.6279812249465807
IMPROVED_BA_fee,26.777815631262524,0.6287884193959823
IMPROVED_BA_fee,26.785290581162325,0.6295398243828172
IMPROVED_BA_fee,26.792765531062123,0.6302309550489827
IMPROVED_BA_fee,26.80024048096192,0.6308574205500159
IMPROVED_BA_fee,26.807715430861723,0.6314149518407786
IMPROVED_BA_fee,26.81519038076152,0.6318994253635458
IMPROVED_BA_fee,26.822665330661323,0.6323068825177087
IMPROVED_BA_fee,26.83014028056112,0.632633544886054
IMPROVED_BA_fee,26.83761523046092,0.6328758252865584
IMPROVED_BA_fee,26.84509018036072,0.633030334808862
IMPROVED_BA_fee,26.85256513026052,0.6330938860788543
IMPROVED_BA_fee,26.86004008016032,0.6330634930714655
IMPROVED_BA_fee,26.86751503006012,0.6329363678591361
IMPROVED_BA_fee,26.87498997995992,0.6327099147399637
IMPROVED_BA_fee,26.88246492985972,0.6323817222342979
IMPROVED_BA_fee,26.889939879759517,0.6319495534703845
IMPROVED_BA_fee,26.89741482965932,0.6314113354984082
IMPROVED_BA_fee,26.904889779559117,0.6307651480772482
IMPROVED_BA_fee,26.91236472945892,0.630009212469798
IMPROVED_BA_fee,26.919839679358716,0.629141880761205
IMPROVED_BA_fee,26.927314629258515,0.6281616261802925
IMPROVED_BA_fee,26.934789579158316,0.6270670348589623
IMPROVED_BA_fee,26.942264529058114,0.6258567994086395
IMPROVED_BA_fee,26.949739478957916,0.6245297146281269
IMPROVED_BA_fee,26.957214428857714,0.6230846755855862
IMPROVED_BA_fee,26.964689378757512,0.621520678240006
IMPROVED_BA_fee,26.972164328657314,0.6198368226868564
IMPROVED_BA_fee,26.979639278557112,0.6180323190303113
IMPROVED_BA_fee,26.987114228456914,0.6161064958024219
IMPROVED_BA_fee,26.994589178356712,0.6140588107701637
IMPROVED_BA_fee,27.002064128256514,0.6118888638958998
IMPROVED_BA_fee,27.009539078156312,0.6095964121475502
IMPROVED_BA_fee,27.01701402805611,0.6071813857930283
IMPROVED_BA_fee,27.02448897795591,0.6046439057611861
IMPROVED_BA_fee,27.03196392785571,0.6019843016090722
IMPROVED_BA_fee,27.03943887775551,0.5992031296047068
IMPROVED_BA_fee,27.04691382765531,0.5963011904156617
IMPROVED_BA_fee,27.05438877755511,0.5932795458876684
IMPROVED_BA_fee,27.06186372745491,0.5901395344038133
IMPROVED_BA_fee,27.069338677354708,0.586882784334103
IMPROVED_BA_fee,27.07681362725451,0.5835112251163456
IMPROVED_BA_fee,27.084288577154307,0.5800270955520785
IMPROVED_BA_fee,27.09176352705411,0.5764329489544231
IMPROVED_BA_fee,27.099238476953907,0.5727316548474739
IMPROVED_BA_fee,27.106713426853705,0.5689263969870673
IMPROVED_BA_fee,27.114188376753507,0.5650206675496423
IMPROVED_BA_fee,27.121663326653305,0.5610182574170056
IMPROVED_BA_fee,27.129138276553107,0.556923242568653
IMPROVED_BA_fee,27.136613226452905,0.5527399666777982
IMPROVED_BA_fee,27.144088176352703,0.5484730200902721
IMPROVED_BA_fee,27.151563126252505,0.5441272154454375
IMPROVED_BA_fee,27.159038076152303,0.5397075602727807
IMPROVED_BA_fee,27.166513026052105,0.535219226965446
IMPROVED_BA_fee,27.173987975951903,0.5306675205911717
IMPROVED_BA_fee,27.181462925851704,0.526057845049722
IMPROVED_BA_fee,27.188937875751503,0.521395668123824
IMPROVED_BA_fee,27.1964128256513,0.5166864859958782
IMPROVED_BA_fee,27.203887775551102,0.5119357878151937
IMPROVED_BA_fee,27.2113627254509,0.5071490208998762
IMPROVED_BA_fee,27.218837675350702,0.5023315571433207
IMPROVED_BA_fee,27.2263126252505,0.49748866116842916
IMPROVED_BA_fee,27.2337875751503,0.49262546073304053
IMPROVED_BA_fee,27.2412625250501,0.487746919839475
IMPROVED_BA_fee,27.2487374749499,0.4828578149398734
IMPROVED_BA_fee,27.2562124248497,0.4779627145591236
IMPROVED_BA_fee,27.263687374749498,0.47306596258045136
IMPROVED_BA_fee,27.271162324649296,0.46817166535647353
IMPROVED_BA_fee,27.278637274549098,0.4632836827234021
IMPROVED_BA_fee,27.286112224448896,0.45840562290978604
IMPROVED_BA_fee,27.293587174348698,0.45354084124592975
IMPROVED_BA_fee,27.301062124248496,0.4486924424983716
IMPROVED_BA_fee,27.308537074148298,0.44386328657682345
IMPROVED_BA_fee,27.316012024048096,0.4390559972917562
IMPROVED_BA_fee,27.323486973947894,0.4342729737799422
IMPROVED_BA_fee,27.330961923847696,0.42951640416512904
IMPROVED_BA_fee,27.338436873747494,0.4247882809823018
IMPROVED_BA_fee,27.345911823647295,0.42009041786776846
IMPROVED_BA_fee,27.353386773547093,0.41542446700423646
IMPROVED_BA_fee,27.36086172344689,0.41079193681008
IMPROVED_BA_fee,27.368336673346693,0.4061942093753964
IMPROVED_BA_fee,27.37581162324649,0.40163255717331686
IMPROVED_BA_fee,27.383286573146293,0.39710815861268756
IMPROVED_BA_fee,27.39076152304609,0.3926221120468181
IMPROVED_BA_fee,27.39823647294589,0.3881754479104529
IMPROVED_BA_fee,27.40571142284569,0.3837691387223669
IMPROVED_BA_fee,27.41318637274549,0.3794041067618424
IMPROVED_BA_fee,27.42066132264529,0.37508122930171517
IMPROVED_BA_fee,27.42813627254509,0.37080134135682447
IMPROVED_BA_fee,27.43561122244489,0.36656523598208385
IMPROVED_BA_fee,27.44308617234469,0.3623736622272826
IMPROVED_BA_fee,27.450561122244487,0.35822732092386766
IMPROVED_BA_fee,27.45803607214429,0.3541268585406259
IMPROVED_BA_fee,27.465511022044087,0.3500728593988158
IMPROVED_BA_fee,27.47298597194389,0.34606583658131884
IMPROVED_BA_fee,27.480460921843687,0.34210622190399154
IMPROVED_BA_fee,27.487935871743485,0.33819435533947034
IMPROVED_BA_fee,27.495410821643286,0.3343304742943079
IMPROVED_BA_fee,27.502885771543085,0.33051470313873565
IMPROVED_BA_fee,27.510360721442886,0.32674704337556654
IMPROVED_BA_fee,27.517835671342684,0.32302736481083516
IMPROVED_BA_fee,27.525310621242483,0.31935539805480334
IMPROVED_BA_fee,27.532785571142284,0.31573072863937224
IMPROVED_BA_fee,27.540260521042082,0.31215279298768217
IMPROVED_BA_fee,27.547735470941884,0.30862087641592606
IMPROVED_BA_fee,27.555210420841682,0.30513411328750795
IMPROVED_BA_fee,27.562685370741484,0.3016914893776534
IMPROVED_BA_fee,27.570160320641282,0.29829184644450757
IMPROVED_BA_fee,27.57763527054108,0.2949338889418988
IMPROVED_BA_fee,27.585110220440882,0.2916161927519234
IMPROVED_BA_fee,27.59258517034068,0.28833721576309806
IMPROVED_BA_fee,27.60006012024048,0.2850953100739642
IMPROVED_BA_fee,27.60753507014028,0.2818887355639038
IMPROVED_BA_fee,27.61501002004008,0.2787156745431642
IMPROVED_BA_fee,27.62248496993988,0.27557424717373186
IMPROVED_BA_fee,27.629959919839678,0.2724625273418324
IMPROVED_BA_fee,27.63743486973948,0.2693785586617068
IMPROVED_BA_fee,27.644909819639278,0.26632037029861905
IMPROVED_BA_fee,27.652384769539076,0.2632859923161243
IMPROVED_BA_fee,27.659859719438877,0.2602734702780997
IMPROVED_BA_fee,27.667334669338675,0.25728087886846396
IMPROVED_BA_fee,27.674809619238477,0.2543063343298354
IMPROVED_BA_fee,27.682284569138275,0.2513480055655629
IMPROVED_BA_fee,27.689759519038077,0.24840412379557683
IMPROVED_BA_fee,27.697234468937875,0.24547299070443548
IMPROVED_BA_fee,27.704709418837673,0.24255298506778636
IMPROVED_BA_fee,27.712184368737475,0.2396425678902108
IMPROVED_BA_fee,27.719659318637273,0.23674028613119713
IMPROVED_BA_fee,27.727134268537075,0.23384477513592186
IMPROVED_BA_fee,27.734609218436873,0.2309547599223598
IMPROVED_BA_fee,27.742084168336675,0.228069055504953
IMPROVED_BA_fee,27.749559118236473,0.22518656645715593
IMPROVED_BA_fee,27.75703406813627,0.22230628592994617
IMPROVED_BA_fee,27.764509018036073,0.21942729435079564
IMPROVED_BA_fee,27.77198396793587,0.21654875802732254
IMPROVED_BA_fee,27.77945891783567,0.21366992787240371
IMPROVED_BA_fee,27.78693386773547,0.21079013845313382
IMPROVED_BA_fee,27.79440881763527,0.20790880754525198
IMPROVED_BA_fee,27.80188376753507,0.20502543634833936
IMPROVED_BA_fee,27.80935871743487,0.20213961048621576
IMPROVED_BA_fee,27.81683366733467,0.19925100188223505
IMPROVED_BA_fee,27.82430861723447,0.19635937156199668
IMPROVED_BA_fee,27.831783567134266,0.19346457339718906
IMPROVED_BA_fee,27.839258517034068,0.19056655876524406
IMPROVED_BA_fee,27.846733466933866,0.1876653820609335
IMPROVED_BA_fee,27.854208416833668,0.1847612069593785
IMPROVED_BA_fee,27.861683366733466,0.1818543132958859
IMPROVED_BA_fee,27.869158316633268,0.17894510439743386
IMPROVED_BA_fee,27.876633266533066,0.17603411467430774
IMPROVED_BA_fee,27.884108216432864,0.17312201725885673
IMPROVED_BA_fee,27.891583166332666,0.1702096314620247
IMPROVED_BA_fee,27.899058116232464,0.16729792980760053
IMPROVED_BA_fee,27.906533066132262,0.16438804439899538
IMPROVED_BA_fee,27.914008016032064,0.1614812723740938
IMPROVED_BA_fee,27.92148296593186,0.15857908020983916
IMPROVED_BA_fee,27.928957915831663,0.15568310664980314
IMPROVED_BA_fee,27.93643286573146,0.15279516404455232
IMPROVED_BA_fee,27.943907815631263,0.14991723791564884
IMPROVED_BA_fee,27.95138276553106,0.147051484579282
IMPROVED_BA_fee,27.95885771543086,0.1442002266941058
IMPROVED_BA_fee,27.96633266533066,0.14136594662929927
IMPROVED_BA_fee,27.97380761523046,0.13855127758257677
IMPROVED_BA_fee,27.98128256513026,0.13575899241309178
IMPROVED_BA_fee,27.98875751503006,0.13299199019054017
IMPROVED_BA_fee,27.99623246492986,0.13025328049821042
IMPROVED_BA_fee,28.00370741482966,0.12754596556424913
IMPROVED_BA_fee,28.011182364729457,0.12487322033088978
IMPROVED_BA_fee,28.01865731462926,0.12223827060573979
IMPROVED_BA_fee,28.026132264529057,0.11964436947174639
IMPROVED_BA_fee,28.033607214428855,0.11709477216284715
IMPROVED_BA_fee,28.041082164328657,0.11459270964011684
IMPROVED_BA_fee,28.048557114228455,0.11214136112821768
IMPROVED_BA_fee,28.056032064128257,0.10974382589369709
IMPROVED_BA_fee,28.063507014028055,0.10740309456520447
IMPROVED_BA_fee,28.070981963927856,0.1051220203103573
IMPROVED_BA_fee,28.078456913827655,0.1029032901951775
IMPROVED_BA_fee,28.085931863727453,0.10074939705906062
IMPROVED_BA_fee,28.093406813627254,0.0986626122414199
IMPROVED_BA_fee,28.100881763527052,0.09664495949518918
IMPROVED_BA_fee,28.108356713426854,0.09469819041729748
IMPROVED_BA_fee,28.115831663326652,0.09282376171703179
IMPROVED_BA_fee,28.123306613226454,0.09102281462985529
IMPROVED_BA_fee,28.130781563126252,0.08929615676691682
IMPROVED_BA_fee,28.13825651302605,0.08764424666909533
IMPROVED_BA_fee,28.145731462925852,0.08606718130928169
IMPROVED_BA_fee,28.15320641282565,0.08456468675777427
IMPROVED_BA_fee,28.16068136272545,0.08313611219343663
IMPROVED_BA_fee,28.16815631262525,0.08178042740790635
IMPROVED_BA_fee,28.175631262525048,0.08049622391196364
IMPROVED_BA_fee,28.18310621242485,0.0792817197126519
IMPROVED_BA_fee,28.190581162324648,0.07813476778716621
IMPROVED_BA_fee,28.19805611222445,0.07705286823557281
IMPROVED_BA_fee,28.205531062124248,0.07603318404952927
IMPROVED_BA_fee,28.213006012024046,0.07507256038894089
IMPROVED_BA_fee,28.220480961923847,0.07416754721358716
IMPROVED_BA_fee,28.227955911823646,0.07331442507279821
IMPROVED_BA_fee,28.235430861723447,0.07250923381394728
IMPROVED_BA_fee,28.242905811623245,0.07174780393051619
IMPROVED_BA_fee,28.250380761523047,0.0710257902334543
IMPROVED_BA_fee,28.257855711422845,0.07033870749617281
IMPROVED_BA_fee,28.265330661322643,0.06968196769430277
IMPROVED_BA_fee,28.272805611222445,0.06905091843700273
IMPROVED_BA_fee,28.280280561122243,0.06844088216746753
IMPROVED_BA_fee,28.287755511022045,0.0678471956968869
IMPROVED_BA_fee,28.295230460921843,0.06726524962869454
IMPROVED_BA_fee,28.30270541082164,0.06669052722876422
IMPROVED_BA_fee,28.310180360721443,0.0661186423023862
IMPROVED_BA_fee,28.31765531062124,0.06554537565033543
IMPROVED_BA_fee,28.325130260521043,0.06496670969405559
IMPROVED_BA_fee,28.33260521042084,0.0643788608836772
IMPROVED_BA_fee,28.34008016032064,0.06377830953186084
IMPROVED_BA_fee,28.34755511022044,0.06316182675094228
IMPROVED_BA_fee,28.35503006012024,0.06252649820989496
IMPROVED_BA_fee,28.36250501002004,0.06186974447063456
IMPROVED_BA_fee,28.36997995991984,0.06118933770942438
IMPROVED_BA_fee,28.37745490981964,0.06048341467780718
IMPROVED_BA_fee,28.38492985971944,0.0597504858077868
IMPROVED_BA_fee,28.392404809619237,0.05898944041703937
IMPROVED_BA_fee,28.399879759519038,0.05819954802091994
IMPROVED_BA_fee,28.407354709418836,0.05738045580808927
IMPROVED_BA_fee,28.414829659318638,0.056532182384889516
IMPROVED_BA_fee,28.422304609218436,0.05565510793945482
IMPROVED_BA_fee,28.429779559118238,0.05474996101914936
IMPROVED_BA_fee,28.437254509018036,0.05381780215375939
IMPROVED_BA_fee,28.444729458917834,0.052860004591308525
IMPROVED_BA_fee,28.452204408817636,0.051878232443070674
IMPROVED_BA_fee,28.459679358717434,0.0508744165588615
IMPROVED_BA_fee,28.467154308617232,0.04985072847289648
IMPROVED_BA_fee,28.474629258517034,0.04880955277420496
IMPROVED_BA_fee,28.482104208416832,0.04775345826378758
IMPROVED_BA_fee,28.489579158316634,0.046685168263454424
IMPROVED_BA_fee,28.49705410821643,0.045607530438840506
IMPROVED_BA_fee,28.504529058116233,0.04452348649158331
IMPROVED_BA_fee,28.51200400801603,0.04343604206352652
IMPROVED_BA_fee,28.51947895791583,0.04234823717938135
IMPROVED_BA_fee,28.52695390781563,0.04126311753407689
IMPROVED_BA_fee,28.53442885771543,0.04018370690741521
IMPROVED_BA_fee,28.54190380761523,0.039112980962273905
IMPROVED_BA_fee,28.54937875751503,0.03805384265390666
IMPROVED_BA_fee,28.55685370741483,0.03700909944741869
IMPROVED_BA_fee,28.56432865731463,0.03598144250881994
IMPROVED_BA_fee,28.571803607214427,0.03497342800261942
IMPROVED_BA_fee,28.57927855711423,0.033987460596319845
IMPROVED_BA_fee,28.586753507014027,0.03302577923971577
IMPROVED_BA_fee,28.594228456913825,0.03209044525517018
IMPROVED_BA_fee,28.601703406813627,0.03118333274436736
IMPROVED_BA_fee,28.609178356713425,0.030306121287725037
IMPROVED_BA_fee,28.616653306613227,0.02946029088511677
IMPROVED_BA_fee,28.624128256513025,0.028647119061005578
IMPROVED_BA_fee,28.631603206412827,0.027867680033759834
IMPROVED_BA_fee,28.639078156312625,0.027122845828057563
IMPROVED_BA_fee,28.646553106212423,0.026413289190982674
IMPROVED_BA_fee,28.654028056112224,0.0257394881568768
IMPROVED_BA_fee,28.661503006012023,0.025101732093226248
IMPROVED_BA_fee,28.668977955911824,0.024500129049991035
IMPROVED_BA_fee,28.676452905811622,0.02393461422780454
IMPROVED_BA_fee,28.683927855711424,0.023404959376343317
IMPROVED_BA_fee,28.691402805611222,0.0229107829329642
IMPROVED_BA_fee,28.69887775551102,0.02245156071324336
IMPROVED_BA_fee,28.706352705410822,0.022026636969331336
IMPROVED_BA_fee,28.71382765531062,0.021635235638890565
IMPROVED_BA_fee,28.72130260521042,0.02127647161666728
IMPROVED_BA_fee,28.72877755511022,0.020949361892308924
IMPROVED_BA_fee,28.736252505010018,0.02065283641161761
IMPROVED_BA_fee,28.74372745490982,0.020385748533843867
IMPROVED_BA_fee,28.751202404809618,0.02014688497458033
IMPROVED_BA_fee,28.75867735470942,0.019934975142009283
IMPROVED_BA_fee,28.766152304609218,0.019748699793425244
IMPROVED_BA_fee,28.773627254509016,0.01958669895870781
IMPROVED_BA_fee,28.781102204408818,0.019447579097454273
IMPROVED_BA_fee,28.788577154308616,0.01932991947641872
IMPROVED_BA_fee,28.796052104208417,0.01923227777338763
IMPROVED_BA_fee,28.803527054108216,0.019153194932297044
IMPROVED_BA_fee,28.811002004008017,0.019091199311899544
IMPROVED_BA_fee,28.818476953907815,0.019044810186303236
IMPROVED_BA_fee,28.825951903807614,0.0190125406699023
IMPROVED_BA_fee,28.833426853707415,0.01899290015132844
IMPROVED_BA_fee,28.840901803607213,0.018984396330829562
IMPROVED_BA_fee,28.84837675350701,0.01898553696272618
IMPROVED_BA_fee,28.855851703406813,0.01899483140916015
IMPROVED_BA_fee,28.86332665330661,0.019010792113139975
IMPROVED_BA_fee,28.870801603206413,0.019031936097867075
IMPROVED_BA_fee,28.87827655310621,0.01905678659551987
IMPROVED_BA_fee,28.885751503006013,0.019083874902170263
IMPROVED_BA_fee,28.89322645290581,0.01911174254644843
IMPROVED_BA_fee,28.90070140280561,0.019138943848172038
IMPROVED_BA_fee,28.90817635270541,0.01916404892966833
IMPROVED_BA_fee,28.91565130260521,0.01918564722725884
IMPROVED_BA_fee,28.92312625250501,0.0192023515336967
IMPROVED_BA_fee,28.93060120240481,0.019212802584639144
IMPROVED_BA_fee,28.93807615230461,0.019215674183916075
IMPROVED_BA_fee,28.94555110220441,0.019209678843856444
IMPROVED_BA_fee,28.953026052104207,0.0191935738986967
IMPROVED_BA_fee,28.96050100200401,0.01916616803155781
IMPROVED_BA_fee,28.967975951903806,0.019126328139062898
IMPROVED_BA_fee,28.975450901803608,0.01907298644277586
IMPROVED_BA_fee,28.982925851703406,0.019005147743637336
IMPROVED_BA_fee,28.990400801603204,0.018921896704780186
IMPROVED_BA_fee,28.997875751503006,0.018822405039797666
IMPROVED_BA_fee,29.005350701402804,0.018705938477919883
IMPROVED_BA_fee,29.012825651302606,0.018571863374789083
IMPROVED_BA_fee,29.020300601202404,0.018419652837690814
IMPROVED_BA_fee,29.027775551102202,0.018248892237213845
IMPROVED_BA_fee,29.035250501002004,0.01805928398332598
IMPROVED_BA_fee,29.042725450901802,0.0178506514526466
IMPROVED_BA_fee,29.050200400801604,0.017622941965084644
IMPROVED_BA_fee,29.057675350701402,0.017376228721752384
IMPROVED_BA_fee,29.065150300601204,0.01711071163185784
IMPROVED_BA_fee,29.072625250501,0.01682671697379747
IMPROVED_BA_fee,29.0801002004008,0.016524695854501614
IMPROVED_BA_fee,29.0875751503006,0.016205221450866183
IMPROVED_BA_fee,29.0950501002004,0.0158689850373696
IMPROVED_BA_fee,29.1025250501002,0.015516790824303513
IMPROVED_BA_fee,29.11,0.01514954965102836
IMPROVED_AMM_fee,26.74,0.022406280264424802
IMPROVED_AMM_fee,26.74689378757515,0.023393253311152492
IMPROVED_AMM_fee,26.753787575150298,0.024385001941884872
IMPROVED_AMM_fee,26.76068136272545,0.025380113697329693
IMPROVED_AMM_fee,26.7675751503006,0.026377373854500414
IMPROVED_AMM_fee,26.77446893787575,0.0273757930145685
IMPROVED_AMM_fee,26.7813627254509,0.028374632009009425
IMPROVED_AMM_fee,26.78825651302605,0.02937342360498802
IMPROVED_AMM_fee,26.7951503006012,0.030371990542612283
IMPROVED_AMM_fee,26.802044088176352,0.03137045950103226
IMPROVED_AMM_fee,26.8089378757515,0.03236927066632069
IMPROVED_AMM_fee,26.81583166332665,0.03336918265999177
IMPROVED_AMM_fee,26.822725450901803,0.03437127268108874
IMPROVED_AMM_fee,26.82961923847695,0.035376931814824
IMPROVED_AMM_fee,26.836513026052103,0.03638785556433026
IMPROVED_AMM_fee,26.843406813627254,0.03740602976663085
IMPROVED_AMM_fee,26.850300601202402,0.03843371215675867
IMPROVED_AMM_fee,26.857194388777554,0.03947340994228004
IMPROVED_AMM_fee,26.864088176352706,0.04052785384166169
IMPROVED_AMM_fee,26.870981963927854,0.041599969121418084
IMPROVED_AMM_fee,26.877875751503005,0.042692844236408276
IMPROVED_AMM_fee,26.884769539078153,0.04380969773299624
IMPROVED_AMM_fee,26.891663326653305,0.04495384411437905
IMPROVED_AMM_fee,26.898557114228456,0.046128659389852285
IMPROVED_AMM_fee,26.905450901803604,0.047337547034420314
IMPROVED_AMM_fee,26.912344689378756,0.04858390507154432
IMPROVED_AMM_fee,26.919238476953907,0.04987109496020313
IMPROVED_AMM_fee,26.926132264529056,0.05120241291850466
IMPROVED_AMM_fee,26.933026052104207,0.052581064251034614
IMPROVED_AMM_fee,26.93991983967936,0.05401014116761842
IMPROVED_AMM_fee,26.946813627254507,0.05549260448935493
IMPROVED_AMM_fee,26.95370741482966,0.05703126953601861
IMPROVED_AMM_fee,26.96060120240481,0.05862879638003144
IMPROVED_AMM_fee,26.967494989979958,0.06028768453913202
IMPROVED_AMM_fee,26.97438877755511,0.06201027206558196
IMPROVED_AMM_fee,26.981282565130257,0.06379873887742311
IMPROVED_AMM_fee,26.98817635270541,0.06565511406991269
IMPROVED_AMM_fee,26.99507014028056,0.0675812868455523
IMPROVED_AMM_fee,27.00196392785571,0.06957902061183892
IMPROVED_AMM_fee,27.00885771543086,0.07164996971905535
IMPROVED_AMM_fee,27.015751503006012,0.07379569824805136
IMPROVED_AMM_fee,27.02264529058116,0.0760177002114257
IMPROVED_AMM_fee,27.02953907815631,0.07831742050163405
IMPROVED_AMM_fee,27.036432865731463,0.08069627590681158
IMPROVED_AMM_fee,27.04332665330661,0.08315567551941722
IMPROVED_AMM_fee,27.050220440881763,0.08569703988352495
IMPROVED_AMM_fee,27.05711422845691,0.08832181826274586
IMPROVED_AMM_fee,27.064008016032062,0.09103150346098803
IMPROVED_AMM_fee,27.070901803607214,0.09382764369059941
IMPROVED_AMM_fee,27.077795591182362,0.09671185105514037
IMPROVED_AMM_fee,27.084689378757513,0.09968580629460458
IMPROVED_AMM_fee,27.091583166332665,0.10275125952724923
IMPROVED_AMM_fee,27.098476953907813,0.10591002681186448
IMPROVED_AMM_fee,27.105370741482965,0.10916398244508257
IMPROVED_AMM_fee,27.112264529058116,0.11251504699800931
IMPROVED_AMM_fee,27.119158316633264,0.1159651711832713
IMPROVED_AMM_fee,27.126052104208416,0.11951631572561867
IMPROVED_AMM_fee,27.132945891783567,0.12317042748529596
IMPROVED_AMM_fee,27.139839679358715,0.12692941215242612
IMPROVED_AMM_fee,27.146733466933867,0.13079510389176086
IMPROVED_AMM_fee,27.153627254509015,0.13476923237006833
IMPROVED_AMM_fee,27.160521042084167,0.13885338764304747
IMPROVED_AMM_fee,27.167414829659318,0.14304898341490294
IMPROVED_AMM_fee,27.174308617234466,0.14735721921230968
IMPROVED_AMM_fee,27.181202404809618,0.15177904203558987
IMPROVED_AMM_fee,27.18809619238477,0.15631510806438015
IMPROVED_AMM_fee,27.194989979959917,0.16096574500354863
IMPROVED_AMM_fee,27.20188376753507,0.16573091565810263
IMPROVED_AMM_fee,27.20877755511022,0.1706101833240248
IMPROVED_AMM_fee,27.21567134268537,0.17560267957589343
IMPROVED_AMM_fee,27.22256513026052,0.18070707502184058
IMPROVED_AMM_fee,27.22945891783567,0.1859215535821491
IMPROVED_AMM_fee,27.23635270541082,0.19124379082954093
IMPROVED_AMM_fee,27.24324649298597,0.1966709369064054
IMPROVED_AMM_fee,27.25014028056112,0.20219960450659094
IMPROVED_AMM_fee,27.25703406813627,0.2078258623763495
IMPROVED_AMM_fee,27.263927855711422,0.2135452347494598
IMPROVED_AMM_fee,27.27082164328657,0.21935270708534496
IMPROVED_AMM_fee,27.277715430861722,0.22524273842451584
IMPROVED_AMM_fee,27.284609218436874,0.23120928061305887
IMPROVED_AMM_fee,27.29150300601202,0.23724580457608138
IMPROVED_AMM_fee,27.298396793587173,0.24334533373881595
IMPROVED_AMM_fee,27.305290581162325,0.24950048460358762
IMPROVED_AMM_fee,27.312184368737473,0.2557035143913229
IMPROVED_AMM_fee,27.319078156312624,0.2619463755483058
IMPROVED_AMM_fee,27.325971943887772,0.26822077680373335
IMPROVED_AMM_fee,27.332865731462924,0.2745182503429325
IMPROVED_AMM_fee,27.339759519038076,0.2808302245364259
IMPROVED_AMM_fee,27.346653306613224,0.28714810153941733
IMPROVED_AMM_fee,27.353547094188375,0.29346333895172655
IMPROVED_AMM_fee,27.360440881763527,0.29976753460827554
IMPROVED_AMM_fee,27.367334669338675,0.3060525134579906
IMPROVED_AMM_fee,27.374228456913826,0.31231041538766385
IMPROVED_AMM_fee,27.381122244488978,0.31853378276041155
IMPROVED_AMM_fee,27.388016032064126,0.32471564636932443
IMPROVED_AMM_fee,27.394909819639278,0.33084960845834854
IMPROVED_AMM_fee,27.40180360721443,0.3369299214375359
IMPROVED_AMM_fee,27.408697394789577,0.3429515609207253
IMPROVED_AMM_fee,27.41559118236473,0.34891029174210153
IMPROVED_AMM_fee,27.42248496993988,0.354802725665122
IMPROVED_AMM_fee,27.42937875751503,0.3606263695836726
IMPROVED_AMM_fee,27.43627254509018,0.3663796631301303
IMPROVED_AMM_fee,27.443166332665328,0.37206200474763546
IMPROVED_AMM_fee,27.45006012024048,0.3776737654522585
IMPROVED_AMM_fee,27.45695390781563,0.3832162897017174
IMPROVED_AMM_fee,27.46384769539078,0.3886918829982226
IMPROVED_AMM_fee,27.47074148296593,0.39410378607886043
IMPROVED_AMM_fee,27.477635270541082,0.3994561357835552
IMPROVED_AMM_fee,27.48452905811623,0.40475391293268614
IMPROVED_AMM_fee,27.491422845691382,0.4100028777882294
IMPROVED_AMM_fee,27.498316633266533,0.4152094939082424
IMPROVED_AMM_fee,27.50521042084168,0.4203808414290128
IMPROVED_AMM_fee,27.512104208416833,0.4255245210162626
IMPROVED_AMM_fee,27.51899799599198,0.4306485499114608
IMPROVED_AMM_fee,27.525891783567133,0.43576125165668655
IMPROVED_AMM_fee,27.532785571142284,0.4408711412070907
IMPROVED_AMM_fee,27.539679358717432,0.4459868072308015
IMPROVED_AMM_fee,27.546573146292584,0.45111679344908745
IMPROVED_AMM_fee,27.553466933867735,0.45626948088339037
IMPROVED_AMM_fee,27.560360721442883,0.46145297284972236
IMPROVED_AMM_fee,27.567254509018035,0.4666749844754664
IMPROVED_AMM_fee,27.574148296593187,0.47194273841004414
IMPROVED_AMM_fee,27.581042084168335,0.4772628682623834
IMPROVED_AMM_fee,27.587935871743486,0.4826413311274324
IMPROVED_AMM_fee,27.594829659318638,0.48808333036606133
IMPROVED_AMM_fee,27.601723446893786,0.49359324958272144
IMPROVED_AMM_fee,27.608617234468937,0.4991745985084397
IMPROVED_AMM_fee,27.615511022044085,0.5048299712501335
IMPROVED_AMM_fee,27.622404809619237,0.5105610171165652
IMPROVED_AMM_fee,27.62929859719439,0.5163684239834799
IMPROVED_AMM_fee,27.636192384769537,0.5222519139217113
IMPROVED_AMM_fee,27.643086172344688,0.5282102505885581
IMPROVED_AMM_fee,27.64997995991984,0.5342412576796881
IMPROVED_AMM_fee,27.656873747494988,0.5403418475615
IMPROVED_AMM_fee,27.66376753507014,0.5465080590557704
IMPROVED_AMM_fee,27.67066132264529,0.5527351032328542
IMPROVED_AMM_fee,27.67755511022044,0.5590174159886883
IMPROVED_AMM_fee,27.68444889779559,0.5653487161350359
IMPROVED_AMM_fee,27.691342685370742,0.5717220677217295
IMPROVED_AMM_fee,27.69823647294589,0.5781299453330461
IMPROVED_AMM_fee,27.70513026052104,0.5845643011549715
IMPROVED_AMM_fee,27.71202404809619,0.5910166326931606
IMPROVED_AMM_fee,27.71891783567134,0.5974780501288873
IMPROVED_AMM_fee,27.725811623246493,0.6039393424269697
IMPROVED_AMM_fee,27.73270541082164,0.6103910414513024
IMPROVED_AMM_fee,27.739599198396792,0.6168234834938996
IMPROVED_AMM_fee,27.746492985971944,0.6232268677773548
IMPROVED_AMM_fee,27.753386773547092,0.6295913116428464
IMPROVED_AMM_fee,27.760280561122244,0.6359069022808636
IMPROVED_AMM_fee,27.767174348697395,0.6421637449953739
IMPROVED_AMM_fee,27.774068136272543,0.6483520081102067
IMPROVED_AMM_fee,27.780961923847695,0.654461964725344
IMPROVED_AMM_fee,27.787855711422843,0.6604840316085115
IMPROVED_AMM_fee,27.794749498997994,0.6664088055624071
IMPROVED_AMM_fee,27.801643286573146,0.6722270976389033
IMPROVED_AMM_fee,27.808537074148294,0.6779299655799368
IMPROVED_AMM_fee,27.815430861723446,0.6835087448503325
IMPROVED_AMM_fee,27.822324649298597,0.6889550785937099
IMPROVED_AMM_fee,27.829218436873745,0.6942609467905416
IMPROVED_AMM_fee,27.836112224448897,0.6994186948309639
IMPROVED_AMM_fee,27.84300601202405,0.704421061637367
IMPROVED_AMM_fee,27.849899799599196,0.7092612073871385
IMPROVED_AMM_fee,27.856793587174348,0.7139327407978524
IMPROVED_AMM_fee,27.8636873747495,0.71842974584936
IMPROVED_AMM_fee,27.870581162324648,0.7227468077339214
IMPROVED_AMM_fee,27.8774749498998,0.726879037748881
IMPROVED_AMM_fee,27.884368737474947,0.7308220967804271
IMPROVED_AMM_fee,27.8912625250501,0.7345722169732091
IMPROVED_AMM_fee,27.89815631262525,0.7381262211410358
IMPROVED_AMM_fee,27.9050501002004,0.7414815394498998
IMPROVED_AMM_fee,27.91194388777555,0.7446362228963436
IMPROVED_AMM_fee,27.9188376753507,0.7475889531121143
IMPROVED_AMM_fee,27.92573146292585,0.7503390480493385
IMPROVED_AMM_fee,27.932625250501,0.7528864631384178
IMPROVED_AMM_fee,27.939519038076153,0.7552317875617565
IMPROVED_AMM_fee,27.9464128256513,0.7573762353494495
IMPROVED_AMM_fee,27.953306613226452,0.759321631075385
IMPROVED_AMM_fee,27.960200400801604,0.7610703900128768
IMPROVED_AMM_fee,27.967094188376752,0.7626254926956171
IMPROVED_AMM_fee,27.973987975951903,0.7639904539204959
IMPROVED_AMM_fee,27.98088176352705,0.7651692863221369
IMPROVED_AMM_fee,27.987775551102203,0.7661664587431335
IMPROVED_AMM_fee,27.994669338677355,0.7669868497173385
IMPROVED_AMM_fee,28.001563126252503,0.7676356964751083
IMPROVED_AMM_fee,28.008456913827654,0.7681185399674482
IMPROVED_AMM_fee,28.015350701402806,0.7684411664900532
IMPROVED_AMM_fee,28.022244488977954,0.7686095465665779
IMPROVED_AMM_fee,28.029138276553105,0.7686297718226469
IMPROVED_AMM_fee,28.036032064128257,0.7685079906465276
IMPROVED_AMM_fee,28.042925851703405,0.7682503434883544
IMPROVED_AMM_fee,28.049819639278557,0.7678628986956791
IMPROVED_AMM_fee,28.056713426853705,0.7673515898177686
IMPROVED_AMM_fee,28.063607214428856,0.766722155333099
IMPROVED_AMM_fee,28.070501002004008,0.7659800817619261
IMPROVED_AMM_fee,28.077394789579156,0.7651305511175981
IMPROVED_AMM_fee,28.084288577154307,0.7641783936244086
IMPROVED_AMM_fee,28.09118236472946,0.7631280465849606
IMPROVED_AMM_fee,28.098076152304607,0.7619835202149385
IMPROVED_AMM_fee,28.10496993987976,0.7607483711769562
IMPROVED_AMM_fee,28.11186372745491,0.759425684437143
IMPROVED_AMM_fee,28.118757515030058,0.7580180639384335
IMPROVED_AMM_fee,28.12565130260521,0.7565276324339184
IMPROVED_AMM_fee,28.13254509018036,0.7549560406532752
IMPROVED_AMM_fee,28.13943887775551,0.7533044857878433
IMPROVED_AMM_fee,28.14633266533066,0.7515737390778701
IMPROVED_AMM_fee,28.153226452905812,0.7497641820735306
IMPROVED_AMM_fee,28.16012024048096,0.7478758509234159
IMPROVED_AMM_fee,28.167014028056112,0.7459084878264931
IMPROVED_AMM_fee,28.17390781563126,0.743861598571759
IMPROVED_AMM_fee,28.18080160320641,0.741734514890651
IMPROVED_AMM_fee,28.187695390781563,0.739526460167598
IMPROVED_AMM_fee,28.19458917835671,0.7372366169006489
IMPROVED_AMM_fee,28.201482965931863,0.7348641941837305
IMPROVED_AMM_fee,28.208376753507014,0.7324084934007999
IMPROVED_AMM_fee,28.215270541082162,0.7298689702855291
IMPROVED_AMM_fee,28.222164328657314,0.7272452915124087
IMPROVED_AMM_fee,28.229058116232466,0.7245373840498648
IMPROVED_AMM_fee,28.235951903807614,0.7217454756243814
IMPROVED_AMM_fee,28.242845691382765,0.7188701248170891
IMPROVED_AMM_fee,28.249739478957913,0.7159122395392186
IMPROVED_AMM_fee,28.256633266533065,0.712873082906299
IMPROVED_AMM_fee,28.263527054108216,0.7097542658482483
IMPROVED_AMM_fee,28.270420841683364,0.7065577261459741
IMPROVED_AMM_fee,28.277314629258516,0.7032856939664263
IMPROVED_AMM_fee,28.284208416833668,0.6999406443669859
IMPROVED_AMM_fee,28.291102204408816,0.6965252376454244
IMPROVED_AMM_fee,28.297995991983967,0.6930422488113119
IMPROVED_AMM_fee,28.30488977955912,0.6894944878364655
IMPROVED_AMM_fee,28.311783567134267,0.6858847126928423
IMPROVED_AMM_fee,28.31867735470942,0.6822155374945221
IMPROVED_AMM_fee,28.325571142284566,0.6784893383144504
IMPROVED_AMM_fee,28.332464929859718,0.6747081594363011
IMPROVED_AMM_fee,28.33935871743487,0.6708736229190511
IMPROVED_AMM_fee,28.346252505010018,0.666986844389472
IMPROVED_AMM_fee,28.35314629258517,0.6630483579320812
IMPROVED_AMM_fee,28.36004008016032,0.6590580528148905
IMPROVED_AMM_fee,28.36693386773547,0.6550151245734603
IMPROVED_AMM_fee,28.37382765531062,0.6509180426788163
IMPROVED_AMM_fee,28.380721442885772,0.6467645366427068
IMPROVED_AMM_fee,28.38761523046092,0.6425516019749756
IMPROVED_AMM_fee,28.39450901803607,0.6382755269134635
IMPROVED_AMM_fee,28.401402805611223,0.6339319403097107
IMPROVED_AMM_fee,28.40829659318637,0.6295158804879918
IMPROVED_AMM_fee,28.415190380761523,0.6250218843170069
IMPROVED_AMM_fee,28.422084168336674,0.6204440951589139
IMPROVED_AMM_fee,28.428977955911822,0.615776387806067
IMPROVED_AMM_fee,28.435871743486974,0.6110125079981724
IMPROVED_AMM_fee,28.442765531062122,0.6061462236472995
IMPROVED_AMM_fee,28.449659318637273,0.6011714844989117
IMPROVED_AMM_fee,28.456553106212425,0.5960825866373137
IMPROVED_AMM_fee,28.463446893787573,0.5908743380128216
IMPROVED_AMM_fee,28.470340681362725,0.585542221034473
IMPROVED_AMM_fee,28.477234468937876,0.5800825482405753
IMPROVED_AMM_fee,28.484128256513024,0.5744926071324757
IMPROVED_AMM_fee,28.491022044088176,0.5687707904337609
IMPROVED_AMM_fee,28.497915831663327,0.56291670831398
IMPROVED_AMM_fee,28.504809619238475,0.5569312794862954
IMPROVED_AMM_fee,28.511703406813627,0.5508167985431116
IMPROVED_AMM_fee,28.518597194388775,0.5445769774211164
IMPROVED_AMM_fee,28.525490981963927,0.5382169594732769
IMPROVED_AMM_fee,28.532384769539078,0.5317433052558038
IMPROVED_AMM_fee,28.539278557114226,0.525163949795154
IMPROVED_AMM_fee,28.546172344689378,0.5184881317679418
IMPROVED_AMM_fee,28.55306613226453,0.5117262956868963
IMPROVED_AMM_fee,28.559959919839677,0.5048899688219941
IMPROVED_AMM_fee,28.56685370741483,0.4979916151811866
IMPROVED_AMM_fee,28.57374749498998,0.49104446941477725
IMPROVED_AMM_fee,28.58064128256513,0.48406235397747527
IMPROVED_AMM_fee,28.58753507014028,0.47705948327151904
IMPROVED_AMM_fee,28.594428857715428,0.47005025879325385
IMPROVED_AMM_fee,28.60132264529058,0.4630490595072989
IMPROVED_AMM_fee,28.60821643286573,0.4560700317732448
IMPROVED_AMM_fee,28.61511022044088,0.44912688314726185
IMPROVED_AMM_fee,28.62200400801603,0.4422326842771682
IMPROVED_AMM_fee,28.628897795591183,0.43539968290731423
IMPROVED_AMM_fee,28.63579158316633,0.42863913371577556
IMPROVED_AMM_fee,28.642685370741482,0.42196114732902784
IMPROVED_AMM_fee,28.649579158316634,0.4153745614090338
IMPROVED_AMM_fee,28.65647294589178,0.40888683619617194
IMPROVED_AMM_fee,28.663366733466933,0.40250397633264734
IMPROVED_AMM_fee,28.670260521042085,0.3962304801986819
IMPROVED_AMM_fee,28.677154308617233,0.3900693173828578
IMPROVED_AMM_fee,28.684048096192384,0.3840219342936275
IMPROVED_AMM_fee,28.690941883767536,0.37808828731577454
IMPROVED_AMM_fee,28.697835671342684,0.37226690233745935
IMPROVED_AMM_fee,28.704729458917836,0.3665549589339142
IMPROVED_AMM_fee,28.711623246492984,0.3609483970046868
IMPROVED_AMM_fee,28.718517034068135,0.35544204323240036
IMPROVED_AMM_fee,28.725410821643287,0.35002975437194206
IMPROVED_AMM_fee,28.732304609218435,0.3447045740953743
IMPROVED_AMM_fee,28.739198396793586,0.33945889991526973
IMPROVED_AMM_fee,28.746092184368738,0.3342846565896379
IMPROVED_AMM_fee,28.752985971943886,0.32917347237572986
IMPROVED_AMM_fee,28.759879759519038,0.324116854546435
IMPROVED_AMM_fee,28.76677354709419,0.3191063607079335
IMPROVED_AMM_fee,28.773667334669337,0.3141337626555208
IMPROVED_AMM_fee,28.78056112224449,0.3091911997693349
IMPROVED_AMM_fee,28.787454909819637,0.3042713192745767
IMPROVED_AMM_fee,28.79434869739479,0.2993674010623059
IMPROVED_AMM_fee,28.80124248496994,0.2944734651770334
IMPROVED_AMM_fee,28.808136272545088,0.289584360514703
IMPROVED_AMM_fee,28.81503006012024,0.28469583372868895
IMPROVED_AMM_fee,28.82192384769539,0.2798045778005723
IMPROVED_AMM_fee,28.82881763527054,0.27490826018592934
IMPROVED_AMM_fee,28.83571142284569,0.27000553088295093
IMPROVED_AMM_fee,28.842605210420842,0.2650960111837516
IMPROVED_AMM_fee,28.84949899799599,0.2601802642460462
IMPROVED_AMM_fee,28.856392785571142,0.2552597489593672
IMPROVED_AMM_fee,28.86328657314629,0.2503367588687961
IMPROVED_AMM_fee,28.87018036072144,0.24541434815559227
IMPROVED_AMM_fee,28.877074148296593,0.24049624685526177
IMPROVED_AMM_fee,28.883967935871745,0.23558676761710146
IMPROVED_AMM_fee,28.890861723446893,0.23069070637563005
IMPROVED_AMM_fee,28.897755511022044,0.2258132393138811
IMPROVED_AMM_fee,28.904649298597192,0.220959818454445
IMPROVED_AMM_fee,28.911543086172344,0.21613606811943128
IMPROVED_AMM_fee,28.918436873747495,0.21134768436045456
IMPROVED_AMM_fee,28.925330661322644,0.20660033927928273
IMPROVED_AMM_fee,28.932224448897795,0.20189959194573423
IMPROVED_AMM_fee,28.939118236472947,0.19725080737815576
IMPROVED_AMM_fee,28.946012024048095,0.19265908479044952
IMPROVED_AMM_fee,28.952905811623246,0.18812919603556483
IMPROVED_AMM_fee,28.959799599198398,0.1836655348953713
IMPROVED_AMM_fee,28.966693386773546,0.179272077587852
IMPROVED_AMM_fee,28.973587174348697,0.17495235459111738
IMPROVED_AMM_fee,28.980480961923845,0.17070943362551724
IMPROVED_AMM_fee,28.987374749498997,0.16654591339533176
IMPROVED_AMM_fee,28.99426853707415,0.1624639274748348
IMPROVED_AMM_fee,29.001162324649297,0.15846515753313034
IMPROVED_AMM_fee,29.00805611222445,0.1545508549312961
IMPROVED_AMM_fee,29.0149498997996,0.15072186959557918
IMPROVED_AMM_fee,29.021843687374748,0.1469786849728624
IMPROVED_AMM_fee,29.0287374749499,0.1433214578096013
IMPROVED_AMM_fee,29.03563126252505,0.13975006146234292
IMPROVED_AMM_fee,29.0425250501002,0.13626413144543645
IMPROVED_AMM_fee,29.04941883767535,0.13286311194802078
IMPROVED_AMM_fee,29.0563126252505,0.1295463021052278
IMPROVED_AMM_fee,29.06320641282565,0.12631290088495056
IMPROVED_AMM_fee,29.070100200400802,0.12316204954872141
IMPROVED_AMM_fee,29.07699398797595,0.12009287075927508
IMPROVED_AMM_fee,29.0838877755511,0.11710450353535005
IMPROVED_AMM_fee,29.090781563126253,0.11419613339229233
IMPROVED_AMM_fee,29.0976753507014,0.11136701715166282
IMPROVED_AMM_fee,29.104569138276553,0.10861650205106527
IMPROVED_AMM_fee,29.111462925851704,0.10594403893341728
IMPROVED_AMM_fee,29.118356713426852,0.10334918943996749
IMPROVED_AMM_fee,29.125250501002004,0.10083162727083064
IMPROVED_AMM_fee,29.13214428857715,0.09839113370819588
IMPROVED_AMM_fee,29.139038076152303,0.09602758771845132
IMPROVED_AMM_fee,29.145931863727455,0.09374095105870227
IMPROVED_AMM_fee,29.152825651302607,0.09153124890875257
IMPROVED_AMM_fee,29.159719438877755,0.08939854663073844
IMPROVED_AMM_fee,29.166613226452906,0.08734292332419259
IMPROVED_AMM_fee,29.173507014028054,0.08536444289405047
IMPROVED_AMM_fee,29.180400801603206,0.08346312338260817
IMPROVED_AMM_fee,29.187294589178357,0.08163890533399758
IMPROVED_AMM_fee,29.194188376753505,0.07989161996144693
IMPROVED_AMM_fee,29.201082164328657,0.07822095787427598
IMPROVED_AMM_fee,29.20797595190381,0.07662643909389885
IMPROVED_AMM_fee,29.214869739478956,0.07510738504712008
IMPROVED_AMM_fee,29.221763527054108,0.0736628931720217
IMPROVED_AMM_fee,29.22865731462926,0.07229181470799428
IMPROVED_AMM_fee,29.235551102204408,0.07099273616854838
IMPROVED_AMM_fee,29.24244488977956,0.06976396491507382
IMPROVED_AMM_fee,29.249338677354707,0.06860351916340536
IMPROVED_AMM_fee,29.25623246492986,0.06750912266458942
IMPROVED_AMM_fee,29.26312625250501,0.06647820420857128
IMPROVED_AMM_fee,29.27002004008016,0.06550790200623893
IMPROVED_AMM_fee,29.27691382765531,0.06459507291325427
IMPROVED_AMM_fee,29.28380761523046,0.06373630636998635
IMPROVED_AMM_fee,29.29070140280561,0.06292794284719307
IMPROVED_AMM_fee,29.29759519038076,0.06216609650839984
IMPROVED_AMM_fee,29.304488977955913,0.06144668172843422
IMPROVED_AMM_fee,29.31138276553106,0.060765443044420483
IMPROVED_AMM_fee,29.318276553106212,0.06011798806169743
IMPROVED_AMM_fee,29.32517034068136,0.05949982279325894
IMPROVED_AMM_fee,29.332064128256512,0.05890638887796454
IMPROVED_AMM_fee,29.338957915831664,0.05833310210021999
IMPROVED_AMM_fee,29.34585170340681,0.05777539162211839
IMPROVED_AMM_fee,29.352745490981963,0.057228739338051324
IMPROVED_AMM_fee,29.359639278557115,0.056688718771172944
IMPROVED_AMM_fee,29.366533066132263,0.056151032950296234
IMPROVED_AMM_fee,29.373426853707414,0.055611550734141556
IMPROVED_AMM_fee,29.380320641282566,0.05506634108647533
IMPROVED_AMM_fee,29.387214428857714,0.05451170484961591
IMPROVED_AMM_fee,29.394108216432866,0.05394420361400486
IMPROVED_AMM_fee,29.401002004008017,0.053360685336902094
IMPROVED_AMM_fee,29.407895791583165,0.052758306422603304
IMPROVED_AMM_fee,29.414789579158317,0.052134550038730264
IMPROVED_AMM_fee,29.42168336673347,0.05148724050691763
IMPROVED_AMM_fee,29.428577154308616,0.050814553670475694
IMPROVED_AMM_fee,29.435470941883768,0.050115023205240555
IMPROVED_AMM_fee,29.442364729458916,0.04938754290181128
IMPROVED_AMM_fee,29.449258517034067,0.04863136500670474
IMPROVED_AMM_fee,29.45615230460922,0.04784609476583518
IMPROVED_AMM_fee,29.463046092184367,0.04703168136526727
IMPROVED_AMM_fee,29.46993987975952,0.04618840551080556
IMPROVED_AMM_fee,29.47683366733467,0.04531686392903334
IMPROVED_AMM_fee,29.48372745490982,0.04441795110744327
IMPROVED_AMM_fee,29.49062124248497,0.04349283861997459
IMPROVED_AMM_fee,29.49751503006012,0.042542952406315365
IMPROVED_AMM_fee,29.50440881763527,0.041569948388585756
IMPROVED_AMM_fee,29.51130260521042,0.04057568681751326
IMPROVED_AMM_fee,29.51819639278557,0.039562205741962446
IMPROVED_AMM_fee,29.52509018036072,0.03853169399088195
IMPROVED_AMM_fee,29.531983967935872,0.03748646404569738
IMPROVED_AMM_fee,29.53887775551102,0.036428925164211576
IMPROVED_AMM_fee,29.545771543086172,0.03536155709471534
IMPROVED_AMM_fee,29.552665330661323,0.034286884691766197
IMPROVED_AMM_fee,29.55955911823647,0.03320745371357327
IMPROVED_AMM_fee,29.566452905811623,0.03212580804588172
IMPROVED_AMM_fee,29.573346693386775,0.031044468559374566
IMPROVED_AMM_fee,29.580240480961923,0.029965913767695238
IMPROVED_AMM_fee,29.587134268537074,0.028892562412106065
IMPROVED_AMM_fee,29.594028056112222,0.027826758057333166
IMPROVED_AMM_fee,29.600921843687374,0.026770755742101096
IMPROVED_AMM_fee,29.607815631262525,0.025726710688179874
IMPROVED_AMM_fee,29.614709418837677,0.024696669034025426
IMPROVED_AMM_fee,29.621603206412825,0.02368256052422315
IMPROVED_AMM_fee,29.628496993987977,0.02268619305443901
IMPROVED_AMM_fee,29.635390781563125,0.021709248944116993
IMPROVED_AMM_fee,29.642284569138276,0.020753282786124556
IMPROVED_AMM_fee,29.649178356713428,0.019819720704399146
IMPROVED_AMM_fee,29.656072144288576,0.01890986083751769
IMPROVED_AMM_fee,29.662965931863727,0.01802487485822586
IMPROVED_AMM_fee,29.66985971943888,0.01716581033625228
IMPROVED_AMM_fee,29.676753507014027,0.016333593754066136
IMPROVED_AMM_fee,29.68364729458918,0.015529033992399847
IMPROVED_AMM_fee,29.69054108216433,0.014752826113938576
IMPROVED_AMM_fee,29.697434869739478,0.014005555289100061
IMPROVED_AMM_fee,29.70432865731463,0.013287700726759407
IMPROVED_AMM_fee,29.711222444889778,0.01259963949442719
IMPROVED_AMM_fee,29.71811623246493,0.011941650136061693
IMPROVED_AMM_fee,29.72501002004008,0.011313916020686774
IMPROVED_AMM_fee,29.73190380761523,0.010716528380452858
IMPROVED_AMM_fee,29.73879759519038,0.010149489022029825
IMPROVED_AMM_fee,29.745691382765532,0.00961271271946279
IMPROVED_AMM_fee,29.75258517034068,0.00910602931915979
IMPROVED_AMM_fee,29.75947895791583,0.008629185607891558
IMPROVED_AMM_fee,29.766372745490983,0.008181847011976764
IMPROVED_AMM_fee,29.77326653306613,0.007763599209727125
IMPROVED_AMM_fee,29.780160320641283,0.007373949749379151
IMPROVED_AMM_fee,29.78705410821643,0.007012329770879866
IMPROVED_AMM_fee,29.793947895791582,0.006678095931856886
IMPROVED_AMM_fee,29.800841683366734,0.006370532635929973
IMPROVED_AMM_fee,29.807735470941882,0.006088854655257126
IMPROVED_AMM_fee,29.814629258517034,0.0058322102291347355
IMPROVED_AMM_fee,29.821523046092185,0.005599684706899521
IMPROVED_AMM_fee,29.828416833667333,0.005390304786764964
IMPROVED_AMM_fee,29.835310621242485,0.005203043383114568
IMPROVED_AMM_fee,29.842204408817636,0.005036825133772294
IMPROVED_AMM_fee,29.849098196392784,0.004890532536553675
IMPROVED_AMM_fee,29.855991983967936,0.004763012681694728
IMPROVED_AMM_fee,29.862885771543084,0.00465308452428472
IMPROVED_AMM_fee,29.869779559118236,0.004559546619330446
IMPROVED_AMM_fee,29.876673346693387,0.00448118522227543
IMPROVED_AMM_fee,29.88356713426854,0.004416782640340663
IMPROVED_AMM_fee,29.890460921843687,0.0043651257055642625
IMPROVED_AMM_fee,29.89735470941884,0.004325014229406029
IMPROVED_AMM_fee,29.904248496993986,0.004295269291678159
IMPROVED_AMM_fee,29.911142284569138,0.00427474121366787
IMPROVED_AMM_fee,29.91803607214429,0.0042623170668177396
IMPROVED_AMM_fee,29.924929859719438,0.0042569275742695
IMPROVED_AMM_fee,29.93182364729459,0.004257553272871603
IMPROVED_AMM_fee,29.93871743486974,0.004263229817672431
IMPROVED_AMM_fee,29.94561122244489,0.004273052329112367
IMPROVED_AMM_fee,29.95250501002004,0.004286178704607428
IMPROVED_AMM_fee,29.959398797595192,0.004301831840391402
IMPROVED_AMM_fee,29.96629258517034,0.0043193007356659915
IMPROVED_AMM_fee,29.97318637274549,0.004337940478538609
IMPROVED_AMM_fee,29.98008016032064,0.00435717114109196
IMPROVED_AMM_fee,29.98697394789579,0.0043764756383921745
IMPROVED_AMM_fee,29.993867735470943,0.004395396632462906
IMPROVED_AMM_fee,30.00076152304609,0.00441353258642486
IMPROVED_AMM_fee,30.007655310621242,0.0044305330953649255
IMPROVED_AMM_fee,30.014549098196394,0.004446093638383388
IMPROVED_AMM_fee,30.021442885771542,0.004459949910097774
IMPROVED_AMM_fee,30.028336673346693,0.004471871899207434
IMPROVED_AMM_fee,30.035230460921845,0.004481657886234465
IMPROVED_AMM_fee,30.042124248496993,0.004489128532093565
IMPROVED_AMM_fee,30.049018036072145,0.004494121223702907
IMPROVED_AMM_fee,30.055911823647293,0.004496484832587378
IMPROVED_AMM_fee,30.062805611222444,0.004496075027653955
IMPROVED_AMM_fee,30.069699398797596,0.004492750264492651
IMPROVED_AMM_fee,30.076593186372744,0.004486368551260749
IMPROVED_AMM_fee,30.083486973947895,0.004476785066139243
IMPROVED_AMM_fee,30.090380761523047,0.004463850674292218
IMPROVED_AMM_fee,30.097274549098195,0.004447411364057989
IMPROVED_AMM_fee,30.104168336673347,0.0044273085936322116
IMPROVED_AMM_fee,30.111062124248498,0.00440338051164961
IMPROVED_AMM_fee,30.117955911823646,0.004375463988685228
IMPROVED_AMM_fee,30.124849699398798,0.004343397372578825
IMPROVED_AMM_fee,30.131743486973946,0.004307023859353505
IMPROVED_AMM_fee,30.138637274549097,0.00426619535396351
IMPROVED_AMM_fee,30.14553106212425,0.004220776681657268
IMPROVED_AMM_fee,30.1524248496994,0.004170650001724528
IMPROVED_AMM_fee,30.15931863727455,0.004115719271015428
IMPROVED_AMM_fee,30.1662124248497,0.004055914604918431
IMPROVED_AMM_fee,30.173106212424848,0.003991196388360666
IMPROVED_AMM_fee,30.18,0.003921558998596423
IMPROVED_OB_fee,29.21,0.009097064312798669
IMPROVED_OB_fee,29.212885771543085,0.00926456955716063
IMPROVED_OB_fee,29.215771543086174,0.009426365165182476
IMPROVED_OB_fee,29.218657314629258,0.00958391053027527
IMPROVED_OB_fee,29.221543086172346,0.009738892321332963
IMPROVED_OB_fee,29.22442885771543,0.009893213404118268
IMPROVED_OB_fee,29.22731462925852,0.010048978958337406
IMPROVED_OB_fee,29.230200400801603,0.010208480090231259
IMPROVED_OB_fee,29.23308617234469,0.010374175289203764
IMPROVED_OB_fee,29.235971943887776,0.010548670114968697
IMPROVED_OB_fee,29.238857715430864,0.010734695527802192
IMPROVED_OB_fee,29.24174348697395,0.010935085287957318
IMPROVED_OB_fee,29.244629258517033,0.01115275285087197
IMPROVED_OB_fee,29.24751503006012,0.011390668172589442
IMPROVED_OB_fee,29.250400801603206,0.011651834815454473
IMPROVED_OB_fee,29.253286573146294,0.011939267708695352
IMPROVED_OB_fee,29.25617234468938,0.012255971873373371
IMPROVED_OB_fee,29.259058116232467,0.012604922368238161
IMPROVED_OB_fee,29.26194388777555,0.012989045654289606
IMPROVED_OB_fee,29.26482965931864,0.013411202513674144
IMPROVED_OB_fee,29.267715430861724,0.013874172595269725
IMPROVED_OB_fee,29.270601202404812,0.014380640597467376
IMPROVED_OB_fee,29.273486973947897,0.014933184040512455
IMPROVED_OB_fee,29.27637274549098,0.015534262528625352
IMPROVED_OB_fee,29.27925851703407,0.016186208357824125
IMPROVED_OB_fee,29.282144288577154,0.016891218290691564
IMPROVED_OB_fee,29.285030060120242,0.01765134629537794
IMPROVED_OB_fee,29.287915831663327,0.01846849703377585
IMPROVED_OB_fee,29.290801603206415,0.01934441988339575
IMPROVED_OB_fee,29.2936873747495,0.020280703288705168
IMPROVED_OB_fee,29.296573146292587,0.021278769260203823
IMPROVED_OB_fee,29.299458917835672,0.02233986787175614
IMPROVED_OB_fee,29.302344689378756,0.023465071647770883
IMPROVED_OB_fee,29.305230460921845,0.024655269779136908
IMPROVED_OB_fee,29.30811623246493,0.025911162158904023
IMPROVED_OB_fee,29.311002004008017,0.027233253282801385
IMPROVED_OB_fee,29.313887775551102,0.028621846113441585
IMPROVED_OB_fee,29.31677354709419,0.030077036058270522
IMPROVED_OB_fee,29.319659318637274,0.03159870525736311
IMPROVED_OB_fee,29.322545090180363,0.03318651741624252
IMPROVED_OB_fee,29.325430861723447,0.034839913448864675
IMPROVED_OB_fee,29.328316633266535,0.03655810821573162
IMPROVED_OB_fee,29.33120240480962,0.038340088650353266
IMPROVED_OB_fee,29.334088176352704,0.040184613563856574
IMPROVED_OB_fee,29.336973947895792,0.04209021540198718
IMPROVED_OB_fee,29.339859719438877,0.04405520420209372
IMPROVED_OB_fee,29.342745490981965,0.04607767396044273
IMPROVED_OB_fee,29.34563126252505,0.04815551157414319
IMPROVED_OB_fee,29.348517034068138,0.05028640846894059
IMPROVED_OB_fee,29.351402805611222,0.0524678749660465
IMPROVED_OB_fee,29.35428857715431,0.05469725738098487
IMPROVED_OB_fee,29.357174348697395,0.05697175778711587
IMPROVED_OB_fee,29.360060120240483,0.059288456319182614
IMPROVED_OB_fee,29.362945891783568,0.06164433583982115
IMPROVED_OB_fee,29.365831663326652,0.06403630874737583
IMPROVED_OB_fee,29.36871743486974,0.06646124566792859
IMPROVED_OB_fee,29.371603206412825,0.06891600574999367
IMPROVED_OB_fee,29.374488977955913,0.07139746826786944
IMPROVED_OB_fee,29.377374749498998,0.07390256523917789
IMPROVED_OB_fee,29.380260521042086,0.07642831477401633
IMPROVED_OB_fee,29.38314629258517,0.07897185489587316
IMPROVED_OB_fee,29.38603206412826,0.08153047760700662
IMPROVED_OB_fee,29.388917835671343,0.08410166301064054
IMPROVED_OB_fee,29.39180360721443,0.08668311334705918
IMPROVED_OB_fee,29.394689378757516,0.08927278684665003
IMPROVED_OB_fee,29.3975751503006,0.0918689313473113
IMPROVED_OB_fee,29.40046092184369,0.09447011766213714
IMPROVED_OB_fee,29.403346693386773,0.09707527271299925
IMPROVED_OB_fee,29.40623246492986,0.0996837124624154
IMPROVED_OB_fee,29.409118236472946,0.10229517467723893
IMPROVED_OB_fee,29.412004008016034,0.10490985154065674
IMPROVED_OB_fee,29.414889779559118,0.10752842209150375
IMPROVED_OB_fee,29.417775551102206,0.11015208441175091
IMPROVED_OB_fee,29.42066132264529,0.11278258740349839
IMPROVED_OB_fee,29.42354709418838,0.11542226189778111
IMPROVED_OB_fee,29.426432865731464,0.1180740507205937
IMPROVED_OB_fee,29.429318637274548,0.12074153721131681
IMPROVED_OB_fee,29.432204408817636,0.12342897154843825
IMPROVED_OB_fee,29.43509018036072,0.12614129409446093
IMPROVED_OB_fee,29.43797595190381,0.12888415483133397
IMPROVED_OB_fee,29.440861723446893,0.13166392782759118
IMPROVED_OB_fee,29.44374749498998,0.13448771956658553
IMPROVED_OB_fee,29.446633266533066,0.1373633698785946
IMPROVED_OB_fee,29.449519038076154,0.14029944416690487
IMPROVED_OB_fee,29.45240480961924,0.14330521560529158
IMPROVED_OB_fee,29.455290581162323,0.14639063601848795
IMPROVED_OB_fee,29.45817635270541,0.14956629424236292
IMPROVED_OB_fee,29.461062124248496,0.15284336090076522
IMPROVED_OB_fee,29.463947895791584,0.15623351873189129
IMPROVED_OB_fee,29.46683366733467,0.15974887784851535
IMPROVED_OB_fee,29.469719438877757,0.1634018756204801
IMPROVED_OB_fee,29.47260521042084,0.16720516121898005
IMPROVED_OB_fee,29.47549098196393,0.17117146525367585
IMPROVED_OB_fee,29.478376753507014,0.17531345535523865
IMPROVED_OB_fee,29.481262525050102,0.17964357899686903
IMPROVED_OB_fee,29.484148296593187,0.18417389529489867
IMPROVED_OB_fee,29.48703406813627,0.18891589796754518
IMPROVED_OB_fee,29.48991983967936,0.19388033204655866
IMPROVED_OB_fee,29.492805611222444,0.19907700731442626
IMPROVED_OB_fee,29.495691382765532,0.2045146117655171
IMPROVED_OB_fee,29.498577154308617,0.21020052864882585
IMPROVED_OB_fee,29.501462925851705,0.21614066083206435
IMPROVED_OB_fee,29.50434869739479,0.22233926632057263
IMPROVED_OB_fee,29.507234468937877,0.2287988087639466
IMPROVED_OB_fee,29.510120240480962,0.23551982668256258
IMPROVED_OB_fee,29.51300601202405,0.24250082494602476
IMPROVED_OB_fee,29.515891783567135,0.2497381917363286
IMPROVED_OB_fee,29.51877755511022,0.2572261438375653
IMPROVED_OB_fee,29.521663326653307,0.26495670261820886
IMPROVED_OB_fee,29.524549098196392,0.27291970252535
IMPROVED_OB_fee,29.52743486973948,0.2811028333049623
IMPROVED_OB_fee,29.530320641282565,0.28949171651594585
IMPROVED_OB_fee,29.533206412825653,0.2980700162361297
IMPROVED_OB_fee,29.536092184368737,0.30681958318288366
IMPROVED_OB_fee,29.538977955911825,0.31572063081026536
IMPROVED_OB_fee,29.54186372745491,0.3247519413144532
IMPROVED_OB_fee,29.544749498997998,0.33389109889824303
IMPROVED_OB_fee,29.547635270541083,0.34311474712628615
IMPROVED_OB_fee,29.550521042084167,0.352398866760252
IMPROVED_OB_fee,29.553406813627255,0.3617190701041627
IMPROVED_OB_fee,29.55629258517034,0.37105090762254334
IMPROVED_OB_fee,29.559178356713428,0.38037018242050824
IMPROVED_OB_fee,29.562064128256512,0.38965326809366074
IMPROVED_OB_fee,29.5649498997996,0.3988774254663349
IMPROVED_OB_fee,29.567835671342685,0.4080211138281426
IMPROVED_OB_fee,29.570721442885773,0.41706429244859833
IMPROVED_OB_fee,29.573607214428858,0.42598870838005115
IMPROVED_OB_fee,29.576492985971946,0.43477816684540205
IMPROVED_OB_fee,29.57937875751503,0.44341878083084535
IMPROVED_OB_fee,29.582264529058115,0.451899196856984
IMPROVED_OB_fee,29.585150300601203,0.46021079426958805
IMPROVED_OB_fee,29.588036072144288,0.46834785576461097
IMPROVED_OB_fee,29.590921843687376,0.4763077072320217
IMPROVED_OB_fee,29.59380761523046,0.4840908253611119
IMPROVED_OB_fee,29.59669338677355,0.4917009117937554
IMPROVED_OB_fee,29.599579158316633,0.499144932936648
IMPROVED_OB_fee,29.60246492985972,0.506433124850878
IMPROVED_OB_fee,29.605350701402806,0.5135789629268613
IMPROVED_OB_fee,29.60823647294589,0.5205990963305802
IMPROVED_OB_fee,29.61112224448898,0.5275132474759946
IMPROVED_OB_fee,29.614008016032063,0.5343440770452642
IMPROVED_OB_fee,29.61689378757515,0.5411170153488448
IMPROVED_OB_fee,29.619779559118236,0.5478600610961081
IMPROVED_OB_fee,29.622665330661324,0.5546035489405003
IMPROVED_OB_fee,29.62555110220441,0.5613798874725602
IMPROVED_OB_fee,29.628436873747496,0.568223269662814
IMPROVED_OB_fee,29.63132264529058,0.5751693581022715
IMPROVED_OB_fee,29.63420841683367,0.5822549477499637
IMPROVED_OB_fee,29.637094188376754,0.5895176092674175
IMPROVED_OB_fee,29.639979959919838,0.5969953163933713
IMPROVED_OB_fee,29.642865731462926,0.6047260611767702
IMPROVED_OB_fee,29.64575150300601,0.6127474612326845
IMPROVED_OB_fee,29.6486372745491,0.6210963634996302
IMPROVED_OB_fee,29.651523046092183,0.6298084492453387
IMPROVED_OB_fee,29.65440881763527,0.6389178452776134
IMPROVED_OB_fee,29.657294589178356,0.648456746453251
IMPROVED_OB_fee,29.660180360721444,0.6584550546309393
IMPROVED_OB_fee,29.66306613226453,0.6689400391713638
IMPROVED_OB_fee,29.665951903807617,0.6799360239435962
IMPROVED_OB_fee,29.6688376753507,0.6914641055441394
IMPROVED_OB_fee,29.671723446893786,0.7035419070748097
IMPROVED_OB_fee,29.674609218436874,0.7161833713573778
IMPROVED_OB_fee,29.67749498997996,0.7293985968938048
IMPROVED_OB_fee,29.680380761523047,0.7431937192201575
IMPROVED_OB_fee,29.68326653306613,0.7575708395611324
IMPROVED_OB_fee,29.68615230460922,0.7725280018893047
IMPROVED_OB_fee,29.689038076152304,0.7880592186441476
IMPROVED_OB_fee,29.691923847695392,0.8041545444944578
IMPROVED_OB_fee,29.694809619238477,0.8208001966525321
IMPROVED_OB_fee,29.697695390781565,0.8379787193976024
IMPROVED_OB_fee,29.70058116232465,0.8556691896558098
IMPROVED_OB_fee,29.703466933867734,0.8738474597432686
IMPROVED_OB_fee,29.706352705410822,0.8924864327228849
IMPROVED_OB_fee,29.709238476953907,0.9115563652755221
IMPROVED_OB_fee,29.712124248496995,0.9310251925569814
IMPROVED_OB_fee,29.71501002004008,0.950858869213498
IMPROVED_OB_fee,29.717895791583167,0.9710217205722205
IMPROVED_OB_fee,29.720781563126252,0.991476798008204
IMPROVED_OB_fee,29.72366733466934,1.0121862326198747
IMPROVED_OB_fee,29.726553106212425,1.0331115816105092
IMPROVED_OB_fee,29.729438877755513,1.0542141621709173
IMPROVED_OB_fee,29.732324649298597,1.0754553681690682
IMPROVED_OB_fee,29.735210420841682,1.0967969655644243
IMPROVED_OB_fee,29.73809619238477,1.1182013631539847
IMPROVED_OB_fee,29.740981963927855,1.1396318560070835
IMPROVED_OB_fee,29.743867735470943,1.1610528397287274
IMPROVED_OB_fee,29.746753507014027,1.182429994485388
IMPROVED_OB_fee,29.749639278557115,1.2037304385093064
IMPROVED_OB_fee,29.7525250501002,1.2249228515405925
IMPROVED_OB_fee,29.755410821643288,1.2459775693550261
IMPROVED_OB_fee,29.758296593186373,1.2668666511341642
IMPROVED_OB_fee,29.761182364729457,1.2875639219520267
IMPROVED_OB_fee,29.764068136272545,1.3080449930610805
IMPROVED_OB_fee,29.76695390781563,1.3282872629561122
IMPROVED_OB_fee,29.769839679358718,1.3482699023672913
IMPROVED_OB_fee,29.772725450901802,1.367973826385888
IMPROVED_OB_fee,29.77561122244489,1.3873816568601613
IMPROVED_OB_fee,29.778496993987975,1.4064776780200383
IMPROVED_OB_fee,29.781382765531063,1.4252477880124532
IMPROVED_OB_fee,29.784268537074148,1.4436794486640077
IMPROVED_OB_fee,29.787154308617236,1.4617616353551601
IMPROVED_OB_fee,29.79004008016032,1.4794847884056075
IMPROVED_OB_fee,29.792925851703405,1.4968407668579324
IMPROVED_OB_fee,29.795811623246493,1.513822805025087
IMPROVED_OB_fee,29.798697394789578,1.5304254716573127
IMPROVED_OB_fee,29.801583166332666,1.5466446311096216
IMPROVED_OB_fee,29.80446893787575,1.5624774054650492
IMPROVED_OB_fee,29.80735470941884,1.5779221362150726
IMPROVED_OB_fee,29.810240480961923,1.5929783438244605
IMPROVED_OB_fee,29.81312625250501,1.6076466833293013
IMPROVED_OB_fee,29.816012024048096,1.6219288940368086
IMPROVED_OB_fee,29.818897795591184,1.6358277414215812
IMPROVED_OB_fee,29.82178356713427,1.6493469494407522
IMPROVED_OB_fee,29.824669338677353,1.6624911217186829
IMPROVED_OB_fee,29.82755511022044,1.6752656503697352
IMPROVED_OB_fee,29.830440881763526,1.6876766116266708
IMPROVED_OB_fee,29.833326653306614,1.6997306479061234
IMPROVED_OB_fee,29.8362124248497,1.7114348364530276
IMPROVED_OB_fee,29.839098196392786,1.7227965452503489
IMPROVED_OB_fee,29.84198396793587,1.7338232774296003
IMPROVED_OB_fee,29.84486973947896,1.7445225059615757
IMPROVED_OB_fee,29.847755511022044,1.7549015009167797
IMPROVED_OB_fee,29.85064128256513,1.7649671520484895
IMPROVED_OB_fee,29.853527054108216,1.7747257898470914
IMPROVED_OB_fee,29.8564128256513,1.7841830085301973
IMPROVED_OB_fee,29.85929859719439,1.7933434946537807
IMPROVED_OB_fee,29.862184368737474,1.8022108651497923
IMPROVED_OB_fee,29.86507014028056,1.810787518607129
IMPROVED_OB_fee,29.867955911823646,1.8190745035144682
IMPROVED_OB_fee,29.870841683366734,1.8270714069785055
IMPROVED_OB_fee,29.87372745490982,1.834776267121915
IMPROVED_OB_fee,29.876613226452907,1.842185511964361
IMPROVED_OB_fee,29.87949899799599,1.8492939271049371
IMPROVED_OB_fee,29.88238476953908,1.856094653972655
IMPROVED_OB_fee,29.885270541082164,1.8625792198063285
IMPROVED_OB_fee,29.88815631262525,1.8687375998859572
IMPROVED_OB_fee,29.891042084168337,1.8745583118803588
IMPROVED_OB_fee,29.89392785571142,1.8800285415195652
IMPROVED_OB_fee,29.89681362725451,1.8851342981621626
IMPROVED_OB_fee,29.899699398797594,1.889860598222912
IMPROVED_OB_fee,29.902585170340682,1.8941916738700475
IMPROVED_OB_fee,29.905470941883767,1.8981112039063908
IMPROVED_OB_fee,29.908356713426855,1.9016025633231466
IMPROVED_OB_fee,29.91124248496994,1.904649087668442
IMPROVED_OB_fee,29.914128256513024,1.9072343481082723
IMPROVED_OB_fee,29.917014028056112,1.909342432876991
IMPROVED_OB_fee,29.919899799599197,1.9109582307184791
IMPROVED_OB_fee,29.922785571142285,1.9120677119034426
IMPROVED_OB_fee,29.92567134268537,1.912658202468942
IMPROVED_OB_fee,29.928557114228457,1.912718647456009
IMPROVED_OB_fee,29.931442885771542,1.9122398591133067
IMPROVED_OB_fee,29.93432865731463,1.9112147462794804
IMPROVED_OB_fee,29.937214428857715,1.9096385214463412
IMPROVED_OB_fee,29.940100200400803,1.9075088823299273
IMPROVED_OB_fee,29.942985971943887,1.9048261651289098
IMPROVED_OB_fee,29.945871743486975,1.9015934670214003
IMPROVED_OB_fee,29.94875751503006,1.8978167358362037
IMPROVED_OB_fee,29.951643286573145,1.893504825226992
IMPROVED_OB_fee,29.954529058116233,1.8886695140735068
IMPROVED_OB_fee,29.957414829659317,1.8833254892300928
IMPROVED_OB_fee,29.960300601202405,1.8774902911360134
IMPROVED_OB_fee,29.96318637274549,1.8711842221956616
IMPROVED_OB_fee,29.966072144288578,1.8644302182261039
IMPROVED_OB_fee,29.968957915831663,1.8572536836598255
IMPROVED_OB_fee,29.97184368737475,1.8496822915798465
IMPROVED_OB_fee,29.974729458917835,1.841745750054797
IMPROVED_OB_fee,29.97761523046092,1.8334755366346247
IMPROVED_OB_fee,29.980501002004008,1.8249046032632608
IMPROVED_OB_fee,29.983386773547092,1.8160670542616493
IMPROVED_OB_fee,29.98627254509018,1.806997800433371
IMPROVED_OB_fee,29.989158316633265,1.7977321927414542
IMPROVED_OB_fee,29.992044088176353,1.7883056393954464
IMPROVED_OB_fee,29.994929859719438,1.7787532105680455
IMPROVED_OB_fee,29.997815631262526,1.7691092353214555
IMPROVED_OB_fee,30.00070140280561,1.7594068956603277
IMPROVED_OB_fee,30.0035871743487,1.7496778229281384
IMPROVED_OB_fee,30.006472945891783,1.7399517020206794
IMPROVED_OB_fee,30.009358717434868,1.7302558890892323
IMPROVED_OB_fee,30.012244488977956,1.7206150485400793
IMPROVED_OB_fee,30.01513026052104,1.7110508151921955
IMPROVED_OB_fee,30.01801603206413,1.701581487422246
IMPROVED_OB_fee,30.020901803607213,1.6922217569968083
IMPROVED_OB_fee,30.0237875751503,1.6829824810554626
IMPROVED_OB_fee,30.026673346693386,1.6738705013618946
IMPROVED_OB_fee,30.029559118236474,1.664888515477366
IMPROVED_OB_fee,30.03244488977956,1.6560350039320482
IMPROVED_OB_fee,30.035330661322647,1.6473042167750092
IMPROVED_OB_fee,30.03821643286573,1.6386862220799017
IMPROVED_OB_fee,30.041102204408816,1.6301670180770167
IMPROVED_OB_fee,30.043987975951904,1.6217287095868105
IMPROVED_OB_fee,30.04687374749499,1.6133497483584482
IMPROVED_OB_fee,30.049759519038076,1.6050052357893319
IMPROVED_OB_fee,30.05264529058116,1.5966672853376835
IMPROVED_OB_fee,30.05553106212425,1.5883054407639932
IMPROVED_OB_fee,30.058416833667334,1.5798871451747225
IMPROVED_OB_fee,30.06130260521042,1.5713782547178388
IMPROVED_OB_fee,30.064188376753506,1.5627435897248594
IMPROVED_OB_fee,30.06707414829659,1.5539475151321411
IMPROVED_OB_fee,30.06995991983968,1.5449545411752026
IMPROVED_OB_fee,30.072845691382764,1.5357299346547946
IMPROVED_OB_fee,30.07573146292585,1.526240330548277
IMPROVED_OB_fee,30.078617234468936,1.5164543334008027
IMPROVED_OB_fee,30.081503006012024,1.5063430977947598
IMPROVED_OB_fee,30.08438877755511,1.495880877273349
IMPROVED_OB_fee,30.087274549098197,1.4850455313899686
IMPROVED_OB_fee,30.09016032064128,1.4738189810726188
IMPROVED_OB_fee,30.09304609218437,1.462187603222014
IMPROVED_OB_fee,30.095931863727454,1.4501425564008499
IMPROVED_OB_fee,30.098817635270542,1.437680030595673
IMPROVED_OB_fee,30.101703406813627,1.4248014153294597
IMPROVED_OB_fee,30.10458917835671,1.4115133818416132
IMPROVED_OB_fee,30.1074749498998,1.3978278766067391
IMPROVED_OB_fee,30.110360721442884,1.3837620251018385
IMPROVED_OB_fee,30.113246492985972,1.3693379464165973
IMPROVED_OB_fee,30.116132264529057,1.354582481000934
IMPROVED_OB_fee,30.119018036072145,1.3395268355161243
IMPROVED_OB_fee,30.12190380761523,1.3242061503687053
IMPROVED_OB_fee,30.124789579158318,1.3086589970202032
IMPROVED_OB_fee,30.127675350701402,1.2929268135510186
IMPROVED_OB_fee,30.130561122244487,1.2770532881791847
IMPROVED_OB_fee,30.133446893787575,1.26108370147
IMPROVED_OB_fee,30.13633266533066,1.2450642387970552
IMPROVED_OB_fee,30.139218436873747,1.2290412852099537
IMPROVED_OB_fee,30.142104208416832,1.213060715219318
IMPROVED_OB_fee,30.14498997995992,1.197167190113807
IMPROVED_OB_fee,30.147875751503005,1.1814034752799656
IMPROVED_OB_fee,30.150761523046093,1.1658097896030677
IMPROVED_OB_fee,30.153647294589177,1.1504231983998254
IMPROVED_OB_fee,30.156533066132265,1.1352770604808582
IMPROVED_OB_fee,30.15941883767535,1.1204005388864724
IMPROVED_OB_fee,30.162304609218435,1.1058181836031158
IMPROVED_OB_fee,30.165190380761523,1.0915495931799144
IMPROVED_OB_fee,30.168076152304607,1.0776091606520446
IMPROVED_OB_fee,30.170961923847695,1.0640059075754722
IMPROVED_OB_fee,30.17384769539078,1.050743408317918
IMPROVED_OB_fee,30.176733466933868,1.0378198050686727
IMPROVED_OB_fee,30.179619238476953,1.0252279123608594
IMPROVED_OB_fee,30.18250501002004,1.0129554082755918
IMPROVED_OB_fee,30.185390781563125,1.0009851079526118
IMPROVED_OB_fee,30.188276553106213,0.9892953135946838
IMPROVED_OB_fee,30.191162324649298,0.9778602338523786
IMPROVED_OB_fee,30.194048096192383,0.9666504643331538
IMPROVED_OB_fee,30.19693386773547,0.9556335200161571
IMPROVED_OB_fee,30.199819639278555,0.9447744095866444
IMPROVED_OB_fee,30.202705410821643,0.9340362411414882
IMPROVED_OB_fee,30.205591182364728,0.9233808483692875
IMPROVED_OB_fee,30.208476953907816,0.912769426173508
IMPROVED_OB_fee,30.2113627254509,0.9021631647851887
IMPROVED_OB_fee,30.21424849699399,0.8915238716937376
IMPROVED_OB_fee,30.217134268537073,0.880814571200976
IMPROVED_OB_fee,30.220020040080158,0.8700000720570896
IMPROVED_OB_fee,30.222905811623246,0.8590474944529324
IMPROVED_OB_fee,30.22579158316633,0.8479267485956916
IMPROVED_OB_fee,30.22867735470942,0.8366109581648348
IMPROVED_OB_fee,30.231563126252503,0.8250768231058577
IMPROVED_OB_fee,30.23444889779559,0.8133049174435609
IMPROVED_OB_fee,30.237334669338676,0.8012799190615499
IMPROVED_OB_fee,30.240220440881764,0.78899076967062
IMPROVED_OB_fee,30.24310621242485,0.7764307644537899
IMPROVED_OB_fee,30.245991983967937,0.7635975721036211
IMPROVED_OB_fee,30.24887775551102,0.7504931871391547
IMPROVED_OB_fee,30.25176352705411,0.7371238174821767
IMPROVED_OB_fee,30.254649298597194,0.7234997112720603
IMPROVED_OB_fee,30.25753507014028,0.7096349277874481
IMPROVED_OB_fee,30.260420841683366,0.6955470581136044
IMPROVED_OB_fee,30.26330661322645,0.6812569018338466
IMPROVED_OB_fee,30.26619238476954,0.6667881065300505
IMPROVED_OB_fee,30.269078156312624,0.6521667772461772
IMPROVED_OB_fee,30.27196392785571,0.6374210632994808
IMPROVED_OB_fee,30.274849699398796,0.6225807299215842
IMPROVED_OB_fee,30.277735470941884,0.6076767221764005
IMPROVED_OB_fee,30.28062124248497,0.592740728444857
IMPROVED_OB_fee,30.283507014028054,0.5778047504917532
IMPROVED_OB_fee,30.28639278557114,0.5629006867515259
IMPROVED_OB_fee,30.289278557114226,0.5480599349934189
IMPROVED_OB_fee,30.292164328657314,0.533313019968353
IMPROVED_OB_fee,30.2950501002004,0.5186892510093482
IMPROVED_OB_fee,30.297935871743487,0.5042164138675147
IMPROVED_OB_fee,30.30082164328657,0.489920500331363
IMPROVED_OB_fee,30.30370741482966,0.4758254784079218
IMPROVED_OB_fee,30.306593186372744,0.46195310505658127
IMPROVED_OB_fee,30.309478957915832,0.4483227826701433
IMPROVED_OB_fee,30.312364729458917,0.43495145970808474
IMPROVED_OB_fee,30.315250501002,0.4218535751128415
IMPROVED_OB_fee,30.31813627254509,0.4090410453962598
IMPROVED_OB_fee,30.321022044088174,0.39652329257928587
IMPROVED_OB_fee,30.323907815631262,0.3843073105139562
IMPROVED_OB_fee,30.326793587174347,0.3723977665246534
IMPROVED_OB_fee,30.329679358717435,0.360797134780854
IMPROVED_OB_fee,30.33256513026052,0.34950585736781353
IMPROVED_OB_fee,30.335450901803608,0.3385225286584543
IMPROVED_OB_fee,30.338336673346692,0.32784409831749906
IMPROVED_OB_fee,30.34122244488978,0.31746608808868804
IMPROVED_OB_fee,30.344108216432865,0.3073828174332695
IMPROVED_OB_fee,30.34699398797595,0.2975876331010719
IMPROVED_OB_fee,30.349879759519037,0.28807313782606725
IMPROVED_OB_fee,30.352765531062122,0.2788314135408498
IMPROVED_OB_fee,30.35565130260521,0.2698542347962153
IMPROVED_OB_fee,30.358537074148295,0.26113326844706397
IMPROVED_OB_fee,30.361422845691383,0.25266025611197485
IMPROVED_OB_fee,30.364308617234467,0.24442717642736295
IMPROVED_OB_fee,30.367194388777556,0.23642638467954505
IMPROVED_OB_fee,30.37008016032064,0.2286507280026957
IMPROVED_OB_fee,30.372965931863725,0.22109363495891157
IMPROVED_OB_fee,30.375851703406813,0.21374917895705917
IMPROVED_OB_fee,30.378737474949897,0.20661211560310724
IMPROVED_OB_fee,30.381623246492985,0.19967789469150837
IMPROVED_OB_fee,30.38450901803607,0.19294264813144796
IMPROVED_OB_fee,30.387394789579158,0.18640315563773135
IMPROVED_OB_fee,30.390280561122243,0.1800567904932912
IMPROVED_OB_fee,30.39316633266533,0.1739014480959654
IMPROVED_OB_fee,30.396052104208415,0.16793546032885864
IMPROVED_OB_fee,30.398937875751503,0.16215749903252974
IMPROVED_OB_fee,30.401823647294588,0.15656647200551796
IMPROVED_OB_fee,30.404709418837676,0.15116141501383856
IMPROVED_OB_fee,30.40759519038076,0.14594138325184
IMPROVED_OB_fee,30.410480961923845,0.1409053455677986
IMPROVED_OB_fee,30.413366733466933,0.13605208455473186
IMPROVED_OB_fee,30.416252505010018,0.13138010531717326
IMPROVED_OB_fee,30.419138276553106,0.12688755536790164
IMPROVED_OB_fee,30.42202404809619,0.12257215769735173
IMPROVED_OB_fee,30.42490981963928,0.11843115860429586
IMPROVED_OB_fee,30.427795591182363,0.11446129139477748
IMPROVED_OB_fee,30.43068136272545,0.11065875656051326
IMPROVED_OB_fee,30.433567134268536,0.10701921855373106
IMPROVED_OB_fee,30.43645290581162,0.1035378187956891
IMPROVED_OB_fee,30.43933867735471,0.10020920410538987
IMPROVED_OB_fee,30.442224448897793,0.09702756932471351
IMPROVED_OB_fee,30.44511022044088,0.09398671255698358
IMPROVED_OB_fee,30.447995991983966,0.09108010113700553
IMPROVED_OB_fee,30.450881763527054,0.088300946217533
IMPROVED_OB_fee,30.45376753507014,0.08564228369518163
IMPROVED_OB_fee,30.456653306613227,0.08309705910911806
IMPROVED_OB_fee,30.45953907815631,0.08065821412878586
IMPROVED_OB_fee,30.4624248496994,0.07831877229904174
IMPROVED_OB_fee,30.465310621242484,0.07607192182845987
IMPROVED_OB_fee,30.46819639278557,0.07391109338199975
IMPROVED_OB_fee,30.471082164328656,0.07183003106524484
IMPROVED_OB_fee,30.47396793587174,0.06982285505402636
IMPROVED_OB_fee,30.47685370741483,0.06788411462090017
IMPROVED_OB_fee,30.479739478957914,0.06600883062760794
IMPROVED_OB_fee,30.482625250501002,0.06419252687964912
IMPROVED_OB_fee,30.485511022044086,0.06243125006526148
IMPROVED_OB_fee,30.488396793587174,0.060721578316002965
IMPROVED_OB_fee,30.49128256513026,0.0590606187216439
IMPROVED_OB_fee,30.494168336673347,0.05744599439968094
IMPROVED_OB_fee,30.49705410821643,0.055875821953749745
IMPROVED_OB_fee,30.499939879759516,0.05434868035025967
IMPROVED_OB_fee,30.502825651302604,0.05286357239583776
IMPROVED_OB_fee,30.50571142284569,0.05141988010758627
IMPROVED_OB_fee,30.508597194388777,0.05001731533404044
IMPROVED_OB_fee,30.51148296593186,0.048655867008162275
IMPROVED_OB_fee,30.51436873747495,0.04733574639741631
IMPROVED_OB_fee,30.517254509018034,0.046057331663912085
IMPROVED_OB_fee,30.520140280561122,0.044821112964061
IMPROVED_OB_fee,30.523026052104207,0.04362763920790755
IMPROVED_OB_fee,30.52591182364729,0.04247746746860842
IMPROVED_OB_fee,30.52879759519038,0.04137111588871143
IMPROVED_OB_fee,30.531683366733464,0.04030902077735955
IMPROVED_OB_fee,30.534569138276552,0.03929149843723856
IMPROVED_OB_fee,30.537454909819637,0.03831871210689241
IMPROVED_OB_fee,30.540340681362725,0.03739064425746398
IMPROVED_OB_fee,30.54322645290581,0.036507074346940095
IMPROVED_OB_fee,30.546112224448898,0.035667562012299536
IMPROVED_OB_fee,30.548997995991982,0.03487143557304866
IMPROVED_OB_fee,30.55188376753507,0.03411778562957228
IMPROVED_OB_fee,30.554769539078155,0.03340546346729668
IMPROVED_OB_fee,30.557655310621243,0.03273308392242941
IMPROVED_OB_fee,30.560541082164328,0.03209903232640726
IMPROVED_OB_fee,30.563426853707412,0.03150147512257806
IMPROVED_OB_fee,30.5663126252505,0.030938373738443246
IMPROVED_OB_fee,30.569198396793585,0.030407501297713316
IMPROVED_OB_fee,30.572084168336673,0.02990646176638303
IMPROVED_OB_fee,30.574969939879757,0.029432711143592853
IMPROVED_OB_fee,30.577855711422846,0.02898358032896276
IMPROVED_OB_fee,30.58074148296593,0.028556299321336718
IMPROVED_OB_fee,30.583627254509018,0.028148022427480986
IMPROVED_OB_fee,30.586513026052103,0.027755854181816992
IMPROVED_OB_fee,30.589398797595187,0.02737687569843056
IMPROVED_OB_fee,30.592284569138275,0.027008171193659777
IMPROVED_OB_fee,30.59517034068136,0.026646854430968363
IMPROVED_OB_fee,30.598056112224448,0.026290094849586443
IMPROVED_OB_fee,30.600941883767533,0.025935143144741366
IMPROVED_OB_fee,30.60382765531062,0.02557935607076579
IMPROVED_OB_fee,30.606713426853705,0.02522022023980711
IMPROVED_OB_fee,30.609599198396793,0.02485537468915081
IMPROVED_OB_fee,30.612484969939878,0.02448263199049147
IMPROVED_OB_fee,30.615370741482966,0.024099997675880752
IMPROVED_OB_fee,30.61825651302605,0.023705687758741507
IMPROVED_OB_fee,30.621142284569135,0.023298144135158006
IMPROVED_OB_fee,30.624028056112223,0.022876047661648195
IMPROVED_OB_fee,30.626913827655308,0.022438328721360108
IMPROVED_OB_fee,30.629799599198396,0.021984175111582308
IMPROVED_OB_fee,30.63268537074148,0.02151303711193668
IMPROVED_OB_fee,30.63557114228457,0.021024629624340672
IMPROVED_OB_fee,30.638456913827653,0.02051893131271075
IMPROVED_OB_fee,30.64134268537074,0.019996180711611477
IMPROVED_OB_fee,30.644228456913826,0.01945686931798489
IMPROVED_OB_fee,30.647114228456914,0.018901731727569707
IMPROVED_OB_fee,30.65,0.018331732926575417
