fee_algo_name,lp_yield,density
FX_fee,25.99,0.06331247093959262
FX_fee,25.991583166332664,0.06714988787308897
FX_fee,25.99316633266533,0.07114677810483122
FX_fee,25.994749498997994,0.07530395001231308
FX_fee,25.99633266533066,0.07962171641351258
FX_fee,25.997915831663324,0.08409987180201325
FX_fee,25.99949899799599,0.08873767321705459
FX_fee,26.001082164328654,0.09353382513846746
FX_fee,26.002665330661323,0.09848646875182765
FX_fee,26.004248496993988,0.10359317587815413
FX_fee,26.005831663326653,0.10885094780676095
FX_fee,26.007414829659318,0.11425621920832336
FX_fee,26.008997995991983,0.11980486724313379
FX_fee,26.010581162324648,0.1254922259140978
FX_fee,26.012164328657313,0.13131310565064225
FX_fee,26.01374749498998,0.13726181804691842
FX_fee,26.015330661322643,0.14333220561845303
FX_fee,26.01691382765531,0.1495176763870988
FX_fee,26.018496993987974,0.15581124305402383
FX_fee,26.02008016032064,0.16220556647818632
FX_fee,26.021663326653304,0.16869300314100147
FX_fee,26.02324649298597,0.17526565624874962
FX_fee,26.024829659318637,0.1819154301027614
FX_fee,26.026412825651303,0.18863408735112622
FX_fee,26.027995991983968,0.19541330872783644
FX_fee,26.029579158316633,0.20224475487991367
FX_fee,26.031162324649298,0.20912012988489878
FX_fee,26.032745490981963,0.21603124606369442
FX_fee,26.034328657314628,0.22297008969901028
FX_fee,26.035911823647293,0.2299288872757314
FX_fee,26.037494989979958,0.23690017186320222
FX_fee,26.039078156312623,0.24387684926259956
FX_fee,26.04066132264529,0.2508522635410769
FX_fee,26.042244488977953,0.257820261569256
FX_fee,26.04382765531062,0.26477525616948927
FX_fee,26.045410821643284,0.2717122874667879
FX_fee,26.046993987975952,0.2786270820159853
FX_fee,26.048577154308617,0.28551610925401516
FX_fee,26.050160320641282,0.29237663480055043
FX_fee,26.051743486973947,0.29920677010018865
FX_fee,26.053326653306613,0.3060055178705495
FX_fee,26.054909819639278,0.3127728127928998
FX_fee,26.056492985971943,0.31950955685661514
FX_fee,26.058076152304608,0.32621764875084813
FX_fee,26.059659318637273,0.3329000066852714
FX_fee,26.061242484969938,0.3395605840210037
FX_fee,26.062825651302603,0.3462043771047147
FX_fee,26.064408817635268,0.35283742472337787
FX_fee,26.065991983967933,0.3594667986388292
FX_fee,26.0675751503006,0.3661005847175325
FX_fee,26.069158316633267,0.37274785424598844
FX_fee,26.070741482965932,0.3794186251128109
FX_fee,26.072324649298597,0.3861238126463326
FX_fee,26.073907815631262,0.39287517001961036
FX_fee,26.075490981963927,0.3996852182706386
FX_fee,26.077074148296592,0.40656716613379146
FX_fee,26.078657314629258,0.4135348200340511
FX_fee,26.080240480961923,0.42060248475682377
FX_fee,26.081823647294588,0.42778485546954936
FX_fee,26.083406813627253,0.4350969019312578
FX_fee,26.084989979959918,0.442553745882025
FX_fee,26.086573146292583,0.45017053274828916
FX_fee,26.088156312625248,0.45796229893240203
FX_fee,26.089739478957913,0.46594383606876677
FX_fee,26.091322645290578,0.47412955372347765
FX_fee,26.092905811623247,0.4825333420870332
FX_fee,26.094488977955912,0.491168436256089
FX_fee,26.096072144288577,0.5000472837232646
FX_fee,26.097655310621242,0.5091814166877695
FX_fee,26.099238476953907,0.5185813307688447
FX_fee,26.100821643286572,0.5282563716471234
FX_fee,26.102404809619237,0.5382146310762715
FX_fee,26.103987975951902,0.5484628536044571
FX_fee,26.105571142284568,0.559006355219599
FX_fee,26.107154308617233,0.569848954992262
FX_fee,26.108737474949898,0.5809929206340244
FX_fee,26.110320641282563,0.592438928723163
FX_fee,26.111903807615228,0.6041860401773881
FX_fee,26.113486973947893,0.6162316913751656
FX_fee,26.11507014028056,0.6285717011511658
FX_fee,26.116653306613227,0.6412002937152316
FX_fee,26.118236472945892,0.6541101373746674
FX_fee,26.119819639278557,0.6672923987764758
FX_fee,26.121402805611222,0.6807368122310395
FX_fee,26.122985971943887,0.6944317635354205
FX_fee,26.124569138276552,0.7083643875784218
FX_fee,26.126152304609217,0.7225206788879492
FX_fee,26.127735470941882,0.7368856141669576
FX_fee,26.129318637274547,0.7514432857614172
FX_fee,26.130901803607212,0.7661770449110075
FX_fee,26.132484969939878,0.7810696535459161
FX_fee,26.134068136272543,0.7961034433168916
FX_fee,26.135651302605208,0.8112604804727802
FX_fee,26.137234468937876,0.8265227351338273
FX_fee,26.13881763527054,0.8418722534495118
FX_fee,26.140400801603207,0.857291331072939
FX_fee,26.14198396793587,0.8727626863350039
FX_fee,26.143567134268537,0.8882696314569422
FX_fee,26.145150300601202,0.9037962401048789
FX_fee,26.146733466933867,0.9193275095621221
FX_fee,26.148316633266532,0.9348495157785335
FX_fee,26.149899799599197,0.9503495595553373
FX_fee,26.151482965931862,0.9658163021346065
FX_fee,26.153066132264527,0.9812398884971479
FX_fee,26.154649298597192,0.9966120567229666
FX_fee,26.156232464929857,1.011926231847558
FX_fee,26.157815631262523,1.0271776027483852
FX_fee,26.159398797595188,1.0423631807262426
FX_fee,26.160981963927856,1.0574818386063944
FX_fee,26.16256513026052,1.0725343293703395
FX_fee,26.164148296593186,1.087523283548812
FX_fee,26.16573146292585,1.1024531848489434
FX_fee,26.167314629258517,1.1173303237599137
FX_fee,26.16889779559118,1.1321627291748002
FX_fee,26.170480961923847,1.1469600783757887
FX_fee,26.172064128256512,1.1617335860569589
FX_fee,26.173647294589177,1.1764958733893724
FX_fee,26.175230460921842,1.1912608184695843
FX_fee,26.176813627254507,1.2060433898203855
FX_fee,26.178396793587172,1.2208594649291036
FX_fee,26.179979959919837,1.23572563610624
FX_fee,26.181563126252502,1.250659006214285
FX_fee,26.18314629258517,1.2656769770523217
FX_fee,26.184729458917836,1.2807970333734076
FX_fee,26.1863126252505,1.2960365256568411
FX_fee,26.187895791583166,1.3114124548495476
FX_fee,26.18947895791583,1.3269412623239658
FX_fee,26.191062124248496,1.3426386282754907
FX_fee,26.19264529058116,1.3585192816916258
FX_fee,26.194228456913827,1.3745968248756864
FX_fee,26.19581162324649,1.3908835752932134
FX_fee,26.197394789579157,1.4073904272366644
FX_fee,26.198977955911822,1.4241267354772056
FX_fee,26.200561122244487,1.4411002226922949
FX_fee,26.202144288577152,1.45831691203863
FX_fee,26.203727454909817,1.4757810857822282
FX_fee,26.205310621242486,1.4934952704144977
FX_fee,26.20689378757515,1.51146024818507
FX_fee,26.208476953907816,1.5296750944761444
FX_fee,26.21006012024048,1.548137239943421
FX_fee,26.211643286573146,1.56684255586468
FX_fee,26.21322645290581,1.5857854606812931
FX_fee,26.214809619238476,1.6049590452981546
FX_fee,26.21639278557114,1.624355214336477
FX_fee,26.217975951903806,1.643964840221032
FX_fee,26.21955911823647,1.6637779267316575
FX_fee,26.221142284569137,1.6837837784731464
FX_fee,26.2227254509018,1.7039711726141291
FX_fee,26.224308617234467,1.7243285292236317
FX_fee,26.225891783567132,1.744844076594259
FX_fee,26.2274749498998,1.7655060080782656
FX_fee,26.229058116232466,1.7863026271828393
FX_fee,26.23064128256513,1.8072224779612078
FX_fee,26.232224448897796,1.828254458096383
FX_fee,26.23380761523046,1.8493879124937795
FX_fee,26.235390781563126,1.8706127056682373
FX_fee,26.23697394789579,1.8919192717216908
FX_fee,26.238557114228456,1.9132986412429043
FX_fee,26.24014028056112,1.9347424450144661
FX_fee,26.241723446893786,1.956242894964739
FX_fee,26.24330661322645,1.9777927433434803
FX_fee,26.244889779559117,1.9993852216185164
FX_fee,26.24647294589178,2.021013961066325
FX_fee,26.248056112224447,2.04267289746142
FX_fee,26.24963927855711,2.064356162634658
FX_fee,26.25122244488978,2.086057965971789
FX_fee,26.252805611222445,2.1077724691430504
FX_fee,26.25438877755511,2.12949365749449
FX_fee,26.255971943887776,2.1512152115840983
FX_fee,26.25755511022044,2.172930382310716
FX_fee,26.259138276553106,2.194631872964906
FX_fee,26.26072144288577,2.216311731326402
FX_fee,26.262304609218436,2.2379612546529937
FX_fee,26.2638877755511,2.259570910057732
FX_fee,26.265470941883766,2.281130272359971
FX_fee,26.26705410821643,2.302627981039973
FX_fee,26.268637274549096,2.3240517174298807
FX_fee,26.27022044088176,2.345388202757848
FX_fee,26.271803607214427,2.3666232171330095
FX_fee,26.273386773547095,2.387741639035539
FX_fee,26.27496993987976,2.4087275043716163
FX_fee,26.276553106212425,2.4295640836766967
FX_fee,26.27813627254509,2.450233975620304
FX_fee,26.279719438877756,2.4707192145863806
FX_fee,26.28130260521042,2.491001389789094
FX_fee,26.282885771543086,2.5110617731392586
FX_fee,26.28446893787575,2.530881452905722
FX_fee,26.286052104208416,2.5504414701285696
FX_fee,26.28763527054108,2.5697229547267857
FX_fee,26.289218436873746,2.5887072583138937
FX_fee,26.29080160320641,2.607376080876444
FX_fee,26.292384769539076,2.625711588683111
FX_fee,26.29396793587174,2.643696521070333
FX_fee,26.29555110220441,2.661314284077852
FX_fee,26.297134268537075,2.6785490292858607
FX_fee,26.29871743486974,2.695385716611733
FX_fee,26.300300601202405,2.7118101602579285
FX_fee,26.30188376753507,2.727809057443759
FX_fee,26.303466933867735,2.743369999995508
FX_fee,26.3050501002004,2.7584814692998623
FX_fee,26.306633266533066,2.7731328155315307
FX_fee,26.30821643286573,2.787314222441578
FX_fee,26.309799599198396,2.8010166593278023
FX_fee,26.31138276553106,2.814231822093192
FX_fee,26.312965931863726,2.826952065534478
FX_fee,26.31454909819639,2.839170329176092
FX_fee,26.316132264529056,2.850880059082334
FX_fee,26.317715430861725,2.8620751281350554
FX_fee,26.31929859719439,2.8727497572586884
FX_fee,26.320881763527055,2.882898440013371
FX_fee,26.32246492985972,2.892515872856541
FX_fee,26.324048096192385,2.9015968932085467
FX_fee,26.32563126252505,2.9101364272436103
FX_fee,26.327214428857715,2.918129449079031
FX_fee,26.32879759519038,2.9255709527520932
FX_fee,26.330380761523045,2.932455938069676
FX_fee,26.33196392785571,2.9387794110923995
FX_fee,26.333547094188376,2.944536399682786
FX_fee,26.33513026052104,2.949721984213484
FX_fee,26.336713426853706,2.954331343199914
FX_fee,26.33829659318637,2.9583598133043902
FX_fee,26.339879759519036,2.961802962854139
FX_fee,26.341462925851705,2.9646566777353516
FX_fee,26.34304609218437,2.966917258268943
FX_fee,26.344629258517035,2.968581525448061
FX_fee,26.3462124248497,2.969646934722384
FX_fee,26.347795591182365,2.970111695354657
FX_fee,26.34937875751503,2.9699748932501557
FX_fee,26.350961923847695,2.96923661507156
FX_fee,26.35254509018036,2.9678980713989294
FX_fee,26.354128256513025,2.9659617166783283
FX_fee,26.35571142284569,2.963431363720582
FX_fee,26.357294589178355,2.960312290562198
FX_fee,26.35887775551102,2.9566113375831184
FX_fee,26.360460921843686,2.9523369928871857
FX_fee,26.36204408817635,2.947499464088846
FX_fee,26.36362725450902,2.942110734812212
FX_fee,26.365210420841684,2.936184604391051
FX_fee,26.36679358717435,2.9297367094608657
FX_fee,26.368376753507015,2.92278452635134
FX_fee,26.36995991983968,2.9153473534180234
FX_fee,26.371543086172345,2.9074462726920736
FX_fee,26.37312625250501,2.8991040904748884
FX_fee,26.374709418837675,2.89034525675606
FX_fee,26.37629258517034,2.881195763587498
FX_fee,26.377875751503005,2.8716830227991608
FX_fee,26.37945891783567,2.8618357236929928
FX_fee,26.381042084168335,2.8516836715956666
FX_fee,26.382625250501,2.841257608388529
FX_fee,26.384208416833665,2.8305890163607828
FX_fee,26.385791583166334,2.819709906947673
FX_fee,26.387374749499,2.8086525961189492
FX_fee,26.388957915831664,2.7974494683685975
FX_fee,26.39054108216433,2.786132731429231
FX_fee,26.392124248496994,2.774734163984646
FX_fee,26.39370741482966,2.7632848587869425
FX_fee,26.395290581162325,2.751814963694314
FX_fee,26.39687374749499,2.7403534232329205
FX_fee,26.398456913827655,2.7289277233500395
FX_fee,26.40004008016032,2.717563642062247
FX_fee,26.401623246492985,2.706285008714842
FX_fee,26.40320641282565,2.6951134745510643
FX_fee,26.404789579158315,2.684068297245642
FX_fee,26.40637274549098,2.673166141983604
FX_fee,26.40795591182365,2.6624209015602665
FX_fee,26.409539078156314,2.6518435378476957
FX_fee,26.41112224448898,2.641441946806881
FX_fee,26.412705410821644,2.631220849036039
FX_fee,26.41428857715431,2.621181707621701
FX_fee,26.415871743486974,2.6113226748131337
FX_fee,26.41745490981964,2.601638568766622
FX_fee,26.419038076152304,2.5921208813076397
FX_fee,26.42062124248497,2.582757817342621
FX_fee,26.422204408817635,2.5735343662140013
FX_fee,26.4237875751503,2.5644324049428042
FX_fee,26.425370741482965,2.5554308329424464
FX_fee,26.42695390781563,2.5465057374194426
FX_fee,26.428537074148295,2.5376305883109795
FX_fee,26.43012024048096,2.528776461243726
FX_fee,26.43170340681363,2.519912286645753
FX_fee,26.433286573146294,2.511005122802284
FX_fee,26.43486973947896,2.502020450327376
FX_fee,26.436452905811624,2.4929224852297183
FX_fee,26.43803607214429,2.4836745074862026
FX_fee,26.439619238476954,2.4742392018093318
FX_fee,26.44120240480962,2.464579007104536
FX_fee,26.442785571142284,2.4546564709681564
FX_fee,26.44436873747495,2.4444346054756565
FX_fee,26.445951903807615,2.433877240458669
FX_fee,26.44753507014028,2.4229493704669403
FX_fee,26.449118236472945,2.411617491658998
FX_fee,26.45070140280561,2.3998499249644074
FX_fee,26.452284569138275,2.3876171220067537
FX_fee,26.453867735470944,2.3748919504710484
FX_fee,26.45545090180361,2.3616499558379216
FX_fee,26.457034068136274,2.3478695966841516
FX_fee,26.45861723446894,2.3335324510672084
FX_fee,26.460200400801604,2.3186233918555095
FX_fee,26.46178356713427,2.3031307292421395
FX_fee,26.463366733466934,2.287046319072244
FX_fee,26.4649498997996,2.270365636024941
FX_fee,26.466533066132264,2.2530878111091144
FX_fee,26.46811623246493,2.2352156333527766
FX_fee,26.469699398797594,2.2167555159870598
FX_fee,26.47128256513026,2.197717427833729
FX_fee,26.472865731462925,2.1781147910041074
FX_fee,26.47444889779559,2.1579643463942033
FX_fee,26.47603206412826,2.1372859888147304
FX_fee,26.477615230460923,2.1161025739235297
FX_fee,26.47919839679359,2.0944396994199583
FX_fee,26.480781563126254,2.072325463226305
FX_fee,26.48236472945892,2.049790201600932
FX_fee,26.483947895791584,2.0268662103153368
FX_fee,26.48553106212425,2.003587452171429
FX_fee,26.487114228456914,1.979989254235629
FX_fee,26.48869739478958,1.956107998230378
FX_fee,26.490280561122244,1.9319808075378786
FX_fee,26.49186372745491,1.9076452342502848
FX_fee,26.493446893787574,1.8831389496358772
FX_fee,26.49503006012024,1.8584994412847717
FX_fee,26.496613226452904,1.8337637200604804
FX_fee,26.498196392785573,1.8089680398026455
FX_fee,26.499779559118238,1.784147632521167
FX_fee,26.501362725450903,1.7593364615783018
FX_fee,26.50294589178357,1.734566995093355
FX_fee,26.504529058116233,1.7098700015140165
FX_fee,26.5061122244489,1.6852743689900074
FX_fee,26.507695390781564,1.6608069498648763
FX_fee,26.50927855711423,1.6364924312658014
FX_fee,26.510861723446894,1.612353232435083
FX_fee,26.51244488977956,1.5884094291064534
FX_fee,26.514028056112224,1.5646787048919715
FX_fee,26.51561122244489,1.541176329319694
FX_fee,26.517194388777554,1.5179151618441344
FX_fee,26.51877755511022,1.4949056808567602
FX_fee,26.520360721442884,1.4721560364440893
FX_fee,26.521943887775553,1.4496721253911864
FX_fee,26.523527054108218,1.4274576867052213
FX_fee,26.525110220440883,1.405514415738846
FX_fee,26.526693386773548,1.3838420948387915
FX_fee,26.528276553106213,1.362438738316655
FX_fee,26.52985971943888,1.341300749453522
FX_fee,26.531442885771543,1.3204230871977893
FX_fee,26.53302605210421,1.2997994401973827
FX_fee,26.534609218436874,1.2794224058283241
FX_fee,26.53619238476954,1.2592836719291036
FX_fee,26.537775551102204,1.2393741990342888
FX_fee,26.53935871743487,1.2196844010058168
FX_fee,26.540941883767534,1.2002043220942444
FX_fee,26.5425250501002,1.1809238086138845
FX_fee,26.544108216432868,1.1618326735819793
FX_fee,26.545691382765533,1.142920852854776
FX_fee,26.547274549098198,1.1241785514771767
FX_fee,26.548857715430863,1.1055963791570806
FX_fee,26.550440881763528,1.0871654739643886
FX_fee,26.552024048096193,1.068877613541372
FX_fee,26.553607214428858,1.0507253132927266
FX_fee,26.555190380761523,1.0327019111914515
FX_fee,26.55677354709419,1.0148016389975432
FX_fee,26.558356713426853,0.9970196798290407
FX_fee,26.55993987975952,0.9793522121566731
FX_fee,26.561523046092184,0.9617964404089244
FX_fee,26.56310621242485,0.9443506124735085
FX_fee,26.564689378757514,0.9270140244700392
FX_fee,26.566272545090182,0.9097870132399154
FX_fee,26.567855711422848,0.8926709370633255
FX_fee,26.569438877755513,0.8756681451641464
FX_fee,26.571022044088178,0.8587819366084756
FX_fee,26.572605210420843,0.8420165092412426
FX_fee,26.574188376753508,0.8253768993387433
FX_fee,26.575771543086173,0.8088689126895228
FX_fee,26.577354709418838,0.7924990478463517
FX_fee,26.578937875751503,0.7762744123264497
FX_fee,26.580521042084168,0.7602026325725232
FX_fee,26.582104208416833,0.744291758523441
FX_fee,26.5836873747495,0.7285501636856208
FX_fee,26.585270541082163,0.7129864416366972
FX_fee,26.58685370741483,0.6976092999379092
FX_fee,26.588436873747497,0.6824274524754445
FX_fee,26.590020040080162,0.6674495112919668
FX_fee,26.591603206412827,0.6526838790092718
FX_fee,26.593186372745492,0.6381386429746843
FX_fee,26.594769539078158,0.6238214722890218
FX_fee,26.596352705410823,0.6097395188865686
FX_fee,26.597935871743488,0.5958993238391985
FX_fee,26.599519038076153,0.5823067300424698
FX_fee,26.601102204408818,0.5689668024089952
FX_fee,26.602685370741483,0.5558837566462941
FX_fee,26.604268537074148,0.543060897624935
FX_fee,26.605851703406813,0.5305005682551547
FX_fee,26.60743486973948,0.5182041096788271
FX_fee,26.609018036072143,0.5061718334557679
FX_fee,26.61060120240481,0.4944030062762686
FX_fee,26.612184368737477,0.4828958475674254
FX_fee,26.613767535070142,0.4716475401856464
FX_fee,26.615350701402807,0.4606542541977906
FX_fee,26.616933867735472,0.44991118356036625
FX_fee,26.618517034068137,0.4394125953067131
FX_fee,26.620100200400802,0.4291518906538618
FX_fee,26.621683366733468,0.41912167724893906
FX_fee,26.623266533066133,0.40931385158941636
FX_fee,26.624849699398798,0.3997196904822341
FX_fee,26.626432865731463,0.39032995025190287
FX_fee,26.628016032064128,0.38113497227565907
FX_fee,26.629599198396793,0.37212479331488707
FX_fee,26.631182364729458,0.3632892590290386
FX_fee,26.632765531062123,0.3546181390059521
FX_fee,26.634348697394792,0.3461012416178858
FX_fee,26.635931863727457,0.33772852702084666
FX_fee,26.637515030060122,0.329490216652468
FX_fee,26.639098196392787,0.3213768976520153
FX_fee,26.640681362725452,0.31337962072318154
FX_fee,26.642264529058117,0.30548999008292055
FX_fee,26.643847695390782,0.2977002442876943
FX_fee,26.645430861723447,0.29000332689519354
FX_fee,26.647014028056113,0.2823929461048799
FX_fee,26.648597194388778,0.2748636227182696
FX_fee,26.650180360721443,0.26741072596555615
FX_fee,26.651763527054108,0.2600304969568189
FX_fee,26.653346693386773,0.2527200597258002
FX_fee,26.654929859719438,0.24547742004121892
FX_fee,26.656513026052107,0.23830145235872918
FX_fee,26.65809619238477,0.23119187547201342
FX_fee,26.659679358717437,0.22414921759257272
FX_fee,26.661262525050102,0.21717477173911287
FX_fee,26.662845691382767,0.2102705424487392
FX_fee,26.664428857715432,0.20343918492946375
FX_fee,26.666012024048097,0.1966839378574646
FX_fee,26.667595190380762,0.19000855108086873
FX_fee,26.669178356713427,0.18341720952419438
FX_fee,26.670761523046092,0.17691445459622857
FX_fee,26.672344689378757,0.17050510438682084
FX_fee,26.673927855711423,0.16419417389918117
FX_fee,26.675511022044088,0.15798679650370734
FX_fee,26.677094188376753,0.15188814771913364
FX_fee,26.67867735470942,0.14590337233134917
FX_fee,26.680260521042086,0.1400375157491317
FX_fee,26.68184368737475,0.1342954603752821
FX_fee,26.683426853707417,0.12868186764176967
FX_fee,26.68501002004008,0.12320112622275185
FX_fee,26.686593186372747,0.11785730680252995
FX_fee,26.688176352705412,0.11265412363848445
FX_fee,26.689759519038077,0.10759490302648737
FX_fee,26.691342685370742,0.1026825586480577
FX_fee,26.692925851703407,0.09791957365940417
FX_fee,26.694509018036072,0.09330798927281883
FX_fee,26.696092184368737,0.08884939948241385
FX_fee,26.697675350701402,0.08454495150165539
FX_fee,26.699258517034067,0.08039535140818957
FX_fee,26.700841683366733,0.07640087443545035
FX_fee,26.7024248496994,0.0725613793081702
FX_fee,26.704008016032066,0.06887632599249335
FX_fee,26.70559118236473,0.06534479621895956
FX_fee,26.707174348697396,0.061965516138479615
FX_fee,26.70875751503006,0.05873688048664248
FX_fee,26.710340681362727,0.0556569776586409
FX_fee,26.71192384769539,0.05272361513546805
FX_fee,26.713507014028057,0.04993434474963223
FX_fee,26.715090180360722,0.04728648733395497
FX_fee,26.716673346693387,0.04477715635926258
FX_fee,26.718256513026052,0.04240328023284003
FX_fee,26.719839679358717,0.0401616229993137
FX_fee,26.721422845691382,0.038048803255896824
FX_fee,26.723006012024047,0.036061311164361905
FX_fee,26.724589178356716,0.034195523510307524
FX_fee,26.72617234468938,0.032447716824974535
FX_fee,26.727755511022046,0.03081407864511598
FX_fee,26.72933867735471,0.029290717040479985
FX_fee,26.730921843687376,0.027873668585873076
FX_fee,26.73250501002004,0.02655890499424952
FX_fee,26.734088176352707,0.025342338658700992
FX_fee,26.73567134268537,0.0242198273738351
FX_fee,26.737254509018037,0.023187178520670204
FX_fee,26.7388376753507,0.022240153004195826
FX_fee,26.740420841683367,0.02137446922878189
FX_fee,26.742004008016032,0.020585807384635845
FX_fee,26.743587174348697,0.019869814298702947
FX_fee,26.745170340681362,0.019222109076578554
FX_fee,26.74675350701403,0.018638289729240556
FX_fee,26.748336673346696,0.01811394094032762
FX_fee,26.74991983967936,0.01764464308775138
FX_fee,26.751503006012026,0.01722598258849862
FX_fee,26.75308617234469,0.01685356358890296
FX_fee,26.754669338677356,0.016523020975615723
FX_fee,26.75625250501002,0.016230034636111515
FX_fee,26.757835671342686,0.01597034485311876
FX_fee,26.75941883767535,0.015739768675776308
FX_fee,26.761002004008017,0.015534217072754033
FX_fee,26.76258517034068,0.015349712639812897
FX_fee,26.764168336673347,0.015182407607102407
FX_fee,26.765751503006012,0.015028601870565218
FX_fee,26.767334669338677,0.014884760757499348
FX_fee,26.768917835671346,0.014747532229000096
FX_fee,26.77050100200401,0.01461376322172659
FX_fee,26.772084168336676,0.014480514838157765
FX_fee,26.77366733466934,0.014345076108062987
FX_fee,26.775250501002006,0.014204976063827781
FX_fee,26.77683366733467,0.014057993898138018
FX_fee,26.778416833667336,0.013902167003571794
FX_fee,26.78,0.013735796729183665
DA_fee,23.52,0.002214859230409316
DA_fee,23.53194388777555,0.0022151673876059964
DA_fee,23.543887775551102,0.0022071224880256587
DA_fee,23.555831663326654,0.0021910840613157847
DA_fee,23.567775551102205,0.0021675514285732405
DA_fee,23.579719438877756,0.002137158761637787
DA_fee,23.591663326653308,0.0021006676165088137
DA_fee,23.60360721442886,0.0020589571101803793
DA_fee,23.615551102204407,0.0020130119591220334
DA_fee,23.627494989979958,0.0019639086369953604
DA_fee,23.63943887775551,0.001912799938183708
DA_fee,23.65138276553106,0.0018608982521075195
DA_fee,23.663326653306612,0.0018094578614744681
DA_fee,23.675270541082163,0.001759756576483949
DA_fee,23.687214428857715,0.001713077007954882
DA_fee,23.699158316633266,0.0016706877671136496
DA_fee,23.711102204408817,0.0016338248603428628
DA_fee,23.72304609218437,0.0016036735256123123
DA_fee,23.73498997995992,0.0015813507355928167
DA_fee,23.74693386773547,0.0015678885723856867
DA_fee,23.758877755511023,0.0015642186618407823
DA_fee,23.770821643286574,0.0015711578425916409
DA_fee,23.782765531062125,0.0015893952366868298
DA_fee,23.794709418837677,0.0016194808849498735
DA_fee,23.806653306613224,0.0016618161102888017
DA_fee,23.818597194388776,0.0017166457748932088
DA_fee,23.830541082164327,0.0017840526009304683
DA_fee,23.84248496993988,0.0018639537269635456
DA_fee,23.85442885771543,0.001956099671623197
DA_fee,23.86637274549098,0.0020600758698014372
DA_fee,23.878316633266532,0.0021753069326319453
DA_fee,23.890260521042084,0.002301063758936289
DA_fee,23.902204408817635,0.002436473591256207
DA_fee,23.914148296593186,0.002580533063287945
DA_fee,23.926092184368738,0.002732124227435565
DA_fee,23.93803607214429,0.0028900334820573244
DA_fee,23.94997995991984,0.0030529732393626704
DA_fee,23.96192384769539,0.00321960608921209
DA_fee,23.973867735470943,0.003388571124376712
DA_fee,23.98581162324649,0.0035585120028452343
DA_fee,23.997755511022042,0.0037281062366691996
DA_fee,24.009699398797594,0.0038960951189954273
DA_fee,24.021643286573145,0.004061313635730369
DA_fee,24.033587174348696,0.004222719659855552
DA_fee,24.045531062124248,0.004379421698418979
DA_fee,24.0574749498998,0.0045307044575969395
DA_fee,24.06941883767535,0.004676051511963163
DA_fee,24.0813627254509,0.004815164411139345
DA_fee,24.093306613226453,0.004947977630054753
DA_fee,24.105250501002004,0.005074668866586901
DA_fee,24.117194388777556,0.005195664309618963
DA_fee,24.129138276553107,0.005311638637619292
DA_fee,24.141082164328658,0.00542350965778461
DA_fee,24.15302605210421,0.005532427652862059
DA_fee,24.16496993987976,0.0056397596606931845
DA_fee,24.17691382765531,0.005747069063774538
DA_fee,24.18885771543086,0.005856091006240494
DA_fee,24.20080160320641,0.005968704277575973
DA_fee,24.212745490981963,0.006086900400699253
DA_fee,24.224689378757514,0.006212750732457735
DA_fee,24.236633266533065,0.006348372423932878
DA_fee,24.248577154308617,0.006495894094564721
DA_fee,24.260521042084168,0.006657422047840485
DA_fee,24.27246492985972,0.0068350077985835055
DA_fee,24.28440881763527,0.0070306175957238195
DA_fee,24.296352705410822,0.007246104514232719
DA_fee,24.308296593186373,0.007483183561299127
DA_fee,24.320240480961925,0.007743410101403324
DA_fee,24.332184368737476,0.008028161759927923
DA_fee,24.344128256513027,0.008338623822833473
DA_fee,24.35607214428858,0.008675778018099866
DA_fee,24.368016032064126,0.009040394449986213
DA_fee,24.379959919839678,0.009433026365703027
DA_fee,24.39190380761523,0.009854007370656077
DA_fee,24.40384769539078,0.010303450676360473
DA_fee,24.41579158316633,0.010781249966098392
DA_fee,24.427735470941883,0.011287081497300596
DA_fee,24.439679358717434,0.011820407124478596
DA_fee,24.451623246492986,0.012380478018620222
DA_fee,24.463567134268537,0.012966338972905368
DA_fee,24.47551102204409,0.013576833313687661
DA_fee,24.48745490981964,0.014210608572117972
DA_fee,24.49939879759519,0.014866123207076722
DA_fee,24.511342685370742,0.015541654795477812
DA_fee,24.523286573146294,0.016235310212938454
DA_fee,24.535230460921845,0.016945038408280894
DA_fee,24.547174348697396,0.01766864642244651
DA_fee,24.559118236472944,0.018403819310589913
DA_fee,24.571062124248495,0.019148144591602724
DA_fee,24.583006012024047,0.019899141770215328
DA_fee,24.594949899799598,0.020654297353435037
DA_fee,24.60689378757515,0.0214111056177355
DA_fee,24.6188376753507,0.022167115180703138
DA_fee,24.630781563126252,0.022919981197158715
DA_fee,24.642725450901803,0.02366752274331551
DA_fee,24.654669338677355,0.024407784682867018
DA_fee,24.666613226452906,0.025139103036600226
DA_fee,24.678557114228457,0.025860172613391824
DA_fee,24.69050100200401,0.026570115416594778
DA_fee,24.70244488977956,0.02726854812686352
DA_fee,24.71438877755511,0.02795564679070649
DA_fee,24.726332665330663,0.028632206722586477
DA_fee,24.73827655310621,0.029299695564849848
DA_fee,24.750220440881762,0.02996029744996532
DA_fee,24.762164328657313,0.030616946277266157
DA_fee,24.774108216432865,0.03127334625322615
DA_fee,24.786052104208416,0.031933978049582874
DA_fee,24.797995991983967,0.032604089204430725
DA_fee,24.80993987975952,0.033289667722609065
DA_fee,24.82188376753507,0.033997398216103786
DA_fee,24.83382765531062,0.034734600353680985
DA_fee,24.845771543086173,0.03550914985082907
DA_fee,24.857715430861724,0.036329382714178474
DA_fee,24.869659318637275,0.03720398394565981
DA_fee,24.881603206412827,0.038141862396804664
DA_fee,24.893547094188378,0.039152013928378825
DA_fee,24.90549098196393,0.040243375460543775
DA_fee,24.91743486973948,0.04142467287986114
DA_fee,24.92937875751503,0.04270426608829836
DA_fee,24.94132264529058,0.04408999472366714
DA_fee,24.95326653306613,0.04558902823983104
DA_fee,24.965210420841682,0.04720772409962466
DA_fee,24.977154308617234,0.04895149779704434
DA_fee,24.989098196392785,0.05082470828374944
DA_fee,25.001042084168336,0.05283056212701844
DA_fee,25.012985971943888,0.05497103937382464
DA_fee,25.02492985971944,0.05724684364376404
DA_fee,25.03687374749499,0.05965737843053325
DA_fee,25.04881763527054,0.062200750969305274
DA_fee,25.060761523046093,0.06487380434047543
DA_fee,25.072705410821644,0.06767217774660314
DA_fee,25.084649298597196,0.07059039413915721
DA_fee,25.096593186372747,0.07362197360696097
DA_fee,25.108537074148295,0.07675957019248758
DA_fee,25.120480961923846,0.07999512909931879
DA_fee,25.132424849699397,0.08332006061772465
DA_fee,25.14436873747495,0.08672542654821343
DA_fee,25.1563126252505,0.09020213446527085
DA_fee,25.16825651302605,0.0937411348532556
DA_fee,25.180200400801603,0.09733361597746791
DA_fee,25.192144288577154,0.10097119133557121
DA_fee,25.204088176352705,0.10464607467261859
DA_fee,25.216032064128257,0.1083512378368912
DA_fee,25.227975951903808,0.11208054719775082
DA_fee,25.23991983967936,0.11582887493003886
DA_fee,25.25186372745491,0.1195921821762454
DA_fee,25.263807615230462,0.12336757190719164
DA_fee,25.275751503006013,0.1271533101899445
DA_fee,25.287695390781565,0.13094881551054963
DA_fee,25.299639278557116,0.13475461675911088
DA_fee,25.311583166332664,0.1385722814350291
DA_fee,25.323527054108215,0.1424043165397063
DA_fee,25.335470941883766,0.1462540454628485
DA_fee,25.347414829659318,0.15012546490885537
DA_fee,25.35935871743487,0.15402308652657093
DA_fee,25.37130260521042,0.15795176837823321
DA_fee,25.383246492985972,0.1619165416952355
DA_fee,25.395190380761523,0.16592243850821256
DA_fee,25.407134268537074,0.16997432570136783
DA_fee,25.419078156312626,0.17407675082593485
DA_fee,25.431022044088177,0.1782338046210228
DA_fee,25.44296593186373,0.18244900464316385
DA_fee,25.45490981963928,0.18672520371520465
DA_fee,25.46685370741483,0.19106452609169255
DA_fee,25.47879759519038,0.19546833332695746
DA_fee,25.49074148296593,0.19993722085165336
DA_fee,25.50268537074148,0.20447104524437928
DA_fee,25.514629258517033,0.2090689811590952
DA_fee,25.526573146292584,0.21372960586859818
DA_fee,25.538517034068136,0.21845100844149612
DA_fee,25.550460921843687,0.223230919714908
DA_fee,25.562404809619238,0.22806685848566788
DA_fee,25.57434869739479,0.23295628874355415
DA_fee,25.58629258517034,0.23789678233172637
DA_fee,25.598236472945892,0.24288618115777172
DA_fee,25.610180360721444,0.2479227530043545
DA_fee,25.622124248496995,0.253005335106051
DA_fee,25.634068136272546,0.25813345996798664
DA_fee,25.646012024048098,0.2633074583949348
DA_fee,25.65795591182365,0.2685285353642372
DA_fee,25.6698997995992,0.27379881519334737
DA_fee,25.681843687374748,0.27912135339968647
DA_fee,25.6937875751503,0.284500113698245
DA_fee,25.70573146292585,0.28993990969903405
DA_fee,25.717675350701402,0.29544631201689214
DA_fee,25.729619238476953,0.30102552265333593
DA_fee,25.741563126252505,0.3066842196162952
DA_fee,25.753507014028056,0.3124293757712797
DA_fee,25.765450901803607,0.3182680568311788
DA_fee,25.77739478957916,0.3242072041585816
DA_fee,25.78933867735471,0.3302534086455672
DA_fee,25.80128256513026,0.33641268232811755
DA_fee,25.813226452905813,0.3426902345682614
DA_fee,25.825170340681364,0.3490902595870201
DA_fee,25.837114228456915,0.35561574185269257
DA_fee,25.849058116232463,0.36226828532798816
DA_fee,25.861002004008014,0.36904797186980487
DA_fee,25.872945891783566,0.37595325317920625
DA_fee,25.884889779559117,0.38298087964535027
DA_fee,25.89683366733467,0.3901258682520323
DA_fee,25.90877755511022,0.3973815104597818
DA_fee,25.92072144288577,0.4047394196855294
DA_fee,25.932665330661322,0.41218961672258103
DA_fee,25.944609218436874,0.41972065022390515
DA_fee,25.956553106212425,0.4273197482569956
DA_fee,25.968496993987976,0.43497299597183187
DA_fee,25.980440881763528,0.4426655336412233
DA_fee,25.99238476953908,0.45038176876521185
DA_fee,26.00432865731463,0.45810559559988456
DA_fee,26.01627254509018,0.4658206153874002
DA_fee,26.028216432865733,0.4735103507302821
DA_fee,26.040160320641284,0.481158447960227
DA_fee,26.052104208416836,0.4887488619807415
DA_fee,26.064048096192383,0.49626601888587024
DA_fee,26.075991983967935,0.5036949526374146
DA_fee,26.087935871743486,0.5110214131772375
DA_fee,26.099879759519037,0.5182319445124659
DA_fee,26.11182364729459,0.5253139324887719
DA_fee,26.12376753507014,0.5322556231112939
DA_fee,26.13571142284569,0.5390461133358964
DA_fee,26.147655310621243,0.5456753171924728
DA_fee,26.159599198396794,0.5521339108801652
DA_fee,26.171543086172345,0.5584132610635136
DA_fee,26.183486973947897,0.5645053409799072
DA_fee,26.195430861723448,0.5704026391333983
DA_fee,26.207374749499,0.5760980653004809
DA_fee,26.219318637274547,0.5815848583212474
DA_fee,26.2312625250501,0.586856499716506
DA_fee,26.24320641282565,0.5919066365865876
DA_fee,26.2551503006012,0.5967290165471266
DA_fee,26.267094188376753,0.6013174366800782
DA_fee,26.279038076152304,0.6056657076672637
DA_fee,26.290981963927855,0.6097676334698122
DA_fee,26.302925851703407,0.613617006159835
DA_fee,26.314869739478958,0.6172076148350125
DA_fee,26.32681362725451,0.6205332669815554
DA_fee,26.33875751503006,0.623587820217838
DA_fee,26.350701402805612,0.6263652220632566
DA_fee,26.362645290581163,0.6288595552396867
DA_fee,26.374589178356715,0.6310650860230091
DA_fee,26.386533066132266,0.6329763133086492
DA_fee,26.398476953907817,0.6345880163204066
DA_fee,26.41042084168337,0.6358952992532363
DA_fee,26.42236472945892,0.6368936315713334
DA_fee,26.434308617234468,0.6375788831543777
DA_fee,26.44625250501002,0.637947353967865
DA_fee,26.45819639278557,0.6379957984002425
DA_fee,26.47014028056112,0.6377214448347935
DA_fee,26.482084168336673,0.6371220113861623
DA_fee,26.494028056112224,0.6361957190131208
DA_fee,26.505971943887776,0.634941303408704
DA_fee,26.517915831663327,0.6333580271594731
DA_fee,26.52985971943888,0.6314456936558878
DA_fee,26.54180360721443,0.6292046641290024
DA_fee,26.55374749498998,0.6266358789924358
DA_fee,26.565691382765532,0.6237408843938852
DA_fee,26.577635270541084,0.6205218645414422
DA_fee,26.58957915831663,0.6169816799822923
DA_fee,26.601523046092183,0.6131239115923475
DA_fee,26.613466933867734,0.6089529096026087
DA_fee,26.625410821643285,0.6044738465592403
DA_fee,26.637354709418837,0.5996927727066658
DA_fee,26.649298597194388,0.5946166719128088
DA_fee,26.66124248496994,0.5892535159377954
DA_fee,26.67318637274549,0.5836123145957777
DA_fee,26.685130260521042,0.5777031591858044
DA_fee,26.697074148296593,0.5715372564816324
DA_fee,26.709018036072145,0.5651269505798242
DA_fee,26.720961923847696,0.5584857300152698
DA_fee,26.732905811623247,0.5516282177656786
DA_fee,26.7448496993988,0.544570142080589
DA_fee,26.75679358717435,0.5373282864815399
DA_fee,26.7687374749499,0.5299204177800219
DA_fee,26.780681362725453,0.5223651915368555
DA_fee,26.792625250501004,0.5146820350249062
DA_fee,26.804569138276552,0.5068910084375218
DA_fee,26.816513026052103,0.49901264578549787
DA_fee,26.828456913827655,0.49106777762128323
DA_fee,26.840400801603206,0.48307733839433714
DA_fee,26.852344689378757,0.4750621618500321
DA_fee,26.86428857715431,0.4670427684100568
DA_fee,26.87623246492986,0.45903914889190633
DA_fee,26.88817635270541,0.4510705492178992
DA_fee,26.900120240480963,0.4431552609147747
DA_fee,26.912064128256514,0.4353104222024936
DA_fee,26.924008016032065,0.4275518343114204
DA_fee,26.935951903807617,0.4198937973524807
DA_fee,26.947895791583168,0.4123489696046599
DA_fee,26.95983967935872,0.40492825349314243
DA_fee,26.971783567134267,0.39764071083141295
DA_fee,26.98372745490982,0.3904935091169663
DA_fee,26.99567134268537,0.38349189983343507
DA_fee,27.00761523046092,0.3766392288529793
DA_fee,27.019559118236472,0.36993697818491106
DA_fee,27.031503006012024,0.3633848375106959
DA_fee,27.043446893787575,0.35698080321123765
DA_fee,27.055390781563126,0.3507213019546647
DA_fee,27.067334669338678,0.3446013353923467
DA_fee,27.07927855711423,0.3386146421218883
DA_fee,27.09122244488978,0.33275387282700614
DA_fee,27.10316633266533,0.3270107743970904
DA_fee,27.115110220440883,0.3213763788597858
DA_fee,27.127054108216434,0.31584119311791564
DA_fee,27.138997995991986,0.31039538575264286
DA_fee,27.150941883767537,0.3050289675188798
DA_fee,27.16288577154309,0.2997319625951286
DA_fee,27.174829659318636,0.2944945681349457
DA_fee,27.186773547094187,0.28930730017763984
DA_fee,27.19871743486974,0.28416112448920183
DA_fee,27.21066132264529,0.279047571400307
DA_fee,27.22260521042084,0.2739588341688546
DA_fee,27.234549098196393,0.268887850805841
DA_fee,27.246492985971944,0.26382836965514195
DA_fee,27.258436873747495,0.2587749993040188
DA_fee,27.270380761523047,0.2537232436198237
DA_fee,27.282324649298598,0.24866952286115668
DA_fee,27.29426853707415,0.2436111819038188
DA_fee,27.3062124248497,0.23854648666100814
DA_fee,27.318156312625252,0.2334746097728927
DA_fee,27.330100200400803,0.22839560660408403
DA_fee,27.34204408817635,0.22331038252965305
DA_fee,27.353987975951902,0.218220652422154
DA_fee,27.365931863727454,0.21312889318345785
DA_fee,27.377875751503005,0.2080382901042107
DA_fee,27.389819639278556,0.20295267778669304
DA_fee,27.401763527054108,0.19787647633753983
DA_fee,27.41370741482966,0.19281462352687984
DA_fee,27.42565130260521,0.18777250361902398
DA_fee,27.437595190380762,0.18275587360424583
DA_fee,27.449539078156313,0.17777078759676881
DA_fee,27.461482965931864,0.1728235202051004
DA_fee,27.473426853707416,0.16792048972095502
DA_fee,27.485370741482967,0.16306818200538495
DA_fee,27.49731462925852,0.15827307596936852
DA_fee,27.50925851703407,0.15354157154566334
DA_fee,27.52120240480962,0.1488799210252187
DA_fee,27.533146292585172,0.14429416458272462
DA_fee,27.545090180360724,0.1397900707414295
DA_fee,27.557034068136275,0.13537308242871068
DA_fee,27.568977955911823,0.131048269154437
DA_fee,27.580921843687374,0.1268202857085181
DA_fee,27.592865731462926,0.12269333762862947
DA_fee,27.604809619238477,0.11867115354046037
DA_fee,27.616753507014028,0.1147569643284422
DA_fee,27.62869739478958,0.11095348896142972
DA_fee,27.64064128256513,0.10726292668170234
DA_fee,27.652585170340682,0.10368695517175383
DA_fee,27.664529058116234,0.10022673424532634
DA_fee,27.676472945891785,0.09688291456866269
DA_fee,27.688416833667336,0.09365565090487102
DA_fee,27.700360721442884,0.09054461938656744
DA_fee,27.712304609218435,0.08754903835580824
DA_fee,27.724248496993987,0.08466769236056418
DA_fee,27.736192384769538,0.08189895895729567
DA_fee,27.74813627254509,0.07924083803273575
DA_fee,27.76008016032064,0.07669098341777589
DA_fee,27.772024048096192,0.0742467366157997
DA_fee,27.783967935871743,0.07190516250128982
DA_fee,27.795911823647295,0.06966308685760915
DA_fee,27.807855711422846,0.0675171356129126
DA_fee,27.819799599198397,0.06546377559917631
DA_fee,27.83174348697395,0.06349935660253062
DA_fee,27.8436873747495,0.06162015439638256
DA_fee,27.85563126252505,0.05982241435690739
DA_fee,27.867575150300603,0.05810239515960012
DA_fee,27.879519038076154,0.05645641195289767
DA_fee,27.891462925851705,0.054880878308281034
DA_fee,27.903406813627257,0.053372346163782385
DA_fee,27.915350701402808,0.05192754291698915
DA_fee,27.92729458917836,0.050543404791321786
DA_fee,27.939238476953907,0.04921710560098271
DA_fee,27.95118236472946,0.047946080079406185
DA_fee,27.96312625250501,0.046728041015195475
DA_fee,27.97507014028056,0.04556098955826673
DA_fee,27.987014028056112,0.04444321821495548
DA_fee,27.998957915831664,0.04337330623981884
DA_fee,28.010901803607215,0.0423501073475641
DA_fee,28.022845691382766,0.04137272990306362
DA_fee,28.034789579158318,0.04044050999164203
DA_fee,28.04673346693387,0.03955297801572155
DA_fee,28.05867735470942,0.03870981969707291
DA_fee,28.07062124248497,0.037910832576018794
DA_fee,28.08256513026052,0.03715587928014931
DA_fee,28.09450901803607,0.03644483897672268
DA_fee,28.106452905811622,0.03577755851758668
DA_fee,28.118396793587173,0.0351538048276294
DA_fee,28.130340681362725,0.03457322007407956
DA_fee,28.142284569138276,0.03403528108321001
DA_fee,28.154228456913827,0.033539264344479354
DA_fee,28.16617234468938,0.033084217763503905
DA_fee,28.17811623246493,0.032668940100469133
DA_fee,28.19006012024048,0.03229196876773192
DA_fee,28.202004008016033,0.03195157636931446
DA_fee,28.213947895791584,0.03164577605702294
DA_fee,28.225891783567135,0.031372335465306864
DA_fee,28.237835671342687,0.031128798682353798
DA_fee,28.249779559118238,0.030912515430879722
DA_fee,28.26172344689379,0.030720676380481524
DA_fee,28.27366733466934,0.030550353304910204
DA_fee,28.285611222444892,0.030398542641087767
DA_fee,28.297555110220443,0.030262210908823434
DA_fee,28.30949899799599,0.030138340415130818
DA_fee,28.321442885771543,0.030023973696175602
DA_fee,28.333386773547094,0.029916255241655927
DA_fee,28.345330661322645,0.02981246919643155
DA_fee,28.357274549098197,0.029710071935387362
DA_fee,28.369218436873748,0.029606718650355687
DA_fee,28.3811623246493,0.02950028336101544
DA_fee,28.39310621242485,0.029388872052219524
DA_fee,28.405050100200402,0.029270828934578982
DA_fee,28.416993987975953,0.029144736109675065
DA_fee,28.428937875751505,0.029009407182880476
DA_fee,28.440881763527056,0.028863875593596846
DA_fee,28.452825651302604,0.028707378614772572
DA_fee,28.464769539078155,0.028539338103194783
DA_fee,28.476713426853706,0.028359339154354058
DA_fee,28.488657314629258,0.028167107828698613
DA_fee,28.50060120240481,0.027962489070919267
DA_fee,28.51254509018036,0.027745425844562806
DA_fee,28.52448897795591,0.02751594035748342
DA_fee,28.536432865731463,0.027274118068436916
DA_fee,28.548376753507014,0.02702009495231029
DA_fee,28.560320641282566,0.026754048273075957
DA_fee,28.572264529058117,0.026476190882091015
DA_fee,28.58420841683367,0.026186768837242285
DA_fee,28.59615230460922,0.025886061937273885
DA_fee,28.60809619238477,0.025574386595657396
DA_fee,28.620040080160322,0.02525210034791971
DA_fee,28.631983967935874,0.024919607201487278
DA_fee,28.643927855711425,0.02457736300135419
DA_fee,28.655871743486976,0.024225879999096683
DA_fee,28.667815631262528,0.023865729875137815
DA_fee,28.679759519038075,0.023497544570466346
DA_fee,28.691703406813627,0.02312201442775461
DA_fee,28.703647294589178,0.022739883314748743
DA_fee,28.71559118236473,0.02235194059527785
DA_fee,28.72753507014028,0.021959010014842944
DA_fee,28.739478957915832,0.02156193576773062
DA_fee,28.751422845691383,0.02116156620050553
DA_fee,28.763366733466935,0.020758735772832413
DA_fee,28.775310621242486,0.020354246032354497
DA_fee,28.787254509018037,0.019948846458889235
DA_fee,28.79919839679359,0.019543216089452746
DA_fee,28.81114228456914,0.019137946846623132
DA_fee,28.823086172344688,0.018733529457722824
DA_fee,28.83503006012024,0.018330342772594523
DA_fee,28.84697394789579,0.01792864716683138
DA_fee,28.858917835671342,0.01752858256048409
DA_fee,28.870861723446893,0.01713017139645257
DA_fee,28.882805611222444,0.016733326716142638
DA_fee,28.894749498997996,0.016337865251648268
DA_fee,28.906693386773547,0.015943525233263672
DA_fee,28.9186372745491,0.015549988398210996
DA_fee,28.93058116232465,0.015156905490386821
DA_fee,28.9425250501002,0.014763924370262407
DA_fee,28.954468937875752,0.014370719716300185
DA_fee,28.966412825651304,0.013977023200459746
DA_fee,28.978356713426855,0.013582652965002466
DA_fee,28.990300601202406,0.013187541218518475
DA_fee,29.002244488977958,0.012791758806611332
DA_fee,29.01418837675351,0.012395535695829327
DA_fee,29.02613226452906,0.011999276435195192
DA_fee,29.038076152304612,0.011603569823338827
DA_fee,29.050020040080163,0.011209192204565685
DA_fee,29.06196392785571,0.01081710403676013
DA_fee,29.073907815631262,0.01042843960947997
DA_fee,29.085851703406814,0.010044490033061959
DA_fee,29.097795591182365,0.009666679859894561
DA_fee,29.109739478957916,0.009296537928331575
DA_fee,29.121683366733468,0.008935663229560726
DA_fee,29.13362725450902,0.008585686780531267
DA_fee,29.14557114228457,0.008248230635281198
DA_fee,29.15751503006012,0.007924865277533362
DA_fee,29.169458917835673,0.007617066705554592
DA_fee,29.181402805611224,0.0073261745439202495
DA_fee,29.193346693386772,0.007053352495519538
DA_fee,29.205290581162323,0.006799552382011181
DA_fee,29.217234468937875,0.006565482914637595
DA_fee,29.229178356713426,0.006351584193852756
DA_fee,29.241122244488977,0.006158008760836394
DA_fee,29.25306613226453,0.005984609822866444
DA_fee,29.26501002004008,0.005830937054660917
DA_fee,29.27695390781563,0.005696240146636563
DA_fee,29.288897795591183,0.005579480036257578
DA_fee,29.300841683366734,0.0054793475279331875
DA_fee,29.312785571142285,0.0053942887876767456
DA_fee,29.324729458917837,0.005322536997854638
DA_fee,29.336673346693388,0.005262149281027798
DA_fee,29.34861723446894,0.005211047855408624
DA_fee,29.36056112224449,0.005167064272064303
DA_fee,29.372505010020042,0.005127985508761862
DA_fee,29.384448897795593,0.005091600659084388
DA_fee,29.396392785571145,0.005055746958665463
DA_fee,29.408336673346696,0.005018353932300351
DA_fee,29.420280561122247,0.004977484524244548
DA_fee,29.432224448897795,0.00493137218596081
DA_fee,29.444168336673346,0.004878453036619803
DA_fee,29.456112224448898,0.004817392376579264
DA_fee,29.46805611222445,0.0047471050169222585
DA_fee,29.48,0.0046667690824875666
BA_fee,24.72,0.0190785018842012
BA_fee,24.728977955911823,0.019903790154764536
BA_fee,24.737955911823647,0.020720914693120873
BA_fee,24.74693386773547,0.021527347703538372
BA_fee,24.755911823647292,0.02232076867214906
BA_fee,24.764889779559116,0.023099106029896656
BA_fee,24.77386773547094,0.023860577182908783
BA_fee,24.782845691382764,0.024603726392001188
BA_fee,24.79182364729459,0.02532746002854871
BA_fee,24.800801603206413,0.02603107878672617
BA_fee,24.809779559118237,0.026714306490145317
BA_fee,24.818757515030057,0.02737731519216141
BA_fee,24.82773547094188,0.02802074633153871
BA_fee,24.836713426853706,0.028645727766763912
BA_fee,24.84569138276553,0.02925388657129357
BA_fee,24.854669338677354,0.029847357526762923
BA_fee,24.863647294589178,0.030428787300423536
BA_fee,24.872625250501002,0.03100133433577296
BA_fee,24.881603206412823,0.031568664520885824
BA_fee,24.890581162324647,0.032134942727068044
BA_fee,24.89955911823647,0.0327048203312138
BA_fee,24.908537074148295,0.03328341884906388
BA_fee,24.91751503006012,0.03387630981417852
BA_fee,24.926492985971944,0.03448949103977688
BA_fee,24.935470941883768,0.03512935939888238
BA_fee,24.94444889779559,0.035802680253707767
BA_fee,24.953426853707413,0.036516553659347854
BA_fee,24.962404809619237,0.03727837746098826
BA_fee,24.97138276553106,0.0380958073993922
BA_fee,24.980360721442885,0.038976714337632674
BA_fee,24.98933867735471,0.039929138724061675
BA_fee,24.998316633266533,0.04096124241330011
BA_fee,25.007294589178354,0.0420812579793668
BA_fee,25.016272545090178,0.04329743567348954
BA_fee,25.025250501002002,0.044617988203948425
BA_fee,25.034228456913826,0.04605103354662337
BA_fee,25.04320641282565,0.047604536032516805
BA_fee,25.052184368737475,0.04928624600208829
BA_fee,25.0611623246493,0.05110363836508859
BA_fee,25.07014028056112,0.0530638504579317
BA_fee,25.079118236472944,0.05517361964741469
BA_fee,25.088096192384768,0.05743922118853338
BA_fee,25.097074148296592,0.0598664069038863
BA_fee,25.106052104208416,0.06246034531094514
BA_fee,25.11503006012024,0.06522556387966
BA_fee,25.124008016032064,0.06816589415441249
BA_fee,25.132985971943885,0.0712844205192009
BA_fee,25.14196392785571,0.0745834334209741
BA_fee,25.150941883767533,0.07806438789092608
BA_fee,25.159919839679358,0.08172786821522168
BA_fee,25.16889779559118,0.08557355960265174
BA_fee,25.177875751503006,0.0896002276752413
BA_fee,25.18685370741483,0.09380570656686962
BA_fee,25.19583166332665,0.09818689635300341
BA_fee,25.204809619238475,0.10273977045052635
BA_fee,25.2137875751503,0.10745939351964448
BA_fee,25.222765531062123,0.11233995027004219
BA_fee,25.231743486973947,0.1173747854212372
BA_fee,25.24072144288577,0.12255645489402256
BA_fee,25.249699398797596,0.1278767881180535
BA_fee,25.258677354709416,0.13332696113308612
BA_fee,25.26765531062124,0.13889757994203242
BA_fee,25.276633266533064,0.14457877334741448
BA_fee,25.28561122244489,0.15036029427467026
BA_fee,25.294589178356713,0.15623162836178422
BA_fee,25.303567134268537,0.1621821083817645
BA_fee,25.31254509018036,0.16820103286922794
BA_fee,25.32152304609218,0.17427778715171816
BA_fee,25.330501002004006,0.18040196484722335
BA_fee,25.33947895791583,0.18656348778784906
BA_fee,25.348456913827654,0.1927527222716794
BA_fee,25.35743486973948,0.1989605895348049
BA_fee,25.366412825651302,0.20517866837721283
BA_fee,25.375390781563127,0.21139928797145038
BA_fee,25.38436873747495,0.21761560903230448
BA_fee,25.39334669338677,0.22382169172769814
BA_fee,25.402324649298595,0.23001254896254003
BA_fee,25.41130260521042,0.23618418396311963
BA_fee,25.420280561122244,0.24233361142329823
BA_fee,25.429258517034068,0.24845886183621038
BA_fee,25.438236472945892,0.25455896901703745
BA_fee,25.447214428857713,0.2606339412120141
BA_fee,25.456192384769537,0.2666847165746018
BA_fee,25.46517034068136,0.27271310415903394
BA_fee,25.474148296593185,0.278721711922198
BA_fee,25.48312625250501,0.2847138635248203
BA_fee,25.492104208416833,0.29069350597172927
BA_fee,25.501082164328658,0.29666511031887133
BA_fee,25.51006012024048,0.3026335677944122
BA_fee,25.519038076152302,0.30860408372731923
BA_fee,25.528016032064127,0.3145820716466358
BA_fee,25.53699398797595,0.32057304980838386
BA_fee,25.545971943887775,0.32658254222752986
BA_fee,25.5549498997996,0.3326159860457469
BA_fee,25.563927855711423,0.3386786467603952
BA_fee,25.572905811623244,0.34477554248734255
BA_fee,25.581883767535068,0.3509113780433932
BA_fee,25.590861723446892,0.3570904892279625
BA_fee,25.599839679358716,0.36331679727466903
BA_fee,25.60881763527054,0.3695937730478266
BA_fee,25.617795591182364,0.3759244101932247
BA_fee,25.62677354709419,0.38231120613223185
BA_fee,25.635751503006013,0.3887561495272524
BA_fee,25.644729458917833,0.39526071265638296
BA_fee,25.653707414829658,0.40182584702489005
BA_fee,25.66268537074148,0.40845198051621207
BA_fee,25.671663326653306,0.4151390144480399
BA_fee,25.68064128256513,0.421886319047574
BA_fee,25.689619238476954,0.42869272608921394
BA_fee,25.698597194388775,0.43555651773834525
BA_fee,25.7075751503006,0.44247541100431736
BA_fee,25.716553106212423,0.44944653760870484
BA_fee,25.725531062124247,0.4564664195040373
BA_fee,25.73450901803607,0.46353094071409523
BA_fee,25.743486973947896,0.47063531658972757
BA_fee,25.75246492985972,0.47777406196402744
BA_fee,25.761442885771544,0.4849409600285641
BA_fee,25.770420841683364,0.4921290340210643
BA_fee,25.77939879759519,0.4993305239997175
BA_fee,25.788376753507013,0.506536871068511
BA_fee,25.797354709418837,0.5137387114041673
BA_fee,25.80633266533066,0.5209258823143597
BA_fee,25.815310621242485,0.5280874423299409
BA_fee,25.824288577154306,0.5352117070059362
BA_fee,25.83326653306613,0.542286301686339
BA_fee,25.842244488977954,0.5492982319898141
BA_fee,25.85122244488978,0.556233972213878
BA_fee,25.860200400801602,0.5630795712536921
BA_fee,25.869178356713427,0.5698207750098969
BA_fee,25.87815631262525,0.5764431636409987
BA_fee,25.887134268537075,0.5829323014227246
BA_fee,25.896112224448895,0.5892738964325205
BA_fee,25.90509018036072,0.5954539668030606
BA_fee,25.914068136272544,0.6014590099033589
BA_fee,25.923046092184368,0.6072761705261543
BA_fee,25.932024048096192,0.6128934039976128
BA_fee,25.941002004008016,0.6182996300892125
BA_fee,25.94997995991984,0.6234848737051929
BA_fee,25.95895791583166,0.6284403885423273
BA_fee,25.967935871743485,0.6331587602664729
BA_fee,25.97691382765531,0.6376339862132512
BA_fee,25.985891783567133,0.6418615291848944
BA_fee,25.994869739478958,0.6458383435647154
BA_fee,26.003847695390782,0.649562872685155
BA_fee,26.012825651302606,0.6530350171427429
BA_fee,26.021803607214427,0.6562560745300351
BA_fee,26.03078156312625,0.6592286518266137
BA_fee,26.039759519038075,0.6619565524342281
BA_fee,26.0487374749499,0.6644446405324165
BA_fee,26.057715430861723,0.6666986860488205
BA_fee,26.066693386773547,0.6687251940640244
BA_fee,26.07567134268537,0.6705312228884871
BA_fee,26.084649298597192,0.6721241953461424
BA_fee,26.093627254509016,0.6735117079673467
BA_fee,26.10260521042084,0.6747013428286605
BA_fee,26.111583166332665,0.6757004866780778
BA_fee,26.12056112224449,0.6765161617560176
BA_fee,26.129539078156313,0.6771548723725113
BA_fee,26.138517034068137,0.6776224708413642
BA_fee,26.147494989979958,0.6779240458174167
BA_fee,26.15647294589178,0.6780638354512795
BA_fee,26.165450901803606,0.6780451670865383
BA_fee,26.17442885771543,0.6778704244989454
BA_fee,26.183406813627254,0.6775410429372236
BA_fee,26.19238476953908,0.6770575314928892
BA_fee,26.201362725450903,0.6764195216231867
BA_fee,26.210340681362723,0.6756258399966125
BA_fee,26.219318637274547,0.6746746032425682
BA_fee,26.22829659318637,0.6735633316807245
BA_fee,26.237274549098196,0.6722890786941045
BA_fee,26.24625250501002,0.670848572101784
BA_fee,26.255230460921844,0.6692383636882573
BA_fee,26.264208416833668,0.6674549829586903
BA_fee,26.27318637274549,0.6654950912112809
BA_fee,26.282164328657313,0.663355632144862
BA_fee,26.291142284569137,0.6610339754436791
BA_fee,26.30012024048096,0.6585280500915774
BA_fee,26.309098196392785,0.65583646455157
BA_fee,26.31807615230461,0.6529586113894438
BA_fee,26.327054108216434,0.649894754405995
BA_fee,26.336032064128254,0.6466460968550928
BA_fee,26.34501002004008,0.6432148298480249
BA_fee,26.353987975951902,0.6396041605623609
BA_fee,26.362965931863727,0.6358183203713373
BA_fee,26.37194388777555,0.6318625534741106
BA_fee,26.380921843687375,0.6277430870267959
BA_fee,26.3898997995992,0.6234670841398479
BA_fee,26.39887775551102,0.6190425814119488
BA_fee,26.407855711422844,0.6144784129099334
BA_fee,26.416833667334668,0.6097841226762527
BA_fee,26.425811623246492,0.6049698679503742
BA_fee,26.434789579158316,0.6000463153311796
BA_fee,26.44376753507014,0.5950245320878391
BA_fee,26.452745490981965,0.5899158747535659
BA_fee,26.461723446893785,0.5847318770170735
BA_fee,26.47070140280561,0.5794841387690245
BA_fee,26.479679358717434,0.5741842179744489
BA_fee,26.488657314629258,0.5688435268356067
BA_fee,26.497635270541082,0.5634732334926198
BA_fee,26.506613226452906,0.5580841702893055
BA_fee,26.51559118236473,0.5526867494168447
BA_fee,26.52456913827655,0.5472908865446118
BA_fee,26.533547094188375,0.5419059328610439
BA_fee,26.5425250501002,0.5365406157817023
BA_fee,26.551503006012023,0.53120298843909
BA_fee,26.560480961923847,0.5259003879507259
BA_fee,26.56945891783567,0.5206394023678492
BA_fee,26.578436873747496,0.5154258461358008
BA_fee,26.587414829659316,0.5102647438459291
BA_fee,26.59639278557114,0.505160322024651
BA_fee,26.605370741482965,0.5001160086840968
BA_fee,26.61434869739479,0.49513444034633974
BA_fee,26.623326653306613,0.4902174762453811
BA_fee,26.632304609218437,0.4853662194035626
BA_fee,26.64128256513026,0.48058104426836584
BA_fee,26.65026052104208,0.47586163057832614
BA_fee,26.659238476953906,0.47120700310091174
BA_fee,26.66821643286573,0.4666155768491239
BA_fee,26.677194388777554,0.46208520733699743
BA_fee,26.68617234468938,0.45761324537732484
BA_fee,26.695150300601203,0.4531965958597667
BA_fee,26.704128256513027,0.4488317798760232
BA_fee,26.713106212424847,0.44451499948434203
BA_fee,26.72208416833667,0.44024220433194083
BA_fee,26.731062124248496,0.43600915928509687
BA_fee,26.74004008016032,0.4318115121570405
BA_fee,26.749018036072144,0.42764486057757434
BA_fee,26.757995991983968,0.4235048170195708
BA_fee,26.766973947895792,0.4193870709895294
BA_fee,26.775951903807616,0.41528744740512386
BA_fee,26.784929859719437,0.41120196022383776
BA_fee,26.79390781563126,0.40712686045445207
BA_fee,26.802885771543085,0.4030586777770773
BA_fee,26.81186372745491,0.3989942551162431
BA_fee,26.820841683366734,0.3949307756531477
BA_fee,26.829819639278558,0.390865781923892
BA_fee,26.83879759519038,0.3867971868263261
BA_fee,26.847775551102202,0.3827232765438602
BA_fee,26.856753507014027,0.37864270558481894
BA_fee,26.86573146292585,0.3745544843245505
BA_fee,26.874709418837675,0.37045795961886246
BA_fee,26.8836873747495,0.36635278922519143
BA_fee,26.892665330661323,0.36223891091716515
BA_fee,26.901643286573147,0.3581165073035219
BA_fee,26.910621242484968,0.35398596746000277
BA_fee,26.919599198396792,0.3498478465492838
BA_fee,26.928577154308616,0.34570282463728275
BA_fee,26.93755511022044,0.3415516659131045
BA_fee,26.946533066132265,0.33739517948469666
BA_fee,26.95551102204409,0.33323418285407447
BA_fee,26.96448897795591,0.32906946907714496
BA_fee,26.973466933867734,0.32490177848692203
BA_fee,26.982444889779558,0.3207317757095086
BA_fee,26.991422845691382,0.3165600325342271
BA_fee,27.000400801603206,0.31238701701821264
BA_fee,27.00937875751503,0.3082130890171075
BA_fee,27.018356713426854,0.304038502142873
BA_fee,27.02733466933868,0.29986341196286875
BA_fee,27.0363126252505,0.29568789007645774
BA_fee,27.045290581162323,0.2915119435413783
BA_fee,27.054268537074147,0.28733553897634606
BA_fee,27.06324649298597,0.28315863054218304
BA_fee,27.072224448897796,0.2789811909043756
BA_fee,27.08120240480962,0.2748032442069285
BA_fee,27.09018036072144,0.27062490004215634
BA_fee,27.099158316633265,0.2664463873836817
BA_fee,27.10813627254509,0.2622680874600674
BA_fee,27.117114228456913,0.2580905645827333
BA_fee,27.126092184368737,0.25391459400235455
BA_fee,27.13507014028056,0.24974118595022868
BA_fee,27.144048096192385,0.24557160512214912
BA_fee,27.15302605210421,0.24140738497903647
BA_fee,27.16200400801603,0.23725033636718829
BA_fee,27.170981963927854,0.2331025500982423
BA_fee,27.17995991983968,0.22896639327089308
BA_fee,27.188937875751503,0.22484449925975503
BA_fee,27.197915831663327,0.2207397514381962
BA_fee,27.20689378757515,0.2166552608383716
BA_fee,27.21587174348697,0.21259433808034645
BA_fee,27.224849699398796,0.20856046002085127
BA_fee,27.23382765531062,0.20455723167880496
BA_fee,27.242805611222444,0.20058834408768433
BA_fee,27.251783567134268,0.19665752880317877
BA_fee,27.260761523046092,0.19276850985733582
BA_fee,27.269739478957916,0.188924953997411
BA_fee,27.27871743486974,0.1851304200787713
BA_fee,27.28769539078156,0.18138830849676923
BA_fee,27.296673346693385,0.1777018115430231
BA_fee,27.30565130260521,0.17407386555780005
BA_fee,27.314629258517034,0.17050710572301545
BA_fee,27.323607214428858,0.16700382430084487
BA_fee,27.332585170340682,0.16356593307210088
BA_fee,27.341563126252503,0.16019493066745918
BA_fee,27.350541082164327,0.15689187541440916
BA_fee,27.35951903807615,0.15365736424455861
BA_fee,27.368496993987975,0.1504915181204409
BA_fee,27.3774749498998,0.14739397434945598
BA_fee,27.386452905811623,0.14436388605562592
BA_fee,27.395430861723447,0.14139992897845297
BA_fee,27.40440881763527,0.13850031566308277
BA_fee,27.413386773547092,0.13566281699797803
BA_fee,27.422364729458916,0.13288479094631922
BA_fee,27.43134268537074,0.13016321820627422
BA_fee,27.440320641282565,0.1274947444240811
BA_fee,27.44929859719439,0.12487572847395359
BA_fee,27.458276553106213,0.12230229621128691
BA_fee,27.467254509018034,0.11977039900219726
BA_fee,27.476232464929858,0.11727587623472902
BA_fee,27.485210420841682,0.11481452092702929
BA_fee,27.494188376753506,0.11238214746734906
BA_fee,27.50316633266533,0.10997466045213632
BA_fee,27.512144288577154,0.1075881235337106
BA_fee,27.52112224448898,0.10521882715024186
BA_fee,27.530100200400803,0.10286335398989983
BA_fee,27.539078156312623,0.10051864103983475
BA_fee,27.548056112224447,0.09818203709050109
BA_fee,27.55703406813627,0.09585135460778645
BA_fee,27.566012024048096,0.09352491494990751
BA_fee,27.57498997995992,0.09120158599318114
BA_fee,27.583967935871744,0.0888808113398306
BA_fee,27.592945891783565,0.08656263041075872
BA_fee,27.60192384769539,0.08424768887479389
BA_fee,27.610901803607213,0.08193723903081054
BA_fee,27.619879759519037,0.07963312993717134
BA_fee,27.62885771543086,0.07733778727069107
BA_fee,27.637835671342685,0.07505418309060619
BA_fee,27.64681362725451,0.07278579587767012
BA_fee,27.655791583166334,0.07053656140990934
BA_fee,27.664769539078154,0.0683108152202581
BA_fee,27.67374749498998,0.06611322755276686
BA_fee,27.682725450901803,0.06394873188916626
BA_fee,27.691703406813627,0.06182244825228921
BA_fee,27.70068136272545,0.05973960260396154
BA_fee,27.709659318637275,0.0577054437394936
BA_fee,27.718637274549096,0.05572515913676833
BA_fee,27.72761523046092,0.05380379124364703
BA_fee,27.736593186372744,0.05194615568232301
BA_fee,27.745571142284568,0.05015676281338217
BA_fee,27.754549098196392,0.04843974403658749
BA_fee,27.763527054108216,0.04679878411127263
BA_fee,27.77250501002004,0.04523706065898045
BA_fee,27.781482965931865,0.04375719186743813
BA_fee,27.790460921843685,0.04236119325147472
BA_fee,27.79943887775551,0.04105044414682231
BA_fee,27.808416833667334,0.03982566442102708
BA_fee,27.817394789579158,0.03868690168619507
BA_fee,27.826372745490982,0.03763352909551304
BA_fee,27.835350701402806,0.036664253603776224
BA_fee,27.844328657314627,0.035777134375922864
BA_fee,27.85330661322645,0.03496961084093775
BA_fee,27.862284569138275,0.0342385397153428
BA_fee,27.8712625250501,0.033580240164342794
BA_fee,27.880240480961923,0.032990546132648874
BA_fee,27.889218436873747,0.03246486476364848
BA_fee,27.89819639278557,0.0319982397370035
BA_fee,27.907174348697396,0.03158541829242491
BA_fee,27.916152304609216,0.031220920672154977
BA_fee,27.92513026052104,0.03089911070687612
BA_fee,27.934108216432865,0.03061426628895538
BA_fee,27.94308617234469,0.030360648522169447
BA_fee,27.952064128256513,0.030132568406742024
BA_fee,27.961042084168337,0.02992445001054885
BA_fee,27.97002004008016,0.029730889189052215
BA_fee,27.978997995991982,0.029546707044859077
BA_fee,27.987975951903806,0.02936699745929738
BA_fee,27.99695390781563,0.029187168179377415
BA_fee,28.005931863727454,0.02900297510002618
BA_fee,28.01490981963928,0.028810549539608918
BA_fee,28.023887775551103,0.028606418462516228
BA_fee,28.032865731462927,0.028387517752207717
BA_fee,28.041843687374747,0.028151198778000607
BA_fee,28.05082164328657,0.027895228625861745
BA_fee,28.059799599198396,0.027617784474723628
BA_fee,28.06877755511022,0.027317442693128895
BA_fee,28.077755511022044,0.026993163304621422
BA_fee,28.086733466933868,0.026644270523156387
BA_fee,28.095711422845692,0.026270430091453918
BA_fee,28.104689378757513,0.025871624165853715
BA_fee,28.113667334669337,0.025448124481651985
BA_fee,28.12264529058116,0.025000464504491667
BA_fee,28.131623246492985,0.02452941122801014
BA_fee,28.14060120240481,0.024035937217978774
BA_fee,28.149579158316634,0.023521193431231165
BA_fee,28.158557114228458,0.0229864832567148
BA_fee,28.167535070140282,0.022433238139046335
BA_fee,28.176513026052103,0.021862995055097145
BA_fee,28.185490981963927,0.02127737602437603
BA_fee,28.19446893787575,0.020678069747157427
BA_fee,28.203446893787575,0.020066815382963482
BA_fee,28.2124248496994,0.019445388408410952
BA_fee,28.221402805611223,0.018815588429374117
BA_fee,28.230380761523044,0.018179228769304997
BA_fee,28.239358717434868,0.01753812761430504
BA_fee,28.248336673346692,0.016894100466631663
BA_fee,28.257314629258516,0.016248953641725367
BA_fee,28.26629258517034,0.015604478539174696
BA_fee,28.275270541082165,0.014962446424457137
BA_fee,28.28424849699399,0.014324603474697757
BA_fee,28.293226452905813,0.013692665866673365
BA_fee,28.302204408817634,0.013068314717276134
BA_fee,28.311182364729458,0.012453190723930928
BA_fee,28.320160320641282,0.01184888839329454
BA_fee,28.329138276553106,0.011256949789193282
BA_fee,28.33811623246493,0.010678857773567285
BA_fee,28.347094188376754,0.010116028755627953
BA_fee,28.356072144288575,0.00956980500318884
BA_fee,28.3650501002004,0.00904144660505479
BA_fee,28.374028056112223,0.008532123203565879
BA_fee,28.383006012024047,0.008042905641208584
BA_fee,28.39198396793587,0.007574757684241474
BA_fee,28.400961923847696,0.007128527999309804
BA_fee,28.40993987975952,0.006704942566079725
BA_fee,28.418917835671344,0.006304597710196836
BA_fee,28.427895791583165,0.005927953936714329
BA_fee,28.43687374749499,0.005575330735011078
BA_fee,28.445851703406813,0.00524690251268528
BA_fee,28.454829659318637,0.004942695798557383
BA_fee,28.46380761523046,0.004662587834398734
BA_fee,28.472785571142285,0.0044063066519251844
BA_fee,28.481763527054106,0.004173432706582795
BA_fee,28.49074148296593,0.003963402113271707
BA_fee,28.499719438877754,0.0037755115019371117
BA_fee,28.50869739478958,0.003608924483386975
BA_fee,28.517675350701403,0.0034626796882129213
BA_fee,28.526653306613227,0.003335700314694898
BA_fee,28.53563126252505,0.003226805095427921
BA_fee,28.544609218436875,0.003134720567467377
BA_fee,28.553587174348696,0.003058094507378856
BA_fee,28.56256513026052,0.0029955103710264893
BA_fee,28.571543086172344,0.0029455025585669657
BA_fee,28.580521042084168,0.0029065723082607204
BA_fee,28.589498997995992,0.002877204008700811
BA_fee,28.598476953907817,0.0028558817082122664
BA_fee,28.607454909819637,0.002841105592803035
BA_fee,28.61643286573146,0.0028314082004319546
BA_fee,28.625410821643285,0.002825370139738193
BA_fee,28.63438877755511,0.0028216350859281312
BA_fee,28.643366733466934,0.002818923835340994
BA_fee,28.652344689378758,0.002816047213319132
BA_fee,28.661322645290582,0.0028119176472923314
BA_fee,28.670300601202406,0.0028055592382279443
BA_fee,28.679278557114227,0.002796116188457377
BA_fee,28.68825651302605,0.0027828594718985176
BA_fee,28.697234468937875,0.0027651916632703763
BA_fee,28.7062124248497,0.0027426498753535386
BA_fee,28.715190380761523,0.0027149067869166503
BA_fee,28.724168336673348,0.002681769777771878
BA_fee,28.733146292585168,0.002643178220676327
BA_fee,28.742124248496992,0.0025991990115963753
BA_fee,28.751102204408816,0.0025500204493662275
BA_fee,28.76008016032064,0.002495944602233405
BA_fee,28.769058116232465,0.0024373783215269327
BA_fee,28.77803607214429,0.0023748230811647033
BA_fee,28.787014028056113,0.002308863835543566
BA_fee,28.795991983967937,0.002240157097301274
BA_fee,28.804969939879758,0.002169418440451354
BA_fee,28.813947895791582,0.0020974096335936326
BA_fee,28.822925851703406,0.002024925602588939
BA_fee,28.83190380761523,0.0019527814127010784
BA_fee,28.840881763527054,0.0018817994473373865
BA_fee,28.84985971943888,0.001812796944841314
BA_fee,28.8588376753507,0.0017465740370660448
BA_fee,28.867815631262523,0.0016839024144773532
BA_fee,28.876793587174348,0.0016255147230879012
BA_fee,28.88577154308617,0.0015720947793620363
BA_fee,28.894749498997996,0.0015242686710307423
BA_fee,28.90372745490982,0.0014825967950896797
BA_fee,28.912705410821644,0.001447566869565608
BA_fee,28.92168336673347,0.0014195879432236697
BA_fee,28.93066132264529,0.0013989854173901341
BA_fee,28.939639278557113,0.0013859970864628513
BA_fee,28.948617234468937,0.0013807701983035423
BA_fee,28.95759519038076,0.0013833595322415477
BA_fee,28.966573146292586,0.0013937264904430873
BA_fee,28.97555110220441,0.0014117391973975729
BA_fee,28.98452905811623,0.0014371736016736436
BA_fee,28.993507014028054,0.0014697155733111522
BA_fee,29.00248496993988,0.0015089639886663752
BA_fee,29.011462925851703,0.001554434791694934
BA_fee,29.020440881763527,0.0016055660161017104
BA_fee,29.02941883767535,0.0016617237461885633
BA_fee,29.038396793587175,0.0017222089854029236
BA_fee,29.047374749499,0.001786265390502333
BA_fee,29.05635270541082,0.0018530878160314902
BA_fee,29.065330661322644,0.0019218315987499456
BA_fee,29.07430861723447,0.0019916224951923144
BA_fee,29.083286573146292,0.0020615671682647873
BA_fee,29.092264529058117,0.0021307641013667738
BA_fee,29.10124248496994,0.002198314801737515
BA_fee,29.11022044088176,0.002263335139368926
BA_fee,29.119198396793585,0.0023249666547050223
BA_fee,29.12817635270541,0.0023823876582335195
BA_fee,29.137154308617234,0.002434823938661428
BA_fee,29.146132264529058,0.002481558894228748
BA_fee,29.155110220440882,0.0025219429042899013
BA_fee,29.164088176352706,0.002555401765841035
BA_fee,29.17306613226453,0.00258144403226714
BA_fee,29.182044088176355,0.0025996671091003815
BA_fee,29.191022044088175,0.002609761983696049
BA_fee,29.2,0.0026115164919306233
AMM_fee,26.35,0.0169189842658975
AMM_fee,26.356913827655312,0.017542646773194143
AMM_fee,26.363827655310622,0.018170661419425832
AMM_fee,26.370741482965933,0.018802850974756816
AMM_fee,26.377655310621243,0.019439142225063325
AMM_fee,26.384569138276554,0.020079572255171985
AMM_fee,26.391482965931864,0.020724293832963415
AMM_fee,26.398396793587175,0.021373579852700286
AMM_fee,26.405310621242485,0.022027826810075892
AMM_fee,26.412224448897796,0.022687557295343826
AMM_fee,26.419138276553106,0.023353421504069737
AMM_fee,26.42605210420842,0.024026197777249753
AMM_fee,26.43296593186373,0.02470679219340753
AMM_fee,26.43987975951904,0.025396237244611517
AMM_fee,26.44679358717435,0.026095689635862524
AMM_fee,26.453707414829662,0.026806427252879676
AMM_fee,26.460621242484972,0.027529845346856503
AMM_fee,26.467535070140283,0.028267451986223126
AMM_fee,26.474448897795593,0.02902086282491655
AMM_fee,26.481362725450904,0.029791795234193848
AMM_fee,26.488276553106214,0.030582061840859816
AMM_fee,26.495190380761525,0.03139356350912782
AMM_fee,26.502104208416835,0.032228281796487304
AMM_fee,26.509018036072145,0.033088270906305534
AMM_fee,26.515931863727456,0.03397564915179819
AMM_fee,26.522845691382766,0.03489258993787431
AMM_fee,26.529759519038077,0.03584131225967839
AMM_fee,26.536673346693387,0.036824070709807075
AMM_fee,26.543587174348698,0.03784314498059708
AMM_fee,26.550501002004008,0.03890082884401877
AMM_fee,26.55741482965932,0.039999418589857484
AMM_fee,26.56432865731463,0.04114120090341325
AMM_fee,26.57124248496994,0.04232844016707388
AMM_fee,26.578156312625254,0.043563365176084085
AMM_fee,26.585070140280564,0.04484815526767646
AMM_fee,26.591983967935874,0.046184925874491654
AMM_fee,26.598897795591185,0.047575713527811425
AMM_fee,26.605811623246495,0.04902246035339158
AMM_fee,26.612725450901806,0.05052699812233837
AMM_fee,26.619639278557116,0.052091031941118804
AMM_fee,26.626553106212427,0.05371612368806713
AMM_fee,26.633466933867737,0.0554036753280347
AMM_fee,26.640380761523048,0.057154912261532
AMM_fee,26.647294589178358,0.0589708668892302
AMM_fee,26.65420841683367,0.06085236259625061
AMM_fee,26.66112224448898,0.06279999838253583
AMM_fee,26.66803607214429,0.06481413438509594
AMM_fee,26.6749498997996,0.06689487855420757
AMM_fee,26.68186372745491,0.06904207475810649
AMM_fee,26.68877755511022,0.07125529259857026
AMM_fee,26.69569138276553,0.07353381922256515
AMM_fee,26.702605210420842,0.07587665341222502
AMM_fee,26.709519038076152,0.07828250222640974
AMM_fee,26.716432865731463,0.08074978045176408
AMM_fee,26.723346693386773,0.08327661309930948
AMM_fee,26.730260521042087,0.08586084115411921
AMM_fee,26.737174348697398,0.08850003075078439
AMM_fee,26.744088176352708,0.09119148590637711
AMM_fee,26.75100200400802,0.09393226489589906
AMM_fee,26.75791583166333,0.09671920030343549
AMM_fee,26.76482965931864,0.09954892272612362
AMM_fee,26.77174348697395,0.10241788804852345
AMM_fee,26.77865731462926,0.10532240814294487
AMM_fee,26.78557114228457,0.1082586847880871
AMM_fee,26.79248496993988,0.11122284653498304
AMM_fee,26.79939879759519,0.11421098818707018
AMM_fee,26.806312625250502,0.1172192125016009
AMM_fee,26.813226452905813,0.12024367366376847
AMM_fee,26.820140280561123,0.12328062203427574
AMM_fee,26.827054108216434,0.12632644962668427
AMM_fee,26.833967935871744,0.1293777357341602
AMM_fee,26.840881763527054,0.13243129209700397
AMM_fee,26.847795591182365,0.13548420698359748
AMM_fee,26.854709418837675,0.13853388754894383
AMM_fee,26.861623246492986,0.1415780998372825
AMM_fee,26.868537074148296,0.14461500580862072
AMM_fee,26.87545090180361,0.1476431967937731
AMM_fee,26.88236472945892,0.15066172281832063
AMM_fee,26.88927855711423,0.15367011728252833
AMM_fee,26.89619238476954,0.15666841654119631
AMM_fee,26.903106212424852,0.15965717399372972
AMM_fee,26.910020040080163,0.16263746836953485
AMM_fee,26.916933867735473,0.16561090597577094
AMM_fee,26.923847695390783,0.1685796167623459
AMM_fee,26.930761523046094,0.17154624415116412
AMM_fee,26.937675350701404,0.17451392867128368
AMM_fee,26.944589178356715,0.17748628553733933
AMM_fee,26.951503006012025,0.1804673764032077
AMM_fee,26.958416833667336,0.1834616756149216
AMM_fee,26.965330661322646,0.18647403137424481
AMM_fee,26.972244488977957,0.189509622305591
AMM_fee,26.979158316633267,0.19257390999239538
AMM_fee,26.986072144288578,0.19567258811304436
AMM_fee,26.992985971943888,0.19881152885999764
AMM_fee,26.9998997995992,0.20199672736739696
AMM_fee,27.00681362725451,0.20523424490151485
AMM_fee,27.01372745490982,0.20853015158420443
AMM_fee,27.02064128256513,0.21189046942166495
AMM_fee,27.027555110220444,0.21532111639913057
AMM_fee,27.034468937875754,0.2188278523768995
AMM_fee,27.041382765531065,0.22241622748464732
AMM_fee,27.048296593186375,0.22609153366006526
AMM_fee,27.055210420841686,0.22985875991538585
AMM_fee,27.062124248496996,0.23372255184259386
AMM_fee,27.069038076152307,0.23768717578639756
AMM_fee,27.075951903807617,0.24175648802487285
AMM_fee,27.082865731462928,0.24593390920308364
AMM_fee,27.089779559118238,0.2502224041664219
AMM_fee,27.09669338677355,0.25462446724025517
AMM_fee,27.10360721442886,0.25914211290227573
AMM_fee,27.11052104208417,0.2637768716961357
AMM_fee,27.11743486973948,0.2685297911412442
AMM_fee,27.12434869739479,0.27340144130582955
AMM_fee,27.1312625250501,0.27839192463064144
AMM_fee,27.13817635270541,0.2835008895203145
AMM_fee,27.14509018036072,0.2887275471599509
AMM_fee,27.152004008016032,0.2940706909673797
AMM_fee,27.158917835671343,0.2995287180575433
AMM_fee,27.165831663326653,0.30509965207545287
AMM_fee,27.172745490981967,0.310781166748619
AMM_fee,27.179659318637277,0.3165706095189571
AMM_fee,27.186573146292588,0.32246502463783544
AMM_fee,27.1934869739479,0.3284611751455175
AMM_fee,27.20040080160321,0.3345555632075295
AMM_fee,27.20731462925852,0.34074444834393103
AMM_fee,27.21422845691383,0.3470238631620623
AMM_fee,27.22114228456914,0.353389626287592
AMM_fee,27.22805611222445,0.3598373522807142
AMM_fee,27.23496993987976,0.3663624584222383
AMM_fee,27.24188376753507,0.37296016835585566
AMM_fee,27.248797595190382,0.3796255126760687
AMM_fee,27.255711422845692,0.3863533266535309
AMM_fee,27.262625250501003,0.3931382453885218
AMM_fee,27.269539078156313,0.3999746967769183
AMM_fee,27.276452905811624,0.4068568927587503
AMM_fee,27.283366733466934,0.41377881939507605
AMM_fee,27.290280561122245,0.42073422638277924
AMM_fee,27.297194388777555,0.42771661666692234
AMM_fee,27.304108216432866,0.4347192368449637
AMM_fee,27.311022044088176,0.44173506907549265
AMM_fee,27.317935871743487,0.44875682520495735
AMM_fee,27.324849699398797,0.4557769438089522
AMM_fee,27.33176352705411,0.4627875908094462
AMM_fee,27.33867735470942,0.4697806642766714
AMM_fee,27.345591182364732,0.4767478039546483
AMM_fee,27.352505010020042,0.48368040596332995
AMM_fee,27.359418837675353,0.4905696430303968
AMM_fee,27.366332665330663,0.4974064904927669
AMM_fee,27.373246492985974,0.504181758184995
AMM_fee,27.380160320641284,0.5108861282005496
AMM_fee,27.387074148296595,0.5175101983762532
AMM_fee,27.393987975951905,0.5240445312120519
AMM_fee,27.400901803607216,0.5304797078013551
AMM_fee,27.407815631262526,0.5368063862145342
AMM_fee,27.414729458917837,0.5430153636529079
AMM_fee,27.421643286573147,0.5490976415756
AMM_fee,27.428557114228457,0.555044492900436
AMM_fee,27.435470941883768,0.5608475302945773
AMM_fee,27.44238476953908,0.5664987745037015
AMM_fee,27.44929859719439,0.5719907216220944
AMM_fee,27.4562124248497,0.5773164081814632
AMM_fee,27.46312625250501,0.5824694729349155
AMM_fee,27.470040080160324,0.587444214234607
AMM_fee,27.476953907815634,0.5922356419474699
AMM_fee,27.483867735470945,0.5968395229223671
AMM_fee,27.490781563126255,0.6012524191127887
AMM_fee,27.497695390781566,0.6054717175707618
AMM_fee,27.504609218436876,0.6094956516570339
AMM_fee,27.511523046092186,0.6133233129581193
AMM_fee,27.518436873747497,0.6169546535586012
AMM_fee,27.525350701402807,0.6203904784847634
AMM_fee,27.532264529058118,0.6236324283087905
AMM_fee,27.53917835671343,0.6266829520783439
AMM_fee,27.54609218436874,0.6295452709100379
AMM_fee,27.55300601202405,0.6322233327538243
AMM_fee,27.55991983967936,0.6347217589944406
AMM_fee,27.56683366733467,0.6370457837028357
AMM_fee,27.57374749498998,0.6392011864813903
AMM_fee,27.58066132264529,0.6411942199591291
AMM_fee,27.5875751503006,0.6430315330844856
AMM_fee,27.594488977955912,0.6447200914317788
AMM_fee,27.601402805611222,0.6462670957819978
AMM_fee,27.608316633266533,0.6476799002577033
AMM_fee,27.615230460921843,0.6489659312861948
AMM_fee,27.622144288577154,0.6501326086343562
AMM_fee,27.629058116232468,0.6511872697039586
AMM_fee,27.63597194388778,0.652137098199153
AMM_fee,27.64288577154309,0.652989058180242
AMM_fee,27.6497995991984,0.653749834401969
AMM_fee,27.65671342685371,0.6544257797033004
AMM_fee,27.66362725450902,0.6550228700718906
AMM_fee,27.67054108216433,0.6555466678535068
AMM_fee,27.67745490981964,0.6560022934178151
AMM_fee,27.68436873747495,0.6563944054306272
AMM_fee,27.691282565130262,0.6567271897224243
AMM_fee,27.698196392785572,0.6570043565865565
AMM_fee,27.705110220440883,0.6572291461917648
AMM_fee,27.712024048096193,0.6574043416545255
AMM_fee,27.718937875751504,0.6575322891905118
AMM_fee,27.725851703406814,0.6576149246527598
AMM_fee,27.732765531062125,0.6576538056690704
AMM_fee,27.739679358717435,0.6576501485138988
AMM_fee,27.746593186372746,0.6576048687916582
AMM_fee,27.753507014028056,0.6575186249692629
AMM_fee,27.760420841683366,0.6573918637761914
AMM_fee,27.767334669338677,0.6572248664898697
AMM_fee,27.77424849699399,0.6570177951422492
AMM_fee,27.7811623246493,0.6567707377190058
AMM_fee,27.788076152304612,0.6564837514744486
AMM_fee,27.794989979959922,0.6561569035515635
AMM_fee,27.801903807615233,0.6557903081757679
AMM_fee,27.808817635270543,0.655384159780928
AMM_fee,27.815731462925854,0.6549387615250689
AMM_fee,27.822645290581164,0.6544545487587443
AMM_fee,27.829559118236475,0.6539321071190338
AMM_fee,27.836472945891785,0.6533721850347008
AMM_fee,27.843386773547095,0.6527757005406214
AMM_fee,27.850300601202406,0.6521437424107378
AMM_fee,27.857214428857716,0.6514775657261289
AMM_fee,27.864128256513027,0.6507785820967746
AMM_fee,27.871042084168337,0.6500483448507232
AMM_fee,27.877955911823648,0.649288529590879
AMM_fee,27.884869739478958,0.6485009105968054
AMM_fee,27.89178356713427,0.6476873336151356
AMM_fee,27.89869739478958,0.6468496856371165
AMM_fee,27.90561122244489,0.645989862304565
AMM_fee,27.9125250501002,0.6451097336156179
AMM_fee,27.91943887775551,0.6442111086192268
AMM_fee,27.92635270541082,0.6432956997919946
AMM_fee,27.933266533066135,0.642365087783159
AMM_fee,27.940180360721445,0.6414206871935725
AMM_fee,27.947094188376756,0.6404637140229629
AMM_fee,27.954008016032066,0.639495155377485
AMM_fee,27.960921843687377,0.6385157419773209
AMM_fee,27.967835671342687,0.6375259239431748
AMM_fee,27.974749498997998,0.6365258502718055
AMM_fee,27.981663326653308,0.6355153523362155
AMM_fee,27.98857715430862,0.634493931666299
AMM_fee,27.99549098196393,0.633460752183185
AMM_fee,28.00240480961924,0.6324146369760066
AMM_fee,28.00931863727455,0.6313540696253955
AMM_fee,28.01623246492986,0.6302771999951209
AMM_fee,28.02314629258517,0.6291818543337756
AMM_fee,28.03006012024048,0.6280655494533867
AMM_fee,28.036973947895792,0.6269255106832291
AMM_fee,28.043887775551102,0.6257586932359669
AMM_fee,28.050801603206413,0.6245618065708738
AMM_fee,28.057715430861723,0.6233313412961875
AMM_fee,28.064629258517034,0.6220635981206378
AMM_fee,28.071543086172348,0.6207547183432605
AMM_fee,28.078456913827658,0.6194007153611722
AMM_fee,28.08537074148297,0.617997506677178
AMM_fee,28.09228456913828,0.616540945902775
AMM_fee,28.09919839679359,0.6150268542766605
AMM_fee,28.1061122244489,0.6134510512538756
AMM_fee,28.11302605210421,0.6118093837650057
AMM_fee,28.11993987975952,0.6100977537974878
AMM_fee,28.12685370741483,0.608312144010439
AMM_fee,28.13376753507014,0.6064486411591767
AMM_fee,28.140681362725452,0.6045034571740631
AMM_fee,28.147595190380763,0.6024729478084417
AMM_fee,28.154509018036073,0.6003536288408267
AMM_fee,28.161422845691384,0.5981421898849139
AMM_fee,28.168336673346694,0.5958355059258675
AMM_fee,28.175250501002004,0.5934306467607652
AMM_fee,28.182164328657315,0.5909248845736895
AMM_fee,28.189078156312625,0.5883156999200269
AMM_fee,28.195991983967936,0.5856007864290483
AMM_fee,28.202905811623246,0.5827780545577831
AMM_fee,28.209819639278557,0.5798456347417673
AMM_fee,28.216733466933867,0.5768018802890809
AMM_fee,28.223647294589178,0.5736453703531377
AMM_fee,28.23056112224449,0.570374913297051
AMM_fee,28.237474949899802,0.5669895507286913
AMM_fee,28.244388777555113,0.5634885624414895
AMM_fee,28.251302605210423,0.5598714724430447
AMM_fee,28.258216432865733,0.5561380561925413
AMM_fee,28.265130260521044,0.5522883491010928
AMM_fee,28.272044088176354,0.5483226562777824
AMM_fee,28.278957915831665,0.5442415634306035
AMM_fee,28.285871743486975,0.5400459487577024
AMM_fee,28.292785571142286,0.5357369955923834
AMM_fee,28.299699398797596,0.5313162054976711
AMM_fee,28.306613226452907,0.5267854114444775
AMM_fee,28.313527054108217,0.5221467906539936
AMM_fee,28.320440881763528,0.5174028766413981
AMM_fee,28.327354709418838,0.5125565699660083
AMM_fee,28.33426853707415,0.5076111471738275
AMM_fee,28.34118236472946,0.502570267413396
AMM_fee,28.34809619238477,0.4974379762151382
AMM_fee,28.35501002004008,0.4922187059488321
AMM_fee,28.36192384769539,0.48691727251296557
AMM_fee,28.368837675350704,0.4815388678634318
AMM_fee,28.375751503006015,0.4760890480562497
AMM_fee,28.382665330661325,0.47057371655838043
AMM_fee,28.389579158316636,0.4649991026713357
AMM_fee,28.396492985971946,0.4593717350112552
AMM_fee,28.403406813627257,0.4536984100951774
AMM_fee,28.410320641282567,0.4479861561932599
AMM_fee,28.417234468937878,0.4422421927186526
AMM_fee,28.424148296593188,0.4364738855372502
AMM_fee,28.4310621242485,0.43068869868640325
AMM_fee,28.43797595190381,0.42489414309183615
AMM_fee,28.44488977955912,0.419097722962652
AMM_fee,28.45180360721443,0.41330688062326776
AMM_fee,28.45871743486974,0.40752894060573863
AMM_fee,28.46563126252505,0.4017710538743957
AMM_fee,28.47254509018036,0.39604014308529834
AMM_fee,28.47945891783567,0.39034284979442324
AMM_fee,28.486372745490982,0.3846854845200691
AMM_fee,28.493286573146293,0.3790739805360945
AMM_fee,28.500200400801603,0.3735138522236371
AMM_fee,28.507114228456913,0.3680101587406291
AMM_fee,28.514028056112224,0.36256747368151754
AMM_fee,28.520941883767534,0.3571898612961078
AMM_fee,28.527855711422845,0.35188085971835675
AMM_fee,28.53476953907816,0.3466434715255261
AMM_fee,28.54168336673347,0.3414801618083548
AMM_fee,28.54859719438878,0.33639286378699157
AMM_fee,28.55551102204409,0.331382991858434
AMM_fee,28.5624248496994,0.3264514618126462
AMM_fee,28.56933867735471,0.32159871780995086
AMM_fee,28.57625250501002,0.31682476557503936
AMM_fee,28.583166332665332,0.3121292111362053
AMM_fee,28.590080160320642,0.3075113043254019
AMM_fee,28.596993987975953,0.30296998615817766
AMM_fee,28.603907815631263,0.29850393913466794
AMM_fee,28.610821643286574,0.2941116394458218
AMM_fee,28.617735470941884,0.2897914100340751
AMM_fee,28.624649298597195,0.2855414734460122
AMM_fee,28.631563126252505,0.2813600034260898
AMM_fee,28.638476953907816,0.2772451742354297
AMM_fee,28.645390781563126,0.2731952067370292
AMM_fee,28.652304609218437,0.26920841036709736
AMM_fee,28.659218436873747,0.2652832202098665
AMM_fee,28.66613226452906,0.2614182285078649
AMM_fee,28.67304609218437,0.2576122100682826
AMM_fee,28.679959919839682,0.2538641411659503
AMM_fee,28.686873747494992,0.2501732116910531
AMM_fee,28.693787575150303,0.24653883044158142
AMM_fee,28.700701402805613,0.24296062361308385
AMM_fee,28.707615230460924,0.2394384266878967
AMM_fee,28.714529058116234,0.23597227006941782
AMM_fee,28.721442885771545,0.2325623589405864
AMM_fee,28.728356713426855,0.2292090479467273
AMM_fee,28.735270541082166,0.22591281140870803
AMM_fee,28.742184368737476,0.22267420986044087
AMM_fee,28.749098196392787,0.21949385377364844
AMM_fee,28.756012024048097,0.21637236538097673
AMM_fee,28.762925851703407,0.21331033953548215
AMM_fee,28.769839679358718,0.21030830454970087
AMM_fee,28.77675350701403,0.20736668394151964
AMM_fee,28.78366733466934,0.20448575997763013
AMM_fee,28.79058116232465,0.2016656398496341
AMM_fee,28.79749498997996,0.19890622524479268
AMM_fee,28.80440881763527,0.19620718598499243
AMM_fee,28.81132264529058,0.19356793830608382
AMM_fee,28.81823647294589,0.1909876282381012
AMM_fee,28.8251503006012,0.18846512042777477
AMM_fee,28.832064128256516,0.1859989926210485
AMM_fee,28.838977955911826,0.18358753589806173
AMM_fee,28.845891783567136,0.1812287606289208
AMM_fee,28.852805611222447,0.1789204079986239
AMM_fee,28.859719438877757,0.17665996683580001
AMM_fee,28.866633266533068,0.17444469537520788
AMM_fee,28.87354709418838,0.1722716474899593
AMM_fee,28.88046092184369,0.17013770284789562
AMM_fee,28.887374749499,0.16803960037882557
AMM_fee,28.89428857715431,0.16597397438629902
AMM_fee,28.90120240480962,0.16393739259989284
AMM_fee,28.90811623246493,0.16192639544174148
AMM_fee,28.91503006012024,0.1599375357741468
AMM_fee,28.92194388777555,0.15796741840310713
AMM_fee,28.928857715430862,0.15601273863465975
AMM_fee,28.935771543086172,0.15407031921602796
AMM_fee,28.942685370741483,0.15213714504050058
AMM_fee,28.949599198396793,0.1502103950521906
AMM_fee,28.956513026052104,0.148287470852821
AMM_fee,28.963426853707418,0.14636602158582496
AMM_fee,28.970340681362728,0.14444396475150495
AMM_fee,28.97725450901804,0.14251950268913433
AMM_fee,28.98416833667335,0.1405911345459658
AMM_fee,28.99108216432866,0.13865766363751486
AMM_fee,28.99799599198397,0.13671820018660408
AMM_fee,29.00490981963928,0.1347721595091188
AMM_fee,29.01182364729459,0.13281925579088916
AMM_fee,29.0187374749499,0.1308594916713902
AMM_fee,29.025651302605212,0.1288931439150733
AMM_fee,29.032565130260522,0.1269207455092138
AMM_fee,29.039478957915833,0.12494306457753046
AMM_fee,29.046392785571143,0.12296108054094416
AMM_fee,29.053306613226454,0.12097595799029126
AMM_fee,29.060220440881764,0.11898901876049457
AMM_fee,29.067134268537075,0.11700171271137694
AMM_fee,29.074048096192385,0.1150155877271479
AMM_fee,29.080961923847696,0.11303225944481338
AMM_fee,29.087875751503006,0.11105338121156329
AMM_fee,29.094789579158316,0.10908061475306538
AMM_fee,29.101703406813627,0.10711560200910779
AMM_fee,29.108617234468937,0.10515993856067442
AMM_fee,29.115531062124248,0.10321514903413215
AMM_fee,29.12244488977956,0.10128266482443204
AMM_fee,29.12935871743487,0.09936380443101832
AMM_fee,29.136272545090183,0.0974597566482418
AMM_fee,29.143186372745493,0.09557156679754683
AMM_fee,29.150100200400804,0.09370012613243546
AMM_fee,29.157014028056114,0.09184616449018106
AMM_fee,29.163927855711425,0.09001024620744147
AMM_fee,29.170841683366735,0.0881927692612472
AMM_fee,29.177755511022045,0.08639396754332229
AMM_fee,29.184669338677356,0.08461391612506468
AMM_fee,29.191583166332666,0.08285253932372665
AMM_fee,29.198496993987977,0.08110962133811331
AMM_fee,29.205410821643287,0.0793848191850241
AMM_fee,29.212324649298598,0.07767767763636921
AMM_fee,29.219238476953908,0.0759876458317875
AMM_fee,29.22615230460922,0.07431409522295401
AMM_fee,29.23306613226453,0.07265633849382341
AMM_fee,29.23997995991984,0.07101364909587882
AMM_fee,29.24689378757515,0.06938528103885885
AMM_fee,29.25380761523046,0.06777048858531942
AMM_fee,29.26072144288577,0.0661685455112984
AMM_fee,29.267635270541085,0.06457876361492648
AMM_fee,29.274549098196395,0.06300051017938683
AMM_fee,29.281462925851706,0.061433224125560806
AMM_fee,29.288376753507016,0.05987643062235468
AMM_fee,29.295290581162327,0.05832975395806061
AMM_fee,29.302204408817637,0.0567929285136183
AMM_fee,29.309118236472948,0.05526580771723544
AMM_fee,29.316032064128258,0.05374837089884379
AMM_fee,29.32294589178357,0.05224072800135902
AMM_fee,29.32985971943888,0.05074312214302501
AMM_fee,29.33677354709419,0.04925593006054529
AMM_fee,29.3436873747495,0.047779660495567505
AMM_fee,29.35060120240481,0.046314950616929855
AMM_fee,29.35751503006012,0.04486256059749767
AMM_fee,29.36442885771543,0.04342336648700629
AMM_fee,29.37134268537074,0.04199835154101083
AMM_fee,29.378256513026052,0.04058859618061011
AMM_fee,29.385170340681363,0.03919526676819165
AMM_fee,29.392084168336673,0.037819603391027815
AMM_fee,29.398997995991984,0.0364629068474256
AMM_fee,29.405911823647294,0.035126525029559326
AMM_fee,29.412825651302605,0.03381183889337543
AMM_fee,29.419739478957915,0.032520248199498156
AMM_fee,29.426653306613225,0.03125315720030568
AMM_fee,29.43356713426854,0.030011960437660214
AMM_fee,29.44048096192385,0.02879802880367101
AMM_fee,29.44739478957916,0.02761269600374717
AMM_fee,29.45430861723447,0.026457245547459596
AMM_fee,29.46122244488978,0.025332898378743647
AMM_fee,29.46813627254509,0.02424080124307319
AMM_fee,29.475050100200402,0.023182015875720968
AMM_fee,29.481963927855713,0.022157509082250407
AMM_fee,29.488877755511023,0.02116814377018465
AMM_fee,29.495791583166334,0.020214670979479855
AMM_fee,29.502705410821644,0.019297722948990407
AMM_fee,29.509619238476954,0.01841780724664033
AMM_fee,29.516533066132265,0.017575301982407275
AMM_fee,29.523446893787575,0.016770452115467113
AMM_fee,29.530360721442886,0.016003366859779825
AMM_fee,29.537274549098196,0.01527401818594547
AMM_fee,29.544188376753507,0.014582240411184118
AMM_fee,29.551102204408817,0.0139277308636265
AMM_fee,29.558016032064128,0.013310051601645891
AMM_fee,29.56492985971944,0.012728632163598857
AMM_fee,29.571843687374752,0.012182773317929404
AMM_fee,29.578757515030063,0.01167165177809805
AMM_fee,29.585671342685373,0.011194325841145084
AMM_fee,29.592585170340683,0.010749741902868403
AMM_fee,29.599498997995994,0.01033674179659469
AMM_fee,29.606412825651304,0.009954070896390353
AMM_fee,29.613326653306615,0.009600386919365935
AMM_fee,29.620240480961925,0.009274269355543008
AMM_fee,29.627154308617236,0.00897422944771081
AMM_fee,29.634068136272546,0.00869872063792669
AMM_fee,29.640981963927857,0.008446149391932486
AMM_fee,29.647895791583167,0.008214886307944255
AMM_fee,29.654809619238478,0.008003277412149972
AMM_fee,29.661723446893788,0.007809655539983037
AMM_fee,29.6686372745491,0.0076323516999461044
AMM_fee,29.67555110220441,0.007469706315570673
AMM_fee,29.68246492985972,0.007320080241113106
AMM_fee,29.68937875751503,0.007181865447873888
AMM_fee,29.69629258517034,0.007053495280644922
AMM_fee,29.70320641282565,0.006933454187759204
AMM_fee,29.71012024048096,0.006820286833523781
AMM_fee,29.71703406813627,0.006712606508430105
AMM_fee,29.723947895791582,0.006609102760386197
AMM_fee,29.730861723446896,0.00650854817920011
AMM_fee,29.737775551102207,0.006409804276550797
AMM_fee,29.744689378757517,0.006311826414552808
AMM_fee,29.751603206412828,0.006213667747602598
AMM_fee,29.758517034068138,0.006114482154285941
AMM_fee,29.76543086172345,0.006013526148547403
AMM_fee,29.77234468937876,0.005910159771863654
AMM_fee,29.77925851703407,0.005803846480613441
AMM_fee,29.78617234468938,0.0056941520549998875
AMM_fee,29.79308617234469,0.005580742567547725
AMM_fee,29.8,0.0054633814601875216
OB_fee,29.74,0.06776601367181571
OB_fee,29.742384769539076,0.07043412589815921
OB_fee,29.744769539078156,0.07314950536017238
OB_fee,29.747154308617233,0.07591248272680995
OB_fee,29.74953907815631,0.07872359845277233
OB_fee,29.75192384769539,0.08158360756634196
OB_fee,29.754308617234468,0.08449348157703776
OB_fee,29.756693386773545,0.08745440741588734
OB_fee,29.759078156312622,0.0904677833631269
OB_fee,29.761462925851703,0.09353521196147066
OB_fee,29.76384769539078,0.09665848995711437
OB_fee,29.766232464929857,0.09983959535468657
OB_fee,29.768617234468937,0.10308067171576073
OB_fee,29.771002004008015,0.10638400987260589
OB_fee,29.77338677354709,0.10975202726898362
OB_fee,29.775771543086172,0.11318724517736656
OB_fee,29.77815631262525,0.11669226407642866
OB_fee,29.780541082164326,0.12026973750351648
OB_fee,29.782925851703407,0.12392234472363917
OB_fee,29.785310621242484,0.1276527625788969
OB_fee,29.78769539078156,0.13146363689991514
OB_fee,29.790080160320638,0.13535755387350112
OB_fee,29.79246492985972,0.1393370117681941
OB_fee,29.794849699398796,0.14340439342152606
OB_fee,29.797234468937873,0.14756193988960173
OB_fee,29.799619238476954,0.15181172565100018
OB_fee,29.80200400801603,0.15615563574299476
OB_fee,29.804388777555108,0.16059534518925322
OB_fee,29.80677354709419,0.16513230105336935
OB_fee,29.809158316633265,0.16976770742417688
OB_fee,29.811543086172342,0.1745025136047365
OB_fee,29.813927855711423,0.17933740573886123
OB_fee,29.8163126252505,0.18427280206701327
OB_fee,29.818697394789577,0.189308851958211
OB_fee,29.821082164328654,0.19444543881499682
OB_fee,29.823466933867735,0.19968218689770792
OB_fee,29.825851703406812,0.20501847205980286
OB_fee,29.82823647294589,0.21045343633137162
OB_fee,29.83062124248497,0.21598600623048186
OB_fee,29.833006012024047,0.22161491462580574
OB_fee,29.835390781563124,0.22733872591689988
OB_fee,29.837775551102204,0.23315586424292892
OB_fee,29.84016032064128,0.23906464437669273
OB_fee,29.84254509018036,0.24506330490944697
OB_fee,29.844929859719436,0.2511500432840656
OB_fee,29.847314629258516,0.2573230521903799
OB_fee,29.849699398797593,0.2635805567978416
OB_fee,29.85208416833667,0.2699208522679543
OB_fee,29.85446893787575,0.2763423409628019
OB_fee,29.856853707414828,0.28284356874741334
OB_fee,29.859238476953905,0.28942325977315025
OB_fee,29.861623246492986,0.29608034912753156
OB_fee,29.864008016032063,0.3028140127432489
OB_fee,29.86639278557114,0.3096236939761199
OB_fee,29.86877755511022,0.31650912628841554
OB_fee,29.871162324649298,0.32347035151049014
OB_fee,29.873547094188375,0.33050773320038407
OB_fee,29.875931863727452,0.33762196467592065
OB_fee,29.878316633266532,0.34481407135981335
OB_fee,29.88070140280561,0.3520854071502788
OB_fee,29.883086172344687,0.3594376446112618
OB_fee,29.885470941883767,0.3668727588623443
OB_fee,29.887855711422844,0.3743930051419215
OB_fee,29.89024048096192,0.38200089011292543
OB_fee,29.892625250501002,0.38969913707925513
OB_fee,29.89501002004008,0.39749064538074447
OB_fee,29.897394789579156,0.40537844433427456
OB_fee,29.899779559118237,0.4133656421840187
OB_fee,29.902164328657314,0.4214553706174035
OB_fee,29.90454909819639,0.4296507254894583
OB_fee,29.906933867735468,0.43795470447773277
OB_fee,29.90931863727455,0.44637014246016277
OB_fee,29.911703406813626,0.4548996454682521
OB_fee,29.914088176352703,0.46354552411618233
OB_fee,29.916472945891783,0.472309727442046
OB_fee,29.91885771543086,0.4811937781194596
OB_fee,29.921242484969937,0.490198710005508
OB_fee,29.923627254509018,0.49932500898428483
OB_fee,29.926012024048095,0.5085725580436272
OB_fee,29.928396793587172,0.5179405874865769
OB_fee,29.930781563126253,0.5274276311286059
OB_fee,29.93316633266533,0.5370314892676538
OB_fee,29.935551102204407,0.5467491991372432
OB_fee,29.937935871743484,0.5565770134645582
OB_fee,29.940320641282565,0.5665103876565722
OB_fee,29.94270541082164,0.5765439760298089
OB_fee,29.94509018036072,0.5866716373844275
OB_fee,29.9474749498998,0.5968864501032085
OB_fee,29.949859719438876,0.6071807368318963
OB_fee,29.952244488977954,0.6175460986725927
OB_fee,29.954629258517034,0.6279734586952358
OB_fee,29.95701402805611,0.6384531144506802
OB_fee,29.95939879759519,0.6489747990488874
OB_fee,29.96178356713427,0.6595277502525987
OB_fee,29.964168336673346,0.6701007869309555
OB_fee,29.966553106212423,0.680682392121856
OB_fee,29.9689378757515,0.6912608018640368
OB_fee,29.97132264529058,0.7018240988861159
OB_fee,29.973707414829658,0.7123603101776643
OB_fee,29.976092184368735,0.722857507418563
OB_fee,29.978476953907816,0.733303909207685
OB_fee,29.980861723446893,0.7436879840113395
OB_fee,29.98324649298597,0.753998552746305
OB_fee,29.98563126252505,0.7642248899181731
OB_fee,29.988016032064127,0.7743568222583543
OB_fee,29.990400801603204,0.7843848238364902
OB_fee,29.992785571142285,0.7943001066715172
OB_fee,29.995170340681362,0.8040947059221345
OB_fee,29.99755511022044,0.8137615588046909
OB_fee,29.999939879759516,0.823294576462591
OB_fee,30.002324649298597,0.8326887080945926
OB_fee,30.004709418837674,0.8419399967381638
OB_fee,30.00709418837675,0.8510456261972856
OB_fee,30.00947895791583,0.8600039586996022
OB_fee,30.01186372745491,0.8688145629646478
OB_fee,30.014248496993986,0.8774782324611085
OB_fee,30.016633266533066,0.8859969937255606
OB_fee,30.019018036072143,0.8943741047063
OB_fee,30.02140280561122,0.9026140431836929
OB_fee,30.023787575150298,0.9107224853990772
OB_fee,30.02617234468938,0.9187062751018716
OB_fee,30.028557114228455,0.9265733832926679
OB_fee,30.030941883767532,0.9343328590032834
OB_fee,30.033326653306613,0.9419947715100572
OB_fee,30.03571142284569,0.9495701444251192
OB_fee,30.038096192384767,0.957070882152468
OB_fee,30.040480961923848,0.9645096892304406
OB_fee,30.042865731462925,0.9718999831128676
OB_fee,30.045250501002002,0.979255800965643
OB_fee,30.047635270541083,0.9865917010760488
OB_fee,30.05002004008016,0.9939226594899621
OB_fee,30.052404809619237,1.001263962507936
OB_fee,30.054789579158314,1.008631095684155
OB_fee,30.057174348697394,1.0160396299869172
OB_fee,30.05955911823647,1.0235051057923659
OB_fee,30.06194388777555,1.0310429153991025
OB_fee,30.06432865731463,1.0386681847666717
OB_fee,30.066713426853706,1.0463956551997802
OB_fee,30.069098196392783,1.0542395657198993
OB_fee,30.071482965931864,1.062213536887344
OB_fee,30.07386773547094,1.0703304568600887
OB_fee,30.076252505010018,1.0786023704987195
OB_fee,30.0786372745491,1.087040372350395
OB_fee,30.081022044088176,1.0956545043660686
OB_fee,30.083406813627253,1.1044536592246252
OB_fee,30.08579158316633,1.113445490152095
OB_fee,30.08817635270541,1.1226363281335099
OB_fee,30.090561122244488,1.1320311074164189
OB_fee,30.092945891783565,1.1416333001980556
OB_fee,30.095330661322645,1.1514448613698274
OB_fee,30.097715430861722,1.16146618416286
OB_fee,30.1001002004008,1.1716960674944188
OB_fee,30.10248496993988,1.1821316957566275
OB_fee,30.104869739478957,1.1927686317145043
OB_fee,30.107254509018034,1.2036008230908128
OB_fee,30.109639278557115,1.214620623306932
OB_fee,30.112024048096192,1.2258188267276662
OB_fee,30.11440881763527,1.237184718618008
OB_fee,30.116793587174346,1.2487061398666937
OB_fee,30.119178356713427,1.2603695663645593
OB_fee,30.121563126252504,1.2721602027479466
OB_fee,30.12394789579158,1.284062090029887
OB_fee,30.12633266533066,1.2960582264478888
OB_fee,30.12871743486974,1.3081307006596998
OB_fee,30.131102204408815,1.3202608362222885
OB_fee,30.133486973947896,1.3324293460931138
OB_fee,30.135871743486973,1.3446164957073024
OB_fee,30.13825651302605,1.3568022730070897
OB_fee,30.14064128256513,1.368966563638517
OB_fee,30.143026052104208,1.3810893293866728
OB_fee,30.145410821643285,1.393150787799491
OB_fee,30.147795591182362,1.405131590853517
OB_fee,30.150180360721443,1.4170130004477113
OB_fee,30.15256513026052,1.4287770584739306
OB_fee,30.154949899799597,1.4404067492095158
OB_fee,30.157334669338677,1.4518861518087653
OB_fee,30.159719438877755,1.4632005807373858
OB_fee,30.16210420841683,1.474336712098297
OB_fee,30.164488977955912,1.4852826939375763
OB_fee,30.16687374749499,1.4960282387957076
OB_fee,30.169258517034066,1.5065646969792559
OB_fee,30.171643286573143,1.5168851092705251
OB_fee,30.174028056112224,1.5269842380636462
OB_fee,30.1764128256513,1.53685857621199
OB_fee,30.178797595190378,1.5465063331895847
OB_fee,30.18118236472946,1.5559273985031374
OB_fee,30.183567134268536,1.5651232826367139
OB_fee,30.185951903807613,1.5740970361624047
OB_fee,30.188336673346694,1.5828531480000534
OB_fee,30.19072144288577,1.5913974241542603
OB_fee,30.193106212424848,1.5997368485877366
OB_fee,30.19549098196393,1.6078794282021367
OB_fee,30.197875751503005,1.6158340241847358
OB_fee,30.200260521042082,1.6236101722359306
OB_fee,30.20264529058116,1.6312178944107423
OB_fee,30.20503006012024,1.6386675054866435
OB_fee,30.207414829659317,1.645969416900706
OB_fee,30.209799599198394,1.6531339413824229
OB_fee,30.212184368737475,1.6601711014370337
OB_fee,30.214569138276552,1.6670904448102375
OB_fee,30.21695390781563,1.6739008699843922
OB_fee,30.21933867735471,1.6806104646207638
OB_fee,30.221723446893787,1.6872263596722423
OB_fee,30.224108216432864,1.693754601648876
OB_fee,30.226492985971944,1.7002000452273531
OB_fee,30.22887775551102,1.7065662680602105
OB_fee,30.2312625250501,1.712855509265316
OB_fee,30.233647294589176,1.7190686326681257
OB_fee,30.236032064128256,1.7252051154353545
OB_fee,30.238416833667333,1.7312630622854304
OB_fee,30.24080160320641,1.7372392449986762
OB_fee,30.24318637274549,1.743129166485444
OB_fee,30.245571142284568,1.7489271482132795
OB_fee,30.247955911823645,1.7546264393531
OB_fee,30.250340681362726,1.7602193455884403
OB_fee,30.252725450901803,1.7656973751493228
OB_fee,30.25511022044088,1.7710513992913788
OB_fee,30.25749498997996,1.7762718241481863
OB_fee,30.259879759519038,1.7813487706486222
OB_fee,30.262264529058115,1.7862722590141742
OB_fee,30.26464929859719,1.7910323942405717
OB_fee,30.267034068136272,1.7956195489247868
OB_fee,30.26941883767535,1.8000245398261878
OB_fee,30.271803607214427,1.8042387946475456
OB_fee,30.274188376753507,1.8082545056886727
OB_fee,30.276573146292584,1.8120647672586236
OB_fee,30.27895791583166,1.815663694029508
OB_fee,30.281342685370742,1.819046517868071
OB_fee,30.28372745490982,1.822209661087326
OB_fee,30.286112224448896,1.8251507845088033
OB_fee,30.288496993987977,1.8278688092100752
OB_fee,30.290881763527054,1.8303639113415338
OB_fee,30.29326653306613,1.832637489921674
OB_fee,30.295651302605208,1.8346921080503125
OB_fee,30.29803607214429,1.8365314085042415
OB_fee,30.300420841683366,1.8381600051889153
OB_fee,30.302805611222443,1.8395833524029015
OB_fee,30.305190380761523,1.8408075943184423
OB_fee,30.3075751503006,1.8418393974839353
OB_fee,30.309959919839677,1.8426857695025136
OB_fee,30.312344689378758,1.843353867329517
OB_fee,30.314729458917835,1.8438507988535473
OB_fee,30.317114228456912,1.8441834215774429
OB_fee,30.319498997995993,1.8443581422925934
OB_fee,30.32188376753507,1.8443807216424675
OB_fee,30.324268537074147,1.8442560873974017
OB_fee,30.326653306613224,1.8439881601157446
OB_fee,30.329038076152305,1.8435796946481067
OB_fee,30.33142284569138,1.8430321406569965
OB_fee,30.33380761523046,1.8423455249792229
OB_fee,30.33619238476954,1.8415183582598629
OB_fee,30.338577154308616,1.8405475678428649
OB_fee,30.340961923847694,1.839428458423058
OB_fee,30.343346693386774,1.8381547014574302
OB_fee,30.34573146292585,1.8367183538099414
OB_fee,30.34811623246493,1.8351099055740043
OB_fee,30.35050100200401,1.8333183564913285
OB_fee,30.352885771543086,1.8313313198737673
OB_fee,30.355270541082163,1.8291351524476438
OB_fee,30.35765531062124,1.8267151080854742
OB_fee,30.36004008016032,1.8240555129771723
OB_fee,30.362424849699398,1.8211399594290907
OB_fee,30.364809619238475,1.8179515151706345
OB_fee,30.367194388777556,1.8144729447999657
OB_fee,30.369579158316633,1.8106869398164986
OB_fee,30.37196392785571,1.8065763535703738
OB_fee,30.37434869739479,1.8021244374096401
OB_fee,30.376733466933867,1.7973150743238075
OB_fee,30.379118236472944,1.7921330064660017
OB_fee,30.381503006012025,1.7865640530827411
OB_fee,30.383887775551102,1.7805953155859688
OB_fee,30.38627254509018,1.7742153667609928
OB_fee,30.388657314629256,1.7674144214113958
OB_fee,30.391042084168337,1.7601844860894107
OB_fee,30.393426853707414,1.7525194859416882
OB_fee,30.39581162324649,1.7444153671068887
OB_fee,30.39819639278557,1.7358701735252895
OB_fee,30.40058116232465,1.7268840974538515
OB_fee,30.402965931863726,1.717459503412657
OB_fee,30.405350701402806,1.7076009257165203
OB_fee,30.407735470941883,1.6973150401553088
OB_fee,30.41012024048096,1.6866106107769685
OB_fee,30.412505010020038,1.6754984130883808
OB_fee,30.414889779559118,1.6639911353164256
OB_fee,30.417274549098195,1.6521032596599534
OB_fee,30.419659318637272,1.6398509257096963
OB_fee,30.422044088176353,1.627251778413844
OB_fee,30.42442885771543,1.6143248031203374
OB_fee,30.426813627254507,1.601090150330989
OB_fee,30.429198396793588,1.5875689528605048
OB_fee,30.431583166332665,1.5737831381016651
OB_fee,30.433967935871742,1.5597552380621016
OB_fee,30.436352705410822,1.5455081997584237
OB_fee,30.4387374749499,1.5310651984347785
OB_fee,30.441122244488977,1.5164494559176285
OB_fee,30.443507014028054,1.5016840662323419
OB_fee,30.445891783567134,1.4867918303939698
OB_fee,30.44827655310621,1.4717951020501807
OB_fee,30.45066132264529,1.4567156454026362
OB_fee,30.45304609218437,1.441574506571554
OB_fee,30.455430861723446,1.4263918992995026
OB_fee,30.457815631262523,1.4111871056219094
OB_fee,30.460200400801604,1.3959783918668311
OB_fee,30.46258517034068,1.38078294009033
OB_fee,30.464969939879758,1.3656167948104365
OB_fee,30.46735470941884,1.3504948246756896
OB_fee,30.469739478957916,1.3354306984973983
OB_fee,30.472124248496993,1.32043687488895
OB_fee,30.47450901803607,1.3055246045973565
OB_fee,30.47689378757515,1.2907039444755037
OB_fee,30.479278557114228,1.2759837819391686
OB_fee,30.481663326653305,1.2613718686713034
OB_fee,30.484048096192385,1.2468748622867458
OB_fee,30.486432865731462,1.2324983746432816
OB_fee,30.48881763527054,1.2182470254874351
OB_fee,30.49120240480962,1.204124500148618
OB_fee,30.493587174348697,1.190133610043317
OB_fee,30.495971943887774,1.176276354817844
OB_fee,30.49835671342685,1.162553985046612
OB_fee,30.500741482965932,1.1489670645014851
OB_fee,30.50312625250501,1.1355155311233183
OB_fee,30.505511022044086,1.1221987559468085
OB_fee,30.507895791583167,1.1090155993610833
OB_fee,30.510280561122244,1.0959644642183597
OB_fee,30.51266533066132,1.0830433454360469
OB_fee,30.5150501002004,1.0702498758667949
OB_fee,30.51743486973948,1.0575813683354152
OB_fee,30.519819639278555,1.0450348538578405
OB_fee,30.522204408817636,1.0326071161638688
OB_fee,30.524589178356713,1.0202947227401538
OB_fee,30.52697394789579,1.00809405269104
OB_fee,30.529358717434867,0.9960013217811639
OB_fee,30.531743486973948,0.9840126050748967
OB_fee,30.534128256513025,0.972123857621962
OB_fee,30.536513026052102,0.9603309336573502
OB_fee,30.538897795591183,0.9486296047855544
OB_fee,30.54128256513026,0.9370155776062308
OB_fee,30.543667334669337,0.9254845112102633
OB_fee,30.546052104208417,0.9140320349342647
OB_fee,30.548436873747495,0.9026537667086281
OB_fee,30.55082164328657,0.8913453322705663
OB_fee,30.553206412825652,0.880102385444231
OB_fee,30.55559118236473,0.8689206296112272
OB_fee,30.557975951903806,0.8577958404159667
OB_fee,30.560360721442883,0.846723889668397
OB_fee,30.562745490981964,0.8357007703267331
OB_fee,30.56513026052104,0.8247226223653499
OB_fee,30.567515030060118,0.8137857592626826
OB_fee,30.5698997995992,0.8028866947806568
OB_fee,30.572284569138276,0.7920221696534411
OB_fee,30.574669338677353,0.7811891777600506
OB_fee,30.577054108216434,0.7703849913265353
OB_fee,30.57943887775551,0.7596071846853005
OB_fee,30.581823647294588,0.748853656116787
OB_fee,30.58420841683367,0.7381226473094242
OB_fee,30.586593186372745,0.7274127599987215
OB_fee,30.588977955911822,0.716722969384171
OB_fee,30.5913627254509,0.7060526339731817
OB_fee,30.59374749498998,0.6954015015621794
OB_fee,30.596132264529057,0.6847697111359129
OB_fee,30.598517034068134,0.6741577905438033
OB_fee,30.600901803607215,0.6635666498958945
OB_fee,30.603286573146292,0.6529975707073674
OB_fee,30.60567134268537,0.6424521909082365
OB_fee,30.60805611222445,0.6319324859206141
OB_fee,30.610440881763527,0.6214407460881094
OB_fee,30.612825651302604,0.6109795508177784
OB_fee,30.615210420841684,0.6005517398630087
OB_fee,30.61759519038076,0.5901603822337331
OB_fee,30.61997995991984,0.5798087432660517
OB_fee,30.622364729458916,0.5695002504185753
OB_fee,30.624749498997996,0.5592384583809553
OB_fee,30.627134268537073,0.5490270140878748
OB_fee,30.62951903807615,0.5388696222221938
OB_fee,30.63190380761523,0.5287700117706691
OB_fee,30.634288577154308,0.518731904158926
OB_fee,30.636673346693385,0.508758983445981
OB_fee,30.639058116232466,0.4988548690013603
OB_fee,30.641442885771543,0.4890230910195534
OB_fee,30.64382765531062,0.479267069153366
OB_fee,30.6462124248497,0.46959009446852046
OB_fee,30.648597194388778,0.459995314839872
OB_fee,30.650981963927855,0.45048572382596636
OB_fee,30.65336673346693,0.44106415297921114
OB_fee,30.655751503006012,0.4317332674698653
OB_fee,30.65813627254509,0.42249556483176215
OB_fee,30.660521042084167,0.41335337657184207
OB_fee,30.662905811623247,0.40430887233211327
OB_fee,30.665290581162324,0.3953640662463331
OB_fee,30.6676753507014,0.3865208251006963
OB_fee,30.670060120240482,0.3777808778857047
OB_fee,30.67244488977956,0.3691458263165598
OB_fee,30.674829659318636,0.3606171559015194
OB_fee,30.677214428857717,0.3521962471512297
OB_fee,30.679599198396794,0.3438843865464157
OB_fee,30.68198396793587,0.3356827769153021
OB_fee,30.684368737474948,0.32759254691459067
OB_fee,30.68675350701403,0.3196147593571681
OB_fee,30.689138276553106,0.3117504181843108
OB_fee,30.691523046092183,0.30400047393831403
OB_fee,30.693907815631263,0.296365827651292
OB_fee,30.69629258517034,0.2888473331257646
OB_fee,30.698677354709417,0.28144579764064076
OB_fee,30.701062124248498,0.27416198117087137
OB_fee,30.703446893787575,0.2669965942590106
OB_fee,30.705831663326652,0.2599502947200975
OB_fee,30.708216432865733,0.25302368339880066
OB_fee,30.71060120240481,0.2462172992251404
OB_fee,30.712985971943887,0.23953161383576915
OB_fee,30.715370741482964,0.2329670260388864
OB_fee,30.717755511022045,0.22652385640294717
OB_fee,30.72014028056112,0.2202023422427896
OB_fee,30.7225250501002,0.21400263326216545
OB_fee,30.72490981963928,0.2079247880895032
OB_fee,30.727294589178356,0.2019687719145861
OB_fee,30.729679358717434,0.1961344553984516
OB_fee,30.732064128256514,0.1904216149901917
OB_fee,30.73444889779559,0.1848299347404733
OB_fee,30.73683366733467,0.1793590096567134
OB_fee,30.739218436873745,0.1740083505984129
OB_fee,30.741603206412826,0.16877739066508998
OB_fee,30.743987975951903,0.16366549298456773
OB_fee,30.74637274549098,0.15867195976718884
OB_fee,30.74875751503006,0.15379604245285605
OB_fee,30.751142284569138,0.14903695274347475
OB_fee,30.753527054108215,0.1443938742842103
OB_fee,30.755911823647295,0.1398659747334602
OB_fee,30.758296593186373,0.1354524179441408
OB_fee,30.76068136272545,0.1311523759679787
OB_fee,30.76306613226453,0.126965040590183
OB_fee,30.765450901803607,0.12288963410411965
OB_fee,30.767835671342684,0.1189254190442569
OB_fee,30.770220440881765,0.11507170661044408
OB_fee,30.772605210420842,0.11132786353719595
OB_fee,30.77498997995992,0.10769331718720976
OB_fee,30.777374749498996,0.10416755867936063
OB_fee,30.779759519038077,0.10075014389531456
OB_fee,30.782144288577154,0.0974406922474164
OB_fee,30.78452905811623,0.09423888313056443
OB_fee,30.78691382765531,0.09114445002376168
OB_fee,30.78929859719439,0.08815717225004709
OB_fee,30.791683366733466,0.08527686444775079
OB_fee,30.794068136272546,0.08250336384951482
OB_fee,30.796452905811623,0.07983651550792498
OB_fee,30.7988376753507,0.07727615564695631
OB_fee,30.801222444889778,0.07482209335699672
OB_fee,30.803607214428858,0.07247409088581318
OB_fee,30.805991983967935,0.07023184280957266
OB_fee,30.808376753507012,0.06809495439486503
OB_fee,30.810761523046093,0.06606291948571826
OB_fee,30.81314629258517,0.06413509826689939
OB_fee,30.815531062124247,0.062310695267286324
OB_fee,30.817915831663328,0.06058873797383673
OB_fee,30.820300601202405,0.05896805642776461
OB_fee,30.822685370741482,0.05744726416979891
OB_fee,30.82507014028056,0.056024740890874294
OB_fee,30.82745490981964,0.05469861712832156
OB_fee,30.829839679358717,0.05346676132578175
OB_fee,30.832224448897794,0.05232676954787105
OB_fee,30.834609218436874,0.051275958108427826
OB_fee,30.83699398797595,0.0503113593343522
OB_fee,30.83937875751503,0.04942972064612018
OB_fee,30.84176352705411,0.04862750709154659
OB_fee,30.844148296593186,0.04790090742193362
OB_fee,30.846533066132263,0.047245843750045036
OB_fee,30.848917835671344,0.04665798477814197
OB_fee,30.85130260521042,0.04613276253238316
OB_fee,30.853687374749498,0.045665392487993804
OB_fee,30.856072144288575,0.04525089691872238
OB_fee,30.858456913827656,0.04488413125477552
OB_fee,30.860841683366733,0.044559813186823144
OB_fee,30.86322645290581,0.04427255421025274
OB_fee,30.86561122244489,0.044016893264642955
OB_fee,30.867995991983967,0.04378733208886718
OB_fee,30.870380761523045,0.04357837188316344
OB_fee,30.872765531062125,0.04338455084629752
OB_fee,30.875150300601202,0.04320048213910446
OB_fee,30.87753507014028,0.04302089181550603
OB_fee,30.87991983967936,0.04284065625886299
OB_fee,30.882304609218437,0.04265483866520157
OB_fee,30.884689378757514,0.04245872412553616
OB_fee,30.88707414829659,0.04224785287696899
OB_fee,30.88945891783567,0.042018051316239625
OB_fee,30.89184368737475,0.04176546039950597
OB_fee,30.894228456913826,0.04148656108787759
OB_fee,30.896613226452907,0.04117819653897041
OB_fee,30.898997995991984,0.04083759078982224
OB_fee,30.90138276553106,0.040462363725129034
OB_fee,30.90376753507014,0.04005054217610293
OB_fee,30.90615230460922,0.039600567048441934
OB_fee,30.908537074148295,0.03911129643204295
OB_fee,30.910921843687376,0.03858200469927385
OB_fee,30.913306613226453,0.03801237765196099
OB_fee,30.91569138276553,0.03740250382886927
OB_fee,30.918076152304607,0.036752862134539106
OB_fee,30.920460921843688,0.03606430599613184
OB_fee,30.922845691382765,0.03533804429673764
OB_fee,30.925230460921842,0.03457561937081445
OB_fee,30.927615230460923,0.03377888237954556
OB_fee,30.93,0.03294996641054675
IMPROVED_FX_fee,25.99,0.06331247093959262
IMPROVED_FX_fee,25.991583166332664,0.06714988787308897
IMPROVED_FX_fee,25.99316633266533,0.07114677810483122
IMPROVED_FX_fee,25.994749498997994,0.07530395001231308
IMPROVED_FX_fee,25.99633266533066,0.07962171641351258
IMPROVED_FX_fee,25.997915831663324,0.08409987180201325
IMPROVED_FX_fee,25.99949899799599,0.08873767321705459
IMPROVED_FX_fee,26.001082164328654,0.09353382513846746
IMPROVED_FX_fee,26.002665330661323,0.09848646875182765
IMPROVED_FX_fee,26.004248496993988,0.10359317587815413
IMPROVED_FX_fee,26.005831663326653,0.10885094780676095
IMPROVED_FX_fee,26.007414829659318,0.11425621920832336
IMPROVED_FX_fee,26.008997995991983,0.11980486724313379
IMPROVED_FX_fee,26.010581162324648,0.1254922259140978
IMPROVED_FX_fee,26.012164328657313,0.13131310565064225
IMPROVED_FX_fee,26.01374749498998,0.13726181804691842
IMPROVED_FX_fee,26.015330661322643,0.14333220561845303
IMPROVED_FX_fee,26.01691382765531,0.1495176763870988
IMPROVED_FX_fee,26.018496993987974,0.15581124305402383
IMPROVED_FX_fee,26.02008016032064,0.16220556647818632
IMPROVED_FX_fee,26.021663326653304,0.16869300314100147
IMPROVED_FX_fee,26.02324649298597,0.17526565624874962
IMPROVED_FX_fee,26.024829659318637,0.1819154301027614
IMPROVED_FX_fee,26.026412825651303,0.18863408735112622
IMPROVED_FX_fee,26.027995991983968,0.19541330872783644
IMPROVED_FX_fee,26.029579158316633,0.20224475487991367
IMPROVED_FX_fee,26.031162324649298,0.20912012988489878
IMPROVED_FX_fee,26.032745490981963,0.21603124606369442
IMPROVED_FX_fee,26.034328657314628,0.22297008969901028
IMPROVED_FX_fee,26.035911823647293,0.2299288872757314
IMPROVED_FX_fee,26.037494989979958,0.23690017186320222
IMPROVED_FX_fee,26.039078156312623,0.24387684926259956
IMPROVED_FX_fee,26.04066132264529,0.2508522635410769
IMPROVED_FX_fee,26.042244488977953,0.257820261569256
IMPROVED_FX_fee,26.04382765531062,0.26477525616948927
IMPROVED_FX_fee,26.045410821643284,0.2717122874667879
IMPROVED_FX_fee,26.046993987975952,0.2786270820159853
IMPROVED_FX_fee,26.048577154308617,0.28551610925401516
IMPROVED_FX_fee,26.050160320641282,0.29237663480055043
IMPROVED_FX_fee,26.051743486973947,0.29920677010018865
IMPROVED_FX_fee,26.053326653306613,0.3060055178705495
IMPROVED_FX_fee,26.054909819639278,0.3127728127928998
IMPROVED_FX_fee,26.056492985971943,0.31950955685661514
IMPROVED_FX_fee,26.058076152304608,0.32621764875084813
IMPROVED_FX_fee,26.059659318637273,0.3329000066852714
IMPROVED_FX_fee,26.061242484969938,0.3395605840210037
IMPROVED_FX_fee,26.062825651302603,0.34620437710471463
IMPROVED_FX_fee,26.064408817635268,0.35283742472337787
IMPROVED_FX_fee,26.065991983967933,0.3594667986388292
IMPROVED_FX_fee,26.0675751503006,0.3661005847175325
IMPROVED_FX_fee,26.069158316633267,0.3727478542459885
IMPROVED_FX_fee,26.070741482965932,0.3794186251128109
IMPROVED_FX_fee,26.072324649298597,0.3861238126463326
IMPROVED_FX_fee,26.073907815631262,0.39287517001961036
IMPROVED_FX_fee,26.075490981963927,0.3996852182706386
IMPROVED_FX_fee,26.077074148296592,0.40656716613379146
IMPROVED_FX_fee,26.078657314629258,0.4135348200340512
IMPROVED_FX_fee,26.080240480961923,0.4206024847568237
IMPROVED_FX_fee,26.081823647294588,0.42778485546954936
IMPROVED_FX_fee,26.083406813627253,0.4350969019312578
IMPROVED_FX_fee,26.084989979959918,0.442553745882025
IMPROVED_FX_fee,26.086573146292583,0.45017053274828916
IMPROVED_FX_fee,26.088156312625248,0.45796229893240203
IMPROVED_FX_fee,26.089739478957913,0.46594383606876677
IMPROVED_FX_fee,26.091322645290578,0.47412955372347765
IMPROVED_FX_fee,26.092905811623247,0.4825333420870332
IMPROVED_FX_fee,26.094488977955912,0.491168436256089
IMPROVED_FX_fee,26.096072144288577,0.5000472837232646
IMPROVED_FX_fee,26.097655310621242,0.5091814166877695
IMPROVED_FX_fee,26.099238476953907,0.5185813307688447
IMPROVED_FX_fee,26.100821643286572,0.5282563716471234
IMPROVED_FX_fee,26.102404809619237,0.5382146310762715
IMPROVED_FX_fee,26.103987975951902,0.5484628536044572
IMPROVED_FX_fee,26.105571142284568,0.559006355219599
IMPROVED_FX_fee,26.107154308617233,0.569848954992262
IMPROVED_FX_fee,26.108737474949898,0.5809929206340244
IMPROVED_FX_fee,26.110320641282563,0.592438928723163
IMPROVED_FX_fee,26.111903807615228,0.6041860401773882
IMPROVED_FX_fee,26.113486973947893,0.6162316913751656
IMPROVED_FX_fee,26.11507014028056,0.6285717011511658
IMPROVED_FX_fee,26.116653306613227,0.6412002937152316
IMPROVED_FX_fee,26.118236472945892,0.6541101373746674
IMPROVED_FX_fee,26.119819639278557,0.6672923987764758
IMPROVED_FX_fee,26.121402805611222,0.6807368122310395
IMPROVED_FX_fee,26.122985971943887,0.6944317635354205
IMPROVED_FX_fee,26.124569138276552,0.7083643875784218
IMPROVED_FX_fee,26.126152304609217,0.7225206788879492
IMPROVED_FX_fee,26.127735470941882,0.7368856141669576
IMPROVED_FX_fee,26.129318637274547,0.7514432857614172
IMPROVED_FX_fee,26.130901803607212,0.7661770449110075
IMPROVED_FX_fee,26.132484969939878,0.781069653545916
IMPROVED_FX_fee,26.134068136272543,0.7961034433168916
IMPROVED_FX_fee,26.135651302605208,0.8112604804727802
IMPROVED_FX_fee,26.137234468937876,0.8265227351338273
IMPROVED_FX_fee,26.13881763527054,0.8418722534495118
IMPROVED_FX_fee,26.140400801603207,0.857291331072939
IMPROVED_FX_fee,26.14198396793587,0.872762686335004
IMPROVED_FX_fee,26.143567134268537,0.8882696314569422
IMPROVED_FX_fee,26.145150300601202,0.9037962401048789
IMPROVED_FX_fee,26.146733466933867,0.9193275095621221
IMPROVED_FX_fee,26.148316633266532,0.9348495157785335
IMPROVED_FX_fee,26.149899799599197,0.9503495595553372
IMPROVED_FX_fee,26.151482965931862,0.9658163021346065
IMPROVED_FX_fee,26.153066132264527,0.9812398884971479
IMPROVED_FX_fee,26.154649298597192,0.9966120567229666
IMPROVED_FX_fee,26.156232464929857,1.011926231847558
IMPROVED_FX_fee,26.157815631262523,1.0271776027483852
IMPROVED_FX_fee,26.159398797595188,1.0423631807262426
IMPROVED_FX_fee,26.160981963927856,1.0574818386063944
IMPROVED_FX_fee,26.16256513026052,1.0725343293703395
IMPROVED_FX_fee,26.164148296593186,1.087523283548812
IMPROVED_FX_fee,26.16573146292585,1.1024531848489434
IMPROVED_FX_fee,26.167314629258517,1.1173303237599137
IMPROVED_FX_fee,26.16889779559118,1.1321627291748002
IMPROVED_FX_fee,26.170480961923847,1.1469600783757887
IMPROVED_FX_fee,26.172064128256512,1.1617335860569589
IMPROVED_FX_fee,26.173647294589177,1.1764958733893724
IMPROVED_FX_fee,26.175230460921842,1.1912608184695843
IMPROVED_FX_fee,26.176813627254507,1.2060433898203855
IMPROVED_FX_fee,26.178396793587172,1.2208594649291034
IMPROVED_FX_fee,26.179979959919837,1.23572563610624
IMPROVED_FX_fee,26.181563126252502,1.250659006214285
IMPROVED_FX_fee,26.18314629258517,1.2656769770523217
IMPROVED_FX_fee,26.184729458917836,1.2807970333734076
IMPROVED_FX_fee,26.1863126252505,1.2960365256568411
IMPROVED_FX_fee,26.187895791583166,1.3114124548495476
IMPROVED_FX_fee,26.18947895791583,1.3269412623239658
IMPROVED_FX_fee,26.191062124248496,1.3426386282754907
IMPROVED_FX_fee,26.19264529058116,1.3585192816916258
IMPROVED_FX_fee,26.194228456913827,1.3745968248756866
IMPROVED_FX_fee,26.19581162324649,1.3908835752932134
IMPROVED_FX_fee,26.197394789579157,1.4073904272366644
IMPROVED_FX_fee,26.198977955911822,1.4241267354772056
IMPROVED_FX_fee,26.200561122244487,1.4411002226922949
IMPROVED_FX_fee,26.202144288577152,1.45831691203863
IMPROVED_FX_fee,26.203727454909817,1.4757810857822282
IMPROVED_FX_fee,26.205310621242486,1.4934952704144977
IMPROVED_FX_fee,26.20689378757515,1.51146024818507
IMPROVED_FX_fee,26.208476953907816,1.5296750944761444
IMPROVED_FX_fee,26.21006012024048,1.548137239943421
IMPROVED_FX_fee,26.211643286573146,1.5668425558646797
IMPROVED_FX_fee,26.21322645290581,1.5857854606812931
IMPROVED_FX_fee,26.214809619238476,1.6049590452981546
IMPROVED_FX_fee,26.21639278557114,1.624355214336477
IMPROVED_FX_fee,26.217975951903806,1.643964840221032
IMPROVED_FX_fee,26.21955911823647,1.6637779267316575
IMPROVED_FX_fee,26.221142284569137,1.6837837784731464
IMPROVED_FX_fee,26.2227254509018,1.7039711726141291
IMPROVED_FX_fee,26.224308617234467,1.7243285292236317
IMPROVED_FX_fee,26.225891783567132,1.744844076594259
IMPROVED_FX_fee,26.2274749498998,1.7655060080782656
IMPROVED_FX_fee,26.229058116232466,1.7863026271828393
IMPROVED_FX_fee,26.23064128256513,1.8072224779612078
IMPROVED_FX_fee,26.232224448897796,1.828254458096383
IMPROVED_FX_fee,26.23380761523046,1.8493879124937795
IMPROVED_FX_fee,26.235390781563126,1.8706127056682376
IMPROVED_FX_fee,26.23697394789579,1.8919192717216908
IMPROVED_FX_fee,26.238557114228456,1.9132986412429045
IMPROVED_FX_fee,26.24014028056112,1.9347424450144661
IMPROVED_FX_fee,26.241723446893786,1.956242894964739
IMPROVED_FX_fee,26.24330661322645,1.9777927433434803
IMPROVED_FX_fee,26.244889779559117,1.9993852216185164
IMPROVED_FX_fee,26.24647294589178,2.021013961066325
IMPROVED_FX_fee,26.248056112224447,2.04267289746142
IMPROVED_FX_fee,26.24963927855711,2.064356162634658
IMPROVED_FX_fee,26.25122244488978,2.086057965971789
IMPROVED_FX_fee,26.252805611222445,2.10777246914305
IMPROVED_FX_fee,26.25438877755511,2.1294936574944905
IMPROVED_FX_fee,26.255971943887776,2.151215211584099
IMPROVED_FX_fee,26.25755511022044,2.1729303823107156
IMPROVED_FX_fee,26.259138276553106,2.194631872964906
IMPROVED_FX_fee,26.26072144288577,2.216311731326402
IMPROVED_FX_fee,26.262304609218436,2.2379612546529937
IMPROVED_FX_fee,26.2638877755511,2.259570910057732
IMPROVED_FX_fee,26.265470941883766,2.281130272359971
IMPROVED_FX_fee,26.26705410821643,2.302627981039973
IMPROVED_FX_fee,26.268637274549096,2.3240517174298807
IMPROVED_FX_fee,26.27022044088176,2.345388202757848
IMPROVED_FX_fee,26.271803607214427,2.366623217133009
IMPROVED_FX_fee,26.273386773547095,2.387741639035539
IMPROVED_FX_fee,26.27496993987976,2.4087275043716163
IMPROVED_FX_fee,26.276553106212425,2.4295640836766967
IMPROVED_FX_fee,26.27813627254509,2.450233975620304
IMPROVED_FX_fee,26.279719438877756,2.4707192145863806
IMPROVED_FX_fee,26.28130260521042,2.491001389789094
IMPROVED_FX_fee,26.282885771543086,2.5110617731392586
IMPROVED_FX_fee,26.28446893787575,2.530881452905722
IMPROVED_FX_fee,26.286052104208416,2.5504414701285696
IMPROVED_FX_fee,26.28763527054108,2.5697229547267857
IMPROVED_FX_fee,26.289218436873746,2.5887072583138937
IMPROVED_FX_fee,26.29080160320641,2.607376080876444
IMPROVED_FX_fee,26.292384769539076,2.625711588683111
IMPROVED_FX_fee,26.29396793587174,2.643696521070333
IMPROVED_FX_fee,26.29555110220441,2.661314284077852
IMPROVED_FX_fee,26.297134268537075,2.6785490292858603
IMPROVED_FX_fee,26.29871743486974,2.695385716611733
IMPROVED_FX_fee,26.300300601202405,2.7118101602579285
IMPROVED_FX_fee,26.30188376753507,2.727809057443759
IMPROVED_FX_fee,26.303466933867735,2.743369999995508
IMPROVED_FX_fee,26.3050501002004,2.7584814692998623
IMPROVED_FX_fee,26.306633266533066,2.7731328155315307
IMPROVED_FX_fee,26.30821643286573,2.787314222441578
IMPROVED_FX_fee,26.309799599198396,2.8010166593278023
IMPROVED_FX_fee,26.31138276553106,2.8142318220931917
IMPROVED_FX_fee,26.312965931863726,2.826952065534478
IMPROVED_FX_fee,26.31454909819639,2.8391703291760915
IMPROVED_FX_fee,26.316132264529056,2.850880059082334
IMPROVED_FX_fee,26.317715430861725,2.8620751281350554
IMPROVED_FX_fee,26.31929859719439,2.8727497572586884
IMPROVED_FX_fee,26.320881763527055,2.882898440013371
IMPROVED_FX_fee,26.32246492985972,2.892515872856541
IMPROVED_FX_fee,26.324048096192385,2.9015968932085467
IMPROVED_FX_fee,26.32563126252505,2.9101364272436103
IMPROVED_FX_fee,26.327214428857715,2.918129449079031
IMPROVED_FX_fee,26.32879759519038,2.9255709527520932
IMPROVED_FX_fee,26.330380761523045,2.932455938069676
IMPROVED_FX_fee,26.33196392785571,2.9387794110923995
IMPROVED_FX_fee,26.333547094188376,2.944536399682786
IMPROVED_FX_fee,26.33513026052104,2.949721984213484
IMPROVED_FX_fee,26.336713426853706,2.954331343199914
IMPROVED_FX_fee,26.33829659318637,2.9583598133043902
IMPROVED_FX_fee,26.339879759519036,2.961802962854139
IMPROVED_FX_fee,26.341462925851705,2.9646566777353516
IMPROVED_FX_fee,26.34304609218437,2.966917258268943
IMPROVED_FX_fee,26.344629258517035,2.968581525448061
IMPROVED_FX_fee,26.3462124248497,2.969646934722384
IMPROVED_FX_fee,26.347795591182365,2.970111695354657
IMPROVED_FX_fee,26.34937875751503,2.9699748932501557
IMPROVED_FX_fee,26.350961923847695,2.96923661507156
IMPROVED_FX_fee,26.35254509018036,2.9678980713989294
IMPROVED_FX_fee,26.354128256513025,2.9659617166783283
IMPROVED_FX_fee,26.35571142284569,2.963431363720582
IMPROVED_FX_fee,26.357294589178355,2.960312290562198
IMPROVED_FX_fee,26.35887775551102,2.956611337583118
IMPROVED_FX_fee,26.360460921843686,2.9523369928871857
IMPROVED_FX_fee,26.36204408817635,2.947499464088846
IMPROVED_FX_fee,26.36362725450902,2.9421107348122115
IMPROVED_FX_fee,26.365210420841684,2.936184604391051
IMPROVED_FX_fee,26.36679358717435,2.9297367094608657
IMPROVED_FX_fee,26.368376753507015,2.92278452635134
IMPROVED_FX_fee,26.36995991983968,2.9153473534180234
IMPROVED_FX_fee,26.371543086172345,2.9074462726920736
IMPROVED_FX_fee,26.37312625250501,2.8991040904748884
IMPROVED_FX_fee,26.374709418837675,2.89034525675606
IMPROVED_FX_fee,26.37629258517034,2.881195763587498
IMPROVED_FX_fee,26.377875751503005,2.871683022799161
IMPROVED_FX_fee,26.37945891783567,2.8618357236929928
IMPROVED_FX_fee,26.381042084168335,2.8516836715956666
IMPROVED_FX_fee,26.382625250501,2.841257608388529
IMPROVED_FX_fee,26.384208416833665,2.8305890163607828
IMPROVED_FX_fee,26.385791583166334,2.819709906947673
IMPROVED_FX_fee,26.387374749499,2.8086525961189492
IMPROVED_FX_fee,26.388957915831664,2.797449468368597
IMPROVED_FX_fee,26.39054108216433,2.786132731429231
IMPROVED_FX_fee,26.392124248496994,2.7747341639846463
IMPROVED_FX_fee,26.39370741482966,2.7632848587869425
IMPROVED_FX_fee,26.395290581162325,2.751814963694314
IMPROVED_FX_fee,26.39687374749499,2.7403534232329205
IMPROVED_FX_fee,26.398456913827655,2.728927723350039
IMPROVED_FX_fee,26.40004008016032,2.7175636420622467
IMPROVED_FX_fee,26.401623246492985,2.706285008714842
IMPROVED_FX_fee,26.40320641282565,2.6951134745510643
IMPROVED_FX_fee,26.404789579158315,2.684068297245642
IMPROVED_FX_fee,26.40637274549098,2.673166141983604
IMPROVED_FX_fee,26.40795591182365,2.6624209015602665
IMPROVED_FX_fee,26.409539078156314,2.6518435378476957
IMPROVED_FX_fee,26.41112224448898,2.641441946806881
IMPROVED_FX_fee,26.412705410821644,2.631220849036039
IMPROVED_FX_fee,26.41428857715431,2.621181707621701
IMPROVED_FX_fee,26.415871743486974,2.6113226748131337
IMPROVED_FX_fee,26.41745490981964,2.6016385687666217
IMPROVED_FX_fee,26.419038076152304,2.5921208813076397
IMPROVED_FX_fee,26.42062124248497,2.582757817342621
IMPROVED_FX_fee,26.422204408817635,2.5735343662140013
IMPROVED_FX_fee,26.4237875751503,2.5644324049428047
IMPROVED_FX_fee,26.425370741482965,2.5554308329424464
IMPROVED_FX_fee,26.42695390781563,2.5465057374194426
IMPROVED_FX_fee,26.428537074148295,2.5376305883109795
IMPROVED_FX_fee,26.43012024048096,2.528776461243726
IMPROVED_FX_fee,26.43170340681363,2.519912286645753
IMPROVED_FX_fee,26.433286573146294,2.511005122802284
IMPROVED_FX_fee,26.43486973947896,2.502020450327376
IMPROVED_FX_fee,26.436452905811624,2.4929224852297183
IMPROVED_FX_fee,26.43803607214429,2.4836745074862026
IMPROVED_FX_fee,26.439619238476954,2.4742392018093318
IMPROVED_FX_fee,26.44120240480962,2.464579007104536
IMPROVED_FX_fee,26.442785571142284,2.4546564709681564
IMPROVED_FX_fee,26.44436873747495,2.4444346054756565
IMPROVED_FX_fee,26.445951903807615,2.4338772404586684
IMPROVED_FX_fee,26.44753507014028,2.4229493704669403
IMPROVED_FX_fee,26.449118236472945,2.411617491658998
IMPROVED_FX_fee,26.45070140280561,2.3998499249644074
IMPROVED_FX_fee,26.452284569138275,2.3876171220067537
IMPROVED_FX_fee,26.453867735470944,2.3748919504710484
IMPROVED_FX_fee,26.45545090180361,2.3616499558379216
IMPROVED_FX_fee,26.457034068136274,2.3478695966841516
IMPROVED_FX_fee,26.45861723446894,2.3335324510672084
IMPROVED_FX_fee,26.460200400801604,2.3186233918555095
IMPROVED_FX_fee,26.46178356713427,2.3031307292421395
IMPROVED_FX_fee,26.463366733466934,2.287046319072244
IMPROVED_FX_fee,26.4649498997996,2.270365636024941
IMPROVED_FX_fee,26.466533066132264,2.2530878111091144
IMPROVED_FX_fee,26.46811623246493,2.2352156333527766
IMPROVED_FX_fee,26.469699398797594,2.2167555159870598
IMPROVED_FX_fee,26.47128256513026,2.197717427833729
IMPROVED_FX_fee,26.472865731462925,2.1781147910041074
IMPROVED_FX_fee,26.47444889779559,2.1579643463942033
IMPROVED_FX_fee,26.47603206412826,2.1372859888147304
IMPROVED_FX_fee,26.477615230460923,2.11610257392353
IMPROVED_FX_fee,26.47919839679359,2.0944396994199583
IMPROVED_FX_fee,26.480781563126254,2.072325463226305
IMPROVED_FX_fee,26.48236472945892,2.049790201600932
IMPROVED_FX_fee,26.483947895791584,2.0268662103153368
IMPROVED_FX_fee,26.48553106212425,2.0035874521714296
IMPROVED_FX_fee,26.487114228456914,1.979989254235629
IMPROVED_FX_fee,26.48869739478958,1.956107998230378
IMPROVED_FX_fee,26.490280561122244,1.9319808075378786
IMPROVED_FX_fee,26.49186372745491,1.9076452342502848
IMPROVED_FX_fee,26.493446893787574,1.8831389496358772
IMPROVED_FX_fee,26.49503006012024,1.8584994412847717
IMPROVED_FX_fee,26.496613226452904,1.8337637200604804
IMPROVED_FX_fee,26.498196392785573,1.8089680398026455
IMPROVED_FX_fee,26.499779559118238,1.784147632521167
IMPROVED_FX_fee,26.501362725450903,1.7593364615783018
IMPROVED_FX_fee,26.50294589178357,1.734566995093355
IMPROVED_FX_fee,26.504529058116233,1.7098700015140165
IMPROVED_FX_fee,26.5061122244489,1.6852743689900074
IMPROVED_FX_fee,26.507695390781564,1.6608069498648763
IMPROVED_FX_fee,26.50927855711423,1.6364924312658014
IMPROVED_FX_fee,26.510861723446894,1.612353232435083
IMPROVED_FX_fee,26.51244488977956,1.5884094291064534
IMPROVED_FX_fee,26.514028056112224,1.5646787048919715
IMPROVED_FX_fee,26.51561122244489,1.541176329319694
IMPROVED_FX_fee,26.517194388777554,1.5179151618441344
IMPROVED_FX_fee,26.51877755511022,1.4949056808567602
IMPROVED_FX_fee,26.520360721442884,1.4721560364440893
IMPROVED_FX_fee,26.521943887775553,1.4496721253911864
IMPROVED_FX_fee,26.523527054108218,1.4274576867052216
IMPROVED_FX_fee,26.525110220440883,1.405514415738846
IMPROVED_FX_fee,26.526693386773548,1.3838420948387915
IMPROVED_FX_fee,26.528276553106213,1.3624387383166547
IMPROVED_FX_fee,26.52985971943888,1.341300749453522
IMPROVED_FX_fee,26.531442885771543,1.3204230871977893
IMPROVED_FX_fee,26.53302605210421,1.2997994401973827
IMPROVED_FX_fee,26.534609218436874,1.2794224058283241
IMPROVED_FX_fee,26.53619238476954,1.2592836719291036
IMPROVED_FX_fee,26.537775551102204,1.2393741990342888
IMPROVED_FX_fee,26.53935871743487,1.2196844010058168
IMPROVED_FX_fee,26.540941883767534,1.2002043220942444
IMPROVED_FX_fee,26.5425250501002,1.1809238086138845
IMPROVED_FX_fee,26.544108216432868,1.1618326735819793
IMPROVED_FX_fee,26.545691382765533,1.142920852854776
IMPROVED_FX_fee,26.547274549098198,1.1241785514771767
IMPROVED_FX_fee,26.548857715430863,1.1055963791570806
IMPROVED_FX_fee,26.550440881763528,1.0871654739643886
IMPROVED_FX_fee,26.552024048096193,1.068877613541372
IMPROVED_FX_fee,26.553607214428858,1.0507253132927266
IMPROVED_FX_fee,26.555190380761523,1.0327019111914515
IMPROVED_FX_fee,26.55677354709419,1.0148016389975432
IMPROVED_FX_fee,26.558356713426853,0.9970196798290407
IMPROVED_FX_fee,26.55993987975952,0.9793522121566731
IMPROVED_FX_fee,26.561523046092184,0.9617964404089244
IMPROVED_FX_fee,26.56310621242485,0.9443506124735085
IMPROVED_FX_fee,26.564689378757514,0.9270140244700392
IMPROVED_FX_fee,26.566272545090182,0.9097870132399154
IMPROVED_FX_fee,26.567855711422848,0.8926709370633256
IMPROVED_FX_fee,26.569438877755513,0.8756681451641464
IMPROVED_FX_fee,26.571022044088178,0.8587819366084756
IMPROVED_FX_fee,26.572605210420843,0.8420165092412426
IMPROVED_FX_fee,26.574188376753508,0.8253768993387433
IMPROVED_FX_fee,26.575771543086173,0.8088689126895228
IMPROVED_FX_fee,26.577354709418838,0.7924990478463517
IMPROVED_FX_fee,26.578937875751503,0.7762744123264497
IMPROVED_FX_fee,26.580521042084168,0.7602026325725232
IMPROVED_FX_fee,26.582104208416833,0.744291758523441
IMPROVED_FX_fee,26.5836873747495,0.7285501636856206
IMPROVED_FX_fee,26.585270541082163,0.7129864416366972
IMPROVED_FX_fee,26.58685370741483,0.6976092999379092
IMPROVED_FX_fee,26.588436873747497,0.6824274524754445
IMPROVED_FX_fee,26.590020040080162,0.6674495112919668
IMPROVED_FX_fee,26.591603206412827,0.6526838790092718
IMPROVED_FX_fee,26.593186372745492,0.6381386429746843
IMPROVED_FX_fee,26.594769539078158,0.6238214722890218
IMPROVED_FX_fee,26.596352705410823,0.6097395188865686
IMPROVED_FX_fee,26.597935871743488,0.5958993238391985
IMPROVED_FX_fee,26.599519038076153,0.5823067300424698
IMPROVED_FX_fee,26.601102204408818,0.5689668024089952
IMPROVED_FX_fee,26.602685370741483,0.5558837566462941
IMPROVED_FX_fee,26.604268537074148,0.543060897624935
IMPROVED_FX_fee,26.605851703406813,0.5305005682551547
IMPROVED_FX_fee,26.60743486973948,0.5182041096788271
IMPROVED_FX_fee,26.609018036072143,0.5061718334557679
IMPROVED_FX_fee,26.61060120240481,0.4944030062762686
IMPROVED_FX_fee,26.612184368737477,0.4828958475674254
IMPROVED_FX_fee,26.613767535070142,0.4716475401856464
IMPROVED_FX_fee,26.615350701402807,0.4606542541977906
IMPROVED_FX_fee,26.616933867735472,0.44991118356036625
IMPROVED_FX_fee,26.618517034068137,0.4394125953067131
IMPROVED_FX_fee,26.620100200400802,0.4291518906538618
IMPROVED_FX_fee,26.621683366733468,0.41912167724893906
IMPROVED_FX_fee,26.623266533066133,0.4093138515894164
IMPROVED_FX_fee,26.624849699398798,0.3997196904822341
IMPROVED_FX_fee,26.626432865731463,0.39032995025190287
IMPROVED_FX_fee,26.628016032064128,0.38113497227565907
IMPROVED_FX_fee,26.629599198396793,0.37212479331488707
IMPROVED_FX_fee,26.631182364729458,0.3632892590290386
IMPROVED_FX_fee,26.632765531062123,0.3546181390059521
IMPROVED_FX_fee,26.634348697394792,0.3461012416178858
IMPROVED_FX_fee,26.635931863727457,0.33772852702084666
IMPROVED_FX_fee,26.637515030060122,0.329490216652468
IMPROVED_FX_fee,26.639098196392787,0.3213768976520153
IMPROVED_FX_fee,26.640681362725452,0.31337962072318154
IMPROVED_FX_fee,26.642264529058117,0.30548999008292055
IMPROVED_FX_fee,26.643847695390782,0.2977002442876943
IMPROVED_FX_fee,26.645430861723447,0.29000332689519354
IMPROVED_FX_fee,26.647014028056113,0.2823929461048799
IMPROVED_FX_fee,26.648597194388778,0.2748636227182696
IMPROVED_FX_fee,26.650180360721443,0.26741072596555615
IMPROVED_FX_fee,26.651763527054108,0.2600304969568189
IMPROVED_FX_fee,26.653346693386773,0.2527200597258002
IMPROVED_FX_fee,26.654929859719438,0.24547742004121892
IMPROVED_FX_fee,26.656513026052107,0.23830145235872918
IMPROVED_FX_fee,26.65809619238477,0.23119187547201342
IMPROVED_FX_fee,26.659679358717437,0.22414921759257272
IMPROVED_FX_fee,26.661262525050102,0.21717477173911287
IMPROVED_FX_fee,26.662845691382767,0.2102705424487392
IMPROVED_FX_fee,26.664428857715432,0.20343918492946375
IMPROVED_FX_fee,26.666012024048097,0.1966839378574646
IMPROVED_FX_fee,26.667595190380762,0.19000855108086873
IMPROVED_FX_fee,26.669178356713427,0.18341720952419438
IMPROVED_FX_fee,26.670761523046092,0.17691445459622854
IMPROVED_FX_fee,26.672344689378757,0.17050510438682084
IMPROVED_FX_fee,26.673927855711423,0.16419417389918117
IMPROVED_FX_fee,26.675511022044088,0.15798679650370734
IMPROVED_FX_fee,26.677094188376753,0.15188814771913364
IMPROVED_FX_fee,26.67867735470942,0.14590337233134917
IMPROVED_FX_fee,26.680260521042086,0.1400375157491317
IMPROVED_FX_fee,26.68184368737475,0.1342954603752821
IMPROVED_FX_fee,26.683426853707417,0.12868186764176967
IMPROVED_FX_fee,26.68501002004008,0.12320112622275185
IMPROVED_FX_fee,26.686593186372747,0.11785730680252995
IMPROVED_FX_fee,26.688176352705412,0.11265412363848445
IMPROVED_FX_fee,26.689759519038077,0.10759490302648737
IMPROVED_FX_fee,26.691342685370742,0.1026825586480577
IMPROVED_FX_fee,26.692925851703407,0.09791957365940417
IMPROVED_FX_fee,26.694509018036072,0.09330798927281883
IMPROVED_FX_fee,26.696092184368737,0.08884939948241385
IMPROVED_FX_fee,26.697675350701402,0.08454495150165539
IMPROVED_FX_fee,26.699258517034067,0.08039535140818957
IMPROVED_FX_fee,26.700841683366733,0.07640087443545035
IMPROVED_FX_fee,26.7024248496994,0.0725613793081702
IMPROVED_FX_fee,26.704008016032066,0.06887632599249335
IMPROVED_FX_fee,26.70559118236473,0.06534479621895956
IMPROVED_FX_fee,26.707174348697396,0.061965516138479615
IMPROVED_FX_fee,26.70875751503006,0.05873688048664248
IMPROVED_FX_fee,26.710340681362727,0.0556569776586409
IMPROVED_FX_fee,26.71192384769539,0.05272361513546805
IMPROVED_FX_fee,26.713507014028057,0.04993434474963223
IMPROVED_FX_fee,26.715090180360722,0.04728648733395496
IMPROVED_FX_fee,26.716673346693387,0.04477715635926258
IMPROVED_FX_fee,26.718256513026052,0.04240328023284003
IMPROVED_FX_fee,26.719839679358717,0.0401616229993137
IMPROVED_FX_fee,26.721422845691382,0.038048803255896824
IMPROVED_FX_fee,26.723006012024047,0.036061311164361905
IMPROVED_FX_fee,26.724589178356716,0.034195523510307524
IMPROVED_FX_fee,26.72617234468938,0.032447716824974535
IMPROVED_FX_fee,26.727755511022046,0.03081407864511598
IMPROVED_FX_fee,26.72933867735471,0.029290717040479985
IMPROVED_FX_fee,26.730921843687376,0.027873668585873076
IMPROVED_FX_fee,26.73250501002004,0.02655890499424952
IMPROVED_FX_fee,26.734088176352707,0.025342338658700992
IMPROVED_FX_fee,26.73567134268537,0.0242198273738351
IMPROVED_FX_fee,26.737254509018037,0.023187178520670204
IMPROVED_FX_fee,26.7388376753507,0.022240153004195826
IMPROVED_FX_fee,26.740420841683367,0.02137446922878189
IMPROVED_FX_fee,26.742004008016032,0.020585807384635845
IMPROVED_FX_fee,26.743587174348697,0.019869814298702947
IMPROVED_FX_fee,26.745170340681362,0.019222109076578554
IMPROVED_FX_fee,26.74675350701403,0.018638289729240556
IMPROVED_FX_fee,26.748336673346696,0.01811394094032762
IMPROVED_FX_fee,26.74991983967936,0.01764464308775138
IMPROVED_FX_fee,26.751503006012026,0.01722598258849862
IMPROVED_FX_fee,26.75308617234469,0.01685356358890296
IMPROVED_FX_fee,26.754669338677356,0.016523020975615723
IMPROVED_FX_fee,26.75625250501002,0.016230034636111515
IMPROVED_FX_fee,26.757835671342686,0.01597034485311876
IMPROVED_FX_fee,26.75941883767535,0.015739768675776308
IMPROVED_FX_fee,26.761002004008017,0.015534217072754033
IMPROVED_FX_fee,26.76258517034068,0.015349712639812897
IMPROVED_FX_fee,26.764168336673347,0.015182407607102407
IMPROVED_FX_fee,26.765751503006012,0.015028601870565218
IMPROVED_FX_fee,26.767334669338677,0.014884760757499348
IMPROVED_FX_fee,26.768917835671346,0.014747532229000096
IMPROVED_FX_fee,26.77050100200401,0.01461376322172659
IMPROVED_FX_fee,26.772084168336676,0.014480514838157765
IMPROVED_FX_fee,26.77366733466934,0.014345076108062987
IMPROVED_FX_fee,26.775250501002006,0.014204976063827781
IMPROVED_FX_fee,26.77683366733467,0.014057993898138018
IMPROVED_FX_fee,26.778416833667336,0.013902167003571794
IMPROVED_FX_fee,26.78,0.013735796729183665
IMPROVED_DA_fee,24.84,0.01494478914365575
IMPROVED_DA_fee,24.853266533066133,0.01584465249258756
IMPROVED_DA_fee,24.866533066132263,0.01678510043068719
IMPROVED_DA_fee,24.879799599198396,0.017767263892693987
IMPROVED_DA_fee,24.89306613226453,0.01879227564392831
IMPROVED_DA_fee,24.906332665330662,0.019861268564421247
IMPROVED_DA_fee,24.919599198396792,0.020975373876377476
IMPROVED_DA_fee,24.932865731462925,0.022135719336650494
IMPROVED_DA_fee,24.94613226452906,0.023343427418600526
IMPROVED_DA_fee,24.959398797595192,0.024599613510074246
IMPROVED_DA_fee,24.97266533066132,0.025905384156148323
IMPROVED_DA_fee,24.985931863727455,0.02726183537673401
IMPROVED_DA_fee,24.999198396793588,0.028670051090066182
IMPROVED_DA_fee,25.012464929859718,0.030131101673448433
IMPROVED_DA_fee,25.02573146292585,0.0316460426924073
IMPROVED_DA_fee,25.038997995991984,0.033215913828557764
IMPROVED_DA_fee,25.052264529058117,0.03484173803505033
IMPROVED_DA_fee,25.065531062124247,0.036524520946417796
IMPROVED_DA_fee,25.07879759519038,0.038265250567003216
IMPROVED_DA_fee,25.092064128256514,0.04006489725892617
IMPROVED_DA_fee,25.105330661322647,0.04192441404682817
IMPROVED_DA_fee,25.118597194388776,0.04384473725232961
IMPROVED_DA_fee,25.13186372745491,0.04582678746642884
IMPROVED_DA_fee,25.145130260521043,0.04787147086284851
IMPROVED_DA_fee,25.158396793587173,0.04997968084975459
IMPROVED_DA_fee,25.171663326653306,0.05215230005129514
IMPROVED_DA_fee,25.18492985971944,0.05439020260405537
IMPROVED_DA_fee,25.198196392785572,0.05669425674691417
IMPROVED_DA_fee,25.211462925851702,0.059065327675849086
IMPROVED_DA_fee,25.224729458917835,0.06150428062807853
IMPROVED_DA_fee,25.23799599198397,0.06401198415251735
IMPROVED_DA_fee,25.2512625250501,0.06658931351603892
IMPROVED_DA_fee,25.26452905811623,0.06923715418730024
IMPROVED_DA_fee,25.277795591182365,0.07195640533224511
IMPROVED_DA_fee,25.291062124248498,0.0747479832476715
IMPROVED_DA_fee,25.304328657314628,0.07761282465172491
IMPROVED_DA_fee,25.31759519038076,0.08055188974287195
IMPROVED_DA_fee,25.330861723446894,0.08356616493196589
IMPROVED_DA_fee,25.344128256513027,0.08665666514565336
IMPROVED_DA_fee,25.357394789579157,0.08982443559372899
IMPROVED_DA_fee,25.37066132264529,0.09307055288830719
IMPROVED_DA_fee,25.383927855711423,0.09639612539915197
IMPROVED_DA_fee,25.397194388777557,0.09980229272736144
IMPROVED_DA_fee,25.410460921843686,0.10329022417906826
IMPROVED_DA_fee,25.42372745490982,0.10686111612228834
IMPROVED_DA_fee,25.436993987975953,0.11051618811354076
IMPROVED_DA_fee,25.450260521042082,0.1142566776868551
IMPROVED_DA_fee,25.463527054108216,0.11808383370630628
IMPROVED_DA_fee,25.47679358717435,0.12199890819449745
IMPROVED_DA_fee,25.490060120240482,0.12600314656362774
IMPROVED_DA_fee,25.503326653306612,0.13009777619293153
IMPROVED_DA_fee,25.516593186372745,0.13428399331636198
IMPROVED_DA_fee,25.52985971943888,0.13856294820741538
IMPROVED_DA_fee,25.54312625250501,0.1429357286737305
IMPROVED_DA_fee,25.55639278557114,0.14740334190226279
IMPROVED_DA_fee,25.569659318637274,0.1519666947262593
IMPROVED_DA_fee,25.582925851703408,0.15662657241727096
IMPROVED_DA_fee,25.596192384769537,0.1613836161387632
IMPROVED_DA_fee,25.60945891783567,0.16623829923175212
IMPROVED_DA_fee,25.622725450901804,0.1711909025366829
IMPROVED_DA_fee,25.635991983967937,0.1762414889887739
IMPROVED_DA_fee,25.649258517034067,0.18138987775550933
IMPROVED_DA_fee,25.6625250501002,0.18663561821390648
IMPROVED_DA_fee,25.675791583166333,0.19197796409108128
IMPROVED_DA_fee,25.689058116232466,0.19741584811344592
IMPROVED_DA_fee,25.702324649298596,0.20294785752690073
IMPROVED_DA_fee,25.71559118236473,0.20857221086207164
IMPROVED_DA_fee,25.728857715430863,0.2142867363241139
IMPROVED_DA_fee,25.742124248496992,0.22008885218565247
IMPROVED_DA_fee,25.755390781563126,0.22597554955344193
IMPROVED_DA_fee,25.76865731462926,0.2319433778641758
IMPROVED_DA_fee,25.781923847695392,0.23798843344249723
IMPROVED_DA_fee,25.79519038076152,0.24410635142475703
IMPROVED_DA_fee,25.808456913827655,0.25029230131555186
IMPROVED_DA_fee,25.821723446893788,0.2565409864012756
IMPROVED_DA_fee,25.83498997995992,0.26284664719622214
IMPROVED_DA_fee,25.84825651302605,0.2692030690429567
IMPROVED_DA_fee,25.861523046092184,0.27560359393092765
IMPROVED_DA_fee,25.874789579158318,0.2820411365362305
IMPROVED_DA_fee,25.888056112224447,0.28850820442266895
IMPROVED_DA_fee,25.90132264529058,0.29499692228072005
IMPROVED_DA_fee,25.914589178356714,0.30149906001804366
IMPROVED_DA_fee,25.927855711422847,0.3080060644542257
IMPROVED_DA_fee,25.941122244488977,0.3145090943146492
IMPROVED_DA_fee,25.95438877755511,0.320999058164951
IMPROVED_DA_fee,25.967655310621243,0.3274666548798383
IMPROVED_DA_fee,25.980921843687376,0.333902416198903
IMPROVED_DA_fee,25.994188376753506,0.34029675088845823
IMPROVED_DA_fee,26.00745490981964,0.3466399900032849
IMPROVED_DA_fee,26.020721442885772,0.35292243272568213
IMPROVED_DA_fee,26.033987975951902,0.35913439225216454
IMPROVED_DA_fee,26.047254509018035,0.36526624120044754
IMPROVED_DA_fee,26.06052104208417,0.37130845602091433
IMPROVED_DA_fee,26.073787575150302,0.37725165991762954
IMPROVED_DA_fee,26.08705410821643,0.38308666381331063
IMPROVED_DA_fee,26.100320641282565,0.38880450493011876
IMPROVED_DA_fee,26.113587174348698,0.39439648260271964
IMPROVED_DA_fee,26.12685370741483,0.39985419099098507
IMPROVED_DA_fee,26.14012024048096,0.4051695484155974
IMPROVED_DA_fee,26.153386773547094,0.4103348230998406
IMPROVED_DA_fee,26.166653306613227,0.41534265516343927
IMPROVED_DA_fee,26.179919839679357,0.4201860747783831
IMPROVED_DA_fee,26.19318637274549,0.42485851646083206
IMPROVED_DA_fee,26.206452905811624,0.4293538295361521
IMPROVED_DA_fee,26.219719438877757,0.43366628487485176
IMPROVED_DA_fee,26.232985971943886,0.4377905780542481
IMPROVED_DA_fee,26.24625250501002,0.4417218291533572
IMPROVED_DA_fee,26.259519038076153,0.44545557943569003
IMPROVED_DA_fee,26.272785571142286,0.448987785215655
IMPROVED_DA_fee,26.286052104208416,0.4523148092384869
IMPROVED_DA_fee,26.29931863727455,0.4554334099306825
IMPROVED_DA_fee,26.312585170340682,0.4583407288973587
IMPROVED_DA_fee,26.325851703406812,0.4610342770549156
IMPROVED_DA_fee,26.339118236472945,0.4635119197916766
IMPROVED_DA_fee,26.35238476953908,0.4657718615460926
IMPROVED_DA_fee,26.36565130260521,0.4678126301820703
IMPROVED_DA_fee,26.37891783567134,0.4696330615242346
IMPROVED_DA_fee,26.392184368737475,0.4712322843932683
IMPROVED_DA_fee,26.405450901803608,0.47260970645338435
IMPROVED_DA_fee,26.41871743486974,0.47376500115128484
IMPROVED_DA_fee,26.43198396793587,0.4746980959893779
IMPROVED_DA_fee,26.445250501002004,0.47540916233638014
IMPROVED_DA_fee,26.458517034068137,0.4758986069365694
IMPROVED_DA_fee,26.471783567134267,0.4761670652356684
IMPROVED_DA_fee,26.4850501002004,0.47621539659741025
IMPROVED_DA_fee,26.498316633266533,0.4760446814410776
IMPROVED_DA_fee,26.511583166332667,0.47565622028741145
IMPROVED_DA_fee,26.524849699398796,0.4750515346588928
IMPROVED_DA_fee,26.53811623246493,0.4742323697411463
IMPROVED_DA_fee,26.551382765531063,0.4732006986756073
IMPROVED_DA_fee,26.564649298597196,0.4719587283201223
IMPROVED_DA_fee,26.577915831663326,0.470508906284084
IMPROVED_DA_fee,26.59118236472946,0.4688539290185657
IMPROVED_DA_fee,26.604448897795592,0.46699675071969404
IMPROVED_DA_fee,26.617715430861722,0.46494059278547967
IMPROVED_DA_fee,26.630981963927855,0.4626889535526862
IMPROVED_DA_fee,26.64424849699399,0.460245618030831
IMPROVED_DA_fee,26.65751503006012,0.4576146673453912
IMPROVED_DA_fee,26.67078156312625,0.45480048760133696
IMPROVED_DA_fee,26.684048096192384,0.45180777788134596
IMPROVED_DA_fee,26.697314629258518,0.44864155710020853
IMPROVED_DA_fee,26.71058116232465,0.4453071694477521
IMPROVED_DA_fee,26.72384769539078,0.4418102881670681
IMPROVED_DA_fee,26.737114228456914,0.4381569174323958
IMPROVED_DA_fee,26.750380761523047,0.43435339211176377
IMPROVED_DA_fee,26.763647294589177,0.4304063752227012
IMPROVED_DA_fee,26.77691382765531,0.4263228529151885
IMPROVED_DA_fee,26.790180360721443,0.42211012684389143
IMPROVED_DA_fee,26.803446893787576,0.4177758038212474
IMPROVED_DA_fee,26.816713426853706,0.41332778267424364
IMPROVED_DA_fee,26.82997995991984,0.40877423825990206
IMPROVED_DA_fee,26.843246492985973,0.4041236026275917
IMPROVED_DA_fee,26.856513026052106,0.3993845433499328
IMPROVED_DA_fee,26.869779559118236,0.39456593907776283
IMPROVED_DA_fee,26.88304609218437,0.3896768524083045
IMPROVED_DA_fee,26.896312625250502,0.38472650018888993
IMPROVED_DA_fee,26.90957915831663,0.37972422141086337
IMPROVED_DA_fee,26.922845691382765,0.37467944287970867
IMPROVED_DA_fee,26.936112224448898,0.3696016428773251
IMPROVED_DA_fee,26.94937875751503,0.3645003130604941
IMPROVED_DA_fee,26.96264529058116,0.3593849188659124
IMPROVED_DA_fee,26.975911823647294,0.35426485871603347
IMPROVED_DA_fee,26.989178356713428,0.34914942234133073
IMPROVED_DA_fee,27.00244488977956,0.34404774855321896
IMPROVED_DA_fee,27.01571142284569,0.33896878281732395
IMPROVED_DA_fee,27.028977955911824,0.33392123498901577
IMPROVED_DA_fee,27.042244488977957,0.32891353758194114
IMPROVED_DA_fee,27.055511022044087,0.3239538049451519
IMPROVED_DA_fee,27.06877755511022,0.3190497937258313
IMPROVED_DA_fee,27.082044088176353,0.3142088649918163
IMPROVED_DA_fee,27.095310621242486,0.30943794838124306
IMPROVED_DA_fee,27.108577154308616,0.3047435086359395
IMPROVED_DA_fee,27.12184368737475,0.30013151486008344
IMPROVED_DA_fee,27.135110220440883,0.29560741282668945
IMPROVED_DA_fee,27.148376753507016,0.29117610063146515
IMPROVED_DA_fee,27.161643286573145,0.2868419079667652
IMPROVED_DA_fee,27.17490981963928,0.2826085792579013
IMPROVED_DA_fee,27.188176352705412,0.27847926087025576
IMPROVED_DA_fee,27.20144288577154,0.2744564925586389
IMPROVED_DA_fee,27.214709418837675,0.27054220329071854
IMPROVED_DA_fee,27.227975951903808,0.266737711534362
IMPROVED_DA_fee,27.24124248496994,0.2630437300547513
IMPROVED_DA_fee,27.25450901803607,0.25946037522201504
IMPROVED_DA_fee,27.267775551102204,0.2559871807838598
IMPROVED_DA_fee,27.281042084168337,0.2526231160113829
IMPROVED_DA_fee,27.29430861723447,0.24936660808009217
IMPROVED_DA_fee,27.3075751503006,0.24621556850291187
IMPROVED_DA_fee,27.320841683366734,0.24316742338826816
IMPROVED_DA_fee,27.334108216432867,0.24021914725468763
IMPROVED_DA_fee,27.347374749498996,0.23736730009432153
IMPROVED_DA_fee,27.36064128256513,0.23460806734208853
IMPROVED_DA_fee,27.373907815631263,0.2319373023750486
IMPROVED_DA_fee,27.387174348697396,0.22935057113875446
IMPROVED_DA_fee,27.400440881763526,0.2268431984740806
IMPROVED_DA_fee,27.41370741482966,0.22441031569966519
IMPROVED_DA_fee,27.426973947895792,0.22204690899197915
IMPROVED_DA_fee,27.440240480961926,0.2197478680972781
IMPROVED_DA_fee,27.453507014028055,0.21750803490747125
IMPROVED_DA_fee,27.46677354709419,0.2153222514351744
IMPROVED_DA_fee,27.48004008016032,0.21318540673203373
IMPROVED_DA_fee,27.49330661322645,0.21109248230839286
IMPROVED_DA_fee,27.506573146292585,0.2090385956316373
IMPROVED_DA_fee,27.519839679358718,0.20701904130448473
IMPROVED_DA_fee,27.53310621242485,0.20502932955295403
IMPROVED_DA_fee,27.54637274549098,0.20306522168622387
IMPROVED_DA_fee,27.559639278557114,0.20112276222658718
IMPROVED_DA_fee,27.572905811623247,0.199198307446814
IMPROVED_DA_fee,27.58617234468938,0.19728855009377946
IMPROVED_DA_fee,27.59943887775551,0.19539054012070525
IMPROVED_DA_fee,27.612705410821643,0.19350170129525576
IMPROVED_DA_fee,27.625971943887777,0.1916198435963317
IMPROVED_DA_fee,27.639238476953906,0.18974317135827976
IMPROVED_DA_fee,27.65250501002004,0.1878702871667773
IMPROVED_DA_fee,27.665771543086173,0.1860001915552956
IMPROVED_DA_fee,27.679038076152306,0.18413227859438797
IMPROVED_DA_fee,27.692304609218436,0.1822663275076001
IMPROVED_DA_fee,27.70557114228457,0.18040249048707355
IMPROVED_DA_fee,27.718837675350702,0.17854127691868588
IMPROVED_DA_fee,27.732104208416835,0.17668353426039254
IMPROVED_DA_fee,27.745370741482965,0.1748304258480358
IMPROVED_DA_fee,27.7586372745491,0.17298340593013725
IMPROVED_DA_fee,27.77190380761523,0.1711441922567301
IMPROVED_DA_fee,27.78517034068136,0.16931473656708723
IMPROVED_DA_fee,27.798436873747495,0.16749719333709576
IMPROVED_DA_fee,27.811703406813628,0.16569388715891945
IMPROVED_DA_fee,27.82496993987976,0.16390727913343722
IMPROVED_DA_fee,27.83823647294589,0.16213993265976426
IMPROVED_DA_fee,27.851503006012024,0.16039447900585538
IMPROVED_DA_fee,27.864769539078157,0.158673583039939
IMPROVED_DA_fee,27.87803607214429,0.15697990949424295
IMPROVED_DA_fee,27.89130260521042,0.1553160901203392
IMPROVED_DA_fee,27.904569138276553,0.1536846920795418
IMPROVED_DA_fee,27.917835671342687,0.15208818789224238
IMPROVED_DA_fee,27.931102204408816,0.15052892724709252
IMPROVED_DA_fee,27.94436873747495,0.14900911094471708
IMPROVED_DA_fee,27.957635270541083,0.1475307672213852
IMPROVED_DA_fee,27.970901803607216,0.14609573066610024
IMPROVED_DA_fee,27.984168336673346,0.1447056239101956
IMPROVED_DA_fee,27.99743486973948,0.14336184223202927
IMPROVED_DA_fee,28.010701402805612,0.1420655411812915
IMPROVED_DA_fee,28.023967935871745,0.14081762728804492
IMPROVED_DA_fee,28.037234468937875,0.1396187518815036
IMPROVED_DA_fee,28.050501002004008,0.1384693080031717
IMPROVED_DA_fee,28.06376753507014,0.1373694303588404
IMPROVED_DA_fee,28.07703406813627,0.13631899821464882
IMPROVED_DA_fee,28.090300601202404,0.13531764110454517
IMPROVED_DA_fee,28.103567134268538,0.13436474718054836
IMPROVED_DA_fee,28.11683366733467,0.1334594740038758
IMPROVED_DA_fee,28.1301002004008,0.13260076154473158
IMPROVED_DA_fee,28.143366733466934,0.1317873471319433
IMPROVED_DA_fee,28.156633266533067,0.13101778207114628
IMPROVED_DA_fee,28.1698997995992,0.1302904496322788
IMPROVED_DA_fee,28.18316633266533,0.12960358409413789
IMPROVED_DA_fee,28.196432865731463,0.1289552905259712
IMPROVED_DA_fee,28.209699398797596,0.12834356498368618
IMPROVED_DA_fee,28.222965931863726,0.12776631480140624
IMPROVED_DA_fee,28.23623246492986,0.12722137866775537
IMPROVED_DA_fee,28.249498997995993,0.12670654619030158
IMPROVED_DA_fee,28.262765531062126,0.12621957667081102
IMPROVED_DA_fee,28.276032064128255,0.1257582168380177
IMPROVED_DA_fee,28.28929859719439,0.1253202173130498
IMPROVED_DA_fee,28.302565130260522,0.12490334761490542
IMPROVED_DA_fee,28.315831663326655,0.12450540954883192
IMPROVED_DA_fee,28.329098196392785,0.12412424885833993
IMPROVED_DA_fee,28.342364729458918,0.1237577650611709
IMPROVED_DA_fee,28.35563126252505,0.12340391942988757
IMPROVED_DA_fee,28.36889779559118,0.12306074111810408
IMPROVED_DA_fee,28.382164328657314,0.12272633147274456
IMPROVED_DA_fee,28.395430861723447,0.12239886661029509
IMPROVED_DA_fee,28.40869739478958,0.12207659836996719
IMPROVED_DA_fee,28.42196392785571,0.12175785378817598
IMPROVED_DA_fee,28.435230460921844,0.12144103326613873
IMPROVED_DA_fee,28.448496993987977,0.12112460762505002
IMPROVED_DA_fee,28.46176352705411,0.12080711426070584
IMPROVED_DA_fee,28.47503006012024,0.12048715262128913
IMPROVED_DA_fee,28.488296593186373,0.12016337923803326
IMPROVED_DA_fee,28.501563126252506,0.11983450253858963
IMPROVED_DA_fee,28.514829659318636,0.11949927766719995
IMPROVED_DA_fee,28.52809619238477,0.11915650152441322
IMPROVED_DA_fee,28.541362725450902,0.1188050082225051
IMPROVED_DA_fee,28.554629258517036,0.11844366513136156
IMPROVED_DA_fee,28.56789579158317,0.11807136966409977
IMPROVED_DA_fee,28.5811623246493,0.11768704692275947
IMPROVED_DA_fee,28.59442885771543,0.11728964829286834
IMPROVED_DA_fee,28.607695390781565,0.11687815104240717
IMPROVED_DA_fee,28.620961923847695,0.11645155894663622
IMPROVED_DA_fee,28.634228456913828,0.11600890392625984
IMPROVED_DA_fee,28.64749498997996,0.11554924865349722
IMPROVED_DA_fee,28.66076152304609,0.11507169004960068
IMPROVED_DA_fee,28.674028056112224,0.11457536356910838
IMPROVED_DA_fee,28.687294589178357,0.11405944814132885
IMPROVED_DA_fee,28.70056112224449,0.11352317161888133
IMPROVED_DA_fee,28.713827655310624,0.11296581656707493
IMPROVED_DA_fee,28.727094188376753,0.1123867262168665
IMPROVED_DA_fee,28.740360721442887,0.11178531039834758
IMPROVED_DA_fee,28.75362725450902,0.11116105127122049
IMPROVED_DA_fee,28.76689378757515,0.11051350867351939
IMPROVED_DA_fee,28.780160320641283,0.10984232491965404
IMPROVED_DA_fee,28.793426853707416,0.10914722889338294
IMPROVED_DA_fee,28.806693386773546,0.10842803930006117
IMPROVED_DA_fee,28.81995991983968,0.10768466696489794
IMPROVED_DA_fee,28.833226452905812,0.10691711608928413
IMPROVED_DA_fee,28.846492985971945,0.10612548440478711
IMPROVED_DA_fee,28.85975951903808,0.10530996219337077
IMPROVED_DA_fee,28.87302605210421,0.10447083017190449
IMPROVED_DA_fee,28.88629258517034,0.10360845626835041
IMPROVED_DA_fee,28.899559118236475,0.10272329134524757
IMPROVED_DA_fee,28.912825651302605,0.10181586395259595
IMPROVED_DA_fee,28.926092184368738,0.10088677421622277
IMPROVED_DA_fee,28.93935871743487,0.09993668698862782
IMPROVED_DA_fee,28.952625250501,0.09896632440660237
IMPROVED_DA_fee,28.965891783567134,0.09797645801327015
IMPROVED_DA_fee,28.979158316633267,0.09696790061124735
IMPROVED_DA_fee,28.9924248496994,0.09594149801828264
IMPROVED_DA_fee,29.005691382765534,0.09489812089693718
IMPROVED_DA_fee,29.018957915831663,0.09383865682571908
IMPROVED_DA_fee,29.032224448897797,0.09276400277077512
IMPROVED_DA_fee,29.04549098196393,0.09167505810509673
IMPROVED_DA_fee,29.05875751503006,0.09057271830659899
IMPROVED_DA_fee,29.072024048096193,0.08945786944788175
IMPROVED_DA_fee,29.085290581162326,0.08833138356949949
IMPROVED_DA_fee,29.098557114228456,0.08719411500576088
IMPROVED_DA_fee,29.11182364729459,0.08604689770805397
IMPROVED_DA_fee,29.125090180360722,0.08489054358608522
IMPROVED_DA_fee,29.138356713426855,0.08372584186284496
IMPROVED_DA_fee,29.15162324649299,0.08255355941516032
IMPROVED_DA_fee,29.164889779559118,0.08137444204895806
IMPROVED_DA_fee,29.17815631262525,0.08018921663731082
IMPROVED_DA_fee,29.191422845691385,0.07899859403045902
IMPROVED_DA_fee,29.204689378757514,0.07780327263065065
IMPROVED_DA_fee,29.217955911823648,0.07660394251115141
IMPROVED_DA_fee,29.23122244488978,0.07540128994833933
IMPROVED_DA_fee,29.24448897795591,0.07419600222860354
IMPROVED_DA_fee,29.257755511022044,0.07298877258781376
IMPROVED_DA_fee,29.271022044088177,0.0717803051404934
IMPROVED_DA_fee,29.28428857715431,0.07057131965831527
IMPROVED_DA_fee,29.297555110220443,0.06936255606308414
IMPROVED_DA_fee,29.310821643286573,0.06815477850770117
IMPROVED_DA_fee,29.324088176352706,0.06694877892946668
IMPROVED_DA_fee,29.33735470941884,0.06574537997314717
IMPROVED_DA_fee,29.35062124248497,0.06454543719618039
IMPROVED_DA_fee,29.363887775551103,0.0633498404848027
IMPROVED_DA_fee,29.377154308617236,0.062159514627420684
IMPROVED_DA_fee,29.390420841683365,0.060975419009753576
IMPROVED_DA_fee,29.4036873747495,0.05979854641479596
IMPROVED_DA_fee,29.416953907815632,0.05862992092909175
IMPROVED_DA_fee,29.430220440881765,0.05747059497478275
IMPROVED_DA_fee,29.4434869739479,0.056321645504080704
IMPROVED_DA_fee,29.456753507014028,0.055184169408877125
IMPROVED_DA_fee,29.47002004008016,0.05405927821287597
IMPROVED_DA_fee,29.483286573146295,0.05294809212665569
IMPROVED_DA_fee,29.496553106212424,0.051851733557248245
IMPROVED_DA_fee,29.509819639278557,0.05077132017298661
IMPROVED_DA_fee,29.52308617234469,0.04970795763141827
IMPROVED_DA_fee,29.53635270541082,0.048662732082909464
IMPROVED_DA_fee,29.549619238476954,0.047636702565163676
IMPROVED_DA_fee,29.562885771543087,0.046630893404253936
IMPROVED_DA_fee,29.57615230460922,0.0456462867359586
IMPROVED_DA_fee,29.589418837675353,0.04468381525729955
IMPROVED_DA_fee,29.602685370741483,0.04374435531234107
IMPROVED_DA_fee,29.615951903807616,0.0428287204086416
IMPROVED_DA_fee,29.62921843687375,0.04193765525150552
IMPROVED_DA_fee,29.64248496993988,0.04107183037251007
IMPROVED_DA_fee,29.655751503006012,0.04023183741696582
IMPROVED_DA_fee,29.669018036072146,0.03941818514225235
IMPROVED_DA_fee,29.682284569138275,0.038631296165600196
IMPROVED_DA_fee,29.69555110220441,0.03787150448616926
IMPROVED_DA_fee,29.70881763527054,0.03713905379247892
IMPROVED_DA_fee,29.722084168336675,0.03643409655262884
IMPROVED_DA_fee,29.73535070140281,0.03575669387161791
IMPROVED_DA_fee,29.748617234468938,0.035106816087666914
IMPROVED_DA_fee,29.76188376753507,0.03448434406800596
IMPROVED_DA_fee,29.775150300601204,0.033889071154363265
IMPROVED_DA_fee,29.788416833667334,0.03332070569953604
IMPROVED_DA_fee,29.801683366733467,0.032778874129139074
IMPROVED_DA_fee,29.8149498997996,0.032263124457031486
IMPROVED_DA_fee,29.82821643286573,0.03177293017910564
IMPROVED_DA_fee,29.841482965931863,0.03130769446814885
IMPROVED_DA_fee,29.854749498997997,0.030866754592376873
IMPROVED_DA_fee,29.86801603206413,0.030449386481940132
IMPROVED_DA_fee,29.881282565130263,0.030054809371171005
IMPROVED_DA_fee,29.894549098196393,0.029682190449452552
IMPROVED_DA_fee,29.907815631262526,0.029330649460181976
IMPROVED_DA_fee,29.92108216432866,0.028999263195215032
IMPROVED_DA_fee,29.93434869739479,0.028687069841159204
IMPROVED_DA_fee,29.947615230460922,0.028393073143705528
IMPROVED_DA_fee,29.960881763527055,0.028116246366574484
IMPROVED_DA_fee,29.974148296593185,0.027855536032305173
IMPROVED_DA_fee,29.98741482965932,0.027609865442753893
IMPROVED_DA_fee,30.00068136272545,0.02737813798748385
IMPROVED_DA_fee,30.013947895791585,0.02715924025792813
IMPROVED_DA_fee,30.027214428857718,0.026952044994020295
IMPROVED_DA_fee,30.040480961923848,0.026755413897650786
IMPROVED_DA_fee,30.05374749498998,0.026568200353592253
IMPROVED_DA_fee,30.067014028056114,0.026389252103256242
IMPROVED_DA_fee,30.080280561122244,0.026217413919637948
IMPROVED_DA_fee,30.093547094188377,0.02605153033297244
IMPROVED_DA_fee,30.10681362725451,0.025890448455911947
IMPROVED_DA_fee,30.12008016032064,0.02573302095442566
IMPROVED_DA_fee,30.133346693386773,0.025578109206178395
IMPROVED_DA_fee,30.146613226452907,0.02542458668196206
IMPROVED_DA_fee,30.15987975951904,0.025271342577980523
IMPROVED_DA_fee,30.173146292585173,0.02511728571763077
IMPROVED_DA_fee,30.186412825651303,0.02496134873111929
IMPROVED_DA_fee,30.199679358717436,0.024802492510078836
IMPROVED_DA_fee,30.21294589178357,0.02463971092261998
IMPROVED_DA_fee,30.2262124248497,0.024472035762284534
IMPROVED_DA_fee,30.239478957915832,0.024298541892512383
IMPROVED_DA_fee,30.252745490981965,0.024118352536826208
IMPROVED_DA_fee,30.266012024048095,0.023930644654319922
IMPROVED_DA_fee,30.279278557114228,0.02373465433052405
IMPROVED_DA_fee,30.29254509018036,0.023529682105613518
IMPROVED_DA_fee,30.305811623246495,0.023315098155473987
IMPROVED_DA_fee,30.319078156312628,0.023090347236579864
IMPROVED_DA_fee,30.332344689378758,0.02285495330312849
IMPROVED_DA_fee,30.34561122244489,0.022608523704535092
IMPROVED_DA_fee,30.358877755511024,0.022350752873297037
IMPROVED_DA_fee,30.372144288577154,0.022081425417372364
IMPROVED_DA_fee,30.385410821643287,0.02180041853754146
IMPROVED_DA_fee,30.39867735470942,0.02150770369861873
IMPROVED_DA_fee,30.41194388777555,0.021203347493678165
IMPROVED_DA_fee,30.425210420841683,0.020887511652439784
IMPROVED_DA_fee,30.438476953907816,0.020560452158374723
IMPROVED_DA_fee,30.45174348697395,0.02022251745360498
IMPROVED_DA_fee,30.465010020040083,0.019874145725994875
IMPROVED_DA_fee,30.478276553106213,0.0195158612885816
IMPROVED_DA_fee,30.491543086172346,0.01914827007731473
IMPROVED_DA_fee,30.50480961923848,0.018772054308612233
IMPROVED_DA_fee,30.51807615230461,0.018387966353118956
IMPROVED_DA_fee,30.531342685370742,0.01799682189594455
IMPROVED_DA_fee,30.544609218436875,0.017599492466242813
IMPROVED_DA_fee,30.557875751503005,0.017196897429985404
IMPROVED_DA_fee,30.571142284569138,0.016789995548942623
IMPROVED_DA_fee,30.58440881763527,0.016379776216026702
IMPROVED_DA_fee,30.597675350701405,0.01596725048210726
IMPROVED_DA_fee,30.610941883767538,0.015553441992120175
IMPROVED_DA_fee,30.624208416833667,0.015139377948695801
IMPROVED_DA_fee,30.6374749498998,0.014726080219660199
IMPROVED_DA_fee,30.650741482965934,0.014314556701698653
IMPROVED_DA_fee,30.664008016032064,0.013905793046320903
IMPROVED_DA_fee,30.677274549098197,0.013500744846217381
IMPROVED_DA_fee,30.69054108216433,0.01310033037036583
IMPROVED_DA_fee,30.70380761523046,0.012705423925060773
IMPROVED_DA_fee,30.717074148296593,0.012316849905710622
IMPROVED_DA_fee,30.730340681362726,0.011935377591047685
IMPROVED_DA_fee,30.74360721442886,0.011561716717642946
IMPROVED_DA_fee,30.756873747494993,0.011196513858640565
IMPROVED_DA_fee,30.770140280561122,0.01084034961672003
IMPROVED_DA_fee,30.783406813627256,0.01049373662776199
IMPROVED_DA_fee,30.79667334669339,0.01015711835883049
IMPROVED_DA_fee,30.80993987975952,0.009830868672125851
IMPROVED_DA_fee,30.82320641282565,0.009515292115747736
IMPROVED_DA_fee,30.836472945891785,0.009210624892626968
IMPROVED_DA_fee,30.849739478957915,0.008917036450968481
IMPROVED_DA_fee,30.863006012024048,0.008634631633131128
IMPROVED_DA_fee,30.87627254509018,0.008363453315095961
IMPROVED_DA_fee,30.889539078156314,0.008103485465566712
IMPROVED_DA_fee,30.902805611222448,0.007854656552297749
IMPROVED_DA_fee,30.916072144288577,0.007616843223376257
IMPROVED_DA_fee,30.92933867735471,0.007389874192806965
IMPROVED_DA_fee,30.942605210420844,0.007173534262736288
IMPROVED_DA_fee,30.955871743486973,0.006967568418830492
IMPROVED_DA_fee,30.969138276553107,0.006771685940531865
IMPROVED_DA_fee,30.98240480961924,0.006585564473944324
IMPROVED_DA_fee,30.99567134268537,0.006408854021739869
IMPROVED_DA_fee,31.008937875751503,0.006241180811527376
IMPROVED_DA_fee,31.022204408817636,0.006082151011364397
IMPROVED_DA_fee,31.03547094188377,0.005931354268318223
IMPROVED_DA_fee,31.048737474949903,0.005788367053013534
IMPROVED_DA_fee,31.062004008016032,0.005652755799754503
IMPROVED_DA_fee,31.075270541082165,0.005524079837932517
IMPROVED_DA_fee,31.0885370741483,0.005401894115902054
IMPROVED_DA_fee,31.10180360721443,0.005285751723214439
IMPROVED_DA_fee,31.11507014028056,0.00517520622098134
IMPROVED_DA_fee,31.128336673346695,0.005069813793143991
IMPROVED_DA_fee,31.141603206412825,0.0049691352335341854
IMPROVED_DA_fee,31.154869739478958,0.004872737784847404
IMPROVED_DA_fee,31.16813627254509,0.004780196846037011
IMPROVED_DA_fee,31.181402805611224,0.004691097564243198
IMPROVED_DA_fee,31.194669338677357,0.0046050363262763
IMPROVED_DA_fee,31.207935871743487,0.004521622162973136
IMPROVED_DA_fee,31.22120240480962,0.004440478077549346
IMPROVED_DA_fee,31.234468937875754,0.00436124230650309
IMPROVED_DA_fee,31.247735470941883,0.004283569518802972
IMPROVED_DA_fee,31.261002004008017,0.004207131956148936
IMPROVED_DA_fee,31.27426853707415,0.0041316205141463174
IMPROVED_DA_fee,31.28753507014028,0.004056745761395895
IMPROVED_DA_fee,31.300801603206413,0.003982238890887244
IMPROVED_DA_fee,31.314068136272546,0.003907852595778754
IMPROVED_DA_fee,31.32733466933868,0.0038333618597341575
IMPROVED_DA_fee,31.340601202404812,0.0037585646505305563
IMPROVED_DA_fee,31.353867735470942,0.003683282504694599
IMPROVED_DA_fee,31.367134268537075,0.0036073609904956013
IMPROVED_DA_fee,31.38040080160321,0.003530670036733476
IMPROVED_DA_fee,31.39366733466934,0.0034531041153958966
IMPROVED_DA_fee,31.40693386773547,0.003374582267403412
IMPROVED_DA_fee,31.420200400801605,0.0032950479622695875
IMPROVED_DA_fee,31.433466933867734,0.003214468784523602
IMPROVED_DA_fee,31.446733466933868,0.0031328359421147756
IMPROVED_DA_fee,31.46,0.0030501635946667814
IMPROVED_BA_fee,24.81,0.009548232066914426
IMPROVED_BA_fee,24.819799599198397,0.009960461119302115
IMPROVED_BA_fee,24.829599198396792,0.010372183848142669
IMPROVED_BA_fee,24.83939879759519,0.01078287859851253
IMPROVED_BA_fee,24.849198396793586,0.011192175800130965
IMPROVED_BA_fee,24.858997995991984,0.01159987433681064
IMPROVED_BA_fee,24.86879759519038,0.012005956425129242
IMPROVED_BA_fee,24.878597194388778,0.012410600841958799
IMPROVED_BA_fee,24.888396793587173,0.012814194382485142
IMPROVED_BA_fee,24.89819639278557,0.013217341473140722
IMPROVED_BA_fee,24.907995991983967,0.013620871905631113
IMPROVED_BA_fee,24.917795591182365,0.014025846697306525
IMPROVED_BA_fee,24.92759519038076,0.01443356211787979
IMPROVED_BA_fee,24.93739478957916,0.014845551951577787
IMPROVED_BA_fee,24.947194388777554,0.015263588086108965
IMPROVED_BA_fee,24.956993987975952,0.015689679534599075
IMPROVED_BA_fee,24.966793587174347,0.01612607000348777
IMPROVED_BA_fee,24.976593186372746,0.01657523411834391
IMPROVED_BA_fee,24.98639278557114,0.017039872411070103
IMPROVED_BA_fee,24.99619238476954,0.017522905156886676
IMPROVED_BA_fee,25.005991983967935,0.018027465128967066
IMPROVED_BA_fee,25.015791583166333,0.018556889314182267
IMPROVED_BA_fee,25.025591182364728,0.019114709606730566
IMPROVED_BA_fee,25.035390781563127,0.019704642469399698
IMPROVED_BA_fee,25.04519038076152,0.02033057752660145
IMPROVED_BA_fee,25.05498997995992,0.020996565030996693
IMPROVED_BA_fee,25.064789579158315,0.021706802128037783
IMPROVED_BA_fee,25.074589178356714,0.022465617831485978
IMPROVED_BA_fee,25.08438877755511,0.023277456618880896
IMPROVED_BA_fee,25.094188376753507,0.024146860559681262
IMPROVED_BA_fee,25.103987975951902,0.025078449900497745
IMPROVED_BA_fee,25.1137875751503,0.026076902051258972
IMPROVED_BA_fee,25.123587174348696,0.027146928942566564
IMPROVED_BA_fee,25.133386773547095,0.02829325275687811
IMPROVED_BA_fee,25.14318637274549,0.029520580073054425
IMPROVED_BA_fee,25.152985971943888,0.030833574503738092
IMPROVED_BA_fee,25.162785571142283,0.03223682794611796
IMPROVED_BA_fee,25.17258517034068,0.03373483060736107
IMPROVED_BA_fee,25.182384769539077,0.03533194000453631
IMPROVED_BA_fee,25.192184368737475,0.03703234917401384
IMPROVED_BA_fee,25.20198396793587,0.03884005435584318
IMPROVED_BA_fee,25.21178356713427,0.04075882244390304
IMPROVED_BA_fee,25.221583166332664,0.04279215851227352
IMPROVED_BA_fee,25.231382765531063,0.04494327374255093
IMPROVED_BA_fee,25.241182364729458,0.04721505408613171
IMPROVED_BA_fee,25.250981963927856,0.04961003000087416
IMPROVED_BA_fee,25.26078156312625,0.05213034760407404
IMPROVED_BA_fee,25.27058116232465,0.054777741584870636
IMPROVED_BA_fee,25.280380761523045,0.057553510220229864
IMPROVED_BA_fee,25.290180360721443,0.06045849284113375
IMPROVED_BA_fee,25.29997995991984,0.063493050100202
IMPROVED_BA_fee,25.309779559118237,0.06665704739982489
IMPROVED_BA_fee,25.319579158316632,0.06994984185067522
IMPROVED_BA_fee,25.32937875751503,0.07337027314418919
IMPROVED_BA_fee,25.339178356713425,0.07691665873781087
IMPROVED_BA_fee,25.348977955911824,0.08058679376692866
IMPROVED_BA_fee,25.35877755511022,0.0843779561098838
IMPROVED_BA_fee,25.368577154308618,0.08828691703932648
IMPROVED_BA_fee,25.378376753507013,0.09230995789086183
IMPROVED_BA_fee,25.38817635270541,0.0964428931647934
IMPROVED_BA_fee,25.397975951903806,0.10068110044482338
IMPROVED_BA_fee,25.407775551102205,0.10501955746535296
IMPROVED_BA_fee,25.4175751503006,0.10945288658299444
IMPROVED_BA_fee,25.427374749499,0.11397540680602715
IMPROVED_BA_fee,25.437174348697393,0.11858119340557796
IMPROVED_BA_fee,25.446973947895792,0.12326414497470971
IMPROVED_BA_fee,25.456773547094187,0.12801805761658547
IMPROVED_BA_fee,25.466573146292586,0.13283670573371612
IMPROVED_BA_fee,25.47637274549098,0.1377139286605883
IMPROVED_BA_fee,25.48617234468938,0.1426437221379019
IMPROVED_BA_fee,25.495971943887774,0.14762033337517422
IMPROVED_BA_fee,25.505771543086173,0.15263835819851654
IMPROVED_BA_fee,25.515571142284568,0.15769283854133276
IMPROVED_BA_fee,25.525370741482966,0.16277935831829432
IMPROVED_BA_fee,25.53517034068136,0.16789413553772822
IMPROVED_BA_fee,25.54496993987976,0.17303410836552502
IMPROVED_BA_fee,25.554769539078155,0.1781970127644696
IMPROVED_BA_fee,25.564569138276553,0.1833814493061684
IMPROVED_BA_fee,25.57436873747495,0.18858693679509642
IMPROVED_BA_fee,25.584168336673347,0.19381395046206668
IMPROVED_BA_fee,25.593967935871742,0.1990639426796355
IMPROVED_BA_fee,25.60376753507014,0.20433934442572857
IMPROVED_BA_fee,25.613567134268536,0.20964354607075047
IMPROVED_BA_fee,25.623366733466934,0.21498085648237028
IMPROVED_BA_fee,25.63316633266533,0.2203564399221087
IMPROVED_BA_fee,25.642965931863728,0.22577623073752048
IMPROVED_BA_fee,25.652765531062123,0.2312468264189182
IMPROVED_BA_fee,25.66256513026052,0.23677536017437914
IMPROVED_BA_fee,25.672364729458916,0.2423693547633275
IMPROVED_BA_fee,25.682164328657315,0.24803655989899698
IMPROVED_BA_fee,25.69196392785571,0.25378477606418587
IMPROVED_BA_fee,25.70176352705411,0.25962166806522685
IMPROVED_BA_fee,25.711563126252504,0.2655545720577451
IMPROVED_BA_fee,25.721362725450902,0.27159030010024066
IMPROVED_BA_fee,25.731162324649297,0.27773494651370007
IMPROVED_BA_fee,25.740961923847696,0.28399370043824823
IMPROVED_BA_fee,25.75076152304609,0.2903706689739676
IMPROVED_BA_fee,25.76056112224449,0.2968687151700861
IMPROVED_BA_fee,25.770360721442884,0.30348931488527314
IMPROVED_BA_fee,25.780160320641283,0.3102324361870863
IMPROVED_BA_fee,25.789959919839678,0.31709644449863955
IMPROVED_BA_fee,25.799759519038076,0.32407803614775327
IMPROVED_BA_fee,25.80955911823647,0.33117220234275546
IMPROVED_BA_fee,25.81935871743487,0.33837222490749175
IMPROVED_BA_fee,25.829158316633265,0.3456697043746923
IMPROVED_BA_fee,25.838957915831664,0.3530546202829835
IMPROVED_BA_fee,25.84875751503006,0.3605154227683442
IMPROVED_BA_fee,25.858557114228457,0.3680391538078194
IMPROVED_BA_fee,25.868356713426852,0.37561159578046877
IMPROVED_BA_fee,25.87815631262525,0.38321744437749883
IMPROVED_BA_fee,25.887955911823646,0.39084050233587475
IMPROVED_BA_fee,25.897755511022044,0.39846389000207133
IMPROVED_BA_fee,25.90755511022044,0.4060702683659173
IMPROVED_BA_fee,25.917354709418838,0.4136420699471095
IMPROVED_BA_fee,25.927154308617233,0.42116173277354896
IMPROVED_BA_fee,25.93695390781563,0.4286119326635347
IMPROVED_BA_fee,25.946753507014026,0.4359758091109716
IMPROVED_BA_fee,25.956553106212425,0.44323718027061876
IMPROVED_BA_fee,25.96635270541082,0.45038074284091406
IMPROVED_BA_fee,25.97615230460922,0.45739225303688863
IMPROVED_BA_fee,25.985951903807614,0.4642586853220183
IMPROVED_BA_fee,25.995751503006012,0.4709683661139346
IMPROVED_BA_fee,26.005551102204407,0.47751108027862144
IMPROVED_BA_fee,26.015350701402806,0.48387814886704555
IMPROVED_BA_fee,26.0251503006012,0.4900624772100247
IMPROVED_BA_fee,26.0349498997996,0.49605857315645413
IMPROVED_BA_fee,26.044749498997994,0.5018625359004633
IMPROVED_BA_fee,26.054549098196393,0.5074720164800363
IMPROVED_BA_fee,26.064348697394788,0.5128861516284486
IMPROVED_BA_fee,26.074148296593187,0.5181054732080412
IMPROVED_BA_fee,26.08394789579158,0.5231317959413012
IMPROVED_BA_fee,26.09374749498998,0.527968086567415
IMPROVED_BA_fee,26.103547094188375,0.532618317884712
IMPROVED_BA_fee,26.113346693386774,0.5370873113848674
IMPROVED_BA_fee,26.12314629258517,0.5413805723384865
IMPROVED_BA_fee,26.132945891783567,0.5455041212520716
IMPROVED_BA_fee,26.142745490981962,0.5494643255824776
IMPROVED_BA_fee,26.15254509018036,0.5532677354691333
IMPROVED_BA_fee,26.162344689378756,0.556920927030137
IMPROVED_BA_fee,26.172144288577154,0.5604303564718011
IMPROVED_BA_fee,26.18194388777555,0.5638022278899864
IMPROVED_BA_fee,26.191743486973948,0.5670423772052067
IMPROVED_BA_fee,26.201543086172343,0.570156174183086
IMPROVED_BA_fee,26.21134268537074,0.5731484439596426
IMPROVED_BA_fee,26.221142284569137,0.5760234089310331
IMPROVED_BA_fee,26.230941883767535,0.5787846512940557
IMPROVED_BA_fee,26.24074148296593,0.5814350959519772
IMPROVED_BA_fee,26.25054108216433,0.5839770129458393
IMPROVED_BA_fee,26.260340681362724,0.5864120380488023
IMPROVED_BA_fee,26.270140280561122,0.5887412096856389
IMPROVED_BA_fee,26.279939879759517,0.5909650199242326
IMPROVED_BA_fee,26.289739478957916,0.5930834769434962
IMPROVED_BA_fee,26.29953907815631,0.595096176122741
IMPROVED_BA_fee,26.30933867735471,0.5970023767295138
IMPROVED_BA_fee,26.319138276553105,0.5988010811119305
IMPROVED_BA_fee,26.328937875751503,0.6004911133306049
IMPROVED_BA_fee,26.338737474949898,0.6020711942938494
IMPROVED_BA_fee,26.348537074148297,0.6035400106850713
IMPROVED_BA_fee,26.35833667334669,0.6048962752861298
IMPROVED_BA_fee,26.36813627254509,0.6061387766955674
IMPROVED_BA_fee,26.377935871743485,0.607266416903181
IMPROVED_BA_fee,26.387735470941884,0.6082782356974259
IMPROVED_BA_fee,26.39753507014028,0.6091734214320175
IMPROVED_BA_fee,26.407334669338677,0.609951308244132
IMPROVED_BA_fee,26.417134268537072,0.6106113603786282
IMPROVED_BA_fee,26.42693386773547,0.6111531448106713
IMPROVED_BA_fee,26.436733466933866,0.6115762938531802
IMPROVED_BA_fee,26.446533066132265,0.6118804598672686
IMPROVED_BA_fee,26.45633266533066,0.612065264546514
IMPROVED_BA_fee,26.466132264529058,0.6121302455059129
IMPROVED_BA_fee,26.475931863727453,0.6120748030628327
IMPROVED_BA_fee,26.485731462925852,0.6118981501432903
IMPROVED_BA_fee,26.495531062124247,0.6115992681798175
IMPROVED_BA_fee,26.505330661322645,0.6111768716882485
IMPROVED_BA_fee,26.51513026052104,0.6106293839257093
IMPROVED_BA_fee,26.52492985971944,0.6099549256508129
IMPROVED_BA_fee,26.534729458917834,0.6091513185429809
IMPROVED_BA_fee,26.544529058116233,0.6082161043079584
IMPROVED_BA_fee,26.554328657314628,0.60714657991998
IMPROVED_BA_fee,26.564128256513026,0.605939848849574
IMPROVED_BA_fee,26.57392785571142,0.6045928875212428
IMPROVED_BA_fee,26.58372745490982,0.6031026256602694
IMPROVED_BA_fee,26.593527054108215,0.6014660386437995
IMPROVED_BA_fee,26.603326653306613,0.5996802494884986
IMPROVED_BA_fee,26.61312625250501,0.597742637702832
IMPROVED_BA_fee,26.622925851703407,0.595650951921004
IMPROVED_BA_fee,26.632725450901802,0.593403423028603
IMPROVED_BA_fee,26.6425250501002,0.5909988743938958
IMPROVED_BA_fee,26.652324649298595,0.5884368258361834
IMPROVED_BA_fee,26.662124248496994,0.5857175880918325
IMPROVED_BA_fee,26.67192384769539,0.5828423447740969
IMPROVED_BA_fee,26.681723446893788,0.5798132191546469
IMPROVED_BA_fee,26.691523046092183,0.5766333235103404
IMPROVED_BA_fee,26.70132264529058,0.5733067892621804
IMPROVED_BA_fee,26.711122244488976,0.569838776666993
IMPROVED_BA_fee,26.720921843687375,0.5662354633870741
IMPROVED_BA_fee,26.73072144288577,0.5625040118390136
IMPROVED_BA_fee,26.74052104208417,0.558652515790894
IMPROVED_BA_fee,26.750320641282563,0.5546899272184027
IMPROVED_BA_fee,26.760120240480962,0.5506259649282844
IMPROVED_BA_fee,26.769919839679357,0.5464710068973908
IMPROVED_BA_fee,26.779719438877756,0.5422359686451332
IMPROVED_BA_fee,26.78951903807615,0.5379321702479444
IMPROVED_BA_fee,26.79931863727455,0.5335711948100769
IMPROVED_BA_fee,26.809118236472944,0.5291647413241579
IMPROVED_BA_fee,26.818917835671343,0.5247244748873596
IMPROVED_BA_fee,26.828717434869738,0.5202618771898989
IMPROVED_BA_fee,26.838517034068136,0.5157881000675502
IMPROVED_BA_fee,26.84831663326653,0.5113138247190385
IMPROVED_BA_fee,26.85811623246493,0.5068491289429633
IMPROVED_BA_fee,26.867915831663325,0.5024033644600215
IMPROVED_BA_fee,26.877715430861723,0.4979850460677592
IMPROVED_BA_fee,26.88751503006012,0.49360175404033324
IMPROVED_BA_fee,26.897314629258517,0.4892600508475839
IMPROVED_BA_fee,26.907114228456912,0.48496541293833695
IMPROVED_BA_fee,26.91691382765531,0.48072217802258654
IMPROVED_BA_fee,26.926713426853706,0.47653350800517924
IMPROVED_BA_fee,26.936513026052104,0.47240136747604095
IMPROVED_BA_fee,26.9463126252505,0.46832651745379905
IMPROVED_BA_fee,26.956112224448898,0.46430852391198835
IMPROVED_BA_fee,26.965911823647293,0.4603457804902765
IMPROVED_BA_fee,26.97571142284569,0.45643554470375114
IMPROVED_BA_fee,26.985511022044086,0.4525739869073225
IMPROVED_BA_fee,26.995310621242485,0.4487562512426161
IMPROVED_BA_fee,27.00511022044088,0.4449765277844124
IMPROVED_BA_fee,27.01490981963928,0.44122813510388187
IMPROVED_BA_fee,27.024709418837674,0.4375036124684457
IMPROVED_BA_fee,27.034509018036072,0.4337948208945594
IMPROVED_BA_fee,27.044308617234467,0.43009305225301986
IMPROVED_BA_fee,27.054108216432866,0.4263891455903682
IMPROVED_BA_fee,27.06390781563126,0.4226736097706674
IMPROVED_BA_fee,27.07370741482966,0.4189367514569749
IMPROVED_BA_fee,27.083507014028054,0.4151688073419723
IMPROVED_BA_fee,27.093306613226453,0.4113600794045239
IMPROVED_BA_fee,27.103106212424848,0.4075010718190589
IMPROVED_BA_fee,27.112905811623246,0.403582627984322
IMPROVED_BA_fee,27.12270541082164,0.3995960659766882
IMPROVED_BA_fee,27.13250501002004,0.39553331058108165
IMPROVED_BA_fee,27.142304609218435,0.39138701992118236
IMPROVED_BA_fee,27.152104208416834,0.387150704611346
IMPROVED_BA_fee,27.16190380761523,0.38281883729710803
IMPROVED_BA_fee,27.171703406813627,0.3783869504488553
IMPROVED_BA_fee,27.181503006012022,0.3738517203330751
IMPROVED_BA_fee,27.19130260521042,0.36921103521297804
IMPROVED_BA_fee,27.201102204408816,0.3644640460289749
IMPROVED_BA_fee,27.210901803607214,0.359611198078746
IMPROVED_BA_fee,27.22070140280561,0.3546542425537882
IMPROVED_BA_fee,27.230501002004008,0.3495962271866577
IMPROVED_BA_fee,27.240300601202403,0.3444414657113113
IMPROVED_BA_fee,27.2501002004008,0.3391954863240326
IMPROVED_BA_fee,27.259899799599197,0.3338649598395718
IMPROVED_BA_fee,27.269699398797595,0.32845760874815255
IMPROVED_BA_fee,27.27949899799599,0.32298209887603313
IMPROVED_BA_fee,27.28929859719439,0.3174479158159499
IMPROVED_BA_fee,27.299098196392784,0.3118652287063833
IMPROVED_BA_fee,27.308897795591182,0.30624474428308757
IMPROVED_BA_fee,27.318697394789577,0.3005975543886316
IMPROVED_BA_fee,27.328496993987976,0.29493498029411336
IMPROVED_BA_fee,27.33829659318637,0.2892684172544868
IMPROVED_BA_fee,27.34809619238477,0.28360918268056784
IMPROVED_BA_fee,27.357895791583164,0.27796837116825707
IMPROVED_BA_fee,27.367695390781563,0.27235671938243944
IMPROVED_BA_fee,27.377494989979958,0.26678448345932526
IMPROVED_BA_fee,27.387294589178357,0.2612613311783242
IMPROVED_BA_fee,27.39709418837675,0.2557962506791342
IMPROVED_BA_fee,27.40689378757515,0.25039747697932757
IMPROVED_BA_fee,27.416693386773545,0.24507243700220407
IMPROVED_BA_fee,27.426492985971944,0.23982771327421007
IMPROVED_BA_fee,27.43629258517034,0.23466902591636166
IMPROVED_BA_fee,27.446092184368737,0.22960123205351524
IMPROVED_BA_fee,27.455891783567132,0.22462834131659584
IMPROVED_BA_fee,27.46569138276553,0.21975354573023645
IMPROVED_BA_fee,27.475490981963926,0.21497926197348238
IMPROVED_BA_fee,27.485290581162324,0.21030718378158988
IMPROVED_BA_fee,27.49509018036072,0.2057383421269406
IMPROVED_BA_fee,27.504889779559118,0.2012731707765044
IMPROVED_BA_fee,27.514689378757513,0.19691157486876834
IMPROVED_BA_fee,27.52448897795591,0.19265300027759655
IMPROVED_BA_fee,27.534288577154307,0.18849650172440824
IMPROVED_BA_fee,27.544088176352705,0.1844408078511765
IMPROVED_BA_fee,27.5538877755511,0.1804843817614571
IMPROVED_BA_fee,27.5636873747495,0.1766254758600797
IMPROVED_BA_fee,27.573486973947894,0.17286218015977545
IMPROVED_BA_fee,27.583286573146292,0.16919246356004447
IMPROVED_BA_fee,27.593086172344687,0.16561420792708348
IMPROVED_BA_fee,27.602885771543086,0.16212523510149976
IMPROVED_BA_fee,27.61268537074148,0.1587233272235049
IMPROVED_BA_fee,27.62248496993988,0.15540624098552078
IMPROVED_BA_fee,27.632284569138275,0.15217171659501952
IMPROVED_BA_fee,27.642084168336673,0.1490174823530962
IMPROVED_BA_fee,27.651883767535068,0.14594125582689402
IMPROVED_BA_fee,27.661683366733467,0.14294074261819353
IMPROVED_BA_fee,27.67148296593186,0.14001363371040568
IMPROVED_BA_fee,27.68128256513026,0.13715760231685772
IMPROVED_BA_fee,27.691082164328655,0.13437030106131537
IMPROVED_BA_fee,27.700881763527054,0.13164936020398552
IMPROVED_BA_fee,27.71068136272545,0.12899238749042927
IMPROVED_BA_fee,27.720480961923847,0.12639697005399653
IMPROVED_BA_fee,27.730280561122242,0.12386067865167791
IMPROVED_BA_fee,27.74008016032064,0.12138107436475323
IMPROVED_BA_fee,27.749879759519036,0.11895571775498798
IMPROVED_BA_fee,27.759679358717435,0.11658218033857035
IMPROVED_BA_fee,27.76947895791583,0.11425805812721991
IMPROVED_BA_fee,27.779278557114228,0.11198098689111885
IMPROVED_BA_fee,27.789078156312623,0.10974865872316443
IMPROVED_BA_fee,27.798877755511022,0.10755883942888443
IMPROVED_BA_fee,27.808677354709417,0.10540938623122177
IMPROVED_BA_fee,27.818476953907815,0.10329826526326936
IMPROVED_BA_fee,27.82827655310621,0.10122356832381185
IMPROVED_BA_fee,27.83807615230461,0.09918352838843095
IMPROVED_BA_fee,27.847875751503004,0.0971765334012814
IMPROVED_BA_fee,27.857675350701403,0.09520113791735323
IMPROVED_BA_fee,27.867474949899798,0.09325607222025648
IMPROVED_BA_fee,27.877274549098196,0.09134024860425573
IMPROVED_BA_fee,27.88707414829659,0.08945276457966497
IMPROVED_BA_fee,27.89687374749499,0.08759290283589538
IMPROVED_BA_fee,27.906673346693385,0.08576012787481405
IMPROVED_BA_fee,27.916472945891783,0.08395407930687729
IMPROVED_BA_fee,27.92627254509018,0.08217456188225129
IMPROVED_BA_fee,27.936072144288577,0.08042153240715434
IMPROVED_BA_fee,27.945871743486972,0.07869508377056156
IMPROVED_BA_fee,27.95567134268537,0.07699542637654935
IMPROVED_BA_fee,27.965470941883765,0.07532286734157849
IMPROVED_BA_fee,27.975270541082164,0.07367778787237765
IMPROVED_BA_fee,27.98507014028056,0.07206061928756173
IMPROVED_BA_fee,27.994869739478958,0.07047181818336369
IMPROVED_BA_fee,28.004669338677353,0.06891184126989174
IMPROVED_BA_fee,28.01446893787575,0.06738112041820321
IMPROVED_BA_fee,28.024268537074146,0.06588003845972165
IMPROVED_BA_fee,28.034068136272545,0.06440890626766732
IMPROVED_BA_fee,28.04386773547094,0.06296794162541544
IMPROVED_BA_fee,28.05366733466934,0.061557250349301144
IMPROVED_BA_fee,28.063466933867733,0.0601768100842307
IMPROVED_BA_fee,28.073266533066132,0.058826457130556724
IMPROVED_BA_fee,28.083066132264527,0.05750587659163004
IMPROVED_BA_fee,28.092865731462926,0.05621459605491347
IMPROVED_BA_fee,28.10266533066132,0.05495198293767133
IMPROVED_BA_fee,28.11246492985972,0.05371724554318172
IMPROVED_BA_fee,28.122264529058114,0.05250943778758756
IMPROVED_BA_fee,28.132064128256513,0.05132746747322316
IMPROVED_BA_fee,28.141863727454908,0.05017010790393875
IMPROVED_BA_fee,28.151663326653306,0.049036012563746935
IMPROVED_BA_fee,28.1614629258517,0.04792373251414832
IMPROVED_BA_fee,28.1712625250501,0.04683173610938723
IMPROVED_BA_fee,28.181062124248495,0.04575843058417827
IMPROVED_BA_fee,28.190861723446893,0.044702185036066336
IMPROVED_BA_fee,28.20066132264529,0.043661354305244204
IMPROVED_BA_fee,28.210460921843687,0.04263430324847854
IMPROVED_BA_fee,28.220260521042082,0.04161943091064106
IMPROVED_BA_fee,28.23006012024048,0.040615194116501094
IMPROVED_BA_fee,28.239859719438876,0.03962013003595217
IMPROVED_BA_fee,28.249659318637274,0.03863287731631725
IMPROVED_BA_fee,28.25945891783567,0.037652195424245784
IMPROVED_BA_fee,28.269258517034068,0.03667698189507173
IMPROVED_BA_fee,28.279058116232463,0.03570628724743012
IMPROVED_BA_fee,28.28885771543086,0.03473932738332097
IMPROVED_BA_fee,28.298657314629256,0.03377549335670067
IMPROVED_BA_fee,28.308456913827655,0.03281435845503029
IMPROVED_BA_fee,28.31825651302605,0.031855682596296515
IMPROVED_BA_fee,28.32805611222445,0.03089941409718053
IMPROVED_BA_fee,28.337855711422844,0.029945688915006548
IMPROVED_BA_fee,28.347655310621242,0.028994827505767113
IMPROVED_BA_fee,28.357454909819637,0.028047329472257063
IMPROVED_BA_fee,28.367254509018036,0.027103866199730608
IMPROVED_BA_fee,28.37705410821643,0.026165271691561243
IMPROVED_BA_fee,28.38685370741483,0.02523253182438502
IMPROVED_BA_fee,28.396653306613224,0.024306772241822566
IMPROVED_BA_fee,28.406452905811623,0.023389245098913315
IMPROVED_BA_fee,28.416252505010018,0.022481314857013577
IMPROVED_BA_fee,28.426052104208416,0.021584443312300142
IMPROVED_BA_fee,28.43585170340681,0.02070017402163368
IMPROVED_BA_fee,28.44565130260521,0.019830116268671424
IMPROVED_BA_fee,28.455450901803605,0.018975928692264214
IMPROVED_BA_fee,28.465250501002004,0.01813930267955185
IMPROVED_BA_fee,28.4750501002004,0.017321945609011173
IMPROVED_BA_fee,28.484849699398797,0.01652556401494671
IMPROVED_BA_fee,28.494649298597192,0.01575184673536359
IMPROVED_BA_fee,28.50444889779559,0.015002448100279491
IMPROVED_BA_fee,28.514248496993986,0.014278971217603059
IMPROVED_BA_fee,28.524048096192384,0.013582951418649692
IMPROVED_BA_fee,28.53384769539078,0.012915839934916948
IMPROVED_BA_fee,28.543647294589178,0.012278987891288498
IMPROVED_BA_fee,28.553446893787573,0.011673630717623572
IMPROVED_BA_fee,28.56324649298597,0.011100873099687655
IMPROVED_BA_fee,28.573046092184367,0.010561674610505707
IMPROVED_BA_fee,28.582845691382765,0.010056836183167432
IMPROVED_BA_fee,28.59264529058116,0.009586987604662721
IMPROVED_BA_fee,28.60244488977956,0.009152576226144783
IMPROVED_BA_fee,28.612244488977954,0.008753857096921567
IMPROVED_BA_fee,28.622044088176352,0.008390884736328591
IMPROVED_BA_fee,28.631843687374747,0.008063506758514773
IMPROVED_BA_fee,28.641643286573146,0.007771359559298771
IMPROVED_BA_fee,28.65144288577154,0.007513866261130056
IMPROVED_BA_fee,28.66124248496994,0.00729023709153346
IMPROVED_BA_fee,28.671042084168334,0.007099472342260577
IMPROVED_BA_fee,28.680841683366733,0.006940368020983015
IMPROVED_BA_fee,28.690641282565128,0.0068115242653217405
IMPROVED_BA_fee,28.700440881763527,0.006711356541123114
IMPROVED_BA_fee,28.71024048096192,0.006638109594243821
IMPROVED_BA_fee,28.72004008016032,0.006589874068947658
IMPROVED_BA_fee,28.729839679358715,0.006564605647803999
IMPROVED_BA_fee,28.739639278557114,0.0065601465092669595
IMPROVED_BA_fee,28.74943887775551,0.00657424884156053
IMPROVED_BA_fee,28.759238476953907,0.006604600096770144
IMPROVED_BA_fee,28.769038076152302,0.006648849618799939
IMPROVED_BA_fee,28.7788376753507,0.006704636234674384
IMPROVED_BA_fee,28.788637274549096,0.006769616361996203
IMPROVED_BA_fee,28.798436873747495,0.0068414921575058905
IMPROVED_BA_fee,28.80823647294589,0.006918039213691358
IMPROVED_BA_fee,28.818036072144288,0.006997133303100307
IMPROVED_BA_fee,28.827835671342683,0.007076775673963216
IMPROVED_BA_fee,28.83763527054108,0.0071551164162069305
IMPROVED_BA_fee,28.84743486973948,0.0072304754438767
IMPROVED_BA_fee,28.857234468937875,0.007301360678044656
IMPROVED_BA_fee,28.86703406813627,0.0073664830628042445
IMPROVED_BA_fee,28.87683366733467,0.007424768104994349
IMPROVED_BA_fee,28.886633266533067,0.00747536369465865
IMPROVED_BA_fee,28.896432865731462,0.0075176440364760734
IMPROVED_BA_fee,28.906232464929857,0.007551209600855456
IMPROVED_BA_fee,28.916032064128256,0.0075758830852660705
IMPROVED_BA_fee,28.925831663326655,0.007591701459753429
IMPROVED_BA_fee,28.93563126252505,0.007598904253482623
IMPROVED_BA_fee,28.945430861723445,0.0075979183195538655
IMPROVED_BA_fee,28.955230460921843,0.007589339391280262
IMPROVED_BA_fee,28.96503006012024,0.007573910812722557
IMPROVED_BA_fee,28.974829659318637,0.0075524998877906716
IMPROVED_BA_fee,28.98462925851703,0.007526072344079273
IMPROVED_BA_fee,28.99442885771543,0.007495665448458621
IMPROVED_BA_fee,29.00422845691383,0.007462360340207017
IMPROVED_BA_fee,29.014028056112224,0.007427254163354364
IMPROVED_BA_fee,29.02382765531062,0.007391432582430024
IMPROVED_BA_fee,29.033627254509017,0.007355943254831298
IMPROVED_BA_fee,29.043426853707416,0.007321770808749401
IMPROVED_BA_fee,29.05322645290581,0.007289813838554717
IMPROVED_BA_fee,29.063026052104206,0.0072608643806276974
IMPROVED_BA_fee,29.072825651302605,0.007235590273020991
IMPROVED_BA_fee,29.082625250501003,0.007214520733533306
IMPROVED_BA_fee,29.0924248496994,0.00719803541449836
IMPROVED_BA_fee,29.102224448897793,0.0071863571107804785
IMPROVED_BA_fee,29.112024048096192,0.0071795482122128254
IMPROVED_BA_fee,29.12182364729459,0.007177510905198975
IMPROVED_BA_fee,29.131623246492985,0.00717999104264032
IMPROVED_BA_fee,29.14142284569138,0.007186585518932342
IMPROVED_BA_fee,29.15122244488978,0.0071967529095745076
IMPROVED_BA_fee,29.161022044088178,0.007209827064882831
IMPROVED_BA_fee,29.170821643286573,0.007225033286079775
IMPROVED_BA_fee,29.180621242484968,0.007241506661090699
IMPROVED_BA_fee,29.190420841683366,0.00725831209781244
IMPROVED_BA_fee,29.200220440881765,0.007274465565203846
IMPROVED_BA_fee,29.21002004008016,0.007288956037682213
IMPROVED_BA_fee,29.219819639278555,0.007300767636023817
IMPROVED_BA_fee,29.229619238476953,0.0073089014679290285
IMPROVED_BA_fee,29.239418837675352,0.007312396692948138
IMPROVED_BA_fee,29.249218436873747,0.0073103503685905255
IMPROVED_BA_fee,29.259018036072142,0.00730193567590897
IMPROVED_BA_fee,29.26881763527054,0.007286418172204142
IMPROVED_BA_fee,29.27861723446894,0.007263169774117967
IMPROVED_BA_fee,29.288416833667334,0.007231680234576389
IMPROVED_BA_fee,29.29821643286573,0.007191565940068677
IMPROVED_BA_fee,29.308016032064128,0.0071425759189123455
IMPROVED_BA_fee,29.317815631262526,0.007084595014833536
IMPROVED_BA_fee,29.32761523046092,0.007017644241913
IMPROVED_BA_fee,29.337414829659316,0.006941878395394357
IMPROVED_BA_fee,29.347214428857715,0.006857581046913685
IMPROVED_BA_fee,29.357014028056113,0.006765157101485289
IMPROVED_BA_fee,29.36681362725451,0.0066651231363905345
IMPROVED_BA_fee,29.376613226452903,0.006558095778492542
IMPROVED_BA_fee,29.386412825651302,0.006444778406171897
IMPROVED_BA_fee,29.3962124248497,0.006325946484949473
IMPROVED_BA_fee,29.406012024048096,0.0062024318619879155
IMPROVED_BA_fee,29.41581162324649,0.006075106354214075
IMPROVED_BA_fee,29.42561122244489,0.005944864968046168
IMPROVED_BA_fee,29.435410821643288,0.005812609085957066
IMPROVED_BA_fee,29.445210420841683,0.005679229946726187
IMPROVED_BA_fee,29.455010020040078,0.005545592732599988
IMPROVED_BA_fee,29.464809619238476,0.005412521558076612
IMPROVED_BA_fee,29.474609218436875,0.005280785632040141
IMPROVED_BA_fee,29.48440881763527,0.0051510868378697085
IMPROVED_BA_fee,29.494208416833665,0.005024048945335575
IMPROVED_BA_fee,29.504008016032063,0.004900208633965697
IMPROVED_BA_fee,29.513807615230462,0.004780008470566983
IMPROVED_BA_fee,29.523607214428857,0.004663791944190673
IMPROVED_BA_fee,29.533406813627252,0.004551800620590873
IMPROVED_BA_fee,29.54320641282565,0.004444173435744625
IMPROVED_BA_fee,29.55300601202405,0.00434094810496875
IMPROVED_BA_fee,29.562805611222444,0.0042420645813494706
IMPROVED_BA_fee,29.57260521042084,0.004147370455419356
IMPROVED_BA_fee,29.582404809619238,0.0040566281481616475
IMPROVED_BA_fee,29.592204408817636,0.003969523712404739
IMPROVED_BA_fee,29.60200400801603,0.0038856770244149992
IMPROVED_BA_fee,29.611803607214426,0.003804653118888945
IMPROVED_BA_fee,29.621603206412825,0.0037259743974159816
IMPROVED_BA_fee,29.631402805611224,0.0036491334235501504
IMPROVED_BA_fee,29.64120240480962,0.0035736060074777567
IMPROVED_BA_fee,29.651002004008014,0.0034988642803108873
IMPROVED_BA_fee,29.660801603206412,0.0034243894624803547
IMPROVED_BA_fee,29.67060120240481,0.0033496840425400994
IMPROVED_BA_fee,29.680400801603206,0.00327428310168463
IMPROVED_BA_fee,29.6902004008016,0.0031977645449458854
IMPROVED_BA_fee,29.7,0.003119758031678248
IMPROVED_AMM_fee,26.54,0.006835630765186698
IMPROVED_AMM_fee,26.547374749498996,0.0070811432945714755
IMPROVED_AMM_fee,26.554749498997996,0.00733119747814276
IMPROVED_AMM_fee,26.562124248496993,0.007586610885851713
IMPROVED_AMM_fee,26.569498997995993,0.007848343230928142
IMPROVED_AMM_fee,26.57687374749499,0.008117499710601953
IMPROVED_AMM_fee,26.584248496993986,0.008395332959279128
IMPROVED_AMM_fee,26.591623246492986,0.008683243528278978
IMPROVED_AMM_fee,26.598997995991983,0.008982778820231399
IMPROVED_AMM_fee,26.60637274549098,0.009295630421128428
IMPROVED_AMM_fee,26.61374749498998,0.009623629788643402
IMPROVED_AMM_fee,26.621122244488976,0.009968742271578094
IMPROVED_AMM_fee,26.628496993987977,0.010333059452007583
IMPROVED_AMM_fee,26.635871743486973,0.010718789818774051
IMPROVED_AMM_fee,26.64324649298597,0.011128247798379605
IMPROVED_AMM_fee,26.65062124248497,0.011563841186919305
IMPROVED_AMM_fee,26.657995991983967,0.012028057044482848
IMPROVED_AMM_fee,26.665370741482967,0.012523446131368146
IMPROVED_AMM_fee,26.672745490981963,0.013052605983416893
IMPROVED_AMM_fee,26.68012024048096,0.013618162741825906
IMPROVED_AMM_fee,26.68749498997996,0.014222751870742416
IMPROVED_AMM_fee,26.694869739478957,0.01486899791380572
IMPROVED_AMM_fee,26.702244488977954,0.015559493458402044
IMPROVED_AMM_fee,26.709619238476954,0.0162967774935479
IMPROVED_AMM_fee,26.71699398797595,0.01708331336389772
IMPROVED_AMM_fee,26.72436873747495,0.017921466538042552
IMPROVED_AMM_fee,26.731743486973947,0.018813482423755697
IMPROVED_AMM_fee,26.739118236472944,0.019761464475862436
IMPROVED_AMM_fee,26.746492985971944,0.020767352853457186
IMPROVED_AMM_fee,26.75386773547094,0.021832903891959122
IMPROVED_AMM_fee,26.761242484969937,0.022959670661512072
IMPROVED_AMM_fee,26.768617234468937,0.02414898488597084
IMPROVED_AMM_fee,26.775991983967934,0.025401940495895278
IMPROVED_AMM_fee,26.783366733466934,0.02671937908403676
IMPROVED_AMM_fee,26.79074148296593,0.028101877522431446
IMPROVED_AMM_fee,26.798116232464928,0.029549737986221677
IMPROVED_AMM_fee,26.805490981963928,0.031062980610272833
IMPROVED_AMM_fee,26.812865731462924,0.03264133898071314
IMPROVED_AMM_fee,26.820240480961925,0.034284258634501026
IMPROVED_AMM_fee,26.82761523046092,0.03599089870624093
IMPROVED_AMM_fee,26.834989979959918,0.03776013682315057
IMPROVED_AMM_fee,26.842364729458918,0.03959057730653083
IMPROVED_AMM_fee,26.849739478957915,0.04148056269214834
IMPROVED_AMM_fee,26.85711422845691,0.04342818853327502
IMPROVED_AMM_fee,26.86448897795591,0.0454313213994846
IMPROVED_AMM_fee,26.871863727454908,0.04748761993296967
IMPROVED_AMM_fee,26.87923847695391,0.04959455877292646
IMPROVED_AMM_fee,26.886613226452905,0.0517494551087133
IMPROVED_AMM_fee,26.8939879759519,0.05394949757537653
IMPROVED_AMM_fee,26.901362725450902,0.05619177716155955
IMPROVED_AMM_fee,26.9087374749499,0.05847331976138023
IMPROVED_AMM_fee,26.9161122244489,0.06079111996927675
IMPROVED_AMM_fee,26.923486973947895,0.0631421756911708
IMPROVED_AMM_fee,26.930861723446892,0.06552352312753972
IMPROVED_AMM_fee,26.938236472945892,0.06793227167438506
IMPROVED_AMM_fee,26.94561122244489,0.07036563828739568
IMPROVED_AMM_fee,26.952985971943885,0.07282098086285176
IMPROVED_AMM_fee,26.960360721442886,0.07529583020577009
IMPROVED_AMM_fee,26.967735470941882,0.07778792018147221
IMPROVED_AMM_fee,26.975110220440882,0.08029521568022975
IMPROVED_AMM_fee,26.98248496993988,0.08281593806518368
IMPROVED_AMM_fee,26.989859719438876,0.08534858782049877
IMPROVED_AMM_fee,26.997234468937876,0.08789196416796714
IMPROVED_AMM_fee,27.004609218436872,0.09044518147518231
IMPROVED_AMM_fee,27.01198396793587,0.09300768233496355
IMPROVED_AMM_fee,27.01935871743487,0.09557924725252277
IMPROVED_AMM_fee,27.026733466933866,0.09816000093242543
IMPROVED_AMM_fee,27.034108216432866,0.10075041520990126
IMPROVED_AMM_fee,27.041482965931863,0.10335130871914977
IMPROVED_AMM_fee,27.04885771543086,0.1059638434338207
IMPROVED_AMM_fee,27.05623246492986,0.10858951825026585
IMPROVED_AMM_fee,27.063607214428856,0.11123015981214115
IMPROVED_AMM_fee,27.070981963927856,0.11388791079444298
IMPROVED_AMM_fee,27.078356713426853,0.11656521587596798
IMPROVED_AMM_fee,27.08573146292585,0.11926480563174709
IMPROVED_AMM_fee,27.09310621242485,0.12198967857108683
IMPROVED_AMM_fee,27.100480961923846,0.12474308153374425
IMPROVED_AMM_fee,27.107855711422843,0.12752848863700184
IMPROVED_AMM_fee,27.115230460921843,0.13034957894141766
IMPROVED_AMM_fee,27.12260521042084,0.13321021297444227
IMPROVED_AMM_fee,27.12997995991984,0.13611440822026993
IMPROVED_AMM_fee,27.137354709418837,0.1390663136532574
IMPROVED_AMM_fee,27.144729458917833,0.14207018336276575
IMPROVED_AMM_fee,27.152104208416834,0.14513034929094026
IMPROVED_AMM_fee,27.15947895791583,0.14825119308382642
IMPROVED_AMM_fee,27.16685370741483,0.15143711704144594
IMPROVED_AMM_fee,27.174228456913827,0.1546925141454623
IMPROVED_AMM_fee,27.181603206412824,0.15802173714506532
IMPROVED_AMM_fee,27.188977955911824,0.16142906669274248
IMPROVED_AMM_fee,27.19635270541082,0.16491867854268866
IMPROVED_AMM_fee,27.203727454909817,0.16849460985490783
IMPROVED_AMM_fee,27.211102204408817,0.17216072468733468
IMPROVED_AMM_fee,27.218476953907814,0.17592067880559642
IMPROVED_AMM_fee,27.225851703406814,0.1797778839936745
IMPROVED_AMM_fee,27.23322645290581,0.1837354721072173
IMPROVED_AMM_fee,27.240601202404807,0.1877962591724701
IMPROVED_AMM_fee,27.247975951903808,0.19196270989525122
IMPROVED_AMM_fee,27.255350701402804,0.19623690300402594
IMPROVED_AMM_fee,27.262725450901804,0.20062049790596126
IMPROVED_AMM_fee,27.2701002004008,0.20511470318249492
IMPROVED_AMM_fee,27.277474949899798,0.20972024748930676
IMPROVED_AMM_fee,27.284849699398798,0.21443735345160797
IMPROVED_AMM_fee,27.292224448897795,0.21926571515840337
IMPROVED_AMM_fee,27.29959919839679,0.22420447985638053
IMPROVED_AMM_fee,27.30697394789579,0.22925223442448273
IMPROVED_AMM_fee,27.314348697394788,0.234406997173638
IMPROVED_AMM_fee,27.321723446893788,0.23966621546167405
IMPROVED_AMM_fee,27.329098196392785,0.24502676954219188
IMPROVED_AMM_fee,27.33647294589178,0.25048498297868904
IMPROVED_AMM_fee,27.34384769539078,0.2560366398528867
IMPROVED_AMM_fee,27.35122244488978,0.26167700888142026
IMPROVED_AMM_fee,27.35859719438878,0.26740087442975613
IMPROVED_AMM_fee,27.365971943887775,0.27320257427934674
IMPROVED_AMM_fee,27.37334669338677,0.2790760438672757
IMPROVED_AMM_fee,27.380721442885772,0.28501486657923014
IMPROVED_AMM_fee,27.38809619238477,0.2910123295414707
IMPROVED_AMM_fee,27.395470941883765,0.2970614842278483
IMPROVED_AMM_fee,27.402845691382765,0.30315521107791266
IMPROVED_AMM_fee,27.410220440881762,0.3092862872151559
IMPROVED_AMM_fee,27.417595190380762,0.3154474562629013
IMPROVED_AMM_fee,27.42496993987976,0.321631499182393
IMPROVED_AMM_fee,27.432344689378755,0.32783130500542784
IMPROVED_AMM_fee,27.439719438877756,0.33403994030367057
IMPROVED_AMM_fee,27.447094188376752,0.3402507162305408
IMPROVED_AMM_fee,27.45446893787575,0.34645725198909394
IMPROVED_AMM_fee,27.46184368737475,0.35265353362090335
IMPROVED_AMM_fee,27.469218436873746,0.3588339670764069
IMPROVED_AMM_fee,27.476593186372746,0.36499342461442996
IMPROVED_AMM_fee,27.483967935871743,0.3711272836868377
IMPROVED_AMM_fee,27.49134268537074,0.3772314575907813
IMPROVED_AMM_fee,27.49871743486974,0.3833024173130392
IMPROVED_AMM_fee,27.506092184368736,0.3893372041462464
IMPROVED_AMM_fee,27.513466933867736,0.3953334328209889
IMPROVED_AMM_fee,27.520841683366733,0.40128928506835176
IMPROVED_AMM_fee,27.52821643286573,0.40720349370034586
IMPROVED_AMM_fee,27.53559118236473,0.41307531746719944
IMPROVED_AMM_fee,27.542965931863726,0.41890450711754496
IMPROVED_AMM_fee,27.550340681362723,0.4246912632462406
IMPROVED_AMM_fee,27.557715430861723,0.4304361866619054
IMPROVED_AMM_fee,27.56509018036072,0.4361402221396637
IMPROVED_AMM_fee,27.57246492985972,0.44180459654096077
IMPROVED_AMM_fee,27.579839679358717,0.4474307523799473
IMPROVED_AMM_fee,27.587214428857713,0.4530202779931327
IMPROVED_AMM_fee,27.594589178356713,0.4585748355240954
IMPROVED_AMM_fee,27.60196392785571,0.4640960879680183
IMPROVED_AMM_fee,27.609338677354707,0.4695856265306987
IMPROVED_AMM_fee,27.616713426853707,0.4750448995441382
IMPROVED_AMM_fee,27.624088176352704,0.48047514414643105
IMPROVED_AMM_fee,27.631462925851704,0.48587732187845933
IMPROVED_AMM_fee,27.6388376753507,0.4912520592753815
IMPROVED_AMM_fee,27.646212424849697,0.49659959443920454
IMPROVED_AMM_fee,27.653587174348697,0.5019197304713384
IMPROVED_AMM_fee,27.660961923847694,0.5072117965242352
IMPROVED_AMM_fee,27.668336673346694,0.5124746171006309
IMPROVED_AMM_fee,27.67571142284569,0.517706490090905
IMPROVED_AMM_fee,27.683086172344687,0.5229051738959559
IMPROVED_AMM_fee,27.690460921843687,0.5280678838375052
IMPROVED_AMM_fee,27.697835671342684,0.5331912979127145
IMPROVED_AMM_fee,27.70521042084168,0.5382715718075247
IMPROVED_AMM_fee,27.71258517034068,0.5433043629458115
IMPROVED_AMM_fee,27.719959919839678,0.5482848632211613
IMPROVED_AMM_fee,27.727334669338678,0.5532078399367341
IMPROVED_AMM_fee,27.734709418837674,0.5580676843676351
IMPROVED_AMM_fee,27.74208416833667,0.5628584672609321
IMPROVED_AMM_fee,27.74945891783567,0.5675740005014045
IMPROVED_AMM_fee,27.756833667334668,0.5722079040975472
IMPROVED_AMM_fee,27.764208416833668,0.5767536775817422
IMPROVED_AMM_fee,27.771583166332665,0.5812047748716878
IMPROVED_AMM_fee,27.77895791583166,0.5855546816064109
IMPROVED_AMM_fee,27.78633266533066,0.5897969939491914
IMPROVED_AMM_fee,27.793707414829658,0.5939254978411237
IMPROVED_AMM_fee,27.801082164328655,0.5979342476918484
IMPROVED_AMM_fee,27.808456913827655,0.6018176435075211
IMPROVED_AMM_fee,27.81583166332665,0.6055705054796346
IMPROVED_AMM_fee,27.82320641282565,0.6091881450908726
IMPROVED_AMM_fee,27.83058116232465,0.6126664318350561
IMPROVED_AMM_fee,27.837955911823645,0.6160018546967211
IMPROVED_AMM_fee,27.845330661322645,0.6191915775910916
IMPROVED_AMM_fee,27.852705410821642,0.6222334880270576
IMPROVED_AMM_fee,27.860080160320642,0.6251262383231122
IMPROVED_AMM_fee,27.86745490981964,0.6278692787793307
IMPROVED_AMM_fee,27.874829659318635,0.6304628822865492
IMPROVED_AMM_fee,27.882204408817636,0.632908159936963
IMPROVED_AMM_fee,27.889579158316632,0.6352070672881482
IMPROVED_AMM_fee,27.89695390781563,0.6373624010245523
IMPROVED_AMM_fee,27.90432865731463,0.639377785856925
IMPROVED_AMM_fee,27.911703406813626,0.6412576516002697
IMPROVED_AMM_fee,27.919078156312626,0.6430072004743596
IMPROVED_AMM_fee,27.926452905811622,0.6446323647772879
IMPROVED_AMM_fee,27.93382765531062,0.6461397551908988
IMPROVED_AMM_fee,27.94120240480962,0.6475366000864706
IMPROVED_AMM_fee,27.948577154308616,0.648830676308881
IMPROVED_AMM_fee,27.955951903807616,0.6500302320259556
IMPROVED_AMM_fee,27.963326653306613,0.6511439023358709
IMPROVED_AMM_fee,27.97070140280561,0.6521806184274769
IMPROVED_AMM_fee,27.97807615230461,0.653149511184778
IMPROVED_AMM_fee,27.985450901803606,0.6540598102157997
IMPROVED_AMM_fee,27.992825651302603,0.6549207393658872
IMPROVED_AMM_fee,28.000200400801603,0.6557414098446924
IMPROVED_AMM_fee,28.0075751503006,0.6565307121526874
IMPROVED_AMM_fee,28.0149498997996,0.6572972080360983
IMPROVED_AMM_fee,28.022324649298596,0.6580490237268928
IMPROVED_AMM_fee,28.029699398797593,0.6587937457362795
IMPROVED_AMM_fee,28.037074148296593,0.6595383204650852
IMPROVED_AMM_fee,28.04444889779559,0.6602889588722098
IMPROVED_AMM_fee,28.05182364729459,0.6610510474027685
IMPROVED_AMM_fee,28.059198396793587,0.661829066321051
IMPROVED_AMM_fee,28.066573146292583,0.6626265165206594
IMPROVED_AMM_fee,28.073947895791584,0.6634458557958292
IMPROVED_AMM_fee,28.08132264529058,0.664288445455836
IMPROVED_AMM_fee,28.088697394789577,0.6651545080494343
IMPROVED_AMM_fee,28.096072144288577,0.6660430968410058
IMPROVED_AMM_fee,28.103446893787574,0.6669520775457151
IMPROVED_AMM_fee,28.110821643286574,0.6678781226905772
IMPROVED_AMM_fee,28.11819639278557,0.668816718822952
IMPROVED_AMM_fee,28.125571142284567,0.6697621866411549
IMPROVED_AMM_fee,28.132945891783567,0.6707077139744689
IMPROVED_AMM_fee,28.140320641282564,0.6716454013950083
IMPROVED_AMM_fee,28.14769539078156,0.6725663201028121
IMPROVED_AMM_fee,28.15507014028056,0.6734605815904624
IMPROVED_AMM_fee,28.162444889779557,0.674317418465543
IMPROVED_AMM_fee,28.169819639278558,0.6751252756901175
IMPROVED_AMM_fee,28.177194388777554,0.6758719113867337
IMPROVED_AMM_fee,28.18456913827655,0.6765445062613283
IMPROVED_AMM_fee,28.19194388777555,0.6771297806053186
IMPROVED_AMM_fee,28.199318637274548,0.6776141177623783
IMPROVED_AMM_fee,28.206693386773544,0.6779836928802272
IMPROVED_AMM_fee,28.214068136272545,0.6782246057140535
IMPROVED_AMM_fee,28.22144288577154,0.67832301620604
IMPROVED_AMM_fee,28.22881763527054,0.6782652815343657
IMPROVED_AMM_fee,28.236192384769538,0.6780380933051547
IMPROVED_AMM_fee,28.243567134268535,0.6776286135515674
IMPROVED_AMM_fee,28.250941883767535,0.6770246082055084
IMPROVED_AMM_fee,28.25831663326653,0.6762145767191167
IMPROVED_AMM_fee,28.26569138276553,0.6751878765350363
IMPROVED_AMM_fee,28.27306613226453,0.6739348411366243
IMPROVED_AMM_fee,28.280440881763525,0.6724468904515057
IMPROVED_AMM_fee,28.287815631262525,0.6707166324347205
IMPROVED_AMM_fee,28.29519038076152,0.668737954720721
IMPROVED_AMM_fee,28.30256513026052,0.6665061053075706
IMPROVED_AMM_fee,28.30993987975952,0.6640177613212538
IMPROVED_AMM_fee,28.317314629258515,0.6612710850038727
IMPROVED_AMM_fee,28.324689378757515,0.658265766176101
IMPROVED_AMM_fee,28.332064128256512,0.6550030505420862
IMPROVED_AMM_fee,28.33943887775551,0.6514857533330665
IMPROVED_AMM_fee,28.34681362725451,0.6477182579246226
IMPROVED_AMM_fee,28.354188376753505,0.643706499210225
IMPROVED_AMM_fee,28.361563126252506,0.6394579316700697
IMPROVED_AMM_fee,28.368937875751502,0.6349814822376338
IMPROVED_AMM_fee,28.3763126252505,0.6302874882352635
IMPROVED_AMM_fee,28.3836873747495,0.6253876208226641
IMPROVED_AMM_fee,28.391062124248496,0.6202947945761285
IMPROVED_AMM_fee,28.398436873747492,0.6150230639892812
IMPROVED_AMM_fee,28.405811623246493,0.6095875078554454
IMPROVED_AMM_fee,28.41318637274549,0.6040041026545483
IMPROVED_AMM_fee,28.42056112224449,0.5982895862209995
IMPROVED_AMM_fee,28.427935871743486,0.5924613131101178
IMPROVED_AMM_fee,28.435310621242483,0.5865371032067533
IMPROVED_AMM_fee,28.442685370741483,0.5805350852277765
IMPROVED_AMM_fee,28.45006012024048,0.5744735368578376
IMPROVED_AMM_fee,28.45743486973948,0.5683707233227407
IMPROVED_AMM_fee,28.464809619238476,0.5622447362451766
IMPROVED_AMM_fee,28.472184368737473,0.5561133346420652
IMPROVED_AMM_fee,28.479559118236473,0.5499937899101931
IMPROVED_AMM_fee,28.48693386773547,0.5439027366071018
IMPROVED_AMM_fee,28.494308617234466,0.5378560307670507
IMPROVED_AMM_fee,28.501683366733467,0.5318686173985108
IMPROVED_AMM_fee,28.509058116232463,0.525954408690893
IMPROVED_AMM_fee,28.516432865731463,0.5201261743162255
IMPROVED_AMM_fee,28.52380761523046,0.5143954450484425
IMPROVED_AMM_fee,28.531182364729457,0.5087724307416772
IMPROVED_AMM_fee,28.538557114228457,0.5032659535125683
IMPROVED_AMM_fee,28.545931863727454,0.49788339676366716
IMPROVED_AMM_fee,28.553306613226454,0.4926306704690774
IMPROVED_AMM_fee,28.56068136272545,0.4875121929234696
IMPROVED_AMM_fee,28.568056112224447,0.48253088893523227
IMPROVED_AMM_fee,28.575430861723447,0.47768820422759084
IMPROVED_AMM_fee,28.582805611222444,0.4729841356015925
IMPROVED_AMM_fee,28.59018036072144,0.4684172762153628
IMPROVED_AMM_fee,28.59755511022044,0.4639848751477701
IMPROVED_AMM_fee,28.604929859719437,0.45968291024462066
IMPROVED_AMM_fee,28.612304609218437,0.4555061730935976
IMPROVED_AMM_fee,28.619679358717434,0.45144836484246725
IMPROVED_AMM_fee,28.62705410821643,0.4475022014647325
IMPROVED_AMM_fee,28.63442885771543,0.44365952698890376
IMPROVED_AMM_fee,28.641803607214428,0.4399114331422873
IMPROVED_AMM_fee,28.649178356713428,0.436248383817672
IMPROVED_AMM_fee,28.656553106212424,0.4326603427511894
IMPROVED_AMM_fee,28.66392785571142,0.4291369028013024
IMPROVED_AMM_fee,28.67130260521042,0.425667415241174
IMPROVED_AMM_fee,28.678677354709418,0.42224111751882126
IMPROVED_AMM_fee,28.686052104208414,0.41884725799951594
IMPROVED_AMM_fee,28.693426853707415,0.4154752162820345
IMPROVED_AMM_fee,28.70080160320641,0.4121146177724309
IMPROVED_AMM_fee,28.708176352705408,0.4087554413048714
IMPROVED_AMM_fee,28.715551102204408,0.40538811871677743
IMPROVED_AMM_fee,28.722925851703405,0.4020036254137699
IMPROVED_AMM_fee,28.730300601202405,0.398593561096706
IMPROVED_AMM_fee,28.7376753507014,0.3951502199674112
IMPROVED_AMM_fee,28.7450501002004,0.39166664987936245
IMPROVED_AMM_fee,28.7524248496994,0.38813670005352346
IMPROVED_AMM_fee,28.759799599198395,0.38455505713585614
IMPROVED_AMM_fee,28.767174348697395,0.3809172695302819
IMPROVED_AMM_fee,28.774549098196392,0.3772197600973172
IMPROVED_AMM_fee,28.78192384769539,0.3734598274625586
IMPROVED_AMM_fee,28.78929859719439,0.36963563632889607
IMPROVED_AMM_fee,28.796673346693385,0.365746197329816
IMPROVED_AMM_fee,28.804048096192382,0.3617913370967476
IMPROVED_AMM_fee,28.811422845691382,0.3577716593388858
IMPROVED_AMM_fee,28.81879759519038,0.3536884978476943
IMPROVED_AMM_fee,28.82617234468938,0.3495438624380023
IMPROVED_AMM_fee,28.833547094188376,0.34534037892201525
IMPROVED_AMM_fee,28.840921843687376,0.341081224279431
IMPROVED_AMM_fee,28.848296593186372,0.3367700582349532
IMPROVED_AMM_fee,28.85567134268537,0.3324109524826984
IMPROVED_AMM_fee,28.86304609218437,0.32800831880402087
IMPROVED_AMM_fee,28.870420841683366,0.32356683731091507
IMPROVED_AMM_fee,28.877795591182363,0.31909138601095455
IMPROVED_AMM_fee,28.885170340681363,0.31458697283221326
IMPROVED_AMM_fee,28.89254509018036,0.3100586711683243
IMPROVED_AMM_fee,28.899919839679356,0.30551155990621504
IMPROVED_AMM_fee,28.907294589178356,0.3009506687836397
IMPROVED_AMM_fee,28.914669338677353,0.29638092979284425
IMPROVED_AMM_fee,28.922044088176353,0.29180713520274904
IMPROVED_AMM_fee,28.92941883767535,0.28723390261848025
IMPROVED_AMM_fee,28.936793587174346,0.28266564733654953
IMPROVED_AMM_fee,28.944168336673346,0.2781065620904429
IMPROVED_AMM_fee,28.951543086172343,0.2735606041183406
IMPROVED_AMM_fee,28.958917835671343,0.2690314893255361
IMPROVED_AMM_fee,28.96629258517034,0.2645226931630487
IMPROVED_AMM_fee,28.973667334669337,0.26003745770363157
IMPROVED_AMM_fee,28.981042084168337,0.255578804270672
IMPROVED_AMM_fee,28.988416833667333,0.25114955086675383
IMPROVED_AMM_fee,28.99579158316633,0.2467523335595713
IMPROVED_AMM_fee,29.00316633266533,0.2423896309150643
IMPROVED_AMM_fee,29.010541082164327,0.23806379052279106
IMPROVED_AMM_fee,29.017915831663327,0.23377705663693263
IMPROVED_AMM_fee,29.025290581162324,0.22953159795867156
IMPROVED_AMM_fee,29.03266533066132,0.22532953461101862
IMPROVED_AMM_fee,29.04004008016032,0.22117296340479156
IMPROVED_AMM_fee,29.047414829659317,0.21706398056279877
IMPROVED_AMM_fee,29.054789579158317,0.21300470115602133
IMPROVED_AMM_fee,29.062164328657314,0.20899727460870268
IMPROVED_AMM_fee,29.06953907815631,0.20504389574547635
IMPROVED_AMM_fee,29.07691382765531,0.2011468109801979
IMPROVED_AMM_fee,29.084288577154307,0.19730831937963622
IMPROVED_AMM_fee,29.091663326653304,0.19353076847233042
IMPROVED_AMM_fee,29.099038076152304,0.18981654481031393
IMPROVED_AMM_fee,29.1064128256513,0.18616805942603531
IMPROVED_AMM_fee,29.1137875751503,0.18258772845522678
IMPROVED_AMM_fee,29.121162324649298,0.1790779493164721
IMPROVED_AMM_fee,29.128537074148294,0.17564107294661363
IMPROVED_AMM_fee,29.135911823647294,0.17227937268639962
IMPROVED_AMM_fee,29.14328657314629,0.16899501049079851
IMPROVED_AMM_fee,29.15066132264529,0.16579000120191298
IMPROVED_AMM_fee,29.158036072144288,0.16266617566878808
IMPROVED_AMM_fee,29.165410821643285,0.15962514352672874
IMPROVED_AMM_fee,29.172785571142285,0.15666825645937596
IMPROVED_AMM_fee,29.18016032064128,0.15379657275982883
IMPROVED_AMM_fee,29.187535070140278,0.15101082398337348
IMPROVED_AMM_fee,29.19490981963928,0.14831138444482594
IMPROVED_AMM_fee,29.202284569138275,0.14569824425957487
IMPROVED_AMM_fee,29.209659318637275,0.14317098656039626
IMPROVED_AMM_fee,29.21703406813627,0.14072876944411822
IMPROVED_AMM_fee,29.22440881763527,0.13837031311469325
IMPROVED_AMM_fee,29.23178356713427,0.13609389259445687
IMPROVED_AMM_fee,29.239158316633265,0.1338973362751684
IMPROVED_AMM_fee,29.246533066132265,0.13177803047681264
IMPROVED_AMM_fee,29.253907815631262,0.1297329300772149
IMPROVED_AMM_fee,29.26128256513026,0.1277585751709711
IMPROVED_AMM_fee,29.26865731462926,0.1258511136139944
IMPROVED_AMM_fee,29.276032064128255,0.12400632921170633
IMPROVED_AMM_fee,29.283406813627252,0.12221967521612245
IMPROVED_AMM_fee,29.290781563126252,0.12048631271119802
IMPROVED_AMM_fee,29.29815631262525,0.11880115338798833
IMPROVED_AMM_fee,29.305531062124246,0.11715890614247641
IMPROVED_AMM_fee,29.312905811623246,0.11555412687028115
IMPROVED_AMM_fee,29.320280561122242,0.11398127078441732
IMPROVED_AMM_fee,29.327655310621243,0.11243474654543308
IMPROVED_AMM_fee,29.33503006012024,0.11090897146797257
IMPROVED_AMM_fee,29.34240480961924,0.10939842705404233
IMPROVED_AMM_fee,29.349779559118236,0.10789771410128844
IMPROVED_AMM_fee,29.357154308617233,0.1064016066439134
IMPROVED_AMM_fee,29.364529058116233,0.10490510400439033
IMPROVED_AMM_fee,29.37190380761523,0.10340348026521722
IMPROVED_AMM_fee,29.379278557114226,0.10189233051105032
IMPROVED_AMM_fee,29.386653306613226,0.10036761324186129
IMPROVED_AMM_fee,29.394028056112223,0.09882568841643605
IMPROVED_AMM_fee,29.40140280561122,0.09726335065150729
IMPROVED_AMM_fee,29.40877755511022,0.09567785717416787
IMPROVED_AMM_fee,29.416152304609216,0.09406695020260365
IMPROVED_AMM_fee,29.423527054108217,0.09242887351148835
IMPROVED_AMM_fee,29.430901803607213,0.0907623830224362
IMPROVED_AMM_fee,29.438276553106213,0.08906675134512657
IMPROVED_AMM_fee,29.44565130260521,0.08734176628017237
IMPROVED_AMM_fee,29.453026052104207,0.08558772337888443
IMPROVED_AMM_fee,29.460400801603207,0.08380541273672261
IMPROVED_AMM_fee,29.467775551102203,0.08199610027513131
IMPROVED_AMM_fee,29.4751503006012,0.08016150383950145
IMPROVED_AMM_fee,29.4825250501002,0.07830376450810847
IMPROVED_AMM_fee,29.489899799599197,0.07642541356713825
IMPROVED_AMM_fee,29.497274549098194,0.07452933565935857
IMPROVED_AMM_fee,29.504649298597194,0.07261872865811898
IMPROVED_AMM_fee,29.51202404809619,0.07069706085338191
IMPROVED_AMM_fee,29.51939879759519,0.06876802606206078
IMPROVED_AMM_fee,29.526773547094187,0.06683549729095248
IMPROVED_AMM_fee,29.534148296593184,0.06490347958654251
IMPROVED_AMM_fee,29.541523046092184,0.0629760627024351
IMPROVED_AMM_fee,29.54889779559118,0.06105737420196469
IMPROVED_AMM_fee,29.55627254509018,0.059151533591230605
IMPROVED_AMM_fee,29.563647294589178,0.05726260804695461
IMPROVED_AMM_fee,29.571022044088174,0.05539457026464512
IMPROVED_AMM_fee,29.578396793587174,0.05355125890656948
IMPROVED_AMM_fee,29.58577154308617,0.051736342076804755
IMPROVED_AMM_fee,29.593146292585168,0.049953284193092584
IMPROVED_AMM_fee,29.600521042084168,0.04820531656364474
IMPROVED_AMM_fee,29.607895791583164,0.04649541191236344
IMPROVED_AMM_fee,29.615270541082165,0.04482626302941271
IMPROVED_AMM_fee,29.62264529058116,0.04320026565703466
IMPROVED_AMM_fee,29.630020040080158,0.04161950565380102
IMPROVED_AMM_fee,29.637394789579158,0.04008575041568158
IMPROVED_AMM_fee,29.644769539078155,0.038600444470157626
IMPROVED_AMM_fee,29.652144288577155,0.037164709101292354
IMPROVED_AMM_fee,29.65951903807615,0.03577934581015687
IMPROVED_AMM_fee,29.666893787575148,0.03444484336695267
IMPROVED_AMM_fee,29.67426853707415,0.03316138816940877
IMPROVED_AMM_fee,29.681643286573145,0.03192887758703229
IMPROVED_AMM_fee,29.68901803607214,0.030746935942901368
IMPROVED_AMM_fee,29.696392785571142,0.029614932764264138
IMPROVED_AMM_fee,29.70376753507014,0.028532002920167724
IMPROVED_AMM_fee,29.71114228456914,0.027497068258656214
IMPROVED_AMM_fee,29.718517034068135,0.02650886035757441
IMPROVED_AMM_fee,29.725891783567132,0.025565944011097144
IMPROVED_AMM_fee,29.733266533066132,0.02466674108848997
IMPROVED_AMM_fee,29.74064128256513,0.023809554421450142
IMPROVED_AMM_fee,29.74801603206413,0.02299259140102284
IMPROVED_AMM_fee,29.755390781563126,0.0222139869937506
IMPROVED_AMM_fee,29.762765531062122,0.021471825918414372
IMPROVED_AMM_fee,29.770140280561122,0.020764163758670937
IMPROVED_AMM_fee,29.77751503006012,0.020089046822125763
IMPROVED_AMM_fee,29.784889779559116,0.019444530592007018
IMPROVED_AMM_fee,29.792264529058116,0.018828696652855557
IMPROVED_AMM_fee,29.799639278557112,0.01823966800566957
IMPROVED_AMM_fee,29.807014028056113,0.01767562272008927
IMPROVED_AMM_fee,29.81438877755511,0.01713480590093613
IMPROVED_AMM_fee,29.821763527054106,0.016615539973151155
IMPROVED_AMM_fee,29.829138276553106,0.016116233312692328
IMPROVED_AMM_fee,29.836513026052103,0.0156353872709226
IMPROVED_AMM_fee,29.843887775551103,0.015171601656388603
IMPROVED_AMM_fee,29.8512625250501,0.014723578750717147
IMPROVED_AMM_fee,29.858637274549096,0.014290125944682625
IMPROVED_AMM_fee,29.866012024048096,0.01387015708667318
IMPROVED_AMM_fee,29.873386773547093,0.013462692639042395
IMPROVED_AMM_fee,29.88076152304609,0.013066858738605082
IMPROVED_AMM_fee,29.88813627254509,0.012681885256280436
IMPROVED_AMM_fee,29.895511022044087,0.012307102948035189
IMPROVED_AMM_fee,29.902885771543083,0.011941939785337356
IMPROVED_AMM_fee,29.910260521042083,0.011585916548792412
IMPROVED_AMM_fee,29.91763527054108,0.011238641763883235
IMPROVED_AMM_fee,29.92501002004008,0.010899806053230604
IMPROVED_AMM_fee,29.932384769539077,0.010569175975839892
IMPROVED_AMM_fee,29.939759519038077,0.010246587420651012
IMPROVED_AMM_fee,29.947134268537074,0.009931938619606414
IMPROVED_AMM_fee,29.95450901803607,0.009625182844416613
IMPROVED_AMM_fee,29.96188376753507,0.00932632085133551
IMPROVED_AMM_fee,29.969258517034067,0.009035393139427507
IMPROVED_AMM_fee,29.976633266533064,0.00875247208990279
IMPROVED_AMM_fee,29.984008016032064,0.008477654056913602
IMPROVED_AMM_fee,29.99138276553106,0.008211051483453167
IMPROVED_AMM_fee,29.998757515030057,0.007952785119384517
IMPROVED_AMM_fee,30.006132264529057,0.007702976421831002
IMPROVED_AMM_fee,30.013507014028054,0.007461740220798248
IMPROVED_AMM_fee,30.020881763527054,0.007229177734669976
IMPROVED_AMM_fee,30.02825651302605,0.007005370020790919
IMPROVED_AMM_fee,30.03563126252505,0.006790371945422881
IMPROVED_AMM_fee,30.043006012024048,0.006584206754745977
IMPROVED_AMM_fee,30.050380761523044,0.006386861324049391
IMPROVED_AMM_fee,30.057755511022044,0.006198282155770905
IMPROVED_AMM_fee,30.06513026052104,0.006018372188534337
IMPROVED_AMM_fee,30.072505010020038,0.005846988468873822
IMPROVED_AMM_fee,30.079879759519038,0.005683940725060421
IMPROVED_AMM_fee,30.087254509018035,0.005528990868554272
IMPROVED_AMM_fee,30.09462925851703,0.005381853433378387
IMPROVED_AMM_fee,30.10200400801603,0.005242196947500118
IMPROVED_AMM_fee,30.109378757515028,0.005109646213473425
IMPROVED_AMM_fee,30.116753507014028,0.004983785458591033
IMPROVED_AMM_fee,30.124128256513025,0.004864162298054191
IMPROVED_AMM_fee,30.13150300601202,0.004750292438635251
IMPROVED_AMM_fee,30.13887775551102,0.004641665035452258
IMPROVED_AMM_fee,30.14625250501002,0.004537748601188279
IMPROVED_AMM_fee,30.15362725450902,0.004437997355777594
IMPROVED_AMM_fee,30.161002004008015,0.004341857895568642
IMPROVED_AMM_fee,30.16837675350701,0.004248776054524211
IMPROVED_AMM_fee,30.175751503006012,0.004158203826347962
IMPROVED_AMM_fee,30.18312625250501,0.004069606215637601
IMPROVED_AMM_fee,30.190501002004005,0.003982467888305691
IMPROVED_AMM_fee,30.197875751503005,0.003896299496541656
IMPROVED_AMM_fee,30.205250501002002,0.0038106435613731687
IMPROVED_AMM_fee,30.212625250501002,0.003725079806235939
IMPROVED_AMM_fee,30.22,0.0036392298475987138
IMPROVED_OB_fee,29.74,0.06776601367181571
IMPROVED_OB_fee,29.742384769539076,0.07043412589815921
IMPROVED_OB_fee,29.744769539078156,0.07314950536017238
IMPROVED_OB_fee,29.747154308617233,0.07591248272680995
IMPROVED_OB_fee,29.74953907815631,0.07872359845277233
IMPROVED_OB_fee,29.75192384769539,0.08158360756634196
IMPROVED_OB_fee,29.754308617234468,0.08449348157703776
IMPROVED_OB_fee,29.756693386773545,0.08745440741588734
IMPROVED_OB_fee,29.759078156312622,0.0904677833631269
IMPROVED_OB_fee,29.761462925851703,0.09353521196147066
IMPROVED_OB_fee,29.76384769539078,0.09665848995711437
IMPROVED_OB_fee,29.766232464929857,0.09983959535468657
IMPROVED_OB_fee,29.768617234468937,0.10308067171576073
IMPROVED_OB_fee,29.771002004008015,0.10638400987260589
IMPROVED_OB_fee,29.77338677354709,0.10975202726898362
IMPROVED_OB_fee,29.775771543086172,0.11318724517736656
IMPROVED_OB_fee,29.77815631262525,0.11669226407642866
IMPROVED_OB_fee,29.780541082164326,0.12026973750351648
IMPROVED_OB_fee,29.782925851703407,0.12392234472363917
IMPROVED_OB_fee,29.785310621242484,0.1276527625788969
IMPROVED_OB_fee,29.78769539078156,0.13146363689991514
IMPROVED_OB_fee,29.790080160320638,0.13535755387350112
IMPROVED_OB_fee,29.79246492985972,0.1393370117681941
IMPROVED_OB_fee,29.794849699398796,0.14340439342152606
IMPROVED_OB_fee,29.797234468937873,0.14756193988960173
IMPROVED_OB_fee,29.799619238476954,0.15181172565100018
IMPROVED_OB_fee,29.80200400801603,0.15615563574299476
IMPROVED_OB_fee,29.804388777555108,0.16059534518925325
IMPROVED_OB_fee,29.80677354709419,0.16513230105336935
IMPROVED_OB_fee,29.809158316633265,0.16976770742417688
IMPROVED_OB_fee,29.811543086172342,0.1745025136047365
IMPROVED_OB_fee,29.813927855711423,0.17933740573886123
IMPROVED_OB_fee,29.8163126252505,0.18427280206701327
IMPROVED_OB_fee,29.818697394789577,0.189308851958211
IMPROVED_OB_fee,29.821082164328654,0.19444543881499682
IMPROVED_OB_fee,29.823466933867735,0.19968218689770792
IMPROVED_OB_fee,29.825851703406812,0.20501847205980286
IMPROVED_OB_fee,29.82823647294589,0.21045343633137162
IMPROVED_OB_fee,29.83062124248497,0.21598600623048186
IMPROVED_OB_fee,29.833006012024047,0.22161491462580574
IMPROVED_OB_fee,29.835390781563124,0.22733872591689988
IMPROVED_OB_fee,29.837775551102204,0.23315586424292892
IMPROVED_OB_fee,29.84016032064128,0.23906464437669273
IMPROVED_OB_fee,29.84254509018036,0.24506330490944697
IMPROVED_OB_fee,29.844929859719436,0.2511500432840656
IMPROVED_OB_fee,29.847314629258516,0.2573230521903799
IMPROVED_OB_fee,29.849699398797593,0.2635805567978416
IMPROVED_OB_fee,29.85208416833667,0.2699208522679543
IMPROVED_OB_fee,29.85446893787575,0.2763423409628019
IMPROVED_OB_fee,29.856853707414828,0.28284356874741334
IMPROVED_OB_fee,29.859238476953905,0.28942325977315025
IMPROVED_OB_fee,29.861623246492986,0.29608034912753156
IMPROVED_OB_fee,29.864008016032063,0.3028140127432489
IMPROVED_OB_fee,29.86639278557114,0.3096236939761199
IMPROVED_OB_fee,29.86877755511022,0.31650912628841554
IMPROVED_OB_fee,29.871162324649298,0.32347035151049014
IMPROVED_OB_fee,29.873547094188375,0.33050773320038407
IMPROVED_OB_fee,29.875931863727452,0.33762196467592065
IMPROVED_OB_fee,29.878316633266532,0.34481407135981335
IMPROVED_OB_fee,29.88070140280561,0.3520854071502788
IMPROVED_OB_fee,29.883086172344687,0.3594376446112618
IMPROVED_OB_fee,29.885470941883767,0.3668727588623443
IMPROVED_OB_fee,29.887855711422844,0.3743930051419215
IMPROVED_OB_fee,29.89024048096192,0.38200089011292543
IMPROVED_OB_fee,29.892625250501002,0.38969913707925513
IMPROVED_OB_fee,29.89501002004008,0.39749064538074447
IMPROVED_OB_fee,29.897394789579156,0.40537844433427456
IMPROVED_OB_fee,29.899779559118237,0.4133656421840187
IMPROVED_OB_fee,29.902164328657314,0.4214553706174035
IMPROVED_OB_fee,29.90454909819639,0.4296507254894583
IMPROVED_OB_fee,29.906933867735468,0.43795470447773277
IMPROVED_OB_fee,29.90931863727455,0.44637014246016277
IMPROVED_OB_fee,29.911703406813626,0.4548996454682521
IMPROVED_OB_fee,29.914088176352703,0.46354552411618233
IMPROVED_OB_fee,29.916472945891783,0.472309727442046
IMPROVED_OB_fee,29.91885771543086,0.4811937781194596
IMPROVED_OB_fee,29.921242484969937,0.490198710005508
IMPROVED_OB_fee,29.923627254509018,0.49932500898428483
IMPROVED_OB_fee,29.926012024048095,0.5085725580436272
IMPROVED_OB_fee,29.928396793587172,0.5179405874865768
IMPROVED_OB_fee,29.930781563126253,0.5274276311286059
IMPROVED_OB_fee,29.93316633266533,0.5370314892676538
IMPROVED_OB_fee,29.935551102204407,0.5467491991372432
IMPROVED_OB_fee,29.937935871743484,0.5565770134645582
IMPROVED_OB_fee,29.940320641282565,0.5665103876565722
IMPROVED_OB_fee,29.94270541082164,0.5765439760298089
IMPROVED_OB_fee,29.94509018036072,0.5866716373844275
IMPROVED_OB_fee,29.9474749498998,0.5968864501032084
IMPROVED_OB_fee,29.949859719438876,0.6071807368318963
IMPROVED_OB_fee,29.952244488977954,0.6175460986725927
IMPROVED_OB_fee,29.954629258517034,0.6279734586952358
IMPROVED_OB_fee,29.95701402805611,0.6384531144506802
IMPROVED_OB_fee,29.95939879759519,0.6489747990488874
IMPROVED_OB_fee,29.96178356713427,0.6595277502525987
IMPROVED_OB_fee,29.964168336673346,0.6701007869309555
IMPROVED_OB_fee,29.966553106212423,0.680682392121856
IMPROVED_OB_fee,29.9689378757515,0.6912608018640368
IMPROVED_OB_fee,29.97132264529058,0.7018240988861159
IMPROVED_OB_fee,29.973707414829658,0.7123603101776643
IMPROVED_OB_fee,29.976092184368735,0.722857507418563
IMPROVED_OB_fee,29.978476953907816,0.733303909207685
IMPROVED_OB_fee,29.980861723446893,0.7436879840113395
IMPROVED_OB_fee,29.98324649298597,0.753998552746305
IMPROVED_OB_fee,29.98563126252505,0.7642248899181731
IMPROVED_OB_fee,29.988016032064127,0.7743568222583543
IMPROVED_OB_fee,29.990400801603204,0.7843848238364902
IMPROVED_OB_fee,29.992785571142285,0.7943001066715172
IMPROVED_OB_fee,29.995170340681362,0.8040947059221345
IMPROVED_OB_fee,29.99755511022044,0.8137615588046909
IMPROVED_OB_fee,29.999939879759516,0.823294576462591
IMPROVED_OB_fee,30.002324649298597,0.8326887080945926
IMPROVED_OB_fee,30.004709418837674,0.8419399967381638
IMPROVED_OB_fee,30.00709418837675,0.8510456261972856
IMPROVED_OB_fee,30.00947895791583,0.8600039586996022
IMPROVED_OB_fee,30.01186372745491,0.8688145629646478
IMPROVED_OB_fee,30.014248496993986,0.8774782324611085
IMPROVED_OB_fee,30.016633266533066,0.8859969937255606
IMPROVED_OB_fee,30.019018036072143,0.8943741047063
IMPROVED_OB_fee,30.02140280561122,0.9026140431836929
IMPROVED_OB_fee,30.023787575150298,0.9107224853990772
IMPROVED_OB_fee,30.02617234468938,0.9187062751018716
IMPROVED_OB_fee,30.028557114228455,0.9265733832926679
IMPROVED_OB_fee,30.030941883767532,0.9343328590032834
IMPROVED_OB_fee,30.033326653306613,0.9419947715100572
IMPROVED_OB_fee,30.03571142284569,0.9495701444251192
IMPROVED_OB_fee,30.038096192384767,0.957070882152468
IMPROVED_OB_fee,30.040480961923848,0.9645096892304406
IMPROVED_OB_fee,30.042865731462925,0.9718999831128676
IMPROVED_OB_fee,30.045250501002002,0.979255800965643
IMPROVED_OB_fee,30.047635270541083,0.9865917010760488
IMPROVED_OB_fee,30.05002004008016,0.9939226594899621
IMPROVED_OB_fee,30.052404809619237,1.001263962507936
IMPROVED_OB_fee,30.054789579158314,1.0086310956841553
IMPROVED_OB_fee,30.057174348697394,1.0160396299869172
IMPROVED_OB_fee,30.05955911823647,1.0235051057923659
IMPROVED_OB_fee,30.06194388777555,1.0310429153991025
IMPROVED_OB_fee,30.06432865731463,1.0386681847666717
IMPROVED_OB_fee,30.066713426853706,1.0463956551997802
IMPROVED_OB_fee,30.069098196392783,1.0542395657198993
IMPROVED_OB_fee,30.071482965931864,1.062213536887344
IMPROVED_OB_fee,30.07386773547094,1.0703304568600887
IMPROVED_OB_fee,30.076252505010018,1.0786023704987195
IMPROVED_OB_fee,30.0786372745491,1.087040372350395
IMPROVED_OB_fee,30.081022044088176,1.0956545043660686
IMPROVED_OB_fee,30.083406813627253,1.1044536592246252
IMPROVED_OB_fee,30.08579158316633,1.113445490152095
IMPROVED_OB_fee,30.08817635270541,1.1226363281335099
IMPROVED_OB_fee,30.090561122244488,1.1320311074164189
IMPROVED_OB_fee,30.092945891783565,1.1416333001980556
IMPROVED_OB_fee,30.095330661322645,1.1514448613698274
IMPROVED_OB_fee,30.097715430861722,1.16146618416286
IMPROVED_OB_fee,30.1001002004008,1.1716960674944188
IMPROVED_OB_fee,30.10248496993988,1.1821316957566275
IMPROVED_OB_fee,30.104869739478957,1.192768631714504
IMPROVED_OB_fee,30.107254509018034,1.2036008230908128
IMPROVED_OB_fee,30.109639278557115,1.214620623306932
IMPROVED_OB_fee,30.112024048096192,1.2258188267276662
IMPROVED_OB_fee,30.11440881763527,1.2371847186180078
IMPROVED_OB_fee,30.116793587174346,1.2487061398666937
IMPROVED_OB_fee,30.119178356713427,1.2603695663645593
IMPROVED_OB_fee,30.121563126252504,1.2721602027479466
IMPROVED_OB_fee,30.12394789579158,1.284062090029887
IMPROVED_OB_fee,30.12633266533066,1.2960582264478888
IMPROVED_OB_fee,30.12871743486974,1.3081307006596998
IMPROVED_OB_fee,30.131102204408815,1.3202608362222885
IMPROVED_OB_fee,30.133486973947896,1.3324293460931138
IMPROVED_OB_fee,30.135871743486973,1.3446164957073024
IMPROVED_OB_fee,30.13825651302605,1.3568022730070897
IMPROVED_OB_fee,30.14064128256513,1.368966563638517
IMPROVED_OB_fee,30.143026052104208,1.3810893293866726
IMPROVED_OB_fee,30.145410821643285,1.393150787799491
IMPROVED_OB_fee,30.147795591182362,1.405131590853517
IMPROVED_OB_fee,30.150180360721443,1.4170130004477113
IMPROVED_OB_fee,30.15256513026052,1.4287770584739306
IMPROVED_OB_fee,30.154949899799597,1.4404067492095158
IMPROVED_OB_fee,30.157334669338677,1.4518861518087653
IMPROVED_OB_fee,30.159719438877755,1.4632005807373858
IMPROVED_OB_fee,30.16210420841683,1.474336712098297
IMPROVED_OB_fee,30.164488977955912,1.4852826939375763
IMPROVED_OB_fee,30.16687374749499,1.4960282387957076
IMPROVED_OB_fee,30.169258517034066,1.5065646969792559
IMPROVED_OB_fee,30.171643286573143,1.5168851092705251
IMPROVED_OB_fee,30.174028056112224,1.5269842380636462
IMPROVED_OB_fee,30.1764128256513,1.53685857621199
IMPROVED_OB_fee,30.178797595190378,1.5465063331895847
IMPROVED_OB_fee,30.18118236472946,1.5559273985031374
IMPROVED_OB_fee,30.183567134268536,1.5651232826367139
IMPROVED_OB_fee,30.185951903807613,1.5740970361624047
IMPROVED_OB_fee,30.188336673346694,1.5828531480000534
IMPROVED_OB_fee,30.19072144288577,1.5913974241542603
IMPROVED_OB_fee,30.193106212424848,1.5997368485877366
IMPROVED_OB_fee,30.19549098196393,1.6078794282021367
IMPROVED_OB_fee,30.197875751503005,1.6158340241847358
IMPROVED_OB_fee,30.200260521042082,1.6236101722359306
IMPROVED_OB_fee,30.20264529058116,1.6312178944107423
IMPROVED_OB_fee,30.20503006012024,1.6386675054866435
IMPROVED_OB_fee,30.207414829659317,1.645969416900706
IMPROVED_OB_fee,30.209799599198394,1.6531339413824229
IMPROVED_OB_fee,30.212184368737475,1.6601711014370337
IMPROVED_OB_fee,30.214569138276552,1.6670904448102375
IMPROVED_OB_fee,30.21695390781563,1.6739008699843922
IMPROVED_OB_fee,30.21933867735471,1.6806104646207638
IMPROVED_OB_fee,30.221723446893787,1.6872263596722423
IMPROVED_OB_fee,30.224108216432864,1.6937546016488758
IMPROVED_OB_fee,30.226492985971944,1.7002000452273531
IMPROVED_OB_fee,30.22887775551102,1.7065662680602105
IMPROVED_OB_fee,30.2312625250501,1.712855509265316
IMPROVED_OB_fee,30.233647294589176,1.7190686326681257
IMPROVED_OB_fee,30.236032064128256,1.7252051154353545
IMPROVED_OB_fee,30.238416833667333,1.7312630622854304
IMPROVED_OB_fee,30.24080160320641,1.7372392449986762
IMPROVED_OB_fee,30.24318637274549,1.743129166485444
IMPROVED_OB_fee,30.245571142284568,1.7489271482132795
IMPROVED_OB_fee,30.247955911823645,1.7546264393531
IMPROVED_OB_fee,30.250340681362726,1.7602193455884403
IMPROVED_OB_fee,30.252725450901803,1.7656973751493228
IMPROVED_OB_fee,30.25511022044088,1.771051399291379
IMPROVED_OB_fee,30.25749498997996,1.7762718241481863
IMPROVED_OB_fee,30.259879759519038,1.7813487706486222
IMPROVED_OB_fee,30.262264529058115,1.7862722590141742
IMPROVED_OB_fee,30.26464929859719,1.7910323942405717
IMPROVED_OB_fee,30.267034068136272,1.7956195489247868
IMPROVED_OB_fee,30.26941883767535,1.8000245398261878
IMPROVED_OB_fee,30.271803607214427,1.8042387946475458
IMPROVED_OB_fee,30.274188376753507,1.8082545056886727
IMPROVED_OB_fee,30.276573146292584,1.8120647672586234
IMPROVED_OB_fee,30.27895791583166,1.815663694029508
IMPROVED_OB_fee,30.281342685370742,1.819046517868071
IMPROVED_OB_fee,30.28372745490982,1.822209661087326
IMPROVED_OB_fee,30.286112224448896,1.8251507845088033
IMPROVED_OB_fee,30.288496993987977,1.8278688092100752
IMPROVED_OB_fee,30.290881763527054,1.8303639113415338
IMPROVED_OB_fee,30.29326653306613,1.832637489921674
IMPROVED_OB_fee,30.295651302605208,1.8346921080503125
IMPROVED_OB_fee,30.29803607214429,1.8365314085042415
IMPROVED_OB_fee,30.300420841683366,1.8381600051889153
IMPROVED_OB_fee,30.302805611222443,1.8395833524029015
IMPROVED_OB_fee,30.305190380761523,1.8408075943184423
IMPROVED_OB_fee,30.3075751503006,1.8418393974839353
IMPROVED_OB_fee,30.309959919839677,1.8426857695025136
IMPROVED_OB_fee,30.312344689378758,1.843353867329517
IMPROVED_OB_fee,30.314729458917835,1.843850798853547
IMPROVED_OB_fee,30.317114228456912,1.8441834215774429
IMPROVED_OB_fee,30.319498997995993,1.8443581422925932
IMPROVED_OB_fee,30.32188376753507,1.8443807216424675
IMPROVED_OB_fee,30.324268537074147,1.8442560873974017
IMPROVED_OB_fee,30.326653306613224,1.8439881601157446
IMPROVED_OB_fee,30.329038076152305,1.8435796946481067
IMPROVED_OB_fee,30.33142284569138,1.8430321406569965
IMPROVED_OB_fee,30.33380761523046,1.8423455249792229
IMPROVED_OB_fee,30.33619238476954,1.8415183582598629
IMPROVED_OB_fee,30.338577154308616,1.8405475678428649
IMPROVED_OB_fee,30.340961923847694,1.8394284584230578
IMPROVED_OB_fee,30.343346693386774,1.8381547014574302
IMPROVED_OB_fee,30.34573146292585,1.8367183538099414
IMPROVED_OB_fee,30.34811623246493,1.8351099055740043
IMPROVED_OB_fee,30.35050100200401,1.8333183564913285
IMPROVED_OB_fee,30.352885771543086,1.8313313198737673
IMPROVED_OB_fee,30.355270541082163,1.8291351524476438
IMPROVED_OB_fee,30.35765531062124,1.8267151080854742
IMPROVED_OB_fee,30.36004008016032,1.8240555129771723
IMPROVED_OB_fee,30.362424849699398,1.8211399594290907
IMPROVED_OB_fee,30.364809619238475,1.8179515151706345
IMPROVED_OB_fee,30.367194388777556,1.8144729447999657
IMPROVED_OB_fee,30.369579158316633,1.8106869398164986
IMPROVED_OB_fee,30.37196392785571,1.8065763535703738
IMPROVED_OB_fee,30.37434869739479,1.8021244374096401
IMPROVED_OB_fee,30.376733466933867,1.7973150743238075
IMPROVED_OB_fee,30.379118236472944,1.7921330064660017
IMPROVED_OB_fee,30.381503006012025,1.786564053082741
IMPROVED_OB_fee,30.383887775551102,1.7805953155859686
IMPROVED_OB_fee,30.38627254509018,1.7742153667609928
IMPROVED_OB_fee,30.388657314629256,1.7674144214113958
IMPROVED_OB_fee,30.391042084168337,1.7601844860894107
IMPROVED_OB_fee,30.393426853707414,1.7525194859416882
IMPROVED_OB_fee,30.39581162324649,1.7444153671068887
IMPROVED_OB_fee,30.39819639278557,1.7358701735252895
IMPROVED_OB_fee,30.40058116232465,1.7268840974538515
IMPROVED_OB_fee,30.402965931863726,1.717459503412657
IMPROVED_OB_fee,30.405350701402806,1.7076009257165203
IMPROVED_OB_fee,30.407735470941883,1.6973150401553088
IMPROVED_OB_fee,30.41012024048096,1.6866106107769685
IMPROVED_OB_fee,30.412505010020038,1.6754984130883808
IMPROVED_OB_fee,30.414889779559118,1.6639911353164256
IMPROVED_OB_fee,30.417274549098195,1.6521032596599534
IMPROVED_OB_fee,30.419659318637272,1.6398509257096963
IMPROVED_OB_fee,30.422044088176353,1.627251778413844
IMPROVED_OB_fee,30.42442885771543,1.6143248031203374
IMPROVED_OB_fee,30.426813627254507,1.601090150330989
IMPROVED_OB_fee,30.429198396793588,1.5875689528605048
IMPROVED_OB_fee,30.431583166332665,1.5737831381016651
IMPROVED_OB_fee,30.433967935871742,1.5597552380621016
IMPROVED_OB_fee,30.436352705410822,1.5455081997584237
IMPROVED_OB_fee,30.4387374749499,1.5310651984347785
IMPROVED_OB_fee,30.441122244488977,1.5164494559176285
IMPROVED_OB_fee,30.443507014028054,1.5016840662323419
IMPROVED_OB_fee,30.445891783567134,1.4867918303939698
IMPROVED_OB_fee,30.44827655310621,1.4717951020501807
IMPROVED_OB_fee,30.45066132264529,1.4567156454026364
IMPROVED_OB_fee,30.45304609218437,1.441574506571554
IMPROVED_OB_fee,30.455430861723446,1.4263918992995026
IMPROVED_OB_fee,30.457815631262523,1.4111871056219094
IMPROVED_OB_fee,30.460200400801604,1.3959783918668311
IMPROVED_OB_fee,30.46258517034068,1.38078294009033
IMPROVED_OB_fee,30.464969939879758,1.3656167948104365
IMPROVED_OB_fee,30.46735470941884,1.3504948246756896
IMPROVED_OB_fee,30.469739478957916,1.3354306984973983
IMPROVED_OB_fee,30.472124248496993,1.32043687488895
IMPROVED_OB_fee,30.47450901803607,1.3055246045973565
IMPROVED_OB_fee,30.47689378757515,1.2907039444755037
IMPROVED_OB_fee,30.479278557114228,1.2759837819391686
IMPROVED_OB_fee,30.481663326653305,1.2613718686713034
IMPROVED_OB_fee,30.484048096192385,1.2468748622867458
IMPROVED_OB_fee,30.486432865731462,1.2324983746432814
IMPROVED_OB_fee,30.48881763527054,1.2182470254874351
IMPROVED_OB_fee,30.49120240480962,1.204124500148618
IMPROVED_OB_fee,30.493587174348697,1.190133610043317
IMPROVED_OB_fee,30.495971943887774,1.176276354817844
IMPROVED_OB_fee,30.49835671342685,1.162553985046612
IMPROVED_OB_fee,30.500741482965932,1.1489670645014851
IMPROVED_OB_fee,30.50312625250501,1.1355155311233183
IMPROVED_OB_fee,30.505511022044086,1.1221987559468085
IMPROVED_OB_fee,30.507895791583167,1.1090155993610833
IMPROVED_OB_fee,30.510280561122244,1.0959644642183597
IMPROVED_OB_fee,30.51266533066132,1.0830433454360469
IMPROVED_OB_fee,30.5150501002004,1.0702498758667949
IMPROVED_OB_fee,30.51743486973948,1.0575813683354152
IMPROVED_OB_fee,30.519819639278555,1.0450348538578405
IMPROVED_OB_fee,30.522204408817636,1.0326071161638688
IMPROVED_OB_fee,30.524589178356713,1.0202947227401538
IMPROVED_OB_fee,30.52697394789579,1.00809405269104
IMPROVED_OB_fee,30.529358717434867,0.9960013217811639
IMPROVED_OB_fee,30.531743486973948,0.9840126050748967
IMPROVED_OB_fee,30.534128256513025,0.972123857621962
IMPROVED_OB_fee,30.536513026052102,0.9603309336573502
IMPROVED_OB_fee,30.538897795591183,0.9486296047855544
IMPROVED_OB_fee,30.54128256513026,0.9370155776062308
IMPROVED_OB_fee,30.543667334669337,0.9254845112102634
IMPROVED_OB_fee,30.546052104208417,0.9140320349342647
IMPROVED_OB_fee,30.548436873747495,0.902653766708628
IMPROVED_OB_fee,30.55082164328657,0.8913453322705663
IMPROVED_OB_fee,30.553206412825652,0.880102385444231
IMPROVED_OB_fee,30.55559118236473,0.8689206296112272
IMPROVED_OB_fee,30.557975951903806,0.8577958404159667
IMPROVED_OB_fee,30.560360721442883,0.846723889668397
IMPROVED_OB_fee,30.562745490981964,0.8357007703267331
IMPROVED_OB_fee,30.56513026052104,0.8247226223653499
IMPROVED_OB_fee,30.567515030060118,0.8137857592626826
IMPROVED_OB_fee,30.5698997995992,0.8028866947806568
IMPROVED_OB_fee,30.572284569138276,0.7920221696534411
IMPROVED_OB_fee,30.574669338677353,0.7811891777600506
IMPROVED_OB_fee,30.577054108216434,0.7703849913265353
IMPROVED_OB_fee,30.57943887775551,0.7596071846853005
IMPROVED_OB_fee,30.581823647294588,0.748853656116787
IMPROVED_OB_fee,30.58420841683367,0.7381226473094242
IMPROVED_OB_fee,30.586593186372745,0.7274127599987215
IMPROVED_OB_fee,30.588977955911822,0.716722969384171
IMPROVED_OB_fee,30.5913627254509,0.7060526339731817
IMPROVED_OB_fee,30.59374749498998,0.6954015015621794
IMPROVED_OB_fee,30.596132264529057,0.6847697111359129
IMPROVED_OB_fee,30.598517034068134,0.6741577905438033
IMPROVED_OB_fee,30.600901803607215,0.6635666498958945
IMPROVED_OB_fee,30.603286573146292,0.6529975707073674
IMPROVED_OB_fee,30.60567134268537,0.6424521909082364
IMPROVED_OB_fee,30.60805611222445,0.6319324859206141
IMPROVED_OB_fee,30.610440881763527,0.6214407460881094
IMPROVED_OB_fee,30.612825651302604,0.6109795508177784
IMPROVED_OB_fee,30.615210420841684,0.6005517398630087
IMPROVED_OB_fee,30.61759519038076,0.5901603822337331
IMPROVED_OB_fee,30.61997995991984,0.5798087432660517
IMPROVED_OB_fee,30.622364729458916,0.5695002504185753
IMPROVED_OB_fee,30.624749498997996,0.5592384583809553
IMPROVED_OB_fee,30.627134268537073,0.5490270140878748
IMPROVED_OB_fee,30.62951903807615,0.5388696222221938
IMPROVED_OB_fee,30.63190380761523,0.5287700117706691
IMPROVED_OB_fee,30.634288577154308,0.518731904158926
IMPROVED_OB_fee,30.636673346693385,0.508758983445981
IMPROVED_OB_fee,30.639058116232466,0.4988548690013603
IMPROVED_OB_fee,30.641442885771543,0.4890230910195534
IMPROVED_OB_fee,30.64382765531062,0.479267069153366
IMPROVED_OB_fee,30.6462124248497,0.46959009446852046
IMPROVED_OB_fee,30.648597194388778,0.459995314839872
IMPROVED_OB_fee,30.650981963927855,0.45048572382596636
IMPROVED_OB_fee,30.65336673346693,0.44106415297921114
IMPROVED_OB_fee,30.655751503006012,0.4317332674698653
IMPROVED_OB_fee,30.65813627254509,0.42249556483176215
IMPROVED_OB_fee,30.660521042084167,0.41335337657184207
IMPROVED_OB_fee,30.662905811623247,0.40430887233211327
IMPROVED_OB_fee,30.665290581162324,0.3953640662463331
IMPROVED_OB_fee,30.6676753507014,0.3865208251006963
IMPROVED_OB_fee,30.670060120240482,0.3777808778857047
IMPROVED_OB_fee,30.67244488977956,0.3691458263165598
IMPROVED_OB_fee,30.674829659318636,0.3606171559015194
IMPROVED_OB_fee,30.677214428857717,0.3521962471512297
IMPROVED_OB_fee,30.679599198396794,0.3438843865464157
IMPROVED_OB_fee,30.68198396793587,0.3356827769153021
IMPROVED_OB_fee,30.684368737474948,0.32759254691459067
IMPROVED_OB_fee,30.68675350701403,0.3196147593571681
IMPROVED_OB_fee,30.689138276553106,0.3117504181843108
IMPROVED_OB_fee,30.691523046092183,0.30400047393831403
IMPROVED_OB_fee,30.693907815631263,0.296365827651292
IMPROVED_OB_fee,30.69629258517034,0.2888473331257646
IMPROVED_OB_fee,30.698677354709417,0.28144579764064076
IMPROVED_OB_fee,30.701062124248498,0.27416198117087137
IMPROVED_OB_fee,30.703446893787575,0.2669965942590106
IMPROVED_OB_fee,30.705831663326652,0.2599502947200975
IMPROVED_OB_fee,30.708216432865733,0.25302368339880066
IMPROVED_OB_fee,30.71060120240481,0.2462172992251404
IMPROVED_OB_fee,30.712985971943887,0.23953161383576915
IMPROVED_OB_fee,30.715370741482964,0.2329670260388864
IMPROVED_OB_fee,30.717755511022045,0.22652385640294717
IMPROVED_OB_fee,30.72014028056112,0.2202023422427896
IMPROVED_OB_fee,30.7225250501002,0.21400263326216545
IMPROVED_OB_fee,30.72490981963928,0.2079247880895032
IMPROVED_OB_fee,30.727294589178356,0.2019687719145861
IMPROVED_OB_fee,30.729679358717434,0.1961344553984516
IMPROVED_OB_fee,30.732064128256514,0.1904216149901917
IMPROVED_OB_fee,30.73444889779559,0.1848299347404733
IMPROVED_OB_fee,30.73683366733467,0.1793590096567134
IMPROVED_OB_fee,30.739218436873745,0.1740083505984129
IMPROVED_OB_fee,30.741603206412826,0.16877739066508998
IMPROVED_OB_fee,30.743987975951903,0.16366549298456773
IMPROVED_OB_fee,30.74637274549098,0.15867195976718884
IMPROVED_OB_fee,30.74875751503006,0.15379604245285605
IMPROVED_OB_fee,30.751142284569138,0.14903695274347475
IMPROVED_OB_fee,30.753527054108215,0.1443938742842103
IMPROVED_OB_fee,30.755911823647295,0.1398659747334602
IMPROVED_OB_fee,30.758296593186373,0.1354524179441408
IMPROVED_OB_fee,30.76068136272545,0.1311523759679787
IMPROVED_OB_fee,30.76306613226453,0.126965040590183
IMPROVED_OB_fee,30.765450901803607,0.12288963410411965
IMPROVED_OB_fee,30.767835671342684,0.1189254190442569
IMPROVED_OB_fee,30.770220440881765,0.11507170661044408
IMPROVED_OB_fee,30.772605210420842,0.11132786353719595
IMPROVED_OB_fee,30.77498997995992,0.10769331718720976
IMPROVED_OB_fee,30.777374749498996,0.10416755867936063
IMPROVED_OB_fee,30.779759519038077,0.10075014389531456
IMPROVED_OB_fee,30.782144288577154,0.0974406922474164
IMPROVED_OB_fee,30.78452905811623,0.09423888313056443
IMPROVED_OB_fee,30.78691382765531,0.09114445002376168
IMPROVED_OB_fee,30.78929859719439,0.08815717225004709
IMPROVED_OB_fee,30.791683366733466,0.08527686444775079
IMPROVED_OB_fee,30.794068136272546,0.08250336384951482
IMPROVED_OB_fee,30.796452905811623,0.07983651550792498
IMPROVED_OB_fee,30.7988376753507,0.07727615564695631
IMPROVED_OB_fee,30.801222444889778,0.07482209335699672
IMPROVED_OB_fee,30.803607214428858,0.07247409088581318
IMPROVED_OB_fee,30.805991983967935,0.07023184280957266
IMPROVED_OB_fee,30.808376753507012,0.06809495439486503
IMPROVED_OB_fee,30.810761523046093,0.06606291948571826
IMPROVED_OB_fee,30.81314629258517,0.06413509826689939
IMPROVED_OB_fee,30.815531062124247,0.062310695267286324
IMPROVED_OB_fee,30.817915831663328,0.06058873797383673
IMPROVED_OB_fee,30.820300601202405,0.05896805642776461
IMPROVED_OB_fee,30.822685370741482,0.05744726416979891
IMPROVED_OB_fee,30.82507014028056,0.056024740890874294
IMPROVED_OB_fee,30.82745490981964,0.05469861712832156
IMPROVED_OB_fee,30.829839679358717,0.05346676132578175
IMPROVED_OB_fee,30.832224448897794,0.05232676954787105
IMPROVED_OB_fee,30.834609218436874,0.051275958108427826
IMPROVED_OB_fee,30.83699398797595,0.0503113593343522
IMPROVED_OB_fee,30.83937875751503,0.04942972064612018
IMPROVED_OB_fee,30.84176352705411,0.04862750709154659
IMPROVED_OB_fee,30.844148296593186,0.04790090742193362
IMPROVED_OB_fee,30.846533066132263,0.047245843750045036
IMPROVED_OB_fee,30.848917835671344,0.04665798477814197
IMPROVED_OB_fee,30.85130260521042,0.04613276253238316
IMPROVED_OB_fee,30.853687374749498,0.045665392487993804
IMPROVED_OB_fee,30.856072144288575,0.04525089691872238
IMPROVED_OB_fee,30.858456913827656,0.04488413125477552
IMPROVED_OB_fee,30.860841683366733,0.044559813186823144
IMPROVED_OB_fee,30.86322645290581,0.04427255421025274
IMPROVED_OB_fee,30.86561122244489,0.044016893264642955
IMPROVED_OB_fee,30.867995991983967,0.04378733208886718
IMPROVED_OB_fee,30.870380761523045,0.04357837188316344
IMPROVED_OB_fee,30.872765531062125,0.04338455084629752
IMPROVED_OB_fee,30.875150300601202,0.04320048213910446
IMPROVED_OB_fee,30.87753507014028,0.04302089181550603
IMPROVED_OB_fee,30.87991983967936,0.04284065625886299
IMPROVED_OB_fee,30.882304609218437,0.04265483866520157
IMPROVED_OB_fee,30.884689378757514,0.04245872412553616
IMPROVED_OB_fee,30.88707414829659,0.04224785287696899
IMPROVED_OB_fee,30.88945891783567,0.042018051316239625
IMPROVED_OB_fee,30.89184368737475,0.04176546039950597
IMPROVED_OB_fee,30.894228456913826,0.04148656108787759
IMPROVED_OB_fee,30.896613226452907,0.04117819653897041
IMPROVED_OB_fee,30.898997995991984,0.04083759078982224
IMPROVED_OB_fee,30.90138276553106,0.040462363725129034
IMPROVED_OB_fee,30.90376753507014,0.04005054217610293
IMPROVED_OB_fee,30.90615230460922,0.039600567048441934
IMPROVED_OB_fee,30.908537074148295,0.03911129643204295
IMPROVED_OB_fee,30.910921843687376,0.03858200469927385
IMPROVED_OB_fee,30.913306613226453,0.03801237765196099
IMPROVED_OB_fee,30.91569138276553,0.03740250382886927
IMPROVED_OB_fee,30.918076152304607,0.036752862134539106
IMPROVED_OB_fee,30.920460921843688,0.03606430599613184
IMPROVED_OB_fee,30.922845691382765,0.03533804429673764
IMPROVED_OB_fee,30.925230460921842,0.03457561937081445
IMPROVED_OB_fee,30.927615230460923,0.03377888237954556
IMPROVED_OB_fee,30.93,0.03294996641054675
