fee_algo_name,random_seed,lp_yield
FX_fee,1,19.21
FX_fee,11,19.62
FX_fee,0,19.9
FX_fee,4,19.61
FX_fee,8,19.38
FX_fee,5,19.47
FX_fee,2,19.26
FX_fee,3,19.6
FX_fee,7,19.96
FX_fee,6,19.15
FX_fee,12,19.44
FX_fee,10,19.53
FX_fee,9,19.43
FX_fee,13,19.41
FX_fee,20,19.27
FX_fee,15,19.41
FX_fee,17,19.38
FX_fee,19,19.49
FX_fee,25,19.14
FX_fee,16,19.11
FX_fee,21,19.42
FX_fee,18,19.36
FX_fee,14,19.2
FX_fee,22,19.31
FX_fee,24,19.54
FX_fee,23,20.11
FX_fee,26,19.47
FX_fee,27,19.37
FX_fee,30,19.07
FX_fee,29,19.05
FX_fee,31,19.25
FX_fee,37,19.68
FX_fee,32,19.42
FX_fee,35,19.02
FX_fee,28,19.4
FX_fee,34,19.17
FX_fee,33,19.5
FX_fee,38,19.05
FX_fee,36,19.25
FX_fee,39,19.09
FX_fee,41,19.26
FX_fee,45,19.76
FX_fee,44,19.49
FX_fee,40,19.5
FX_fee,46,19.11
FX_fee,43,18.98
FX_fee,48,19.39
FX_fee,42,19.47
FX_fee,47,19.66
FX_fee,50,19.22
FX_fee,51,19.29
FX_fee,49,19.64
FX_fee,52,19.92
FX_fee,53,19.64
FX_fee,57,19.28
FX_fee,55,19.33
FX_fee,54,19.58
FX_fee,59,19.23
FX_fee,56,19.06
FX_fee,58,19.59
FX_fee,61,19.81
FX_fee,64,19.32
FX_fee,63,19.39
FX_fee,60,19.72
FX_fee,62,19.66
FX_fee,66,19.08
FX_fee,65,19.37
FX_fee,68,19.77
FX_fee,67,19.13
FX_fee,69,19.59
FX_fee,71,19.18
FX_fee,70,19.02
FX_fee,73,19.5
FX_fee,72,19.3
FX_fee,75,18.81
FX_fee,74,19.33
FX_fee,76,19.22
FX_fee,77,19.2
FX_fee,78,19.13
FX_fee,79,19.47
FX_fee,80,19.83
FX_fee,82,19.28
FX_fee,83,19.27
FX_fee,81,19.4
FX_fee,84,19.69
FX_fee,85,19.34
FX_fee,88,19.12
FX_fee,87,19.69
FX_fee,86,19.53
FX_fee,89,19.67
FX_fee,90,19.34
FX_fee,91,19.33
FX_fee,92,19.33
FX_fee,95,19.85
FX_fee,93,19.6
FX_fee,97,19.23
FX_fee,96,19.46
FX_fee,98,19.55
FX_fee,94,19.19
FX_fee,99,18.97
FX_fee,102,19.68
FX_fee,100,19.12
FX_fee,101,19.01
FX_fee,103,19.45
FX_fee,104,19.55
FX_fee,105,19.43
FX_fee,108,19.8
FX_fee,110,19.68
FX_fee,107,19.07
FX_fee,109,19.08
FX_fee,106,19.37
FX_fee,112,19.61
FX_fee,111,19.24
FX_fee,113,19.13
FX_fee,114,19.32
FX_fee,116,19.14
FX_fee,115,19.79
FX_fee,117,19.32
FX_fee,118,19.14
FX_fee,119,19.3
FX_fee,122,19.7
FX_fee,124,19.76
FX_fee,120,19.65
FX_fee,121,19.43
FX_fee,123,19.2
FX_fee,125,19.21
FX_fee,126,19.5
FX_fee,127,19.34
FX_fee,128,19.57
FX_fee,129,19.54
FX_fee,130,19.62
FX_fee,132,19.19
FX_fee,131,19.5
FX_fee,134,19.33
FX_fee,136,19.75
FX_fee,133,19.59
FX_fee,135,19.19
FX_fee,138,19.38
FX_fee,137,19.26
FX_fee,139,19.45
FX_fee,140,19.46
FX_fee,141,19.27
FX_fee,142,19.5
FX_fee,145,19.61
FX_fee,143,19.24
FX_fee,144,19.79
FX_fee,146,19.74
FX_fee,151,19.46
FX_fee,149,19.17
FX_fee,148,19.59
FX_fee,147,19.6
FX_fee,152,19.83
FX_fee,150,19.71
FX_fee,153,19.46
FX_fee,154,19.75
FX_fee,155,19.55
FX_fee,156,19.62
FX_fee,157,19.93
FX_fee,158,19.04
FX_fee,160,19.66
FX_fee,159,18.99
FX_fee,163,19.56
FX_fee,162,19.23
FX_fee,161,19.77
FX_fee,165,19.45
FX_fee,164,19.54
FX_fee,166,19.21
FX_fee,168,19.39
FX_fee,167,19.69
FX_fee,169,19.89
FX_fee,170,19.49
FX_fee,173,19.01
FX_fee,172,19.77
FX_fee,178,19.59
FX_fee,171,19.27
FX_fee,174,19.22
FX_fee,176,19.34
FX_fee,177,19.76
FX_fee,175,19.89
FX_fee,179,19.29
FX_fee,181,19.86
FX_fee,180,19.53
FX_fee,182,18.72
FX_fee,184,19.32
FX_fee,187,19.57
FX_fee,188,19.3
FX_fee,183,18.87
FX_fee,190,19.44
FX_fee,185,19.41
FX_fee,186,19.45
FX_fee,189,19.37
FX_fee,191,19.79
FX_fee,192,20.33
FX_fee,193,19.31
FX_fee,194,19.63
FX_fee,195,19.35
FX_fee,198,20.04
FX_fee,196,19.6
FX_fee,197,19.28
FX_fee,199,19.43
FX_fee,201,19.48
FX_fee,202,19.33
FX_fee,200,19.56
FX_fee,204,19.34
FX_fee,203,19.64
FX_fee,205,19.09
FX_fee,207,19.65
FX_fee,206,19.44
FX_fee,208,19.57
FX_fee,209,19.44
FX_fee,212,19.45
FX_fee,210,19.4
FX_fee,211,19.62
FX_fee,217,18.98
FX_fee,213,19.41
FX_fee,214,19.62
FX_fee,216,19.38
FX_fee,215,19.66
FX_fee,218,19.42
FX_fee,219,19.46
FX_fee,220,19.46
FX_fee,221,19.18
FX_fee,222,19.62
FX_fee,223,19.68
FX_fee,224,19.35
FX_fee,225,19.17
FX_fee,226,19.66
FX_fee,227,19.15
FX_fee,228,19.52
FX_fee,229,19.63
FX_fee,230,19.13
FX_fee,231,19.4
FX_fee,232,19.54
FX_fee,233,19.2
FX_fee,234,19.41
FX_fee,239,19.53
FX_fee,238,19.96
FX_fee,235,19.28
FX_fee,237,19.78
FX_fee,236,19.35
FX_fee,240,19.04
FX_fee,241,19.72
FX_fee,242,19.44
FX_fee,243,19.52
FX_fee,244,19.48
FX_fee,245,19.6
FX_fee,246,19.36
FX_fee,247,19.93
FX_fee,250,19.18
FX_fee,249,19.17
FX_fee,248,19.05
FX_fee,252,20.01
FX_fee,251,19.03
FX_fee,253,19.6
FX_fee,254,18.89
FX_fee,255,19.77
FX_fee,256,19.54
FX_fee,257,19.49
FX_fee,259,19.33
FX_fee,258,19.34
FX_fee,260,19.05
FX_fee,264,19.13
FX_fee,263,19.56
FX_fee,261,19.33
FX_fee,262,19.19
FX_fee,266,19.32
FX_fee,265,18.99
FX_fee,268,19.52
FX_fee,267,19.74
FX_fee,269,19.5
FX_fee,270,19.51
FX_fee,271,19.31
FX_fee,272,19.36
FX_fee,273,19.14
FX_fee,275,19.62
FX_fee,274,19.37
FX_fee,276,19.53
FX_fee,278,19.59
FX_fee,279,19.2
FX_fee,277,19.76
FX_fee,280,19.24
FX_fee,281,19.02
FX_fee,282,19.25
FX_fee,283,19.46
FX_fee,285,19.39
FX_fee,284,18.9
FX_fee,286,19.47
FX_fee,288,18.88
FX_fee,289,19.12
FX_fee,287,19.39
FX_fee,290,19.56
FX_fee,291,19.54
FX_fee,292,19.38
FX_fee,293,19.21
FX_fee,294,19.44
FX_fee,295,19.9
FX_fee,296,19.64
FX_fee,297,19.19
FX_fee,298,19.37
FX_fee,299,19.43
FX_fee,300,19.95
FX_fee,301,19.54
FX_fee,303,19.13
FX_fee,302,19.53
FX_fee,304,19.14
FX_fee,305,19.62
FX_fee,308,18.88
FX_fee,306,19.22
FX_fee,307,19.22
FX_fee,309,19.13
FX_fee,310,19.16
FX_fee,312,19.52
FX_fee,311,19.44
FX_fee,313,19.41
FX_fee,314,19.53
FX_fee,315,19.55
FX_fee,316,19.55
FX_fee,317,19.56
FX_fee,318,20.09
FX_fee,320,19.6
FX_fee,319,19.1
FX_fee,321,19.22
FX_fee,322,19.21
FX_fee,324,19.19
FX_fee,323,19.33
FX_fee,325,19.2
FX_fee,327,19.65
FX_fee,330,18.92
FX_fee,326,19.81
FX_fee,329,19.98
FX_fee,328,19.44
FX_fee,331,19.48
FX_fee,333,19.68
FX_fee,332,19.41
FX_fee,334,18.82
FX_fee,335,19.45
FX_fee,337,19.6
FX_fee,336,19.12
FX_fee,338,19.26
FX_fee,341,20.02
FX_fee,339,19.99
FX_fee,340,19.68
FX_fee,342,19.19
FX_fee,343,19.4
FX_fee,345,19.5
FX_fee,344,19.45
FX_fee,347,19.3
FX_fee,346,19.51
FX_fee,348,19.21
FX_fee,350,18.91
FX_fee,349,18.98
FX_fee,351,19.7
FX_fee,352,19.62
FX_fee,354,19.03
FX_fee,356,19.32
FX_fee,353,19.44
FX_fee,355,19.17
FX_fee,360,19.46
FX_fee,359,19.48
FX_fee,358,19.29
FX_fee,357,19.05
FX_fee,361,19.46
FX_fee,362,19.38
FX_fee,363,19.4
FX_fee,364,19.37
FX_fee,365,19.75
FX_fee,367,19.47
FX_fee,366,19.32
FX_fee,369,19.95
FX_fee,368,19.34
FX_fee,370,19.61
FX_fee,372,19.54
FX_fee,373,19.11
FX_fee,371,19.49
FX_fee,374,19.42
FX_fee,375,19.53
FX_fee,376,19.72
FX_fee,377,19.31
FX_fee,378,19.15
FX_fee,379,19.22
FX_fee,380,19.33
FX_fee,381,19.32
FX_fee,383,19.39
FX_fee,384,19.65
FX_fee,382,18.74
FX_fee,385,19.7
FX_fee,386,19.18
FX_fee,387,19.62
FX_fee,388,19.6
FX_fee,389,19.23
FX_fee,390,19.1
FX_fee,392,19.34
FX_fee,391,19.52
FX_fee,393,19.71
FX_fee,394,19.56
FX_fee,395,19.34
FX_fee,397,19.54
FX_fee,396,19.7
FX_fee,399,19.11
FX_fee,398,19.27
FX_fee,400,19.79
FX_fee,401,19.37
FX_fee,402,19.4
FX_fee,403,19.84
FX_fee,406,19.63
FX_fee,405,19.04
FX_fee,404,19.7
FX_fee,407,19.41
FX_fee,409,19.64
FX_fee,410,19.6
FX_fee,408,19.32
FX_fee,411,19.54
FX_fee,412,19.55
FX_fee,414,19.01
FX_fee,413,19.48
FX_fee,418,19.62
FX_fee,416,19.12
FX_fee,415,19.0
FX_fee,419,19.59
FX_fee,417,19.58
FX_fee,420,19.59
FX_fee,423,19.27
FX_fee,422,19.55
FX_fee,421,19.7
FX_fee,424,19.51
FX_fee,426,19.21
FX_fee,425,19.21
FX_fee,427,19.44
FX_fee,428,19.46
FX_fee,429,19.16
FX_fee,431,19.07
FX_fee,432,19.17
FX_fee,430,18.93
FX_fee,434,19.34
FX_fee,433,19.63
FX_fee,436,19.21
FX_fee,435,18.67
FX_fee,438,18.95
FX_fee,437,19.46
FX_fee,439,19.76
FX_fee,440,19.16
FX_fee,441,19.32
FX_fee,442,19.32
FX_fee,444,19.79
FX_fee,443,19.31
FX_fee,445,19.24
FX_fee,446,19.84
FX_fee,447,19.67
FX_fee,449,19.49
FX_fee,448,19.44
FX_fee,450,19.6
FX_fee,451,19.56
FX_fee,453,19.15
FX_fee,452,19.42
FX_fee,454,19.35
FX_fee,456,19.47
FX_fee,457,19.26
FX_fee,455,20.04
FX_fee,458,19.4
FX_fee,459,19.28
FX_fee,460,19.61
FX_fee,462,19.33
FX_fee,461,19.32
FX_fee,463,19.16
FX_fee,464,19.1
FX_fee,465,19.44
FX_fee,466,19.24
FX_fee,467,19.07
FX_fee,469,19.4
FX_fee,468,19.71
FX_fee,470,19.54
FX_fee,471,19.68
FX_fee,472,19.22
FX_fee,473,19.36
FX_fee,474,19.61
FX_fee,475,19.76
FX_fee,476,19.11
FX_fee,477,19.56
FX_fee,479,19.44
FX_fee,478,19.75
FX_fee,480,19.66
FX_fee,481,19.57
FX_fee,482,19.29
FX_fee,483,19.76
FX_fee,485,19.65
FX_fee,484,19.62
FX_fee,486,19.29
FX_fee,487,19.47
FX_fee,488,19.12
FX_fee,489,19.34
FX_fee,490,19.28
FX_fee,492,19.04
FX_fee,491,19.37
FX_fee,493,19.49
FX_fee,494,19.39
FX_fee,495,19.12
FX_fee,497,19.49
FX_fee,496,19.45
FX_fee,498,18.98
FX_fee,499,19.75
FX_fee,500,19.76
FX_fee,501,19.12
FX_fee,502,19.68
FX_fee,503,19.64
FX_fee,504,19.16
FX_fee,505,19.12
FX_fee,506,18.75
FX_fee,508,19.69
FX_fee,507,19.32
FX_fee,509,19.03
FX_fee,510,18.98
FX_fee,511,19.89
FX_fee,512,19.03
FX_fee,513,19.81
FX_fee,514,19.52
FX_fee,515,19.61
FX_fee,516,19.14
FX_fee,518,19.66
FX_fee,517,19.43
FX_fee,519,19.14
FX_fee,520,19.65
FX_fee,521,19.54
FX_fee,522,19.36
FX_fee,523,19.53
FX_fee,524,19.7
FX_fee,525,19.33
FX_fee,526,19.58
FX_fee,527,19.81
FX_fee,528,19.49
FX_fee,531,19.54
FX_fee,529,19.31
FX_fee,530,19.52
FX_fee,532,19.21
FX_fee,533,19.22
FX_fee,534,19.73
FX_fee,535,19.92
FX_fee,536,19.12
FX_fee,537,18.93
FX_fee,539,19.62
FX_fee,538,19.44
FX_fee,540,19.49
FX_fee,541,19.62
FX_fee,542,19.71
FX_fee,544,19.57
FX_fee,543,19.25
FX_fee,545,19.31
FX_fee,546,19.02
FX_fee,548,19.52
FX_fee,547,19.37
FX_fee,549,19.55
FX_fee,551,19.34
FX_fee,552,19.72
FX_fee,550,18.89
FX_fee,553,19.39
FX_fee,554,19.13
FX_fee,556,19.79
FX_fee,557,18.82
FX_fee,558,19.79
FX_fee,555,19.71
FX_fee,559,19.44
FX_fee,560,19.12
FX_fee,563,19.61
FX_fee,562,19.31
FX_fee,561,19.66
FX_fee,564,19.27
FX_fee,565,19.4
FX_fee,566,19.37
FX_fee,567,19.44
FX_fee,570,19.16
FX_fee,568,19.57
FX_fee,569,19.27
FX_fee,571,19.62
FX_fee,572,19.85
FX_fee,574,19.5
FX_fee,575,19.57
FX_fee,573,19.25
FX_fee,577,19.65
FX_fee,576,19.45
FX_fee,578,19.52
FX_fee,579,19.66
FX_fee,580,19.74
FX_fee,581,19.61
FX_fee,582,19.31
FX_fee,583,19.91
FX_fee,584,19.36
FX_fee,585,18.96
FX_fee,587,19.79
FX_fee,586,18.96
FX_fee,588,18.81
FX_fee,589,19.51
FX_fee,590,19.65
FX_fee,591,18.76
FX_fee,592,19.78
FX_fee,593,19.45
FX_fee,594,19.64
FX_fee,595,19.51
FX_fee,596,19.25
FX_fee,597,19.55
FX_fee,598,19.57
FX_fee,600,19.87
FX_fee,599,19.69
FX_fee,601,19.76
FX_fee,603,19.71
FX_fee,602,19.9
FX_fee,604,19.15
FX_fee,605,19.75
FX_fee,606,19.49
FX_fee,607,19.64
FX_fee,608,19.11
FX_fee,609,19.98
FX_fee,610,18.97
FX_fee,611,19.31
FX_fee,613,19.63
FX_fee,614,19.34
FX_fee,612,19.78
FX_fee,615,19.35
FX_fee,616,19.8
FX_fee,617,19.61
FX_fee,618,19.57
FX_fee,619,18.72
FX_fee,620,19.19
FX_fee,621,18.99
FX_fee,622,19.39
FX_fee,623,19.51
FX_fee,624,19.69
FX_fee,625,19.62
FX_fee,627,19.29
FX_fee,626,19.77
FX_fee,628,19.66
FX_fee,629,19.26
FX_fee,630,19.35
FX_fee,631,19.35
FX_fee,632,19.39
FX_fee,634,18.9
FX_fee,633,18.86
FX_fee,636,19.51
FX_fee,635,19.4
FX_fee,638,19.15
FX_fee,637,19.19
FX_fee,640,20.15
FX_fee,639,19.03
FX_fee,641,19.14
FX_fee,642,19.53
FX_fee,644,19.08
FX_fee,645,19.58
FX_fee,643,19.35
FX_fee,647,19.28
FX_fee,646,19.31
FX_fee,648,19.62
FX_fee,649,19.73
FX_fee,651,19.49
FX_fee,650,19.42
FX_fee,652,19.37
FX_fee,653,19.43
FX_fee,654,19.59
FX_fee,655,19.73
FX_fee,656,19.57
FX_fee,657,19.46
FX_fee,659,19.4
FX_fee,658,19.23
FX_fee,660,19.31
FX_fee,662,19.27
FX_fee,661,19.82
FX_fee,663,19.57
FX_fee,664,19.5
FX_fee,665,18.62
FX_fee,666,20.01
FX_fee,667,19.2
FX_fee,669,19.18
FX_fee,668,19.44
FX_fee,672,18.9
FX_fee,671,19.44
FX_fee,670,19.44
FX_fee,673,19.13
FX_fee,676,19.75
FX_fee,674,19.11
FX_fee,675,19.6
FX_fee,677,19.43
FX_fee,678,19.77
FX_fee,679,19.3
FX_fee,680,19.58
FX_fee,681,19.44
FX_fee,682,19.54
FX_fee,683,20.01
FX_fee,685,19.45
FX_fee,684,19.51
FX_fee,686,19.58
FX_fee,687,19.7
FX_fee,690,19.39
FX_fee,689,19.4
FX_fee,692,18.78
FX_fee,688,19.57
FX_fee,691,19.38
FX_fee,693,19.22
FX_fee,694,18.96
FX_fee,695,19.29
FX_fee,697,19.67
FX_fee,698,19.5
FX_fee,696,18.95
FX_fee,699,19.88
FX_fee,701,19.39
FX_fee,700,19.33
FX_fee,702,19.19
FX_fee,704,19.27
FX_fee,703,19.33
FX_fee,705,19.37
FX_fee,706,19.68
FX_fee,707,19.34
FX_fee,710,19.3
FX_fee,708,19.58
FX_fee,711,19.53
FX_fee,709,19.46
FX_fee,712,19.74
FX_fee,714,18.94
FX_fee,713,19.3
FX_fee,715,19.78
FX_fee,717,19.09
FX_fee,716,19.67
FX_fee,718,19.14
FX_fee,719,19.02
FX_fee,721,19.35
FX_fee,722,19.32
FX_fee,720,19.36
FX_fee,724,19.14
FX_fee,723,19.24
FX_fee,725,19.06
FX_fee,726,19.5
FX_fee,727,19.63
FX_fee,729,19.39
FX_fee,728,19.45
FX_fee,730,19.03
FX_fee,731,19.05
FX_fee,732,19.66
FX_fee,733,19.22
FX_fee,736,19.58
FX_fee,734,18.97
FX_fee,737,19.34
FX_fee,735,19.69
FX_fee,738,18.88
FX_fee,739,19.21
FX_fee,741,19.63
FX_fee,742,19.65
FX_fee,740,18.91
FX_fee,743,19.46
FX_fee,744,19.32
FX_fee,745,19.48
FX_fee,746,19.44
FX_fee,747,19.42
FX_fee,749,19.35
FX_fee,750,18.97
FX_fee,748,18.89
FX_fee,751,19.41
FX_fee,752,19.19
FX_fee,753,19.23
FX_fee,754,19.99
FX_fee,755,19.63
FX_fee,756,19.18
FX_fee,758,19.04
FX_fee,757,19.68
FX_fee,759,19.61
FX_fee,760,19.13
FX_fee,761,19.61
FX_fee,763,19.57
FX_fee,762,19.41
FX_fee,764,19.78
FX_fee,765,19.66
FX_fee,766,19.05
FX_fee,768,19.37
FX_fee,767,19.51
FX_fee,769,19.38
FX_fee,771,19.67
FX_fee,770,19.42
FX_fee,772,19.32
FX_fee,773,19.32
FX_fee,774,19.49
FX_fee,775,19.48
FX_fee,776,19.18
FX_fee,777,19.21
FX_fee,778,19.5
FX_fee,779,19.7
FX_fee,781,19.4
FX_fee,780,19.41
FX_fee,782,19.66
FX_fee,783,19.62
FX_fee,784,19.5
FX_fee,785,18.99
FX_fee,787,19.6
FX_fee,789,19.71
FX_fee,786,19.51
FX_fee,788,19.23
FX_fee,790,19.36
FX_fee,791,19.69
FX_fee,792,19.71
FX_fee,794,19.0
FX_fee,793,19.39
FX_fee,795,19.15
FX_fee,796,19.51
FX_fee,797,19.6
FX_fee,798,19.45
FX_fee,799,19.31
FX_fee,801,19.32
FX_fee,800,19.73
FX_fee,802,19.51
FX_fee,803,19.26
FX_fee,804,19.53
FX_fee,805,18.75
FX_fee,806,19.49
FX_fee,807,19.46
FX_fee,809,19.56
FX_fee,808,19.64
FX_fee,810,19.42
FX_fee,811,19.27
FX_fee,812,19.05
FX_fee,813,19.3
FX_fee,814,19.43
FX_fee,815,19.15
FX_fee,817,18.83
FX_fee,816,19.56
FX_fee,818,19.61
FX_fee,819,19.54
FX_fee,820,19.49
FX_fee,822,19.79
FX_fee,821,19.16
FX_fee,823,19.23
FX_fee,824,19.46
FX_fee,825,19.03
FX_fee,826,19.36
FX_fee,827,19.76
FX_fee,828,20.08
FX_fee,829,19.33
FX_fee,830,19.62
FX_fee,831,19.35
FX_fee,833,19.43
FX_fee,832,19.79
FX_fee,834,19.87
FX_fee,835,19.45
FX_fee,836,19.54
FX_fee,837,19.47
FX_fee,838,19.59
FX_fee,839,19.09
FX_fee,840,19.18
FX_fee,841,18.87
FX_fee,842,18.87
FX_fee,844,19.37
FX_fee,843,19.27
FX_fee,845,19.46
FX_fee,846,18.78
FX_fee,848,19.39
FX_fee,847,19.78
FX_fee,849,19.63
FX_fee,852,19.71
FX_fee,851,19.68
FX_fee,850,19.37
FX_fee,853,19.31
FX_fee,854,19.15
FX_fee,855,19.58
FX_fee,856,19.53
FX_fee,857,19.06
FX_fee,858,19.43
FX_fee,859,19.28
FX_fee,860,19.19
FX_fee,861,19.33
FX_fee,862,19.03
FX_fee,863,19.47
FX_fee,865,19.35
FX_fee,864,18.92
FX_fee,866,19.51
FX_fee,869,19.27
FX_fee,868,19.78
FX_fee,867,19.7
FX_fee,870,18.9
FX_fee,872,19.66
FX_fee,871,19.65
FX_fee,874,19.37
FX_fee,873,19.19
FX_fee,875,19.79
FX_fee,876,19.14
FX_fee,877,18.89
FX_fee,878,19.93
FX_fee,879,19.29
FX_fee,880,19.82
FX_fee,883,19.15
FX_fee,882,19.64
FX_fee,881,19.08
FX_fee,885,18.99
FX_fee,884,19.35
FX_fee,887,19.78
FX_fee,886,19.19
FX_fee,889,19.52
FX_fee,890,19.5
FX_fee,888,19.03
FX_fee,892,19.37
FX_fee,891,19.55
FX_fee,894,19.12
FX_fee,895,19.21
FX_fee,896,19.5
FX_fee,893,19.31
FX_fee,898,18.87
FX_fee,897,18.88
FX_fee,899,19.09
FX_fee,900,19.76
FX_fee,901,19.0
FX_fee,902,19.5
FX_fee,903,19.43
FX_fee,904,19.1
FX_fee,905,19.78
FX_fee,907,19.39
FX_fee,906,19.04
FX_fee,908,19.03
FX_fee,909,19.19
FX_fee,910,19.65
FX_fee,911,19.69
FX_fee,912,19.51
FX_fee,913,19.66
FX_fee,914,19.58
FX_fee,915,19.18
FX_fee,916,19.63
FX_fee,917,19.32
FX_fee,918,19.46
FX_fee,919,19.38
FX_fee,921,19.34
FX_fee,922,19.45
FX_fee,920,19.16
FX_fee,924,19.0
FX_fee,923,19.56
FX_fee,925,18.93
FX_fee,926,19.42
FX_fee,927,19.82
FX_fee,928,19.92
FX_fee,929,19.44
FX_fee,930,18.89
FX_fee,931,19.18
FX_fee,932,19.49
FX_fee,935,19.77
FX_fee,934,19.35
FX_fee,933,19.25
FX_fee,936,19.71
FX_fee,937,19.7
FX_fee,938,19.5
FX_fee,939,19.55
FX_fee,940,19.79
FX_fee,941,19.61
FX_fee,942,19.54
FX_fee,944,19.8
FX_fee,943,19.37
FX_fee,945,19.25
FX_fee,946,19.4
FX_fee,947,19.83
FX_fee,948,19.52
FX_fee,949,19.28
FX_fee,950,19.25
FX_fee,951,19.61
FX_fee,952,19.15
FX_fee,953,19.63
FX_fee,954,19.24
FX_fee,955,19.67
FX_fee,957,19.52
FX_fee,956,19.02
FX_fee,958,19.23
FX_fee,960,19.7
FX_fee,959,19.78
FX_fee,961,19.38
FX_fee,962,19.34
FX_fee,963,19.09
FX_fee,965,19.52
FX_fee,964,19.55
FX_fee,966,19.41
FX_fee,967,19.59
FX_fee,968,19.86
FX_fee,969,19.21
FX_fee,972,19.52
FX_fee,971,19.27
FX_fee,970,19.38
FX_fee,973,19.65
FX_fee,974,19.25
FX_fee,975,19.25
FX_fee,976,19.55
FX_fee,977,19.36
FX_fee,978,19.19
FX_fee,980,19.49
FX_fee,979,19.34
FX_fee,981,18.75
FX_fee,982,19.38
FX_fee,984,19.19
FX_fee,985,19.08
FX_fee,983,18.49
FX_fee,987,19.16
FX_fee,986,19.28
FX_fee,988,19.32
FX_fee,989,19.31
FX_fee,991,19.47
FX_fee,992,19.55
FX_fee,990,19.62
FX_fee,993,19.51
FX_fee,994,19.39
FX_fee,995,19.42
FX_fee,996,19.58
FX_fee,998,19.35
FX_fee,997,19.04
FX_fee,999,19.58
DA_fee,0,20.17
DA_fee,1,19.78
DA_fee,4,20.8
DA_fee,2,20.17
DA_fee,3,20.09
DA_fee,5,19.78
DA_fee,6,18.62
DA_fee,7,18.8
DA_fee,8,19.99
DA_fee,9,20.76
DA_fee,10,20.53
DA_fee,12,22.24
DA_fee,11,19.02
DA_fee,13,19.13
DA_fee,15,18.62
DA_fee,16,19.34
DA_fee,14,19.15
DA_fee,17,18.3
DA_fee,18,19.28
DA_fee,19,20.03
DA_fee,20,19.67
DA_fee,21,18.55
DA_fee,22,18.6
DA_fee,25,17.8
DA_fee,24,19.09
DA_fee,23,18.71
DA_fee,26,21.25
DA_fee,27,20.36
DA_fee,29,19.66
DA_fee,28,17.17
DA_fee,30,16.6
DA_fee,31,21.07
DA_fee,32,19.66
DA_fee,34,18.69
DA_fee,33,20.68
DA_fee,35,20.53
DA_fee,37,22.14
DA_fee,36,19.48
DA_fee,38,20.12
DA_fee,39,19.39
DA_fee,41,19.14
DA_fee,40,18.14
DA_fee,43,20.1
DA_fee,42,19.92
DA_fee,44,20.74
DA_fee,46,18.68
DA_fee,45,20.63
DA_fee,47,18.15
DA_fee,48,19.44
DA_fee,49,19.84
DA_fee,50,21.25
DA_fee,51,20.12
DA_fee,52,20.51
DA_fee,53,17.98
DA_fee,54,19.25
DA_fee,56,18.96
DA_fee,55,20.72
DA_fee,57,21.16
DA_fee,59,18.77
DA_fee,58,19.76
DA_fee,60,18.55
DA_fee,61,17.17
DA_fee,62,18.77
DA_fee,63,17.88
DA_fee,64,20.86
DA_fee,65,19.48
DA_fee,66,18.35
DA_fee,67,18.68
DA_fee,68,19.68
DA_fee,69,21.19
DA_fee,70,19.62
DA_fee,71,17.88
DA_fee,72,20.01
DA_fee,73,19.91
DA_fee,74,15.97
DA_fee,76,19.49
DA_fee,75,16.85
DA_fee,77,18.13
DA_fee,79,19.15
DA_fee,78,19.0
DA_fee,81,20.51
DA_fee,80,18.23
DA_fee,82,20.65
DA_fee,83,18.02
DA_fee,84,20.23
DA_fee,85,19.68
DA_fee,86,20.39
DA_fee,87,15.6
DA_fee,88,19.33
DA_fee,89,18.64
DA_fee,90,20.93
DA_fee,92,19.71
DA_fee,94,19.51
DA_fee,91,19.31
DA_fee,93,19.81
DA_fee,95,21.26
DA_fee,96,20.05
DA_fee,97,17.8
DA_fee,98,18.64
DA_fee,99,19.32
DA_fee,100,20.67
DA_fee,101,18.3
DA_fee,102,19.85
DA_fee,103,18.48
DA_fee,104,19.75
DA_fee,105,20.74
DA_fee,106,19.55
DA_fee,107,19.64
DA_fee,108,18.66
DA_fee,109,19.91
DA_fee,111,19.72
DA_fee,110,19.04
DA_fee,112,18.76
DA_fee,113,20.0
DA_fee,114,19.98
DA_fee,115,19.14
DA_fee,117,19.19
DA_fee,116,20.85
DA_fee,118,21.21
DA_fee,119,19.66
DA_fee,121,21.18
DA_fee,120,19.97
DA_fee,122,20.12
DA_fee,123,20.56
DA_fee,124,20.51
DA_fee,125,19.45
DA_fee,126,19.05
DA_fee,128,22.08
DA_fee,127,18.75
DA_fee,129,21.06
DA_fee,130,19.91
DA_fee,132,18.76
DA_fee,131,20.48
DA_fee,133,21.0
DA_fee,134,15.95
DA_fee,135,18.62
DA_fee,137,22.19
DA_fee,136,20.45
DA_fee,138,19.01
DA_fee,139,19.78
DA_fee,141,20.15
DA_fee,140,19.1
DA_fee,143,19.44
DA_fee,142,19.59
DA_fee,144,18.35
DA_fee,147,19.79
DA_fee,145,19.13
DA_fee,146,18.8
DA_fee,148,18.61
DA_fee,149,20.46
DA_fee,150,19.52
DA_fee,151,21.32
DA_fee,152,18.43
DA_fee,154,19.85
DA_fee,153,20.1
DA_fee,156,19.56
DA_fee,155,21.05
DA_fee,157,19.91
DA_fee,159,20.91
DA_fee,158,17.68
DA_fee,160,22.01
DA_fee,161,19.32
DA_fee,162,19.21
DA_fee,163,19.77
DA_fee,164,18.82
DA_fee,165,19.98
DA_fee,167,17.22
DA_fee,166,21.61
DA_fee,168,20.04
DA_fee,169,19.4
DA_fee,171,17.49
DA_fee,172,17.72
DA_fee,170,18.82
DA_fee,173,19.23
DA_fee,174,20.24
DA_fee,175,18.78
DA_fee,177,19.06
DA_fee,176,19.22
DA_fee,178,20.26
DA_fee,179,20.87
DA_fee,180,19.73
DA_fee,182,18.92
DA_fee,181,19.53
DA_fee,183,19.07
DA_fee,185,20.42
DA_fee,184,17.81
DA_fee,186,19.43
DA_fee,188,20.15
DA_fee,187,18.91
DA_fee,190,18.63
DA_fee,189,20.33
DA_fee,191,20.87
DA_fee,192,18.45
DA_fee,193,20.29
DA_fee,194,18.49
DA_fee,195,17.47
DA_fee,196,18.81
DA_fee,197,20.03
DA_fee,198,18.84
DA_fee,199,20.84
DA_fee,200,21.15
DA_fee,201,20.1
DA_fee,202,17.32
DA_fee,203,21.59
DA_fee,204,19.76
DA_fee,205,17.67
DA_fee,206,19.66
DA_fee,208,20.43
DA_fee,207,19.19
DA_fee,209,17.33
DA_fee,210,20.37
DA_fee,212,20.63
DA_fee,211,18.66
DA_fee,214,19.08
DA_fee,213,18.93
DA_fee,215,20.01
DA_fee,216,19.14
DA_fee,217,16.98
DA_fee,218,19.26
DA_fee,219,19.98
DA_fee,221,19.9
DA_fee,220,21.29
DA_fee,223,20.42
DA_fee,222,19.91
DA_fee,224,21.43
DA_fee,225,19.93
DA_fee,226,18.73
DA_fee,227,19.32
DA_fee,228,19.75
DA_fee,229,20.19
DA_fee,230,20.77
DA_fee,231,19.54
DA_fee,232,20.0
DA_fee,233,18.18
DA_fee,234,18.19
DA_fee,235,19.63
DA_fee,236,17.94
DA_fee,237,19.57
DA_fee,238,19.67
DA_fee,239,18.26
DA_fee,240,21.79
DA_fee,241,19.99
DA_fee,242,18.46
DA_fee,243,18.91
DA_fee,244,20.19
DA_fee,245,19.37
DA_fee,247,24.06
DA_fee,246,19.38
DA_fee,248,17.24
DA_fee,249,19.27
DA_fee,250,16.7
DA_fee,251,20.12
DA_fee,252,19.16
DA_fee,254,14.59
DA_fee,253,20.48
DA_fee,255,19.73
DA_fee,256,18.53
DA_fee,257,19.91
DA_fee,259,19.49
DA_fee,258,20.0
DA_fee,260,19.38
DA_fee,261,19.39
DA_fee,262,18.83
DA_fee,263,19.81
DA_fee,264,17.09
DA_fee,265,18.17
DA_fee,266,18.3
DA_fee,267,20.86
DA_fee,268,21.26
DA_fee,270,18.81
DA_fee,269,20.14
DA_fee,271,17.93
DA_fee,272,19.34
DA_fee,273,19.16
DA_fee,275,19.52
DA_fee,274,19.51
DA_fee,276,20.14
DA_fee,277,19.06
DA_fee,278,18.63
DA_fee,279,20.5
DA_fee,281,21.23
DA_fee,280,18.23
DA_fee,282,17.28
DA_fee,283,19.9
DA_fee,284,17.26
DA_fee,285,18.11
DA_fee,287,19.44
DA_fee,286,21.73
DA_fee,288,19.7
DA_fee,289,20.11
DA_fee,290,20.13
DA_fee,292,18.36
DA_fee,291,19.44
DA_fee,294,20.36
DA_fee,293,19.35
DA_fee,295,19.6
DA_fee,296,19.86
DA_fee,297,20.13
DA_fee,299,19.49
DA_fee,298,21.18
DA_fee,300,18.58
DA_fee,301,20.56
DA_fee,303,19.33
DA_fee,302,19.53
DA_fee,304,17.27
DA_fee,305,18.94
DA_fee,306,19.66
DA_fee,307,21.59
DA_fee,308,18.96
DA_fee,309,18.71
DA_fee,310,20.17
DA_fee,311,19.08
DA_fee,312,17.66
DA_fee,313,19.81
DA_fee,314,18.34
DA_fee,316,20.36
DA_fee,317,19.79
DA_fee,315,21.11
DA_fee,318,19.05
DA_fee,319,19.75
DA_fee,321,20.21
DA_fee,322,19.95
DA_fee,320,19.93
DA_fee,323,19.27
DA_fee,324,21.1
DA_fee,325,18.77
DA_fee,327,18.95
DA_fee,326,18.37
DA_fee,328,19.29
DA_fee,329,20.19
DA_fee,331,20.01
DA_fee,330,19.9
DA_fee,333,21.4
DA_fee,332,19.26
DA_fee,335,20.93
DA_fee,334,20.36
DA_fee,336,18.51
DA_fee,338,19.33
DA_fee,337,19.82
DA_fee,339,19.53
DA_fee,340,20.72
DA_fee,341,18.82
DA_fee,343,19.88
DA_fee,344,21.34
DA_fee,342,20.24
DA_fee,345,17.16
DA_fee,346,20.37
DA_fee,347,17.38
DA_fee,348,20.18
DA_fee,349,18.26
DA_fee,350,17.96
DA_fee,352,24.19
DA_fee,351,18.81
DA_fee,353,19.54
DA_fee,354,18.05
DA_fee,355,20.62
DA_fee,356,19.7
DA_fee,357,20.35
DA_fee,358,18.75
DA_fee,359,17.64
DA_fee,360,19.31
DA_fee,361,20.13
DA_fee,362,19.84
DA_fee,363,18.84
DA_fee,365,19.78
DA_fee,364,20.11
DA_fee,366,18.5
DA_fee,367,19.49
DA_fee,368,20.78
DA_fee,369,20.1
DA_fee,370,17.8
DA_fee,371,18.71
DA_fee,372,19.5
DA_fee,373,18.19
DA_fee,374,17.66
DA_fee,375,19.49
DA_fee,376,18.13
DA_fee,378,19.38
DA_fee,377,20.89
DA_fee,380,18.48
DA_fee,379,17.71
DA_fee,381,19.61
DA_fee,383,19.58
DA_fee,382,16.47
DA_fee,384,19.71
DA_fee,385,21.09
DA_fee,386,18.96
DA_fee,387,20.15
DA_fee,388,20.26
DA_fee,389,19.08
DA_fee,390,20.19
DA_fee,391,19.92
DA_fee,392,19.82
DA_fee,393,19.78
DA_fee,394,19.05
DA_fee,395,18.24
DA_fee,396,18.51
DA_fee,397,19.19
DA_fee,398,20.62
DA_fee,399,22.04
DA_fee,400,19.62
DA_fee,401,19.17
DA_fee,402,20.99
DA_fee,403,19.56
DA_fee,404,19.6
DA_fee,405,19.3
DA_fee,407,19.39
DA_fee,406,19.52
DA_fee,408,18.89
DA_fee,409,19.46
DA_fee,411,18.85
DA_fee,410,19.39
DA_fee,412,16.6
DA_fee,413,19.43
DA_fee,414,18.55
DA_fee,415,17.79
DA_fee,417,19.82
DA_fee,416,19.95
DA_fee,418,21.41
DA_fee,419,20.09
DA_fee,420,20.03
DA_fee,421,21.41
DA_fee,422,19.33
DA_fee,424,20.32
DA_fee,423,18.85
DA_fee,425,20.01
DA_fee,427,22.4
DA_fee,426,19.37
DA_fee,428,20.13
DA_fee,430,19.55
DA_fee,429,18.78
DA_fee,431,19.79
DA_fee,432,19.23
DA_fee,434,20.1
DA_fee,435,19.79
DA_fee,433,18.14
DA_fee,436,19.87
DA_fee,437,20.53
DA_fee,438,20.49
DA_fee,439,18.9
DA_fee,440,19.57
DA_fee,441,19.94
DA_fee,442,22.1
DA_fee,443,21.37
DA_fee,444,19.5
DA_fee,445,18.09
DA_fee,446,20.43
DA_fee,447,19.44
DA_fee,448,18.58
DA_fee,449,19.78
DA_fee,450,17.5
DA_fee,453,18.06
DA_fee,451,19.29
DA_fee,452,20.88
DA_fee,454,19.11
DA_fee,455,18.77
DA_fee,457,19.52
DA_fee,458,20.17
DA_fee,456,18.13
DA_fee,459,17.93
DA_fee,460,20.39
DA_fee,461,20.61
DA_fee,462,19.02
DA_fee,463,17.15
DA_fee,465,19.35
DA_fee,464,19.7
DA_fee,466,17.51
DA_fee,467,19.29
DA_fee,468,19.33
DA_fee,470,19.54
DA_fee,469,19.65
DA_fee,471,21.22
DA_fee,472,19.83
DA_fee,474,19.79
DA_fee,473,17.61
DA_fee,475,20.28
DA_fee,477,18.85
DA_fee,476,18.56
DA_fee,478,18.63
DA_fee,479,19.35
DA_fee,480,19.61
DA_fee,481,18.66
DA_fee,482,19.17
DA_fee,483,21.43
DA_fee,484,19.34
DA_fee,485,19.37
DA_fee,486,18.35
DA_fee,487,19.17
DA_fee,488,19.39
DA_fee,491,19.67
DA_fee,489,20.93
DA_fee,490,20.08
DA_fee,492,19.39
DA_fee,493,18.76
DA_fee,494,19.67
DA_fee,495,18.66
DA_fee,496,19.56
DA_fee,497,16.22
DA_fee,498,19.42
DA_fee,499,20.02
DA_fee,500,18.59
DA_fee,501,19.03
DA_fee,504,18.59
DA_fee,503,18.85
DA_fee,502,20.22
DA_fee,505,19.79
DA_fee,506,18.99
DA_fee,507,20.36
DA_fee,508,19.52
DA_fee,509,19.55
DA_fee,510,19.47
DA_fee,511,19.54
DA_fee,512,19.29
DA_fee,513,20.24
DA_fee,515,20.82
DA_fee,514,19.05
DA_fee,517,19.36
DA_fee,516,17.36
DA_fee,518,18.9
DA_fee,519,20.14
DA_fee,520,19.71
DA_fee,521,18.33
DA_fee,523,18.36
DA_fee,522,18.91
DA_fee,524,18.5
DA_fee,525,15.93
DA_fee,526,20.14
DA_fee,527,19.48
DA_fee,529,19.52
DA_fee,528,19.48
DA_fee,530,18.48
DA_fee,531,22.41
DA_fee,532,20.37
DA_fee,534,19.56
DA_fee,536,20.64
DA_fee,533,19.93
DA_fee,535,17.99
DA_fee,537,17.47
DA_fee,538,19.01
DA_fee,541,20.87
DA_fee,539,19.97
DA_fee,542,20.06
DA_fee,540,18.81
DA_fee,544,19.3
DA_fee,543,17.9
DA_fee,545,17.38
DA_fee,546,18.77
DA_fee,548,18.94
DA_fee,547,18.6
DA_fee,549,18.26
DA_fee,550,19.95
DA_fee,551,18.0
DA_fee,552,18.56
DA_fee,556,19.77
DA_fee,555,21.07
DA_fee,553,19.88
DA_fee,554,19.8
DA_fee,557,15.41
DA_fee,558,20.12
DA_fee,559,17.91
DA_fee,560,19.69
DA_fee,561,19.22
DA_fee,562,19.54
DA_fee,563,17.34
DA_fee,564,21.25
DA_fee,565,23.98
DA_fee,567,20.48
DA_fee,566,21.13
DA_fee,570,18.18
DA_fee,568,19.97
DA_fee,569,19.7
DA_fee,571,19.23
DA_fee,572,20.05
DA_fee,573,18.09
DA_fee,576,18.69
DA_fee,574,20.46
DA_fee,575,19.7
DA_fee,577,20.08
DA_fee,578,18.58
DA_fee,579,18.07
DA_fee,580,18.46
DA_fee,583,19.57
DA_fee,582,19.67
DA_fee,581,18.52
DA_fee,584,17.46
DA_fee,585,19.83
DA_fee,586,18.35
DA_fee,587,19.62
DA_fee,589,18.51
DA_fee,588,20.79
DA_fee,590,20.28
DA_fee,591,18.4
DA_fee,592,19.2
DA_fee,593,19.96
DA_fee,596,15.81
DA_fee,594,19.13
DA_fee,595,18.01
DA_fee,597,20.05
DA_fee,598,19.51
DA_fee,599,19.84
DA_fee,600,18.86
DA_fee,602,19.87
DA_fee,601,19.56
DA_fee,603,19.98
DA_fee,604,21.52
DA_fee,605,19.4
DA_fee,606,17.53
DA_fee,608,19.96
DA_fee,607,21.82
DA_fee,609,17.21
DA_fee,610,16.34
DA_fee,611,20.1
DA_fee,612,19.55
DA_fee,613,19.86
DA_fee,614,18.46
DA_fee,615,16.0
DA_fee,616,19.55
DA_fee,617,20.1
DA_fee,618,19.65
DA_fee,619,16.63
DA_fee,620,18.9
DA_fee,621,18.91
DA_fee,622,18.23
DA_fee,623,18.65
DA_fee,624,20.2
DA_fee,625,18.02
DA_fee,626,20.01
DA_fee,627,19.15
DA_fee,628,18.75
DA_fee,629,19.9
DA_fee,631,20.25
DA_fee,630,19.99
DA_fee,632,19.34
DA_fee,634,20.27
DA_fee,633,18.5
DA_fee,636,19.21
DA_fee,635,19.98
DA_fee,637,18.18
DA_fee,638,19.58
DA_fee,639,18.08
DA_fee,640,19.83
DA_fee,641,19.58
DA_fee,642,18.91
DA_fee,643,18.11
DA_fee,645,20.05
DA_fee,644,16.64
DA_fee,646,19.6
DA_fee,647,20.34
DA_fee,649,20.48
DA_fee,648,19.28
DA_fee,650,18.72
DA_fee,652,19.19
DA_fee,651,19.4
DA_fee,653,16.95
DA_fee,654,20.16
DA_fee,655,19.54
DA_fee,656,19.04
DA_fee,657,18.9
DA_fee,658,20.2
DA_fee,659,17.58
DA_fee,660,21.21
DA_fee,662,20.61
DA_fee,661,21.01
DA_fee,663,20.28
DA_fee,665,16.11
DA_fee,664,18.16
DA_fee,666,23.39
DA_fee,667,18.96
DA_fee,668,20.81
DA_fee,670,19.5
DA_fee,669,20.2
DA_fee,671,19.79
DA_fee,672,16.94
DA_fee,673,21.38
DA_fee,674,19.28
DA_fee,675,19.37
DA_fee,677,19.36
DA_fee,676,20.19
DA_fee,678,20.22
DA_fee,680,19.98
DA_fee,679,20.3
DA_fee,681,20.93
DA_fee,682,19.54
DA_fee,684,19.2
DA_fee,683,24.17
DA_fee,685,19.39
DA_fee,686,19.53
DA_fee,687,20.04
DA_fee,688,20.47
DA_fee,689,18.37
DA_fee,690,20.94
DA_fee,691,20.64
DA_fee,692,16.12
DA_fee,693,20.56
DA_fee,694,17.9
DA_fee,695,19.28
DA_fee,696,19.24
DA_fee,697,20.64
DA_fee,699,17.58
DA_fee,698,19.32
DA_fee,702,17.03
DA_fee,700,19.74
DA_fee,701,19.85
DA_fee,703,20.18
DA_fee,704,19.24
DA_fee,706,21.0
DA_fee,705,21.19
DA_fee,707,19.46
DA_fee,708,20.19
DA_fee,709,19.45
DA_fee,710,19.94
DA_fee,711,21.01
DA_fee,712,18.97
DA_fee,713,19.77
DA_fee,714,18.14
DA_fee,715,19.79
DA_fee,717,18.87
DA_fee,716,19.41
DA_fee,719,19.6
DA_fee,718,20.46
DA_fee,720,19.09
DA_fee,721,20.2
DA_fee,722,20.52
DA_fee,723,19.14
DA_fee,724,18.17
DA_fee,725,20.48
DA_fee,730,18.26
DA_fee,728,20.36
DA_fee,726,19.4
DA_fee,727,18.73
DA_fee,729,17.19
DA_fee,731,18.9
DA_fee,732,20.1
DA_fee,733,17.46
DA_fee,735,20.63
DA_fee,734,18.04
DA_fee,737,19.89
DA_fee,736,19.54
DA_fee,738,17.95
DA_fee,739,18.92
DA_fee,740,18.64
DA_fee,742,18.18
DA_fee,741,19.92
DA_fee,743,18.14
DA_fee,744,18.75
DA_fee,745,18.94
DA_fee,746,18.01
DA_fee,747,19.97
DA_fee,748,19.3
DA_fee,750,15.45
DA_fee,749,17.93
DA_fee,751,19.57
DA_fee,752,19.58
DA_fee,753,20.16
DA_fee,755,19.83
DA_fee,754,18.82
DA_fee,756,16.57
DA_fee,757,17.91
DA_fee,758,20.58
DA_fee,759,22.57
DA_fee,760,15.58
DA_fee,761,18.84
DA_fee,762,19.61
DA_fee,763,18.91
DA_fee,764,20.61
DA_fee,766,18.2
DA_fee,765,19.57
DA_fee,767,18.58
DA_fee,768,19.36
DA_fee,769,20.74
DA_fee,770,19.51
DA_fee,771,20.24
DA_fee,773,19.66
DA_fee,772,18.95
DA_fee,774,19.43
DA_fee,775,18.64
DA_fee,777,18.57
DA_fee,778,19.55
DA_fee,776,19.6
DA_fee,779,18.22
DA_fee,780,18.01
DA_fee,781,19.78
DA_fee,782,20.16
DA_fee,783,19.51
DA_fee,784,18.92
DA_fee,786,19.05
DA_fee,785,18.29
DA_fee,787,19.51
DA_fee,788,16.06
DA_fee,789,19.47
DA_fee,792,18.75
DA_fee,791,19.31
DA_fee,790,19.62
DA_fee,794,19.65
DA_fee,793,17.97
DA_fee,795,18.77
DA_fee,796,20.29
DA_fee,797,17.04
DA_fee,798,19.32
DA_fee,799,19.17
DA_fee,800,19.85
DA_fee,801,19.84
DA_fee,803,21.24
DA_fee,802,18.9
DA_fee,804,18.63
DA_fee,806,18.24
DA_fee,805,18.89
DA_fee,807,21.33
DA_fee,808,18.85
DA_fee,810,17.96
DA_fee,809,18.9
DA_fee,811,19.36
DA_fee,812,20.1
DA_fee,813,18.38
DA_fee,814,20.31
DA_fee,816,18.31
DA_fee,815,17.94
DA_fee,817,16.14
DA_fee,818,20.55
DA_fee,819,17.12
DA_fee,820,18.04
DA_fee,821,19.12
DA_fee,822,18.08
DA_fee,824,20.14
DA_fee,823,18.48
DA_fee,825,18.99
DA_fee,826,20.29
DA_fee,827,19.41
DA_fee,828,18.99
DA_fee,829,18.46
DA_fee,830,18.44
DA_fee,831,18.82
DA_fee,833,20.53
DA_fee,832,18.6
DA_fee,834,20.0
DA_fee,835,19.23
DA_fee,837,18.3
DA_fee,836,19.31
DA_fee,838,21.1
DA_fee,839,20.25
DA_fee,840,18.5
DA_fee,841,17.11
DA_fee,842,19.37
DA_fee,843,19.45
DA_fee,844,19.02
DA_fee,845,18.44
DA_fee,846,13.31
DA_fee,847,19.48
DA_fee,850,19.05
DA_fee,851,18.2
DA_fee,849,19.93
DA_fee,848,20.08
DA_fee,852,19.21
DA_fee,853,18.96
DA_fee,854,16.66
DA_fee,855,20.78
DA_fee,856,19.82
DA_fee,857,19.79
DA_fee,858,19.48
DA_fee,859,19.68
DA_fee,860,19.72
DA_fee,861,17.34
DA_fee,862,16.07
DA_fee,863,19.49
DA_fee,864,17.27
DA_fee,865,20.57
DA_fee,866,18.5
DA_fee,867,20.64
DA_fee,869,20.53
DA_fee,868,18.01
DA_fee,870,18.13
DA_fee,871,19.59
DA_fee,872,20.04
DA_fee,873,20.86
DA_fee,874,18.76
DA_fee,875,18.89
DA_fee,876,18.39
DA_fee,877,18.72
DA_fee,878,19.34
DA_fee,879,18.94
DA_fee,880,20.5
DA_fee,881,17.93
DA_fee,882,18.43
DA_fee,883,19.25
DA_fee,884,18.97
DA_fee,885,16.08
DA_fee,886,16.47
DA_fee,887,20.69
DA_fee,888,17.52
DA_fee,889,18.77
DA_fee,890,19.31
DA_fee,891,18.32
DA_fee,892,22.1
DA_fee,894,18.21
DA_fee,893,19.46
DA_fee,895,20.28
DA_fee,896,19.68
DA_fee,897,17.31
DA_fee,898,17.56
DA_fee,899,18.74
DA_fee,900,20.0
DA_fee,901,20.25
DA_fee,902,16.2
DA_fee,903,19.03
DA_fee,904,19.94
DA_fee,905,19.23
DA_fee,907,18.96
DA_fee,906,18.61
DA_fee,908,21.15
DA_fee,909,20.03
DA_fee,910,20.68
DA_fee,911,19.01
DA_fee,912,19.23
DA_fee,913,19.66
DA_fee,914,19.25
DA_fee,916,20.0
DA_fee,915,19.48
DA_fee,917,18.41
DA_fee,918,20.08
DA_fee,919,20.47
DA_fee,921,19.54
DA_fee,920,19.93
DA_fee,922,19.96
DA_fee,923,18.91
DA_fee,924,20.35
DA_fee,925,18.65
DA_fee,926,18.27
DA_fee,927,20.34
DA_fee,928,19.27
DA_fee,930,16.44
DA_fee,929,18.98
DA_fee,932,19.19
DA_fee,931,18.86
DA_fee,934,19.08
DA_fee,933,20.66
DA_fee,935,19.48
DA_fee,936,18.56
DA_fee,938,18.17
DA_fee,937,18.38
DA_fee,939,18.24
DA_fee,940,19.0
DA_fee,941,19.23
DA_fee,943,19.24
DA_fee,942,20.11
DA_fee,944,21.78
DA_fee,945,19.3
DA_fee,947,21.2
DA_fee,946,19.6
DA_fee,949,18.86
DA_fee,948,18.82
DA_fee,950,19.32
DA_fee,951,20.34
DA_fee,952,19.54
DA_fee,953,19.4
DA_fee,954,21.35
DA_fee,955,19.51
DA_fee,956,19.82
DA_fee,958,20.01
DA_fee,957,20.8
DA_fee,959,18.91
DA_fee,961,18.71
DA_fee,960,18.71
DA_fee,962,20.05
DA_fee,964,19.98
DA_fee,963,20.32
DA_fee,965,18.98
DA_fee,966,19.27
DA_fee,968,18.14
DA_fee,967,19.23
DA_fee,969,20.13
DA_fee,970,20.2
DA_fee,971,19.04
DA_fee,972,21.64
DA_fee,973,19.06
DA_fee,974,19.8
DA_fee,975,19.09
DA_fee,977,18.79
DA_fee,976,20.09
DA_fee,978,19.43
DA_fee,979,20.53
DA_fee,981,15.94
DA_fee,980,18.96
DA_fee,982,19.72
DA_fee,983,15.78
DA_fee,984,17.97
DA_fee,985,19.28
DA_fee,986,20.01
DA_fee,987,20.09
DA_fee,988,18.83
DA_fee,989,19.66
DA_fee,991,17.1
DA_fee,990,19.59
DA_fee,992,19.69
DA_fee,995,18.78
DA_fee,994,19.45
DA_fee,993,22.72
DA_fee,996,20.22
DA_fee,999,19.71
DA_fee,997,20.15
DA_fee,998,19.56
BA_fee,0,18.98
BA_fee,2,25.6
BA_fee,1,20.38
BA_fee,3,20.73
BA_fee,4,19.65
BA_fee,5,21.15
BA_fee,6,19.93
BA_fee,7,21.3
BA_fee,9,20.75
BA_fee,8,19.69
BA_fee,10,20.07
BA_fee,12,20.37
BA_fee,11,20.37
BA_fee,13,19.2
BA_fee,16,19.3
BA_fee,15,21.4
BA_fee,14,20.01
BA_fee,17,22.34
BA_fee,19,19.57
BA_fee,18,20.98
BA_fee,20,19.5
BA_fee,21,23.25
BA_fee,22,20.51
BA_fee,23,22.76
BA_fee,25,21.11
BA_fee,24,19.97
BA_fee,26,19.9
BA_fee,29,22.09
BA_fee,27,21.77
BA_fee,28,21.68
BA_fee,30,21.83
BA_fee,31,22.66
BA_fee,32,20.12
BA_fee,33,21.22
BA_fee,34,19.76
BA_fee,36,19.13
BA_fee,35,21.89
BA_fee,37,20.38
BA_fee,38,22.63
BA_fee,39,19.75
BA_fee,42,19.73
BA_fee,40,19.49
BA_fee,41,20.62
BA_fee,43,21.26
BA_fee,44,19.5
BA_fee,45,19.14
BA_fee,46,19.28
BA_fee,48,20.4
BA_fee,47,20.38
BA_fee,50,19.31
BA_fee,49,20.43
BA_fee,51,20.17
BA_fee,53,21.06
BA_fee,52,19.37
BA_fee,56,20.35
BA_fee,54,20.85
BA_fee,55,19.32
BA_fee,57,19.56
BA_fee,58,19.82
BA_fee,59,19.92
BA_fee,60,21.56
BA_fee,61,25.01
BA_fee,63,21.02
BA_fee,62,20.82
BA_fee,64,22.98
BA_fee,66,19.93
BA_fee,65,19.0
BA_fee,68,20.56
BA_fee,67,21.31
BA_fee,69,19.87
BA_fee,70,21.43
BA_fee,71,20.49
BA_fee,72,20.42
BA_fee,75,21.79
BA_fee,73,20.27
BA_fee,74,22.34
BA_fee,76,21.42
BA_fee,77,20.97
BA_fee,79,21.22
BA_fee,78,20.51
BA_fee,80,22.49
BA_fee,81,21.74
BA_fee,82,21.33
BA_fee,83,21.99
BA_fee,84,19.68
BA_fee,85,20.85
BA_fee,86,20.3
BA_fee,87,23.63
BA_fee,88,18.93
BA_fee,89,21.01
BA_fee,90,21.3
BA_fee,91,19.6
BA_fee,92,19.44
BA_fee,93,19.16
BA_fee,94,19.66
BA_fee,95,20.8
BA_fee,96,19.81
BA_fee,98,21.42
BA_fee,97,20.62
BA_fee,101,20.21
BA_fee,100,19.51
BA_fee,99,19.45
BA_fee,102,20.21
BA_fee,105,23.45
BA_fee,103,20.65
BA_fee,104,20.32
BA_fee,106,20.95
BA_fee,107,19.69
BA_fee,108,21.39
BA_fee,109,19.37
BA_fee,111,20.9
BA_fee,110,20.75
BA_fee,114,19.73
BA_fee,113,20.27
BA_fee,112,21.15
BA_fee,115,20.33
BA_fee,116,21.91
BA_fee,118,21.71
BA_fee,117,20.75
BA_fee,119,20.73
BA_fee,120,19.47
BA_fee,121,20.47
BA_fee,123,22.47
BA_fee,122,18.86
BA_fee,125,20.34
BA_fee,124,19.87
BA_fee,127,20.93
BA_fee,126,21.31
BA_fee,128,21.27
BA_fee,130,22.19
BA_fee,131,20.29
BA_fee,129,21.02
BA_fee,132,19.34
BA_fee,133,22.37
BA_fee,134,22.59
BA_fee,135,19.78
BA_fee,138,19.36
BA_fee,137,21.65
BA_fee,136,20.78
BA_fee,140,20.32
BA_fee,139,20.02
BA_fee,141,20.27
BA_fee,142,19.37
BA_fee,143,18.86
BA_fee,144,21.4
BA_fee,145,19.6
BA_fee,146,21.03
BA_fee,148,20.37
BA_fee,147,19.65
BA_fee,150,19.42
BA_fee,149,20.64
BA_fee,151,19.59
BA_fee,153,18.74
BA_fee,152,21.8
BA_fee,154,19.72
BA_fee,155,20.19
BA_fee,156,19.81
BA_fee,157,20.5
BA_fee,158,21.6
BA_fee,159,21.95
BA_fee,160,20.51
BA_fee,162,20.0
BA_fee,163,18.54
BA_fee,161,20.54
BA_fee,165,20.63
BA_fee,164,19.23
BA_fee,166,21.06
BA_fee,167,22.51
BA_fee,168,22.53
BA_fee,170,20.48
BA_fee,169,19.96
BA_fee,171,22.78
BA_fee,172,21.01
BA_fee,173,18.73
BA_fee,174,20.57
BA_fee,175,20.21
BA_fee,176,19.4
BA_fee,177,20.54
BA_fee,178,20.03
BA_fee,179,20.96
BA_fee,180,19.99
BA_fee,181,21.82
BA_fee,182,19.98
BA_fee,184,21.23
BA_fee,183,23.03
BA_fee,185,20.94
BA_fee,186,19.3
BA_fee,187,21.21
BA_fee,188,21.0
BA_fee,192,23.47
BA_fee,191,22.19
BA_fee,189,20.13
BA_fee,190,20.85
BA_fee,193,20.1
BA_fee,194,20.98
BA_fee,195,21.14
BA_fee,196,23.11
BA_fee,197,19.95
BA_fee,198,22.96
BA_fee,201,19.2
BA_fee,202,21.73
BA_fee,199,22.5
BA_fee,200,22.12
BA_fee,203,20.45
BA_fee,204,19.52
BA_fee,205,21.19
BA_fee,206,19.89
BA_fee,207,20.24
BA_fee,208,21.56
BA_fee,209,22.48
BA_fee,210,22.26
BA_fee,211,21.35
BA_fee,215,22.39
BA_fee,214,20.73
BA_fee,212,20.99
BA_fee,213,19.76
BA_fee,216,20.69
BA_fee,217,21.02
BA_fee,218,20.04
BA_fee,219,20.12
BA_fee,220,20.98
BA_fee,221,19.09
BA_fee,223,21.4
BA_fee,222,20.08
BA_fee,224,22.83
BA_fee,225,19.22
BA_fee,227,21.05
BA_fee,226,21.03
BA_fee,229,19.14
BA_fee,228,19.36
BA_fee,230,22.27
BA_fee,231,19.54
BA_fee,232,20.76
BA_fee,233,20.41
BA_fee,234,20.99
BA_fee,235,19.83
BA_fee,236,22.18
BA_fee,237,19.83
BA_fee,238,19.78
BA_fee,240,19.96
BA_fee,239,20.37
BA_fee,241,20.37
BA_fee,242,21.74
BA_fee,243,20.07
BA_fee,244,21.29
BA_fee,245,20.5
BA_fee,246,20.61
BA_fee,247,22.36
BA_fee,249,20.3
BA_fee,248,21.71
BA_fee,250,22.07
BA_fee,251,18.57
BA_fee,252,20.65
BA_fee,254,23.37
BA_fee,255,20.29
BA_fee,253,21.07
BA_fee,256,21.1
BA_fee,257,18.92
BA_fee,259,21.66
BA_fee,258,20.09
BA_fee,260,18.48
BA_fee,261,20.04
BA_fee,262,19.91
BA_fee,263,19.74
BA_fee,264,21.14
BA_fee,265,20.25
BA_fee,266,20.83
BA_fee,267,19.88
BA_fee,268,20.06
BA_fee,269,20.16
BA_fee,271,22.04
BA_fee,272,21.38
BA_fee,270,21.1
BA_fee,273,20.61
BA_fee,274,19.25
BA_fee,275,19.22
BA_fee,276,21.58
BA_fee,277,20.51
BA_fee,279,22.41
BA_fee,280,20.28
BA_fee,278,21.68
BA_fee,281,23.3
BA_fee,282,21.59
BA_fee,283,19.2
BA_fee,285,21.55
BA_fee,284,20.88
BA_fee,286,20.8
BA_fee,288,18.85
BA_fee,287,21.26
BA_fee,289,21.01
BA_fee,290,20.02
BA_fee,291,19.84
BA_fee,292,21.43
BA_fee,293,19.07
BA_fee,294,20.22
BA_fee,295,20.91
BA_fee,296,20.04
BA_fee,297,19.89
BA_fee,298,21.28
BA_fee,299,19.71
BA_fee,300,22.6
BA_fee,301,19.13
BA_fee,302,19.39
BA_fee,303,20.01
BA_fee,304,21.17
BA_fee,306,19.62
BA_fee,305,20.96
BA_fee,307,20.24
BA_fee,309,20.25
BA_fee,308,19.04
BA_fee,311,21.61
BA_fee,310,20.3
BA_fee,312,23.05
BA_fee,314,21.18
BA_fee,313,18.89
BA_fee,315,21.47
BA_fee,316,21.77
BA_fee,317,19.69
BA_fee,319,19.8
BA_fee,318,22.86
BA_fee,321,21.09
BA_fee,320,19.81
BA_fee,322,20.28
BA_fee,324,21.8
BA_fee,323,19.74
BA_fee,325,19.84
BA_fee,327,20.57
BA_fee,328,19.17
BA_fee,326,22.75
BA_fee,329,22.26
BA_fee,330,20.68
BA_fee,332,19.81
BA_fee,331,20.22
BA_fee,333,20.35
BA_fee,334,21.38
BA_fee,335,21.66
BA_fee,336,20.01
BA_fee,337,19.33
BA_fee,338,18.89
BA_fee,339,21.1
BA_fee,340,19.93
BA_fee,341,22.35
BA_fee,342,19.28
BA_fee,344,20.84
BA_fee,343,20.04
BA_fee,345,22.22
BA_fee,346,21.24
BA_fee,347,22.51
BA_fee,348,21.46
BA_fee,349,20.05
BA_fee,350,20.42
BA_fee,352,23.68
BA_fee,351,20.39
BA_fee,354,20.05
BA_fee,353,20.17
BA_fee,355,22.23
BA_fee,357,18.96
BA_fee,356,19.04
BA_fee,358,19.42
BA_fee,360,20.64
BA_fee,359,21.07
BA_fee,361,21.28
BA_fee,362,20.08
BA_fee,363,20.13
BA_fee,364,20.45
BA_fee,366,19.95
BA_fee,365,21.89
BA_fee,367,19.31
BA_fee,368,20.12
BA_fee,369,19.95
BA_fee,370,22.1
BA_fee,371,20.55
BA_fee,373,20.27
BA_fee,372,20.83
BA_fee,375,19.79
BA_fee,374,20.78
BA_fee,376,21.24
BA_fee,377,21.76
BA_fee,378,20.13
BA_fee,380,20.17
BA_fee,379,21.26
BA_fee,382,21.2
BA_fee,381,19.44
BA_fee,383,20.37
BA_fee,384,19.44
BA_fee,385,21.46
BA_fee,386,19.01
BA_fee,387,19.96
BA_fee,388,20.22
BA_fee,389,19.45
BA_fee,390,19.74
BA_fee,391,19.99
BA_fee,393,20.46
BA_fee,392,18.9
BA_fee,395,21.43
BA_fee,394,21.1
BA_fee,396,21.75
BA_fee,397,19.07
BA_fee,398,20.13
BA_fee,399,22.22
BA_fee,400,23.92
BA_fee,401,21.08
BA_fee,402,19.59
BA_fee,404,20.56
BA_fee,403,20.31
BA_fee,405,21.08
BA_fee,407,19.37
BA_fee,406,21.91
BA_fee,410,20.63
BA_fee,408,19.46
BA_fee,409,20.65
BA_fee,411,19.75
BA_fee,412,22.17
BA_fee,413,19.18
BA_fee,414,20.36
BA_fee,416,20.02
BA_fee,415,20.09
BA_fee,417,19.24
BA_fee,418,18.94
BA_fee,419,21.02
BA_fee,421,21.07
BA_fee,422,19.49
BA_fee,420,19.63
BA_fee,423,19.49
BA_fee,424,20.71
BA_fee,425,20.5
BA_fee,426,21.39
BA_fee,427,19.45
BA_fee,428,19.65
BA_fee,429,21.58
BA_fee,430,19.34
BA_fee,431,19.71
BA_fee,432,19.55
BA_fee,433,21.78
BA_fee,435,20.31
BA_fee,436,18.18
BA_fee,434,19.7
BA_fee,437,21.04
BA_fee,438,18.95
BA_fee,439,21.4
BA_fee,440,19.13
BA_fee,441,19.72
BA_fee,443,21.47
BA_fee,442,21.56
BA_fee,444,20.46
BA_fee,445,20.88
BA_fee,446,20.51
BA_fee,447,19.79
BA_fee,448,20.28
BA_fee,449,20.41
BA_fee,450,21.42
BA_fee,451,19.81
BA_fee,452,20.95
BA_fee,453,20.9
BA_fee,454,20.8
BA_fee,456,20.84
BA_fee,455,21.64
BA_fee,459,20.42
BA_fee,457,20.07
BA_fee,458,19.34
BA_fee,460,20.08
BA_fee,462,19.18
BA_fee,461,21.2
BA_fee,463,21.42
BA_fee,464,20.34
BA_fee,465,21.89
BA_fee,466,21.85
BA_fee,468,21.79
BA_fee,467,19.19
BA_fee,469,21.39
BA_fee,470,19.53
BA_fee,471,19.47
BA_fee,472,19.88
BA_fee,473,20.96
BA_fee,474,20.44
BA_fee,475,23.45
BA_fee,476,19.53
BA_fee,477,21.06
BA_fee,478,24.08
BA_fee,479,20.03
BA_fee,480,20.85
BA_fee,481,20.48
BA_fee,482,19.53
BA_fee,483,21.26
BA_fee,484,20.61
BA_fee,485,21.29
BA_fee,486,20.77
BA_fee,487,20.22
BA_fee,488,19.82
BA_fee,489,21.28
BA_fee,490,19.43
BA_fee,491,18.85
BA_fee,492,18.89
BA_fee,494,19.25
BA_fee,493,20.43
BA_fee,495,20.21
BA_fee,496,21.51
BA_fee,497,22.25
BA_fee,500,21.59
BA_fee,499,20.99
BA_fee,498,19.3
BA_fee,501,18.77
BA_fee,502,22.21
BA_fee,503,20.65
BA_fee,504,20.4
BA_fee,505,21.41
BA_fee,506,20.21
BA_fee,507,18.65
BA_fee,509,18.63
BA_fee,508,19.82
BA_fee,510,18.88
BA_fee,513,20.88
BA_fee,512,19.83
BA_fee,511,20.68
BA_fee,514,20.85
BA_fee,515,20.61
BA_fee,517,19.73
BA_fee,516,20.51
BA_fee,518,20.4
BA_fee,519,20.68
BA_fee,520,19.64
BA_fee,522,20.29
BA_fee,521,21.01
BA_fee,524,21.6
BA_fee,523,21.34
BA_fee,525,22.66
BA_fee,527,21.6
BA_fee,526,19.89
BA_fee,528,20.82
BA_fee,530,20.32
BA_fee,529,19.83
BA_fee,531,19.32
BA_fee,532,20.44
BA_fee,533,19.81
BA_fee,534,21.03
BA_fee,535,23.1
BA_fee,537,20.79
BA_fee,536,21.0
BA_fee,540,20.02
BA_fee,538,20.59
BA_fee,539,19.57
BA_fee,541,21.3
BA_fee,543,20.94
BA_fee,542,21.84
BA_fee,544,20.09
BA_fee,545,21.62
BA_fee,546,18.99
BA_fee,548,21.33
BA_fee,547,20.12
BA_fee,553,20.69
BA_fee,549,21.65
BA_fee,552,21.29
BA_fee,551,21.13
BA_fee,550,20.22
BA_fee,554,19.93
BA_fee,555,19.31
BA_fee,556,20.88
BA_fee,557,21.79
BA_fee,559,21.2
BA_fee,558,19.86
BA_fee,561,20.6
BA_fee,560,18.78
BA_fee,562,19.66
BA_fee,563,21.51
BA_fee,564,20.35
BA_fee,565,23.41
BA_fee,567,21.0
BA_fee,566,19.68
BA_fee,569,18.97
BA_fee,568,20.25
BA_fee,570,19.77
BA_fee,571,19.88
BA_fee,572,20.0
BA_fee,573,20.48
BA_fee,574,20.45
BA_fee,575,20.31
BA_fee,577,20.49
BA_fee,578,19.41
BA_fee,579,22.54
BA_fee,580,24.81
BA_fee,576,21.61
BA_fee,581,22.44
BA_fee,582,19.89
BA_fee,583,21.3
BA_fee,584,21.51
BA_fee,585,20.29
BA_fee,587,23.53
BA_fee,586,20.18
BA_fee,589,20.28
BA_fee,591,20.03
BA_fee,588,21.24
BA_fee,592,20.82
BA_fee,593,20.99
BA_fee,590,21.0
BA_fee,594,19.95
BA_fee,595,21.9
BA_fee,596,22.92
BA_fee,598,19.25
BA_fee,597,18.96
BA_fee,599,19.96
BA_fee,600,20.34
BA_fee,605,20.77
BA_fee,601,20.53
BA_fee,602,20.17
BA_fee,604,20.42
BA_fee,606,23.28
BA_fee,603,20.89
BA_fee,607,21.64
BA_fee,608,20.97
BA_fee,609,25.41
BA_fee,611,20.75
BA_fee,610,22.52
BA_fee,613,19.02
BA_fee,612,22.43
BA_fee,614,20.11
BA_fee,617,19.21
BA_fee,615,22.37
BA_fee,618,21.78
BA_fee,619,22.23
BA_fee,616,21.16
BA_fee,620,21.34
BA_fee,621,19.12
BA_fee,622,21.08
BA_fee,624,19.99
BA_fee,623,20.66
BA_fee,625,22.14
BA_fee,629,19.89
BA_fee,627,19.11
BA_fee,626,19.28
BA_fee,628,20.74
BA_fee,632,19.47
BA_fee,631,21.39
BA_fee,630,21.81
BA_fee,633,22.02
BA_fee,634,19.56
BA_fee,635,20.06
BA_fee,636,19.22
BA_fee,637,19.91
BA_fee,638,19.12
BA_fee,639,19.78
BA_fee,641,18.26
BA_fee,640,22.02
BA_fee,643,20.46
BA_fee,642,20.74
BA_fee,644,21.69
BA_fee,645,20.94
BA_fee,646,19.41
BA_fee,647,19.45
BA_fee,648,21.16
BA_fee,649,19.4
BA_fee,650,20.23
BA_fee,651,19.37
BA_fee,652,19.48
BA_fee,656,20.5
BA_fee,654,21.33
BA_fee,653,21.84
BA_fee,657,20.05
BA_fee,655,20.28
BA_fee,658,20.73
BA_fee,659,21.68
BA_fee,660,22.71
BA_fee,661,20.32
BA_fee,663,19.82
BA_fee,662,21.66
BA_fee,664,22.22
BA_fee,665,21.97
BA_fee,666,21.75
BA_fee,668,19.22
BA_fee,669,19.2
BA_fee,667,19.75
BA_fee,670,20.44
BA_fee,671,19.33
BA_fee,672,21.24
BA_fee,673,22.09
BA_fee,675,20.0
BA_fee,674,21.33
BA_fee,676,23.57
BA_fee,677,20.65
BA_fee,679,18.78
BA_fee,678,20.93
BA_fee,683,21.92
BA_fee,682,19.59
BA_fee,680,19.16
BA_fee,681,20.55
BA_fee,684,19.62
BA_fee,685,20.08
BA_fee,686,19.38
BA_fee,688,20.35
BA_fee,687,19.75
BA_fee,689,20.88
BA_fee,691,22.88
BA_fee,690,22.21
BA_fee,696,19.55
BA_fee,694,21.02
BA_fee,695,19.19
BA_fee,693,20.38
BA_fee,692,21.03
BA_fee,697,21.48
BA_fee,698,19.1
BA_fee,699,23.89
BA_fee,700,19.62
BA_fee,702,21.34
BA_fee,701,20.05
BA_fee,704,21.08
BA_fee,703,22.68
BA_fee,709,18.75
BA_fee,706,19.76
BA_fee,708,19.46
BA_fee,705,19.29
BA_fee,707,19.69
BA_fee,711,21.73
BA_fee,710,20.12
BA_fee,712,20.64
BA_fee,713,19.7
BA_fee,714,20.77
BA_fee,715,20.61
BA_fee,716,20.24
BA_fee,717,20.43
BA_fee,721,19.9
BA_fee,720,20.52
BA_fee,719,18.46
BA_fee,718,21.47
BA_fee,722,20.41
BA_fee,723,20.17
BA_fee,724,22.63
BA_fee,725,19.72
BA_fee,728,20.53
BA_fee,726,19.16
BA_fee,727,20.26
BA_fee,730,20.1
BA_fee,729,22.08
BA_fee,731,19.87
BA_fee,732,19.5
BA_fee,733,21.19
BA_fee,734,20.89
BA_fee,735,19.7
BA_fee,737,20.25
BA_fee,736,21.26
BA_fee,738,19.85
BA_fee,739,20.58
BA_fee,740,20.34
BA_fee,741,19.29
BA_fee,742,22.81
BA_fee,743,20.97
BA_fee,744,19.91
BA_fee,748,18.73
BA_fee,745,20.2
BA_fee,746,21.45
BA_fee,747,19.67
BA_fee,749,22.04
BA_fee,750,23.17
BA_fee,751,20.45
BA_fee,752,18.93
BA_fee,754,21.51
BA_fee,753,20.41
BA_fee,755,19.98
BA_fee,756,22.39
BA_fee,757,21.94
BA_fee,760,22.86
BA_fee,759,22.59
BA_fee,761,20.71
BA_fee,758,20.58
BA_fee,762,19.64
BA_fee,763,20.9
BA_fee,764,19.71
BA_fee,766,19.87
BA_fee,765,19.56
BA_fee,767,23.14
BA_fee,768,21.31
BA_fee,771,19.34
BA_fee,770,19.32
BA_fee,769,20.08
BA_fee,772,20.75
BA_fee,773,19.8
BA_fee,774,22.33
BA_fee,775,21.04
BA_fee,776,23.87
BA_fee,777,20.07
BA_fee,778,22.12
BA_fee,779,21.11
BA_fee,780,21.1
BA_fee,781,19.97
BA_fee,784,20.88
BA_fee,782,20.61
BA_fee,785,21.63
BA_fee,783,19.62
BA_fee,786,19.69
BA_fee,789,21.16
BA_fee,787,19.61
BA_fee,788,23.22
BA_fee,790,19.11
BA_fee,791,20.63
BA_fee,792,21.45
BA_fee,794,19.61
BA_fee,793,20.9
BA_fee,795,19.67
BA_fee,797,23.24
BA_fee,798,20.56
BA_fee,796,19.99
BA_fee,799,19.12
BA_fee,801,19.86
BA_fee,802,19.85
BA_fee,800,20.85
BA_fee,803,22.58
BA_fee,805,21.42
BA_fee,804,21.06
BA_fee,806,21.54
BA_fee,809,19.9
BA_fee,808,21.16
BA_fee,807,20.57
BA_fee,810,20.76
BA_fee,812,20.12
BA_fee,811,20.74
BA_fee,814,20.95
BA_fee,815,21.59
BA_fee,813,20.66
BA_fee,816,22.53
BA_fee,817,21.19
BA_fee,818,19.25
BA_fee,819,21.49
BA_fee,821,18.84
BA_fee,822,22.9
BA_fee,823,22.46
BA_fee,820,20.9
BA_fee,824,20.37
BA_fee,825,18.7
BA_fee,826,19.24
BA_fee,827,20.95
BA_fee,828,21.33
BA_fee,829,20.45
BA_fee,830,21.17
BA_fee,831,20.27
BA_fee,833,20.71
BA_fee,832,21.82
BA_fee,835,21.55
BA_fee,834,21.66
BA_fee,836,21.43
BA_fee,837,20.59
BA_fee,838,19.17
BA_fee,839,20.02
BA_fee,841,21.06
BA_fee,840,19.32
BA_fee,842,19.26
BA_fee,843,19.74
BA_fee,844,21.31
BA_fee,845,21.04
BA_fee,848,21.06
BA_fee,846,24.23
BA_fee,847,21.96
BA_fee,849,20.9
BA_fee,850,20.19
BA_fee,851,22.01
BA_fee,853,19.5
BA_fee,854,21.12
BA_fee,852,20.44
BA_fee,855,22.54
BA_fee,856,19.61
BA_fee,858,19.31
BA_fee,857,20.61
BA_fee,859,20.28
BA_fee,861,21.36
BA_fee,860,20.55
BA_fee,862,23.28
BA_fee,863,19.66
BA_fee,864,19.73
BA_fee,865,19.27
BA_fee,866,20.65
BA_fee,867,19.59
BA_fee,868,21.71
BA_fee,869,20.02
BA_fee,870,20.64
BA_fee,871,19.22
BA_fee,872,19.94
BA_fee,873,20.2
BA_fee,874,20.43
BA_fee,875,20.05
BA_fee,876,19.58
BA_fee,877,19.45
BA_fee,878,21.47
BA_fee,879,20.06
BA_fee,880,19.35
BA_fee,881,20.06
BA_fee,882,21.24
BA_fee,883,18.92
BA_fee,884,19.68
BA_fee,885,22.26
BA_fee,887,20.49
BA_fee,886,21.94
BA_fee,888,20.92
BA_fee,889,19.88
BA_fee,890,18.91
BA_fee,891,21.39
BA_fee,892,20.16
BA_fee,893,18.81
BA_fee,894,20.1
BA_fee,895,18.63
BA_fee,896,19.47
BA_fee,897,20.44
BA_fee,898,19.92
BA_fee,899,20.45
BA_fee,900,22.72
BA_fee,901,18.77
BA_fee,902,23.36
BA_fee,903,20.44
BA_fee,904,19.45
BA_fee,905,19.32
BA_fee,906,19.7
BA_fee,907,20.27
BA_fee,908,22.08
BA_fee,909,18.78
BA_fee,911,20.0
BA_fee,910,19.94
BA_fee,912,20.21
BA_fee,913,20.09
BA_fee,914,19.53
BA_fee,915,19.12
BA_fee,916,18.69
BA_fee,917,22.26
BA_fee,918,20.44
BA_fee,919,20.61
BA_fee,920,19.64
BA_fee,921,20.87
BA_fee,923,20.5
BA_fee,922,19.71
BA_fee,924,20.8
BA_fee,925,19.38
BA_fee,926,20.37
BA_fee,927,22.08
BA_fee,928,20.68
BA_fee,929,19.8
BA_fee,931,19.35
BA_fee,930,22.19
BA_fee,932,21.19
BA_fee,933,20.28
BA_fee,934,19.89
BA_fee,935,20.9
BA_fee,936,21.38
BA_fee,937,23.11
BA_fee,940,21.04
BA_fee,938,21.34
BA_fee,939,20.95
BA_fee,941,19.97
BA_fee,942,20.45
BA_fee,944,21.09
BA_fee,943,19.75
BA_fee,945,19.86
BA_fee,946,19.6
BA_fee,947,19.04
BA_fee,948,20.65
BA_fee,950,19.28
BA_fee,949,19.62
BA_fee,951,19.71
BA_fee,952,21.16
BA_fee,953,20.67
BA_fee,954,19.5
BA_fee,955,20.03
BA_fee,957,20.57
BA_fee,956,19.89
BA_fee,958,21.31
BA_fee,959,20.17
BA_fee,960,20.62
BA_fee,961,21.01
BA_fee,962,19.69
BA_fee,963,20.21
BA_fee,964,19.49
BA_fee,965,19.87
BA_fee,967,21.28
BA_fee,966,18.99
BA_fee,968,21.15
BA_fee,970,19.96
BA_fee,969,18.19
BA_fee,971,19.5
BA_fee,972,20.6
BA_fee,973,19.6
BA_fee,975,18.9
BA_fee,974,19.7
BA_fee,976,21.42
BA_fee,977,19.88
BA_fee,978,20.71
BA_fee,979,19.51
BA_fee,980,20.54
BA_fee,983,21.83
BA_fee,981,21.74
BA_fee,982,20.57
BA_fee,985,19.36
BA_fee,984,20.46
BA_fee,986,19.6
BA_fee,987,21.33
BA_fee,988,20.11
BA_fee,989,19.92
BA_fee,990,19.56
BA_fee,991,22.14
BA_fee,993,20.48
BA_fee,992,22.46
BA_fee,995,20.37
BA_fee,994,22.2
BA_fee,996,21.14
BA_fee,998,19.55
BA_fee,997,20.03
BA_fee,999,21.46
AMM_fee,0,27.77
AMM_fee,1,26.35
AMM_fee,2,28.77
AMM_fee,4,25.96
AMM_fee,3,27.16
AMM_fee,5,27.11
AMM_fee,9,26.5
AMM_fee,7,29.49
AMM_fee,6,26.07
AMM_fee,8,26.8
AMM_fee,10,24.78
AMM_fee,11,29.26
AMM_fee,13,27.52
AMM_fee,12,25.3
AMM_fee,14,28.41
AMM_fee,19,27.08
AMM_fee,15,28.48
AMM_fee,16,26.06
AMM_fee,17,27.06
AMM_fee,18,27.99
AMM_fee,20,29.32
AMM_fee,21,25.51
AMM_fee,22,26.71
AMM_fee,23,28.22
AMM_fee,28,26.34
AMM_fee,24,28.73
AMM_fee,25,26.21
AMM_fee,27,27.81
AMM_fee,26,27.89
AMM_fee,29,27.21
AMM_fee,32,27.11
AMM_fee,31,29.07
AMM_fee,30,27.99
AMM_fee,33,28.07
AMM_fee,34,26.16
AMM_fee,35,26.6
AMM_fee,37,24.76
AMM_fee,36,26.06
AMM_fee,38,26.83
AMM_fee,39,27.37
AMM_fee,40,26.27
AMM_fee,41,28.29
AMM_fee,42,28.48
AMM_fee,44,25.75
AMM_fee,43,27.34
AMM_fee,45,26.14
AMM_fee,46,25.8
AMM_fee,49,25.72
AMM_fee,47,26.89
AMM_fee,48,26.39
AMM_fee,50,28.31
AMM_fee,51,25.42
AMM_fee,52,27.37
AMM_fee,53,27.91
AMM_fee,55,27.44
AMM_fee,54,27.6
AMM_fee,60,27.39
AMM_fee,57,29.66
AMM_fee,58,27.39
AMM_fee,56,28.01
AMM_fee,59,26.74
AMM_fee,61,26.92
AMM_fee,62,27.31
AMM_fee,63,26.96
AMM_fee,64,27.9
AMM_fee,65,25.66
AMM_fee,69,26.83
AMM_fee,66,26.58
AMM_fee,68,27.78
AMM_fee,67,28.63
AMM_fee,70,27.53
AMM_fee,72,26.8
AMM_fee,71,28.13
AMM_fee,73,27.87
AMM_fee,74,26.35
AMM_fee,75,27.14
AMM_fee,76,26.7
AMM_fee,79,29.18
AMM_fee,77,27.23
AMM_fee,78,26.82
AMM_fee,80,27.33
AMM_fee,81,26.25
AMM_fee,82,28.27
AMM_fee,83,27.15
AMM_fee,85,27.61
AMM_fee,84,27.18
AMM_fee,86,25.65
AMM_fee,90,27.07
AMM_fee,87,26.83
AMM_fee,88,26.02
AMM_fee,89,26.56
AMM_fee,91,26.97
AMM_fee,92,27.08
AMM_fee,93,27.19
AMM_fee,94,26.82
AMM_fee,95,26.2
AMM_fee,96,27.23
AMM_fee,100,26.62
AMM_fee,98,28.24
AMM_fee,97,26.46
AMM_fee,99,26.17
AMM_fee,101,26.56
AMM_fee,102,26.42
AMM_fee,103,25.85
AMM_fee,104,27.66
AMM_fee,106,26.53
AMM_fee,105,27.41
AMM_fee,110,27.14
AMM_fee,107,27.46
AMM_fee,108,27.19
AMM_fee,109,27.39
AMM_fee,111,26.25
AMM_fee,112,27.64
AMM_fee,113,27.7
AMM_fee,114,25.3
AMM_fee,115,25.54
AMM_fee,116,27.57
AMM_fee,120,25.42
AMM_fee,117,27.38
AMM_fee,118,25.8
AMM_fee,119,26.96
AMM_fee,122,27.38
AMM_fee,121,25.3
AMM_fee,123,27.59
AMM_fee,124,25.72
AMM_fee,127,27.59
AMM_fee,125,26.69
AMM_fee,126,27.21
AMM_fee,130,28.43
AMM_fee,128,26.87
AMM_fee,129,27.25
AMM_fee,131,29.13
AMM_fee,132,26.18
AMM_fee,133,27.61
AMM_fee,136,27.61
AMM_fee,134,25.87
AMM_fee,135,27.52
AMM_fee,141,26.39
AMM_fee,137,27.52
AMM_fee,140,26.29
AMM_fee,138,25.76
AMM_fee,139,26.32
AMM_fee,142,26.81
AMM_fee,143,26.58
AMM_fee,144,27.07
AMM_fee,145,26.67
AMM_fee,146,27.35
AMM_fee,149,25.61
AMM_fee,148,26.38
AMM_fee,147,27.1
AMM_fee,150,28.51
AMM_fee,151,26.79
AMM_fee,152,31.08
AMM_fee,153,27.22
AMM_fee,154,25.68
AMM_fee,155,26.46
AMM_fee,156,27.71
AMM_fee,157,25.06
AMM_fee,158,27.58
AMM_fee,163,25.27
AMM_fee,159,27.72
AMM_fee,162,27.36
AMM_fee,160,26.24
AMM_fee,161,27.06
AMM_fee,164,25.75
AMM_fee,166,26.04
AMM_fee,165,26.81
AMM_fee,167,28.9
AMM_fee,168,28.58
AMM_fee,172,28.01
AMM_fee,169,26.59
AMM_fee,170,28.24
AMM_fee,171,27.69
AMM_fee,173,25.91
AMM_fee,176,27.26
AMM_fee,174,27.17
AMM_fee,175,27.68
AMM_fee,177,26.02
AMM_fee,182,25.69
AMM_fee,178,25.8
AMM_fee,179,27.51
AMM_fee,180,27.61
AMM_fee,181,26.7
AMM_fee,183,30.6
AMM_fee,184,26.7
AMM_fee,185,27.32
AMM_fee,186,26.94
AMM_fee,187,27.75
AMM_fee,188,26.51
AMM_fee,191,28.28
AMM_fee,189,29.35
AMM_fee,190,27.83
AMM_fee,192,28.39
AMM_fee,193,27.58
AMM_fee,195,26.35
AMM_fee,194,26.2
AMM_fee,196,28.07
AMM_fee,197,29.65
AMM_fee,198,28.28
AMM_fee,202,24.41
AMM_fee,199,28.01
AMM_fee,200,27.91
AMM_fee,201,27.48
AMM_fee,203,25.43
AMM_fee,205,28.95
AMM_fee,206,26.68
AMM_fee,204,28.13
AMM_fee,207,27.96
AMM_fee,208,27.07
AMM_fee,209,28.68
AMM_fee,212,26.69
AMM_fee,210,25.97
AMM_fee,211,26.76
AMM_fee,213,28.44
AMM_fee,215,26.71
AMM_fee,214,27.08
AMM_fee,217,27.88
AMM_fee,216,28.86
AMM_fee,219,28.81
AMM_fee,223,29.63
AMM_fee,218,27.07
AMM_fee,220,26.83
AMM_fee,221,26.33
AMM_fee,222,26.68
AMM_fee,225,27.26
AMM_fee,224,26.52
AMM_fee,226,26.98
AMM_fee,227,26.96
AMM_fee,232,29.31
AMM_fee,228,26.8
AMM_fee,229,24.9
AMM_fee,230,28.61
AMM_fee,231,27.23
AMM_fee,233,26.6
AMM_fee,234,25.96
AMM_fee,235,24.88
AMM_fee,236,26.7
AMM_fee,241,27.32
AMM_fee,237,27.47
AMM_fee,238,27.89
AMM_fee,239,27.13
AMM_fee,242,28.3
AMM_fee,240,24.11
AMM_fee,244,27.67
AMM_fee,243,26.18
AMM_fee,246,25.98
AMM_fee,245,28.05
AMM_fee,250,28.64
AMM_fee,248,26.86
AMM_fee,247,28.37
AMM_fee,249,26.99
AMM_fee,252,26.89
AMM_fee,251,27.18
AMM_fee,253,29.95
AMM_fee,254,27.62
AMM_fee,255,27.16
AMM_fee,260,27.49
AMM_fee,256,27.13
AMM_fee,258,26.33
AMM_fee,257,26.9
AMM_fee,259,27.02
AMM_fee,262,25.64
AMM_fee,261,26.33
AMM_fee,263,28.26
AMM_fee,264,26.84
AMM_fee,265,26.27
AMM_fee,266,28.07
AMM_fee,269,26.66
AMM_fee,267,25.02
AMM_fee,268,28.51
AMM_fee,270,27.29
AMM_fee,272,26.24
AMM_fee,271,26.61
AMM_fee,273,28.23
AMM_fee,274,26.95
AMM_fee,275,25.01
AMM_fee,276,26.04
AMM_fee,280,24.82
AMM_fee,278,26.79
AMM_fee,277,26.25
AMM_fee,279,26.55
AMM_fee,282,27.63
AMM_fee,281,29.47
AMM_fee,283,26.49
AMM_fee,284,28.08
AMM_fee,285,27.46
AMM_fee,286,26.9
AMM_fee,290,26.22
AMM_fee,287,26.27
AMM_fee,288,27.13
AMM_fee,289,27.55
AMM_fee,291,25.67
AMM_fee,292,28.48
AMM_fee,294,25.3
AMM_fee,293,27.74
AMM_fee,295,27.93
AMM_fee,300,29.45
AMM_fee,296,25.99
AMM_fee,299,28.09
AMM_fee,298,26.34
AMM_fee,297,25.92
AMM_fee,301,27.65
AMM_fee,302,29.66
AMM_fee,303,28.16
AMM_fee,304,28.19
AMM_fee,306,27.08
AMM_fee,305,25.9
AMM_fee,309,24.65
AMM_fee,308,26.38
AMM_fee,307,25.04
AMM_fee,311,27.68
AMM_fee,310,27.39
AMM_fee,312,28.02
AMM_fee,313,27.59
AMM_fee,314,27.15
AMM_fee,315,29.01
AMM_fee,316,27.11
AMM_fee,320,28.3
AMM_fee,317,26.27
AMM_fee,319,28.47
AMM_fee,318,28.43
AMM_fee,321,27.77
AMM_fee,322,25.91
AMM_fee,323,27.9
AMM_fee,325,25.67
AMM_fee,324,28.02
AMM_fee,326,30.4
AMM_fee,327,27.38
AMM_fee,330,28.56
AMM_fee,328,26.06
AMM_fee,329,28.53
AMM_fee,331,25.98
AMM_fee,333,25.26
AMM_fee,332,25.24
AMM_fee,335,26.46
AMM_fee,334,26.9
AMM_fee,337,26.31
AMM_fee,341,29.35
AMM_fee,338,26.55
AMM_fee,336,27.05
AMM_fee,339,26.23
AMM_fee,340,28.0
AMM_fee,342,26.24
AMM_fee,343,25.21
AMM_fee,344,27.48
AMM_fee,345,29.02
AMM_fee,346,28.01
AMM_fee,350,25.92
AMM_fee,347,28.48
AMM_fee,348,27.48
AMM_fee,352,28.1
AMM_fee,349,28.04
AMM_fee,351,26.84
AMM_fee,353,28.16
AMM_fee,354,25.67
AMM_fee,355,28.79
AMM_fee,356,28.01
AMM_fee,360,25.72
AMM_fee,357,26.39
AMM_fee,358,27.21
AMM_fee,359,25.65
AMM_fee,362,25.09
AMM_fee,361,27.43
AMM_fee,363,26.55
AMM_fee,364,25.58
AMM_fee,365,26.95
AMM_fee,366,27.3
AMM_fee,368,27.72
AMM_fee,367,26.99
AMM_fee,370,26.71
AMM_fee,369,27.08
AMM_fee,371,26.09
AMM_fee,372,28.31
AMM_fee,373,25.22
AMM_fee,375,26.39
AMM_fee,374,25.87
AMM_fee,376,30.23
AMM_fee,377,27.16
AMM_fee,382,27.43
AMM_fee,378,25.05
AMM_fee,380,25.67
AMM_fee,379,25.4
AMM_fee,381,25.92
AMM_fee,383,26.62
AMM_fee,384,26.62
AMM_fee,385,29.67
AMM_fee,386,26.43
AMM_fee,387,26.84
AMM_fee,388,26.59
AMM_fee,391,27.1
AMM_fee,389,25.29
AMM_fee,390,27.8
AMM_fee,392,26.31
AMM_fee,394,25.5
AMM_fee,395,26.12
AMM_fee,393,26.52
AMM_fee,396,28.18
AMM_fee,397,29.15
AMM_fee,402,26.96
AMM_fee,398,27.51
AMM_fee,399,27.74
AMM_fee,400,27.44
AMM_fee,401,27.08
AMM_fee,403,28.09
AMM_fee,404,28.42
AMM_fee,405,25.5
AMM_fee,406,29.28
AMM_fee,407,25.94
AMM_fee,408,26.22
AMM_fee,409,27.71
AMM_fee,411,26.3
AMM_fee,410,29.14
AMM_fee,412,25.8
AMM_fee,413,25.75
AMM_fee,416,27.86
AMM_fee,414,26.08
AMM_fee,415,25.25
AMM_fee,417,26.4
AMM_fee,418,25.41
AMM_fee,423,25.46
AMM_fee,419,28.01
AMM_fee,421,26.7
AMM_fee,420,26.65
AMM_fee,422,27.02
AMM_fee,424,27.72
AMM_fee,425,26.89
AMM_fee,426,28.37
AMM_fee,428,25.48
AMM_fee,427,26.54
AMM_fee,429,26.67
AMM_fee,432,28.18
AMM_fee,430,26.87
AMM_fee,431,26.77
AMM_fee,433,28.15
AMM_fee,434,27.25
AMM_fee,435,29.24
AMM_fee,436,25.5
AMM_fee,437,28.05
AMM_fee,438,26.08
AMM_fee,443,28.8
AMM_fee,439,27.0
AMM_fee,440,25.82
AMM_fee,442,26.18
AMM_fee,441,29.25
AMM_fee,444,27.46
AMM_fee,445,27.2
AMM_fee,446,25.03
AMM_fee,447,27.56
AMM_fee,448,27.32
AMM_fee,449,28.04
AMM_fee,452,25.92
AMM_fee,450,25.62
AMM_fee,451,25.7
AMM_fee,454,27.34
AMM_fee,453,26.62
AMM_fee,455,25.9
AMM_fee,456,26.29
AMM_fee,457,28.13
AMM_fee,458,27.83
AMM_fee,459,28.03
AMM_fee,460,25.76
AMM_fee,463,26.27
AMM_fee,461,25.91
AMM_fee,462,27.74
AMM_fee,464,28.42
AMM_fee,465,27.76
AMM_fee,466,26.23
AMM_fee,467,28.68
AMM_fee,468,28.17
AMM_fee,470,28.2
AMM_fee,469,28.15
AMM_fee,474,27.53
AMM_fee,471,27.39
AMM_fee,473,26.1
AMM_fee,472,29.57
AMM_fee,476,27.28
AMM_fee,475,27.29
AMM_fee,477,24.62
AMM_fee,478,29.62
AMM_fee,479,25.78
AMM_fee,484,27.91
AMM_fee,480,28.38
AMM_fee,481,28.03
AMM_fee,483,28.02
AMM_fee,482,27.79
AMM_fee,485,29.5
AMM_fee,487,26.39
AMM_fee,486,27.16
AMM_fee,488,26.68
AMM_fee,489,26.2
AMM_fee,490,27.39
AMM_fee,493,30.07
AMM_fee,491,26.16
AMM_fee,494,25.99
AMM_fee,492,25.34
AMM_fee,498,25.87
AMM_fee,495,26.34
AMM_fee,497,29.29
AMM_fee,496,28.89
AMM_fee,500,26.03
AMM_fee,499,27.8
AMM_fee,504,25.53
AMM_fee,501,25.24
AMM_fee,502,28.2
AMM_fee,503,27.84
AMM_fee,505,27.73
AMM_fee,506,25.34
AMM_fee,509,25.19
AMM_fee,507,26.76
AMM_fee,508,28.45
AMM_fee,510,26.82
AMM_fee,511,27.59
AMM_fee,514,28.52
AMM_fee,513,27.83
AMM_fee,512,24.85
AMM_fee,515,28.24
AMM_fee,517,26.43
AMM_fee,516,24.73
AMM_fee,518,27.41
AMM_fee,519,26.82
AMM_fee,520,26.75
AMM_fee,525,26.38
AMM_fee,521,27.61
AMM_fee,522,27.4
AMM_fee,523,28.78
AMM_fee,524,29.37
AMM_fee,526,27.3
AMM_fee,527,28.9
AMM_fee,528,27.08
AMM_fee,529,26.67
AMM_fee,530,28.45
AMM_fee,531,26.6
AMM_fee,534,26.26
AMM_fee,532,27.73
AMM_fee,533,27.97
AMM_fee,535,28.22
AMM_fee,536,27.38
AMM_fee,538,25.78
AMM_fee,537,28.22
AMM_fee,539,27.03
AMM_fee,541,27.66
AMM_fee,540,26.34
AMM_fee,542,26.28
AMM_fee,545,25.1
AMM_fee,543,28.9
AMM_fee,544,25.4
AMM_fee,546,28.51
AMM_fee,547,25.77
AMM_fee,549,27.25
AMM_fee,548,26.8
AMM_fee,551,26.17
AMM_fee,550,28.67
AMM_fee,556,27.54
AMM_fee,552,26.99
AMM_fee,553,26.85
AMM_fee,554,24.94
AMM_fee,555,26.55
AMM_fee,558,27.64
AMM_fee,557,27.25
AMM_fee,559,26.86
AMM_fee,560,27.06
AMM_fee,564,25.41
AMM_fee,561,26.77
AMM_fee,562,26.15
AMM_fee,565,27.56
AMM_fee,563,27.79
AMM_fee,566,26.07
AMM_fee,568,28.99
AMM_fee,567,27.37
AMM_fee,569,24.73
AMM_fee,570,27.18
AMM_fee,571,26.6
AMM_fee,572,27.52
AMM_fee,577,29.59
AMM_fee,573,26.75
AMM_fee,576,26.85
AMM_fee,575,27.04
AMM_fee,574,27.36
AMM_fee,578,29.42
AMM_fee,579,26.5
AMM_fee,581,26.25
AMM_fee,580,29.5
AMM_fee,582,25.89
AMM_fee,583,26.81
AMM_fee,586,27.6
AMM_fee,584,25.21
AMM_fee,585,25.24
AMM_fee,587,28.03
AMM_fee,591,25.0
AMM_fee,589,27.83
AMM_fee,588,26.67
AMM_fee,590,27.44
AMM_fee,593,25.32
AMM_fee,592,26.07
AMM_fee,597,26.71
AMM_fee,594,26.7
AMM_fee,595,27.11
AMM_fee,596,25.0
AMM_fee,598,26.99
AMM_fee,599,25.97
AMM_fee,600,27.72
AMM_fee,601,27.25
AMM_fee,604,27.36
AMM_fee,603,28.14
AMM_fee,602,27.6
AMM_fee,607,27.72
AMM_fee,605,27.33
AMM_fee,606,27.04
AMM_fee,608,26.39
AMM_fee,609,27.05
AMM_fee,610,27.66
AMM_fee,611,27.42
AMM_fee,613,26.53
AMM_fee,612,28.36
AMM_fee,618,29.62
AMM_fee,615,25.53
AMM_fee,614,26.72
AMM_fee,616,28.0
AMM_fee,617,26.23
AMM_fee,620,29.26
AMM_fee,621,27.39
AMM_fee,619,27.67
AMM_fee,622,25.89
AMM_fee,623,28.71
AMM_fee,624,26.33
AMM_fee,627,27.39
AMM_fee,625,29.16
AMM_fee,626,26.82
AMM_fee,630,28.17
AMM_fee,629,24.86
AMM_fee,628,27.37
AMM_fee,631,29.04
AMM_fee,632,27.99
AMM_fee,633,27.57
AMM_fee,638,25.7
AMM_fee,634,27.78
AMM_fee,636,27.59
AMM_fee,637,27.51
AMM_fee,635,25.8
AMM_fee,639,27.24
AMM_fee,640,28.58
AMM_fee,642,24.49
AMM_fee,641,26.96
AMM_fee,643,24.61
AMM_fee,644,27.51
AMM_fee,647,25.88
AMM_fee,646,27.81
AMM_fee,648,28.8
AMM_fee,645,25.45
AMM_fee,649,26.75
AMM_fee,650,27.18
AMM_fee,651,27.4
AMM_fee,652,27.95
AMM_fee,653,25.61
AMM_fee,658,28.1
AMM_fee,654,28.33
AMM_fee,655,25.03
AMM_fee,656,25.55
AMM_fee,657,25.94
AMM_fee,660,27.75
AMM_fee,659,26.34
AMM_fee,661,27.84
AMM_fee,662,28.26
AMM_fee,663,26.48
AMM_fee,664,28.91
AMM_fee,667,25.06
AMM_fee,665,26.93
AMM_fee,666,26.72
AMM_fee,668,25.99
AMM_fee,669,25.25
AMM_fee,670,26.12
AMM_fee,671,28.2
AMM_fee,672,26.59
AMM_fee,673,27.62
AMM_fee,674,26.75
AMM_fee,678,26.82
AMM_fee,675,28.08
AMM_fee,676,28.64
AMM_fee,677,27.35
AMM_fee,680,26.94
AMM_fee,679,27.07
AMM_fee,681,28.96
AMM_fee,682,25.12
AMM_fee,683,28.56
AMM_fee,685,27.48
AMM_fee,684,26.03
AMM_fee,688,27.71
AMM_fee,687,25.93
AMM_fee,686,26.84
AMM_fee,689,27.46
AMM_fee,690,28.69
AMM_fee,691,29.37
AMM_fee,694,25.57
AMM_fee,692,26.85
AMM_fee,693,28.29
AMM_fee,699,28.29
AMM_fee,695,27.26
AMM_fee,696,25.12
AMM_fee,697,27.44
AMM_fee,698,25.49
AMM_fee,700,26.53
AMM_fee,701,28.22
AMM_fee,702,28.3
AMM_fee,703,28.06
AMM_fee,704,27.0
AMM_fee,708,27.07
AMM_fee,705,26.15
AMM_fee,706,28.0
AMM_fee,707,25.59
AMM_fee,709,26.15
AMM_fee,710,26.15
AMM_fee,711,28.44
AMM_fee,712,26.75
AMM_fee,713,28.67
AMM_fee,714,28.07
AMM_fee,715,28.34
AMM_fee,718,28.83
AMM_fee,716,26.44
AMM_fee,717,27.03
AMM_fee,719,27.02
AMM_fee,721,26.9
AMM_fee,720,27.18
AMM_fee,722,26.63
AMM_fee,723,26.33
AMM_fee,724,25.69
AMM_fee,725,25.91
AMM_fee,726,26.46
AMM_fee,729,26.77
AMM_fee,727,26.05
AMM_fee,728,26.03
AMM_fee,730,26.41
AMM_fee,731,29.84
AMM_fee,733,25.82
AMM_fee,732,26.83
AMM_fee,734,27.71
AMM_fee,735,26.67
AMM_fee,736,29.85
AMM_fee,740,25.14
AMM_fee,738,26.09
AMM_fee,737,28.69
AMM_fee,739,26.99
AMM_fee,741,28.36
AMM_fee,742,26.79
AMM_fee,743,27.41
AMM_fee,744,27.48
AMM_fee,745,26.98
AMM_fee,746,27.32
AMM_fee,750,27.71
AMM_fee,747,25.52
AMM_fee,749,27.43
AMM_fee,748,27.64
AMM_fee,751,27.21
AMM_fee,752,25.91
AMM_fee,754,27.86
AMM_fee,753,27.9
AMM_fee,755,25.75
AMM_fee,760,24.76
AMM_fee,757,27.79
AMM_fee,756,25.82
AMM_fee,759,27.92
AMM_fee,758,26.84
AMM_fee,761,27.27
AMM_fee,763,25.54
AMM_fee,762,27.62
AMM_fee,764,25.97
AMM_fee,765,27.73
AMM_fee,769,27.98
AMM_fee,766,25.45
AMM_fee,767,29.69
AMM_fee,768,28.12
AMM_fee,771,27.67
AMM_fee,770,25.04
AMM_fee,773,25.26
AMM_fee,772,26.59
AMM_fee,774,29.26
AMM_fee,775,29.33
AMM_fee,776,26.73
AMM_fee,779,28.61
AMM_fee,778,28.56
AMM_fee,777,26.87
AMM_fee,780,26.91
AMM_fee,781,27.04
AMM_fee,782,27.2
AMM_fee,783,25.87
AMM_fee,784,26.25
AMM_fee,786,26.13
AMM_fee,785,27.75
AMM_fee,790,27.86
AMM_fee,787,26.72
AMM_fee,789,24.55
AMM_fee,788,28.36
AMM_fee,791,26.41
AMM_fee,792,24.66
AMM_fee,793,26.52
AMM_fee,794,25.83
AMM_fee,795,26.86
AMM_fee,800,28.4
AMM_fee,796,27.0
AMM_fee,797,29.47
AMM_fee,798,28.75
AMM_fee,799,28.26
AMM_fee,801,28.14
AMM_fee,802,27.46
AMM_fee,803,27.01
AMM_fee,809,28.2
AMM_fee,805,27.27
AMM_fee,804,26.04
AMM_fee,806,29.17
AMM_fee,808,29.96
AMM_fee,807,27.19
AMM_fee,810,26.85
AMM_fee,811,28.45
AMM_fee,812,25.62
AMM_fee,813,28.08
AMM_fee,814,27.78
AMM_fee,817,26.79
AMM_fee,815,26.29
AMM_fee,818,28.21
AMM_fee,816,28.73
AMM_fee,819,28.29
AMM_fee,820,26.66
AMM_fee,821,25.09
AMM_fee,822,28.71
AMM_fee,823,27.5
AMM_fee,824,28.31
AMM_fee,828,27.06
AMM_fee,825,26.74
AMM_fee,826,25.97
AMM_fee,827,27.8
AMM_fee,829,26.36
AMM_fee,831,27.13
AMM_fee,830,28.38
AMM_fee,832,29.18
AMM_fee,835,27.57
AMM_fee,833,26.85
AMM_fee,834,27.24
AMM_fee,838,26.14
AMM_fee,836,26.68
AMM_fee,837,27.54
AMM_fee,839,26.48
AMM_fee,840,26.24
AMM_fee,841,26.69
AMM_fee,842,28.49
AMM_fee,843,27.8
AMM_fee,844,26.99
AMM_fee,849,28.69
AMM_fee,845,24.98
AMM_fee,848,26.89
AMM_fee,846,25.98
AMM_fee,847,27.25
AMM_fee,851,27.84
AMM_fee,850,26.64
AMM_fee,852,25.63
AMM_fee,853,27.87
AMM_fee,854,28.62
AMM_fee,855,30.03
AMM_fee,858,26.28
AMM_fee,856,27.79
AMM_fee,857,27.51
AMM_fee,859,26.85
AMM_fee,860,28.27
AMM_fee,861,26.98
AMM_fee,862,28.44
AMM_fee,863,25.93
AMM_fee,864,25.13
AMM_fee,865,26.18
AMM_fee,866,28.22
AMM_fee,869,26.67
AMM_fee,867,28.24
AMM_fee,868,28.9
AMM_fee,870,28.25
AMM_fee,871,27.11
AMM_fee,872,27.51
AMM_fee,880,24.14
AMM_fee,873,28.49
AMM_fee,875,26.78
AMM_fee,874,27.11
AMM_fee,877,28.21
AMM_fee,876,26.77
AMM_fee,878,28.03
AMM_fee,879,26.44
AMM_fee,881,28.01
AMM_fee,882,26.78
AMM_fee,883,26.2
AMM_fee,886,28.26
AMM_fee,884,27.5
AMM_fee,885,26.27
AMM_fee,888,28.41
AMM_fee,887,27.0
AMM_fee,889,27.04
AMM_fee,892,27.84
AMM_fee,891,27.85
AMM_fee,890,25.05
AMM_fee,893,26.39
AMM_fee,894,27.67
AMM_fee,897,25.88
AMM_fee,895,27.3
AMM_fee,896,27.71
AMM_fee,898,24.56
AMM_fee,899,26.66
AMM_fee,901,25.46
AMM_fee,900,26.38
AMM_fee,905,26.34
AMM_fee,903,27.09
AMM_fee,904,24.82
AMM_fee,902,29.21
AMM_fee,908,26.97
AMM_fee,906,27.23
AMM_fee,907,27.91
AMM_fee,909,26.79
AMM_fee,911,27.87
AMM_fee,910,26.89
AMM_fee,912,28.92
AMM_fee,919,26.91
AMM_fee,913,27.26
AMM_fee,914,29.14
AMM_fee,916,25.83
AMM_fee,918,29.53
AMM_fee,917,27.58
AMM_fee,915,27.45
AMM_fee,920,28.16
AMM_fee,921,26.74
AMM_fee,923,27.62
AMM_fee,922,27.72
AMM_fee,924,29.07
AMM_fee,926,26.07
AMM_fee,925,26.51
AMM_fee,928,25.45
AMM_fee,927,27.69
AMM_fee,930,26.86
AMM_fee,932,28.55
AMM_fee,929,27.74
AMM_fee,931,27.26
AMM_fee,933,27.49
AMM_fee,934,26.84
AMM_fee,938,27.7
AMM_fee,936,28.11
AMM_fee,935,28.22
AMM_fee,937,28.88
AMM_fee,939,29.62
AMM_fee,941,25.64
AMM_fee,940,27.3
AMM_fee,943,26.53
AMM_fee,944,25.82
AMM_fee,945,28.64
AMM_fee,942,27.45
AMM_fee,948,27.45
AMM_fee,946,27.54
AMM_fee,947,27.11
AMM_fee,949,27.61
AMM_fee,951,27.47
AMM_fee,950,24.37
AMM_fee,952,27.93
AMM_fee,953,27.9
AMM_fee,959,25.27
AMM_fee,954,24.41
AMM_fee,955,28.38
AMM_fee,956,27.25
AMM_fee,957,26.03
AMM_fee,958,25.54
AMM_fee,960,26.98
AMM_fee,961,27.16
AMM_fee,962,29.07
AMM_fee,964,26.47
AMM_fee,965,26.06
AMM_fee,963,26.43
AMM_fee,967,27.74
AMM_fee,966,25.21
AMM_fee,968,25.11
AMM_fee,969,25.99
AMM_fee,971,24.76
AMM_fee,970,27.57
AMM_fee,972,29.25
AMM_fee,973,29.07
AMM_fee,974,25.9
AMM_fee,975,25.54
AMM_fee,979,24.8
AMM_fee,977,26.8
AMM_fee,976,28.78
AMM_fee,978,26.36
AMM_fee,980,29.01
AMM_fee,982,27.66
AMM_fee,981,25.48
AMM_fee,984,26.35
AMM_fee,983,27.61
AMM_fee,985,26.05
AMM_fee,989,28.99
AMM_fee,986,25.26
AMM_fee,987,26.14
AMM_fee,988,25.36
AMM_fee,990,26.87
AMM_fee,991,26.5
AMM_fee,992,26.58
AMM_fee,993,28.12
AMM_fee,994,28.39
AMM_fee,999,26.4
AMM_fee,996,25.47
AMM_fee,995,28.08
AMM_fee,997,26.02
AMM_fee,998,24.92
OB_fee,0,33.12
OB_fee,1,32.28
OB_fee,2,32.28
OB_fee,3,32.88
OB_fee,4,32.6
OB_fee,9,32.66
OB_fee,5,32.76
OB_fee,6,32.04
OB_fee,7,32.85
OB_fee,10,32.63
OB_fee,8,32.57
OB_fee,11,32.8
OB_fee,12,32.85
OB_fee,13,32.6
OB_fee,14,32.67
OB_fee,15,32.92
OB_fee,18,32.33
OB_fee,16,32.35
OB_fee,19,32.24
OB_fee,17,32.78
OB_fee,20,32.36
OB_fee,22,32.41
OB_fee,23,33.31
OB_fee,21,32.52
OB_fee,24,32.69
OB_fee,25,32.25
OB_fee,26,32.47
OB_fee,29,32.46
OB_fee,27,32.45
OB_fee,28,32.52
OB_fee,30,32.33
OB_fee,32,32.58
OB_fee,31,32.55
OB_fee,33,32.63
OB_fee,35,32.18
OB_fee,34,32.45
OB_fee,36,32.3
OB_fee,40,32.35
OB_fee,39,32.42
OB_fee,37,32.77
OB_fee,38,32.43
OB_fee,42,32.43
OB_fee,41,32.3
OB_fee,43,32.28
OB_fee,44,32.91
OB_fee,45,32.79
OB_fee,50,32.42
OB_fee,46,32.51
OB_fee,47,32.61
OB_fee,48,32.48
OB_fee,49,32.91
OB_fee,51,32.28
OB_fee,52,32.9
OB_fee,53,33.03
OB_fee,54,32.89
OB_fee,55,32.58
OB_fee,56,32.32
OB_fee,59,32.43
OB_fee,57,32.56
OB_fee,58,32.82
OB_fee,60,32.86
OB_fee,61,32.83
OB_fee,63,32.46
OB_fee,62,32.8
OB_fee,64,32.73
OB_fee,65,32.75
OB_fee,66,32.52
OB_fee,67,32.31
OB_fee,70,32.33
OB_fee,68,32.86
OB_fee,69,32.62
OB_fee,71,32.31
OB_fee,72,32.65
OB_fee,73,32.69
OB_fee,74,32.1
OB_fee,75,31.9
OB_fee,76,32.47
OB_fee,81,32.36
OB_fee,77,32.4
OB_fee,78,32.23
OB_fee,80,32.87
OB_fee,79,32.77
OB_fee,82,32.55
OB_fee,83,32.34
OB_fee,84,33.22
OB_fee,85,32.47
OB_fee,90,32.19
OB_fee,86,32.9
OB_fee,87,32.47
OB_fee,88,32.36
OB_fee,89,32.96
OB_fee,92,32.34
OB_fee,91,32.45
OB_fee,94,32.47
OB_fee,93,32.98
OB_fee,95,32.92
OB_fee,96,32.46
OB_fee,97,32.22
OB_fee,99,32.4
OB_fee,98,32.69
OB_fee,100,32.45
OB_fee,101,32.34
OB_fee,105,32.53
OB_fee,102,33.16
OB_fee,103,32.78
OB_fee,104,32.9
OB_fee,106,32.39
OB_fee,107,32.44
OB_fee,111,32.54
OB_fee,108,33.07
OB_fee,109,31.92
OB_fee,110,32.65
OB_fee,112,32.63
OB_fee,113,32.14
OB_fee,114,32.3
OB_fee,116,32.45
OB_fee,115,33.12
OB_fee,118,31.97
OB_fee,121,32.46
OB_fee,117,32.27
OB_fee,119,32.29
OB_fee,120,32.96
OB_fee,122,32.98
OB_fee,123,32.53
OB_fee,124,32.81
OB_fee,125,32.22
OB_fee,126,32.53
OB_fee,131,32.22
OB_fee,127,32.53
OB_fee,129,32.57
OB_fee,128,32.74
OB_fee,132,32.61
OB_fee,130,32.73
OB_fee,133,32.76
OB_fee,134,32.58
OB_fee,135,32.23
OB_fee,136,32.84
OB_fee,137,32.18
OB_fee,140,32.64
OB_fee,138,32.68
OB_fee,139,32.73
OB_fee,142,32.74
OB_fee,141,32.43
OB_fee,143,32.4
OB_fee,145,33.04
OB_fee,144,32.86
OB_fee,146,32.85
OB_fee,147,32.93
OB_fee,151,32.6
OB_fee,149,32.09
OB_fee,148,32.58
OB_fee,150,33.08
OB_fee,152,32.73
OB_fee,153,32.51
OB_fee,154,32.88
OB_fee,155,32.49
OB_fee,156,32.88
OB_fee,161,32.53
OB_fee,157,32.94
OB_fee,158,32.18
OB_fee,159,32.23
OB_fee,160,33.03
OB_fee,162,32.53
OB_fee,163,32.73
OB_fee,164,32.53
OB_fee,165,32.59
OB_fee,167,32.9
OB_fee,166,32.66
OB_fee,170,32.38
OB_fee,168,32.69
OB_fee,169,32.8
OB_fee,171,32.84
OB_fee,173,32.24
OB_fee,172,32.91
OB_fee,174,32.39
OB_fee,175,32.88
OB_fee,176,32.69
OB_fee,177,32.94
OB_fee,181,32.91
OB_fee,178,32.47
OB_fee,180,32.65
OB_fee,179,32.75
OB_fee,182,32.11
OB_fee,183,32.43
OB_fee,184,32.14
OB_fee,186,32.53
OB_fee,185,32.54
OB_fee,187,32.59
OB_fee,191,32.55
OB_fee,189,32.38
OB_fee,188,32.16
OB_fee,190,32.75
OB_fee,192,33.43
OB_fee,193,33.04
OB_fee,194,32.71
OB_fee,195,32.53
OB_fee,196,32.82
OB_fee,201,32.41
OB_fee,198,33.04
OB_fee,197,32.36
OB_fee,199,32.82
OB_fee,200,32.93
OB_fee,202,32.24
OB_fee,203,32.62
OB_fee,204,32.68
OB_fee,205,32.33
OB_fee,206,32.78
OB_fee,207,32.89
OB_fee,210,32.65
OB_fee,209,32.6
OB_fee,208,32.79
OB_fee,213,32.85
OB_fee,212,32.49
OB_fee,211,32.52
OB_fee,214,32.86
OB_fee,215,32.67
OB_fee,216,32.73
OB_fee,217,32.05
OB_fee,218,32.39
OB_fee,219,32.45
OB_fee,221,32.42
OB_fee,220,32.74
OB_fee,223,33.06
OB_fee,222,32.91
OB_fee,225,32.39
OB_fee,226,32.84
OB_fee,224,32.31
OB_fee,227,32.1
OB_fee,228,32.65
OB_fee,229,32.63
OB_fee,233,32.51
OB_fee,230,32.31
OB_fee,231,32.68
OB_fee,232,32.46
OB_fee,234,32.58
OB_fee,236,32.58
OB_fee,235,32.58
OB_fee,239,32.55
OB_fee,238,32.98
OB_fee,243,32.83
OB_fee,237,32.9
OB_fee,240,32.28
OB_fee,241,32.63
OB_fee,242,32.86
OB_fee,244,32.74
OB_fee,245,32.69
OB_fee,246,32.36
OB_fee,247,33.0
OB_fee,248,32.41
OB_fee,249,32.19
OB_fee,252,32.86
OB_fee,250,32.65
OB_fee,251,32.24
OB_fee,253,32.47
OB_fee,254,32.03
OB_fee,255,32.96
OB_fee,256,32.61
OB_fee,258,32.44
OB_fee,257,32.53
OB_fee,259,32.7
OB_fee,263,33.0
OB_fee,260,32.32
OB_fee,261,32.35
OB_fee,262,32.58
OB_fee,264,31.89
OB_fee,265,32.26
OB_fee,267,32.74
OB_fee,266,32.55
OB_fee,269,32.46
OB_fee,270,33.01
OB_fee,268,32.74
OB_fee,273,32.53
OB_fee,271,32.38
OB_fee,272,32.86
OB_fee,274,32.52
OB_fee,275,32.58
OB_fee,276,32.57
OB_fee,277,32.84
OB_fee,278,32.68
OB_fee,284,32.31
OB_fee,279,32.11
OB_fee,280,32.55
OB_fee,281,32.44
OB_fee,282,32.32
OB_fee,283,32.72
OB_fee,285,32.62
OB_fee,286,32.67
OB_fee,287,32.68
OB_fee,288,32.37
OB_fee,289,32.27
OB_fee,292,32.58
OB_fee,290,32.69
OB_fee,291,32.6
OB_fee,293,32.28
OB_fee,295,32.86
OB_fee,294,32.46
OB_fee,296,32.87
OB_fee,297,32.55
OB_fee,298,32.57
OB_fee,299,32.51
OB_fee,303,32.35
OB_fee,300,33.11
OB_fee,301,32.79
OB_fee,302,32.71
OB_fee,304,32.3
OB_fee,305,32.54
OB_fee,306,32.34
OB_fee,307,32.74
OB_fee,308,32.41
OB_fee,309,32.18
OB_fee,310,32.44
OB_fee,311,32.7
OB_fee,313,32.71
OB_fee,312,32.78
OB_fee,314,32.75
OB_fee,315,32.74
OB_fee,317,32.67
OB_fee,316,32.41
OB_fee,319,32.1
OB_fee,318,32.94
OB_fee,325,32.5
OB_fee,320,33.22
OB_fee,321,32.34
OB_fee,322,32.14
OB_fee,323,32.3
OB_fee,324,32.4
OB_fee,326,32.99
OB_fee,327,32.9
OB_fee,328,32.79
OB_fee,329,32.75
OB_fee,333,32.68
OB_fee,330,32.27
OB_fee,331,32.7
OB_fee,332,32.44
OB_fee,334,31.9
OB_fee,335,32.35
OB_fee,336,32.6
OB_fee,337,32.73
OB_fee,338,32.41
OB_fee,339,33.01
OB_fee,343,32.51
OB_fee,340,32.85
OB_fee,341,33.24
OB_fee,342,32.42
OB_fee,344,32.5
OB_fee,345,32.6
OB_fee,346,32.79
OB_fee,349,32.29
OB_fee,348,32.58
OB_fee,347,32.32
OB_fee,351,32.74
OB_fee,350,32.13
OB_fee,353,32.62
OB_fee,352,32.84
OB_fee,355,32.43
OB_fee,354,32.3
OB_fee,356,32.59
OB_fee,357,32.17
OB_fee,358,32.35
OB_fee,359,32.58
OB_fee,365,33.09
OB_fee,360,32.75
OB_fee,361,32.9
OB_fee,362,32.82
OB_fee,363,32.55
OB_fee,366,32.45
OB_fee,364,32.48
OB_fee,368,32.55
OB_fee,367,32.22
OB_fee,369,33.12
OB_fee,373,32.43
OB_fee,370,32.85
OB_fee,371,32.36
OB_fee,372,32.62
OB_fee,374,32.51
OB_fee,376,32.81
OB_fee,375,32.63
OB_fee,377,32.31
OB_fee,379,32.43
OB_fee,378,32.34
OB_fee,383,32.75
OB_fee,380,32.05
OB_fee,381,32.37
OB_fee,382,32.32
OB_fee,384,32.61
OB_fee,385,33.02
OB_fee,386,32.53
OB_fee,388,32.51
OB_fee,387,32.66
OB_fee,389,32.32
OB_fee,390,32.35
OB_fee,393,32.76
OB_fee,391,32.35
OB_fee,392,32.63
OB_fee,394,32.9
OB_fee,395,32.54
OB_fee,396,32.77
OB_fee,397,32.77
OB_fee,398,32.69
OB_fee,399,32.35
OB_fee,400,32.77
OB_fee,404,32.64
OB_fee,401,32.6
OB_fee,402,32.88
OB_fee,403,33.09
OB_fee,405,32.53
OB_fee,406,32.85
OB_fee,407,32.49
OB_fee,409,32.85
OB_fee,408,32.56
OB_fee,410,32.65
OB_fee,414,32.28
OB_fee,412,32.82
OB_fee,411,32.93
OB_fee,413,32.39
OB_fee,416,32.4
OB_fee,415,32.19
OB_fee,417,32.65
OB_fee,418,32.76
OB_fee,419,32.94
OB_fee,420,32.57
OB_fee,424,32.73
OB_fee,422,32.66
OB_fee,421,32.9
OB_fee,423,32.34
OB_fee,425,32.55
OB_fee,426,32.56
OB_fee,427,32.59
OB_fee,428,32.22
OB_fee,429,32.28
OB_fee,430,32.41
OB_fee,431,32.15
OB_fee,434,32.83
OB_fee,432,32.31
OB_fee,433,32.76
OB_fee,435,32.09
OB_fee,436,31.95
OB_fee,437,32.8
OB_fee,438,32.31
OB_fee,439,32.56
OB_fee,440,32.23
OB_fee,442,32.28
OB_fee,441,32.26
OB_fee,445,32.69
OB_fee,443,32.53
OB_fee,444,32.94
OB_fee,446,33.03
OB_fee,447,32.63
OB_fee,448,32.63
OB_fee,449,32.81
OB_fee,450,32.53
OB_fee,451,32.39
OB_fee,452,32.4
OB_fee,456,32.21
OB_fee,453,32.35
OB_fee,454,32.38
OB_fee,455,33.21
OB_fee,457,32.63
OB_fee,458,32.41
OB_fee,459,32.77
OB_fee,460,32.58
OB_fee,461,32.64
OB_fee,462,32.51
OB_fee,466,32.45
OB_fee,463,32.4
OB_fee,464,32.29
OB_fee,465,32.76
OB_fee,467,32.43
OB_fee,468,33.33
OB_fee,469,32.62
OB_fee,470,32.7
OB_fee,472,32.83
OB_fee,471,33.01
OB_fee,473,32.54
OB_fee,476,32.07
OB_fee,475,32.9
OB_fee,474,32.97
OB_fee,477,32.19
OB_fee,478,33.35
OB_fee,479,32.76
OB_fee,480,32.73
OB_fee,481,32.75
OB_fee,482,32.51
OB_fee,483,33.05
OB_fee,487,32.38
OB_fee,484,32.95
OB_fee,485,32.51
OB_fee,486,32.55
OB_fee,489,32.44
OB_fee,488,32.34
OB_fee,490,32.3
OB_fee,492,32.37
OB_fee,491,32.56
OB_fee,493,32.71
OB_fee,497,32.66
OB_fee,494,32.25
OB_fee,495,32.67
OB_fee,496,32.54
OB_fee,498,32.12
OB_fee,499,32.86
OB_fee,500,33.13
OB_fee,501,32.55
OB_fee,502,32.82
OB_fee,507,32.4
OB_fee,503,33.1
OB_fee,504,32.35
OB_fee,505,32.17
OB_fee,506,31.82
OB_fee,508,33.05
OB_fee,509,32.14
OB_fee,510,32.12
OB_fee,511,32.85
OB_fee,512,32.2
OB_fee,513,32.58
OB_fee,515,32.88
OB_fee,516,31.99
OB_fee,514,32.71
OB_fee,517,32.74
OB_fee,518,32.86
OB_fee,519,32.53
OB_fee,521,32.74
OB_fee,520,32.81
OB_fee,522,32.24
OB_fee,524,32.68
OB_fee,528,32.45
OB_fee,523,32.93
OB_fee,525,32.51
OB_fee,526,32.64
OB_fee,527,32.9
OB_fee,529,32.58
OB_fee,530,32.84
OB_fee,531,32.57
OB_fee,532,32.5
OB_fee,533,32.43
OB_fee,534,32.71
OB_fee,537,32.16
OB_fee,535,33.05
OB_fee,538,32.63
OB_fee,536,32.31
OB_fee,539,32.84
OB_fee,540,32.35
OB_fee,541,32.56
OB_fee,542,32.55
OB_fee,544,32.27
OB_fee,548,32.73
OB_fee,543,32.35
OB_fee,545,32.28
OB_fee,547,32.35
OB_fee,546,32.37
OB_fee,549,32.91
OB_fee,550,32.35
OB_fee,551,32.46
OB_fee,552,32.65
OB_fee,554,32.35
OB_fee,555,32.49
OB_fee,553,32.47
OB_fee,557,31.98
OB_fee,556,32.94
OB_fee,558,32.93
OB_fee,561,32.76
OB_fee,560,32.24
OB_fee,559,32.49
OB_fee,563,32.86
OB_fee,562,32.59
OB_fee,569,32.61
OB_fee,564,32.25
OB_fee,565,32.38
OB_fee,568,32.56
OB_fee,567,32.36
OB_fee,566,32.48
OB_fee,570,32.36
OB_fee,571,32.9
OB_fee,572,33.01
OB_fee,574,32.14
OB_fee,573,32.12
OB_fee,577,33.03
OB_fee,576,32.93
OB_fee,578,32.66
OB_fee,575,32.6
OB_fee,579,32.87
OB_fee,581,32.85
OB_fee,582,32.21
OB_fee,580,33.0
OB_fee,588,32.15
OB_fee,583,33.06
OB_fee,584,32.39
OB_fee,587,32.8
OB_fee,585,32.43
OB_fee,586,32.25
OB_fee,589,32.34
OB_fee,590,32.87
OB_fee,591,32.29
OB_fee,594,32.98
OB_fee,592,32.74
OB_fee,593,32.63
OB_fee,596,32.3
OB_fee,595,32.64
OB_fee,597,32.69
OB_fee,598,32.7
OB_fee,599,32.74
OB_fee,601,33.05
OB_fee,600,33.27
OB_fee,603,32.45
OB_fee,602,32.76
OB_fee,604,32.5
OB_fee,608,32.37
OB_fee,607,32.9
OB_fee,605,32.91
OB_fee,606,32.73
OB_fee,609,33.28
OB_fee,612,33.09
OB_fee,611,32.62
OB_fee,610,31.81
OB_fee,613,32.55
OB_fee,614,32.51
OB_fee,618,33.0
OB_fee,615,32.31
OB_fee,617,32.33
OB_fee,616,32.63
OB_fee,619,31.62
OB_fee,620,32.55
OB_fee,621,32.34
OB_fee,622,32.53
OB_fee,624,32.71
OB_fee,623,32.48
OB_fee,625,32.64
OB_fee,628,33.0
OB_fee,626,32.97
OB_fee,627,32.82
OB_fee,630,32.45
OB_fee,629,32.07
OB_fee,631,32.45
OB_fee,632,32.64
OB_fee,633,32.06
OB_fee,634,32.13
OB_fee,635,32.44
OB_fee,639,32.28
OB_fee,636,32.84
OB_fee,638,32.34
OB_fee,637,32.3
OB_fee,641,32.52
OB_fee,640,33.02
OB_fee,642,32.48
OB_fee,643,32.17
OB_fee,644,32.3
OB_fee,649,33.09
OB_fee,645,32.43
OB_fee,646,32.39
OB_fee,647,32.53
OB_fee,648,32.62
OB_fee,650,32.62
OB_fee,651,32.59
OB_fee,652,32.48
OB_fee,653,32.48
OB_fee,654,32.39
OB_fee,658,32.46
OB_fee,655,32.77
OB_fee,656,32.39
OB_fee,657,32.61
OB_fee,660,32.51
OB_fee,659,32.32
OB_fee,662,32.42
OB_fee,661,32.98
OB_fee,663,32.4
OB_fee,665,31.87
OB_fee,664,32.79
OB_fee,666,32.99
OB_fee,668,32.82
OB_fee,667,32.46
OB_fee,669,32.21
OB_fee,670,32.37
OB_fee,671,32.7
OB_fee,672,32.36
OB_fee,673,31.84
OB_fee,674,32.18
OB_fee,675,32.65
OB_fee,680,32.72
OB_fee,676,32.98
OB_fee,677,32.61
OB_fee,679,32.51
OB_fee,678,32.96
OB_fee,681,32.74
OB_fee,682,33.01
OB_fee,683,33.31
OB_fee,684,32.55
OB_fee,689,32.31
OB_fee,685,32.94
OB_fee,687,32.59
OB_fee,686,32.81
OB_fee,688,32.38
OB_fee,692,32.01
OB_fee,690,32.62
OB_fee,693,32.37
OB_fee,691,32.45
OB_fee,694,32.16
OB_fee,696,32.22
OB_fee,698,32.6
OB_fee,695,32.69
OB_fee,697,32.72
OB_fee,699,32.94
OB_fee,700,32.73
OB_fee,701,32.58
OB_fee,702,32.54
OB_fee,703,32.45
OB_fee,706,32.69
OB_fee,704,32.27
OB_fee,709,32.55
OB_fee,705,32.79
OB_fee,707,32.51
OB_fee,708,32.58
OB_fee,710,32.71
OB_fee,711,32.83
OB_fee,712,32.63
OB_fee,713,32.53
OB_fee,714,32.27
OB_fee,715,33.05
OB_fee,719,32.11
OB_fee,716,32.71
OB_fee,717,32.33
OB_fee,718,32.72
OB_fee,720,32.69
OB_fee,721,32.38
OB_fee,722,32.39
OB_fee,723,32.55
OB_fee,724,32.29
OB_fee,729,32.46
OB_fee,725,32.32
OB_fee,726,32.48
OB_fee,727,32.62
OB_fee,728,32.69
OB_fee,730,32.22
OB_fee,731,32.04
OB_fee,732,32.74
OB_fee,733,31.72
OB_fee,734,32.15
OB_fee,738,32.21
OB_fee,735,32.51
OB_fee,737,32.63
OB_fee,736,32.68
OB_fee,739,32.63
OB_fee,740,32.19
OB_fee,742,32.62
OB_fee,741,32.7
OB_fee,743,32.67
OB_fee,744,32.52
OB_fee,745,32.58
OB_fee,748,32.2
OB_fee,746,32.47
OB_fee,747,32.3
OB_fee,749,32.71
OB_fee,751,32.7
OB_fee,750,31.95
OB_fee,752,32.33
OB_fee,753,32.34
OB_fee,755,32.82
OB_fee,759,32.82
OB_fee,756,32.12
OB_fee,754,33.32
OB_fee,758,32.18
OB_fee,757,32.94
OB_fee,761,32.52
OB_fee,760,32.37
OB_fee,762,32.7
OB_fee,763,32.62
OB_fee,764,32.84
OB_fee,765,32.53
OB_fee,766,32.34
OB_fee,768,32.64
OB_fee,767,32.93
OB_fee,769,32.34
OB_fee,770,32.79
OB_fee,771,32.84
OB_fee,772,32.64
OB_fee,773,32.61
OB_fee,774,32.73
OB_fee,780,32.38
OB_fee,776,32.6
OB_fee,775,32.63
OB_fee,777,32.12
OB_fee,778,32.89
OB_fee,779,32.8
OB_fee,781,32.05
OB_fee,782,32.52
OB_fee,783,32.77
OB_fee,785,32.17
OB_fee,784,32.54
OB_fee,788,32.64
OB_fee,786,32.62
OB_fee,787,33.12
OB_fee,790,32.46
OB_fee,789,32.44
OB_fee,791,32.85
OB_fee,792,33.04
OB_fee,793,32.27
OB_fee,794,32.09
OB_fee,795,32.36
OB_fee,799,32.61
OB_fee,797,32.87
OB_fee,798,32.65
OB_fee,796,32.77
OB_fee,800,33.15
OB_fee,801,32.47
OB_fee,802,32.74
OB_fee,803,32.42
OB_fee,805,32.42
OB_fee,804,32.35
OB_fee,806,32.66
OB_fee,809,32.71
OB_fee,807,32.57
OB_fee,808,32.96
OB_fee,810,32.52
OB_fee,812,32.11
OB_fee,811,32.64
OB_fee,813,32.55
OB_fee,814,32.25
OB_fee,815,32.19
OB_fee,816,32.67
OB_fee,820,32.77
OB_fee,817,32.12
OB_fee,818,32.83
OB_fee,819,32.68
OB_fee,821,32.56
OB_fee,823,32.44
OB_fee,822,33.19
OB_fee,824,32.61
OB_fee,825,32.1
OB_fee,827,32.65
OB_fee,830,32.73
OB_fee,826,32.68
OB_fee,828,33.26
OB_fee,829,32.64
OB_fee,831,32.48
OB_fee,832,33.03
OB_fee,833,32.54
OB_fee,834,32.94
OB_fee,835,32.93
OB_fee,840,32.36
OB_fee,836,32.67
OB_fee,837,32.65
OB_fee,838,32.8
OB_fee,839,32.31
OB_fee,841,32.0
OB_fee,842,32.21
OB_fee,843,32.54
OB_fee,844,32.72
OB_fee,845,32.22
OB_fee,846,31.96
OB_fee,849,32.75
OB_fee,847,32.97
OB_fee,848,32.47
OB_fee,850,32.58
OB_fee,852,33.05
OB_fee,851,33.08
OB_fee,853,32.58
OB_fee,854,32.36
OB_fee,855,32.57
OB_fee,856,32.39
OB_fee,858,32.61
OB_fee,857,32.27
OB_fee,860,32.19
OB_fee,859,32.39
OB_fee,861,32.4
OB_fee,862,32.26
OB_fee,863,32.38
OB_fee,864,31.99
OB_fee,865,32.63
OB_fee,866,32.6
OB_fee,872,32.7
OB_fee,868,32.89
OB_fee,867,32.72
OB_fee,869,32.48
OB_fee,871,32.76
OB_fee,870,32.23
OB_fee,873,32.35
OB_fee,874,32.69
OB_fee,875,32.92
OB_fee,880,32.85
OB_fee,876,32.2
OB_fee,878,32.81
OB_fee,877,32.12
OB_fee,879,32.22
OB_fee,881,32.23
OB_fee,882,32.92
OB_fee,883,32.34
OB_fee,885,32.26
OB_fee,884,32.49
OB_fee,886,32.32
OB_fee,887,32.71
OB_fee,889,32.88
OB_fee,888,32.21
OB_fee,891,32.68
OB_fee,890,32.92
OB_fee,892,32.47
OB_fee,893,32.64
OB_fee,896,32.47
OB_fee,894,32.55
OB_fee,895,32.5
OB_fee,897,32.15
OB_fee,898,31.99
OB_fee,901,32.35
OB_fee,899,32.37
OB_fee,900,32.97
OB_fee,902,32.57
OB_fee,904,31.95
OB_fee,903,32.56
OB_fee,905,32.98
OB_fee,906,32.32
OB_fee,912,32.66
OB_fee,908,32.4
OB_fee,910,32.73
OB_fee,909,32.59
OB_fee,907,32.77
OB_fee,911,32.58
OB_fee,913,32.75
OB_fee,914,32.52
OB_fee,915,32.21
OB_fee,920,32.57
OB_fee,916,32.7
OB_fee,918,32.66
OB_fee,917,32.74
OB_fee,919,32.43
OB_fee,921,32.49
OB_fee,922,32.67
OB_fee,923,32.88
OB_fee,924,32.18
OB_fee,925,32.06
OB_fee,926,32.89
OB_fee,927,33.1
OB_fee,929,32.73
OB_fee,928,32.69
OB_fee,930,31.99
OB_fee,931,32.46
OB_fee,932,32.66
OB_fee,933,32.34
OB_fee,934,32.52
OB_fee,935,32.91
OB_fee,936,32.93
OB_fee,937,32.91
OB_fee,938,32.73
OB_fee,939,32.42
OB_fee,941,32.53
OB_fee,940,32.69
OB_fee,942,32.65
OB_fee,943,32.75
OB_fee,944,32.7
OB_fee,945,32.47
OB_fee,946,32.55
OB_fee,948,32.6
OB_fee,947,32.86
OB_fee,950,32.46
OB_fee,953,32.52
OB_fee,949,32.52
OB_fee,952,32.63
OB_fee,951,32.89
OB_fee,955,33.03
OB_fee,954,32.2
OB_fee,956,32.66
OB_fee,957,32.8
OB_fee,963,32.2
OB_fee,958,32.54
OB_fee,959,32.81
OB_fee,961,32.74
OB_fee,960,32.6
OB_fee,962,32.48
OB_fee,964,32.52
OB_fee,965,32.54
OB_fee,966,32.68
OB_fee,967,32.75
OB_fee,968,32.9
OB_fee,971,32.7
OB_fee,969,32.19
OB_fee,970,32.6
OB_fee,972,32.81
OB_fee,973,32.98
OB_fee,974,32.22
OB_fee,975,32.56
OB_fee,976,32.79
OB_fee,977,32.51
OB_fee,978,32.54
OB_fee,979,32.26
OB_fee,982,32.76
OB_fee,980,32.62
OB_fee,981,32.02
OB_fee,983,31.86
OB_fee,984,32.64
OB_fee,985,32.2
OB_fee,986,32.21
OB_fee,987,32.36
OB_fee,988,32.51
OB_fee,989,32.65
OB_fee,993,32.69
OB_fee,990,32.59
OB_fee,991,32.33
OB_fee,992,32.47
OB_fee,994,32.59
OB_fee,995,32.38
OB_fee,996,32.79
OB_fee,997,32.27
OB_fee,998,32.48
OB_fee,999,32.61
IMPROVED_FX_fee,4,19.61
IMPROVED_FX_fee,0,19.9
IMPROVED_FX_fee,5,19.47
IMPROVED_FX_fee,1,19.21
IMPROVED_FX_fee,3,19.6
IMPROVED_FX_fee,6,19.16
IMPROVED_FX_fee,2,19.26
IMPROVED_FX_fee,7,19.96
IMPROVED_FX_fee,8,19.38
IMPROVED_FX_fee,9,19.43
IMPROVED_FX_fee,10,19.53
IMPROVED_FX_fee,12,19.44
IMPROVED_FX_fee,11,19.62
IMPROVED_FX_fee,13,19.41
IMPROVED_FX_fee,15,19.41
IMPROVED_FX_fee,16,19.11
IMPROVED_FX_fee,14,19.2
IMPROVED_FX_fee,17,19.38
IMPROVED_FX_fee,19,19.49
IMPROVED_FX_fee,20,19.27
IMPROVED_FX_fee,18,19.36
IMPROVED_FX_fee,21,19.42
IMPROVED_FX_fee,22,19.31
IMPROVED_FX_fee,26,19.47
IMPROVED_FX_fee,23,20.11
IMPROVED_FX_fee,24,19.56
IMPROVED_FX_fee,25,19.14
IMPROVED_FX_fee,29,19.05
IMPROVED_FX_fee,27,19.37
IMPROVED_FX_fee,28,19.4
IMPROVED_FX_fee,30,19.07
IMPROVED_FX_fee,36,19.25
IMPROVED_FX_fee,31,19.25
IMPROVED_FX_fee,32,19.42
IMPROVED_FX_fee,33,19.5
IMPROVED_FX_fee,34,19.17
IMPROVED_FX_fee,35,19.03
IMPROVED_FX_fee,38,19.05
IMPROVED_FX_fee,37,19.68
IMPROVED_FX_fee,39,19.12
IMPROVED_FX_fee,44,19.5
IMPROVED_FX_fee,40,19.5
IMPROVED_FX_fee,42,19.47
IMPROVED_FX_fee,43,18.98
IMPROVED_FX_fee,41,19.26
IMPROVED_FX_fee,46,19.11
IMPROVED_FX_fee,48,19.39
IMPROVED_FX_fee,45,19.76
IMPROVED_FX_fee,47,19.66
IMPROVED_FX_fee,49,19.64
IMPROVED_FX_fee,50,19.22
IMPROVED_FX_fee,52,19.92
IMPROVED_FX_fee,51,19.29
IMPROVED_FX_fee,53,19.64
IMPROVED_FX_fee,57,19.28
IMPROVED_FX_fee,55,19.33
IMPROVED_FX_fee,56,19.06
IMPROVED_FX_fee,54,19.58
IMPROVED_FX_fee,58,19.59
IMPROVED_FX_fee,61,19.81
IMPROVED_FX_fee,59,19.24
IMPROVED_FX_fee,60,19.72
IMPROVED_FX_fee,66,19.08
IMPROVED_FX_fee,62,19.66
IMPROVED_FX_fee,64,19.32
IMPROVED_FX_fee,63,19.39
IMPROVED_FX_fee,65,19.37
IMPROVED_FX_fee,68,19.77
IMPROVED_FX_fee,71,19.18
IMPROVED_FX_fee,67,19.13
IMPROVED_FX_fee,70,19.02
IMPROVED_FX_fee,73,19.5
IMPROVED_FX_fee,69,19.59
IMPROVED_FX_fee,75,18.81
IMPROVED_FX_fee,74,19.33
IMPROVED_FX_fee,72,19.3
IMPROVED_FX_fee,78,19.13
IMPROVED_FX_fee,76,19.22
IMPROVED_FX_fee,77,19.2
IMPROVED_FX_fee,79,19.47
IMPROVED_FX_fee,86,19.53
IMPROVED_FX_fee,80,19.83
IMPROVED_FX_fee,87,19.69
IMPROVED_FX_fee,81,19.4
IMPROVED_FX_fee,84,19.69
IMPROVED_FX_fee,88,19.12
IMPROVED_FX_fee,85,19.34
IMPROVED_FX_fee,83,19.27
IMPROVED_FX_fee,82,19.28
IMPROVED_FX_fee,89,19.67
IMPROVED_FX_fee,90,19.34
IMPROVED_FX_fee,92,19.33
IMPROVED_FX_fee,91,19.33
IMPROVED_FX_fee,93,19.6
IMPROVED_FX_fee,94,19.19
IMPROVED_FX_fee,97,19.23
IMPROVED_FX_fee,95,19.85
IMPROVED_FX_fee,101,19.01
IMPROVED_FX_fee,96,19.46
IMPROVED_FX_fee,100,19.12
IMPROVED_FX_fee,98,19.55
IMPROVED_FX_fee,99,18.97
IMPROVED_FX_fee,106,19.37
IMPROVED_FX_fee,102,19.68
IMPROVED_FX_fee,105,19.43
IMPROVED_FX_fee,103,19.45
IMPROVED_FX_fee,104,19.55
IMPROVED_FX_fee,107,19.07
IMPROVED_FX_fee,110,19.68
IMPROVED_FX_fee,109,19.08
IMPROVED_FX_fee,115,19.79
IMPROVED_FX_fee,108,19.8
IMPROVED_FX_fee,112,19.61
IMPROVED_FX_fee,111,19.25
IMPROVED_FX_fee,114,19.32
IMPROVED_FX_fee,113,19.14
IMPROVED_FX_fee,116,19.14
IMPROVED_FX_fee,118,19.14
IMPROVED_FX_fee,117,19.32
IMPROVED_FX_fee,119,19.31
IMPROVED_FX_fee,123,19.2
IMPROVED_FX_fee,120,19.65
IMPROVED_FX_fee,121,19.43
IMPROVED_FX_fee,122,19.7
IMPROVED_FX_fee,126,19.5
IMPROVED_FX_fee,127,19.34
IMPROVED_FX_fee,124,19.76
IMPROVED_FX_fee,125,19.21
IMPROVED_FX_fee,128,19.57
IMPROVED_FX_fee,129,19.54
IMPROVED_FX_fee,130,19.62
IMPROVED_FX_fee,132,19.19
IMPROVED_FX_fee,131,19.5
IMPROVED_FX_fee,133,19.59
IMPROVED_FX_fee,134,19.33
IMPROVED_FX_fee,137,19.27
IMPROVED_FX_fee,135,19.19
IMPROVED_FX_fee,139,19.45
IMPROVED_FX_fee,138,19.39
IMPROVED_FX_fee,136,19.75
IMPROVED_FX_fee,140,19.46
IMPROVED_FX_fee,141,19.27
IMPROVED_FX_fee,142,19.5
IMPROVED_FX_fee,146,19.75
IMPROVED_FX_fee,144,19.79
IMPROVED_FX_fee,143,19.24
IMPROVED_FX_fee,145,19.61
IMPROVED_FX_fee,147,19.6
IMPROVED_FX_fee,149,19.17
IMPROVED_FX_fee,156,19.62
IMPROVED_FX_fee,150,19.71
IMPROVED_FX_fee,148,19.59
IMPROVED_FX_fee,151,19.46
IMPROVED_FX_fee,153,19.46
IMPROVED_FX_fee,152,19.83
IMPROVED_FX_fee,155,19.55
IMPROVED_FX_fee,154,19.75
IMPROVED_FX_fee,158,19.04
IMPROVED_FX_fee,157,19.93
IMPROVED_FX_fee,159,18.99
IMPROVED_FX_fee,162,19.23
IMPROVED_FX_fee,160,19.66
IMPROVED_FX_fee,161,19.77
IMPROVED_FX_fee,163,19.56
IMPROVED_FX_fee,165,19.45
IMPROVED_FX_fee,164,19.54
IMPROVED_FX_fee,166,19.23
IMPROVED_FX_fee,167,19.69
IMPROVED_FX_fee,169,19.89
IMPROVED_FX_fee,168,19.39
IMPROVED_FX_fee,171,19.27
IMPROVED_FX_fee,170,19.49
IMPROVED_FX_fee,172,19.77
IMPROVED_FX_fee,173,19.02
IMPROVED_FX_fee,175,19.89
IMPROVED_FX_fee,174,19.22
IMPROVED_FX_fee,178,19.63
IMPROVED_FX_fee,179,19.29
IMPROVED_FX_fee,176,19.35
IMPROVED_FX_fee,177,19.76
IMPROVED_FX_fee,180,19.54
IMPROVED_FX_fee,181,19.86
IMPROVED_FX_fee,182,18.72
IMPROVED_FX_fee,183,18.87
IMPROVED_FX_fee,186,19.45
IMPROVED_FX_fee,184,19.32
IMPROVED_FX_fee,185,19.41
IMPROVED_FX_fee,187,19.57
IMPROVED_FX_fee,189,19.37
IMPROVED_FX_fee,191,19.79
IMPROVED_FX_fee,192,20.33
IMPROVED_FX_fee,193,19.31
IMPROVED_FX_fee,197,19.28
IMPROVED_FX_fee,188,19.3
IMPROVED_FX_fee,190,19.44
IMPROVED_FX_fee,195,19.35
IMPROVED_FX_fee,194,19.63
IMPROVED_FX_fee,196,19.6
IMPROVED_FX_fee,198,20.04
IMPROVED_FX_fee,199,19.43
IMPROVED_FX_fee,200,19.58
IMPROVED_FX_fee,205,19.09
IMPROVED_FX_fee,201,19.48
IMPROVED_FX_fee,207,19.65
IMPROVED_FX_fee,202,19.33
IMPROVED_FX_fee,203,19.64
IMPROVED_FX_fee,206,19.44
IMPROVED_FX_fee,208,19.57
IMPROVED_FX_fee,204,19.34
IMPROVED_FX_fee,209,19.44
IMPROVED_FX_fee,210,19.4
IMPROVED_FX_fee,211,19.62
IMPROVED_FX_fee,214,19.62
IMPROVED_FX_fee,212,19.45
IMPROVED_FX_fee,213,19.41
IMPROVED_FX_fee,215,19.66
IMPROVED_FX_fee,216,19.38
IMPROVED_FX_fee,218,19.42
IMPROVED_FX_fee,217,18.98
IMPROVED_FX_fee,219,19.46
IMPROVED_FX_fee,220,19.46
IMPROVED_FX_fee,221,19.18
IMPROVED_FX_fee,222,19.62
IMPROVED_FX_fee,225,19.17
IMPROVED_FX_fee,223,19.72
IMPROVED_FX_fee,224,19.35
IMPROVED_FX_fee,226,19.66
IMPROVED_FX_fee,227,19.15
IMPROVED_FX_fee,228,19.52
IMPROVED_FX_fee,229,19.63
IMPROVED_FX_fee,231,19.4
IMPROVED_FX_fee,236,19.35
IMPROVED_FX_fee,230,19.13
IMPROVED_FX_fee,233,19.2
IMPROVED_FX_fee,234,19.42
IMPROVED_FX_fee,232,19.54
IMPROVED_FX_fee,235,19.28
IMPROVED_FX_fee,237,19.78
IMPROVED_FX_fee,238,19.96
IMPROVED_FX_fee,239,19.53
IMPROVED_FX_fee,244,19.48
IMPROVED_FX_fee,240,19.04
IMPROVED_FX_fee,241,19.72
IMPROVED_FX_fee,245,19.6
IMPROVED_FX_fee,243,19.52
IMPROVED_FX_fee,242,19.45
IMPROVED_FX_fee,246,19.36
IMPROVED_FX_fee,247,19.93
IMPROVED_FX_fee,248,19.05
IMPROVED_FX_fee,249,19.17
IMPROVED_FX_fee,250,19.18
IMPROVED_FX_fee,251,19.03
IMPROVED_FX_fee,253,19.6
IMPROVED_FX_fee,252,20.01
IMPROVED_FX_fee,255,19.77
IMPROVED_FX_fee,254,18.89
IMPROVED_FX_fee,256,19.54
IMPROVED_FX_fee,258,19.34
IMPROVED_FX_fee,257,19.49
IMPROVED_FX_fee,259,19.33
IMPROVED_FX_fee,261,19.34
IMPROVED_FX_fee,260,19.05
IMPROVED_FX_fee,262,19.19
IMPROVED_FX_fee,265,18.99
IMPROVED_FX_fee,264,19.14
IMPROVED_FX_fee,263,19.56
IMPROVED_FX_fee,266,19.32
IMPROVED_FX_fee,268,19.52
IMPROVED_FX_fee,267,19.74
IMPROVED_FX_fee,269,19.5
IMPROVED_FX_fee,270,19.51
IMPROVED_FX_fee,271,19.31
IMPROVED_FX_fee,276,19.53
IMPROVED_FX_fee,273,19.14
IMPROVED_FX_fee,272,19.36
IMPROVED_FX_fee,274,19.37
IMPROVED_FX_fee,275,19.62
IMPROVED_FX_fee,278,19.59
IMPROVED_FX_fee,277,19.76
IMPROVED_FX_fee,279,19.2
IMPROVED_FX_fee,285,19.39
IMPROVED_FX_fee,281,19.02
IMPROVED_FX_fee,280,19.24
IMPROVED_FX_fee,282,19.25
IMPROVED_FX_fee,283,19.46
IMPROVED_FX_fee,284,18.9
IMPROVED_FX_fee,286,19.47
IMPROVED_FX_fee,287,19.39
IMPROVED_FX_fee,288,18.89
IMPROVED_FX_fee,289,19.12
IMPROVED_FX_fee,290,19.56
IMPROVED_FX_fee,291,19.54
IMPROVED_FX_fee,292,19.38
IMPROVED_FX_fee,293,19.21
IMPROVED_FX_fee,294,19.44
IMPROVED_FX_fee,295,19.9
IMPROVED_FX_fee,297,19.19
IMPROVED_FX_fee,296,19.64
IMPROVED_FX_fee,299,19.43
IMPROVED_FX_fee,298,19.37
IMPROVED_FX_fee,300,19.95
IMPROVED_FX_fee,302,19.53
IMPROVED_FX_fee,301,19.54
IMPROVED_FX_fee,306,19.23
IMPROVED_FX_fee,304,19.14
IMPROVED_FX_fee,303,19.13
IMPROVED_FX_fee,305,19.62
IMPROVED_FX_fee,307,19.23
IMPROVED_FX_fee,308,18.89
IMPROVED_FX_fee,309,19.13
IMPROVED_FX_fee,310,19.16
IMPROVED_FX_fee,312,19.52
IMPROVED_FX_fee,313,19.41
IMPROVED_FX_fee,311,19.44
IMPROVED_FX_fee,315,19.55
IMPROVED_FX_fee,316,19.55
IMPROVED_FX_fee,314,19.53
IMPROVED_FX_fee,317,19.56
IMPROVED_FX_fee,319,19.1
IMPROVED_FX_fee,318,20.09
IMPROVED_FX_fee,320,19.6
IMPROVED_FX_fee,321,19.22
IMPROVED_FX_fee,328,19.44
IMPROVED_FX_fee,323,19.33
IMPROVED_FX_fee,322,19.21
IMPROVED_FX_fee,326,19.81
IMPROVED_FX_fee,324,19.19
IMPROVED_FX_fee,325,19.2
IMPROVED_FX_fee,327,19.65
IMPROVED_FX_fee,329,19.98
IMPROVED_FX_fee,330,18.92
IMPROVED_FX_fee,331,19.48
IMPROVED_FX_fee,332,19.41
IMPROVED_FX_fee,335,19.45
IMPROVED_FX_fee,333,19.68
IMPROVED_FX_fee,334,18.82
IMPROVED_FX_fee,336,19.12
IMPROVED_FX_fee,337,19.6
IMPROVED_FX_fee,339,19.99
IMPROVED_FX_fee,338,19.26
IMPROVED_FX_fee,340,19.68
IMPROVED_FX_fee,342,19.2
IMPROVED_FX_fee,341,20.02
IMPROVED_FX_fee,346,19.51
IMPROVED_FX_fee,344,19.45
IMPROVED_FX_fee,343,19.4
IMPROVED_FX_fee,345,19.5
IMPROVED_FX_fee,347,19.3
IMPROVED_FX_fee,348,19.21
IMPROVED_FX_fee,350,18.92
IMPROVED_FX_fee,349,19.0
IMPROVED_FX_fee,352,19.62
IMPROVED_FX_fee,353,19.44
IMPROVED_FX_fee,351,19.7
IMPROVED_FX_fee,354,19.03
IMPROVED_FX_fee,356,19.33
IMPROVED_FX_fee,355,19.17
IMPROVED_FX_fee,359,19.48
IMPROVED_FX_fee,358,19.29
IMPROVED_FX_fee,357,19.05
IMPROVED_FX_fee,360,19.46
IMPROVED_FX_fee,361,19.48
IMPROVED_FX_fee,362,19.38
IMPROVED_FX_fee,363,19.4
IMPROVED_FX_fee,368,19.34
IMPROVED_FX_fee,364,19.37
IMPROVED_FX_fee,365,19.75
IMPROVED_FX_fee,366,19.32
IMPROVED_FX_fee,367,19.47
IMPROVED_FX_fee,369,19.95
IMPROVED_FX_fee,370,19.63
IMPROVED_FX_fee,372,19.54
IMPROVED_FX_fee,371,19.49
IMPROVED_FX_fee,373,19.11
IMPROVED_FX_fee,377,19.31
IMPROVED_FX_fee,374,19.42
IMPROVED_FX_fee,375,19.53
IMPROVED_FX_fee,378,19.15
IMPROVED_FX_fee,380,19.33
IMPROVED_FX_fee,376,19.72
IMPROVED_FX_fee,379,19.22
IMPROVED_FX_fee,381,19.32
IMPROVED_FX_fee,382,18.74
IMPROVED_FX_fee,383,19.39
IMPROVED_FX_fee,387,19.62
IMPROVED_FX_fee,384,19.65
IMPROVED_FX_fee,385,19.7
IMPROVED_FX_fee,386,19.18
IMPROVED_FX_fee,389,19.23
IMPROVED_FX_fee,388,19.6
IMPROVED_FX_fee,391,19.52
IMPROVED_FX_fee,392,19.34
IMPROVED_FX_fee,393,19.71
IMPROVED_FX_fee,390,19.1
IMPROVED_FX_fee,394,19.56
IMPROVED_FX_fee,395,19.34
IMPROVED_FX_fee,397,19.54
IMPROVED_FX_fee,396,19.7
IMPROVED_FX_fee,399,19.11
IMPROVED_FX_fee,398,19.27
IMPROVED_FX_fee,400,19.79
IMPROVED_FX_fee,401,19.37
IMPROVED_FX_fee,402,19.4
IMPROVED_FX_fee,405,19.06
IMPROVED_FX_fee,404,19.7
IMPROVED_FX_fee,403,19.84
IMPROVED_FX_fee,409,19.65
IMPROVED_FX_fee,406,19.63
IMPROVED_FX_fee,408,19.32
IMPROVED_FX_fee,407,19.41
IMPROVED_FX_fee,410,19.6
IMPROVED_FX_fee,412,19.55
IMPROVED_FX_fee,411,19.54
IMPROVED_FX_fee,413,19.48
IMPROVED_FX_fee,414,19.01
IMPROVED_FX_fee,419,19.59
IMPROVED_FX_fee,415,19.01
IMPROVED_FX_fee,416,19.12
IMPROVED_FX_fee,417,19.58
IMPROVED_FX_fee,418,19.62
IMPROVED_FX_fee,420,19.59
IMPROVED_FX_fee,421,19.7
IMPROVED_FX_fee,422,19.55
IMPROVED_FX_fee,423,19.27
IMPROVED_FX_fee,425,19.21
IMPROVED_FX_fee,424,19.51
IMPROVED_FX_fee,428,19.47
IMPROVED_FX_fee,427,19.44
IMPROVED_FX_fee,426,19.21
IMPROVED_FX_fee,429,19.16
IMPROVED_FX_fee,431,19.07
IMPROVED_FX_fee,430,18.93
IMPROVED_FX_fee,433,19.63
IMPROVED_FX_fee,432,19.17
IMPROVED_FX_fee,434,19.34
IMPROVED_FX_fee,435,18.67
IMPROVED_FX_fee,439,19.76
IMPROVED_FX_fee,436,19.21
IMPROVED_FX_fee,438,18.95
IMPROVED_FX_fee,437,19.46
IMPROVED_FX_fee,440,19.16
IMPROVED_FX_fee,441,19.32
IMPROVED_FX_fee,442,19.33
IMPROVED_FX_fee,443,19.31
IMPROVED_FX_fee,444,19.79
IMPROVED_FX_fee,445,19.25
IMPROVED_FX_fee,446,19.84
IMPROVED_FX_fee,449,19.49
IMPROVED_FX_fee,447,19.67
IMPROVED_FX_fee,448,19.44
IMPROVED_FX_fee,450,19.6
IMPROVED_FX_fee,451,19.56
IMPROVED_FX_fee,452,19.42
IMPROVED_FX_fee,453,19.16
IMPROVED_FX_fee,454,19.35
IMPROVED_FX_fee,455,20.04
IMPROVED_FX_fee,460,19.61
IMPROVED_FX_fee,456,19.47
IMPROVED_FX_fee,459,19.28
IMPROVED_FX_fee,457,19.26
IMPROVED_FX_fee,458,19.4
IMPROVED_FX_fee,461,19.32
IMPROVED_FX_fee,462,19.34
IMPROVED_FX_fee,463,19.16
IMPROVED_FX_fee,465,19.44
IMPROVED_FX_fee,464,19.1
IMPROVED_FX_fee,466,19.24
IMPROVED_FX_fee,469,19.4
IMPROVED_FX_fee,467,19.08
IMPROVED_FX_fee,468,19.71
IMPROVED_FX_fee,470,19.54
IMPROVED_FX_fee,471,19.68
IMPROVED_FX_fee,472,19.22
IMPROVED_FX_fee,473,19.36
IMPROVED_FX_fee,474,19.61
IMPROVED_FX_fee,475,19.76
IMPROVED_FX_fee,480,19.66
IMPROVED_FX_fee,476,19.11
IMPROVED_FX_fee,479,19.44
IMPROVED_FX_fee,477,19.56
IMPROVED_FX_fee,478,19.75
IMPROVED_FX_fee,481,19.57
IMPROVED_FX_fee,482,19.29
IMPROVED_FX_fee,483,19.76
IMPROVED_FX_fee,484,19.62
IMPROVED_FX_fee,485,19.65
IMPROVED_FX_fee,486,19.29
IMPROVED_FX_fee,489,19.34
IMPROVED_FX_fee,487,19.48
IMPROVED_FX_fee,488,19.13
IMPROVED_FX_fee,490,19.28
IMPROVED_FX_fee,491,19.37
IMPROVED_FX_fee,493,19.49
IMPROVED_FX_fee,492,19.04
IMPROVED_FX_fee,494,19.39
IMPROVED_FX_fee,495,19.12
IMPROVED_FX_fee,497,19.49
IMPROVED_FX_fee,500,19.76
IMPROVED_FX_fee,496,19.45
IMPROVED_FX_fee,498,18.98
IMPROVED_FX_fee,499,19.75
IMPROVED_FX_fee,501,19.12
IMPROVED_FX_fee,502,19.68
IMPROVED_FX_fee,503,19.64
IMPROVED_FX_fee,505,19.12
IMPROVED_FX_fee,506,18.75
IMPROVED_FX_fee,504,19.16
IMPROVED_FX_fee,510,18.98
IMPROVED_FX_fee,507,19.32
IMPROVED_FX_fee,508,19.69
IMPROVED_FX_fee,509,19.06
IMPROVED_FX_fee,511,19.89
IMPROVED_FX_fee,512,19.06
IMPROVED_FX_fee,513,19.81
IMPROVED_FX_fee,514,19.52
IMPROVED_FX_fee,520,19.65
IMPROVED_FX_fee,515,19.61
IMPROVED_FX_fee,516,19.14
IMPROVED_FX_fee,521,19.54
IMPROVED_FX_fee,517,19.43
IMPROVED_FX_fee,519,19.14
IMPROVED_FX_fee,518,19.66
IMPROVED_FX_fee,522,19.36
IMPROVED_FX_fee,523,19.53
IMPROVED_FX_fee,524,19.7
IMPROVED_FX_fee,525,19.34
IMPROVED_FX_fee,528,19.49
IMPROVED_FX_fee,526,19.58
IMPROVED_FX_fee,527,19.81
IMPROVED_FX_fee,530,19.52
IMPROVED_FX_fee,529,19.31
IMPROVED_FX_fee,531,19.54
IMPROVED_FX_fee,532,19.21
IMPROVED_FX_fee,533,19.22
IMPROVED_FX_fee,534,19.73
IMPROVED_FX_fee,535,19.92
IMPROVED_FX_fee,536,19.12
IMPROVED_FX_fee,539,19.62
IMPROVED_FX_fee,537,18.93
IMPROVED_FX_fee,538,19.44
IMPROVED_FX_fee,540,19.49
IMPROVED_FX_fee,541,19.62
IMPROVED_FX_fee,543,19.25
IMPROVED_FX_fee,542,19.71
IMPROVED_FX_fee,545,19.31
IMPROVED_FX_fee,544,19.57
IMPROVED_FX_fee,550,18.89
IMPROVED_FX_fee,547,19.37
IMPROVED_FX_fee,546,19.02
IMPROVED_FX_fee,548,19.52
IMPROVED_FX_fee,549,19.55
IMPROVED_FX_fee,551,19.34
IMPROVED_FX_fee,552,19.72
IMPROVED_FX_fee,553,19.39
IMPROVED_FX_fee,556,19.79
IMPROVED_FX_fee,554,19.13
IMPROVED_FX_fee,559,19.44
IMPROVED_FX_fee,555,19.71
IMPROVED_FX_fee,558,19.79
IMPROVED_FX_fee,557,18.82
IMPROVED_FX_fee,561,19.66
IMPROVED_FX_fee,560,19.12
IMPROVED_FX_fee,562,19.31
IMPROVED_FX_fee,563,19.63
IMPROVED_FX_fee,564,19.27
IMPROVED_FX_fee,569,19.27
IMPROVED_FX_fee,565,19.4
IMPROVED_FX_fee,566,19.37
IMPROVED_FX_fee,570,19.16
IMPROVED_FX_fee,567,19.44
IMPROVED_FX_fee,568,19.57
IMPROVED_FX_fee,571,19.62
IMPROVED_FX_fee,572,19.85
IMPROVED_FX_fee,574,19.5
IMPROVED_FX_fee,573,19.25
IMPROVED_FX_fee,578,19.52
IMPROVED_FX_fee,575,19.57
IMPROVED_FX_fee,576,19.45
IMPROVED_FX_fee,577,19.65
IMPROVED_FX_fee,579,19.66
IMPROVED_FX_fee,580,19.74
IMPROVED_FX_fee,582,19.32
IMPROVED_FX_fee,581,19.61
IMPROVED_FX_fee,583,19.91
IMPROVED_FX_fee,584,19.36
IMPROVED_FX_fee,588,18.81
IMPROVED_FX_fee,586,18.96
IMPROVED_FX_fee,585,18.96
IMPROVED_FX_fee,587,19.79
IMPROVED_FX_fee,589,19.51
IMPROVED_FX_fee,590,19.65
IMPROVED_FX_fee,591,18.76
IMPROVED_FX_fee,592,19.78
IMPROVED_FX_fee,593,19.45
IMPROVED_FX_fee,594,19.64
IMPROVED_FX_fee,595,19.51
IMPROVED_FX_fee,598,19.57
IMPROVED_FX_fee,596,19.25
IMPROVED_FX_fee,597,19.55
IMPROVED_FX_fee,600,19.87
IMPROVED_FX_fee,599,19.69
IMPROVED_FX_fee,601,19.76
IMPROVED_FX_fee,602,19.9
IMPROVED_FX_fee,603,19.71
IMPROVED_FX_fee,604,19.15
IMPROVED_FX_fee,609,19.99
IMPROVED_FX_fee,605,19.75
IMPROVED_FX_fee,606,19.49
IMPROVED_FX_fee,607,19.64
IMPROVED_FX_fee,608,19.11
IMPROVED_FX_fee,610,18.97
IMPROVED_FX_fee,613,19.63
IMPROVED_FX_fee,611,19.31
IMPROVED_FX_fee,614,19.36
IMPROVED_FX_fee,612,19.78
IMPROVED_FX_fee,615,19.35
IMPROVED_FX_fee,618,19.57
IMPROVED_FX_fee,616,19.8
IMPROVED_FX_fee,617,19.61
IMPROVED_FX_fee,619,18.72
IMPROVED_FX_fee,620,19.19
IMPROVED_FX_fee,622,19.39
IMPROVED_FX_fee,621,18.99
IMPROVED_FX_fee,623,19.51
IMPROVED_FX_fee,625,19.63
IMPROVED_FX_fee,624,19.69
IMPROVED_FX_fee,629,19.26
IMPROVED_FX_fee,626,19.77
IMPROVED_FX_fee,627,19.29
IMPROVED_FX_fee,628,19.66
IMPROVED_FX_fee,631,19.35
IMPROVED_FX_fee,630,19.35
IMPROVED_FX_fee,632,19.39
IMPROVED_FX_fee,633,18.86
IMPROVED_FX_fee,635,19.4
IMPROVED_FX_fee,636,19.51
IMPROVED_FX_fee,634,18.9
IMPROVED_FX_fee,639,19.03
IMPROVED_FX_fee,637,19.2
IMPROVED_FX_fee,638,19.16
IMPROVED_FX_fee,641,19.14
IMPROVED_FX_fee,640,20.16
IMPROVED_FX_fee,642,19.53
IMPROVED_FX_fee,644,19.08
IMPROVED_FX_fee,643,19.35
IMPROVED_FX_fee,645,19.58
IMPROVED_FX_fee,650,19.43
IMPROVED_FX_fee,646,19.31
IMPROVED_FX_fee,647,19.28
IMPROVED_FX_fee,649,19.73
IMPROVED_FX_fee,648,19.62
IMPROVED_FX_fee,651,19.49
IMPROVED_FX_fee,653,19.44
IMPROVED_FX_fee,652,19.37
IMPROVED_FX_fee,654,19.59
IMPROVED_FX_fee,655,19.73
IMPROVED_FX_fee,659,19.4
IMPROVED_FX_fee,656,19.57
IMPROVED_FX_fee,657,19.46
IMPROVED_FX_fee,658,19.24
IMPROVED_FX_fee,660,19.31
IMPROVED_FX_fee,661,19.82
IMPROVED_FX_fee,662,19.27
IMPROVED_FX_fee,663,19.57
IMPROVED_FX_fee,664,19.5
IMPROVED_FX_fee,666,20.03
IMPROVED_FX_fee,669,19.18
IMPROVED_FX_fee,667,19.2
IMPROVED_FX_fee,665,18.62
IMPROVED_FX_fee,668,19.45
IMPROVED_FX_fee,670,19.44
IMPROVED_FX_fee,671,19.44
IMPROVED_FX_fee,672,18.9
IMPROVED_FX_fee,673,19.13
IMPROVED_FX_fee,675,19.6
IMPROVED_FX_fee,674,19.11
IMPROVED_FX_fee,676,19.75
IMPROVED_FX_fee,679,19.3
IMPROVED_FX_fee,677,19.43
IMPROVED_FX_fee,678,19.77
IMPROVED_FX_fee,680,19.58
IMPROVED_FX_fee,681,19.44
IMPROVED_FX_fee,682,19.54
IMPROVED_FX_fee,683,20.01
IMPROVED_FX_fee,685,19.45
IMPROVED_FX_fee,684,19.51
IMPROVED_FX_fee,690,19.39
IMPROVED_FX_fee,686,19.58
IMPROVED_FX_fee,687,19.7
IMPROVED_FX_fee,689,19.4
IMPROVED_FX_fee,688,19.57
IMPROVED_FX_fee,691,19.38
IMPROVED_FX_fee,693,19.22
IMPROVED_FX_fee,692,18.78
IMPROVED_FX_fee,694,18.98
IMPROVED_FX_fee,695,19.29
IMPROVED_FX_fee,696,18.98
IMPROVED_FX_fee,699,19.89
IMPROVED_FX_fee,698,19.5
IMPROVED_FX_fee,697,19.67
IMPROVED_FX_fee,700,19.33
IMPROVED_FX_fee,702,19.19
IMPROVED_FX_fee,701,19.39
IMPROVED_FX_fee,703,19.33
IMPROVED_FX_fee,704,19.27
IMPROVED_FX_fee,710,19.3
IMPROVED_FX_fee,707,19.34
IMPROVED_FX_fee,706,19.69
IMPROVED_FX_fee,705,19.37
IMPROVED_FX_fee,708,19.58
IMPROVED_FX_fee,709,19.46
IMPROVED_FX_fee,711,19.53
IMPROVED_FX_fee,712,19.74
IMPROVED_FX_fee,713,19.3
IMPROVED_FX_fee,714,18.94
IMPROVED_FX_fee,715,19.78
IMPROVED_FX_fee,716,19.67
IMPROVED_FX_fee,718,19.14
IMPROVED_FX_fee,717,19.1
IMPROVED_FX_fee,721,19.35
IMPROVED_FX_fee,719,19.02
IMPROVED_FX_fee,720,19.36
IMPROVED_FX_fee,722,19.33
IMPROVED_FX_fee,723,19.24
IMPROVED_FX_fee,724,19.14
IMPROVED_FX_fee,725,19.06
IMPROVED_FX_fee,726,19.5
IMPROVED_FX_fee,730,19.03
IMPROVED_FX_fee,727,19.63
IMPROVED_FX_fee,728,19.45
IMPROVED_FX_fee,729,19.39
IMPROVED_FX_fee,731,19.05
IMPROVED_FX_fee,732,19.66
IMPROVED_FX_fee,734,18.97
IMPROVED_FX_fee,733,19.22
IMPROVED_FX_fee,735,19.69
IMPROVED_FX_fee,736,19.58
IMPROVED_FX_fee,740,18.91
IMPROVED_FX_fee,737,19.34
IMPROVED_FX_fee,738,18.88
IMPROVED_FX_fee,739,19.21
IMPROVED_FX_fee,742,19.65
IMPROVED_FX_fee,741,19.63
IMPROVED_FX_fee,744,19.32
IMPROVED_FX_fee,743,19.46
IMPROVED_FX_fee,746,19.45
IMPROVED_FX_fee,750,18.97
IMPROVED_FX_fee,745,19.48
IMPROVED_FX_fee,747,19.42
IMPROVED_FX_fee,748,18.91
IMPROVED_FX_fee,751,19.41
IMPROVED_FX_fee,749,19.35
IMPROVED_FX_fee,753,19.23
IMPROVED_FX_fee,752,19.19
IMPROVED_FX_fee,754,19.99
IMPROVED_FX_fee,755,19.63
IMPROVED_FX_fee,756,19.18
IMPROVED_FX_fee,757,19.68
IMPROVED_FX_fee,759,19.61
IMPROVED_FX_fee,758,19.04
IMPROVED_FX_fee,761,19.61
IMPROVED_FX_fee,760,19.13
IMPROVED_FX_fee,762,19.41
IMPROVED_FX_fee,763,19.57
IMPROVED_FX_fee,764,19.78
IMPROVED_FX_fee,765,19.66
IMPROVED_FX_fee,766,19.05
IMPROVED_FX_fee,771,19.67
IMPROVED_FX_fee,770,19.42
IMPROVED_FX_fee,767,19.51
IMPROVED_FX_fee,768,19.37
IMPROVED_FX_fee,769,19.38
IMPROVED_FX_fee,774,19.49
IMPROVED_FX_fee,773,19.32
IMPROVED_FX_fee,775,19.48
IMPROVED_FX_fee,772,19.32
IMPROVED_FX_fee,780,19.42
IMPROVED_FX_fee,776,19.18
IMPROVED_FX_fee,777,19.21
IMPROVED_FX_fee,778,19.5
IMPROVED_FX_fee,779,19.7
IMPROVED_FX_fee,784,19.5
IMPROVED_FX_fee,781,19.4
IMPROVED_FX_fee,782,19.66
IMPROVED_FX_fee,783,19.62
IMPROVED_FX_fee,789,19.71
IMPROVED_FX_fee,787,19.6
IMPROVED_FX_fee,786,19.51
IMPROVED_FX_fee,785,18.99
IMPROVED_FX_fee,788,19.23
IMPROVED_FX_fee,790,19.36
IMPROVED_FX_fee,793,19.39
IMPROVED_FX_fee,791,19.69
IMPROVED_FX_fee,792,19.71
IMPROVED_FX_fee,794,19.0
IMPROVED_FX_fee,796,19.51
IMPROVED_FX_fee,795,19.17
IMPROVED_FX_fee,797,19.6
IMPROVED_FX_fee,798,19.45
IMPROVED_FX_fee,799,19.31
IMPROVED_FX_fee,800,19.73
IMPROVED_FX_fee,801,19.32
IMPROVED_FX_fee,802,19.51
IMPROVED_FX_fee,803,19.26
IMPROVED_FX_fee,804,19.53
IMPROVED_FX_fee,805,18.75
IMPROVED_FX_fee,806,19.49
IMPROVED_FX_fee,811,19.27
IMPROVED_FX_fee,809,19.56
IMPROVED_FX_fee,808,19.64
IMPROVED_FX_fee,807,19.46
IMPROVED_FX_fee,810,19.42
IMPROVED_FX_fee,812,19.05
IMPROVED_FX_fee,813,19.3
IMPROVED_FX_fee,814,19.43
IMPROVED_FX_fee,815,19.16
IMPROVED_FX_fee,820,19.49
IMPROVED_FX_fee,816,19.56
IMPROVED_FX_fee,818,19.61
IMPROVED_FX_fee,817,18.83
IMPROVED_FX_fee,819,19.54
IMPROVED_FX_fee,822,19.79
IMPROVED_FX_fee,821,19.16
IMPROVED_FX_fee,823,19.23
IMPROVED_FX_fee,824,19.46
IMPROVED_FX_fee,825,19.03
IMPROVED_FX_fee,829,19.33
IMPROVED_FX_fee,828,20.08
IMPROVED_FX_fee,826,19.36
IMPROVED_FX_fee,827,19.76
IMPROVED_FX_fee,830,19.62
IMPROVED_FX_fee,831,19.35
IMPROVED_FX_fee,833,19.43
IMPROVED_FX_fee,832,19.79
IMPROVED_FX_fee,835,19.45
IMPROVED_FX_fee,834,19.87
IMPROVED_FX_fee,836,19.54
IMPROVED_FX_fee,837,19.47
IMPROVED_FX_fee,839,19.09
IMPROVED_FX_fee,838,19.59
IMPROVED_FX_fee,841,18.87
IMPROVED_FX_fee,840,19.18
IMPROVED_FX_fee,842,18.87
IMPROVED_FX_fee,845,19.46
IMPROVED_FX_fee,844,19.37
IMPROVED_FX_fee,843,19.27
IMPROVED_FX_fee,846,18.78
IMPROVED_FX_fee,851,19.68
IMPROVED_FX_fee,850,19.37
IMPROVED_FX_fee,848,19.39
IMPROVED_FX_fee,847,19.78
IMPROVED_FX_fee,849,19.63
IMPROVED_FX_fee,852,19.71
IMPROVED_FX_fee,853,19.31
IMPROVED_FX_fee,854,19.15
IMPROVED_FX_fee,855,19.58
IMPROVED_FX_fee,856,19.53
IMPROVED_FX_fee,857,19.06
IMPROVED_FX_fee,858,19.44
IMPROVED_FX_fee,860,19.19
IMPROVED_FX_fee,859,19.28
IMPROVED_FX_fee,862,19.03
IMPROVED_FX_fee,864,18.92
IMPROVED_FX_fee,863,19.47
IMPROVED_FX_fee,861,19.34
IMPROVED_FX_fee,865,19.35
IMPROVED_FX_fee,872,19.66
IMPROVED_FX_fee,866,19.51
IMPROVED_FX_fee,868,19.78
IMPROVED_FX_fee,867,19.71
IMPROVED_FX_fee,870,18.91
IMPROVED_FX_fee,869,19.27
IMPROVED_FX_fee,871,19.65
IMPROVED_FX_fee,873,19.19
IMPROVED_FX_fee,876,19.14
IMPROVED_FX_fee,875,19.79
IMPROVED_FX_fee,874,19.37
IMPROVED_FX_fee,877,18.89
IMPROVED_FX_fee,879,19.29
IMPROVED_FX_fee,878,19.93
IMPROVED_FX_fee,880,19.82
IMPROVED_FX_fee,882,19.64
IMPROVED_FX_fee,881,19.08
IMPROVED_FX_fee,884,19.35
IMPROVED_FX_fee,885,18.99
IMPROVED_FX_fee,883,19.15
IMPROVED_FX_fee,886,19.19
IMPROVED_FX_fee,891,19.55
IMPROVED_FX_fee,887,19.78
IMPROVED_FX_fee,888,19.03
IMPROVED_FX_fee,889,19.52
IMPROVED_FX_fee,890,19.5
IMPROVED_FX_fee,892,19.37
IMPROVED_FX_fee,895,19.21
IMPROVED_FX_fee,894,19.13
IMPROVED_FX_fee,893,19.31
IMPROVED_FX_fee,896,19.5
IMPROVED_FX_fee,898,18.87
IMPROVED_FX_fee,900,19.76
IMPROVED_FX_fee,897,18.88
IMPROVED_FX_fee,899,19.09
IMPROVED_FX_fee,901,19.0
IMPROVED_FX_fee,904,19.1
IMPROVED_FX_fee,903,19.43
IMPROVED_FX_fee,902,19.5
IMPROVED_FX_fee,905,19.78
IMPROVED_FX_fee,911,19.69
IMPROVED_FX_fee,907,19.39
IMPROVED_FX_fee,906,19.04
IMPROVED_FX_fee,908,19.03
IMPROVED_FX_fee,912,19.51
IMPROVED_FX_fee,909,19.19
IMPROVED_FX_fee,910,19.65
IMPROVED_FX_fee,913,19.66
IMPROVED_FX_fee,914,19.58
IMPROVED_FX_fee,916,19.63
IMPROVED_FX_fee,917,19.32
IMPROVED_FX_fee,919,19.38
IMPROVED_FX_fee,915,19.19
IMPROVED_FX_fee,918,19.46
IMPROVED_FX_fee,920,19.16
IMPROVED_FX_fee,921,19.34
IMPROVED_FX_fee,924,19.0
IMPROVED_FX_fee,923,19.56
IMPROVED_FX_fee,926,19.42
IMPROVED_FX_fee,925,18.93
IMPROVED_FX_fee,922,19.45
IMPROVED_FX_fee,930,18.89
IMPROVED_FX_fee,927,19.82
IMPROVED_FX_fee,928,19.92
IMPROVED_FX_fee,929,19.44
IMPROVED_FX_fee,931,19.18
IMPROVED_FX_fee,932,19.49
IMPROVED_FX_fee,934,19.35
IMPROVED_FX_fee,933,19.25
IMPROVED_FX_fee,935,19.77
IMPROVED_FX_fee,936,19.71
IMPROVED_FX_fee,938,19.5
IMPROVED_FX_fee,940,19.79
IMPROVED_FX_fee,937,19.7
IMPROVED_FX_fee,939,19.55
IMPROVED_FX_fee,941,19.61
IMPROVED_FX_fee,942,19.54
IMPROVED_FX_fee,943,19.37
IMPROVED_FX_fee,944,19.8
IMPROVED_FX_fee,945,19.25
IMPROVED_FX_fee,951,19.61
IMPROVED_FX_fee,946,19.4
IMPROVED_FX_fee,947,19.83
IMPROVED_FX_fee,948,19.52
IMPROVED_FX_fee,950,19.25
IMPROVED_FX_fee,952,19.16
IMPROVED_FX_fee,949,19.28
IMPROVED_FX_fee,953,19.63
IMPROVED_FX_fee,954,19.24
IMPROVED_FX_fee,955,19.68
IMPROVED_FX_fee,956,19.02
IMPROVED_FX_fee,959,19.78
IMPROVED_FX_fee,957,19.52
IMPROVED_FX_fee,958,19.23
IMPROVED_FX_fee,960,19.7
IMPROVED_FX_fee,962,19.34
IMPROVED_FX_fee,961,19.38
IMPROVED_FX_fee,964,19.56
IMPROVED_FX_fee,963,19.09
IMPROVED_FX_fee,965,19.52
IMPROVED_FX_fee,966,19.41
IMPROVED_FX_fee,967,19.59
IMPROVED_FX_fee,970,19.38
IMPROVED_FX_fee,968,19.86
IMPROVED_FX_fee,969,19.22
IMPROVED_FX_fee,971,19.27
IMPROVED_FX_fee,972,19.52
IMPROVED_FX_fee,973,19.65
IMPROVED_FX_fee,975,19.25
IMPROVED_FX_fee,976,19.55
IMPROVED_FX_fee,977,19.36
IMPROVED_FX_fee,974,19.25
IMPROVED_FX_fee,978,19.19
IMPROVED_FX_fee,981,18.75
IMPROVED_FX_fee,979,19.34
IMPROVED_FX_fee,980,19.49
IMPROVED_FX_fee,982,19.38
IMPROVED_FX_fee,983,18.49
IMPROVED_FX_fee,984,19.19
IMPROVED_FX_fee,992,19.55
IMPROVED_FX_fee,985,19.08
IMPROVED_FX_fee,986,19.28
IMPROVED_FX_fee,988,19.32
IMPROVED_FX_fee,989,19.31
IMPROVED_FX_fee,987,19.16
IMPROVED_FX_fee,990,19.62
IMPROVED_FX_fee,991,19.47
IMPROVED_FX_fee,993,19.51
IMPROVED_FX_fee,994,19.39
IMPROVED_FX_fee,995,19.42
IMPROVED_FX_fee,996,19.58
IMPROVED_FX_fee,998,19.35
IMPROVED_FX_fee,997,19.04
IMPROVED_FX_fee,999,19.58
IMPROVED_DA_fee,0,20.17
IMPROVED_DA_fee,1,19.78
IMPROVED_DA_fee,3,20.09
IMPROVED_DA_fee,4,20.8
IMPROVED_DA_fee,2,20.17
IMPROVED_DA_fee,5,19.78
IMPROVED_DA_fee,7,18.8
IMPROVED_DA_fee,6,18.62
IMPROVED_DA_fee,8,19.99
IMPROVED_DA_fee,9,20.76
IMPROVED_DA_fee,12,22.24
IMPROVED_DA_fee,11,19.02
IMPROVED_DA_fee,10,20.53
IMPROVED_DA_fee,13,19.13
IMPROVED_DA_fee,16,19.34
IMPROVED_DA_fee,14,19.15
IMPROVED_DA_fee,17,18.3
IMPROVED_DA_fee,15,18.62
IMPROVED_DA_fee,18,19.28
IMPROVED_DA_fee,19,20.03
IMPROVED_DA_fee,20,19.67
IMPROVED_DA_fee,22,18.6
IMPROVED_DA_fee,21,18.55
IMPROVED_DA_fee,23,18.71
IMPROVED_DA_fee,25,17.8
IMPROVED_DA_fee,24,19.09
IMPROVED_DA_fee,26,21.25
IMPROVED_DA_fee,28,17.17
IMPROVED_DA_fee,29,19.66
IMPROVED_DA_fee,27,20.36
IMPROVED_DA_fee,30,16.6
IMPROVED_DA_fee,31,21.07
IMPROVED_DA_fee,32,19.66
IMPROVED_DA_fee,33,20.68
IMPROVED_DA_fee,35,20.53
IMPROVED_DA_fee,36,19.48
IMPROVED_DA_fee,34,18.69
IMPROVED_DA_fee,38,20.12
IMPROVED_DA_fee,37,22.14
IMPROVED_DA_fee,39,19.39
IMPROVED_DA_fee,41,19.14
IMPROVED_DA_fee,40,18.14
IMPROVED_DA_fee,42,19.92
IMPROVED_DA_fee,43,20.1
IMPROVED_DA_fee,44,20.74
IMPROVED_DA_fee,45,20.63
IMPROVED_DA_fee,46,18.68
IMPROVED_DA_fee,47,18.15
IMPROVED_DA_fee,49,19.84
IMPROVED_DA_fee,48,19.44
IMPROVED_DA_fee,51,20.12
IMPROVED_DA_fee,50,21.25
IMPROVED_DA_fee,52,20.51
IMPROVED_DA_fee,53,17.98
IMPROVED_DA_fee,56,18.96
IMPROVED_DA_fee,54,19.25
IMPROVED_DA_fee,55,20.72
IMPROVED_DA_fee,57,21.16
IMPROVED_DA_fee,58,19.76
IMPROVED_DA_fee,59,18.77
IMPROVED_DA_fee,60,18.55
IMPROVED_DA_fee,61,17.17
IMPROVED_DA_fee,62,18.77
IMPROVED_DA_fee,63,17.88
IMPROVED_DA_fee,64,20.86
IMPROVED_DA_fee,65,19.48
IMPROVED_DA_fee,66,18.35
IMPROVED_DA_fee,67,18.68
IMPROVED_DA_fee,68,19.68
IMPROVED_DA_fee,69,21.19
IMPROVED_DA_fee,70,19.62
IMPROVED_DA_fee,71,17.88
IMPROVED_DA_fee,72,20.01
IMPROVED_DA_fee,73,19.91
IMPROVED_DA_fee,74,15.97
IMPROVED_DA_fee,75,16.85
IMPROVED_DA_fee,78,19.0
IMPROVED_DA_fee,76,19.49
IMPROVED_DA_fee,77,18.13
IMPROVED_DA_fee,80,18.23
IMPROVED_DA_fee,79,19.15
IMPROVED_DA_fee,81,20.51
IMPROVED_DA_fee,82,20.65
IMPROVED_DA_fee,83,18.02
IMPROVED_DA_fee,84,20.23
IMPROVED_DA_fee,85,19.68
IMPROVED_DA_fee,86,20.39
IMPROVED_DA_fee,87,15.6
IMPROVED_DA_fee,88,19.33
IMPROVED_DA_fee,89,18.64
IMPROVED_DA_fee,90,20.93
IMPROVED_DA_fee,91,19.31
IMPROVED_DA_fee,92,19.71
IMPROVED_DA_fee,94,19.51
IMPROVED_DA_fee,93,19.81
IMPROVED_DA_fee,95,21.26
IMPROVED_DA_fee,96,20.05
IMPROVED_DA_fee,97,17.8
IMPROVED_DA_fee,98,18.64
IMPROVED_DA_fee,99,19.32
IMPROVED_DA_fee,101,18.3
IMPROVED_DA_fee,100,20.67
IMPROVED_DA_fee,103,18.48
IMPROVED_DA_fee,104,19.75
IMPROVED_DA_fee,102,19.85
IMPROVED_DA_fee,105,20.74
IMPROVED_DA_fee,108,18.66
IMPROVED_DA_fee,106,19.55
IMPROVED_DA_fee,107,19.64
IMPROVED_DA_fee,109,19.91
IMPROVED_DA_fee,110,19.04
IMPROVED_DA_fee,111,19.72
IMPROVED_DA_fee,113,20.0
IMPROVED_DA_fee,112,18.76
IMPROVED_DA_fee,114,19.98
IMPROVED_DA_fee,115,19.14
IMPROVED_DA_fee,116,20.85
IMPROVED_DA_fee,117,19.19
IMPROVED_DA_fee,118,21.21
IMPROVED_DA_fee,121,21.18
IMPROVED_DA_fee,119,19.66
IMPROVED_DA_fee,120,19.97
IMPROVED_DA_fee,122,20.12
IMPROVED_DA_fee,123,20.56
IMPROVED_DA_fee,124,20.51
IMPROVED_DA_fee,126,19.05
IMPROVED_DA_fee,125,19.45
IMPROVED_DA_fee,127,18.75
IMPROVED_DA_fee,129,21.06
IMPROVED_DA_fee,128,22.08
IMPROVED_DA_fee,130,19.91
IMPROVED_DA_fee,131,20.48
IMPROVED_DA_fee,132,18.76
IMPROVED_DA_fee,133,21.0
IMPROVED_DA_fee,134,15.95
IMPROVED_DA_fee,137,22.19
IMPROVED_DA_fee,135,18.62
IMPROVED_DA_fee,136,20.45
IMPROVED_DA_fee,138,19.01
IMPROVED_DA_fee,139,19.78
IMPROVED_DA_fee,140,19.1
IMPROVED_DA_fee,141,20.15
IMPROVED_DA_fee,142,19.59
IMPROVED_DA_fee,143,19.44
IMPROVED_DA_fee,144,18.35
IMPROVED_DA_fee,145,19.13
IMPROVED_DA_fee,146,18.8
IMPROVED_DA_fee,147,19.79
IMPROVED_DA_fee,148,18.61
IMPROVED_DA_fee,149,20.46
IMPROVED_DA_fee,150,19.52
IMPROVED_DA_fee,151,21.32
IMPROVED_DA_fee,152,18.43
IMPROVED_DA_fee,153,20.1
IMPROVED_DA_fee,155,21.05
IMPROVED_DA_fee,157,19.91
IMPROVED_DA_fee,156,19.56
IMPROVED_DA_fee,154,19.85
IMPROVED_DA_fee,158,17.68
IMPROVED_DA_fee,159,20.91
IMPROVED_DA_fee,160,22.01
IMPROVED_DA_fee,162,19.21
IMPROVED_DA_fee,161,19.32
IMPROVED_DA_fee,163,19.77
IMPROVED_DA_fee,164,18.82
IMPROVED_DA_fee,165,19.98
IMPROVED_DA_fee,166,21.61
IMPROVED_DA_fee,167,17.22
IMPROVED_DA_fee,170,18.82
IMPROVED_DA_fee,168,20.04
IMPROVED_DA_fee,169,19.4
IMPROVED_DA_fee,171,17.49
IMPROVED_DA_fee,172,17.72
IMPROVED_DA_fee,175,18.78
IMPROVED_DA_fee,173,19.23
IMPROVED_DA_fee,174,20.24
IMPROVED_DA_fee,176,19.22
IMPROVED_DA_fee,177,19.06
IMPROVED_DA_fee,178,20.26
IMPROVED_DA_fee,179,20.87
IMPROVED_DA_fee,181,19.53
IMPROVED_DA_fee,183,19.07
IMPROVED_DA_fee,180,19.73
IMPROVED_DA_fee,182,18.92
IMPROVED_DA_fee,184,17.81
IMPROVED_DA_fee,187,18.91
IMPROVED_DA_fee,185,20.42
IMPROVED_DA_fee,186,19.43
IMPROVED_DA_fee,188,20.15
IMPROVED_DA_fee,189,20.33
IMPROVED_DA_fee,190,18.63
IMPROVED_DA_fee,191,20.87
IMPROVED_DA_fee,192,18.45
IMPROVED_DA_fee,194,18.49
IMPROVED_DA_fee,193,20.29
IMPROVED_DA_fee,195,17.47
IMPROVED_DA_fee,196,18.81
IMPROVED_DA_fee,197,20.03
IMPROVED_DA_fee,199,20.84
IMPROVED_DA_fee,198,18.84
IMPROVED_DA_fee,200,21.15
IMPROVED_DA_fee,201,20.1
IMPROVED_DA_fee,204,19.76
IMPROVED_DA_fee,202,17.32
IMPROVED_DA_fee,203,21.59
IMPROVED_DA_fee,205,17.67
IMPROVED_DA_fee,207,19.19
IMPROVED_DA_fee,206,19.66
IMPROVED_DA_fee,208,20.43
IMPROVED_DA_fee,209,17.33
IMPROVED_DA_fee,210,20.37
IMPROVED_DA_fee,211,18.66
IMPROVED_DA_fee,213,18.93
IMPROVED_DA_fee,212,20.63
IMPROVED_DA_fee,214,19.08
IMPROVED_DA_fee,215,20.01
IMPROVED_DA_fee,217,16.98
IMPROVED_DA_fee,216,19.14
IMPROVED_DA_fee,218,19.26
IMPROVED_DA_fee,221,19.9
IMPROVED_DA_fee,220,21.29
IMPROVED_DA_fee,219,19.98
IMPROVED_DA_fee,222,19.91
IMPROVED_DA_fee,223,20.42
IMPROVED_DA_fee,225,19.93
IMPROVED_DA_fee,226,18.73
IMPROVED_DA_fee,224,21.43
IMPROVED_DA_fee,227,19.32
IMPROVED_DA_fee,228,19.75
IMPROVED_DA_fee,229,20.19
IMPROVED_DA_fee,230,20.77
IMPROVED_DA_fee,231,19.54
IMPROVED_DA_fee,233,18.18
IMPROVED_DA_fee,232,20.0
IMPROVED_DA_fee,234,18.19
IMPROVED_DA_fee,235,19.63
IMPROVED_DA_fee,236,17.94
IMPROVED_DA_fee,237,19.57
IMPROVED_DA_fee,239,18.26
IMPROVED_DA_fee,238,19.67
IMPROVED_DA_fee,240,21.79
IMPROVED_DA_fee,241,19.99
IMPROVED_DA_fee,242,18.46
IMPROVED_DA_fee,243,18.91
IMPROVED_DA_fee,244,20.19
IMPROVED_DA_fee,245,19.37
IMPROVED_DA_fee,246,19.38
IMPROVED_DA_fee,247,24.06
IMPROVED_DA_fee,249,19.27
IMPROVED_DA_fee,248,17.24
IMPROVED_DA_fee,250,16.7
IMPROVED_DA_fee,251,20.12
IMPROVED_DA_fee,253,20.48
IMPROVED_DA_fee,252,19.16
IMPROVED_DA_fee,254,14.59
IMPROVED_DA_fee,255,19.73
IMPROVED_DA_fee,256,18.53
IMPROVED_DA_fee,257,19.91
IMPROVED_DA_fee,258,20.0
IMPROVED_DA_fee,261,19.39
IMPROVED_DA_fee,262,18.83
IMPROVED_DA_fee,260,19.38
IMPROVED_DA_fee,259,19.49
IMPROVED_DA_fee,263,19.81
IMPROVED_DA_fee,266,18.3
IMPROVED_DA_fee,265,18.17
IMPROVED_DA_fee,264,17.09
IMPROVED_DA_fee,267,20.86
IMPROVED_DA_fee,268,21.26
IMPROVED_DA_fee,269,20.14
IMPROVED_DA_fee,270,18.81
IMPROVED_DA_fee,271,17.93
IMPROVED_DA_fee,272,19.34
IMPROVED_DA_fee,275,19.52
IMPROVED_DA_fee,274,19.51
IMPROVED_DA_fee,276,20.14
IMPROVED_DA_fee,273,19.16
IMPROVED_DA_fee,277,19.06
IMPROVED_DA_fee,278,18.63
IMPROVED_DA_fee,280,18.23
IMPROVED_DA_fee,279,20.5
IMPROVED_DA_fee,281,21.23
IMPROVED_DA_fee,282,17.28
IMPROVED_DA_fee,283,19.9
IMPROVED_DA_fee,285,18.11
IMPROVED_DA_fee,284,17.26
IMPROVED_DA_fee,289,20.11
IMPROVED_DA_fee,286,21.73
IMPROVED_DA_fee,288,19.7
IMPROVED_DA_fee,287,19.44
IMPROVED_DA_fee,290,20.13
IMPROVED_DA_fee,291,19.44
IMPROVED_DA_fee,292,18.36
IMPROVED_DA_fee,293,19.35
IMPROVED_DA_fee,294,20.36
IMPROVED_DA_fee,295,19.6
IMPROVED_DA_fee,296,19.86
IMPROVED_DA_fee,298,21.18
IMPROVED_DA_fee,297,20.13
IMPROVED_DA_fee,299,19.49
IMPROVED_DA_fee,301,20.56
IMPROVED_DA_fee,300,18.58
IMPROVED_DA_fee,302,19.53
IMPROVED_DA_fee,304,17.27
IMPROVED_DA_fee,303,19.33
IMPROVED_DA_fee,305,18.94
IMPROVED_DA_fee,306,19.66
IMPROVED_DA_fee,307,21.59
IMPROVED_DA_fee,308,18.96
IMPROVED_DA_fee,309,18.71
IMPROVED_DA_fee,311,19.08
IMPROVED_DA_fee,314,18.34
IMPROVED_DA_fee,313,19.81
IMPROVED_DA_fee,310,20.17
IMPROVED_DA_fee,312,17.66
IMPROVED_DA_fee,315,21.11
IMPROVED_DA_fee,316,20.36
IMPROVED_DA_fee,317,19.79
IMPROVED_DA_fee,318,19.05
IMPROVED_DA_fee,319,19.75
IMPROVED_DA_fee,320,19.93
IMPROVED_DA_fee,321,20.21
IMPROVED_DA_fee,323,19.27
IMPROVED_DA_fee,322,19.95
IMPROVED_DA_fee,325,18.77
IMPROVED_DA_fee,324,21.1
IMPROVED_DA_fee,326,18.37
IMPROVED_DA_fee,327,18.95
IMPROVED_DA_fee,328,19.29
IMPROVED_DA_fee,330,19.9
IMPROVED_DA_fee,329,20.19
IMPROVED_DA_fee,331,20.01
IMPROVED_DA_fee,332,19.26
IMPROVED_DA_fee,333,21.4
IMPROVED_DA_fee,334,20.36
IMPROVED_DA_fee,336,18.51
IMPROVED_DA_fee,337,19.82
IMPROVED_DA_fee,335,20.93
IMPROVED_DA_fee,340,20.72
IMPROVED_DA_fee,338,19.33
IMPROVED_DA_fee,339,19.53
IMPROVED_DA_fee,341,18.82
IMPROVED_DA_fee,343,19.88
IMPROVED_DA_fee,342,20.24
IMPROVED_DA_fee,344,21.34
IMPROVED_DA_fee,345,17.16
IMPROVED_DA_fee,346,20.37
IMPROVED_DA_fee,347,17.38
IMPROVED_DA_fee,352,24.19
IMPROVED_DA_fee,348,20.18
IMPROVED_DA_fee,350,17.96
IMPROVED_DA_fee,349,18.26
IMPROVED_DA_fee,353,19.54
IMPROVED_DA_fee,351,18.81
IMPROVED_DA_fee,354,18.05
IMPROVED_DA_fee,356,19.7
IMPROVED_DA_fee,357,20.35
IMPROVED_DA_fee,355,20.62
IMPROVED_DA_fee,358,18.75
IMPROVED_DA_fee,359,17.64
IMPROVED_DA_fee,360,19.31
IMPROVED_DA_fee,361,20.13
IMPROVED_DA_fee,364,20.11
IMPROVED_DA_fee,363,18.84
IMPROVED_DA_fee,362,19.84
IMPROVED_DA_fee,365,19.78
IMPROVED_DA_fee,366,18.5
IMPROVED_DA_fee,367,19.49
IMPROVED_DA_fee,368,20.78
IMPROVED_DA_fee,369,20.1
IMPROVED_DA_fee,370,17.8
IMPROVED_DA_fee,371,18.71
IMPROVED_DA_fee,372,19.5
IMPROVED_DA_fee,373,18.19
IMPROVED_DA_fee,378,19.38
IMPROVED_DA_fee,374,17.66
IMPROVED_DA_fee,377,20.89
IMPROVED_DA_fee,376,18.13
IMPROVED_DA_fee,379,17.71
IMPROVED_DA_fee,380,18.48
IMPROVED_DA_fee,375,19.49
IMPROVED_DA_fee,381,19.61
IMPROVED_DA_fee,383,19.58
IMPROVED_DA_fee,382,16.47
IMPROVED_DA_fee,384,19.71
IMPROVED_DA_fee,385,21.09
IMPROVED_DA_fee,386,18.96
IMPROVED_DA_fee,389,19.08
IMPROVED_DA_fee,388,20.26
IMPROVED_DA_fee,387,20.15
IMPROVED_DA_fee,393,19.78
IMPROVED_DA_fee,390,20.19
IMPROVED_DA_fee,391,19.92
IMPROVED_DA_fee,392,19.82
IMPROVED_DA_fee,395,18.24
IMPROVED_DA_fee,394,19.05
IMPROVED_DA_fee,396,18.51
IMPROVED_DA_fee,397,19.19
IMPROVED_DA_fee,398,20.62
IMPROVED_DA_fee,399,22.04
IMPROVED_DA_fee,401,19.17
IMPROVED_DA_fee,400,19.62
IMPROVED_DA_fee,402,20.99
IMPROVED_DA_fee,405,19.3
IMPROVED_DA_fee,403,19.56
IMPROVED_DA_fee,404,19.6
IMPROVED_DA_fee,406,19.52
IMPROVED_DA_fee,409,19.46
IMPROVED_DA_fee,408,18.89
IMPROVED_DA_fee,407,19.39
IMPROVED_DA_fee,410,19.39
IMPROVED_DA_fee,411,18.85
IMPROVED_DA_fee,412,16.6
IMPROVED_DA_fee,414,18.55
IMPROVED_DA_fee,413,19.43
IMPROVED_DA_fee,415,17.79
IMPROVED_DA_fee,416,19.95
IMPROVED_DA_fee,417,19.82
IMPROVED_DA_fee,420,20.03
IMPROVED_DA_fee,419,20.09
IMPROVED_DA_fee,418,21.41
IMPROVED_DA_fee,421,21.41
IMPROVED_DA_fee,423,18.85
IMPROVED_DA_fee,422,19.33
IMPROVED_DA_fee,424,20.32
IMPROVED_DA_fee,425,20.01
IMPROVED_DA_fee,426,19.37
IMPROVED_DA_fee,429,18.78
IMPROVED_DA_fee,428,20.13
IMPROVED_DA_fee,427,22.4
IMPROVED_DA_fee,431,19.79
IMPROVED_DA_fee,430,19.55
IMPROVED_DA_fee,433,18.14
IMPROVED_DA_fee,432,19.23
IMPROVED_DA_fee,434,20.1
IMPROVED_DA_fee,435,19.79
IMPROVED_DA_fee,436,19.87
IMPROVED_DA_fee,437,20.53
IMPROVED_DA_fee,438,20.49
IMPROVED_DA_fee,442,22.1
IMPROVED_DA_fee,440,19.57
IMPROVED_DA_fee,439,18.9
IMPROVED_DA_fee,441,19.94
IMPROVED_DA_fee,443,21.37
IMPROVED_DA_fee,445,18.09
IMPROVED_DA_fee,446,20.43
IMPROVED_DA_fee,444,19.5
IMPROVED_DA_fee,447,19.44
IMPROVED_DA_fee,448,18.58
IMPROVED_DA_fee,449,19.78
IMPROVED_DA_fee,450,17.5
IMPROVED_DA_fee,451,19.29
IMPROVED_DA_fee,452,20.88
IMPROVED_DA_fee,454,19.11
IMPROVED_DA_fee,453,18.06
IMPROVED_DA_fee,456,18.13
IMPROVED_DA_fee,457,19.52
IMPROVED_DA_fee,455,18.77
IMPROVED_DA_fee,460,20.39
IMPROVED_DA_fee,458,20.17
IMPROVED_DA_fee,461,20.61
IMPROVED_DA_fee,459,17.93
IMPROVED_DA_fee,462,19.02
IMPROVED_DA_fee,463,17.15
IMPROVED_DA_fee,464,19.7
IMPROVED_DA_fee,469,19.65
IMPROVED_DA_fee,467,19.29
IMPROVED_DA_fee,468,19.33
IMPROVED_DA_fee,470,19.54
IMPROVED_DA_fee,465,19.35
IMPROVED_DA_fee,466,17.51
IMPROVED_DA_fee,473,17.61
IMPROVED_DA_fee,474,19.79
IMPROVED_DA_fee,472,19.83
IMPROVED_DA_fee,471,21.22
IMPROVED_DA_fee,475,20.28
IMPROVED_DA_fee,476,18.56
IMPROVED_DA_fee,477,18.85
IMPROVED_DA_fee,478,18.63
IMPROVED_DA_fee,479,19.35
IMPROVED_DA_fee,481,18.66
IMPROVED_DA_fee,483,21.43
IMPROVED_DA_fee,482,19.17
IMPROVED_DA_fee,480,19.61
IMPROVED_DA_fee,484,19.34
IMPROVED_DA_fee,485,19.37
IMPROVED_DA_fee,487,19.17
IMPROVED_DA_fee,486,18.35
IMPROVED_DA_fee,488,19.39
IMPROVED_DA_fee,489,20.93
IMPROVED_DA_fee,490,20.08
IMPROVED_DA_fee,492,19.39
IMPROVED_DA_fee,491,19.67
IMPROVED_DA_fee,493,18.76
IMPROVED_DA_fee,494,19.67
IMPROVED_DA_fee,495,18.66
IMPROVED_DA_fee,496,19.56
IMPROVED_DA_fee,497,16.22
IMPROVED_DA_fee,499,20.02
IMPROVED_DA_fee,500,18.59
IMPROVED_DA_fee,498,19.42
IMPROVED_DA_fee,501,19.03
IMPROVED_DA_fee,502,20.22
IMPROVED_DA_fee,503,18.85
IMPROVED_DA_fee,504,18.59
IMPROVED_DA_fee,505,19.79
IMPROVED_DA_fee,509,19.55
IMPROVED_DA_fee,508,19.52
IMPROVED_DA_fee,507,20.36
IMPROVED_DA_fee,506,18.99
IMPROVED_DA_fee,510,19.47
IMPROVED_DA_fee,511,19.54
IMPROVED_DA_fee,513,20.24
IMPROVED_DA_fee,512,19.29
IMPROVED_DA_fee,514,19.05
IMPROVED_DA_fee,515,20.82
IMPROVED_DA_fee,516,17.36
IMPROVED_DA_fee,517,19.36
IMPROVED_DA_fee,518,18.9
IMPROVED_DA_fee,520,19.71
IMPROVED_DA_fee,522,18.91
IMPROVED_DA_fee,519,20.14
IMPROVED_DA_fee,521,18.33
IMPROVED_DA_fee,523,18.36
IMPROVED_DA_fee,524,18.5
IMPROVED_DA_fee,526,20.14
IMPROVED_DA_fee,525,15.93
IMPROVED_DA_fee,527,19.48
IMPROVED_DA_fee,530,18.48
IMPROVED_DA_fee,529,19.52
IMPROVED_DA_fee,528,19.48
IMPROVED_DA_fee,531,22.41
IMPROVED_DA_fee,533,19.93
IMPROVED_DA_fee,534,19.56
IMPROVED_DA_fee,532,20.37
IMPROVED_DA_fee,535,17.99
IMPROVED_DA_fee,536,20.64
IMPROVED_DA_fee,539,19.97
IMPROVED_DA_fee,537,17.47
IMPROVED_DA_fee,538,19.01
IMPROVED_DA_fee,540,18.81
IMPROVED_DA_fee,541,20.87
IMPROVED_DA_fee,543,17.9
IMPROVED_DA_fee,542,20.06
IMPROVED_DA_fee,544,19.3
IMPROVED_DA_fee,545,17.38
IMPROVED_DA_fee,548,18.94
IMPROVED_DA_fee,546,18.77
IMPROVED_DA_fee,547,18.6
IMPROVED_DA_fee,549,18.26
IMPROVED_DA_fee,552,18.56
IMPROVED_DA_fee,551,18.0
IMPROVED_DA_fee,550,19.95
IMPROVED_DA_fee,553,19.88
IMPROVED_DA_fee,554,19.8
IMPROVED_DA_fee,556,19.77
IMPROVED_DA_fee,555,21.07
IMPROVED_DA_fee,557,15.41
IMPROVED_DA_fee,558,20.12
IMPROVED_DA_fee,560,19.69
IMPROVED_DA_fee,561,19.22
IMPROVED_DA_fee,559,17.91
IMPROVED_DA_fee,562,19.54
IMPROVED_DA_fee,563,17.34
IMPROVED_DA_fee,564,21.25
IMPROVED_DA_fee,565,23.98
IMPROVED_DA_fee,566,21.13
IMPROVED_DA_fee,567,20.48
IMPROVED_DA_fee,569,19.7
IMPROVED_DA_fee,568,19.97
IMPROVED_DA_fee,570,18.18
IMPROVED_DA_fee,572,20.05
IMPROVED_DA_fee,573,18.09
IMPROVED_DA_fee,571,19.23
IMPROVED_DA_fee,574,20.46
IMPROVED_DA_fee,577,20.08
IMPROVED_DA_fee,576,18.69
IMPROVED_DA_fee,575,19.7
IMPROVED_DA_fee,578,18.58
IMPROVED_DA_fee,579,18.07
IMPROVED_DA_fee,580,18.46
IMPROVED_DA_fee,582,19.67
IMPROVED_DA_fee,581,18.52
IMPROVED_DA_fee,583,19.57
IMPROVED_DA_fee,586,18.35
IMPROVED_DA_fee,585,19.83
IMPROVED_DA_fee,584,17.46
IMPROVED_DA_fee,587,19.62
IMPROVED_DA_fee,588,20.79
IMPROVED_DA_fee,590,20.28
IMPROVED_DA_fee,589,18.51
IMPROVED_DA_fee,591,18.4
IMPROVED_DA_fee,592,19.2
IMPROVED_DA_fee,593,19.96
IMPROVED_DA_fee,594,19.13
IMPROVED_DA_fee,595,18.01
IMPROVED_DA_fee,596,15.81
IMPROVED_DA_fee,598,19.51
IMPROVED_DA_fee,597,20.05
IMPROVED_DA_fee,599,19.84
IMPROVED_DA_fee,600,18.86
IMPROVED_DA_fee,601,19.56
IMPROVED_DA_fee,602,19.87
IMPROVED_DA_fee,603,19.98
IMPROVED_DA_fee,605,19.4
IMPROVED_DA_fee,604,21.52
IMPROVED_DA_fee,606,17.53
IMPROVED_DA_fee,607,21.82
IMPROVED_DA_fee,608,19.96
IMPROVED_DA_fee,609,17.21
IMPROVED_DA_fee,612,19.55
IMPROVED_DA_fee,610,16.34
IMPROVED_DA_fee,613,19.86
IMPROVED_DA_fee,614,18.46
IMPROVED_DA_fee,611,20.1
IMPROVED_DA_fee,615,16.0
IMPROVED_DA_fee,616,19.55
IMPROVED_DA_fee,617,20.1
IMPROVED_DA_fee,618,19.65
IMPROVED_DA_fee,619,16.63
IMPROVED_DA_fee,620,18.9
IMPROVED_DA_fee,622,18.23
IMPROVED_DA_fee,621,18.91
IMPROVED_DA_fee,625,18.02
IMPROVED_DA_fee,623,18.65
IMPROVED_DA_fee,624,20.2
IMPROVED_DA_fee,626,20.01
IMPROVED_DA_fee,627,19.15
IMPROVED_DA_fee,628,18.75
IMPROVED_DA_fee,629,19.9
IMPROVED_DA_fee,630,19.99
IMPROVED_DA_fee,631,20.25
IMPROVED_DA_fee,633,18.5
IMPROVED_DA_fee,632,19.34
IMPROVED_DA_fee,634,20.27
IMPROVED_DA_fee,639,18.08
IMPROVED_DA_fee,635,19.98
IMPROVED_DA_fee,636,19.21
IMPROVED_DA_fee,637,18.18
IMPROVED_DA_fee,638,19.58
IMPROVED_DA_fee,641,19.58
IMPROVED_DA_fee,640,19.83
IMPROVED_DA_fee,642,18.91
IMPROVED_DA_fee,643,18.11
IMPROVED_DA_fee,644,16.64
IMPROVED_DA_fee,646,19.6
IMPROVED_DA_fee,645,20.05
IMPROVED_DA_fee,647,20.34
IMPROVED_DA_fee,648,19.28
IMPROVED_DA_fee,649,20.48
IMPROVED_DA_fee,650,18.72
IMPROVED_DA_fee,652,19.19
IMPROVED_DA_fee,651,19.4
IMPROVED_DA_fee,653,16.95
IMPROVED_DA_fee,654,20.16
IMPROVED_DA_fee,655,19.54
IMPROVED_DA_fee,656,19.04
IMPROVED_DA_fee,657,18.9
IMPROVED_DA_fee,658,20.2
IMPROVED_DA_fee,659,17.58
IMPROVED_DA_fee,661,21.01
IMPROVED_DA_fee,660,21.21
IMPROVED_DA_fee,663,20.28
IMPROVED_DA_fee,662,20.61
IMPROVED_DA_fee,665,16.11
IMPROVED_DA_fee,664,18.16
IMPROVED_DA_fee,667,18.96
IMPROVED_DA_fee,666,23.39
IMPROVED_DA_fee,669,20.2
IMPROVED_DA_fee,668,20.81
IMPROVED_DA_fee,670,19.5
IMPROVED_DA_fee,671,19.79
IMPROVED_DA_fee,672,16.94
IMPROVED_DA_fee,673,21.38
IMPROVED_DA_fee,674,19.28
IMPROVED_DA_fee,676,20.19
IMPROVED_DA_fee,675,19.37
IMPROVED_DA_fee,678,20.22
IMPROVED_DA_fee,677,19.36
IMPROVED_DA_fee,680,19.98
IMPROVED_DA_fee,679,20.3
IMPROVED_DA_fee,681,20.93
IMPROVED_DA_fee,682,19.54
IMPROVED_DA_fee,683,24.17
IMPROVED_DA_fee,684,19.2
IMPROVED_DA_fee,685,19.39
IMPROVED_DA_fee,687,20.04
IMPROVED_DA_fee,686,19.53
IMPROVED_DA_fee,689,18.37
IMPROVED_DA_fee,688,20.47
IMPROVED_DA_fee,690,20.94
IMPROVED_DA_fee,691,20.64
IMPROVED_DA_fee,693,20.56
IMPROVED_DA_fee,692,16.12
IMPROVED_DA_fee,694,17.9
IMPROVED_DA_fee,695,19.28
IMPROVED_DA_fee,696,19.24
IMPROVED_DA_fee,697,20.64
IMPROVED_DA_fee,698,19.32
IMPROVED_DA_fee,700,19.74
IMPROVED_DA_fee,699,17.58
IMPROVED_DA_fee,702,17.03
IMPROVED_DA_fee,701,19.85
IMPROVED_DA_fee,703,20.18
IMPROVED_DA_fee,705,21.19
IMPROVED_DA_fee,704,19.24
IMPROVED_DA_fee,706,21.0
IMPROVED_DA_fee,707,19.46
IMPROVED_DA_fee,708,20.19
IMPROVED_DA_fee,709,19.45
IMPROVED_DA_fee,710,19.94
IMPROVED_DA_fee,713,19.77
IMPROVED_DA_fee,712,18.97
IMPROVED_DA_fee,711,21.01
IMPROVED_DA_fee,714,18.14
IMPROVED_DA_fee,715,19.79
IMPROVED_DA_fee,716,19.41
IMPROVED_DA_fee,718,20.46
IMPROVED_DA_fee,719,19.6
IMPROVED_DA_fee,717,18.87
IMPROVED_DA_fee,720,19.09
IMPROVED_DA_fee,721,20.2
IMPROVED_DA_fee,722,20.52
IMPROVED_DA_fee,723,19.14
IMPROVED_DA_fee,724,18.17
IMPROVED_DA_fee,725,20.48
IMPROVED_DA_fee,726,19.4
IMPROVED_DA_fee,728,20.36
IMPROVED_DA_fee,727,18.73
IMPROVED_DA_fee,729,17.19
IMPROVED_DA_fee,730,18.26
IMPROVED_DA_fee,731,18.9
IMPROVED_DA_fee,732,20.1
IMPROVED_DA_fee,733,17.46
IMPROVED_DA_fee,735,20.63
IMPROVED_DA_fee,734,18.04
IMPROVED_DA_fee,736,19.54
IMPROVED_DA_fee,737,19.89
IMPROVED_DA_fee,738,17.95
IMPROVED_DA_fee,739,18.92
IMPROVED_DA_fee,740,18.64
IMPROVED_DA_fee,741,19.92
IMPROVED_DA_fee,744,18.75
IMPROVED_DA_fee,742,18.18
IMPROVED_DA_fee,743,18.14
IMPROVED_DA_fee,745,18.94
IMPROVED_DA_fee,746,18.01
IMPROVED_DA_fee,748,19.3
IMPROVED_DA_fee,747,19.97
IMPROVED_DA_fee,749,17.93
IMPROVED_DA_fee,750,15.45
IMPROVED_DA_fee,752,19.58
IMPROVED_DA_fee,751,19.57
IMPROVED_DA_fee,753,20.16
IMPROVED_DA_fee,754,18.82
IMPROVED_DA_fee,755,19.83
IMPROVED_DA_fee,757,17.91
IMPROVED_DA_fee,756,16.57
IMPROVED_DA_fee,758,20.58
IMPROVED_DA_fee,759,22.57
IMPROVED_DA_fee,761,18.84
IMPROVED_DA_fee,760,15.58
IMPROVED_DA_fee,762,19.61
IMPROVED_DA_fee,763,18.91
IMPROVED_DA_fee,765,19.57
IMPROVED_DA_fee,764,20.61
IMPROVED_DA_fee,766,18.2
IMPROVED_DA_fee,767,18.58
IMPROVED_DA_fee,768,19.36
IMPROVED_DA_fee,769,20.74
IMPROVED_DA_fee,770,19.51
IMPROVED_DA_fee,771,20.24
IMPROVED_DA_fee,772,18.95
IMPROVED_DA_fee,773,19.66
IMPROVED_DA_fee,774,19.43
IMPROVED_DA_fee,775,18.64
IMPROVED_DA_fee,776,19.6
IMPROVED_DA_fee,780,18.01
IMPROVED_DA_fee,777,18.57
IMPROVED_DA_fee,779,18.22
IMPROVED_DA_fee,778,19.55
IMPROVED_DA_fee,781,19.78
IMPROVED_DA_fee,782,20.16
IMPROVED_DA_fee,784,18.92
IMPROVED_DA_fee,785,18.29
IMPROVED_DA_fee,783,19.51
IMPROVED_DA_fee,786,19.05
IMPROVED_DA_fee,787,19.51
IMPROVED_DA_fee,788,16.06
IMPROVED_DA_fee,789,19.47
IMPROVED_DA_fee,790,19.62
IMPROVED_DA_fee,791,19.31
IMPROVED_DA_fee,792,18.75
IMPROVED_DA_fee,794,19.65
IMPROVED_DA_fee,793,17.97
IMPROVED_DA_fee,795,18.77
IMPROVED_DA_fee,796,20.29
IMPROVED_DA_fee,797,17.04
IMPROVED_DA_fee,798,19.32
IMPROVED_DA_fee,799,19.17
IMPROVED_DA_fee,800,19.85
IMPROVED_DA_fee,801,19.84
IMPROVED_DA_fee,802,18.9
IMPROVED_DA_fee,803,21.24
IMPROVED_DA_fee,806,18.24
IMPROVED_DA_fee,804,18.63
IMPROVED_DA_fee,805,18.89
IMPROVED_DA_fee,807,21.33
IMPROVED_DA_fee,808,18.85
IMPROVED_DA_fee,809,18.9
IMPROVED_DA_fee,811,19.36
IMPROVED_DA_fee,810,17.96
IMPROVED_DA_fee,812,20.1
IMPROVED_DA_fee,813,18.38
IMPROVED_DA_fee,814,20.31
IMPROVED_DA_fee,815,17.94
IMPROVED_DA_fee,817,16.14
IMPROVED_DA_fee,816,18.31
IMPROVED_DA_fee,818,20.55
IMPROVED_DA_fee,819,17.12
IMPROVED_DA_fee,820,18.04
IMPROVED_DA_fee,821,19.12
IMPROVED_DA_fee,822,18.08
IMPROVED_DA_fee,823,18.48
IMPROVED_DA_fee,824,20.14
IMPROVED_DA_fee,825,18.99
IMPROVED_DA_fee,826,20.29
IMPROVED_DA_fee,827,19.41
IMPROVED_DA_fee,828,18.99
IMPROVED_DA_fee,829,18.46
IMPROVED_DA_fee,831,18.82
IMPROVED_DA_fee,830,18.44
IMPROVED_DA_fee,832,18.6
IMPROVED_DA_fee,833,20.53
IMPROVED_DA_fee,834,20.0
IMPROVED_DA_fee,835,19.23
IMPROVED_DA_fee,836,19.31
IMPROVED_DA_fee,837,18.3
IMPROVED_DA_fee,838,21.1
IMPROVED_DA_fee,839,20.25
IMPROVED_DA_fee,840,18.5
IMPROVED_DA_fee,841,17.11
IMPROVED_DA_fee,842,19.37
IMPROVED_DA_fee,844,19.02
IMPROVED_DA_fee,843,19.45
IMPROVED_DA_fee,845,18.44
IMPROVED_DA_fee,846,13.31
IMPROVED_DA_fee,847,19.48
IMPROVED_DA_fee,848,20.08
IMPROVED_DA_fee,849,19.93
IMPROVED_DA_fee,850,19.05
IMPROVED_DA_fee,851,18.2
IMPROVED_DA_fee,852,19.21
IMPROVED_DA_fee,853,18.96
IMPROVED_DA_fee,854,16.66
IMPROVED_DA_fee,855,20.78
IMPROVED_DA_fee,856,19.82
IMPROVED_DA_fee,857,19.79
IMPROVED_DA_fee,859,19.68
IMPROVED_DA_fee,858,19.48
IMPROVED_DA_fee,860,19.72
IMPROVED_DA_fee,861,17.34
IMPROVED_DA_fee,862,16.07
IMPROVED_DA_fee,863,19.49
IMPROVED_DA_fee,864,17.27
IMPROVED_DA_fee,865,20.57
IMPROVED_DA_fee,867,20.64
IMPROVED_DA_fee,866,18.5
IMPROVED_DA_fee,868,18.01
IMPROVED_DA_fee,869,20.53
IMPROVED_DA_fee,870,18.13
IMPROVED_DA_fee,873,20.86
IMPROVED_DA_fee,872,20.04
IMPROVED_DA_fee,871,19.59
IMPROVED_DA_fee,874,18.76
IMPROVED_DA_fee,875,18.89
IMPROVED_DA_fee,876,18.39
IMPROVED_DA_fee,877,18.72
IMPROVED_DA_fee,878,19.34
IMPROVED_DA_fee,879,18.94
IMPROVED_DA_fee,880,20.5
IMPROVED_DA_fee,881,17.93
IMPROVED_DA_fee,882,18.43
IMPROVED_DA_fee,883,19.25
IMPROVED_DA_fee,884,18.97
IMPROVED_DA_fee,885,16.08
IMPROVED_DA_fee,886,16.47
IMPROVED_DA_fee,887,20.69
IMPROVED_DA_fee,888,17.52
IMPROVED_DA_fee,890,19.31
IMPROVED_DA_fee,889,18.77
IMPROVED_DA_fee,891,18.32
IMPROVED_DA_fee,892,22.1
IMPROVED_DA_fee,893,19.46
IMPROVED_DA_fee,898,17.56
IMPROVED_DA_fee,896,19.68
IMPROVED_DA_fee,895,20.28
IMPROVED_DA_fee,894,18.21
IMPROVED_DA_fee,897,17.31
IMPROVED_DA_fee,899,18.74
IMPROVED_DA_fee,900,20.0
IMPROVED_DA_fee,901,20.25
IMPROVED_DA_fee,902,16.2
IMPROVED_DA_fee,904,19.94
IMPROVED_DA_fee,903,19.03
IMPROVED_DA_fee,905,19.23
IMPROVED_DA_fee,906,18.61
IMPROVED_DA_fee,908,21.15
IMPROVED_DA_fee,907,18.96
IMPROVED_DA_fee,910,20.68
IMPROVED_DA_fee,911,19.01
IMPROVED_DA_fee,909,20.03
IMPROVED_DA_fee,912,19.23
IMPROVED_DA_fee,913,19.66
IMPROVED_DA_fee,914,19.25
IMPROVED_DA_fee,915,19.48
IMPROVED_DA_fee,916,20.0
IMPROVED_DA_fee,917,18.41
IMPROVED_DA_fee,918,20.08
IMPROVED_DA_fee,919,20.47
IMPROVED_DA_fee,920,19.93
IMPROVED_DA_fee,922,19.96
IMPROVED_DA_fee,921,19.54
IMPROVED_DA_fee,923,18.91
IMPROVED_DA_fee,924,20.35
IMPROVED_DA_fee,925,18.65
IMPROVED_DA_fee,926,18.27
IMPROVED_DA_fee,927,20.34
IMPROVED_DA_fee,930,16.44
IMPROVED_DA_fee,928,19.27
IMPROVED_DA_fee,929,18.98
IMPROVED_DA_fee,931,18.86
IMPROVED_DA_fee,932,19.19
IMPROVED_DA_fee,933,20.66
IMPROVED_DA_fee,934,19.08
IMPROVED_DA_fee,936,18.56
IMPROVED_DA_fee,937,18.38
IMPROVED_DA_fee,935,19.48
IMPROVED_DA_fee,939,18.24
IMPROVED_DA_fee,938,18.17
IMPROVED_DA_fee,941,19.23
IMPROVED_DA_fee,940,19.0
IMPROVED_DA_fee,942,20.11
IMPROVED_DA_fee,943,19.24
IMPROVED_DA_fee,944,21.78
IMPROVED_DA_fee,945,19.3
IMPROVED_DA_fee,946,19.6
IMPROVED_DA_fee,950,19.32
IMPROVED_DA_fee,948,18.82
IMPROVED_DA_fee,947,21.2
IMPROVED_DA_fee,949,18.86
IMPROVED_DA_fee,952,19.54
IMPROVED_DA_fee,951,20.34
IMPROVED_DA_fee,954,21.35
IMPROVED_DA_fee,953,19.4
IMPROVED_DA_fee,955,19.51
IMPROVED_DA_fee,956,19.82
IMPROVED_DA_fee,957,20.8
IMPROVED_DA_fee,958,20.01
IMPROVED_DA_fee,959,18.91
IMPROVED_DA_fee,961,18.71
IMPROVED_DA_fee,962,20.05
IMPROVED_DA_fee,960,18.71
IMPROVED_DA_fee,963,20.32
IMPROVED_DA_fee,964,19.98
IMPROVED_DA_fee,965,18.98
IMPROVED_DA_fee,966,19.27
IMPROVED_DA_fee,967,19.23
IMPROVED_DA_fee,969,20.13
IMPROVED_DA_fee,968,18.14
IMPROVED_DA_fee,970,20.2
IMPROVED_DA_fee,974,19.8
IMPROVED_DA_fee,973,19.06
IMPROVED_DA_fee,971,19.04
IMPROVED_DA_fee,972,21.64
IMPROVED_DA_fee,975,19.09
IMPROVED_DA_fee,976,20.09
IMPROVED_DA_fee,978,19.43
IMPROVED_DA_fee,977,18.79
IMPROVED_DA_fee,979,20.53
IMPROVED_DA_fee,980,18.96
IMPROVED_DA_fee,981,15.94
IMPROVED_DA_fee,982,19.72
IMPROVED_DA_fee,983,15.78
IMPROVED_DA_fee,984,17.97
IMPROVED_DA_fee,986,20.01
IMPROVED_DA_fee,987,20.09
IMPROVED_DA_fee,985,19.28
IMPROVED_DA_fee,988,18.83
IMPROVED_DA_fee,989,19.66
IMPROVED_DA_fee,990,19.59
IMPROVED_DA_fee,991,17.1
IMPROVED_DA_fee,992,19.69
IMPROVED_DA_fee,993,22.72
IMPROVED_DA_fee,995,18.78
IMPROVED_DA_fee,994,19.45
IMPROVED_DA_fee,996,20.22
IMPROVED_DA_fee,998,19.56
IMPROVED_DA_fee,997,20.15
IMPROVED_DA_fee,999,19.71
IMPROVED_BA_fee,1,20.38
IMPROVED_BA_fee,0,18.98
IMPROVED_BA_fee,2,25.6
IMPROVED_BA_fee,3,20.73
IMPROVED_BA_fee,4,19.65
IMPROVED_BA_fee,5,21.15
IMPROVED_BA_fee,6,19.93
IMPROVED_BA_fee,7,21.3
IMPROVED_BA_fee,8,19.69
IMPROVED_BA_fee,9,20.75
IMPROVED_BA_fee,10,20.07
IMPROVED_BA_fee,11,20.37
IMPROVED_BA_fee,12,20.37
IMPROVED_BA_fee,13,19.2
IMPROVED_BA_fee,14,20.01
IMPROVED_BA_fee,15,21.4
IMPROVED_BA_fee,17,22.34
IMPROVED_BA_fee,16,19.3
IMPROVED_BA_fee,18,20.98
IMPROVED_BA_fee,20,19.5
IMPROVED_BA_fee,19,19.57
IMPROVED_BA_fee,21,23.25
IMPROVED_BA_fee,22,20.51
IMPROVED_BA_fee,23,22.76
IMPROVED_BA_fee,24,19.97
IMPROVED_BA_fee,26,19.9
IMPROVED_BA_fee,25,21.11
IMPROVED_BA_fee,27,21.77
IMPROVED_BA_fee,28,21.68
IMPROVED_BA_fee,29,22.09
IMPROVED_BA_fee,30,21.83
IMPROVED_BA_fee,31,22.66
IMPROVED_BA_fee,32,20.12
IMPROVED_BA_fee,33,21.22
IMPROVED_BA_fee,34,19.76
IMPROVED_BA_fee,35,21.89
IMPROVED_BA_fee,36,19.13
IMPROVED_BA_fee,37,20.38
IMPROVED_BA_fee,38,22.63
IMPROVED_BA_fee,41,20.62
IMPROVED_BA_fee,39,19.75
IMPROVED_BA_fee,40,19.49
IMPROVED_BA_fee,42,19.73
IMPROVED_BA_fee,43,21.26
IMPROVED_BA_fee,44,19.5
IMPROVED_BA_fee,45,19.14
IMPROVED_BA_fee,47,20.38
IMPROVED_BA_fee,46,19.28
IMPROVED_BA_fee,48,20.4
IMPROVED_BA_fee,49,20.43
IMPROVED_BA_fee,50,19.31
IMPROVED_BA_fee,51,20.17
IMPROVED_BA_fee,52,19.37
IMPROVED_BA_fee,53,21.06
IMPROVED_BA_fee,54,20.85
IMPROVED_BA_fee,55,19.32
IMPROVED_BA_fee,56,20.35
IMPROVED_BA_fee,57,19.56
IMPROVED_BA_fee,58,19.82
IMPROVED_BA_fee,59,19.92
IMPROVED_BA_fee,60,21.56
IMPROVED_BA_fee,61,25.01
IMPROVED_BA_fee,62,20.82
IMPROVED_BA_fee,63,21.02
IMPROVED_BA_fee,64,22.98
IMPROVED_BA_fee,65,19.0
IMPROVED_BA_fee,67,21.31
IMPROVED_BA_fee,66,19.93
IMPROVED_BA_fee,68,20.56
IMPROVED_BA_fee,69,19.87
IMPROVED_BA_fee,70,21.43
IMPROVED_BA_fee,71,20.49
IMPROVED_BA_fee,72,20.42
IMPROVED_BA_fee,73,20.27
IMPROVED_BA_fee,74,22.34
IMPROVED_BA_fee,75,21.79
IMPROVED_BA_fee,76,21.42
IMPROVED_BA_fee,77,20.97
IMPROVED_BA_fee,78,20.51
IMPROVED_BA_fee,79,21.22
IMPROVED_BA_fee,80,22.49
IMPROVED_BA_fee,82,21.33
IMPROVED_BA_fee,81,21.74
IMPROVED_BA_fee,83,21.99
IMPROVED_BA_fee,84,19.68
IMPROVED_BA_fee,85,20.85
IMPROVED_BA_fee,86,20.3
IMPROVED_BA_fee,87,23.63
IMPROVED_BA_fee,88,18.93
IMPROVED_BA_fee,89,21.01
IMPROVED_BA_fee,90,21.3
IMPROVED_BA_fee,91,19.6
IMPROVED_BA_fee,92,19.44
IMPROVED_BA_fee,93,19.16
IMPROVED_BA_fee,94,19.66
IMPROVED_BA_fee,95,20.8
IMPROVED_BA_fee,97,20.62
IMPROVED_BA_fee,96,19.81
IMPROVED_BA_fee,98,21.42
IMPROVED_BA_fee,99,19.45
IMPROVED_BA_fee,100,19.51
IMPROVED_BA_fee,101,20.21
IMPROVED_BA_fee,102,20.21
IMPROVED_BA_fee,103,20.65
IMPROVED_BA_fee,104,20.32
IMPROVED_BA_fee,106,20.95
IMPROVED_BA_fee,105,23.45
IMPROVED_BA_fee,107,19.69
IMPROVED_BA_fee,108,21.39
IMPROVED_BA_fee,109,19.37
IMPROVED_BA_fee,111,20.9
IMPROVED_BA_fee,110,20.75
IMPROVED_BA_fee,116,21.91
IMPROVED_BA_fee,117,20.75
IMPROVED_BA_fee,112,21.15
IMPROVED_BA_fee,113,20.27
IMPROVED_BA_fee,114,19.73
IMPROVED_BA_fee,115,20.33
IMPROVED_BA_fee,118,21.71
IMPROVED_BA_fee,119,20.73
IMPROVED_BA_fee,120,19.47
IMPROVED_BA_fee,121,20.47
IMPROVED_BA_fee,124,19.87
IMPROVED_BA_fee,123,22.47
IMPROVED_BA_fee,122,18.86
IMPROVED_BA_fee,126,21.31
IMPROVED_BA_fee,127,20.93
IMPROVED_BA_fee,128,21.27
IMPROVED_BA_fee,129,21.02
IMPROVED_BA_fee,130,22.19
IMPROVED_BA_fee,125,20.34
IMPROVED_BA_fee,131,20.29
IMPROVED_BA_fee,132,19.34
IMPROVED_BA_fee,133,22.37
IMPROVED_BA_fee,134,22.59
IMPROVED_BA_fee,137,21.65
IMPROVED_BA_fee,136,20.78
IMPROVED_BA_fee,138,19.36
IMPROVED_BA_fee,135,19.78
IMPROVED_BA_fee,141,20.27
IMPROVED_BA_fee,142,19.37
IMPROVED_BA_fee,139,20.02
IMPROVED_BA_fee,140,20.32
IMPROVED_BA_fee,144,21.4
IMPROVED_BA_fee,145,19.6
IMPROVED_BA_fee,143,18.86
IMPROVED_BA_fee,146,21.03
IMPROVED_BA_fee,147,19.65
IMPROVED_BA_fee,151,19.59
IMPROVED_BA_fee,149,20.64
IMPROVED_BA_fee,148,20.37
IMPROVED_BA_fee,155,20.19
IMPROVED_BA_fee,150,19.42
IMPROVED_BA_fee,154,19.72
IMPROVED_BA_fee,152,21.8
IMPROVED_BA_fee,156,19.81
IMPROVED_BA_fee,157,20.5
IMPROVED_BA_fee,158,21.6
IMPROVED_BA_fee,153,18.74
IMPROVED_BA_fee,159,21.95
IMPROVED_BA_fee,160,20.51
IMPROVED_BA_fee,162,20.0
IMPROVED_BA_fee,161,20.54
IMPROVED_BA_fee,163,18.54
IMPROVED_BA_fee,165,20.63
IMPROVED_BA_fee,167,22.51
IMPROVED_BA_fee,166,21.06
IMPROVED_BA_fee,164,19.23
IMPROVED_BA_fee,169,19.96
IMPROVED_BA_fee,168,22.53
IMPROVED_BA_fee,170,20.48
IMPROVED_BA_fee,171,22.78
IMPROVED_BA_fee,172,21.01
IMPROVED_BA_fee,173,18.73
IMPROVED_BA_fee,174,20.57
IMPROVED_BA_fee,177,20.54
IMPROVED_BA_fee,180,19.99
IMPROVED_BA_fee,176,19.4
IMPROVED_BA_fee,175,20.21
IMPROVED_BA_fee,183,23.03
IMPROVED_BA_fee,179,20.96
IMPROVED_BA_fee,181,21.82
IMPROVED_BA_fee,182,19.98
IMPROVED_BA_fee,178,20.03
IMPROVED_BA_fee,184,21.23
IMPROVED_BA_fee,185,20.94
IMPROVED_BA_fee,186,19.3
IMPROVED_BA_fee,187,21.21
IMPROVED_BA_fee,190,20.85
IMPROVED_BA_fee,191,22.19
IMPROVED_BA_fee,189,20.13
IMPROVED_BA_fee,195,21.14
IMPROVED_BA_fee,194,20.98
IMPROVED_BA_fee,188,21.0
IMPROVED_BA_fee,193,20.1
IMPROVED_BA_fee,192,23.47
IMPROVED_BA_fee,196,23.11
IMPROVED_BA_fee,198,22.96
IMPROVED_BA_fee,197,19.95
IMPROVED_BA_fee,199,22.5
IMPROVED_BA_fee,200,22.12
IMPROVED_BA_fee,201,19.2
IMPROVED_BA_fee,204,19.52
IMPROVED_BA_fee,202,21.73
IMPROVED_BA_fee,203,20.45
IMPROVED_BA_fee,205,21.19
IMPROVED_BA_fee,206,19.89
IMPROVED_BA_fee,207,20.24
IMPROVED_BA_fee,208,21.56
IMPROVED_BA_fee,209,22.48
IMPROVED_BA_fee,210,22.26
IMPROVED_BA_fee,211,21.35
IMPROVED_BA_fee,212,20.99
IMPROVED_BA_fee,213,19.76
IMPROVED_BA_fee,214,20.73
IMPROVED_BA_fee,215,22.39
IMPROVED_BA_fee,219,20.12
IMPROVED_BA_fee,218,20.04
IMPROVED_BA_fee,220,20.98
IMPROVED_BA_fee,221,19.09
IMPROVED_BA_fee,217,21.02
IMPROVED_BA_fee,216,20.69
IMPROVED_BA_fee,222,20.08
IMPROVED_BA_fee,223,21.4
IMPROVED_BA_fee,225,19.22
IMPROVED_BA_fee,224,22.83
IMPROVED_BA_fee,226,21.03
IMPROVED_BA_fee,230,22.27
IMPROVED_BA_fee,227,21.05
IMPROVED_BA_fee,228,19.36
IMPROVED_BA_fee,231,19.54
IMPROVED_BA_fee,229,19.14
IMPROVED_BA_fee,234,20.99
IMPROVED_BA_fee,233,20.41
IMPROVED_BA_fee,232,20.76
IMPROVED_BA_fee,235,19.83
IMPROVED_BA_fee,236,22.18
IMPROVED_BA_fee,237,19.83
IMPROVED_BA_fee,238,19.78
IMPROVED_BA_fee,239,20.37
IMPROVED_BA_fee,242,21.74
IMPROVED_BA_fee,243,20.07
IMPROVED_BA_fee,240,19.96
IMPROVED_BA_fee,241,20.37
IMPROVED_BA_fee,246,20.61
IMPROVED_BA_fee,244,21.29
IMPROVED_BA_fee,245,20.5
IMPROVED_BA_fee,247,22.36
IMPROVED_BA_fee,248,21.71
IMPROVED_BA_fee,249,20.3
IMPROVED_BA_fee,250,22.07
IMPROVED_BA_fee,251,18.57
IMPROVED_BA_fee,252,20.65
IMPROVED_BA_fee,256,21.1
IMPROVED_BA_fee,255,20.29
IMPROVED_BA_fee,254,23.37
IMPROVED_BA_fee,253,21.07
IMPROVED_BA_fee,258,20.09
IMPROVED_BA_fee,257,18.92
IMPROVED_BA_fee,261,20.04
IMPROVED_BA_fee,259,21.66
IMPROVED_BA_fee,260,18.48
IMPROVED_BA_fee,262,19.91
IMPROVED_BA_fee,263,19.74
IMPROVED_BA_fee,264,21.14
IMPROVED_BA_fee,265,20.25
IMPROVED_BA_fee,266,20.83
IMPROVED_BA_fee,267,19.88
IMPROVED_BA_fee,268,20.06
IMPROVED_BA_fee,270,21.1
IMPROVED_BA_fee,269,20.16
IMPROVED_BA_fee,271,22.04
IMPROVED_BA_fee,272,21.38
IMPROVED_BA_fee,275,19.22
IMPROVED_BA_fee,273,20.61
IMPROVED_BA_fee,274,19.25
IMPROVED_BA_fee,276,21.58
IMPROVED_BA_fee,277,20.51
IMPROVED_BA_fee,278,21.68
IMPROVED_BA_fee,280,20.28
IMPROVED_BA_fee,281,23.3
IMPROVED_BA_fee,282,21.59
IMPROVED_BA_fee,283,19.2
IMPROVED_BA_fee,279,22.41
IMPROVED_BA_fee,284,20.88
IMPROVED_BA_fee,285,21.55
IMPROVED_BA_fee,286,20.8
IMPROVED_BA_fee,287,21.26
IMPROVED_BA_fee,288,18.85
IMPROVED_BA_fee,289,21.01
IMPROVED_BA_fee,290,20.02
IMPROVED_BA_fee,291,19.84
IMPROVED_BA_fee,293,19.07
IMPROVED_BA_fee,292,21.43
IMPROVED_BA_fee,296,20.04
IMPROVED_BA_fee,295,20.91
IMPROVED_BA_fee,294,20.22
IMPROVED_BA_fee,298,21.28
IMPROVED_BA_fee,297,19.89
IMPROVED_BA_fee,300,22.6
IMPROVED_BA_fee,299,19.71
IMPROVED_BA_fee,301,19.13
IMPROVED_BA_fee,302,19.39
IMPROVED_BA_fee,303,20.01
IMPROVED_BA_fee,304,21.17
IMPROVED_BA_fee,306,19.62
IMPROVED_BA_fee,305,20.96
IMPROVED_BA_fee,308,19.04
IMPROVED_BA_fee,307,20.24
IMPROVED_BA_fee,309,20.25
IMPROVED_BA_fee,312,23.05
IMPROVED_BA_fee,310,20.3
IMPROVED_BA_fee,311,21.61
IMPROVED_BA_fee,313,18.89
IMPROVED_BA_fee,315,21.47
IMPROVED_BA_fee,314,21.18
IMPROVED_BA_fee,316,21.77
IMPROVED_BA_fee,317,19.69
IMPROVED_BA_fee,319,19.8
IMPROVED_BA_fee,318,22.86
IMPROVED_BA_fee,320,19.81
IMPROVED_BA_fee,321,21.09
IMPROVED_BA_fee,322,20.28
IMPROVED_BA_fee,325,19.84
IMPROVED_BA_fee,323,19.74
IMPROVED_BA_fee,324,21.8
IMPROVED_BA_fee,326,22.75
IMPROVED_BA_fee,328,19.17
IMPROVED_BA_fee,327,20.57
IMPROVED_BA_fee,329,22.26
IMPROVED_BA_fee,330,20.68
IMPROVED_BA_fee,331,20.22
IMPROVED_BA_fee,332,19.81
IMPROVED_BA_fee,333,20.35
IMPROVED_BA_fee,334,21.38
IMPROVED_BA_fee,335,21.66
IMPROVED_BA_fee,336,20.01
IMPROVED_BA_fee,338,18.89
IMPROVED_BA_fee,339,21.1
IMPROVED_BA_fee,337,19.33
IMPROVED_BA_fee,340,19.93
IMPROVED_BA_fee,341,22.35
IMPROVED_BA_fee,342,19.28
IMPROVED_BA_fee,343,20.04
IMPROVED_BA_fee,344,20.84
IMPROVED_BA_fee,347,22.51
IMPROVED_BA_fee,345,22.22
IMPROVED_BA_fee,349,20.05
IMPROVED_BA_fee,346,21.24
IMPROVED_BA_fee,348,21.46
IMPROVED_BA_fee,350,20.42
IMPROVED_BA_fee,351,20.39
IMPROVED_BA_fee,352,23.68
IMPROVED_BA_fee,353,20.17
IMPROVED_BA_fee,354,20.05
IMPROVED_BA_fee,355,22.23
IMPROVED_BA_fee,356,19.04
IMPROVED_BA_fee,357,18.96
IMPROVED_BA_fee,358,19.42
IMPROVED_BA_fee,361,21.28
IMPROVED_BA_fee,360,20.64
IMPROVED_BA_fee,359,21.07
IMPROVED_BA_fee,362,20.08
IMPROVED_BA_fee,364,20.45
IMPROVED_BA_fee,363,20.13
IMPROVED_BA_fee,365,21.89
IMPROVED_BA_fee,366,19.95
IMPROVED_BA_fee,367,19.31
IMPROVED_BA_fee,368,20.12
IMPROVED_BA_fee,369,19.95
IMPROVED_BA_fee,370,22.1
IMPROVED_BA_fee,371,20.55
IMPROVED_BA_fee,374,20.78
IMPROVED_BA_fee,372,20.83
IMPROVED_BA_fee,373,20.27
IMPROVED_BA_fee,377,21.76
IMPROVED_BA_fee,376,21.24
IMPROVED_BA_fee,375,19.79
IMPROVED_BA_fee,378,20.13
IMPROVED_BA_fee,379,21.26
IMPROVED_BA_fee,381,19.44
IMPROVED_BA_fee,380,20.17
IMPROVED_BA_fee,383,20.37
IMPROVED_BA_fee,382,21.2
IMPROVED_BA_fee,386,19.01
IMPROVED_BA_fee,385,21.46
IMPROVED_BA_fee,384,19.44
IMPROVED_BA_fee,387,19.96
IMPROVED_BA_fee,391,19.99
IMPROVED_BA_fee,389,19.45
IMPROVED_BA_fee,390,19.74
IMPROVED_BA_fee,388,20.22
IMPROVED_BA_fee,392,18.9
IMPROVED_BA_fee,393,20.46
IMPROVED_BA_fee,394,21.1
IMPROVED_BA_fee,396,21.75
IMPROVED_BA_fee,395,21.43
IMPROVED_BA_fee,397,19.07
IMPROVED_BA_fee,398,20.13
IMPROVED_BA_fee,399,22.22
IMPROVED_BA_fee,400,23.92
IMPROVED_BA_fee,401,21.08
IMPROVED_BA_fee,403,20.31
IMPROVED_BA_fee,404,20.56
IMPROVED_BA_fee,402,19.59
IMPROVED_BA_fee,405,21.08
IMPROVED_BA_fee,407,19.37
IMPROVED_BA_fee,406,21.91
IMPROVED_BA_fee,408,19.46
IMPROVED_BA_fee,410,20.63
IMPROVED_BA_fee,409,20.65
IMPROVED_BA_fee,411,19.75
IMPROVED_BA_fee,413,19.18
IMPROVED_BA_fee,412,22.17
IMPROVED_BA_fee,414,20.36
IMPROVED_BA_fee,415,20.09
IMPROVED_BA_fee,416,20.02
IMPROVED_BA_fee,417,19.24
IMPROVED_BA_fee,418,18.94
IMPROVED_BA_fee,419,21.02
IMPROVED_BA_fee,420,19.63
IMPROVED_BA_fee,421,21.07
IMPROVED_BA_fee,422,19.49
IMPROVED_BA_fee,424,20.71
IMPROVED_BA_fee,423,19.49
IMPROVED_BA_fee,426,21.39
IMPROVED_BA_fee,425,20.5
IMPROVED_BA_fee,427,19.45
IMPROVED_BA_fee,429,21.58
IMPROVED_BA_fee,428,19.65
IMPROVED_BA_fee,430,19.34
IMPROVED_BA_fee,432,19.55
IMPROVED_BA_fee,433,21.78
IMPROVED_BA_fee,431,19.71
IMPROVED_BA_fee,434,19.7
IMPROVED_BA_fee,435,20.31
IMPROVED_BA_fee,438,18.95
IMPROVED_BA_fee,436,18.18
IMPROVED_BA_fee,437,21.04
IMPROVED_BA_fee,439,21.4
IMPROVED_BA_fee,440,19.13
IMPROVED_BA_fee,441,19.72
IMPROVED_BA_fee,442,21.56
IMPROVED_BA_fee,443,21.47
IMPROVED_BA_fee,444,20.46
IMPROVED_BA_fee,445,20.88
IMPROVED_BA_fee,446,20.51
IMPROVED_BA_fee,447,19.79
IMPROVED_BA_fee,448,20.28
IMPROVED_BA_fee,449,20.41
IMPROVED_BA_fee,450,21.42
IMPROVED_BA_fee,451,19.81
IMPROVED_BA_fee,452,20.95
IMPROVED_BA_fee,454,20.8
IMPROVED_BA_fee,455,21.64
IMPROVED_BA_fee,456,20.84
IMPROVED_BA_fee,453,20.9
IMPROVED_BA_fee,457,20.07
IMPROVED_BA_fee,458,19.34
IMPROVED_BA_fee,459,20.42
IMPROVED_BA_fee,460,20.08
IMPROVED_BA_fee,462,19.18
IMPROVED_BA_fee,461,21.2
IMPROVED_BA_fee,463,21.42
IMPROVED_BA_fee,464,20.34
IMPROVED_BA_fee,465,21.89
IMPROVED_BA_fee,466,21.85
IMPROVED_BA_fee,468,21.79
IMPROVED_BA_fee,467,19.19
IMPROVED_BA_fee,469,21.39
IMPROVED_BA_fee,472,19.88
IMPROVED_BA_fee,470,19.53
IMPROVED_BA_fee,471,19.47
IMPROVED_BA_fee,473,20.96
IMPROVED_BA_fee,474,20.44
IMPROVED_BA_fee,476,19.53
IMPROVED_BA_fee,477,21.06
IMPROVED_BA_fee,475,23.45
IMPROVED_BA_fee,478,24.08
IMPROVED_BA_fee,479,20.03
IMPROVED_BA_fee,480,20.85
IMPROVED_BA_fee,481,20.48
IMPROVED_BA_fee,482,19.53
IMPROVED_BA_fee,483,21.26
IMPROVED_BA_fee,484,20.61
IMPROVED_BA_fee,485,21.29
IMPROVED_BA_fee,486,20.77
IMPROVED_BA_fee,488,19.82
IMPROVED_BA_fee,487,20.22
IMPROVED_BA_fee,489,21.28
IMPROVED_BA_fee,490,19.43
IMPROVED_BA_fee,492,18.89
IMPROVED_BA_fee,491,18.85
IMPROVED_BA_fee,493,20.43
IMPROVED_BA_fee,495,20.21
IMPROVED_BA_fee,494,19.25
IMPROVED_BA_fee,496,21.51
IMPROVED_BA_fee,497,22.25
IMPROVED_BA_fee,498,19.3
IMPROVED_BA_fee,499,20.99
IMPROVED_BA_fee,501,18.77
IMPROVED_BA_fee,500,21.59
IMPROVED_BA_fee,502,22.21
IMPROVED_BA_fee,503,20.65
IMPROVED_BA_fee,505,21.41
IMPROVED_BA_fee,504,20.4
IMPROVED_BA_fee,507,18.65
IMPROVED_BA_fee,506,20.21
IMPROVED_BA_fee,508,19.82
IMPROVED_BA_fee,509,18.63
IMPROVED_BA_fee,510,18.88
IMPROVED_BA_fee,511,20.68
IMPROVED_BA_fee,512,19.83
IMPROVED_BA_fee,514,20.85
IMPROVED_BA_fee,513,20.88
IMPROVED_BA_fee,516,20.51
IMPROVED_BA_fee,515,20.61
IMPROVED_BA_fee,518,20.4
IMPROVED_BA_fee,517,19.73
IMPROVED_BA_fee,519,20.68
IMPROVED_BA_fee,520,19.64
IMPROVED_BA_fee,521,21.01
IMPROVED_BA_fee,522,20.29
IMPROVED_BA_fee,524,21.6
IMPROVED_BA_fee,523,21.34
IMPROVED_BA_fee,525,22.66
IMPROVED_BA_fee,527,21.6
IMPROVED_BA_fee,526,19.89
IMPROVED_BA_fee,528,20.82
IMPROVED_BA_fee,531,19.32
IMPROVED_BA_fee,529,19.83
IMPROVED_BA_fee,530,20.32
IMPROVED_BA_fee,533,19.81
IMPROVED_BA_fee,532,20.44
IMPROVED_BA_fee,534,21.03
IMPROVED_BA_fee,535,23.1
IMPROVED_BA_fee,537,20.79
IMPROVED_BA_fee,538,20.59
IMPROVED_BA_fee,536,21.0
IMPROVED_BA_fee,539,19.57
IMPROVED_BA_fee,540,20.02
IMPROVED_BA_fee,541,21.3
IMPROVED_BA_fee,542,21.84
IMPROVED_BA_fee,543,20.94
IMPROVED_BA_fee,544,20.09
IMPROVED_BA_fee,545,21.62
IMPROVED_BA_fee,546,18.99
IMPROVED_BA_fee,547,20.12
IMPROVED_BA_fee,548,21.33
IMPROVED_BA_fee,549,21.65
IMPROVED_BA_fee,551,21.13
IMPROVED_BA_fee,550,20.22
IMPROVED_BA_fee,553,20.69
IMPROVED_BA_fee,552,21.29
IMPROVED_BA_fee,554,19.93
IMPROVED_BA_fee,555,19.31
IMPROVED_BA_fee,556,20.88
IMPROVED_BA_fee,557,21.79
IMPROVED_BA_fee,558,19.86
IMPROVED_BA_fee,559,21.2
IMPROVED_BA_fee,560,18.78
IMPROVED_BA_fee,561,20.6
IMPROVED_BA_fee,562,19.66
IMPROVED_BA_fee,565,23.41
IMPROVED_BA_fee,563,21.51
IMPROVED_BA_fee,564,20.35
IMPROVED_BA_fee,566,19.68
IMPROVED_BA_fee,567,21.0
IMPROVED_BA_fee,569,18.97
IMPROVED_BA_fee,568,20.25
IMPROVED_BA_fee,570,19.77
IMPROVED_BA_fee,571,19.88
IMPROVED_BA_fee,572,20.0
IMPROVED_BA_fee,573,20.48
IMPROVED_BA_fee,574,20.45
IMPROVED_BA_fee,575,20.31
IMPROVED_BA_fee,576,21.61
IMPROVED_BA_fee,578,19.41
IMPROVED_BA_fee,577,20.49
IMPROVED_BA_fee,579,22.54
IMPROVED_BA_fee,580,24.81
IMPROVED_BA_fee,581,22.44
IMPROVED_BA_fee,583,21.3
IMPROVED_BA_fee,582,19.89
IMPROVED_BA_fee,584,21.51
IMPROVED_BA_fee,585,20.29
IMPROVED_BA_fee,586,20.18
IMPROVED_BA_fee,587,23.53
IMPROVED_BA_fee,588,21.24
IMPROVED_BA_fee,589,20.28
IMPROVED_BA_fee,590,21.0
IMPROVED_BA_fee,592,20.82
IMPROVED_BA_fee,591,20.03
IMPROVED_BA_fee,593,20.99
IMPROVED_BA_fee,594,19.95
IMPROVED_BA_fee,595,21.9
IMPROVED_BA_fee,596,22.92
IMPROVED_BA_fee,598,19.25
IMPROVED_BA_fee,597,18.96
IMPROVED_BA_fee,599,19.96
IMPROVED_BA_fee,600,20.34
IMPROVED_BA_fee,601,20.53
IMPROVED_BA_fee,602,20.17
IMPROVED_BA_fee,603,20.89
IMPROVED_BA_fee,604,20.42
IMPROVED_BA_fee,605,20.77
IMPROVED_BA_fee,606,23.28
IMPROVED_BA_fee,608,20.97
IMPROVED_BA_fee,607,21.64
IMPROVED_BA_fee,609,25.41
IMPROVED_BA_fee,611,20.75
IMPROVED_BA_fee,610,22.52
IMPROVED_BA_fee,612,22.43
IMPROVED_BA_fee,613,19.02
IMPROVED_BA_fee,614,20.11
IMPROVED_BA_fee,615,22.37
IMPROVED_BA_fee,616,21.16
IMPROVED_BA_fee,617,19.21
IMPROVED_BA_fee,618,21.78
IMPROVED_BA_fee,619,22.23
IMPROVED_BA_fee,620,21.34
IMPROVED_BA_fee,621,19.12
IMPROVED_BA_fee,622,21.08
IMPROVED_BA_fee,623,20.66
IMPROVED_BA_fee,624,19.99
IMPROVED_BA_fee,625,22.14
IMPROVED_BA_fee,626,19.28
IMPROVED_BA_fee,627,19.11
IMPROVED_BA_fee,628,20.74
IMPROVED_BA_fee,630,21.81
IMPROVED_BA_fee,629,19.89
IMPROVED_BA_fee,631,21.39
IMPROVED_BA_fee,632,19.47
IMPROVED_BA_fee,633,22.02
IMPROVED_BA_fee,634,19.56
IMPROVED_BA_fee,636,19.22
IMPROVED_BA_fee,635,20.06
IMPROVED_BA_fee,637,19.91
IMPROVED_BA_fee,639,19.78
IMPROVED_BA_fee,638,19.12
IMPROVED_BA_fee,640,22.02
IMPROVED_BA_fee,641,18.26
IMPROVED_BA_fee,642,20.74
IMPROVED_BA_fee,643,20.46
IMPROVED_BA_fee,645,20.94
IMPROVED_BA_fee,644,21.69
IMPROVED_BA_fee,646,19.41
IMPROVED_BA_fee,647,19.45
IMPROVED_BA_fee,648,21.16
IMPROVED_BA_fee,649,19.4
IMPROVED_BA_fee,650,20.23
IMPROVED_BA_fee,652,19.48
IMPROVED_BA_fee,651,19.37
IMPROVED_BA_fee,654,21.33
IMPROVED_BA_fee,655,20.28
IMPROVED_BA_fee,653,21.84
IMPROVED_BA_fee,656,20.5
IMPROVED_BA_fee,657,20.05
IMPROVED_BA_fee,658,20.73
IMPROVED_BA_fee,659,21.68
IMPROVED_BA_fee,660,22.71
IMPROVED_BA_fee,661,20.32
IMPROVED_BA_fee,662,21.66
IMPROVED_BA_fee,663,19.82
IMPROVED_BA_fee,664,22.22
IMPROVED_BA_fee,665,21.97
IMPROVED_BA_fee,666,21.75
IMPROVED_BA_fee,667,19.75
IMPROVED_BA_fee,668,19.22
IMPROVED_BA_fee,669,19.2
IMPROVED_BA_fee,670,20.44
IMPROVED_BA_fee,672,21.24
IMPROVED_BA_fee,671,19.33
IMPROVED_BA_fee,673,22.09
IMPROVED_BA_fee,674,21.33
IMPROVED_BA_fee,675,20.0
IMPROVED_BA_fee,677,20.65
IMPROVED_BA_fee,676,23.57
IMPROVED_BA_fee,679,18.78
IMPROVED_BA_fee,678,20.93
IMPROVED_BA_fee,681,20.55
IMPROVED_BA_fee,680,19.16
IMPROVED_BA_fee,682,19.59
IMPROVED_BA_fee,683,21.92
IMPROVED_BA_fee,684,19.62
IMPROVED_BA_fee,685,20.08
IMPROVED_BA_fee,686,19.38
IMPROVED_BA_fee,688,20.35
IMPROVED_BA_fee,687,19.75
IMPROVED_BA_fee,689,20.88
IMPROVED_BA_fee,690,22.21
IMPROVED_BA_fee,693,20.38
IMPROVED_BA_fee,691,22.88
IMPROVED_BA_fee,692,21.03
IMPROVED_BA_fee,694,21.02
IMPROVED_BA_fee,695,19.19
IMPROVED_BA_fee,696,19.55
IMPROVED_BA_fee,697,21.48
IMPROVED_BA_fee,698,19.1
IMPROVED_BA_fee,699,23.89
IMPROVED_BA_fee,700,19.62
IMPROVED_BA_fee,701,20.05
IMPROVED_BA_fee,702,21.34
IMPROVED_BA_fee,703,22.68
IMPROVED_BA_fee,704,21.08
IMPROVED_BA_fee,706,19.76
IMPROVED_BA_fee,707,19.69
IMPROVED_BA_fee,705,19.29
IMPROVED_BA_fee,708,19.46
IMPROVED_BA_fee,709,18.75
IMPROVED_BA_fee,710,20.12
IMPROVED_BA_fee,711,21.73
IMPROVED_BA_fee,712,20.64
IMPROVED_BA_fee,713,19.7
IMPROVED_BA_fee,714,20.77
IMPROVED_BA_fee,715,20.61
IMPROVED_BA_fee,716,20.24
IMPROVED_BA_fee,717,20.43
IMPROVED_BA_fee,720,20.52
IMPROVED_BA_fee,719,18.46
IMPROVED_BA_fee,718,21.47
IMPROVED_BA_fee,721,19.9
IMPROVED_BA_fee,722,20.41
IMPROVED_BA_fee,724,22.63
IMPROVED_BA_fee,723,20.17
IMPROVED_BA_fee,725,19.72
IMPROVED_BA_fee,727,20.26
IMPROVED_BA_fee,726,19.16
IMPROVED_BA_fee,728,20.53
IMPROVED_BA_fee,729,22.08
IMPROVED_BA_fee,730,20.1
IMPROVED_BA_fee,731,19.87
IMPROVED_BA_fee,732,19.5
IMPROVED_BA_fee,734,20.89
IMPROVED_BA_fee,735,19.7
IMPROVED_BA_fee,733,21.19
IMPROVED_BA_fee,737,20.25
IMPROVED_BA_fee,736,21.26
IMPROVED_BA_fee,738,19.85
IMPROVED_BA_fee,739,20.58
IMPROVED_BA_fee,740,20.34
IMPROVED_BA_fee,741,19.29
IMPROVED_BA_fee,742,22.81
IMPROVED_BA_fee,743,20.97
IMPROVED_BA_fee,744,19.91
IMPROVED_BA_fee,745,20.2
IMPROVED_BA_fee,746,21.45
IMPROVED_BA_fee,747,19.67
IMPROVED_BA_fee,748,18.73
IMPROVED_BA_fee,749,22.04
IMPROVED_BA_fee,751,20.45
IMPROVED_BA_fee,752,18.93
IMPROVED_BA_fee,750,23.17
IMPROVED_BA_fee,754,21.51
IMPROVED_BA_fee,755,19.98
IMPROVED_BA_fee,753,20.41
IMPROVED_BA_fee,756,22.39
IMPROVED_BA_fee,758,20.58
IMPROVED_BA_fee,757,21.94
IMPROVED_BA_fee,759,22.59
IMPROVED_BA_fee,760,22.86
IMPROVED_BA_fee,761,20.71
IMPROVED_BA_fee,762,19.64
IMPROVED_BA_fee,764,19.71
IMPROVED_BA_fee,765,19.56
IMPROVED_BA_fee,763,20.9
IMPROVED_BA_fee,767,23.14
IMPROVED_BA_fee,766,19.87
IMPROVED_BA_fee,768,21.31
IMPROVED_BA_fee,770,19.32
IMPROVED_BA_fee,769,20.08
IMPROVED_BA_fee,771,19.34
IMPROVED_BA_fee,773,19.8
IMPROVED_BA_fee,772,20.75
IMPROVED_BA_fee,774,22.33
IMPROVED_BA_fee,775,21.04
IMPROVED_BA_fee,777,20.07
IMPROVED_BA_fee,776,23.87
IMPROVED_BA_fee,778,22.12
IMPROVED_BA_fee,779,21.11
IMPROVED_BA_fee,781,19.97
IMPROVED_BA_fee,780,21.1
IMPROVED_BA_fee,783,19.62
IMPROVED_BA_fee,782,20.61
IMPROVED_BA_fee,784,20.88
IMPROVED_BA_fee,786,19.69
IMPROVED_BA_fee,785,21.63
IMPROVED_BA_fee,787,19.61
IMPROVED_BA_fee,788,23.22
IMPROVED_BA_fee,790,19.11
IMPROVED_BA_fee,789,21.16
IMPROVED_BA_fee,791,20.63
IMPROVED_BA_fee,792,21.45
IMPROVED_BA_fee,794,19.61
IMPROVED_BA_fee,793,20.9
IMPROVED_BA_fee,797,23.24
IMPROVED_BA_fee,796,19.99
IMPROVED_BA_fee,795,19.67
IMPROVED_BA_fee,799,19.12
IMPROVED_BA_fee,798,20.56
IMPROVED_BA_fee,800,20.85
IMPROVED_BA_fee,801,19.86
IMPROVED_BA_fee,803,22.58
IMPROVED_BA_fee,802,19.85
IMPROVED_BA_fee,804,21.06
IMPROVED_BA_fee,805,21.42
IMPROVED_BA_fee,806,21.54
IMPROVED_BA_fee,807,20.57
IMPROVED_BA_fee,808,21.16
IMPROVED_BA_fee,809,19.9
IMPROVED_BA_fee,810,20.76
IMPROVED_BA_fee,811,20.74
IMPROVED_BA_fee,812,20.12
IMPROVED_BA_fee,813,20.66
IMPROVED_BA_fee,814,20.95
IMPROVED_BA_fee,815,21.59
IMPROVED_BA_fee,816,22.53
IMPROVED_BA_fee,818,19.25
IMPROVED_BA_fee,817,21.19
IMPROVED_BA_fee,819,21.49
IMPROVED_BA_fee,820,20.9
IMPROVED_BA_fee,822,22.9
IMPROVED_BA_fee,821,18.84
IMPROVED_BA_fee,823,22.46
IMPROVED_BA_fee,824,20.37
IMPROVED_BA_fee,826,19.24
IMPROVED_BA_fee,825,18.7
IMPROVED_BA_fee,828,21.33
IMPROVED_BA_fee,827,20.95
IMPROVED_BA_fee,831,20.27
IMPROVED_BA_fee,829,20.45
IMPROVED_BA_fee,830,21.17
IMPROVED_BA_fee,832,21.82
IMPROVED_BA_fee,834,21.66
IMPROVED_BA_fee,835,21.55
IMPROVED_BA_fee,833,20.71
IMPROVED_BA_fee,836,21.43
IMPROVED_BA_fee,837,20.59
IMPROVED_BA_fee,839,20.02
IMPROVED_BA_fee,838,19.17
IMPROVED_BA_fee,840,19.32
IMPROVED_BA_fee,841,21.06
IMPROVED_BA_fee,843,19.74
IMPROVED_BA_fee,842,19.26
IMPROVED_BA_fee,844,21.31
IMPROVED_BA_fee,845,21.04
IMPROVED_BA_fee,846,24.23
IMPROVED_BA_fee,847,21.96
IMPROVED_BA_fee,849,20.9
IMPROVED_BA_fee,850,20.19
IMPROVED_BA_fee,848,21.06
IMPROVED_BA_fee,851,22.01
IMPROVED_BA_fee,852,20.44
IMPROVED_BA_fee,853,19.5
IMPROVED_BA_fee,854,21.12
IMPROVED_BA_fee,855,22.54
IMPROVED_BA_fee,857,20.61
IMPROVED_BA_fee,856,19.61
IMPROVED_BA_fee,858,19.31
IMPROVED_BA_fee,859,20.28
IMPROVED_BA_fee,861,21.36
IMPROVED_BA_fee,860,20.55
IMPROVED_BA_fee,862,23.28
IMPROVED_BA_fee,863,19.66
IMPROVED_BA_fee,864,19.73
IMPROVED_BA_fee,865,19.27
IMPROVED_BA_fee,866,20.65
IMPROVED_BA_fee,867,19.59
IMPROVED_BA_fee,868,21.71
IMPROVED_BA_fee,870,20.64
IMPROVED_BA_fee,869,20.02
IMPROVED_BA_fee,872,19.94
IMPROVED_BA_fee,873,20.2
IMPROVED_BA_fee,871,19.22
IMPROVED_BA_fee,874,20.43
IMPROVED_BA_fee,876,19.58
IMPROVED_BA_fee,875,20.05
IMPROVED_BA_fee,877,19.45
IMPROVED_BA_fee,878,21.47
IMPROVED_BA_fee,879,20.06
IMPROVED_BA_fee,880,19.35
IMPROVED_BA_fee,882,21.24
IMPROVED_BA_fee,881,20.06
IMPROVED_BA_fee,883,18.92
IMPROVED_BA_fee,885,22.26
IMPROVED_BA_fee,884,19.68
IMPROVED_BA_fee,887,20.49
IMPROVED_BA_fee,888,20.92
IMPROVED_BA_fee,886,21.94
IMPROVED_BA_fee,889,19.88
IMPROVED_BA_fee,891,21.39
IMPROVED_BA_fee,890,18.91
IMPROVED_BA_fee,895,18.63
IMPROVED_BA_fee,893,18.81
IMPROVED_BA_fee,892,20.16
IMPROVED_BA_fee,894,20.1
IMPROVED_BA_fee,896,19.47
IMPROVED_BA_fee,897,20.44
IMPROVED_BA_fee,898,19.92
IMPROVED_BA_fee,901,18.77
IMPROVED_BA_fee,899,20.45
IMPROVED_BA_fee,900,22.72
IMPROVED_BA_fee,902,23.36
IMPROVED_BA_fee,903,20.44
IMPROVED_BA_fee,904,19.45
IMPROVED_BA_fee,907,20.27
IMPROVED_BA_fee,905,19.32
IMPROVED_BA_fee,908,22.08
IMPROVED_BA_fee,906,19.7
IMPROVED_BA_fee,909,18.78
IMPROVED_BA_fee,910,19.94
IMPROVED_BA_fee,911,20.0
IMPROVED_BA_fee,913,20.09
IMPROVED_BA_fee,912,20.21
IMPROVED_BA_fee,915,19.12
IMPROVED_BA_fee,914,19.53
IMPROVED_BA_fee,916,18.69
IMPROVED_BA_fee,917,22.26
IMPROVED_BA_fee,918,20.44
IMPROVED_BA_fee,919,20.61
IMPROVED_BA_fee,921,20.87
IMPROVED_BA_fee,920,19.64
IMPROVED_BA_fee,922,19.71
IMPROVED_BA_fee,923,20.5
IMPROVED_BA_fee,924,20.8
IMPROVED_BA_fee,925,19.38
IMPROVED_BA_fee,926,20.37
IMPROVED_BA_fee,927,22.08
IMPROVED_BA_fee,928,20.68
IMPROVED_BA_fee,929,19.8
IMPROVED_BA_fee,930,22.19
IMPROVED_BA_fee,931,19.35
IMPROVED_BA_fee,932,21.19
IMPROVED_BA_fee,933,20.28
IMPROVED_BA_fee,934,19.89
IMPROVED_BA_fee,935,20.9
IMPROVED_BA_fee,938,21.34
IMPROVED_BA_fee,936,21.38
IMPROVED_BA_fee,937,23.11
IMPROVED_BA_fee,939,20.95
IMPROVED_BA_fee,940,21.04
IMPROVED_BA_fee,941,19.97
IMPROVED_BA_fee,942,20.45
IMPROVED_BA_fee,943,19.75
IMPROVED_BA_fee,944,21.09
IMPROVED_BA_fee,945,19.86
IMPROVED_BA_fee,947,19.04
IMPROVED_BA_fee,946,19.6
IMPROVED_BA_fee,948,20.65
IMPROVED_BA_fee,949,19.62
IMPROVED_BA_fee,950,19.28
IMPROVED_BA_fee,951,19.71
IMPROVED_BA_fee,953,20.67
IMPROVED_BA_fee,952,21.16
IMPROVED_BA_fee,954,19.5
IMPROVED_BA_fee,955,20.03
IMPROVED_BA_fee,956,19.89
IMPROVED_BA_fee,957,20.57
IMPROVED_BA_fee,958,21.31
IMPROVED_BA_fee,960,20.62
IMPROVED_BA_fee,959,20.17
IMPROVED_BA_fee,961,21.01
IMPROVED_BA_fee,962,19.69
IMPROVED_BA_fee,963,20.21
IMPROVED_BA_fee,964,19.49
IMPROVED_BA_fee,965,19.87
IMPROVED_BA_fee,966,18.99
IMPROVED_BA_fee,967,21.28
IMPROVED_BA_fee,968,21.15
IMPROVED_BA_fee,969,18.19
IMPROVED_BA_fee,970,19.96
IMPROVED_BA_fee,972,20.6
IMPROVED_BA_fee,973,19.6
IMPROVED_BA_fee,971,19.5
IMPROVED_BA_fee,974,19.7
IMPROVED_BA_fee,975,18.9
IMPROVED_BA_fee,977,19.88
IMPROVED_BA_fee,976,21.42
IMPROVED_BA_fee,979,19.51
IMPROVED_BA_fee,978,20.71
IMPROVED_BA_fee,980,20.54
IMPROVED_BA_fee,981,21.74
IMPROVED_BA_fee,982,20.57
IMPROVED_BA_fee,983,21.83
IMPROVED_BA_fee,984,20.46
IMPROVED_BA_fee,985,19.36
IMPROVED_BA_fee,986,19.6
IMPROVED_BA_fee,987,21.33
IMPROVED_BA_fee,988,20.11
IMPROVED_BA_fee,989,19.92
IMPROVED_BA_fee,990,19.56
IMPROVED_BA_fee,991,22.14
IMPROVED_BA_fee,992,22.46
IMPROVED_BA_fee,993,20.48
IMPROVED_BA_fee,994,22.2
IMPROVED_BA_fee,995,20.37
IMPROVED_BA_fee,996,21.14
IMPROVED_BA_fee,998,19.55
IMPROVED_BA_fee,997,20.03
IMPROVED_BA_fee,999,21.46
IMPROVED_AMM_fee,0,27.77
IMPROVED_AMM_fee,1,26.35
IMPROVED_AMM_fee,2,28.77
IMPROVED_AMM_fee,4,25.96
IMPROVED_AMM_fee,3,27.16
IMPROVED_AMM_fee,5,27.11
IMPROVED_AMM_fee,6,26.07
IMPROVED_AMM_fee,7,29.49
IMPROVED_AMM_fee,8,26.8
IMPROVED_AMM_fee,10,24.78
IMPROVED_AMM_fee,11,29.26
IMPROVED_AMM_fee,9,26.5
IMPROVED_AMM_fee,12,25.3
IMPROVED_AMM_fee,13,27.52
IMPROVED_AMM_fee,15,28.48
IMPROVED_AMM_fee,14,28.41
IMPROVED_AMM_fee,17,27.06
IMPROVED_AMM_fee,16,26.06
IMPROVED_AMM_fee,18,27.99
IMPROVED_AMM_fee,19,27.08
IMPROVED_AMM_fee,20,29.32
IMPROVED_AMM_fee,21,25.51
IMPROVED_AMM_fee,22,26.71
IMPROVED_AMM_fee,23,28.22
IMPROVED_AMM_fee,24,28.73
IMPROVED_AMM_fee,25,26.21
IMPROVED_AMM_fee,28,26.34
IMPROVED_AMM_fee,26,27.89
IMPROVED_AMM_fee,27,27.81
IMPROVED_AMM_fee,30,27.99
IMPROVED_AMM_fee,29,27.21
IMPROVED_AMM_fee,31,29.07
IMPROVED_AMM_fee,32,27.11
IMPROVED_AMM_fee,33,28.07
IMPROVED_AMM_fee,34,26.16
IMPROVED_AMM_fee,36,26.06
IMPROVED_AMM_fee,37,24.76
IMPROVED_AMM_fee,35,26.6
IMPROVED_AMM_fee,39,27.37
IMPROVED_AMM_fee,38,26.83
IMPROVED_AMM_fee,40,26.27
IMPROVED_AMM_fee,41,28.29
IMPROVED_AMM_fee,43,27.34
IMPROVED_AMM_fee,42,28.48
IMPROVED_AMM_fee,44,25.75
IMPROVED_AMM_fee,45,26.14
IMPROVED_AMM_fee,46,25.8
IMPROVED_AMM_fee,47,26.89
IMPROVED_AMM_fee,48,26.39
IMPROVED_AMM_fee,50,28.31
IMPROVED_AMM_fee,49,25.72
IMPROVED_AMM_fee,52,27.37
IMPROVED_AMM_fee,53,27.91
IMPROVED_AMM_fee,51,25.42
IMPROVED_AMM_fee,54,27.6
IMPROVED_AMM_fee,55,27.44
IMPROVED_AMM_fee,56,28.01
IMPROVED_AMM_fee,57,29.66
IMPROVED_AMM_fee,58,27.39
IMPROVED_AMM_fee,59,26.74
IMPROVED_AMM_fee,61,26.92
IMPROVED_AMM_fee,60,27.39
IMPROVED_AMM_fee,63,26.96
IMPROVED_AMM_fee,62,27.31
IMPROVED_AMM_fee,64,27.9
IMPROVED_AMM_fee,65,25.66
IMPROVED_AMM_fee,66,26.58
IMPROVED_AMM_fee,67,28.63
IMPROVED_AMM_fee,68,27.78
IMPROVED_AMM_fee,70,27.53
IMPROVED_AMM_fee,69,26.83
IMPROVED_AMM_fee,71,28.13
IMPROVED_AMM_fee,72,26.8
IMPROVED_AMM_fee,74,26.35
IMPROVED_AMM_fee,73,27.87
IMPROVED_AMM_fee,75,27.14
IMPROVED_AMM_fee,76,26.7
IMPROVED_AMM_fee,77,27.23
IMPROVED_AMM_fee,79,29.18
IMPROVED_AMM_fee,80,27.33
IMPROVED_AMM_fee,78,26.82
IMPROVED_AMM_fee,81,26.25
IMPROVED_AMM_fee,82,28.27
IMPROVED_AMM_fee,83,27.15
IMPROVED_AMM_fee,84,27.18
IMPROVED_AMM_fee,85,27.61
IMPROVED_AMM_fee,87,26.83
IMPROVED_AMM_fee,88,26.02
IMPROVED_AMM_fee,86,25.65
IMPROVED_AMM_fee,89,26.56
IMPROVED_AMM_fee,90,27.07
IMPROVED_AMM_fee,91,26.97
IMPROVED_AMM_fee,92,27.08
IMPROVED_AMM_fee,93,27.19
IMPROVED_AMM_fee,94,26.82
IMPROVED_AMM_fee,95,26.2
IMPROVED_AMM_fee,96,27.23
IMPROVED_AMM_fee,97,26.46
IMPROVED_AMM_fee,98,28.24
IMPROVED_AMM_fee,100,26.62
IMPROVED_AMM_fee,101,26.56
IMPROVED_AMM_fee,99,26.17
IMPROVED_AMM_fee,103,25.85
IMPROVED_AMM_fee,104,27.66
IMPROVED_AMM_fee,102,26.42
IMPROVED_AMM_fee,105,27.41
IMPROVED_AMM_fee,106,26.53
IMPROVED_AMM_fee,108,27.19
IMPROVED_AMM_fee,107,27.46
IMPROVED_AMM_fee,109,27.39
IMPROVED_AMM_fee,110,27.14
IMPROVED_AMM_fee,111,26.25
IMPROVED_AMM_fee,113,27.7
IMPROVED_AMM_fee,112,27.64
IMPROVED_AMM_fee,114,25.3
IMPROVED_AMM_fee,115,25.54
IMPROVED_AMM_fee,116,27.57
IMPROVED_AMM_fee,117,27.38
IMPROVED_AMM_fee,118,25.8
IMPROVED_AMM_fee,120,25.42
IMPROVED_AMM_fee,119,26.96
IMPROVED_AMM_fee,121,25.3
IMPROVED_AMM_fee,122,27.38
IMPROVED_AMM_fee,123,27.59
IMPROVED_AMM_fee,126,27.21
IMPROVED_AMM_fee,124,25.72
IMPROVED_AMM_fee,125,26.69
IMPROVED_AMM_fee,127,27.59
IMPROVED_AMM_fee,128,26.87
IMPROVED_AMM_fee,129,27.25
IMPROVED_AMM_fee,130,28.43
IMPROVED_AMM_fee,131,29.13
IMPROVED_AMM_fee,133,27.61
IMPROVED_AMM_fee,132,26.18
IMPROVED_AMM_fee,134,25.87
IMPROVED_AMM_fee,135,27.52
IMPROVED_AMM_fee,136,27.61
IMPROVED_AMM_fee,137,27.52
IMPROVED_AMM_fee,140,26.29
IMPROVED_AMM_fee,139,26.32
IMPROVED_AMM_fee,138,25.76
IMPROVED_AMM_fee,141,26.39
IMPROVED_AMM_fee,142,26.81
IMPROVED_AMM_fee,143,26.58
IMPROVED_AMM_fee,144,27.07
IMPROVED_AMM_fee,145,26.67
IMPROVED_AMM_fee,146,27.35
IMPROVED_AMM_fee,147,27.1
IMPROVED_AMM_fee,148,26.38
IMPROVED_AMM_fee,149,25.61
IMPROVED_AMM_fee,150,28.51
IMPROVED_AMM_fee,152,31.08
IMPROVED_AMM_fee,153,27.22
IMPROVED_AMM_fee,151,26.79
IMPROVED_AMM_fee,154,25.68
IMPROVED_AMM_fee,155,26.46
IMPROVED_AMM_fee,156,27.71
IMPROVED_AMM_fee,157,25.06
IMPROVED_AMM_fee,158,27.58
IMPROVED_AMM_fee,159,27.72
IMPROVED_AMM_fee,160,26.24
IMPROVED_AMM_fee,161,27.06
IMPROVED_AMM_fee,162,27.36
IMPROVED_AMM_fee,163,25.27
IMPROVED_AMM_fee,164,25.75
IMPROVED_AMM_fee,165,26.81
IMPROVED_AMM_fee,166,26.04
IMPROVED_AMM_fee,168,28.58
IMPROVED_AMM_fee,167,28.9
IMPROVED_AMM_fee,170,28.24
IMPROVED_AMM_fee,169,26.59
IMPROVED_AMM_fee,171,27.69
IMPROVED_AMM_fee,172,28.01
IMPROVED_AMM_fee,173,25.91
IMPROVED_AMM_fee,174,27.17
IMPROVED_AMM_fee,175,27.68
IMPROVED_AMM_fee,176,27.26
IMPROVED_AMM_fee,177,26.02
IMPROVED_AMM_fee,178,25.8
IMPROVED_AMM_fee,179,27.51
IMPROVED_AMM_fee,180,27.61
IMPROVED_AMM_fee,181,26.7
IMPROVED_AMM_fee,182,25.69
IMPROVED_AMM_fee,184,26.7
IMPROVED_AMM_fee,183,30.6
IMPROVED_AMM_fee,185,27.32
IMPROVED_AMM_fee,186,26.94
IMPROVED_AMM_fee,187,27.75
IMPROVED_AMM_fee,188,26.51
IMPROVED_AMM_fee,189,29.35
IMPROVED_AMM_fee,190,27.83
IMPROVED_AMM_fee,191,28.28
IMPROVED_AMM_fee,193,27.58
IMPROVED_AMM_fee,192,28.39
IMPROVED_AMM_fee,194,26.2
IMPROVED_AMM_fee,195,26.35
IMPROVED_AMM_fee,197,29.65
IMPROVED_AMM_fee,196,28.07
IMPROVED_AMM_fee,198,28.28
IMPROVED_AMM_fee,199,28.01
IMPROVED_AMM_fee,200,27.91
IMPROVED_AMM_fee,201,27.48
IMPROVED_AMM_fee,202,24.41
IMPROVED_AMM_fee,204,28.13
IMPROVED_AMM_fee,203,25.43
IMPROVED_AMM_fee,207,27.96
IMPROVED_AMM_fee,205,28.95
IMPROVED_AMM_fee,206,26.68
IMPROVED_AMM_fee,208,27.07
IMPROVED_AMM_fee,210,25.97
IMPROVED_AMM_fee,209,28.68
IMPROVED_AMM_fee,211,26.76
IMPROVED_AMM_fee,212,26.69
IMPROVED_AMM_fee,213,28.44
IMPROVED_AMM_fee,215,26.71
IMPROVED_AMM_fee,214,27.08
IMPROVED_AMM_fee,216,28.86
IMPROVED_AMM_fee,217,27.88
IMPROVED_AMM_fee,219,28.81
IMPROVED_AMM_fee,220,26.83
IMPROVED_AMM_fee,218,27.07
IMPROVED_AMM_fee,221,26.33
IMPROVED_AMM_fee,222,26.68
IMPROVED_AMM_fee,223,29.63
IMPROVED_AMM_fee,224,26.52
IMPROVED_AMM_fee,225,27.26
IMPROVED_AMM_fee,226,26.98
IMPROVED_AMM_fee,229,24.9
IMPROVED_AMM_fee,228,26.8
IMPROVED_AMM_fee,227,26.96
IMPROVED_AMM_fee,230,28.61
IMPROVED_AMM_fee,231,27.23
IMPROVED_AMM_fee,233,26.6
IMPROVED_AMM_fee,232,29.31
IMPROVED_AMM_fee,235,24.88
IMPROVED_AMM_fee,234,25.96
IMPROVED_AMM_fee,237,27.47
IMPROVED_AMM_fee,238,27.89
IMPROVED_AMM_fee,236,26.7
IMPROVED_AMM_fee,239,27.13
IMPROVED_AMM_fee,240,24.11
IMPROVED_AMM_fee,241,27.32
IMPROVED_AMM_fee,242,28.3
IMPROVED_AMM_fee,243,26.18
IMPROVED_AMM_fee,244,27.67
IMPROVED_AMM_fee,245,28.05
IMPROVED_AMM_fee,246,25.98
IMPROVED_AMM_fee,247,28.37
IMPROVED_AMM_fee,248,26.86
IMPROVED_AMM_fee,249,26.99
IMPROVED_AMM_fee,250,28.64
IMPROVED_AMM_fee,251,27.18
IMPROVED_AMM_fee,252,26.89
IMPROVED_AMM_fee,253,29.95
IMPROVED_AMM_fee,254,27.62
IMPROVED_AMM_fee,255,27.16
IMPROVED_AMM_fee,256,27.13
IMPROVED_AMM_fee,258,26.33
IMPROVED_AMM_fee,257,26.9
IMPROVED_AMM_fee,260,27.49
IMPROVED_AMM_fee,261,26.33
IMPROVED_AMM_fee,259,27.02
IMPROVED_AMM_fee,262,25.64
IMPROVED_AMM_fee,263,28.26
IMPROVED_AMM_fee,264,26.84
IMPROVED_AMM_fee,265,26.27
IMPROVED_AMM_fee,266,28.07
IMPROVED_AMM_fee,268,28.51
IMPROVED_AMM_fee,267,25.02
IMPROVED_AMM_fee,269,26.66
IMPROVED_AMM_fee,270,27.29
IMPROVED_AMM_fee,271,26.61
IMPROVED_AMM_fee,273,28.23
IMPROVED_AMM_fee,274,26.95
IMPROVED_AMM_fee,272,26.24
IMPROVED_AMM_fee,275,25.01
IMPROVED_AMM_fee,276,26.04
IMPROVED_AMM_fee,277,26.25
IMPROVED_AMM_fee,278,26.79
IMPROVED_AMM_fee,279,26.55
IMPROVED_AMM_fee,280,24.82
IMPROVED_AMM_fee,281,29.47
IMPROVED_AMM_fee,282,27.63
IMPROVED_AMM_fee,283,26.49
IMPROVED_AMM_fee,284,28.08
IMPROVED_AMM_fee,286,26.9
IMPROVED_AMM_fee,285,27.46
IMPROVED_AMM_fee,288,27.13
IMPROVED_AMM_fee,287,26.27
IMPROVED_AMM_fee,289,27.55
IMPROVED_AMM_fee,290,26.22
IMPROVED_AMM_fee,291,25.67
IMPROVED_AMM_fee,292,28.48
IMPROVED_AMM_fee,293,27.74
IMPROVED_AMM_fee,295,27.93
IMPROVED_AMM_fee,296,25.99
IMPROVED_AMM_fee,294,25.3
IMPROVED_AMM_fee,297,25.92
IMPROVED_AMM_fee,299,28.09
IMPROVED_AMM_fee,298,26.34
IMPROVED_AMM_fee,301,27.65
IMPROVED_AMM_fee,300,29.45
IMPROVED_AMM_fee,302,29.66
IMPROVED_AMM_fee,303,28.16
IMPROVED_AMM_fee,304,28.19
IMPROVED_AMM_fee,306,27.08
IMPROVED_AMM_fee,305,25.9
IMPROVED_AMM_fee,307,25.04
IMPROVED_AMM_fee,308,26.38
IMPROVED_AMM_fee,309,24.65
IMPROVED_AMM_fee,310,27.39
IMPROVED_AMM_fee,312,28.02
IMPROVED_AMM_fee,311,27.68
IMPROVED_AMM_fee,314,27.15
IMPROVED_AMM_fee,313,27.59
IMPROVED_AMM_fee,315,29.01
IMPROVED_AMM_fee,316,27.11
IMPROVED_AMM_fee,317,26.27
IMPROVED_AMM_fee,318,28.43
IMPROVED_AMM_fee,319,28.47
IMPROVED_AMM_fee,321,27.77
IMPROVED_AMM_fee,320,28.3
IMPROVED_AMM_fee,322,25.91
IMPROVED_AMM_fee,323,27.9
IMPROVED_AMM_fee,325,25.67
IMPROVED_AMM_fee,324,28.02
IMPROVED_AMM_fee,327,27.38
IMPROVED_AMM_fee,326,30.4
IMPROVED_AMM_fee,328,26.06
IMPROVED_AMM_fee,329,28.53
IMPROVED_AMM_fee,330,28.56
IMPROVED_AMM_fee,331,25.98
IMPROVED_AMM_fee,332,25.24
IMPROVED_AMM_fee,333,25.26
IMPROVED_AMM_fee,335,26.46
IMPROVED_AMM_fee,334,26.9
IMPROVED_AMM_fee,336,27.05
IMPROVED_AMM_fee,339,26.23
IMPROVED_AMM_fee,337,26.31
IMPROVED_AMM_fee,338,26.55
IMPROVED_AMM_fee,341,29.35
IMPROVED_AMM_fee,340,28.0
IMPROVED_AMM_fee,342,26.24
IMPROVED_AMM_fee,343,25.21
IMPROVED_AMM_fee,344,27.48
IMPROVED_AMM_fee,345,29.02
IMPROVED_AMM_fee,346,28.01
IMPROVED_AMM_fee,347,28.48
IMPROVED_AMM_fee,348,27.48
IMPROVED_AMM_fee,349,28.04
IMPROVED_AMM_fee,350,25.92
IMPROVED_AMM_fee,352,28.1
IMPROVED_AMM_fee,351,26.84
IMPROVED_AMM_fee,353,28.16
IMPROVED_AMM_fee,354,25.67
IMPROVED_AMM_fee,355,28.79
IMPROVED_AMM_fee,356,28.01
IMPROVED_AMM_fee,357,26.39
IMPROVED_AMM_fee,358,27.21
IMPROVED_AMM_fee,359,25.65
IMPROVED_AMM_fee,361,27.43
IMPROVED_AMM_fee,360,25.72
IMPROVED_AMM_fee,362,25.09
IMPROVED_AMM_fee,364,25.58
IMPROVED_AMM_fee,363,26.55
IMPROVED_AMM_fee,365,26.95
IMPROVED_AMM_fee,366,27.3
IMPROVED_AMM_fee,367,26.99
IMPROVED_AMM_fee,368,27.72
IMPROVED_AMM_fee,369,27.08
IMPROVED_AMM_fee,370,26.71
IMPROVED_AMM_fee,371,26.09
IMPROVED_AMM_fee,372,28.31
IMPROVED_AMM_fee,373,25.22
IMPROVED_AMM_fee,375,26.39
IMPROVED_AMM_fee,374,25.87
IMPROVED_AMM_fee,377,27.16
IMPROVED_AMM_fee,376,30.23
IMPROVED_AMM_fee,379,25.4
IMPROVED_AMM_fee,378,25.05
IMPROVED_AMM_fee,380,25.67
IMPROVED_AMM_fee,381,25.92
IMPROVED_AMM_fee,382,27.43
IMPROVED_AMM_fee,383,26.62
IMPROVED_AMM_fee,384,26.62
IMPROVED_AMM_fee,385,29.67
IMPROVED_AMM_fee,386,26.43
IMPROVED_AMM_fee,387,26.84
IMPROVED_AMM_fee,388,26.59
IMPROVED_AMM_fee,389,25.29
IMPROVED_AMM_fee,390,27.8
IMPROVED_AMM_fee,391,27.1
IMPROVED_AMM_fee,392,26.31
IMPROVED_AMM_fee,393,26.52
IMPROVED_AMM_fee,394,25.5
IMPROVED_AMM_fee,395,26.12
IMPROVED_AMM_fee,396,28.18
IMPROVED_AMM_fee,397,29.15
IMPROVED_AMM_fee,398,27.51
IMPROVED_AMM_fee,399,27.74
IMPROVED_AMM_fee,400,27.44
IMPROVED_AMM_fee,401,27.08
IMPROVED_AMM_fee,402,26.96
IMPROVED_AMM_fee,404,28.42
IMPROVED_AMM_fee,403,28.09
IMPROVED_AMM_fee,406,29.28
IMPROVED_AMM_fee,405,25.5
IMPROVED_AMM_fee,407,25.94
IMPROVED_AMM_fee,408,26.22
IMPROVED_AMM_fee,409,27.71
IMPROVED_AMM_fee,410,29.14
IMPROVED_AMM_fee,411,26.3
IMPROVED_AMM_fee,412,25.8
IMPROVED_AMM_fee,415,25.25
IMPROVED_AMM_fee,413,25.75
IMPROVED_AMM_fee,414,26.08
IMPROVED_AMM_fee,417,26.4
IMPROVED_AMM_fee,418,25.41
IMPROVED_AMM_fee,416,27.86
IMPROVED_AMM_fee,419,28.01
IMPROVED_AMM_fee,420,26.65
IMPROVED_AMM_fee,422,27.02
IMPROVED_AMM_fee,421,26.7
IMPROVED_AMM_fee,423,25.46
IMPROVED_AMM_fee,424,27.72
IMPROVED_AMM_fee,425,26.89
IMPROVED_AMM_fee,426,28.37
IMPROVED_AMM_fee,428,25.48
IMPROVED_AMM_fee,427,26.54
IMPROVED_AMM_fee,429,26.67
IMPROVED_AMM_fee,430,26.87
IMPROVED_AMM_fee,431,26.77
IMPROVED_AMM_fee,432,28.18
IMPROVED_AMM_fee,433,28.15
IMPROVED_AMM_fee,434,27.25
IMPROVED_AMM_fee,435,29.24
IMPROVED_AMM_fee,436,25.5
IMPROVED_AMM_fee,437,28.05
IMPROVED_AMM_fee,438,26.08
IMPROVED_AMM_fee,439,27.0
IMPROVED_AMM_fee,440,25.82
IMPROVED_AMM_fee,442,26.18
IMPROVED_AMM_fee,441,29.25
IMPROVED_AMM_fee,443,28.8
IMPROVED_AMM_fee,445,27.2
IMPROVED_AMM_fee,444,27.46
IMPROVED_AMM_fee,446,25.03
IMPROVED_AMM_fee,447,27.56
IMPROVED_AMM_fee,448,27.32
IMPROVED_AMM_fee,449,28.04
IMPROVED_AMM_fee,450,25.62
IMPROVED_AMM_fee,451,25.7
IMPROVED_AMM_fee,452,25.92
IMPROVED_AMM_fee,453,26.62
IMPROVED_AMM_fee,456,26.29
IMPROVED_AMM_fee,454,27.34
IMPROVED_AMM_fee,455,25.9
IMPROVED_AMM_fee,457,28.13
IMPROVED_AMM_fee,460,25.76
IMPROVED_AMM_fee,459,28.03
IMPROVED_AMM_fee,458,27.83
IMPROVED_AMM_fee,461,25.91
IMPROVED_AMM_fee,462,27.74
IMPROVED_AMM_fee,463,26.27
IMPROVED_AMM_fee,464,28.42
IMPROVED_AMM_fee,465,27.76
IMPROVED_AMM_fee,466,26.23
IMPROVED_AMM_fee,467,28.68
IMPROVED_AMM_fee,469,28.15
IMPROVED_AMM_fee,468,28.17
IMPROVED_AMM_fee,470,28.2
IMPROVED_AMM_fee,471,27.39
IMPROVED_AMM_fee,473,26.1
IMPROVED_AMM_fee,472,29.57
IMPROVED_AMM_fee,474,27.53
IMPROVED_AMM_fee,475,27.29
IMPROVED_AMM_fee,476,27.28
IMPROVED_AMM_fee,477,24.62
IMPROVED_AMM_fee,478,29.62
IMPROVED_AMM_fee,479,25.78
IMPROVED_AMM_fee,480,28.38
IMPROVED_AMM_fee,481,28.03
IMPROVED_AMM_fee,483,28.02
IMPROVED_AMM_fee,482,27.79
IMPROVED_AMM_fee,484,27.91
IMPROVED_AMM_fee,485,29.5
IMPROVED_AMM_fee,486,27.16
IMPROVED_AMM_fee,487,26.39
IMPROVED_AMM_fee,488,26.68
IMPROVED_AMM_fee,489,26.2
IMPROVED_AMM_fee,490,27.39
IMPROVED_AMM_fee,491,26.16
IMPROVED_AMM_fee,492,25.34
IMPROVED_AMM_fee,493,30.07
IMPROVED_AMM_fee,496,28.89
IMPROVED_AMM_fee,494,25.99
IMPROVED_AMM_fee,495,26.34
IMPROVED_AMM_fee,497,29.29
IMPROVED_AMM_fee,498,25.87
IMPROVED_AMM_fee,500,26.03
IMPROVED_AMM_fee,499,27.8
IMPROVED_AMM_fee,501,25.24
IMPROVED_AMM_fee,502,28.2
IMPROVED_AMM_fee,504,25.53
IMPROVED_AMM_fee,503,27.84
IMPROVED_AMM_fee,506,25.34
IMPROVED_AMM_fee,505,27.73
IMPROVED_AMM_fee,507,26.76
IMPROVED_AMM_fee,508,28.45
IMPROVED_AMM_fee,509,25.19
IMPROVED_AMM_fee,510,26.82
IMPROVED_AMM_fee,511,27.59
IMPROVED_AMM_fee,513,27.83
IMPROVED_AMM_fee,512,24.85
IMPROVED_AMM_fee,514,28.52
IMPROVED_AMM_fee,515,28.24
IMPROVED_AMM_fee,516,24.73
IMPROVED_AMM_fee,517,26.43
IMPROVED_AMM_fee,519,26.82
IMPROVED_AMM_fee,518,27.41
IMPROVED_AMM_fee,520,26.75
IMPROVED_AMM_fee,521,27.61
IMPROVED_AMM_fee,522,27.4
IMPROVED_AMM_fee,523,28.78
IMPROVED_AMM_fee,524,29.37
IMPROVED_AMM_fee,526,27.3
IMPROVED_AMM_fee,525,26.38
IMPROVED_AMM_fee,527,28.9
IMPROVED_AMM_fee,528,27.08
IMPROVED_AMM_fee,530,28.45
IMPROVED_AMM_fee,529,26.67
IMPROVED_AMM_fee,531,26.6
IMPROVED_AMM_fee,532,27.73
IMPROVED_AMM_fee,533,27.97
IMPROVED_AMM_fee,534,26.26
IMPROVED_AMM_fee,535,28.22
IMPROVED_AMM_fee,537,28.22
IMPROVED_AMM_fee,536,27.38
IMPROVED_AMM_fee,538,25.78
IMPROVED_AMM_fee,539,27.03
IMPROVED_AMM_fee,540,26.34
IMPROVED_AMM_fee,541,27.66
IMPROVED_AMM_fee,543,28.9
IMPROVED_AMM_fee,542,26.28
IMPROVED_AMM_fee,545,25.1
IMPROVED_AMM_fee,546,28.51
IMPROVED_AMM_fee,544,25.4
IMPROVED_AMM_fee,547,25.77
IMPROVED_AMM_fee,548,26.8
IMPROVED_AMM_fee,549,27.25
IMPROVED_AMM_fee,550,28.67
IMPROVED_AMM_fee,551,26.17
IMPROVED_AMM_fee,552,26.99
IMPROVED_AMM_fee,553,26.85
IMPROVED_AMM_fee,554,24.94
IMPROVED_AMM_fee,555,26.55
IMPROVED_AMM_fee,556,27.54
IMPROVED_AMM_fee,557,27.25
IMPROVED_AMM_fee,560,27.06
IMPROVED_AMM_fee,558,27.64
IMPROVED_AMM_fee,559,26.86
IMPROVED_AMM_fee,562,26.15
IMPROVED_AMM_fee,561,26.77
IMPROVED_AMM_fee,563,27.79
IMPROVED_AMM_fee,564,25.41
IMPROVED_AMM_fee,565,27.56
IMPROVED_AMM_fee,566,26.07
IMPROVED_AMM_fee,567,27.37
IMPROVED_AMM_fee,568,28.99
IMPROVED_AMM_fee,569,24.73
IMPROVED_AMM_fee,570,27.18
IMPROVED_AMM_fee,573,26.75
IMPROVED_AMM_fee,572,27.52
IMPROVED_AMM_fee,571,26.6
IMPROVED_AMM_fee,574,27.36
IMPROVED_AMM_fee,575,27.04
IMPROVED_AMM_fee,576,26.85
IMPROVED_AMM_fee,577,29.59
IMPROVED_AMM_fee,578,29.42
IMPROVED_AMM_fee,579,26.5
IMPROVED_AMM_fee,580,29.5
IMPROVED_AMM_fee,581,26.25
IMPROVED_AMM_fee,582,25.89
IMPROVED_AMM_fee,583,26.81
IMPROVED_AMM_fee,584,25.21
IMPROVED_AMM_fee,586,27.6
IMPROVED_AMM_fee,585,25.24
IMPROVED_AMM_fee,587,28.03
IMPROVED_AMM_fee,588,26.67
IMPROVED_AMM_fee,589,27.83
IMPROVED_AMM_fee,590,27.44
IMPROVED_AMM_fee,591,25.0
IMPROVED_AMM_fee,592,26.07
IMPROVED_AMM_fee,593,25.32
IMPROVED_AMM_fee,594,26.7
IMPROVED_AMM_fee,595,27.11
IMPROVED_AMM_fee,596,25.0
IMPROVED_AMM_fee,597,26.71
IMPROVED_AMM_fee,598,26.99
IMPROVED_AMM_fee,599,25.97
IMPROVED_AMM_fee,600,27.72
IMPROVED_AMM_fee,602,27.6
IMPROVED_AMM_fee,601,27.25
IMPROVED_AMM_fee,603,28.14
IMPROVED_AMM_fee,604,27.36
IMPROVED_AMM_fee,605,27.33
IMPROVED_AMM_fee,606,27.04
IMPROVED_AMM_fee,607,27.72
IMPROVED_AMM_fee,609,27.05
IMPROVED_AMM_fee,608,26.39
IMPROVED_AMM_fee,610,27.66
IMPROVED_AMM_fee,611,27.42
IMPROVED_AMM_fee,612,28.36
IMPROVED_AMM_fee,613,26.53
IMPROVED_AMM_fee,614,26.72
IMPROVED_AMM_fee,615,25.53
IMPROVED_AMM_fee,616,28.0
IMPROVED_AMM_fee,617,26.23
IMPROVED_AMM_fee,618,29.62
IMPROVED_AMM_fee,619,27.67
IMPROVED_AMM_fee,620,29.26
IMPROVED_AMM_fee,622,25.89
IMPROVED_AMM_fee,621,27.39
IMPROVED_AMM_fee,623,28.71
IMPROVED_AMM_fee,625,29.16
IMPROVED_AMM_fee,624,26.33
IMPROVED_AMM_fee,626,26.82
IMPROVED_AMM_fee,627,27.39
IMPROVED_AMM_fee,628,27.37
IMPROVED_AMM_fee,629,24.86
IMPROVED_AMM_fee,630,28.17
IMPROVED_AMM_fee,631,29.04
IMPROVED_AMM_fee,632,27.99
IMPROVED_AMM_fee,634,27.78
IMPROVED_AMM_fee,633,27.57
IMPROVED_AMM_fee,635,25.8
IMPROVED_AMM_fee,636,27.59
IMPROVED_AMM_fee,637,27.51
IMPROVED_AMM_fee,638,25.7
IMPROVED_AMM_fee,639,27.24
IMPROVED_AMM_fee,640,28.58
IMPROVED_AMM_fee,641,26.96
IMPROVED_AMM_fee,642,24.49
IMPROVED_AMM_fee,643,24.61
IMPROVED_AMM_fee,645,25.45
IMPROVED_AMM_fee,644,27.51
IMPROVED_AMM_fee,647,25.88
IMPROVED_AMM_fee,646,27.81
IMPROVED_AMM_fee,648,28.8
IMPROVED_AMM_fee,649,26.75
IMPROVED_AMM_fee,650,27.18
IMPROVED_AMM_fee,652,27.95
IMPROVED_AMM_fee,651,27.4
IMPROVED_AMM_fee,653,25.61
IMPROVED_AMM_fee,654,28.33
IMPROVED_AMM_fee,655,25.03
IMPROVED_AMM_fee,656,25.55
IMPROVED_AMM_fee,657,25.94
IMPROVED_AMM_fee,658,28.1
IMPROVED_AMM_fee,660,27.75
IMPROVED_AMM_fee,659,26.34
IMPROVED_AMM_fee,661,27.84
IMPROVED_AMM_fee,662,28.26
IMPROVED_AMM_fee,663,26.48
IMPROVED_AMM_fee,665,26.93
IMPROVED_AMM_fee,664,28.91
IMPROVED_AMM_fee,666,26.72
IMPROVED_AMM_fee,667,25.06
IMPROVED_AMM_fee,668,25.99
IMPROVED_AMM_fee,669,25.25
IMPROVED_AMM_fee,670,26.12
IMPROVED_AMM_fee,671,28.2
IMPROVED_AMM_fee,672,26.59
IMPROVED_AMM_fee,673,27.62
IMPROVED_AMM_fee,675,28.08
IMPROVED_AMM_fee,674,26.75
IMPROVED_AMM_fee,676,28.64
IMPROVED_AMM_fee,678,26.82
IMPROVED_AMM_fee,677,27.35
IMPROVED_AMM_fee,680,26.94
IMPROVED_AMM_fee,679,27.07
IMPROVED_AMM_fee,681,28.96
IMPROVED_AMM_fee,682,25.12
IMPROVED_AMM_fee,683,28.56
IMPROVED_AMM_fee,685,27.48
IMPROVED_AMM_fee,686,26.84
IMPROVED_AMM_fee,684,26.03
IMPROVED_AMM_fee,688,27.71
IMPROVED_AMM_fee,687,25.93
IMPROVED_AMM_fee,689,27.46
IMPROVED_AMM_fee,693,28.29
IMPROVED_AMM_fee,690,28.69
IMPROVED_AMM_fee,691,29.37
IMPROVED_AMM_fee,692,26.85
IMPROVED_AMM_fee,694,25.57
IMPROVED_AMM_fee,695,27.26
IMPROVED_AMM_fee,696,25.12
IMPROVED_AMM_fee,697,27.44
IMPROVED_AMM_fee,698,25.49
IMPROVED_AMM_fee,699,28.29
IMPROVED_AMM_fee,700,26.53
IMPROVED_AMM_fee,701,28.22
IMPROVED_AMM_fee,702,28.3
IMPROVED_AMM_fee,704,27.0
IMPROVED_AMM_fee,703,28.06
IMPROVED_AMM_fee,705,26.15
IMPROVED_AMM_fee,707,25.59
IMPROVED_AMM_fee,706,28.0
IMPROVED_AMM_fee,708,27.07
IMPROVED_AMM_fee,709,26.15
IMPROVED_AMM_fee,710,26.15
IMPROVED_AMM_fee,712,26.75
IMPROVED_AMM_fee,713,28.67
IMPROVED_AMM_fee,711,28.44
IMPROVED_AMM_fee,715,28.34
IMPROVED_AMM_fee,714,28.07
IMPROVED_AMM_fee,716,26.44
IMPROVED_AMM_fee,718,28.83
IMPROVED_AMM_fee,717,27.03
IMPROVED_AMM_fee,719,27.02
IMPROVED_AMM_fee,720,27.18
IMPROVED_AMM_fee,721,26.9
IMPROVED_AMM_fee,722,26.63
IMPROVED_AMM_fee,723,26.33
IMPROVED_AMM_fee,725,25.91
IMPROVED_AMM_fee,726,26.46
IMPROVED_AMM_fee,724,25.69
IMPROVED_AMM_fee,727,26.05
IMPROVED_AMM_fee,728,26.03
IMPROVED_AMM_fee,729,26.77
IMPROVED_AMM_fee,730,26.41
IMPROVED_AMM_fee,731,29.84
IMPROVED_AMM_fee,732,26.83
IMPROVED_AMM_fee,733,25.82
IMPROVED_AMM_fee,734,27.71
IMPROVED_AMM_fee,735,26.67
IMPROVED_AMM_fee,736,29.85
IMPROVED_AMM_fee,737,28.69
IMPROVED_AMM_fee,738,26.09
IMPROVED_AMM_fee,739,26.99
IMPROVED_AMM_fee,740,25.14
IMPROVED_AMM_fee,741,28.36
IMPROVED_AMM_fee,743,27.41
IMPROVED_AMM_fee,742,26.79
IMPROVED_AMM_fee,744,27.48
IMPROVED_AMM_fee,746,27.32
IMPROVED_AMM_fee,745,26.98
IMPROVED_AMM_fee,747,25.52
IMPROVED_AMM_fee,748,27.64
IMPROVED_AMM_fee,750,27.71
IMPROVED_AMM_fee,749,27.43
IMPROVED_AMM_fee,752,25.91
IMPROVED_AMM_fee,751,27.21
IMPROVED_AMM_fee,753,27.9
IMPROVED_AMM_fee,756,25.82
IMPROVED_AMM_fee,755,25.75
IMPROVED_AMM_fee,754,27.86
IMPROVED_AMM_fee,757,27.79
IMPROVED_AMM_fee,758,26.84
IMPROVED_AMM_fee,759,27.92
IMPROVED_AMM_fee,760,24.76
IMPROVED_AMM_fee,761,27.27
IMPROVED_AMM_fee,762,27.62
IMPROVED_AMM_fee,763,25.54
IMPROVED_AMM_fee,765,27.73
IMPROVED_AMM_fee,764,25.97
IMPROVED_AMM_fee,766,25.45
IMPROVED_AMM_fee,769,27.98
IMPROVED_AMM_fee,767,29.69
IMPROVED_AMM_fee,768,28.12
IMPROVED_AMM_fee,770,25.04
IMPROVED_AMM_fee,771,27.67
IMPROVED_AMM_fee,772,26.59
IMPROVED_AMM_fee,773,25.26
IMPROVED_AMM_fee,774,29.26
IMPROVED_AMM_fee,775,29.33
IMPROVED_AMM_fee,776,26.73
IMPROVED_AMM_fee,777,26.87
IMPROVED_AMM_fee,778,28.56
IMPROVED_AMM_fee,781,27.04
IMPROVED_AMM_fee,780,26.91
IMPROVED_AMM_fee,782,27.2
IMPROVED_AMM_fee,779,28.61
IMPROVED_AMM_fee,784,26.25
IMPROVED_AMM_fee,783,25.87
IMPROVED_AMM_fee,785,27.75
IMPROVED_AMM_fee,786,26.13
IMPROVED_AMM_fee,787,26.72
IMPROVED_AMM_fee,788,28.36
IMPROVED_AMM_fee,791,26.41
IMPROVED_AMM_fee,789,24.55
IMPROVED_AMM_fee,790,27.86
IMPROVED_AMM_fee,793,26.52
IMPROVED_AMM_fee,795,26.86
IMPROVED_AMM_fee,794,25.83
IMPROVED_AMM_fee,792,24.66
IMPROVED_AMM_fee,796,27.0
IMPROVED_AMM_fee,797,29.47
IMPROVED_AMM_fee,798,28.75
IMPROVED_AMM_fee,799,28.26
IMPROVED_AMM_fee,800,28.4
IMPROVED_AMM_fee,801,28.14
IMPROVED_AMM_fee,803,27.01
IMPROVED_AMM_fee,802,27.46
IMPROVED_AMM_fee,804,26.04
IMPROVED_AMM_fee,805,27.27
IMPROVED_AMM_fee,806,29.17
IMPROVED_AMM_fee,808,29.96
IMPROVED_AMM_fee,807,27.19
IMPROVED_AMM_fee,809,28.2
IMPROVED_AMM_fee,811,28.45
IMPROVED_AMM_fee,810,26.85
IMPROVED_AMM_fee,812,25.62
IMPROVED_AMM_fee,813,28.08
IMPROVED_AMM_fee,815,26.29
IMPROVED_AMM_fee,814,27.78
IMPROVED_AMM_fee,817,26.79
IMPROVED_AMM_fee,816,28.73
IMPROVED_AMM_fee,819,28.29
IMPROVED_AMM_fee,818,28.21
IMPROVED_AMM_fee,820,26.66
IMPROVED_AMM_fee,821,25.09
IMPROVED_AMM_fee,822,28.71
IMPROVED_AMM_fee,824,28.31
IMPROVED_AMM_fee,825,26.74
IMPROVED_AMM_fee,823,27.5
IMPROVED_AMM_fee,828,27.06
IMPROVED_AMM_fee,829,26.36
IMPROVED_AMM_fee,826,25.97
IMPROVED_AMM_fee,830,28.38
IMPROVED_AMM_fee,827,27.8
IMPROVED_AMM_fee,831,27.13
IMPROVED_AMM_fee,832,29.18
IMPROVED_AMM_fee,834,27.24
IMPROVED_AMM_fee,833,26.85
IMPROVED_AMM_fee,835,27.57
IMPROVED_AMM_fee,836,26.68
IMPROVED_AMM_fee,838,26.14
IMPROVED_AMM_fee,837,27.54
IMPROVED_AMM_fee,839,26.48
IMPROVED_AMM_fee,841,26.69
IMPROVED_AMM_fee,840,26.24
IMPROVED_AMM_fee,843,27.8
IMPROVED_AMM_fee,842,28.49
IMPROVED_AMM_fee,845,24.98
IMPROVED_AMM_fee,844,26.99
IMPROVED_AMM_fee,847,27.25
IMPROVED_AMM_fee,846,25.98
IMPROVED_AMM_fee,849,28.69
IMPROVED_AMM_fee,848,26.89
IMPROVED_AMM_fee,850,26.64
IMPROVED_AMM_fee,851,27.84
IMPROVED_AMM_fee,852,25.63
IMPROVED_AMM_fee,853,27.87
IMPROVED_AMM_fee,855,30.03
IMPROVED_AMM_fee,856,27.79
IMPROVED_AMM_fee,854,28.62
IMPROVED_AMM_fee,858,26.28
IMPROVED_AMM_fee,857,27.51
IMPROVED_AMM_fee,859,26.85
IMPROVED_AMM_fee,860,28.27
IMPROVED_AMM_fee,861,26.98
IMPROVED_AMM_fee,862,28.44
IMPROVED_AMM_fee,864,25.13
IMPROVED_AMM_fee,863,25.93
IMPROVED_AMM_fee,865,26.18
IMPROVED_AMM_fee,867,28.24
IMPROVED_AMM_fee,866,28.22
IMPROVED_AMM_fee,868,28.9
IMPROVED_AMM_fee,869,26.67
IMPROVED_AMM_fee,870,28.25
IMPROVED_AMM_fee,871,27.11
IMPROVED_AMM_fee,873,28.49
IMPROVED_AMM_fee,872,27.51
IMPROVED_AMM_fee,874,27.11
IMPROVED_AMM_fee,875,26.78
IMPROVED_AMM_fee,877,28.21
IMPROVED_AMM_fee,876,26.77
IMPROVED_AMM_fee,879,26.44
IMPROVED_AMM_fee,878,28.03
IMPROVED_AMM_fee,880,24.14
IMPROVED_AMM_fee,881,28.01
IMPROVED_AMM_fee,882,26.78
IMPROVED_AMM_fee,883,26.2
IMPROVED_AMM_fee,884,27.5
IMPROVED_AMM_fee,886,28.26
IMPROVED_AMM_fee,887,27.0
IMPROVED_AMM_fee,885,26.27
IMPROVED_AMM_fee,888,28.41
IMPROVED_AMM_fee,889,27.04
IMPROVED_AMM_fee,890,25.05
IMPROVED_AMM_fee,891,27.85
IMPROVED_AMM_fee,893,26.39
IMPROVED_AMM_fee,892,27.84
IMPROVED_AMM_fee,895,27.3
IMPROVED_AMM_fee,894,27.67
IMPROVED_AMM_fee,896,27.71
IMPROVED_AMM_fee,897,25.88
IMPROVED_AMM_fee,898,24.56
IMPROVED_AMM_fee,899,26.66
IMPROVED_AMM_fee,901,25.46
IMPROVED_AMM_fee,900,26.38
IMPROVED_AMM_fee,902,29.21
IMPROVED_AMM_fee,903,27.09
IMPROVED_AMM_fee,904,24.82
IMPROVED_AMM_fee,905,26.34
IMPROVED_AMM_fee,906,27.23
IMPROVED_AMM_fee,907,27.91
IMPROVED_AMM_fee,908,26.97
IMPROVED_AMM_fee,909,26.79
IMPROVED_AMM_fee,911,27.87
IMPROVED_AMM_fee,912,28.92
IMPROVED_AMM_fee,910,26.89
IMPROVED_AMM_fee,913,27.26
IMPROVED_AMM_fee,914,29.14
IMPROVED_AMM_fee,915,27.45
IMPROVED_AMM_fee,916,25.83
IMPROVED_AMM_fee,918,29.53
IMPROVED_AMM_fee,917,27.58
IMPROVED_AMM_fee,919,26.91
IMPROVED_AMM_fee,920,28.16
IMPROVED_AMM_fee,921,26.74
IMPROVED_AMM_fee,922,27.72
IMPROVED_AMM_fee,926,26.07
IMPROVED_AMM_fee,927,27.69
IMPROVED_AMM_fee,924,29.07
IMPROVED_AMM_fee,923,27.62
IMPROVED_AMM_fee,925,26.51
IMPROVED_AMM_fee,928,25.45
IMPROVED_AMM_fee,930,26.86
IMPROVED_AMM_fee,929,27.74
IMPROVED_AMM_fee,931,27.26
IMPROVED_AMM_fee,932,28.55
IMPROVED_AMM_fee,933,27.49
IMPROVED_AMM_fee,934,26.84
IMPROVED_AMM_fee,935,28.22
IMPROVED_AMM_fee,936,28.11
IMPROVED_AMM_fee,937,28.88
IMPROVED_AMM_fee,940,27.3
IMPROVED_AMM_fee,938,27.7
IMPROVED_AMM_fee,939,29.62
IMPROVED_AMM_fee,941,25.64
IMPROVED_AMM_fee,942,27.45
IMPROVED_AMM_fee,943,26.53
IMPROVED_AMM_fee,944,25.82
IMPROVED_AMM_fee,945,28.64
IMPROVED_AMM_fee,946,27.54
IMPROVED_AMM_fee,947,27.11
IMPROVED_AMM_fee,948,27.45
IMPROVED_AMM_fee,953,27.9
IMPROVED_AMM_fee,951,27.47
IMPROVED_AMM_fee,952,27.93
IMPROVED_AMM_fee,949,27.61
IMPROVED_AMM_fee,950,24.37
IMPROVED_AMM_fee,955,28.38
IMPROVED_AMM_fee,956,27.25
IMPROVED_AMM_fee,954,24.41
IMPROVED_AMM_fee,957,26.03
IMPROVED_AMM_fee,959,25.27
IMPROVED_AMM_fee,958,25.54
IMPROVED_AMM_fee,960,26.98
IMPROVED_AMM_fee,961,27.16
IMPROVED_AMM_fee,962,29.07
IMPROVED_AMM_fee,965,26.06
IMPROVED_AMM_fee,963,26.43
IMPROVED_AMM_fee,964,26.47
IMPROVED_AMM_fee,966,25.21
IMPROVED_AMM_fee,967,27.74
IMPROVED_AMM_fee,968,25.11
IMPROVED_AMM_fee,969,25.99
IMPROVED_AMM_fee,970,27.57
IMPROVED_AMM_fee,971,24.76
IMPROVED_AMM_fee,972,29.25
IMPROVED_AMM_fee,973,29.07
IMPROVED_AMM_fee,974,25.9
IMPROVED_AMM_fee,975,25.54
IMPROVED_AMM_fee,976,28.78
IMPROVED_AMM_fee,977,26.8
IMPROVED_AMM_fee,978,26.36
IMPROVED_AMM_fee,979,24.8
IMPROVED_AMM_fee,980,29.01
IMPROVED_AMM_fee,982,27.66
IMPROVED_AMM_fee,983,27.61
IMPROVED_AMM_fee,981,25.48
IMPROVED_AMM_fee,984,26.35
IMPROVED_AMM_fee,985,26.05
IMPROVED_AMM_fee,986,25.26
IMPROVED_AMM_fee,987,26.14
IMPROVED_AMM_fee,988,25.36
IMPROVED_AMM_fee,990,26.87
IMPROVED_AMM_fee,989,28.99
IMPROVED_AMM_fee,991,26.5
IMPROVED_AMM_fee,992,26.58
IMPROVED_AMM_fee,994,28.39
IMPROVED_AMM_fee,995,28.08
IMPROVED_AMM_fee,993,28.12
IMPROVED_AMM_fee,997,26.02
IMPROVED_AMM_fee,996,25.47
IMPROVED_AMM_fee,998,24.92
IMPROVED_AMM_fee,999,26.4
IMPROVED_OB_fee,1,32.28
IMPROVED_OB_fee,0,33.12
IMPROVED_OB_fee,2,32.28
IMPROVED_OB_fee,3,32.88
IMPROVED_OB_fee,4,32.6
IMPROVED_OB_fee,5,32.76
IMPROVED_OB_fee,6,32.04
IMPROVED_OB_fee,7,32.85
IMPROVED_OB_fee,8,32.57
IMPROVED_OB_fee,10,32.63
IMPROVED_OB_fee,9,32.66
IMPROVED_OB_fee,11,32.8
IMPROVED_OB_fee,12,32.85
IMPROVED_OB_fee,15,32.92
IMPROVED_OB_fee,13,32.6
IMPROVED_OB_fee,14,32.67
IMPROVED_OB_fee,16,32.35
IMPROVED_OB_fee,17,32.78
IMPROVED_OB_fee,18,32.33
IMPROVED_OB_fee,19,32.24
IMPROVED_OB_fee,21,32.52
IMPROVED_OB_fee,20,32.36
IMPROVED_OB_fee,22,32.41
IMPROVED_OB_fee,24,32.69
IMPROVED_OB_fee,23,33.31
IMPROVED_OB_fee,25,32.25
IMPROVED_OB_fee,27,32.45
IMPROVED_OB_fee,26,32.47
IMPROVED_OB_fee,28,32.52
IMPROVED_OB_fee,29,32.46
IMPROVED_OB_fee,30,32.33
IMPROVED_OB_fee,31,32.55
IMPROVED_OB_fee,32,32.58
IMPROVED_OB_fee,33,32.63
IMPROVED_OB_fee,37,32.77
IMPROVED_OB_fee,34,32.45
IMPROVED_OB_fee,36,32.3
IMPROVED_OB_fee,35,32.18
IMPROVED_OB_fee,38,32.43
IMPROVED_OB_fee,39,32.42
IMPROVED_OB_fee,40,32.35
IMPROVED_OB_fee,41,32.3
IMPROVED_OB_fee,42,32.43
IMPROVED_OB_fee,43,32.28
IMPROVED_OB_fee,44,32.91
IMPROVED_OB_fee,46,32.51
IMPROVED_OB_fee,48,32.48
IMPROVED_OB_fee,47,32.61
IMPROVED_OB_fee,45,32.79
IMPROVED_OB_fee,50,32.42
IMPROVED_OB_fee,49,32.91
IMPROVED_OB_fee,51,32.28
IMPROVED_OB_fee,52,32.9
IMPROVED_OB_fee,54,32.89
IMPROVED_OB_fee,53,33.03
IMPROVED_OB_fee,55,32.58
IMPROVED_OB_fee,56,32.32
IMPROVED_OB_fee,57,32.56
IMPROVED_OB_fee,59,32.43
IMPROVED_OB_fee,58,32.82
IMPROVED_OB_fee,60,32.86
IMPROVED_OB_fee,61,32.83
IMPROVED_OB_fee,62,32.8
IMPROVED_OB_fee,63,32.46
IMPROVED_OB_fee,64,32.73
IMPROVED_OB_fee,66,32.52
IMPROVED_OB_fee,65,32.75
IMPROVED_OB_fee,67,32.31
IMPROVED_OB_fee,68,32.86
IMPROVED_OB_fee,70,32.33
IMPROVED_OB_fee,69,32.62
IMPROVED_OB_fee,71,32.31
IMPROVED_OB_fee,72,32.65
IMPROVED_OB_fee,73,32.69
IMPROVED_OB_fee,74,32.1
IMPROVED_OB_fee,75,31.9
IMPROVED_OB_fee,76,32.47
IMPROVED_OB_fee,77,32.4
IMPROVED_OB_fee,79,32.77
IMPROVED_OB_fee,78,32.23
IMPROVED_OB_fee,80,32.87
IMPROVED_OB_fee,81,32.36
IMPROVED_OB_fee,83,32.34
IMPROVED_OB_fee,82,32.55
IMPROVED_OB_fee,84,33.22
IMPROVED_OB_fee,85,32.47
IMPROVED_OB_fee,86,32.9
IMPROVED_OB_fee,87,32.47
IMPROVED_OB_fee,88,32.36
IMPROVED_OB_fee,89,32.96
IMPROVED_OB_fee,91,32.45
IMPROVED_OB_fee,90,32.19
IMPROVED_OB_fee,92,32.34
IMPROVED_OB_fee,93,32.98
IMPROVED_OB_fee,94,32.47
IMPROVED_OB_fee,96,32.46
IMPROVED_OB_fee,95,32.92
IMPROVED_OB_fee,97,32.22
IMPROVED_OB_fee,98,32.69
IMPROVED_OB_fee,99,32.4
IMPROVED_OB_fee,101,32.34
IMPROVED_OB_fee,100,32.45
IMPROVED_OB_fee,102,33.16
IMPROVED_OB_fee,103,32.78
IMPROVED_OB_fee,104,32.9
IMPROVED_OB_fee,105,32.53
IMPROVED_OB_fee,106,32.39
IMPROVED_OB_fee,107,32.44
IMPROVED_OB_fee,108,33.07
IMPROVED_OB_fee,110,32.65
IMPROVED_OB_fee,109,31.92
IMPROVED_OB_fee,111,32.54
IMPROVED_OB_fee,112,32.63
IMPROVED_OB_fee,114,32.3
IMPROVED_OB_fee,113,32.14
IMPROVED_OB_fee,116,32.45
IMPROVED_OB_fee,115,33.12
IMPROVED_OB_fee,117,32.27
IMPROVED_OB_fee,118,31.97
IMPROVED_OB_fee,120,32.96
IMPROVED_OB_fee,119,32.29
IMPROVED_OB_fee,121,32.46
IMPROVED_OB_fee,122,32.98
IMPROVED_OB_fee,123,32.53
IMPROVED_OB_fee,125,32.22
IMPROVED_OB_fee,124,32.81
IMPROVED_OB_fee,126,32.53
IMPROVED_OB_fee,127,32.53
IMPROVED_OB_fee,129,32.57
IMPROVED_OB_fee,128,32.74
IMPROVED_OB_fee,130,32.73
IMPROVED_OB_fee,131,32.22
IMPROVED_OB_fee,132,32.61
IMPROVED_OB_fee,133,32.76
IMPROVED_OB_fee,134,32.58
IMPROVED_OB_fee,135,32.23
IMPROVED_OB_fee,136,32.84
IMPROVED_OB_fee,138,32.68
IMPROVED_OB_fee,139,32.73
IMPROVED_OB_fee,137,32.18
IMPROVED_OB_fee,140,32.64
IMPROVED_OB_fee,141,32.43
IMPROVED_OB_fee,142,32.74
IMPROVED_OB_fee,143,32.4
IMPROVED_OB_fee,144,32.86
IMPROVED_OB_fee,145,33.04
IMPROVED_OB_fee,146,32.85
IMPROVED_OB_fee,147,32.93
IMPROVED_OB_fee,148,32.58
IMPROVED_OB_fee,149,32.09
IMPROVED_OB_fee,150,33.08
IMPROVED_OB_fee,152,32.73
IMPROVED_OB_fee,151,32.6
IMPROVED_OB_fee,153,32.51
IMPROVED_OB_fee,154,32.88
IMPROVED_OB_fee,155,32.49
IMPROVED_OB_fee,156,32.88
IMPROVED_OB_fee,157,32.94
IMPROVED_OB_fee,159,32.23
IMPROVED_OB_fee,158,32.18
IMPROVED_OB_fee,160,33.03
IMPROVED_OB_fee,161,32.53
IMPROVED_OB_fee,162,32.53
IMPROVED_OB_fee,164,32.53
IMPROVED_OB_fee,163,32.73
IMPROVED_OB_fee,165,32.59
IMPROVED_OB_fee,166,32.66
IMPROVED_OB_fee,167,32.9
IMPROVED_OB_fee,168,32.69
IMPROVED_OB_fee,169,32.8
IMPROVED_OB_fee,170,32.38
IMPROVED_OB_fee,171,32.84
IMPROVED_OB_fee,172,32.91
IMPROVED_OB_fee,174,32.39
IMPROVED_OB_fee,173,32.24
IMPROVED_OB_fee,175,32.88
IMPROVED_OB_fee,178,32.47
IMPROVED_OB_fee,176,32.69
IMPROVED_OB_fee,181,32.91
IMPROVED_OB_fee,179,32.75
IMPROVED_OB_fee,177,32.94
IMPROVED_OB_fee,180,32.65
IMPROVED_OB_fee,182,32.11
IMPROVED_OB_fee,183,32.43
IMPROVED_OB_fee,185,32.54
IMPROVED_OB_fee,184,32.14
IMPROVED_OB_fee,187,32.59
IMPROVED_OB_fee,186,32.53
IMPROVED_OB_fee,188,32.16
IMPROVED_OB_fee,192,33.43
IMPROVED_OB_fee,190,32.75
IMPROVED_OB_fee,191,32.55
IMPROVED_OB_fee,189,32.38
IMPROVED_OB_fee,193,33.04
IMPROVED_OB_fee,194,32.71
IMPROVED_OB_fee,195,32.53
IMPROVED_OB_fee,196,32.82
IMPROVED_OB_fee,198,33.04
IMPROVED_OB_fee,197,32.36
IMPROVED_OB_fee,199,32.82
IMPROVED_OB_fee,200,32.93
IMPROVED_OB_fee,201,32.41
IMPROVED_OB_fee,204,32.68
IMPROVED_OB_fee,205,32.33
IMPROVED_OB_fee,206,32.78
IMPROVED_OB_fee,203,32.62
IMPROVED_OB_fee,202,32.24
IMPROVED_OB_fee,207,32.89
IMPROVED_OB_fee,209,32.6
IMPROVED_OB_fee,208,32.79
IMPROVED_OB_fee,210,32.65
IMPROVED_OB_fee,211,32.52
IMPROVED_OB_fee,212,32.49
IMPROVED_OB_fee,213,32.85
IMPROVED_OB_fee,214,32.86
IMPROVED_OB_fee,215,32.67
IMPROVED_OB_fee,216,32.73
IMPROVED_OB_fee,218,32.39
IMPROVED_OB_fee,217,32.05
IMPROVED_OB_fee,219,32.45
IMPROVED_OB_fee,220,32.74
IMPROVED_OB_fee,221,32.42
IMPROVED_OB_fee,222,32.91
IMPROVED_OB_fee,223,33.06
IMPROVED_OB_fee,224,32.31
IMPROVED_OB_fee,225,32.39
IMPROVED_OB_fee,226,32.84
IMPROVED_OB_fee,227,32.1
IMPROVED_OB_fee,228,32.65
IMPROVED_OB_fee,230,32.31
IMPROVED_OB_fee,229,32.63
IMPROVED_OB_fee,231,32.68
IMPROVED_OB_fee,232,32.46
IMPROVED_OB_fee,233,32.51
IMPROVED_OB_fee,234,32.58
IMPROVED_OB_fee,235,32.58
IMPROVED_OB_fee,236,32.58
IMPROVED_OB_fee,237,32.9
IMPROVED_OB_fee,238,32.98
IMPROVED_OB_fee,239,32.55
IMPROVED_OB_fee,241,32.63
IMPROVED_OB_fee,240,32.28
IMPROVED_OB_fee,242,32.86
IMPROVED_OB_fee,243,32.83
IMPROVED_OB_fee,244,32.74
IMPROVED_OB_fee,247,33.0
IMPROVED_OB_fee,248,32.41
IMPROVED_OB_fee,245,32.69
IMPROVED_OB_fee,246,32.36
IMPROVED_OB_fee,249,32.19
IMPROVED_OB_fee,250,32.65
IMPROVED_OB_fee,251,32.24
IMPROVED_OB_fee,252,32.86
IMPROVED_OB_fee,255,32.96
IMPROVED_OB_fee,254,32.03
IMPROVED_OB_fee,253,32.47
IMPROVED_OB_fee,256,32.61
IMPROVED_OB_fee,257,32.53
IMPROVED_OB_fee,259,32.7
IMPROVED_OB_fee,260,32.32
IMPROVED_OB_fee,261,32.35
IMPROVED_OB_fee,258,32.44
IMPROVED_OB_fee,263,33.0
IMPROVED_OB_fee,262,32.58
IMPROVED_OB_fee,264,31.89
IMPROVED_OB_fee,266,32.55
IMPROVED_OB_fee,265,32.26
IMPROVED_OB_fee,267,32.74
IMPROVED_OB_fee,268,32.74
IMPROVED_OB_fee,269,32.46
IMPROVED_OB_fee,272,32.86
IMPROVED_OB_fee,270,33.01
IMPROVED_OB_fee,273,32.53
IMPROVED_OB_fee,271,32.38
IMPROVED_OB_fee,274,32.52
IMPROVED_OB_fee,275,32.58
IMPROVED_OB_fee,276,32.57
IMPROVED_OB_fee,277,32.84
IMPROVED_OB_fee,278,32.68
IMPROVED_OB_fee,280,32.55
IMPROVED_OB_fee,279,32.11
IMPROVED_OB_fee,281,32.44
IMPROVED_OB_fee,282,32.32
IMPROVED_OB_fee,284,32.31
IMPROVED_OB_fee,283,32.72
IMPROVED_OB_fee,286,32.67
IMPROVED_OB_fee,287,32.68
IMPROVED_OB_fee,285,32.62
IMPROVED_OB_fee,289,32.27
IMPROVED_OB_fee,288,32.37
IMPROVED_OB_fee,290,32.69
IMPROVED_OB_fee,291,32.6
IMPROVED_OB_fee,293,32.28
IMPROVED_OB_fee,292,32.58
IMPROVED_OB_fee,294,32.46
IMPROVED_OB_fee,297,32.55
IMPROVED_OB_fee,296,32.87
IMPROVED_OB_fee,295,32.86
IMPROVED_OB_fee,300,33.11
IMPROVED_OB_fee,299,32.51
IMPROVED_OB_fee,298,32.57
IMPROVED_OB_fee,301,32.79
IMPROVED_OB_fee,302,32.71
IMPROVED_OB_fee,303,32.35
IMPROVED_OB_fee,304,32.3
IMPROVED_OB_fee,305,32.54
IMPROVED_OB_fee,307,32.74
IMPROVED_OB_fee,306,32.34
IMPROVED_OB_fee,309,32.18
IMPROVED_OB_fee,310,32.44
IMPROVED_OB_fee,308,32.41
IMPROVED_OB_fee,312,32.78
IMPROVED_OB_fee,311,32.7
IMPROVED_OB_fee,313,32.71
IMPROVED_OB_fee,314,32.75
IMPROVED_OB_fee,315,32.74
IMPROVED_OB_fee,316,32.41
IMPROVED_OB_fee,318,32.94
IMPROVED_OB_fee,317,32.67
IMPROVED_OB_fee,319,32.1
IMPROVED_OB_fee,320,33.22
IMPROVED_OB_fee,321,32.34
IMPROVED_OB_fee,325,32.5
IMPROVED_OB_fee,324,32.4
IMPROVED_OB_fee,323,32.3
IMPROVED_OB_fee,322,32.14
IMPROVED_OB_fee,326,32.99
IMPROVED_OB_fee,327,32.9
IMPROVED_OB_fee,328,32.79
IMPROVED_OB_fee,329,32.75
IMPROVED_OB_fee,330,32.27
IMPROVED_OB_fee,331,32.7
IMPROVED_OB_fee,333,32.68
IMPROVED_OB_fee,332,32.44
IMPROVED_OB_fee,334,31.9
IMPROVED_OB_fee,335,32.35
IMPROVED_OB_fee,338,32.41
IMPROVED_OB_fee,337,32.73
IMPROVED_OB_fee,336,32.6
IMPROVED_OB_fee,339,33.01
IMPROVED_OB_fee,340,32.85
IMPROVED_OB_fee,341,33.24
IMPROVED_OB_fee,342,32.42
IMPROVED_OB_fee,343,32.51
IMPROVED_OB_fee,344,32.5
IMPROVED_OB_fee,345,32.6
IMPROVED_OB_fee,346,32.79
IMPROVED_OB_fee,347,32.32
IMPROVED_OB_fee,348,32.58
IMPROVED_OB_fee,350,32.13
IMPROVED_OB_fee,351,32.74
IMPROVED_OB_fee,349,32.29
IMPROVED_OB_fee,352,32.84
IMPROVED_OB_fee,353,32.62
IMPROVED_OB_fee,354,32.3
IMPROVED_OB_fee,355,32.43
IMPROVED_OB_fee,356,32.59
IMPROVED_OB_fee,357,32.17
IMPROVED_OB_fee,358,32.35
IMPROVED_OB_fee,359,32.58
IMPROVED_OB_fee,360,32.75
IMPROVED_OB_fee,361,32.9
IMPROVED_OB_fee,364,32.48
IMPROVED_OB_fee,362,32.82
IMPROVED_OB_fee,365,33.09
IMPROVED_OB_fee,363,32.55
IMPROVED_OB_fee,366,32.45
IMPROVED_OB_fee,367,32.22
IMPROVED_OB_fee,368,32.55
IMPROVED_OB_fee,369,33.12
IMPROVED_OB_fee,370,32.85
IMPROVED_OB_fee,372,32.62
IMPROVED_OB_fee,371,32.36
IMPROVED_OB_fee,373,32.43
IMPROVED_OB_fee,376,32.81
IMPROVED_OB_fee,374,32.51
IMPROVED_OB_fee,377,32.31
IMPROVED_OB_fee,375,32.63
IMPROVED_OB_fee,378,32.34
IMPROVED_OB_fee,379,32.43
IMPROVED_OB_fee,380,32.05
IMPROVED_OB_fee,381,32.37
IMPROVED_OB_fee,382,32.32
IMPROVED_OB_fee,384,32.61
IMPROVED_OB_fee,383,32.75
IMPROVED_OB_fee,385,33.02
IMPROVED_OB_fee,386,32.53
IMPROVED_OB_fee,387,32.66
IMPROVED_OB_fee,388,32.51
IMPROVED_OB_fee,390,32.35
IMPROVED_OB_fee,389,32.32
IMPROVED_OB_fee,391,32.35
IMPROVED_OB_fee,392,32.63
IMPROVED_OB_fee,393,32.76
IMPROVED_OB_fee,394,32.9
IMPROVED_OB_fee,396,32.77
IMPROVED_OB_fee,397,32.77
IMPROVED_OB_fee,395,32.54
IMPROVED_OB_fee,398,32.69
IMPROVED_OB_fee,399,32.35
IMPROVED_OB_fee,401,32.6
IMPROVED_OB_fee,400,32.77
IMPROVED_OB_fee,402,32.88
IMPROVED_OB_fee,403,33.09
IMPROVED_OB_fee,404,32.64
IMPROVED_OB_fee,405,32.53
IMPROVED_OB_fee,406,32.85
IMPROVED_OB_fee,407,32.49
IMPROVED_OB_fee,408,32.56
IMPROVED_OB_fee,410,32.65
IMPROVED_OB_fee,409,32.85
IMPROVED_OB_fee,412,32.82
IMPROVED_OB_fee,411,32.93
IMPROVED_OB_fee,414,32.28
IMPROVED_OB_fee,413,32.39
IMPROVED_OB_fee,415,32.19
IMPROVED_OB_fee,418,32.76
IMPROVED_OB_fee,417,32.65
IMPROVED_OB_fee,416,32.4
IMPROVED_OB_fee,419,32.94
IMPROVED_OB_fee,420,32.57
IMPROVED_OB_fee,421,32.9
IMPROVED_OB_fee,422,32.66
IMPROVED_OB_fee,425,32.55
IMPROVED_OB_fee,423,32.34
IMPROVED_OB_fee,424,32.73
IMPROVED_OB_fee,426,32.56
IMPROVED_OB_fee,427,32.59
IMPROVED_OB_fee,429,32.28
IMPROVED_OB_fee,428,32.22
IMPROVED_OB_fee,430,32.41
IMPROVED_OB_fee,431,32.15
IMPROVED_OB_fee,432,32.31
IMPROVED_OB_fee,433,32.76
IMPROVED_OB_fee,434,32.83
IMPROVED_OB_fee,435,32.09
IMPROVED_OB_fee,438,32.31
IMPROVED_OB_fee,436,31.95
IMPROVED_OB_fee,437,32.8
IMPROVED_OB_fee,439,32.56
IMPROVED_OB_fee,440,32.23
IMPROVED_OB_fee,442,32.28
IMPROVED_OB_fee,441,32.26
IMPROVED_OB_fee,443,32.53
IMPROVED_OB_fee,444,32.94
IMPROVED_OB_fee,445,32.69
IMPROVED_OB_fee,446,33.03
IMPROVED_OB_fee,448,32.63
IMPROVED_OB_fee,447,32.63
IMPROVED_OB_fee,449,32.81
IMPROVED_OB_fee,450,32.53
IMPROVED_OB_fee,452,32.4
IMPROVED_OB_fee,453,32.35
IMPROVED_OB_fee,451,32.39
IMPROVED_OB_fee,454,32.38
IMPROVED_OB_fee,455,33.21
IMPROVED_OB_fee,457,32.63
IMPROVED_OB_fee,456,32.21
IMPROVED_OB_fee,458,32.41
IMPROVED_OB_fee,459,32.77
IMPROVED_OB_fee,460,32.58
IMPROVED_OB_fee,461,32.64
IMPROVED_OB_fee,463,32.4
IMPROVED_OB_fee,465,32.76
IMPROVED_OB_fee,462,32.51
IMPROVED_OB_fee,464,32.29
IMPROVED_OB_fee,466,32.45
IMPROVED_OB_fee,469,32.62
IMPROVED_OB_fee,468,33.33
IMPROVED_OB_fee,467,32.43
IMPROVED_OB_fee,470,32.7
IMPROVED_OB_fee,471,33.01
IMPROVED_OB_fee,472,32.83
IMPROVED_OB_fee,474,32.97
IMPROVED_OB_fee,473,32.54
IMPROVED_OB_fee,475,32.9
IMPROVED_OB_fee,476,32.07
IMPROVED_OB_fee,478,33.35
IMPROVED_OB_fee,477,32.19
IMPROVED_OB_fee,479,32.76
IMPROVED_OB_fee,481,32.75
IMPROVED_OB_fee,480,32.73
IMPROVED_OB_fee,482,32.51
IMPROVED_OB_fee,483,33.05
IMPROVED_OB_fee,484,32.95
IMPROVED_OB_fee,485,32.51
IMPROVED_OB_fee,486,32.55
IMPROVED_OB_fee,487,32.38
IMPROVED_OB_fee,488,32.34
IMPROVED_OB_fee,491,32.56
IMPROVED_OB_fee,489,32.44
IMPROVED_OB_fee,490,32.3
IMPROVED_OB_fee,492,32.37
IMPROVED_OB_fee,494,32.25
IMPROVED_OB_fee,495,32.67
IMPROVED_OB_fee,493,32.71
IMPROVED_OB_fee,497,32.66
IMPROVED_OB_fee,496,32.54
IMPROVED_OB_fee,498,32.12
IMPROVED_OB_fee,499,32.86
IMPROVED_OB_fee,500,33.13
IMPROVED_OB_fee,501,32.55
IMPROVED_OB_fee,502,32.82
IMPROVED_OB_fee,503,33.1
IMPROVED_OB_fee,505,32.17
IMPROVED_OB_fee,504,32.35
IMPROVED_OB_fee,508,33.05
IMPROVED_OB_fee,506,31.82
IMPROVED_OB_fee,507,32.4
IMPROVED_OB_fee,510,32.12
IMPROVED_OB_fee,509,32.14
IMPROVED_OB_fee,511,32.85
IMPROVED_OB_fee,512,32.2
IMPROVED_OB_fee,513,32.58
IMPROVED_OB_fee,514,32.71
IMPROVED_OB_fee,515,32.88
IMPROVED_OB_fee,516,31.99
IMPROVED_OB_fee,518,32.86
IMPROVED_OB_fee,517,32.74
IMPROVED_OB_fee,520,32.81
IMPROVED_OB_fee,521,32.74
IMPROVED_OB_fee,523,32.93
IMPROVED_OB_fee,519,32.53
IMPROVED_OB_fee,522,32.24
IMPROVED_OB_fee,524,32.68
IMPROVED_OB_fee,526,32.64
IMPROVED_OB_fee,525,32.51
IMPROVED_OB_fee,527,32.9
IMPROVED_OB_fee,528,32.45
IMPROVED_OB_fee,530,32.84
IMPROVED_OB_fee,529,32.58
IMPROVED_OB_fee,531,32.57
IMPROVED_OB_fee,534,32.71
IMPROVED_OB_fee,532,32.5
IMPROVED_OB_fee,533,32.43
IMPROVED_OB_fee,535,33.05
IMPROVED_OB_fee,536,32.31
IMPROVED_OB_fee,539,32.84
IMPROVED_OB_fee,537,32.16
IMPROVED_OB_fee,538,32.63
IMPROVED_OB_fee,540,32.35
IMPROVED_OB_fee,541,32.56
IMPROVED_OB_fee,542,32.55
IMPROVED_OB_fee,543,32.35
IMPROVED_OB_fee,544,32.27
IMPROVED_OB_fee,545,32.28
IMPROVED_OB_fee,546,32.37
IMPROVED_OB_fee,547,32.35
IMPROVED_OB_fee,548,32.73
IMPROVED_OB_fee,549,32.91
IMPROVED_OB_fee,550,32.35
IMPROVED_OB_fee,551,32.46
IMPROVED_OB_fee,552,32.65
IMPROVED_OB_fee,553,32.47
IMPROVED_OB_fee,554,32.35
IMPROVED_OB_fee,555,32.49
IMPROVED_OB_fee,558,32.93
IMPROVED_OB_fee,557,31.98
IMPROVED_OB_fee,556,32.94
IMPROVED_OB_fee,559,32.49
IMPROVED_OB_fee,561,32.76
IMPROVED_OB_fee,560,32.24
IMPROVED_OB_fee,562,32.59
IMPROVED_OB_fee,563,32.86
IMPROVED_OB_fee,564,32.25
IMPROVED_OB_fee,565,32.38
IMPROVED_OB_fee,566,32.48
IMPROVED_OB_fee,567,32.36
IMPROVED_OB_fee,568,32.56
IMPROVED_OB_fee,571,32.9
IMPROVED_OB_fee,569,32.61
IMPROVED_OB_fee,570,32.36
IMPROVED_OB_fee,573,32.12
IMPROVED_OB_fee,572,33.01
IMPROVED_OB_fee,574,32.14
IMPROVED_OB_fee,575,32.6
IMPROVED_OB_fee,576,32.93
IMPROVED_OB_fee,577,33.03
IMPROVED_OB_fee,578,32.66
IMPROVED_OB_fee,579,32.87
IMPROVED_OB_fee,580,33.0
IMPROVED_OB_fee,581,32.85
IMPROVED_OB_fee,582,32.21
IMPROVED_OB_fee,583,33.06
IMPROVED_OB_fee,586,32.25
IMPROVED_OB_fee,584,32.39
IMPROVED_OB_fee,587,32.8
IMPROVED_OB_fee,585,32.43
IMPROVED_OB_fee,588,32.15
IMPROVED_OB_fee,589,32.34
IMPROVED_OB_fee,590,32.87
IMPROVED_OB_fee,591,32.29
IMPROVED_OB_fee,594,32.98
IMPROVED_OB_fee,592,32.74
IMPROVED_OB_fee,593,32.63
IMPROVED_OB_fee,595,32.64
IMPROVED_OB_fee,596,32.3
IMPROVED_OB_fee,599,32.74
IMPROVED_OB_fee,598,32.7
IMPROVED_OB_fee,597,32.69
IMPROVED_OB_fee,600,33.27
IMPROVED_OB_fee,601,33.05
IMPROVED_OB_fee,602,32.76
IMPROVED_OB_fee,603,32.45
IMPROVED_OB_fee,604,32.5
IMPROVED_OB_fee,606,32.73
IMPROVED_OB_fee,605,32.91
IMPROVED_OB_fee,607,32.9
IMPROVED_OB_fee,608,32.37
IMPROVED_OB_fee,609,33.28
IMPROVED_OB_fee,611,32.62
IMPROVED_OB_fee,610,31.81
IMPROVED_OB_fee,613,32.55
IMPROVED_OB_fee,612,33.09
IMPROVED_OB_fee,614,32.51
IMPROVED_OB_fee,615,32.31
IMPROVED_OB_fee,616,32.63
IMPROVED_OB_fee,617,32.33
IMPROVED_OB_fee,618,33.0
IMPROVED_OB_fee,619,31.62
IMPROVED_OB_fee,620,32.55
IMPROVED_OB_fee,621,32.34
IMPROVED_OB_fee,622,32.53
IMPROVED_OB_fee,624,32.71
IMPROVED_OB_fee,623,32.48
IMPROVED_OB_fee,625,32.64
IMPROVED_OB_fee,626,32.97
IMPROVED_OB_fee,627,32.82
IMPROVED_OB_fee,628,33.0
IMPROVED_OB_fee,629,32.07
IMPROVED_OB_fee,630,32.45
IMPROVED_OB_fee,631,32.45
IMPROVED_OB_fee,632,32.64
IMPROVED_OB_fee,634,32.13
IMPROVED_OB_fee,633,32.06
IMPROVED_OB_fee,635,32.44
IMPROVED_OB_fee,636,32.84
IMPROVED_OB_fee,638,32.34
IMPROVED_OB_fee,639,32.28
IMPROVED_OB_fee,637,32.3
IMPROVED_OB_fee,640,33.02
IMPROVED_OB_fee,641,32.52
IMPROVED_OB_fee,642,32.48
IMPROVED_OB_fee,643,32.17
IMPROVED_OB_fee,644,32.3
IMPROVED_OB_fee,645,32.43
IMPROVED_OB_fee,646,32.39
IMPROVED_OB_fee,647,32.53
IMPROVED_OB_fee,648,32.62
IMPROVED_OB_fee,652,32.48
IMPROVED_OB_fee,650,32.62
IMPROVED_OB_fee,649,33.09
IMPROVED_OB_fee,651,32.59
IMPROVED_OB_fee,653,32.48
IMPROVED_OB_fee,654,32.39
IMPROVED_OB_fee,655,32.77
IMPROVED_OB_fee,656,32.39
IMPROVED_OB_fee,657,32.61
IMPROVED_OB_fee,658,32.46
IMPROVED_OB_fee,659,32.32
IMPROVED_OB_fee,661,32.98
IMPROVED_OB_fee,660,32.51
IMPROVED_OB_fee,662,32.42
IMPROVED_OB_fee,663,32.4
IMPROVED_OB_fee,665,31.87
IMPROVED_OB_fee,664,32.79
IMPROVED_OB_fee,666,32.99
IMPROVED_OB_fee,667,32.46
IMPROVED_OB_fee,669,32.21
IMPROVED_OB_fee,668,32.82
IMPROVED_OB_fee,670,32.37
IMPROVED_OB_fee,671,32.7
IMPROVED_OB_fee,672,32.36
IMPROVED_OB_fee,674,32.18
IMPROVED_OB_fee,673,31.84
IMPROVED_OB_fee,675,32.65
IMPROVED_OB_fee,678,32.96
IMPROVED_OB_fee,676,32.98
IMPROVED_OB_fee,677,32.61
IMPROVED_OB_fee,679,32.51
IMPROVED_OB_fee,680,32.72
IMPROVED_OB_fee,682,33.01
IMPROVED_OB_fee,681,32.74
IMPROVED_OB_fee,683,33.31
IMPROVED_OB_fee,684,32.55
IMPROVED_OB_fee,685,32.94
IMPROVED_OB_fee,686,32.81
IMPROVED_OB_fee,687,32.59
IMPROVED_OB_fee,688,32.38
IMPROVED_OB_fee,689,32.31
IMPROVED_OB_fee,690,32.62
IMPROVED_OB_fee,691,32.45
IMPROVED_OB_fee,692,32.01
IMPROVED_OB_fee,693,32.37
IMPROVED_OB_fee,694,32.16
IMPROVED_OB_fee,695,32.69
IMPROVED_OB_fee,696,32.22
IMPROVED_OB_fee,697,32.72
IMPROVED_OB_fee,698,32.6
IMPROVED_OB_fee,699,32.94
IMPROVED_OB_fee,700,32.73
IMPROVED_OB_fee,701,32.58
IMPROVED_OB_fee,702,32.54
IMPROVED_OB_fee,703,32.45
IMPROVED_OB_fee,704,32.27
IMPROVED_OB_fee,705,32.79
IMPROVED_OB_fee,706,32.69
IMPROVED_OB_fee,707,32.51
IMPROVED_OB_fee,708,32.58
IMPROVED_OB_fee,710,32.71
IMPROVED_OB_fee,709,32.55
IMPROVED_OB_fee,711,32.83
IMPROVED_OB_fee,712,32.63
IMPROVED_OB_fee,713,32.53
IMPROVED_OB_fee,714,32.27
IMPROVED_OB_fee,716,32.71
IMPROVED_OB_fee,715,33.05
IMPROVED_OB_fee,717,32.33
IMPROVED_OB_fee,718,32.72
IMPROVED_OB_fee,719,32.11
IMPROVED_OB_fee,720,32.69
IMPROVED_OB_fee,721,32.38
IMPROVED_OB_fee,723,32.55
IMPROVED_OB_fee,722,32.39
IMPROVED_OB_fee,724,32.29
IMPROVED_OB_fee,725,32.32
IMPROVED_OB_fee,726,32.48
IMPROVED_OB_fee,727,32.62
IMPROVED_OB_fee,728,32.69
IMPROVED_OB_fee,730,32.22
IMPROVED_OB_fee,729,32.46
IMPROVED_OB_fee,732,32.74
IMPROVED_OB_fee,731,32.04
IMPROVED_OB_fee,733,31.72
IMPROVED_OB_fee,734,32.15
IMPROVED_OB_fee,735,32.51
IMPROVED_OB_fee,736,32.68
IMPROVED_OB_fee,737,32.63
IMPROVED_OB_fee,739,32.63
IMPROVED_OB_fee,738,32.21
IMPROVED_OB_fee,741,32.7
IMPROVED_OB_fee,740,32.19
IMPROVED_OB_fee,742,32.62
IMPROVED_OB_fee,743,32.67
IMPROVED_OB_fee,745,32.58
IMPROVED_OB_fee,744,32.52
IMPROVED_OB_fee,746,32.47
IMPROVED_OB_fee,747,32.3
IMPROVED_OB_fee,748,32.2
IMPROVED_OB_fee,749,32.71
IMPROVED_OB_fee,750,31.95
IMPROVED_OB_fee,751,32.7
IMPROVED_OB_fee,752,32.33
IMPROVED_OB_fee,753,32.34
IMPROVED_OB_fee,754,33.32
IMPROVED_OB_fee,755,32.82
IMPROVED_OB_fee,756,32.12
IMPROVED_OB_fee,758,32.18
IMPROVED_OB_fee,757,32.94
IMPROVED_OB_fee,759,32.82
IMPROVED_OB_fee,760,32.37
IMPROVED_OB_fee,762,32.7
IMPROVED_OB_fee,761,32.52
IMPROVED_OB_fee,763,32.62
IMPROVED_OB_fee,764,32.84
IMPROVED_OB_fee,765,32.53
IMPROVED_OB_fee,766,32.34
IMPROVED_OB_fee,768,32.64
IMPROVED_OB_fee,767,32.93
IMPROVED_OB_fee,769,32.34
IMPROVED_OB_fee,771,32.84
IMPROVED_OB_fee,772,32.64
IMPROVED_OB_fee,770,32.79
IMPROVED_OB_fee,773,32.61
IMPROVED_OB_fee,774,32.73
IMPROVED_OB_fee,776,32.6
IMPROVED_OB_fee,775,32.63
IMPROVED_OB_fee,777,32.12
IMPROVED_OB_fee,778,32.89
IMPROVED_OB_fee,779,32.8
IMPROVED_OB_fee,780,32.38
IMPROVED_OB_fee,781,32.05
IMPROVED_OB_fee,782,32.52
IMPROVED_OB_fee,785,32.17
IMPROVED_OB_fee,783,32.77
IMPROVED_OB_fee,784,32.54
IMPROVED_OB_fee,786,32.62
IMPROVED_OB_fee,787,33.12
IMPROVED_OB_fee,789,32.44
IMPROVED_OB_fee,788,32.64
IMPROVED_OB_fee,791,32.85
IMPROVED_OB_fee,790,32.46
IMPROVED_OB_fee,792,33.04
IMPROVED_OB_fee,793,32.27
IMPROVED_OB_fee,795,32.36
IMPROVED_OB_fee,794,32.09
IMPROVED_OB_fee,796,32.77
IMPROVED_OB_fee,798,32.65
IMPROVED_OB_fee,797,32.87
IMPROVED_OB_fee,799,32.61
IMPROVED_OB_fee,800,33.15
IMPROVED_OB_fee,802,32.74
IMPROVED_OB_fee,801,32.47
IMPROVED_OB_fee,804,32.35
IMPROVED_OB_fee,803,32.42
IMPROVED_OB_fee,805,32.42
IMPROVED_OB_fee,806,32.66
IMPROVED_OB_fee,808,32.96
IMPROVED_OB_fee,807,32.57
IMPROVED_OB_fee,809,32.71
IMPROVED_OB_fee,811,32.64
IMPROVED_OB_fee,810,32.52
IMPROVED_OB_fee,812,32.11
IMPROVED_OB_fee,814,32.25
IMPROVED_OB_fee,813,32.55
IMPROVED_OB_fee,815,32.19
IMPROVED_OB_fee,817,32.12
IMPROVED_OB_fee,816,32.67
IMPROVED_OB_fee,818,32.83
IMPROVED_OB_fee,820,32.77
IMPROVED_OB_fee,819,32.68
IMPROVED_OB_fee,821,32.56
IMPROVED_OB_fee,822,33.19
IMPROVED_OB_fee,823,32.44
IMPROVED_OB_fee,824,32.61
IMPROVED_OB_fee,825,32.1
IMPROVED_OB_fee,826,32.68
IMPROVED_OB_fee,827,32.65
IMPROVED_OB_fee,828,33.26
IMPROVED_OB_fee,830,32.73
IMPROVED_OB_fee,831,32.48
IMPROVED_OB_fee,829,32.64
IMPROVED_OB_fee,833,32.54
IMPROVED_OB_fee,832,33.03
IMPROVED_OB_fee,835,32.93
IMPROVED_OB_fee,834,32.94
IMPROVED_OB_fee,836,32.67
IMPROVED_OB_fee,837,32.65
IMPROVED_OB_fee,838,32.8
IMPROVED_OB_fee,839,32.31
IMPROVED_OB_fee,841,32.0
IMPROVED_OB_fee,840,32.36
IMPROVED_OB_fee,842,32.21
IMPROVED_OB_fee,843,32.54
IMPROVED_OB_fee,844,32.72
IMPROVED_OB_fee,845,32.22
IMPROVED_OB_fee,846,31.96
IMPROVED_OB_fee,847,32.97
IMPROVED_OB_fee,848,32.47
IMPROVED_OB_fee,849,32.75
IMPROVED_OB_fee,850,32.58
IMPROVED_OB_fee,851,33.08
IMPROVED_OB_fee,852,33.05
IMPROVED_OB_fee,854,32.36
IMPROVED_OB_fee,853,32.58
IMPROVED_OB_fee,855,32.57
IMPROVED_OB_fee,856,32.39
IMPROVED_OB_fee,857,32.27
IMPROVED_OB_fee,858,32.61
IMPROVED_OB_fee,859,32.39
IMPROVED_OB_fee,860,32.19
IMPROVED_OB_fee,861,32.4
IMPROVED_OB_fee,862,32.26
IMPROVED_OB_fee,863,32.38
IMPROVED_OB_fee,864,31.99
IMPROVED_OB_fee,865,32.63
IMPROVED_OB_fee,867,32.72
IMPROVED_OB_fee,866,32.6
IMPROVED_OB_fee,868,32.89
IMPROVED_OB_fee,870,32.23
IMPROVED_OB_fee,869,32.48
IMPROVED_OB_fee,871,32.76
IMPROVED_OB_fee,872,32.7
IMPROVED_OB_fee,873,32.35
IMPROVED_OB_fee,874,32.69
IMPROVED_OB_fee,875,32.92
IMPROVED_OB_fee,876,32.2
IMPROVED_OB_fee,877,32.12
IMPROVED_OB_fee,878,32.81
IMPROVED_OB_fee,879,32.22
IMPROVED_OB_fee,880,32.85
IMPROVED_OB_fee,881,32.23
IMPROVED_OB_fee,882,32.92
IMPROVED_OB_fee,883,32.34
IMPROVED_OB_fee,885,32.26
IMPROVED_OB_fee,884,32.49
IMPROVED_OB_fee,886,32.32
IMPROVED_OB_fee,887,32.71
IMPROVED_OB_fee,889,32.88
IMPROVED_OB_fee,888,32.21
IMPROVED_OB_fee,890,32.92
IMPROVED_OB_fee,891,32.68
IMPROVED_OB_fee,892,32.47
IMPROVED_OB_fee,893,32.64
IMPROVED_OB_fee,896,32.47
IMPROVED_OB_fee,895,32.5
IMPROVED_OB_fee,894,32.55
IMPROVED_OB_fee,897,32.15
IMPROVED_OB_fee,898,31.99
IMPROVED_OB_fee,899,32.37
IMPROVED_OB_fee,900,32.97
IMPROVED_OB_fee,901,32.35
IMPROVED_OB_fee,902,32.57
IMPROVED_OB_fee,903,32.56
IMPROVED_OB_fee,904,31.95
IMPROVED_OB_fee,906,32.32
IMPROVED_OB_fee,905,32.98
IMPROVED_OB_fee,909,32.59
IMPROVED_OB_fee,907,32.77
IMPROVED_OB_fee,908,32.4
IMPROVED_OB_fee,910,32.73
IMPROVED_OB_fee,911,32.58
IMPROVED_OB_fee,912,32.66
IMPROVED_OB_fee,913,32.75
IMPROVED_OB_fee,915,32.21
IMPROVED_OB_fee,914,32.52
IMPROVED_OB_fee,916,32.7
IMPROVED_OB_fee,917,32.74
IMPROVED_OB_fee,919,32.43
IMPROVED_OB_fee,918,32.66
IMPROVED_OB_fee,921,32.49
IMPROVED_OB_fee,920,32.57
IMPROVED_OB_fee,922,32.67
IMPROVED_OB_fee,923,32.88
IMPROVED_OB_fee,924,32.18
IMPROVED_OB_fee,925,32.06
IMPROVED_OB_fee,927,33.1
IMPROVED_OB_fee,928,32.69
IMPROVED_OB_fee,926,32.89
IMPROVED_OB_fee,929,32.73
IMPROVED_OB_fee,930,31.99
IMPROVED_OB_fee,932,32.66
IMPROVED_OB_fee,933,32.34
IMPROVED_OB_fee,934,32.52
IMPROVED_OB_fee,931,32.46
IMPROVED_OB_fee,936,32.93
IMPROVED_OB_fee,935,32.91
IMPROVED_OB_fee,937,32.91
IMPROVED_OB_fee,938,32.73
IMPROVED_OB_fee,940,32.69
IMPROVED_OB_fee,939,32.42
IMPROVED_OB_fee,941,32.53
IMPROVED_OB_fee,942,32.65
IMPROVED_OB_fee,943,32.75
IMPROVED_OB_fee,944,32.7
IMPROVED_OB_fee,946,32.55
IMPROVED_OB_fee,945,32.47
IMPROVED_OB_fee,947,32.86
IMPROVED_OB_fee,948,32.6
IMPROVED_OB_fee,949,32.52
IMPROVED_OB_fee,950,32.46
IMPROVED_OB_fee,951,32.89
IMPROVED_OB_fee,952,32.63
IMPROVED_OB_fee,953,32.52
IMPROVED_OB_fee,954,32.2
IMPROVED_OB_fee,955,33.03
IMPROVED_OB_fee,957,32.8
IMPROVED_OB_fee,956,32.66
IMPROVED_OB_fee,959,32.81
IMPROVED_OB_fee,958,32.54
IMPROVED_OB_fee,960,32.6
IMPROVED_OB_fee,962,32.48
IMPROVED_OB_fee,961,32.74
IMPROVED_OB_fee,963,32.2
IMPROVED_OB_fee,964,32.52
IMPROVED_OB_fee,966,32.68
IMPROVED_OB_fee,965,32.54
IMPROVED_OB_fee,967,32.75
IMPROVED_OB_fee,968,32.9
IMPROVED_OB_fee,969,32.19
IMPROVED_OB_fee,970,32.6
IMPROVED_OB_fee,971,32.7
IMPROVED_OB_fee,973,32.98
IMPROVED_OB_fee,972,32.81
IMPROVED_OB_fee,976,32.79
IMPROVED_OB_fee,974,32.22
IMPROVED_OB_fee,975,32.56
IMPROVED_OB_fee,978,32.54
IMPROVED_OB_fee,977,32.51
IMPROVED_OB_fee,979,32.26
IMPROVED_OB_fee,980,32.62
IMPROVED_OB_fee,981,32.02
IMPROVED_OB_fee,982,32.76
IMPROVED_OB_fee,983,31.86
IMPROVED_OB_fee,984,32.64
IMPROVED_OB_fee,986,32.21
IMPROVED_OB_fee,985,32.2
IMPROVED_OB_fee,987,32.36
IMPROVED_OB_fee,989,32.65
IMPROVED_OB_fee,988,32.51
IMPROVED_OB_fee,991,32.33
IMPROVED_OB_fee,990,32.59
IMPROVED_OB_fee,992,32.47
IMPROVED_OB_fee,993,32.69
IMPROVED_OB_fee,994,32.59
IMPROVED_OB_fee,996,32.79
IMPROVED_OB_fee,995,32.38
IMPROVED_OB_fee,998,32.48
IMPROVED_OB_fee,997,32.27
IMPROVED_OB_fee,999,32.61
